bot_id,bot_name,strategy,base_bet,starting_pool,table_max,rounds_played,rounds_capped,final_playing_pool,final_winnings,final_total,net_profit
1,Ellie Brooks,flat,100.0,100000.0,50000.0,1953,0,0.0,95300.0,95300.0,-4700.0
2,Jordan Payne,flat,100.0,100000.0,50000.0,1901,0,0.0,90100.0,90100.0,-9900.0
3,London Holloway,flat,100.0,100000.0,50000.0,2015,0,0.0,101500.0,101500.0,1500.0
4,Sutton Sanders,flat,100.0,100000.0,50000.0,1993,0,0.0,99300.0,99300.0,-700.0
5,Everleigh Dominguez,flat,100.0,100000.0,50000.0,1977,0,0.0,97700.0,97700.0,-2300.0
6,Kaden Castaneda,flat,100.0,100000.0,50000.0,1898,0,0.0,89800.0,89800.0,-10200.0
7,Keira Palacios,flat,100.0,100000.0,50000.0,1988,0,0.0,98800.0,98800.0,-1200.0
8,Thaddeus Pratt,flat,100.0,100000.0,50000.0,1976,0,0.0,97600.0,97600.0,-2400.0
9,Ailani Rogers,flat,100.0,100000.0,50000.0,1884,0,0.0,88400.0,88400.0,-11600.0
10,Colton Ramos,flat,100.0,100000.0,50000.0,1945,0,0.0,94500.0,94500.0,-5500.0
11,Alice Hull,flat,100.0,100000.0,50000.0,1988,0,0.0,98800.0,98800.0,-1200.0
12,Salem Jenkins,flat,100.0,100000.0,50000.0,1927,0,0.0,92700.0,92700.0,-7300.0
13,Rylee Farmer,flat,100.0,100000.0,50000.0,1913,0,0.0,91300.0,91300.0,-8700.0
14,Jamison Galvan,flat,100.0,100000.0,50000.0,1964,0,0.0,96400.0,96400.0,-3600.0
15,Dallas Steele,flat,100.0,100000.0,50000.0,1948,0,0.0,94800.0,94800.0,-5200.0
16,Elian Ortega,flat,100.0,100000.0,50000.0,1963,0,0.0,96300.0,96300.0,-3700.0
17,Lilah Lowery,flat,100.0,100000.0,50000.0,1937,0,0.0,93700.0,93700.0,-6300.0
18,Jaxxon Estrada,flat,100.0,100000.0,50000.0,1926,0,0.0,92600.0,92600.0,-7400.0
19,Sawyer Morrison,flat,100.0,100000.0,50000.0,1899,0,0.0,89900.0,89900.0,-10100.0
20,Maximus Wiggins,flat,100.0,100000.0,50000.0,1917,0,0.0,91700.0,91700.0,-8300.0
21,Capri Dalton,flat,100.0,100000.0,50000.0,1964,0,0.0,96400.0,96400.0,-3600.0
22,Fletcher Mann,flat,100.0,100000.0,50000.0,1917,0,0.0,91700.0,91700.0,-8300.0
23,Paislee McGuire,flat,100.0,100000.0,50000.0,1969,0,0.0,96900.0,96900.0,-3100.0
24,Casey Combs,flat,100.0,100000.0,50000.0,1951,0,0.0,95100.0,95100.0,-4900.0
25,Irene Wagner,flat,100.0,100000.0,50000.0,1929,0,0.0,92900.0,92900.0,-7100.0
26,Enzo McFarland,flat,100.0,100000.0,50000.0,2013,0,0.0,101300.0,101300.0,1300.0
27,Annika Deleon,flat,100.0,100000.0,50000.0,1975,0,0.0,97500.0,97500.0,-2500.0
28,Nasir Pineda,flat,100.0,100000.0,50000.0,1965,0,0.0,96500.0,96500.0,-3500.0
29,Nola Whitehead,flat,100.0,100000.0,50000.0,1937,0,0.0,93700.0,93700.0,-6300.0
30,Zayd Hancock,flat,100.0,100000.0,50000.0,1971,0,0.0,97100.0,97100.0,-2900.0
31,Katelyn Christian,flat,100.0,100000.0,50000.0,2007,0,0.0,100700.0,100700.0,700.0
32,Ledger Solomon,flat,100.0,100000.0,50000.0,1959,0,0.0,95900.0,95900.0,-4100.0
33,Mylah Shelton,flat,100.0,100000.0,50000.0,1947,0,0.0,94700.0,94700.0,-5300.0
34,Leonel Rosas,flat,100.0,100000.0,50000.0,1908,0,0.0,90800.0,90800.0,-9200.0
35,Joelle Patel,flat,100.0,100000.0,50000.0,2011,0,0.0,101100.0,101100.0,1100.0
36,Parker Black,flat,100.0,100000.0,50000.0,1989,0,0.0,98900.0,98900.0,-1100.0
37,Molly Hobbs,flat,100.0,100000.0,50000.0,2014,0,0.0,101400.0,101400.0,1400.0
38,Brendan McCoy,flat,100.0,100000.0,50000.0,1918,0,0.0,91800.0,91800.0,-8200.0
39,Mckenzie Chavez,flat,100.0,100000.0,50000.0,1945,0,0.0,94500.0,94500.0,-5500.0
40,Ian Schmitt,flat,100.0,100000.0,50000.0,2000,0,0.0,100000.0,100000.0,0.0
41,Queen Ho,flat,100.0,100000.0,50000.0,1887,0,0.0,88700.0,88700.0,-11300.0
42,Morgan Orozco,flat,100.0,100000.0,50000.0,1981,0,0.0,98100.0,98100.0,-1900.0
43,Renata Marin,flat,100.0,100000.0,50000.0,2010,0,0.0,101000.0,101000.0,1000.0
44,Aldo Turner,flat,100.0,100000.0,50000.0,1871,0,0.0,87100.0,87100.0,-12900.0
45,Brooklyn Foster,flat,100.0,100000.0,50000.0,1925,0,0.0,92500.0,92500.0,-7500.0
46,Kayden Ochoa,flat,100.0,100000.0,50000.0,1839,0,0.0,83900.0,83900.0,-16100.0
47,Luciana Rush,flat,100.0,100000.0,50000.0,2000,0,0.0,100000.0,100000.0,0.0
48,Kaiser Burton,flat,100.0,100000.0,50000.0,1902,0,0.0,90200.0,90200.0,-9800.0
49,Miriam Yoder,flat,100.0,100000.0,50000.0,1952,0,0.0,95200.0,95200.0,-4800.0
50,Johan Townsend,flat,100.0,100000.0,50000.0,2014,0,0.0,101400.0,101400.0,1400.0
51,Azalea York,flat,100.0,100000.0,50000.0,1944,0,0.0,94400.0,94400.0,-5600.0
52,Leandro Snow,flat,100.0,100000.0,50000.0,1898,0,0.0,89800.0,89800.0,-10200.0
53,Alexia Roberson,flat,100.0,100000.0,50000.0,1941,0,0.0,94100.0,94100.0,-5900.0
54,Shepherd Lucero,flat,100.0,100000.0,50000.0,1922,0,0.0,92200.0,92200.0,-7800.0
55,Ila Wade,flat,100.0,100000.0,50000.0,1937,0,0.0,93700.0,93700.0,-6300.0
56,Jake Larsen,flat,100.0,100000.0,50000.0,2020,0,0.0,102000.0,102000.0,2000.0
57,Xiomara Hendrix,flat,100.0,100000.0,50000.0,2007,0,0.0,100700.0,100700.0,700.0
58,Korbyn Fuentes,flat,100.0,100000.0,50000.0,2002,0,0.0,100200.0,100200.0,200.0
59,Madeleine Burke,flat,100.0,100000.0,50000.0,1940,0,0.0,94000.0,94000.0,-6000.0
60,Jax Fernandez,flat,100.0,100000.0,50000.0,2061,0,0.0,106100.0,106100.0,6100.0
61,Amara Alexander,flat,100.0,100000.0,50000.0,1936,0,0.0,93600.0,93600.0,-6400.0
62,Kingston Jordan,flat,100.0,100000.0,50000.0,1992,0,0.0,99200.0,99200.0,-800.0
63,Adalynn Magana,flat,100.0,100000.0,50000.0,1880,0,0.0,88000.0,88000.0,-12000.0
64,Rey Truong,flat,100.0,100000.0,50000.0,1957,0,0.0,95700.0,95700.0,-4300.0
65,Judith King,flat,100.0,100000.0,50000.0,1955,0,0.0,95500.0,95500.0,-4500.0
66,Julian Stark,flat,100.0,100000.0,50000.0,1936,0,0.0,93600.0,93600.0,-6400.0
67,Kamilah Bryan,flat,100.0,100000.0,50000.0,1885,0,0.0,88500.0,88500.0,-11500.0
68,Jaxtyn Rodgers,flat,100.0,100000.0,50000.0,1879,0,0.0,87900.0,87900.0,-12100.0
69,Selah Stone,flat,100.0,100000.0,50000.0,1957,0,0.0,95700.0,95700.0,-4300.0
70,Finn Francis,flat,100.0,100000.0,50000.0,2013,0,0.0,101300.0,101300.0,1300.0
71,Daniella Dillon,flat,100.0,100000.0,50000.0,1937,0,0.0,93700.0,93700.0,-6300.0
72,Alvin Nicholson,flat,100.0,100000.0,50000.0,1886,0,0.0,88600.0,88600.0,-11400.0
73,Justice Richard,flat,100.0,100000.0,50000.0,1949,0,0.0,94900.0,94900.0,-5100.0
74,Ahmed Manning,flat,100.0,100000.0,50000.0,1908,0,0.0,90800.0,90800.0,-9200.0
75,Jennifer Levy,flat,100.0,100000.0,50000.0,1966,0,0.0,96600.0,96600.0,-3400.0
76,Harold Welch,flat,100.0,100000.0,50000.0,1936,0,0.0,93600.0,93600.0,-6400.0
77,Amira Boyer,flat,100.0,100000.0,50000.0,1951,0,0.0,95100.0,95100.0,-4900.0
78,Zeke Fox,flat,100.0,100000.0,50000.0,1987,0,0.0,98700.0,98700.0,-1300.0
79,Juliette Spence,flat,100.0,100000.0,50000.0,1947,0,0.0,94700.0,94700.0,-5300.0
80,Cillian Lamb,flat,100.0,100000.0,50000.0,1985,0,0.0,98500.0,98500.0,-1500.0
81,Amaia Farrell,flat,100.0,100000.0,50000.0,1937,0,0.0,93700.0,93700.0,-6300.0
82,Ty Hess,flat,100.0,100000.0,50000.0,1944,0,0.0,94400.0,94400.0,-5600.0
83,Kaliyah Burke,flat,100.0,100000.0,50000.0,1881,0,0.0,88100.0,88100.0,-11900.0
84,Jax Huff,flat,100.0,100000.0,50000.0,1938,0,0.0,93800.0,93800.0,-6200.0
85,Karsyn Dennis,flat,100.0,100000.0,50000.0,1993,0,0.0,99300.0,99300.0,-700.0
86,Emanuel Howard,flat,100.0,100000.0,50000.0,1955,0,0.0,95500.0,95500.0,-4500.0
87,Sophie Evans,flat,100.0,100000.0,50000.0,1928,0,0.0,92800.0,92800.0,-7200.0
88,Elias Kerr,flat,100.0,100000.0,50000.0,1970,0,0.0,97000.0,97000.0,-3000.0
89,Baylee Carr,flat,100.0,100000.0,50000.0,1930,0,0.0,93000.0,93000.0,-7000.0
90,Kash Rodgers,flat,100.0,100000.0,50000.0,2061,0,0.0,106100.0,106100.0,6100.0
91,Selah Hogan,flat,100.0,100000.0,50000.0,1980,0,0.0,98000.0,98000.0,-2000.0
92,Sonny Underwood,flat,100.0,100000.0,50000.0,1919,0,0.0,91900.0,91900.0,-8100.0
93,Ensley Blankenship,flat,100.0,100000.0,50000.0,1986,0,0.0,98600.0,98600.0,-1400.0
94,Ernesto Barrett,flat,100.0,100000.0,50000.0,1939,0,0.0,93900.0,93900.0,-6100.0
95,Kendall Johns,flat,100.0,100000.0,50000.0,1968,0,0.0,96800.0,96800.0,-3200.0
96,Joziah Simon,flat,100.0,100000.0,50000.0,1942,0,0.0,94200.0,94200.0,-5800.0
97,Kalani Mullen,flat,100.0,100000.0,50000.0,1889,0,0.0,88900.0,88900.0,-11100.0
98,Shepard Lang,flat,100.0,100000.0,50000.0,1950,0,0.0,95000.0,95000.0,-5000.0
99,Amirah Velazquez,flat,100.0,100000.0,50000.0,1950,0,0.0,95000.0,95000.0,-5000.0
100,Drew McPherson,flat,100.0,100000.0,50000.0,1967,0,0.0,96700.0,96700.0,-3300.0
101,Emmaline Andrade,flat,100.0,100000.0,50000.0,1951,0,0.0,95100.0,95100.0,-4900.0
102,Abdiel Fowler,flat,100.0,100000.0,50000.0,1943,0,0.0,94300.0,94300.0,-5700.0
103,Lennon Vega,flat,100.0,100000.0,50000.0,1925,0,0.0,92500.0,92500.0,-7500.0
104,Aidan Lynn,flat,100.0,100000.0,50000.0,1942,0,0.0,94200.0,94200.0,-5800.0
105,Samira Carson,flat,100.0,100000.0,50000.0,1928,0,0.0,92800.0,92800.0,-7200.0
106,Ares Hudson,flat,100.0,100000.0,50000.0,1988,0,0.0,98800.0,98800.0,-1200.0
107,Kamila Frost,flat,100.0,100000.0,50000.0,1963,0,0.0,96300.0,96300.0,-3700.0
108,Dario Berger,flat,100.0,100000.0,50000.0,1917,0,0.0,91700.0,91700.0,-8300.0
109,Laylah Berry,flat,100.0,100000.0,50000.0,2118,0,0.0,111800.0,111800.0,11800.0
110,Adonis Marquez,flat,100.0,100000.0,50000.0,1900,0,0.0,90000.0,90000.0,-10000.0
111,Milani Lucero,flat,100.0,100000.0,50000.0,1908,0,0.0,90800.0,90800.0,-9200.0
112,Felipe Holt,flat,100.0,100000.0,50000.0,1953,0,0.0,95300.0,95300.0,-4700.0
113,Adelynn Yoder,flat,100.0,100000.0,50000.0,2035,0,0.0,103500.0,103500.0,3500.0
114,Johan Briggs,flat,100.0,100000.0,50000.0,1986,0,0.0,98600.0,98600.0,-1400.0
115,Alia Campos,flat,100.0,100000.0,50000.0,1946,0,0.0,94600.0,94600.0,-5400.0
116,Gideon Simmons,flat,100.0,100000.0,50000.0,1902,0,0.0,90200.0,90200.0,-9800.0
117,Reagan Palacios,flat,100.0,100000.0,50000.0,1971,0,0.0,97100.0,97100.0,-2900.0
118,Thaddeus Melton,flat,100.0,100000.0,50000.0,1912,0,0.0,91200.0,91200.0,-8800.0
119,Kamiyah Harrington,flat,100.0,100000.0,50000.0,1915,0,0.0,91500.0,91500.0,-8500.0
120,Omari Avalos,flat,100.0,100000.0,50000.0,1879,0,0.0,87900.0,87900.0,-12100.0
121,Paloma O’Connor,flat,100.0,100000.0,50000.0,1899,0,0.0,89900.0,89900.0,-10100.0
122,Princeton Wu,flat,100.0,100000.0,50000.0,1980,0,0.0,98000.0,98000.0,-2000.0
123,Liana Rios,flat,100.0,100000.0,50000.0,2010,0,0.0,101000.0,101000.0,1000.0
124,Israel Skinner,flat,100.0,100000.0,50000.0,1939,0,0.0,93900.0,93900.0,-6100.0
125,Mara Hobbs,flat,100.0,100000.0,50000.0,1948,0,0.0,94800.0,94800.0,-5200.0
126,Brendan Huff,flat,100.0,100000.0,50000.0,1942,0,0.0,94200.0,94200.0,-5800.0
127,Karsyn Ho,flat,100.0,100000.0,50000.0,1984,0,0.0,98400.0,98400.0,-1600.0
128,Morgan Best,flat,100.0,100000.0,50000.0,1941,0,0.0,94100.0,94100.0,-5900.0
129,Lexie Daugherty,flat,100.0,100000.0,50000.0,2051,0,0.0,105100.0,105100.0,5100.0
130,Turner Miles,flat,100.0,100000.0,50000.0,1919,0,0.0,91900.0,91900.0,-8100.0
131,Alessandra Benjamin,flat,100.0,100000.0,50000.0,1885,0,0.0,88500.0,88500.0,-11500.0
132,Kyro Stuart,flat,100.0,100000.0,50000.0,1955,0,0.0,95500.0,95500.0,-4500.0
133,Stormi Cooper,flat,100.0,100000.0,50000.0,1943,0,0.0,94300.0,94300.0,-5700.0
134,Jonathan Shelton,flat,100.0,100000.0,50000.0,1954,0,0.0,95400.0,95400.0,-4600.0
135,Makenzie Arroyo,flat,100.0,100000.0,50000.0,1996,0,0.0,99600.0,99600.0,-400.0
136,Alberto Abbott,flat,100.0,100000.0,50000.0,1971,0,0.0,97100.0,97100.0,-2900.0
137,Melany Lim,flat,100.0,100000.0,50000.0,1925,0,0.0,92500.0,92500.0,-7500.0
138,Cal Gordon,flat,100.0,100000.0,50000.0,1894,0,0.0,89400.0,89400.0,-10600.0
139,Taylor Schwartz,flat,100.0,100000.0,50000.0,1931,0,0.0,93100.0,93100.0,-6900.0
140,Edwin McMillan,flat,100.0,100000.0,50000.0,1983,0,0.0,98300.0,98300.0,-1700.0
141,Oakleigh Gallagher,flat,100.0,100000.0,50000.0,1891,0,0.0,89100.0,89100.0,-10900.0
142,Marcos Wu,flat,100.0,100000.0,50000.0,1896,0,0.0,89600.0,89600.0,-10400.0
143,Liana Best,flat,100.0,100000.0,50000.0,1926,0,0.0,92600.0,92600.0,-7400.0
144,Harlem Whitney,flat,100.0,100000.0,50000.0,1913,0,0.0,91300.0,91300.0,-8700.0
145,Madalynn Stone,flat,100.0,100000.0,50000.0,2019,0,0.0,101900.0,101900.0,1900.0
146,Finn Howard,flat,100.0,100000.0,50000.0,1905,0,0.0,90500.0,90500.0,-9500.0
147,Sophie Terry,flat,100.0,100000.0,50000.0,1969,0,0.0,96900.0,96900.0,-3100.0
148,Armani Simpson,flat,100.0,100000.0,50000.0,1947,0,0.0,94700.0,94700.0,-5300.0
149,Anastasia Valencia,flat,100.0,100000.0,50000.0,1996,0,0.0,99600.0,99600.0,-400.0
150,Dax Truong,flat,100.0,100000.0,50000.0,1949,0,0.0,94900.0,94900.0,-5100.0
151,Judith Smith,flat,100.0,100000.0,50000.0,1884,0,0.0,88400.0,88400.0,-11600.0
152,Liam Riley,flat,100.0,100000.0,50000.0,1942,0,0.0,94200.0,94200.0,-5800.0
153,Kayla Patel,flat,100.0,100000.0,50000.0,1996,0,0.0,99600.0,99600.0,-400.0
154,Parker Santiago,flat,100.0,100000.0,50000.0,1967,0,0.0,96700.0,96700.0,-3300.0
155,Nyla Hall,flat,100.0,100000.0,50000.0,1996,0,0.0,99600.0,99600.0,-400.0
156,Thomas Hendrix,flat,100.0,100000.0,50000.0,2016,0,0.0,101600.0,101600.0,1600.0
157,Zhuri Greer,flat,100.0,100000.0,50000.0,1904,0,0.0,90400.0,90400.0,-9600.0
158,Koda English,flat,100.0,100000.0,50000.0,1992,0,0.0,99200.0,99200.0,-800.0
159,Kelly Leonard,flat,100.0,100000.0,50000.0,2003,0,0.0,100300.0,100300.0,300.0
160,Ricardo Cannon,flat,100.0,100000.0,50000.0,2007,0,0.0,100700.0,100700.0,700.0
161,Noa McCann,flat,100.0,100000.0,50000.0,1899,0,0.0,89900.0,89900.0,-10100.0
162,Heath Alvarado,flat,100.0,100000.0,50000.0,1953,0,0.0,95300.0,95300.0,-4700.0
163,Blake Kerr,flat,100.0,100000.0,50000.0,1997,0,0.0,99700.0,99700.0,-300.0
164,Louie O’Neal,flat,100.0,100000.0,50000.0,1910,0,0.0,91000.0,91000.0,-9000.0
165,Treasure Zamora,flat,100.0,100000.0,50000.0,1998,0,0.0,99800.0,99800.0,-200.0
166,Quentin Ray,flat,100.0,100000.0,50000.0,1919,0,0.0,91900.0,91900.0,-8100.0
167,Ruth Alfaro,flat,100.0,100000.0,50000.0,1987,0,0.0,98700.0,98700.0,-1300.0
168,Xzavier Barrera,flat,100.0,100000.0,50000.0,1952,0,0.0,95200.0,95200.0,-4800.0
169,Beatrice Sexton,flat,100.0,100000.0,50000.0,2010,0,0.0,101000.0,101000.0,1000.0
170,Mylo Walton,flat,100.0,100000.0,50000.0,1872,0,0.0,87200.0,87200.0,-12800.0
171,Scarlet O’Donnell,flat,100.0,100000.0,50000.0,1984,0,0.0,98400.0,98400.0,-1600.0
172,Lian Lowe,flat,100.0,100000.0,50000.0,1985,0,0.0,98500.0,98500.0,-1500.0
173,Amari Wyatt,flat,100.0,100000.0,50000.0,1936,0,0.0,93600.0,93600.0,-6400.0
174,Sam Hampton,flat,100.0,100000.0,50000.0,1922,0,0.0,92200.0,92200.0,-7800.0
175,Leona Reese,flat,100.0,100000.0,50000.0,1896,0,0.0,89600.0,89600.0,-10400.0
176,Alijah Parra,flat,100.0,100000.0,50000.0,1987,0,0.0,98700.0,98700.0,-1300.0
177,Dalary Lawrence,flat,100.0,100000.0,50000.0,1947,0,0.0,94700.0,94700.0,-5300.0
178,Kaleb Conrad,flat,100.0,100000.0,50000.0,1923,0,0.0,92300.0,92300.0,-7700.0
179,Bexley Gonzales,flat,100.0,100000.0,50000.0,1885,0,0.0,88500.0,88500.0,-11500.0
180,Brayden Bentley,flat,100.0,100000.0,50000.0,1917,0,0.0,91700.0,91700.0,-8300.0
181,Jaylin Maldonado,flat,100.0,100000.0,50000.0,1984,0,0.0,98400.0,98400.0,-1600.0
182,Javier Ellison,flat,100.0,100000.0,50000.0,1924,0,0.0,92400.0,92400.0,-7600.0
183,Raina Greene,flat,100.0,100000.0,50000.0,1982,0,0.0,98200.0,98200.0,-1800.0
184,Griffin Robbins,flat,100.0,100000.0,50000.0,1923,0,0.0,92300.0,92300.0,-7700.0
185,Stevie McCall,flat,100.0,100000.0,50000.0,1955,0,0.0,95500.0,95500.0,-4500.0
186,Kiaan Kelly,flat,100.0,100000.0,50000.0,1926,0,0.0,92600.0,92600.0,-7400.0
187,Ruby McDowell,flat,100.0,100000.0,50000.0,1962,0,0.0,96200.0,96200.0,-3800.0
188,Lachlan Callahan,flat,100.0,100000.0,50000.0,1981,0,0.0,98100.0,98100.0,-1900.0
189,Kimber Vu,flat,100.0,100000.0,50000.0,1906,0,0.0,90600.0,90600.0,-9400.0
190,Kamdyn Barton,flat,100.0,100000.0,50000.0,1919,0,0.0,91900.0,91900.0,-8100.0
191,Danna Lloyd,flat,100.0,100000.0,50000.0,2003,0,0.0,100300.0,100300.0,300.0
192,Zaire Cook,flat,100.0,100000.0,50000.0,1885,0,0.0,88500.0,88500.0,-11500.0
193,Aaliyah Brewer,flat,100.0,100000.0,50000.0,1938,0,0.0,93800.0,93800.0,-6200.0
194,Cruz Woodard,flat,100.0,100000.0,50000.0,2009,0,0.0,100900.0,100900.0,900.0
195,Aubrie Barr,flat,100.0,100000.0,50000.0,1949,0,0.0,94900.0,94900.0,-5100.0
196,Harley O’Connor,flat,100.0,100000.0,50000.0,1905,0,0.0,90500.0,90500.0,-9500.0
197,Charli Tucker,flat,100.0,100000.0,50000.0,1973,0,0.0,97300.0,97300.0,-2700.0
198,Ivan Benton,flat,100.0,100000.0,50000.0,1864,0,0.0,86400.0,86400.0,-13600.0
199,Anais Ortiz,flat,100.0,100000.0,50000.0,1912,0,0.0,91200.0,91200.0,-8800.0
200,Landon Shields,flat,100.0,100000.0,50000.0,1965,0,0.0,96500.0,96500.0,-3500.0
201,Analia Marshall,flat,100.0,100000.0,50000.0,2039,0,0.0,103900.0,103900.0,3900.0
202,Kaiden Lucas,flat,100.0,100000.0,50000.0,2004,0,0.0,100400.0,100400.0,400.0
203,Phoenix King,flat,100.0,100000.0,50000.0,1931,0,0.0,93100.0,93100.0,-6900.0
204,Julian Foley,flat,100.0,100000.0,50000.0,1935,0,0.0,93500.0,93500.0,-6500.0
205,Zaylee Leach,flat,100.0,100000.0,50000.0,1956,0,0.0,95600.0,95600.0,-4400.0
206,Westin Mathis,flat,100.0,100000.0,50000.0,1894,0,0.0,89400.0,89400.0,-10600.0
207,Anne Walker,flat,100.0,100000.0,50000.0,2000,0,0.0,100000.0,100000.0,0.0
208,Luke Cervantes,flat,100.0,100000.0,50000.0,1906,0,0.0,90600.0,90600.0,-9400.0
209,Aylin Villalobos,flat,100.0,100000.0,50000.0,1902,0,0.0,90200.0,90200.0,-9800.0
210,Reuben Mendez,flat,100.0,100000.0,50000.0,1885,0,0.0,88500.0,88500.0,-11500.0
211,Londyn Galindo,flat,100.0,100000.0,50000.0,1953,0,0.0,95300.0,95300.0,-4700.0
212,Salvatore Phelps,flat,100.0,100000.0,50000.0,1949,0,0.0,94900.0,94900.0,-5100.0
213,Laney Jacobs,flat,100.0,100000.0,50000.0,2050,0,0.0,105000.0,105000.0,5000.0
214,Bryan Jensen,flat,100.0,100000.0,50000.0,1955,0,0.0,95500.0,95500.0,-4500.0
215,Jane Conley,flat,100.0,100000.0,50000.0,1941,0,0.0,94100.0,94100.0,-5900.0
216,Marvin Gordon,flat,100.0,100000.0,50000.0,1946,0,0.0,94600.0,94600.0,-5400.0
217,Taylor Huff,flat,100.0,100000.0,50000.0,1992,0,0.0,99200.0,99200.0,-800.0
218,Finnley Cano,flat,100.0,100000.0,50000.0,1995,0,0.0,99500.0,99500.0,-500.0
219,Egypt Travis,flat,100.0,100000.0,50000.0,1941,0,0.0,94100.0,94100.0,-5900.0
220,Willie Gilbert,flat,100.0,100000.0,50000.0,1973,0,0.0,97300.0,97300.0,-2700.0
221,Jocelyn Gibbs,flat,100.0,100000.0,50000.0,1944,0,0.0,94400.0,94400.0,-5600.0
222,Deacon Felix,flat,100.0,100000.0,50000.0,1983,0,0.0,98300.0,98300.0,-1700.0
223,Paisleigh Stone,flat,100.0,100000.0,50000.0,1889,0,0.0,88900.0,88900.0,-11100.0
224,Finn Mann,flat,100.0,100000.0,50000.0,1944,0,0.0,94400.0,94400.0,-5600.0
225,Paislee Mendez,flat,100.0,100000.0,50000.0,1913,0,0.0,91300.0,91300.0,-8700.0
226,Arthur Avalos,flat,100.0,100000.0,50000.0,1934,0,0.0,93400.0,93400.0,-6600.0
227,Paloma Carroll,flat,100.0,100000.0,50000.0,1921,0,0.0,92100.0,92100.0,-7900.0
228,Oscar Hughes,flat,100.0,100000.0,50000.0,1889,0,0.0,88900.0,88900.0,-11100.0
229,Samantha Munoz,flat,100.0,100000.0,50000.0,1899,0,0.0,89900.0,89900.0,-10100.0
230,Justin Bonilla,flat,100.0,100000.0,50000.0,2026,0,0.0,102600.0,102600.0,2600.0
231,Romina Lozano,flat,100.0,100000.0,50000.0,1957,0,0.0,95700.0,95700.0,-4300.0
232,Boone Cardenas,flat,100.0,100000.0,50000.0,2023,0,0.0,102300.0,102300.0,2300.0
233,Raven Hobbs,flat,100.0,100000.0,50000.0,1936,0,0.0,93600.0,93600.0,-6400.0
234,Brendan Lopez,flat,100.0,100000.0,50000.0,1929,0,0.0,92900.0,92900.0,-7100.0
235,Gianna Gaines,flat,100.0,100000.0,50000.0,1924,0,0.0,92400.0,92400.0,-7600.0
236,Talon Shannon,flat,100.0,100000.0,50000.0,1988,0,0.0,98800.0,98800.0,-1200.0
237,Harlee Pena,flat,100.0,100000.0,50000.0,1974,0,0.0,97400.0,97400.0,-2600.0
238,Marcus Stuart,flat,100.0,100000.0,50000.0,1865,0,0.0,86500.0,86500.0,-13500.0
239,Stormi Pope,flat,100.0,100000.0,50000.0,1912,0,0.0,91200.0,91200.0,-8800.0
240,Gunnar Figueroa,flat,100.0,100000.0,50000.0,1934,0,0.0,93400.0,93400.0,-6600.0
241,Lilith Cantu,flat,100.0,100000.0,50000.0,1935,0,0.0,93500.0,93500.0,-6500.0
242,Anakin Daniel,flat,100.0,100000.0,50000.0,1963,0,0.0,96300.0,96300.0,-3700.0
243,Joy Lawrence,flat,100.0,100000.0,50000.0,1911,0,0.0,91100.0,91100.0,-8900.0
244,Kaleb Lowe,flat,100.0,100000.0,50000.0,2041,0,0.0,104100.0,104100.0,4100.0
245,Amari Frost,flat,100.0,100000.0,50000.0,1913,0,0.0,91300.0,91300.0,-8700.0
246,Dario Ashley,flat,100.0,100000.0,50000.0,1968,0,0.0,96800.0,96800.0,-3200.0
247,Khalani Hammond,flat,100.0,100000.0,50000.0,2019,0,0.0,101900.0,101900.0,1900.0
248,Francis Fitzpatrick,flat,100.0,100000.0,50000.0,1951,0,0.0,95100.0,95100.0,-4900.0
249,Annabella Sharp,flat,100.0,100000.0,50000.0,1955,0,0.0,95500.0,95500.0,-4500.0
250,Royce Berry,flat,100.0,100000.0,50000.0,1975,0,0.0,97500.0,97500.0,-2500.0
251,Annabelle Shelton,flat,100.0,100000.0,50000.0,1942,0,0.0,94200.0,94200.0,-5800.0
252,Leonel Rasmussen,flat,100.0,100000.0,50000.0,1957,0,0.0,95700.0,95700.0,-4300.0
253,Esperanza Lara,flat,100.0,100000.0,50000.0,1914,0,0.0,91400.0,91400.0,-8600.0
254,Caiden Tucker,flat,100.0,100000.0,50000.0,1895,0,0.0,89500.0,89500.0,-10500.0
255,Esther Crosby,flat,100.0,100000.0,50000.0,1934,0,0.0,93400.0,93400.0,-6600.0
256,Tristen Roy,flat,100.0,100000.0,50000.0,1972,0,0.0,97200.0,97200.0,-2800.0
257,Savanna Stone,flat,100.0,100000.0,50000.0,1990,0,0.0,99000.0,99000.0,-1000.0
258,Finn Spears,flat,100.0,100000.0,50000.0,1912,0,0.0,91200.0,91200.0,-8800.0
259,Isabela Garcia,flat,100.0,100000.0,50000.0,1878,0,0.0,87800.0,87800.0,-12200.0
260,James Arellano,flat,100.0,100000.0,50000.0,1941,0,0.0,94100.0,94100.0,-5900.0
261,Faye Daugherty,flat,100.0,100000.0,50000.0,1885,0,0.0,88500.0,88500.0,-11500.0
262,Turner Gomez,flat,100.0,100000.0,50000.0,1975,0,0.0,97500.0,97500.0,-2500.0
263,Natalie Phelps,flat,100.0,100000.0,50000.0,1912,0,0.0,91200.0,91200.0,-8800.0
264,Hamza Hendrix,flat,100.0,100000.0,50000.0,1877,0,0.0,87700.0,87700.0,-12300.0
265,Zhuri Gallagher,flat,100.0,100000.0,50000.0,1877,0,0.0,87700.0,87700.0,-12300.0
266,Marcos Dixon,flat,100.0,100000.0,50000.0,1996,0,0.0,99600.0,99600.0,-400.0
267,Blakely Kent,flat,100.0,100000.0,50000.0,1926,0,0.0,92600.0,92600.0,-7400.0
268,Mekhi Cain,flat,100.0,100000.0,50000.0,1999,0,0.0,99900.0,99900.0,-100.0
269,Kendra David,flat,100.0,100000.0,50000.0,2026,0,0.0,102600.0,102600.0,2600.0
270,Alonso Patel,flat,100.0,100000.0,50000.0,1943,0,0.0,94300.0,94300.0,-5700.0
271,Madeline Salgado,flat,100.0,100000.0,50000.0,1935,0,0.0,93500.0,93500.0,-6500.0
272,Trace Douglas,flat,100.0,100000.0,50000.0,1969,0,0.0,96900.0,96900.0,-3100.0
273,Aniyah Weber,flat,100.0,100000.0,50000.0,1962,0,0.0,96200.0,96200.0,-3800.0
274,Crew Mayer,flat,100.0,100000.0,50000.0,1903,0,0.0,90300.0,90300.0,-9700.0
275,Ainhoa Glenn,flat,100.0,100000.0,50000.0,1919,0,0.0,91900.0,91900.0,-8100.0
276,Zaid Morrow,flat,100.0,100000.0,50000.0,1838,0,0.0,83800.0,83800.0,-16200.0
277,Reyna Stewart,flat,100.0,100000.0,50000.0,2017,0,0.0,101700.0,101700.0,1700.0
278,Nolan Frazier,flat,100.0,100000.0,50000.0,1973,0,0.0,97300.0,97300.0,-2700.0
279,Octavia O’Connor,flat,100.0,100000.0,50000.0,2008,0,0.0,100800.0,100800.0,800.0
280,Princeton Camacho,flat,100.0,100000.0,50000.0,1961,0,0.0,96100.0,96100.0,-3900.0
281,Armani Portillo,flat,100.0,100000.0,50000.0,1951,0,0.0,95100.0,95100.0,-4900.0
282,Wallace Pruitt,flat,100.0,100000.0,50000.0,1934,0,0.0,93400.0,93400.0,-6600.0
283,Brylee Robbins,flat,100.0,100000.0,50000.0,1896,0,0.0,89600.0,89600.0,-10400.0
284,Finnegan Collier,flat,100.0,100000.0,50000.0,1950,0,0.0,95000.0,95000.0,-5000.0
285,Ivory Fuentes,flat,100.0,100000.0,50000.0,1960,0,0.0,96000.0,96000.0,-4000.0
286,Bowen McLean,flat,100.0,100000.0,50000.0,1989,0,0.0,98900.0,98900.0,-1100.0
287,Sky Todd,flat,100.0,100000.0,50000.0,1975,0,0.0,97500.0,97500.0,-2500.0
288,Baylor Fields,flat,100.0,100000.0,50000.0,1902,0,0.0,90200.0,90200.0,-9800.0
289,Annie Moyer,flat,100.0,100000.0,50000.0,1953,0,0.0,95300.0,95300.0,-4700.0
290,Ahmir Shelton,flat,100.0,100000.0,50000.0,2005,0,0.0,100500.0,100500.0,500.0
291,Makenzie Flores,flat,100.0,100000.0,50000.0,1927,0,0.0,92700.0,92700.0,-7300.0
292,Lincoln Crosby,flat,100.0,100000.0,50000.0,1975,0,0.0,97500.0,97500.0,-2500.0
293,Keily Reyna,flat,100.0,100000.0,50000.0,1966,0,0.0,96600.0,96600.0,-3400.0
294,Reginald Espinosa,flat,100.0,100000.0,50000.0,1879,0,0.0,87900.0,87900.0,-12100.0
295,Braylee Hayes,flat,100.0,100000.0,50000.0,1981,0,0.0,98100.0,98100.0,-1900.0
296,Legend Snyder,flat,100.0,100000.0,50000.0,1982,0,0.0,98200.0,98200.0,-1800.0
297,Callie Solis,flat,100.0,100000.0,50000.0,2026,0,0.0,102600.0,102600.0,2600.0
298,Ronin Howell,flat,100.0,100000.0,50000.0,1918,0,0.0,91800.0,91800.0,-8200.0
299,Mckenna Beil,flat,100.0,100000.0,50000.0,1923,0,0.0,92300.0,92300.0,-7700.0
300,Ariel Correa,flat,100.0,100000.0,50000.0,1978,0,0.0,97800.0,97800.0,-2200.0
301,Valery Buchanan,flat,100.0,100000.0,50000.0,1960,0,0.0,96000.0,96000.0,-4000.0
302,Enrique Guerrero,flat,100.0,100000.0,50000.0,1894,0,0.0,89400.0,89400.0,-10600.0
303,Margot Glass,flat,100.0,100000.0,50000.0,1983,0,0.0,98300.0,98300.0,-1700.0
304,Allan Horton,flat,100.0,100000.0,50000.0,1995,0,0.0,99500.0,99500.0,-500.0
305,Aitana Flowers,flat,100.0,100000.0,50000.0,1931,0,0.0,93100.0,93100.0,-6900.0
306,Saul Ramsey,flat,100.0,100000.0,50000.0,1852,0,0.0,85200.0,85200.0,-14800.0
307,Lyric Zavala,flat,100.0,100000.0,50000.0,1933,0,0.0,93300.0,93300.0,-6700.0
308,Dillon Lara,flat,100.0,100000.0,50000.0,1970,0,0.0,97000.0,97000.0,-3000.0
309,Heidi Benson,flat,100.0,100000.0,50000.0,1980,0,0.0,98000.0,98000.0,-2000.0
310,Desmond Todd,flat,100.0,100000.0,50000.0,1993,0,0.0,99300.0,99300.0,-700.0
311,Zariah Delacruz,flat,100.0,100000.0,50000.0,1922,0,0.0,92200.0,92200.0,-7800.0
312,Memphis Trujillo,flat,100.0,100000.0,50000.0,1977,0,0.0,97700.0,97700.0,-2300.0
313,Danielle Eaton,flat,100.0,100000.0,50000.0,1923,0,0.0,92300.0,92300.0,-7700.0
314,Leighton Mathis,flat,100.0,100000.0,50000.0,1960,0,0.0,96000.0,96000.0,-4000.0
315,Anne Collier,flat,100.0,100000.0,50000.0,1972,0,0.0,97200.0,97200.0,-2800.0
316,Edison Pruitt,flat,100.0,100000.0,50000.0,1923,0,0.0,92300.0,92300.0,-7700.0
317,Brylee Moses,flat,100.0,100000.0,50000.0,1947,0,0.0,94700.0,94700.0,-5300.0
318,Niklaus Tyler,flat,100.0,100000.0,50000.0,1992,0,0.0,99200.0,99200.0,-800.0
319,Helena Ellison,flat,100.0,100000.0,50000.0,1875,0,0.0,87500.0,87500.0,-12500.0
320,Kye Jensen,flat,100.0,100000.0,50000.0,1981,0,0.0,98100.0,98100.0,-1900.0
321,Jane Benjamin,flat,100.0,100000.0,50000.0,1950,0,0.0,95000.0,95000.0,-5000.0
322,Kyro Abbott,flat,100.0,100000.0,50000.0,1987,0,0.0,98700.0,98700.0,-1300.0
323,Melany Donaldson,flat,100.0,100000.0,50000.0,1932,0,0.0,93200.0,93200.0,-6800.0
324,Canaan Stanley,flat,100.0,100000.0,50000.0,1978,0,0.0,97800.0,97800.0,-2200.0
325,Gracelyn Berger,flat,100.0,100000.0,50000.0,1949,0,0.0,94900.0,94900.0,-5100.0
326,Byron Liu,flat,100.0,100000.0,50000.0,1878,0,0.0,87800.0,87800.0,-12200.0
327,Kate Newton,flat,100.0,100000.0,50000.0,1903,0,0.0,90300.0,90300.0,-9700.0
328,Santino McCann,flat,100.0,100000.0,50000.0,2019,0,0.0,101900.0,101900.0,1900.0
329,Joyce Anderson,flat,100.0,100000.0,50000.0,1961,0,0.0,96100.0,96100.0,-3900.0
330,Jacob Glass,flat,100.0,100000.0,50000.0,1950,0,0.0,95000.0,95000.0,-5000.0
331,Clare Warner,flat,100.0,100000.0,50000.0,1892,0,0.0,89200.0,89200.0,-10800.0
332,Jaxton Fletcher,flat,100.0,100000.0,50000.0,1963,0,0.0,96300.0,96300.0,-3700.0
333,Anaya Schneider,flat,100.0,100000.0,50000.0,1972,0,0.0,97200.0,97200.0,-2800.0
334,Raymond Hicks,flat,100.0,100000.0,50000.0,1922,0,0.0,92200.0,92200.0,-7800.0
335,Alina Herrera,flat,100.0,100000.0,50000.0,1903,0,0.0,90300.0,90300.0,-9700.0
336,River Torres,flat,100.0,100000.0,50000.0,1950,0,0.0,95000.0,95000.0,-5000.0
337,Violet Gill,flat,100.0,100000.0,50000.0,1960,0,0.0,96000.0,96000.0,-4000.0
338,Matthias Campbell,flat,100.0,100000.0,50000.0,2021,0,0.0,102100.0,102100.0,2100.0
339,Addison Frost,flat,100.0,100000.0,50000.0,1971,0,0.0,97100.0,97100.0,-2900.0
340,Dario Foley,flat,100.0,100000.0,50000.0,1991,0,0.0,99100.0,99100.0,-900.0
341,Zaylee Daniels,flat,100.0,100000.0,50000.0,1969,0,0.0,96900.0,96900.0,-3100.0
342,Xander Rosario,flat,100.0,100000.0,50000.0,1940,0,0.0,94000.0,94000.0,-6000.0
343,Louisa Ayala,flat,100.0,100000.0,50000.0,1920,0,0.0,92000.0,92000.0,-8000.0
344,Tanner Underwood,flat,100.0,100000.0,50000.0,1852,0,0.0,85200.0,85200.0,-14800.0
345,Ensley Melton,flat,100.0,100000.0,50000.0,1932,0,0.0,93200.0,93200.0,-6800.0
346,Lennon Espinoza,flat,100.0,100000.0,50000.0,1941,0,0.0,94100.0,94100.0,-5900.0
347,Lucille Duke,flat,100.0,100000.0,50000.0,1909,0,0.0,90900.0,90900.0,-9100.0
348,Kalel Hudson,flat,100.0,100000.0,50000.0,1937,0,0.0,93700.0,93700.0,-6300.0
349,Kamila Prince,flat,100.0,100000.0,50000.0,2041,0,0.0,104100.0,104100.0,4100.0
350,Aron Petersen,flat,100.0,100000.0,50000.0,1910,0,0.0,91000.0,91000.0,-9000.0
351,Fernanda Jacobson,flat,100.0,100000.0,50000.0,1932,0,0.0,93200.0,93200.0,-6800.0
352,Legacy Pearson,flat,100.0,100000.0,50000.0,1937,0,0.0,93700.0,93700.0,-6300.0
353,Kiara Pugh,flat,100.0,100000.0,50000.0,1937,0,0.0,93700.0,93700.0,-6300.0
354,Judson Ali,flat,100.0,100000.0,50000.0,1937,0,0.0,93700.0,93700.0,-6300.0
355,Zelda Adkins,flat,100.0,100000.0,50000.0,1936,0,0.0,93600.0,93600.0,-6400.0
356,Kylo Turner,flat,100.0,100000.0,50000.0,1986,0,0.0,98600.0,98600.0,-1400.0
357,Brooklyn Mack,flat,100.0,100000.0,50000.0,1910,0,0.0,91000.0,91000.0,-9000.0
358,Esteban Leon,flat,100.0,100000.0,50000.0,2007,0,0.0,100700.0,100700.0,700.0
359,Amora Kline,flat,100.0,100000.0,50000.0,1851,0,0.0,85100.0,85100.0,-14900.0
360,Ramon Moran,flat,100.0,100000.0,50000.0,2006,0,0.0,100600.0,100600.0,600.0
361,Celeste Harmon,flat,100.0,100000.0,50000.0,1841,0,0.0,84100.0,84100.0,-15900.0
362,Roberto Burgess,flat,100.0,100000.0,50000.0,1929,0,0.0,92900.0,92900.0,-7100.0
363,Emory Mitchell,flat,100.0,100000.0,50000.0,1982,0,0.0,98200.0,98200.0,-1800.0
364,Jaxon Conley,flat,100.0,100000.0,50000.0,1974,0,0.0,97400.0,97400.0,-2600.0
365,Salem Hendricks,flat,100.0,100000.0,50000.0,1911,0,0.0,91100.0,91100.0,-8900.0
366,Dash Shepard,flat,100.0,100000.0,50000.0,1968,0,0.0,96800.0,96800.0,-3200.0
367,Noor Franco,flat,100.0,100000.0,50000.0,1934,0,0.0,93400.0,93400.0,-6600.0
368,Gage Malone,flat,100.0,100000.0,50000.0,1943,0,0.0,94300.0,94300.0,-5700.0
369,Skyler Mayo,flat,100.0,100000.0,50000.0,1974,0,0.0,97400.0,97400.0,-2600.0
370,Jericho Kelley,flat,100.0,100000.0,50000.0,2000,0,0.0,100000.0,100000.0,0.0
371,Rosalie McDonald,flat,100.0,100000.0,50000.0,1952,0,0.0,95200.0,95200.0,-4800.0
372,Calvin Cherry,flat,100.0,100000.0,50000.0,2013,0,0.0,101300.0,101300.0,1300.0
373,Nyomi Salas,flat,100.0,100000.0,50000.0,1923,0,0.0,92300.0,92300.0,-7700.0
374,Zaiden Grimes,flat,100.0,100000.0,50000.0,1845,0,0.0,84500.0,84500.0,-15500.0
375,Braelyn Coleman,flat,100.0,100000.0,50000.0,1914,0,0.0,91400.0,91400.0,-8600.0
376,Micah Rose,flat,100.0,100000.0,50000.0,1924,0,0.0,92400.0,92400.0,-7600.0
377,Magnolia Ayala,flat,100.0,100000.0,50000.0,2000,0,0.0,100000.0,100000.0,0.0
378,Tanner Byrd,flat,100.0,100000.0,50000.0,1980,0,0.0,98000.0,98000.0,-2000.0
379,Giselle Stanton,flat,100.0,100000.0,50000.0,1916,0,0.0,91600.0,91600.0,-8400.0
380,Zyair Hurst,flat,100.0,100000.0,50000.0,1955,0,0.0,95500.0,95500.0,-4500.0
381,Adalee Beil,flat,100.0,100000.0,50000.0,1996,0,0.0,99600.0,99600.0,-400.0
382,Ariel Lane,flat,100.0,100000.0,50000.0,1863,0,0.0,86300.0,86300.0,-13700.0
383,Amy Phelps,flat,100.0,100000.0,50000.0,1962,0,0.0,96200.0,96200.0,-3800.0
384,Hamza Cuevas,flat,100.0,100000.0,50000.0,1951,0,0.0,95100.0,95100.0,-4900.0
385,Adele Vincent,flat,100.0,100000.0,50000.0,1985,0,0.0,98500.0,98500.0,-1500.0
386,Aarav Thornton,flat,100.0,100000.0,50000.0,1919,0,0.0,91900.0,91900.0,-8100.0
387,Haisley Salazar,flat,100.0,100000.0,50000.0,1927,0,0.0,92700.0,92700.0,-7300.0
388,Brody Hodges,flat,100.0,100000.0,50000.0,1922,0,0.0,92200.0,92200.0,-7800.0
389,Eve Alexander,flat,100.0,100000.0,50000.0,1916,0,0.0,91600.0,91600.0,-8400.0
390,Kingston Whitney,flat,100.0,100000.0,50000.0,1937,0,0.0,93700.0,93700.0,-6300.0
391,Madalynn Payne,flat,100.0,100000.0,50000.0,1972,0,0.0,97200.0,97200.0,-2800.0
392,Edward Bowman,flat,100.0,100000.0,50000.0,1917,0,0.0,91700.0,91700.0,-8300.0
393,Fiona Portillo,flat,100.0,100000.0,50000.0,1968,0,0.0,96800.0,96800.0,-3200.0
394,Wallace Steele,flat,100.0,100000.0,50000.0,1931,0,0.0,93100.0,93100.0,-6900.0
395,Rylie Lucero,flat,100.0,100000.0,50000.0,1939,0,0.0,93900.0,93900.0,-6100.0
396,Felipe Gallegos,flat,100.0,100000.0,50000.0,1922,0,0.0,92200.0,92200.0,-7800.0
397,Ari Park,flat,100.0,100000.0,50000.0,1893,0,0.0,89300.0,89300.0,-10700.0
398,Daxton Johns,flat,100.0,100000.0,50000.0,2014,0,0.0,101400.0,101400.0,1400.0
399,Giovanna Everett,flat,100.0,100000.0,50000.0,1932,0,0.0,93200.0,93200.0,-6800.0
400,Camilo Bradshaw,flat,100.0,100000.0,50000.0,1922,0,0.0,92200.0,92200.0,-7800.0
401,Berkley McCullough,flat,100.0,100000.0,50000.0,1981,0,0.0,98100.0,98100.0,-1900.0
402,Briar Fernandez,flat,100.0,100000.0,50000.0,1929,0,0.0,92900.0,92900.0,-7100.0
403,Amara Zimmerman,flat,100.0,100000.0,50000.0,1938,0,0.0,93800.0,93800.0,-6200.0
404,Sergio Gibson,flat,100.0,100000.0,50000.0,1935,0,0.0,93500.0,93500.0,-6500.0
405,Eden Escobar,flat,100.0,100000.0,50000.0,1961,0,0.0,96100.0,96100.0,-3900.0
406,Zachariah Austin,flat,100.0,100000.0,50000.0,1914,0,0.0,91400.0,91400.0,-8600.0
407,Alivia Eaton,flat,100.0,100000.0,50000.0,1936,0,0.0,93600.0,93600.0,-6400.0
408,Leighton Moody,flat,100.0,100000.0,50000.0,1963,0,0.0,96300.0,96300.0,-3700.0
409,Elaine Blair,flat,100.0,100000.0,50000.0,1950,0,0.0,95000.0,95000.0,-5000.0
410,Troy Esparza,flat,100.0,100000.0,50000.0,1938,0,0.0,93800.0,93800.0,-6200.0
411,Ramona Aguilar,flat,100.0,100000.0,50000.0,1991,0,0.0,99100.0,99100.0,-900.0
412,Milo Norris,flat,100.0,100000.0,50000.0,1974,0,0.0,97400.0,97400.0,-2600.0
413,Arielle Hurst,flat,100.0,100000.0,50000.0,1982,0,0.0,98200.0,98200.0,-1800.0
414,Neil McCann,flat,100.0,100000.0,50000.0,1889,0,0.0,88900.0,88900.0,-11100.0
415,Joyce Shah,flat,100.0,100000.0,50000.0,1958,0,0.0,95800.0,95800.0,-4200.0
416,Zain Leach,flat,100.0,100000.0,50000.0,1967,0,0.0,96700.0,96700.0,-3300.0
417,Martha Delarosa,flat,100.0,100000.0,50000.0,1997,0,0.0,99700.0,99700.0,-300.0
418,Osiris Maxwell,flat,100.0,100000.0,50000.0,1957,0,0.0,95700.0,95700.0,-4300.0
419,Kyla Weber,flat,100.0,100000.0,50000.0,1948,0,0.0,94800.0,94800.0,-5200.0
420,Crew Sawyer,flat,100.0,100000.0,50000.0,1923,0,0.0,92300.0,92300.0,-7700.0
421,Marina Nava,flat,100.0,100000.0,50000.0,1924,0,0.0,92400.0,92400.0,-7600.0
422,Stefan Dixon,flat,100.0,100000.0,50000.0,1852,0,0.0,85200.0,85200.0,-14800.0
423,Blakely Strickland,flat,100.0,100000.0,50000.0,1885,0,0.0,88500.0,88500.0,-11500.0
424,Keegan Ventura,flat,100.0,100000.0,50000.0,1995,0,0.0,99500.0,99500.0,-500.0
425,Zora Larson,flat,100.0,100000.0,50000.0,1948,0,0.0,94800.0,94800.0,-5200.0
426,Rafael Nash,flat,100.0,100000.0,50000.0,1921,0,0.0,92100.0,92100.0,-7900.0
427,Novah Roach,flat,100.0,100000.0,50000.0,1918,0,0.0,91800.0,91800.0,-8200.0
428,Caspian Saunders,flat,100.0,100000.0,50000.0,1922,0,0.0,92200.0,92200.0,-7800.0
429,Meadow Stephens,flat,100.0,100000.0,50000.0,1878,0,0.0,87800.0,87800.0,-12200.0
430,Messiah Gentry,flat,100.0,100000.0,50000.0,1951,0,0.0,95100.0,95100.0,-4900.0
431,Amelie Larsen,flat,100.0,100000.0,50000.0,1840,0,0.0,84000.0,84000.0,-16000.0
432,Brycen Hardin,flat,100.0,100000.0,50000.0,1860,0,0.0,86000.0,86000.0,-14000.0
433,Vada Perez,flat,100.0,100000.0,50000.0,1913,0,0.0,91300.0,91300.0,-8700.0
434,Owen Jaramillo,flat,100.0,100000.0,50000.0,2028,0,0.0,102800.0,102800.0,2800.0
435,Guadalupe Esquivel,flat,100.0,100000.0,50000.0,1941,0,0.0,94100.0,94100.0,-5900.0
436,Bridger Smith,flat,100.0,100000.0,50000.0,1937,0,0.0,93700.0,93700.0,-6300.0
437,Olivia Lucero,flat,100.0,100000.0,50000.0,1863,0,0.0,86300.0,86300.0,-13700.0
438,Felipe Pierce,flat,100.0,100000.0,50000.0,1976,0,0.0,97600.0,97600.0,-2400.0
439,Arabella Sexton,flat,100.0,100000.0,50000.0,1996,0,0.0,99600.0,99600.0,-400.0
440,Mylo Willis,flat,100.0,100000.0,50000.0,1918,0,0.0,91800.0,91800.0,-8200.0
441,Alexa Montes,flat,100.0,100000.0,50000.0,1956,0,0.0,95600.0,95600.0,-4400.0
442,Darren Kline,flat,100.0,100000.0,50000.0,1943,0,0.0,94300.0,94300.0,-5700.0
443,Sevyn Waller,flat,100.0,100000.0,50000.0,1840,0,0.0,84000.0,84000.0,-16000.0
444,Marley Byrd,flat,100.0,100000.0,50000.0,1997,0,0.0,99700.0,99700.0,-300.0
445,Giselle Hernandez,flat,100.0,100000.0,50000.0,1967,0,0.0,96700.0,96700.0,-3300.0
446,Mason Baxter,flat,100.0,100000.0,50000.0,1948,0,0.0,94800.0,94800.0,-5200.0
447,Lara Hill,flat,100.0,100000.0,50000.0,1909,0,0.0,90900.0,90900.0,-9100.0
448,Isaac Dixon,flat,100.0,100000.0,50000.0,1966,0,0.0,96600.0,96600.0,-3400.0
449,Blakely Wilcox,flat,100.0,100000.0,50000.0,1947,0,0.0,94700.0,94700.0,-5300.0
450,Jerry Weaver,flat,100.0,100000.0,50000.0,1911,0,0.0,91100.0,91100.0,-8900.0
451,Teagan Phillips,flat,100.0,100000.0,50000.0,1943,0,0.0,94300.0,94300.0,-5700.0
452,Andrew Graham,flat,100.0,100000.0,50000.0,1991,0,0.0,99100.0,99100.0,-900.0
453,Alaia Tate,flat,100.0,100000.0,50000.0,1922,0,0.0,92200.0,92200.0,-7800.0
454,Dalton David,flat,100.0,100000.0,50000.0,1945,0,0.0,94500.0,94500.0,-5500.0
455,Haylee Ross,flat,100.0,100000.0,50000.0,1994,0,0.0,99400.0,99400.0,-600.0
456,Wesley Dyer,flat,100.0,100000.0,50000.0,1904,0,0.0,90400.0,90400.0,-9600.0
457,Estrella Ashley,flat,100.0,100000.0,50000.0,1962,0,0.0,96200.0,96200.0,-3800.0
458,Kylen Golden,flat,100.0,100000.0,50000.0,1944,0,0.0,94400.0,94400.0,-5600.0
459,Giuliana Montgomery,flat,100.0,100000.0,50000.0,1977,0,0.0,97700.0,97700.0,-2300.0
460,Maximiliano Pitts,flat,100.0,100000.0,50000.0,1958,0,0.0,95800.0,95800.0,-4200.0
461,Nala Ryan,flat,100.0,100000.0,50000.0,1906,0,0.0,90600.0,90600.0,-9400.0
462,Timothy Faulkner,flat,100.0,100000.0,50000.0,1971,0,0.0,97100.0,97100.0,-2900.0
463,Ansley Figueroa,flat,100.0,100000.0,50000.0,1910,0,0.0,91000.0,91000.0,-9000.0
464,Spencer Patton,flat,100.0,100000.0,50000.0,1991,0,0.0,99100.0,99100.0,-900.0
465,Lorelei Woodward,flat,100.0,100000.0,50000.0,1968,0,0.0,96800.0,96800.0,-3200.0
466,Jeremias Jefferson,flat,100.0,100000.0,50000.0,1956,0,0.0,95600.0,95600.0,-4400.0
467,Julieta Duran,flat,100.0,100000.0,50000.0,1967,0,0.0,96700.0,96700.0,-3300.0
468,Ismael Floyd,flat,100.0,100000.0,50000.0,2001,0,0.0,100100.0,100100.0,100.0
469,Yaretzi Carroll,flat,100.0,100000.0,50000.0,1895,0,0.0,89500.0,89500.0,-10500.0
470,Oscar Correa,flat,100.0,100000.0,50000.0,2005,0,0.0,100500.0,100500.0,500.0
471,Valery Trevino,flat,100.0,100000.0,50000.0,1927,0,0.0,92700.0,92700.0,-7300.0
472,Jaime Duke,flat,100.0,100000.0,50000.0,1955,0,0.0,95500.0,95500.0,-4500.0
473,Melani Mullins,flat,100.0,100000.0,50000.0,1956,0,0.0,95600.0,95600.0,-4400.0
474,Allen Norton,flat,100.0,100000.0,50000.0,1892,0,0.0,89200.0,89200.0,-10800.0
475,Kylee Merritt,flat,100.0,100000.0,50000.0,1959,0,0.0,95900.0,95900.0,-4100.0
476,Colten Robertson,flat,100.0,100000.0,50000.0,2008,0,0.0,100800.0,100800.0,800.0
477,Harmony McGuire,flat,100.0,100000.0,50000.0,1944,0,0.0,94400.0,94400.0,-5600.0
478,Casey Green,flat,100.0,100000.0,50000.0,1947,0,0.0,94700.0,94700.0,-5300.0
479,Zoe Chandler,flat,100.0,100000.0,50000.0,1882,0,0.0,88200.0,88200.0,-11800.0
480,Royal Cohen,flat,100.0,100000.0,50000.0,1942,0,0.0,94200.0,94200.0,-5800.0
481,Destiny Pope,flat,100.0,100000.0,50000.0,1897,0,0.0,89700.0,89700.0,-10300.0
482,Gunnar Lim,flat,100.0,100000.0,50000.0,1947,0,0.0,94700.0,94700.0,-5300.0
483,Giavanna Estes,flat,100.0,100000.0,50000.0,1938,0,0.0,93800.0,93800.0,-6200.0
484,Hakeem Villegas,flat,100.0,100000.0,50000.0,2060,0,0.0,106000.0,106000.0,6000.0
485,Jessie Dunlap,flat,100.0,100000.0,50000.0,1966,0,0.0,96600.0,96600.0,-3400.0
486,Aries Zuniga,flat,100.0,100000.0,50000.0,1887,0,0.0,88700.0,88700.0,-11300.0
487,Leslie Peck,flat,100.0,100000.0,50000.0,1966,0,0.0,96600.0,96600.0,-3400.0
488,Yousef Snow,flat,100.0,100000.0,50000.0,1918,0,0.0,91800.0,91800.0,-8200.0
489,Alexia Zimmerman,flat,100.0,100000.0,50000.0,1927,0,0.0,92700.0,92700.0,-7300.0
490,Sergio Valencia,flat,100.0,100000.0,50000.0,1904,0,0.0,90400.0,90400.0,-9600.0
491,Maddison Paul,flat,100.0,100000.0,50000.0,1989,0,0.0,98900.0,98900.0,-1100.0
492,Noel Flowers,flat,100.0,100000.0,50000.0,1936,0,0.0,93600.0,93600.0,-6400.0
493,Ariya Pena,flat,100.0,100000.0,50000.0,1955,0,0.0,95500.0,95500.0,-4500.0
494,Marcus Orr,flat,100.0,100000.0,50000.0,1950,0,0.0,95000.0,95000.0,-5000.0
495,Alaiya Bean,flat,100.0,100000.0,50000.0,1946,0,0.0,94600.0,94600.0,-5400.0
496,Mccoy Preston,flat,100.0,100000.0,50000.0,1930,0,0.0,93000.0,93000.0,-7000.0
497,Indie Proctor,flat,100.0,100000.0,50000.0,1908,0,0.0,90800.0,90800.0,-9200.0
498,Vance Lyons,flat,100.0,100000.0,50000.0,1951,0,0.0,95100.0,95100.0,-4900.0
499,Kenzie Gomez,flat,100.0,100000.0,50000.0,1896,0,0.0,89600.0,89600.0,-10400.0
500,Isaiah Bauer,flat,100.0,100000.0,50000.0,2000,0,0.0,100000.0,100000.0,0.0
501,Haley Maxwell,flat,100.0,100000.0,50000.0,2013,0,0.0,101300.0,101300.0,1300.0
502,Eden Bowen,flat,100.0,100000.0,50000.0,1872,0,0.0,87200.0,87200.0,-12800.0
503,Dream Oliver,flat,100.0,100000.0,50000.0,2051,0,0.0,105100.0,105100.0,5100.0
504,Karson Curtis,flat,100.0,100000.0,50000.0,1962,0,0.0,96200.0,96200.0,-3800.0
505,Alexis Sutton,flat,100.0,100000.0,50000.0,1972,0,0.0,97200.0,97200.0,-2800.0
506,Warren Chen,flat,100.0,100000.0,50000.0,1944,0,0.0,94400.0,94400.0,-5600.0
507,Valeria Floyd,flat,100.0,100000.0,50000.0,1970,0,0.0,97000.0,97000.0,-3000.0
508,Pierce Graham,flat,100.0,100000.0,50000.0,1972,0,0.0,97200.0,97200.0,-2800.0
509,Alaia Bernard,flat,100.0,100000.0,50000.0,1951,0,0.0,95100.0,95100.0,-4900.0
510,Jair Erickson,flat,100.0,100000.0,50000.0,1956,0,0.0,95600.0,95600.0,-4400.0
511,Sabrina Le,flat,100.0,100000.0,50000.0,1933,0,0.0,93300.0,93300.0,-6700.0
512,Damien Macdonald,flat,100.0,100000.0,50000.0,1993,0,0.0,99300.0,99300.0,-700.0
513,Rosalia Bauer,flat,100.0,100000.0,50000.0,1948,0,0.0,94800.0,94800.0,-5200.0
514,Kieran Pittman,flat,100.0,100000.0,50000.0,1905,0,0.0,90500.0,90500.0,-9500.0
515,Marie Yoder,flat,100.0,100000.0,50000.0,1967,0,0.0,96700.0,96700.0,-3300.0
516,Johan Sosa,flat,100.0,100000.0,50000.0,1969,0,0.0,96900.0,96900.0,-3100.0
517,Cassandra Erickson,flat,100.0,100000.0,50000.0,1958,0,0.0,95800.0,95800.0,-4200.0
518,Johnny Cortes,flat,100.0,100000.0,50000.0,1955,0,0.0,95500.0,95500.0,-4500.0
519,Lea Bridges,flat,100.0,100000.0,50000.0,1927,0,0.0,92700.0,92700.0,-7300.0
520,Mohammed Shah,flat,100.0,100000.0,50000.0,1966,0,0.0,96600.0,96600.0,-3400.0
521,Angelica Romero,flat,100.0,100000.0,50000.0,1931,0,0.0,93100.0,93100.0,-6900.0
522,Bryson Hensley,flat,100.0,100000.0,50000.0,1928,0,0.0,92800.0,92800.0,-7200.0
523,Malaya Larsen,flat,100.0,100000.0,50000.0,1885,0,0.0,88500.0,88500.0,-11500.0
524,Brycen Peralta,flat,100.0,100000.0,50000.0,1858,0,0.0,85800.0,85800.0,-14200.0
525,Malayah Leal,flat,100.0,100000.0,50000.0,1928,0,0.0,92800.0,92800.0,-7200.0
526,Cedric Nguyen,flat,100.0,100000.0,50000.0,1976,0,0.0,97600.0,97600.0,-2400.0
527,Nova Bryan,flat,100.0,100000.0,50000.0,1946,0,0.0,94600.0,94600.0,-5400.0
528,Jaxtyn Gilmore,flat,100.0,100000.0,50000.0,2118,0,0.0,111800.0,111800.0,11800.0
529,Chanel Figueroa,flat,100.0,100000.0,50000.0,2080,0,0.0,108000.0,108000.0,8000.0
530,Spencer Howard,flat,100.0,100000.0,50000.0,1955,0,0.0,95500.0,95500.0,-4500.0
531,Sophie Benton,flat,100.0,100000.0,50000.0,1930,0,0.0,93000.0,93000.0,-7000.0
532,Jamal Schwartz,flat,100.0,100000.0,50000.0,1953,0,0.0,95300.0,95300.0,-4700.0
533,Lilliana Stevenson,flat,100.0,100000.0,50000.0,1912,0,0.0,91200.0,91200.0,-8800.0
534,Callan Hahn,flat,100.0,100000.0,50000.0,2049,0,0.0,104900.0,104900.0,4900.0
535,Fallon Patton,flat,100.0,100000.0,50000.0,1940,0,0.0,94000.0,94000.0,-6000.0
536,Moises Cohen,flat,100.0,100000.0,50000.0,1955,0,0.0,95500.0,95500.0,-4500.0
537,Destiny Buckley,flat,100.0,100000.0,50000.0,2026,0,0.0,102600.0,102600.0,2600.0
538,Aryan Case,flat,100.0,100000.0,50000.0,1930,0,0.0,93000.0,93000.0,-7000.0
539,Cleo Sims,flat,100.0,100000.0,50000.0,1993,0,0.0,99300.0,99300.0,-700.0
540,Brian Harrell,flat,100.0,100000.0,50000.0,1903,0,0.0,90300.0,90300.0,-9700.0
541,Kara Williams,flat,100.0,100000.0,50000.0,1881,0,0.0,88100.0,88100.0,-11900.0
542,Oliver Mayo,flat,100.0,100000.0,50000.0,1842,0,0.0,84200.0,84200.0,-15800.0
543,Aarya Boyle,flat,100.0,100000.0,50000.0,1877,0,0.0,87700.0,87700.0,-12300.0
544,Robin King,flat,100.0,100000.0,50000.0,2026,0,0.0,102600.0,102600.0,2600.0
545,Victoria Andrews,flat,100.0,100000.0,50000.0,1892,0,0.0,89200.0,89200.0,-10800.0
546,Lukas Hurst,flat,100.0,100000.0,50000.0,2001,0,0.0,100100.0,100100.0,100.0
547,Adalee Moses,flat,100.0,100000.0,50000.0,1910,0,0.0,91000.0,91000.0,-9000.0
548,Niklaus Copeland,flat,100.0,100000.0,50000.0,1869,0,0.0,86900.0,86900.0,-13100.0
549,Dayana Jaramillo,flat,100.0,100000.0,50000.0,1987,0,0.0,98700.0,98700.0,-1300.0
550,Riggs Smith,flat,100.0,100000.0,50000.0,1945,0,0.0,94500.0,94500.0,-5500.0
551,Olivia Roach,flat,100.0,100000.0,50000.0,1968,0,0.0,96800.0,96800.0,-3200.0
552,Caspian Warren,flat,100.0,100000.0,50000.0,2043,0,0.0,104300.0,104300.0,4300.0
553,Sloane Lucas,flat,100.0,100000.0,50000.0,1963,0,0.0,96300.0,96300.0,-3700.0
554,Chance Summers,flat,100.0,100000.0,50000.0,1930,0,0.0,93000.0,93000.0,-7000.0
555,Frankie Burns,flat,100.0,100000.0,50000.0,1862,0,0.0,86200.0,86200.0,-13800.0
556,August Lee,flat,100.0,100000.0,50000.0,1947,0,0.0,94700.0,94700.0,-5300.0
557,Scarlett Norman,flat,100.0,100000.0,50000.0,1954,0,0.0,95400.0,95400.0,-4600.0
558,Aziel Snow,flat,100.0,100000.0,50000.0,1963,0,0.0,96300.0,96300.0,-3700.0
559,Alexia Castillo,flat,100.0,100000.0,50000.0,1931,0,0.0,93100.0,93100.0,-6900.0
560,Kai Juarez,flat,100.0,100000.0,50000.0,1944,0,0.0,94400.0,94400.0,-5600.0
561,Juliet James,flat,100.0,100000.0,50000.0,1921,0,0.0,92100.0,92100.0,-7900.0
562,Jaxson Bishop,flat,100.0,100000.0,50000.0,1933,0,0.0,93300.0,93300.0,-6700.0
563,Brooklynn Brooks,flat,100.0,100000.0,50000.0,1866,0,0.0,86600.0,86600.0,-13400.0
564,Jordan Dixon,flat,100.0,100000.0,50000.0,1939,0,0.0,93900.0,93900.0,-6100.0
565,Blakely Garrison,flat,100.0,100000.0,50000.0,1957,0,0.0,95700.0,95700.0,-4300.0
566,Noe Pierce,flat,100.0,100000.0,50000.0,1962,0,0.0,96200.0,96200.0,-3800.0
567,Arabella Hensley,flat,100.0,100000.0,50000.0,1936,0,0.0,93600.0,93600.0,-6400.0
568,Layne Parrish,flat,100.0,100000.0,50000.0,1948,0,0.0,94800.0,94800.0,-5200.0
569,Tiana Jacobson,flat,100.0,100000.0,50000.0,1918,0,0.0,91800.0,91800.0,-8200.0
570,Legacy Willis,flat,100.0,100000.0,50000.0,1879,0,0.0,87900.0,87900.0,-12100.0
571,Alexa Mora,flat,100.0,100000.0,50000.0,2013,0,0.0,101300.0,101300.0,1300.0
572,Arturo Perez,flat,100.0,100000.0,50000.0,1905,0,0.0,90500.0,90500.0,-9500.0
573,Eleanor Sloan,flat,100.0,100000.0,50000.0,2000,0,0.0,100000.0,100000.0,0.0
574,Ocean Meza,flat,100.0,100000.0,50000.0,2006,0,0.0,100600.0,100600.0,600.0
575,Rosa Booth,flat,100.0,100000.0,50000.0,1860,0,0.0,86000.0,86000.0,-14000.0
576,Chaim Estrada,flat,100.0,100000.0,50000.0,2023,0,0.0,102300.0,102300.0,2300.0
577,Sawyer Curtis,flat,100.0,100000.0,50000.0,2028,0,0.0,102800.0,102800.0,2800.0
578,Muhammad Wilkins,flat,100.0,100000.0,50000.0,1896,0,0.0,89600.0,89600.0,-10400.0
579,Amalia Kaur,flat,100.0,100000.0,50000.0,1973,0,0.0,97300.0,97300.0,-2700.0
580,Augustine Shah,flat,100.0,100000.0,50000.0,1914,0,0.0,91400.0,91400.0,-8600.0
581,Angelica Hale,flat,100.0,100000.0,50000.0,1919,0,0.0,91900.0,91900.0,-8100.0
582,Ezequiel Bates,flat,100.0,100000.0,50000.0,1908,0,0.0,90800.0,90800.0,-9200.0
583,Madilyn Summers,flat,100.0,100000.0,50000.0,1893,0,0.0,89300.0,89300.0,-10700.0
584,Darius Barron,flat,100.0,100000.0,50000.0,1923,0,0.0,92300.0,92300.0,-7700.0
585,Anya Baker,flat,100.0,100000.0,50000.0,1950,0,0.0,95000.0,95000.0,-5000.0
586,Ezra Adkins,flat,100.0,100000.0,50000.0,1963,0,0.0,96300.0,96300.0,-3700.0
587,Emelia Duncan,flat,100.0,100000.0,50000.0,1962,0,0.0,96200.0,96200.0,-3800.0
588,Avery Tanner,flat,100.0,100000.0,50000.0,1945,0,0.0,94500.0,94500.0,-5500.0
589,Harmoni Eaton,flat,100.0,100000.0,50000.0,1933,0,0.0,93300.0,93300.0,-6700.0
590,Leighton Maldonado,flat,100.0,100000.0,50000.0,1988,0,0.0,98800.0,98800.0,-1200.0
591,Elaina Hensley,flat,100.0,100000.0,50000.0,1990,0,0.0,99000.0,99000.0,-1000.0
592,Layne Benjamin,flat,100.0,100000.0,50000.0,1913,0,0.0,91300.0,91300.0,-8700.0
593,Jianna Wise,flat,100.0,100000.0,50000.0,1892,0,0.0,89200.0,89200.0,-10800.0
594,Frederick Blevins,flat,100.0,100000.0,50000.0,1951,0,0.0,95100.0,95100.0,-4900.0
595,Aila McKenzie,flat,100.0,100000.0,50000.0,1918,0,0.0,91800.0,91800.0,-8200.0
596,Scott Knight,flat,100.0,100000.0,50000.0,1885,0,0.0,88500.0,88500.0,-11500.0
597,Gracie Acevedo,flat,100.0,100000.0,50000.0,1976,0,0.0,97600.0,97600.0,-2400.0
598,Dakari Leon,flat,100.0,100000.0,50000.0,1943,0,0.0,94300.0,94300.0,-5700.0
599,Amora Whitehead,flat,100.0,100000.0,50000.0,1972,0,0.0,97200.0,97200.0,-2800.0
600,Zayd Holmes,flat,100.0,100000.0,50000.0,1966,0,0.0,96600.0,96600.0,-3400.0
601,Bailey Hobbs,flat,100.0,100000.0,50000.0,1929,0,0.0,92900.0,92900.0,-7100.0
602,Brendan Floyd,flat,100.0,100000.0,50000.0,1939,0,0.0,93900.0,93900.0,-6100.0
603,Yaretzi Espinoza,flat,100.0,100000.0,50000.0,1919,0,0.0,91900.0,91900.0,-8100.0
604,Dallas Rowe,flat,100.0,100000.0,50000.0,1906,0,0.0,90600.0,90600.0,-9400.0
605,Matilda Walters,flat,100.0,100000.0,50000.0,1840,0,0.0,84000.0,84000.0,-16000.0
606,Colson Bernard,flat,100.0,100000.0,50000.0,1924,0,0.0,92400.0,92400.0,-7600.0
607,Barbara Le,flat,100.0,100000.0,50000.0,1988,0,0.0,98800.0,98800.0,-1200.0
608,Damien Boone,flat,100.0,100000.0,50000.0,1995,0,0.0,99500.0,99500.0,-500.0
609,Mariam Friedman,flat,100.0,100000.0,50000.0,1916,0,0.0,91600.0,91600.0,-8400.0
610,Darwin Douglas,flat,100.0,100000.0,50000.0,1943,0,0.0,94300.0,94300.0,-5700.0
611,Aniyah Manning,flat,100.0,100000.0,50000.0,1937,0,0.0,93700.0,93700.0,-6300.0
612,Seth Sherman,flat,100.0,100000.0,50000.0,1933,0,0.0,93300.0,93300.0,-6700.0
613,Addilyn Bush,flat,100.0,100000.0,50000.0,1968,0,0.0,96800.0,96800.0,-3200.0
614,Tyson Kennedy,flat,100.0,100000.0,50000.0,1987,0,0.0,98700.0,98700.0,-1300.0
615,Brianna Rodriguez,flat,100.0,100000.0,50000.0,1877,0,0.0,87700.0,87700.0,-12300.0
616,Henry Dixon,flat,100.0,100000.0,50000.0,1970,0,0.0,97000.0,97000.0,-3000.0
617,Blakely Carrillo,flat,100.0,100000.0,50000.0,1947,0,0.0,94700.0,94700.0,-5300.0
618,Wade Clay,flat,100.0,100000.0,50000.0,1962,0,0.0,96200.0,96200.0,-3800.0
619,Aliana Page,flat,100.0,100000.0,50000.0,1868,0,0.0,86800.0,86800.0,-13200.0
620,Pablo Boyd,flat,100.0,100000.0,50000.0,1940,0,0.0,94000.0,94000.0,-6000.0
621,Georgia Sampson,flat,100.0,100000.0,50000.0,1972,0,0.0,97200.0,97200.0,-2800.0
622,Cain Garza,flat,100.0,100000.0,50000.0,1947,0,0.0,94700.0,94700.0,-5300.0
623,River Velasquez,flat,100.0,100000.0,50000.0,1892,0,0.0,89200.0,89200.0,-10800.0
624,Sullivan Rhodes,flat,100.0,100000.0,50000.0,1922,0,0.0,92200.0,92200.0,-7800.0
625,Tatum Lopez,flat,100.0,100000.0,50000.0,1931,0,0.0,93100.0,93100.0,-6900.0
626,Michael Meadows,flat,100.0,100000.0,50000.0,1959,0,0.0,95900.0,95900.0,-4100.0
627,Pearl Roman,flat,100.0,100000.0,50000.0,1977,0,0.0,97700.0,97700.0,-2300.0
628,Kian Barnett,flat,100.0,100000.0,50000.0,1985,0,0.0,98500.0,98500.0,-1500.0
629,Harlow Everett,flat,100.0,100000.0,50000.0,1973,0,0.0,97300.0,97300.0,-2700.0
630,Camilo Clements,flat,100.0,100000.0,50000.0,1981,0,0.0,98100.0,98100.0,-1900.0
631,Cara Terry,flat,100.0,100000.0,50000.0,1896,0,0.0,89600.0,89600.0,-10400.0
632,Armani Whitehead,flat,100.0,100000.0,50000.0,1985,0,0.0,98500.0,98500.0,-1500.0
633,Sylvie Rollins,flat,100.0,100000.0,50000.0,1872,0,0.0,87200.0,87200.0,-12800.0
634,Wes Vasquez,flat,100.0,100000.0,50000.0,1917,0,0.0,91700.0,91700.0,-8300.0
635,Rose Church,flat,100.0,100000.0,50000.0,1910,0,0.0,91000.0,91000.0,-9000.0
636,Terrance Brandt,flat,100.0,100000.0,50000.0,1969,0,0.0,96900.0,96900.0,-3100.0
637,Loretta Matthews,flat,100.0,100000.0,50000.0,1962,0,0.0,96200.0,96200.0,-3800.0
638,Preston Chambers,flat,100.0,100000.0,50000.0,1952,0,0.0,95200.0,95200.0,-4800.0
639,Makayla Conway,flat,100.0,100000.0,50000.0,1951,0,0.0,95100.0,95100.0,-4900.0
640,Orlando Hensley,flat,100.0,100000.0,50000.0,2009,0,0.0,100900.0,100900.0,900.0
641,Malaya Joseph,flat,100.0,100000.0,50000.0,1929,0,0.0,92900.0,92900.0,-7100.0
642,Kyle Pacheco,flat,100.0,100000.0,50000.0,1907,0,0.0,90700.0,90700.0,-9300.0
643,Paris Ponce,flat,100.0,100000.0,50000.0,1917,0,0.0,91700.0,91700.0,-8300.0
644,Langston Park,flat,100.0,100000.0,50000.0,1927,0,0.0,92700.0,92700.0,-7300.0
645,Lia Callahan,flat,100.0,100000.0,50000.0,1985,0,0.0,98500.0,98500.0,-1500.0
646,Quinton Bonilla,flat,100.0,100000.0,50000.0,1962,0,0.0,96200.0,96200.0,-3800.0
647,Romina Tapia,flat,100.0,100000.0,50000.0,1947,0,0.0,94700.0,94700.0,-5300.0
648,Samir Lester,flat,100.0,100000.0,50000.0,1878,0,0.0,87800.0,87800.0,-12200.0
649,Averi Golden,flat,100.0,100000.0,50000.0,1963,0,0.0,96300.0,96300.0,-3700.0
650,Amias Compton,flat,100.0,100000.0,50000.0,1980,0,0.0,98000.0,98000.0,-2000.0
651,Elina Moore,flat,100.0,100000.0,50000.0,1951,0,0.0,95100.0,95100.0,-4900.0
652,Levi Hamilton,flat,100.0,100000.0,50000.0,1968,0,0.0,96800.0,96800.0,-3200.0
653,Mackenzie Gordon,flat,100.0,100000.0,50000.0,2035,0,0.0,103500.0,103500.0,3500.0
654,Karter Luna,flat,100.0,100000.0,50000.0,2010,0,0.0,101000.0,101000.0,1000.0
655,Journey Huang,flat,100.0,100000.0,50000.0,1943,0,0.0,94300.0,94300.0,-5700.0
656,Ayaan Mahoney,flat,100.0,100000.0,50000.0,1972,0,0.0,97200.0,97200.0,-2800.0
657,Promise Freeman,flat,100.0,100000.0,50000.0,1964,0,0.0,96400.0,96400.0,-3600.0
658,Jayce Corona,flat,100.0,100000.0,50000.0,1904,0,0.0,90400.0,90400.0,-9600.0
659,Marianna Boyd,flat,100.0,100000.0,50000.0,1930,0,0.0,93000.0,93000.0,-7000.0
660,Dean Zhang,flat,100.0,100000.0,50000.0,2019,0,0.0,101900.0,101900.0,1900.0
661,Sarai Gates,flat,100.0,100000.0,50000.0,1939,0,0.0,93900.0,93900.0,-6100.0
662,Ermias McDowell,flat,100.0,100000.0,50000.0,1956,0,0.0,95600.0,95600.0,-4400.0
663,Rayna McCall,flat,100.0,100000.0,50000.0,1883,0,0.0,88300.0,88300.0,-11700.0
664,Kiaan Pollard,flat,100.0,100000.0,50000.0,1963,0,0.0,96300.0,96300.0,-3700.0
665,Marisol Boone,flat,100.0,100000.0,50000.0,1914,0,0.0,91400.0,91400.0,-8600.0
666,Mauricio Travis,flat,100.0,100000.0,50000.0,1975,0,0.0,97500.0,97500.0,-2500.0
667,Mazikee McConnell,flat,100.0,100000.0,50000.0,1945,0,0.0,94500.0,94500.0,-5500.0
668,London Hubbard,flat,100.0,100000.0,50000.0,1952,0,0.0,95200.0,95200.0,-4800.0
669,Rosie Sullivan,flat,100.0,100000.0,50000.0,1979,0,0.0,97900.0,97900.0,-2100.0
670,Evan Ball,flat,100.0,100000.0,50000.0,2011,0,0.0,101100.0,101100.0,1100.0
671,Abby Wang,flat,100.0,100000.0,50000.0,1972,0,0.0,97200.0,97200.0,-2800.0
672,Cohen Stanton,flat,100.0,100000.0,50000.0,1973,0,0.0,97300.0,97300.0,-2700.0
673,Jaycee Parks,flat,100.0,100000.0,50000.0,2042,0,0.0,104200.0,104200.0,4200.0
674,Gianni McDowell,flat,100.0,100000.0,50000.0,1925,0,0.0,92500.0,92500.0,-7500.0
675,Rayna Durham,flat,100.0,100000.0,50000.0,1987,0,0.0,98700.0,98700.0,-1300.0
676,Kellen Guerrero,flat,100.0,100000.0,50000.0,1966,0,0.0,96600.0,96600.0,-3400.0
677,Margot Whitaker,flat,100.0,100000.0,50000.0,1953,0,0.0,95300.0,95300.0,-4700.0
678,Keith Schmidt,flat,100.0,100000.0,50000.0,1949,0,0.0,94900.0,94900.0,-5100.0
679,Kimberly Norris,flat,100.0,100000.0,50000.0,1967,0,0.0,96700.0,96700.0,-3300.0
680,Cairo Ibarra,flat,100.0,100000.0,50000.0,2029,0,0.0,102900.0,102900.0,2900.0
681,Madilynn Torres,flat,100.0,100000.0,50000.0,1880,0,0.0,88000.0,88000.0,-12000.0
682,Jayden Maldonado,flat,100.0,100000.0,50000.0,1959,0,0.0,95900.0,95900.0,-4100.0
683,Elaina Rocha,flat,100.0,100000.0,50000.0,1898,0,0.0,89800.0,89800.0,-10200.0
684,Onyx Rose,flat,100.0,100000.0,50000.0,1971,0,0.0,97100.0,97100.0,-2900.0
685,Magnolia Carrillo,flat,100.0,100000.0,50000.0,1862,0,0.0,86200.0,86200.0,-13800.0
686,Wade Fischer,flat,100.0,100000.0,50000.0,1916,0,0.0,91600.0,91600.0,-8400.0
687,Maci Rich,flat,100.0,100000.0,50000.0,1987,0,0.0,98700.0,98700.0,-1300.0
688,Miller Wilcox,flat,100.0,100000.0,50000.0,1828,0,0.0,82800.0,82800.0,-17200.0
689,Ashlyn Terrell,flat,100.0,100000.0,50000.0,1919,0,0.0,91900.0,91900.0,-8100.0
690,Jaxen Donovan,flat,100.0,100000.0,50000.0,1931,0,0.0,93100.0,93100.0,-6900.0
691,Azariah McKay,flat,100.0,100000.0,50000.0,1984,0,0.0,98400.0,98400.0,-1600.0
692,Joey Maynard,flat,100.0,100000.0,50000.0,1947,0,0.0,94700.0,94700.0,-5300.0
693,Carolyn Stone,flat,100.0,100000.0,50000.0,1990,0,0.0,99000.0,99000.0,-1000.0
694,Finn Reese,flat,100.0,100000.0,50000.0,1964,0,0.0,96400.0,96400.0,-3600.0
695,Rosemary Dillon,flat,100.0,100000.0,50000.0,1916,0,0.0,91600.0,91600.0,-8400.0
696,Alvin Frost,flat,100.0,100000.0,50000.0,1962,0,0.0,96200.0,96200.0,-3800.0
697,Paula Petersen,flat,100.0,100000.0,50000.0,1892,0,0.0,89200.0,89200.0,-10800.0
698,Samson Duarte,flat,100.0,100000.0,50000.0,1906,0,0.0,90600.0,90600.0,-9400.0
699,Kynlee Rivers,flat,100.0,100000.0,50000.0,1880,0,0.0,88000.0,88000.0,-12000.0
700,Bear Page,flat,100.0,100000.0,50000.0,1956,0,0.0,95600.0,95600.0,-4400.0
701,Cataleya Delarosa,flat,100.0,100000.0,50000.0,1975,0,0.0,97500.0,97500.0,-2500.0
702,Osiris Cabrera,flat,100.0,100000.0,50000.0,1920,0,0.0,92000.0,92000.0,-8000.0
703,Daleyza Fowler,flat,100.0,100000.0,50000.0,1927,0,0.0,92700.0,92700.0,-7300.0
704,Kameron Stevens,flat,100.0,100000.0,50000.0,1853,0,0.0,85300.0,85300.0,-14700.0
705,Katherine Frye,flat,100.0,100000.0,50000.0,1938,0,0.0,93800.0,93800.0,-6200.0
706,Franco Welch,flat,100.0,100000.0,50000.0,1922,0,0.0,92200.0,92200.0,-7800.0
707,Amira Freeman,flat,100.0,100000.0,50000.0,2016,0,0.0,101600.0,101600.0,1600.0
708,Jayce Cantrell,flat,100.0,100000.0,50000.0,1959,0,0.0,95900.0,95900.0,-4100.0
709,Yamileth Alexander,flat,100.0,100000.0,50000.0,2052,0,0.0,105200.0,105200.0,5200.0
710,Kingston Boyle,flat,100.0,100000.0,50000.0,1986,0,0.0,98600.0,98600.0,-1400.0
711,Aliya Henson,flat,100.0,100000.0,50000.0,1939,0,0.0,93900.0,93900.0,-6100.0
712,Bellamy Bishop,flat,100.0,100000.0,50000.0,1933,0,0.0,93300.0,93300.0,-6700.0
713,Brooklynn Cochran,flat,100.0,100000.0,50000.0,1989,0,0.0,98900.0,98900.0,-1100.0
714,Danny Browning,flat,100.0,100000.0,50000.0,1995,0,0.0,99500.0,99500.0,-500.0
715,Princess Sanders,flat,100.0,100000.0,50000.0,1924,0,0.0,92400.0,92400.0,-7600.0
716,Jose Ruiz,flat,100.0,100000.0,50000.0,1927,0,0.0,92700.0,92700.0,-7300.0
717,Emery Moran,flat,100.0,100000.0,50000.0,1984,0,0.0,98400.0,98400.0,-1600.0
718,Tate Jaramillo,flat,100.0,100000.0,50000.0,1949,0,0.0,94900.0,94900.0,-5100.0
719,Guadalupe Ingram,flat,100.0,100000.0,50000.0,1929,0,0.0,92900.0,92900.0,-7100.0
720,Tripp Nolan,flat,100.0,100000.0,50000.0,1983,0,0.0,98300.0,98300.0,-1700.0
721,Itzayana Wilkins,flat,100.0,100000.0,50000.0,1993,0,0.0,99300.0,99300.0,-700.0
722,Yusuf Casey,flat,100.0,100000.0,50000.0,1990,0,0.0,99000.0,99000.0,-1000.0
723,Sylvia Dawson,flat,100.0,100000.0,50000.0,1916,0,0.0,91600.0,91600.0,-8400.0
724,Iker Blair,flat,100.0,100000.0,50000.0,1902,0,0.0,90200.0,90200.0,-9800.0
725,Frances Delarosa,flat,100.0,100000.0,50000.0,1992,0,0.0,99200.0,99200.0,-800.0
726,Osiris Woods,flat,100.0,100000.0,50000.0,2013,0,0.0,101300.0,101300.0,1300.0
727,Reese Jimenez,flat,100.0,100000.0,50000.0,1919,0,0.0,91900.0,91900.0,-8100.0
728,Silas Parrish,flat,100.0,100000.0,50000.0,1900,0,0.0,90000.0,90000.0,-10000.0
729,Tiana Schaefer,flat,100.0,100000.0,50000.0,2011,0,0.0,101100.0,101100.0,1100.0
730,Ishaan Lowery,flat,100.0,100000.0,50000.0,1913,0,0.0,91300.0,91300.0,-8700.0
731,Estelle Parrish,flat,100.0,100000.0,50000.0,2006,0,0.0,100600.0,100600.0,600.0
732,Karsyn Munoz,flat,100.0,100000.0,50000.0,1933,0,0.0,93300.0,93300.0,-6700.0
733,Kehlani Macias,flat,100.0,100000.0,50000.0,1906,0,0.0,90600.0,90600.0,-9400.0
734,Moshe Bautista,flat,100.0,100000.0,50000.0,1908,0,0.0,90800.0,90800.0,-9200.0
735,Antonella Duran,flat,100.0,100000.0,50000.0,1966,0,0.0,96600.0,96600.0,-3400.0
736,Ismael Strong,flat,100.0,100000.0,50000.0,2023,0,0.0,102300.0,102300.0,2300.0
737,Margo Acevedo,flat,100.0,100000.0,50000.0,2064,0,0.0,106400.0,106400.0,6400.0
738,Dakari Ramsey,flat,100.0,100000.0,50000.0,1929,0,0.0,92900.0,92900.0,-7100.0
739,Lyric Arnold,flat,100.0,100000.0,50000.0,1932,0,0.0,93200.0,93200.0,-6800.0
740,Abraham Christian,flat,100.0,100000.0,50000.0,1968,0,0.0,96800.0,96800.0,-3200.0
741,Anahi Rodgers,flat,100.0,100000.0,50000.0,1904,0,0.0,90400.0,90400.0,-9600.0
742,Mathias Hodge,flat,100.0,100000.0,50000.0,1837,0,0.0,83700.0,83700.0,-16300.0
743,Coraline Skinner,flat,100.0,100000.0,50000.0,1882,0,0.0,88200.0,88200.0,-11800.0
744,Ridge Goodman,flat,100.0,100000.0,50000.0,1929,0,0.0,92900.0,92900.0,-7100.0
745,Carolina Esquivel,flat,100.0,100000.0,50000.0,1888,0,0.0,88800.0,88800.0,-11200.0
746,Bridger Clark,flat,100.0,100000.0,50000.0,1939,0,0.0,93900.0,93900.0,-6100.0
747,Chloe Yates,flat,100.0,100000.0,50000.0,1939,0,0.0,93900.0,93900.0,-6100.0
748,Braylon Gray,flat,100.0,100000.0,50000.0,1946,0,0.0,94600.0,94600.0,-5400.0
749,Sarah Murillo,flat,100.0,100000.0,50000.0,1939,0,0.0,93900.0,93900.0,-6100.0
750,Lance Krueger,flat,100.0,100000.0,50000.0,1928,0,0.0,92800.0,92800.0,-7200.0
751,Kamari Vang,flat,100.0,100000.0,50000.0,1989,0,0.0,98900.0,98900.0,-1100.0
752,Jimmy Hampton,flat,100.0,100000.0,50000.0,1897,0,0.0,89700.0,89700.0,-10300.0
753,Leona Maxwell,flat,100.0,100000.0,50000.0,1885,0,0.0,88500.0,88500.0,-11500.0
754,Eden Esquivel,flat,100.0,100000.0,50000.0,1946,0,0.0,94600.0,94600.0,-5400.0
755,Jaylee Wise,flat,100.0,100000.0,50000.0,1925,0,0.0,92500.0,92500.0,-7500.0
756,Frederick Bailey,flat,100.0,100000.0,50000.0,1997,0,0.0,99700.0,99700.0,-300.0
757,Kennedy Spears,flat,100.0,100000.0,50000.0,1988,0,0.0,98800.0,98800.0,-1200.0
758,Ameer Rush,flat,100.0,100000.0,50000.0,1916,0,0.0,91600.0,91600.0,-8400.0
759,Maleah Drake,flat,100.0,100000.0,50000.0,1954,0,0.0,95400.0,95400.0,-4600.0
760,Jalen Schwartz,flat,100.0,100000.0,50000.0,1986,0,0.0,98600.0,98600.0,-1400.0
761,Lilliana Willis,flat,100.0,100000.0,50000.0,1978,0,0.0,97800.0,97800.0,-2200.0
762,Remington Deleon,flat,100.0,100000.0,50000.0,1992,0,0.0,99200.0,99200.0,-800.0
763,Gabrielle Walter,flat,100.0,100000.0,50000.0,1962,0,0.0,96200.0,96200.0,-3800.0
764,Lochlan Parker,flat,100.0,100000.0,50000.0,2077,0,0.0,107700.0,107700.0,7700.0
765,Aubrey Marsh,flat,100.0,100000.0,50000.0,1936,0,0.0,93600.0,93600.0,-6400.0
766,Bo Clarke,flat,100.0,100000.0,50000.0,1945,0,0.0,94500.0,94500.0,-5500.0
767,Kaitlyn Lynn,flat,100.0,100000.0,50000.0,2014,0,0.0,101400.0,101400.0,1400.0
768,Zechariah Perkins,flat,100.0,100000.0,50000.0,1951,0,0.0,95100.0,95100.0,-4900.0
769,Sage Peck,flat,100.0,100000.0,50000.0,1897,0,0.0,89700.0,89700.0,-10300.0
770,Yousef Gonzalez,flat,100.0,100000.0,50000.0,1852,0,0.0,85200.0,85200.0,-14800.0
771,Abigail Martin,flat,100.0,100000.0,50000.0,1889,0,0.0,88900.0,88900.0,-11100.0
772,Mateo Lynn,flat,100.0,100000.0,50000.0,1909,0,0.0,90900.0,90900.0,-9100.0
773,Samira Avery,flat,100.0,100000.0,50000.0,1904,0,0.0,90400.0,90400.0,-9600.0
774,Jakari Carter,flat,100.0,100000.0,50000.0,1948,0,0.0,94800.0,94800.0,-5200.0
775,Lucy Noble,flat,100.0,100000.0,50000.0,1935,0,0.0,93500.0,93500.0,-6500.0
776,Idris Rice,flat,100.0,100000.0,50000.0,1940,0,0.0,94000.0,94000.0,-6000.0
777,Ada Sparks,flat,100.0,100000.0,50000.0,1994,0,0.0,99400.0,99400.0,-600.0
778,Drake Bartlett,flat,100.0,100000.0,50000.0,1912,0,0.0,91200.0,91200.0,-8800.0
779,Aubrielle Stanton,flat,100.0,100000.0,50000.0,1954,0,0.0,95400.0,95400.0,-4600.0
780,Zyair Lam,flat,100.0,100000.0,50000.0,2030,0,0.0,103000.0,103000.0,3000.0
781,Karina Shaw,flat,100.0,100000.0,50000.0,1917,0,0.0,91700.0,91700.0,-8300.0
782,Elliot Gray,flat,100.0,100000.0,50000.0,1920,0,0.0,92000.0,92000.0,-8000.0
783,Sarah Costa,flat,100.0,100000.0,50000.0,1955,0,0.0,95500.0,95500.0,-4500.0
784,Kenji Cole,flat,100.0,100000.0,50000.0,1947,0,0.0,94700.0,94700.0,-5300.0
785,Margaret Alfaro,flat,100.0,100000.0,50000.0,1898,0,0.0,89800.0,89800.0,-10200.0
786,Xzavier Acosta,flat,100.0,100000.0,50000.0,2006,0,0.0,100600.0,100600.0,600.0
787,Kaia McIntosh,flat,100.0,100000.0,50000.0,1949,0,0.0,94900.0,94900.0,-5100.0
788,Kristian Chang,flat,100.0,100000.0,50000.0,1922,0,0.0,92200.0,92200.0,-7800.0
789,Ophelia Mills,flat,100.0,100000.0,50000.0,1959,0,0.0,95900.0,95900.0,-4100.0
790,Alex Kline,flat,100.0,100000.0,50000.0,1979,0,0.0,97900.0,97900.0,-2100.0
791,Sevyn Clayton,flat,100.0,100000.0,50000.0,1984,0,0.0,98400.0,98400.0,-1600.0
792,Boston Madden,flat,100.0,100000.0,50000.0,1868,0,0.0,86800.0,86800.0,-13200.0
793,Violette Choi,flat,100.0,100000.0,50000.0,1945,0,0.0,94500.0,94500.0,-5500.0
794,Khari Huber,flat,100.0,100000.0,50000.0,1937,0,0.0,93700.0,93700.0,-6300.0
795,Raquel Bruce,flat,100.0,100000.0,50000.0,1974,0,0.0,97400.0,97400.0,-2600.0
796,Uriah Torres,flat,100.0,100000.0,50000.0,1982,0,0.0,98200.0,98200.0,-1800.0
797,Violet Schmitt,flat,100.0,100000.0,50000.0,1962,0,0.0,96200.0,96200.0,-3800.0
798,Murphy McLaughlin,flat,100.0,100000.0,50000.0,1967,0,0.0,96700.0,96700.0,-3300.0
799,Stephanie Barron,flat,100.0,100000.0,50000.0,1887,0,0.0,88700.0,88700.0,-11300.0
800,Dustin Guzman,flat,100.0,100000.0,50000.0,1924,0,0.0,92400.0,92400.0,-7600.0
801,Ashley Valdez,flat,100.0,100000.0,50000.0,1955,0,0.0,95500.0,95500.0,-4500.0
802,Kyler Fischer,flat,100.0,100000.0,50000.0,1956,0,0.0,95600.0,95600.0,-4400.0
803,Maci Peralta,flat,100.0,100000.0,50000.0,1947,0,0.0,94700.0,94700.0,-5300.0
804,Dangelo Bryant,flat,100.0,100000.0,50000.0,1941,0,0.0,94100.0,94100.0,-5900.0
805,Parker Nelson,flat,100.0,100000.0,50000.0,2000,0,0.0,100000.0,100000.0,0.0
806,Dylan Morgan,flat,100.0,100000.0,50000.0,1957,0,0.0,95700.0,95700.0,-4300.0
807,Delilah Stewart,flat,100.0,100000.0,50000.0,1891,0,0.0,89100.0,89100.0,-10900.0
808,Nolan Nolan,flat,100.0,100000.0,50000.0,2009,0,0.0,100900.0,100900.0,900.0
809,Itzayana Hull,flat,100.0,100000.0,50000.0,1895,0,0.0,89500.0,89500.0,-10500.0
810,Salem Harding,flat,100.0,100000.0,50000.0,1940,0,0.0,94000.0,94000.0,-6000.0
811,Aniya Bowen,flat,100.0,100000.0,50000.0,1966,0,0.0,96600.0,96600.0,-3400.0
812,Trevor Travis,flat,100.0,100000.0,50000.0,2006,0,0.0,100600.0,100600.0,600.0
813,Mazikee Hudson,flat,100.0,100000.0,50000.0,1945,0,0.0,94500.0,94500.0,-5500.0
814,Peter McCormick,flat,100.0,100000.0,50000.0,2014,0,0.0,101400.0,101400.0,1400.0
815,Macie Sierra,flat,100.0,100000.0,50000.0,1982,0,0.0,98200.0,98200.0,-1800.0
816,Dayton Reid,flat,100.0,100000.0,50000.0,1955,0,0.0,95500.0,95500.0,-4500.0
817,Charlee Noble,flat,100.0,100000.0,50000.0,1856,0,0.0,85600.0,85600.0,-14400.0
818,Idris Pineda,flat,100.0,100000.0,50000.0,1919,0,0.0,91900.0,91900.0,-8100.0
819,Nola Wiggins,flat,100.0,100000.0,50000.0,2023,0,0.0,102300.0,102300.0,2300.0
820,Azariah Craig,flat,100.0,100000.0,50000.0,1991,0,0.0,99100.0,99100.0,-900.0
821,Brynn Valdez,flat,100.0,100000.0,50000.0,1970,0,0.0,97000.0,97000.0,-3000.0
822,Kyler Frye,flat,100.0,100000.0,50000.0,1977,0,0.0,97700.0,97700.0,-2300.0
823,Raya Conrad,flat,100.0,100000.0,50000.0,1979,0,0.0,97900.0,97900.0,-2100.0
824,Dilan Randall,flat,100.0,100000.0,50000.0,1861,0,0.0,86100.0,86100.0,-13900.0
825,Christina Nash,flat,100.0,100000.0,50000.0,1902,0,0.0,90200.0,90200.0,-9800.0
826,Chandler Lin,flat,100.0,100000.0,50000.0,1920,0,0.0,92000.0,92000.0,-8000.0
827,Makenna Hardy,flat,100.0,100000.0,50000.0,1921,0,0.0,92100.0,92100.0,-7900.0
828,Jayceon Crawford,flat,100.0,100000.0,50000.0,1885,0,0.0,88500.0,88500.0,-11500.0
829,Aubree Walter,flat,100.0,100000.0,50000.0,1972,0,0.0,97200.0,97200.0,-2800.0
830,Lochlan Boyd,flat,100.0,100000.0,50000.0,1939,0,0.0,93900.0,93900.0,-6100.0
831,Georgia Blackwell,flat,100.0,100000.0,50000.0,2026,0,0.0,102600.0,102600.0,2600.0
832,Marcellus Hurst,flat,100.0,100000.0,50000.0,1913,0,0.0,91300.0,91300.0,-8700.0
833,Adalee Huffman,flat,100.0,100000.0,50000.0,1976,0,0.0,97600.0,97600.0,-2400.0
834,Chris Reynolds,flat,100.0,100000.0,50000.0,2001,0,0.0,100100.0,100100.0,100.0
835,Isabelle Zhang,flat,100.0,100000.0,50000.0,1945,0,0.0,94500.0,94500.0,-5500.0
836,Isaias Watts,flat,100.0,100000.0,50000.0,1932,0,0.0,93200.0,93200.0,-6800.0
837,Melissa Wilkins,flat,100.0,100000.0,50000.0,1904,0,0.0,90400.0,90400.0,-9600.0
838,Yusuf Neal,flat,100.0,100000.0,50000.0,1995,0,0.0,99500.0,99500.0,-500.0
839,Talia Savage,flat,100.0,100000.0,50000.0,2016,0,0.0,101600.0,101600.0,1600.0
840,Keaton Myers,flat,100.0,100000.0,50000.0,1950,0,0.0,95000.0,95000.0,-5000.0
841,Lydia Boyer,flat,100.0,100000.0,50000.0,1967,0,0.0,96700.0,96700.0,-3300.0
842,Zeke Blake,flat,100.0,100000.0,50000.0,1992,0,0.0,99200.0,99200.0,-800.0
843,Amanda Gaines,flat,100.0,100000.0,50000.0,1930,0,0.0,93000.0,93000.0,-7000.0
844,Talon Owens,flat,100.0,100000.0,50000.0,1929,0,0.0,92900.0,92900.0,-7100.0
845,Amaya Anderson,flat,100.0,100000.0,50000.0,1918,0,0.0,91800.0,91800.0,-8200.0
846,Jacob Adams,flat,100.0,100000.0,50000.0,1996,0,0.0,99600.0,99600.0,-400.0
847,Stella Clark,flat,100.0,100000.0,50000.0,1987,0,0.0,98700.0,98700.0,-1300.0
848,John Richards,flat,100.0,100000.0,50000.0,1881,0,0.0,88100.0,88100.0,-11900.0
849,Trinity Farmer,flat,100.0,100000.0,50000.0,2035,0,0.0,103500.0,103500.0,3500.0
850,Jamison Lamb,flat,100.0,100000.0,50000.0,1949,0,0.0,94900.0,94900.0,-5100.0
851,Amaia Webb,flat,100.0,100000.0,50000.0,2047,0,0.0,104700.0,104700.0,4700.0
852,Lorenzo Farmer,flat,100.0,100000.0,50000.0,1919,0,0.0,91900.0,91900.0,-8100.0
853,Madelynn Yu,flat,100.0,100000.0,50000.0,1975,0,0.0,97500.0,97500.0,-2500.0
854,Bryant Bryant,flat,100.0,100000.0,50000.0,1991,0,0.0,99100.0,99100.0,-900.0
855,Parker Tapia,flat,100.0,100000.0,50000.0,1946,0,0.0,94600.0,94600.0,-5400.0
856,Samir Grimes,flat,100.0,100000.0,50000.0,1928,0,0.0,92800.0,92800.0,-7200.0
857,Braelyn Ware,flat,100.0,100000.0,50000.0,1858,0,0.0,85800.0,85800.0,-14200.0
858,Tadeo Munoz,flat,100.0,100000.0,50000.0,1898,0,0.0,89800.0,89800.0,-10200.0
859,Kehlani Brooks,flat,100.0,100000.0,50000.0,1899,0,0.0,89900.0,89900.0,-10100.0
860,Jordan Roman,flat,100.0,100000.0,50000.0,1930,0,0.0,93000.0,93000.0,-7000.0
861,Astrid Dougherty,flat,100.0,100000.0,50000.0,1960,0,0.0,96000.0,96000.0,-4000.0
862,Brett McCann,flat,100.0,100000.0,50000.0,1957,0,0.0,95700.0,95700.0,-4300.0
863,Joyce Logan,flat,100.0,100000.0,50000.0,1897,0,0.0,89700.0,89700.0,-10300.0
864,Rocco Lane,flat,100.0,100000.0,50000.0,1968,0,0.0,96800.0,96800.0,-3200.0
865,Amy Schmidt,flat,100.0,100000.0,50000.0,1875,0,0.0,87500.0,87500.0,-12500.0
866,Zayden Ruiz,flat,100.0,100000.0,50000.0,1944,0,0.0,94400.0,94400.0,-5600.0
867,Emery Thornton,flat,100.0,100000.0,50000.0,1982,0,0.0,98200.0,98200.0,-1800.0
868,Malik Lloyd,flat,100.0,100000.0,50000.0,1861,0,0.0,86100.0,86100.0,-13900.0
869,Emely Singh,flat,100.0,100000.0,50000.0,1924,0,0.0,92400.0,92400.0,-7600.0
870,Louis Perez,flat,100.0,100000.0,50000.0,1960,0,0.0,96000.0,96000.0,-4000.0
871,Eleanor Rasmussen,flat,100.0,100000.0,50000.0,1905,0,0.0,90500.0,90500.0,-9500.0
872,Will Gordon,flat,100.0,100000.0,50000.0,1922,0,0.0,92200.0,92200.0,-7800.0
873,Taylor Rasmussen,flat,100.0,100000.0,50000.0,1940,0,0.0,94000.0,94000.0,-6000.0
874,Will Jennings,flat,100.0,100000.0,50000.0,1896,0,0.0,89600.0,89600.0,-10400.0
875,Palmer Snyder,flat,100.0,100000.0,50000.0,1967,0,0.0,96700.0,96700.0,-3300.0
876,Thiago Becker,flat,100.0,100000.0,50000.0,1982,0,0.0,98200.0,98200.0,-1800.0
877,Laura Bender,flat,100.0,100000.0,50000.0,1992,0,0.0,99200.0,99200.0,-800.0
878,Zavier Erickson,flat,100.0,100000.0,50000.0,1939,0,0.0,93900.0,93900.0,-6100.0
879,Sabrina Fry,flat,100.0,100000.0,50000.0,1976,0,0.0,97600.0,97600.0,-2400.0
880,Jacoby Moody,flat,100.0,100000.0,50000.0,1936,0,0.0,93600.0,93600.0,-6400.0
881,Elaine Skinner,flat,100.0,100000.0,50000.0,1844,0,0.0,84400.0,84400.0,-15600.0
882,Ridge Casey,flat,100.0,100000.0,50000.0,1953,0,0.0,95300.0,95300.0,-4700.0
883,Sylvia Wells,flat,100.0,100000.0,50000.0,1894,0,0.0,89400.0,89400.0,-10600.0
884,Max Houston,flat,100.0,100000.0,50000.0,1929,0,0.0,92900.0,92900.0,-7100.0
885,Lylah Serrano,flat,100.0,100000.0,50000.0,1974,0,0.0,97400.0,97400.0,-2600.0
886,Milan Beltran,flat,100.0,100000.0,50000.0,1993,0,0.0,99300.0,99300.0,-700.0
887,Kaydence Escobar,flat,100.0,100000.0,50000.0,1861,0,0.0,86100.0,86100.0,-13900.0
888,Zachariah Sanders,flat,100.0,100000.0,50000.0,1972,0,0.0,97200.0,97200.0,-2800.0
889,Everleigh Barker,flat,100.0,100000.0,50000.0,1897,0,0.0,89700.0,89700.0,-10300.0
890,Kade Christian,flat,100.0,100000.0,50000.0,1961,0,0.0,96100.0,96100.0,-3900.0
891,Anahi Kane,flat,100.0,100000.0,50000.0,1910,0,0.0,91000.0,91000.0,-9000.0
892,Brock Villegas,flat,100.0,100000.0,50000.0,1967,0,0.0,96700.0,96700.0,-3300.0
893,Jessie McCullough,flat,100.0,100000.0,50000.0,1963,0,0.0,96300.0,96300.0,-3700.0
894,Briar Warner,flat,100.0,100000.0,50000.0,1926,0,0.0,92600.0,92600.0,-7400.0
895,Wynter Jacobs,flat,100.0,100000.0,50000.0,1955,0,0.0,95500.0,95500.0,-4500.0
896,Bryan Ibarra,flat,100.0,100000.0,50000.0,1948,0,0.0,94800.0,94800.0,-5200.0
897,Madilynn Portillo,flat,100.0,100000.0,50000.0,1904,0,0.0,90400.0,90400.0,-9600.0
898,Wallace McDowell,flat,100.0,100000.0,50000.0,1899,0,0.0,89900.0,89900.0,-10100.0
899,Rayna Gordon,flat,100.0,100000.0,50000.0,1920,0,0.0,92000.0,92000.0,-8000.0
900,Karter Holland,flat,100.0,100000.0,50000.0,1854,0,0.0,85400.0,85400.0,-14600.0
901,Mariah O’Neal,flat,100.0,100000.0,50000.0,1950,0,0.0,95000.0,95000.0,-5000.0
902,Eddie Khan,flat,100.0,100000.0,50000.0,1912,0,0.0,91200.0,91200.0,-8800.0
903,Mabel Lozano,flat,100.0,100000.0,50000.0,1892,0,0.0,89200.0,89200.0,-10800.0
904,Boone Molina,flat,100.0,100000.0,50000.0,1954,0,0.0,95400.0,95400.0,-4600.0
905,Alexandria Simpson,flat,100.0,100000.0,50000.0,1903,0,0.0,90300.0,90300.0,-9700.0
906,Elliott McKinney,flat,100.0,100000.0,50000.0,1939,0,0.0,93900.0,93900.0,-6100.0
907,Gwendolyn Lozano,flat,100.0,100000.0,50000.0,1970,0,0.0,97000.0,97000.0,-3000.0
908,Boone Rollins,flat,100.0,100000.0,50000.0,1931,0,0.0,93100.0,93100.0,-6900.0
909,Araceli Schmitt,flat,100.0,100000.0,50000.0,1922,0,0.0,92200.0,92200.0,-7800.0
910,Murphy Roach,flat,100.0,100000.0,50000.0,2021,0,0.0,102100.0,102100.0,2100.0
911,Lyanna Fields,flat,100.0,100000.0,50000.0,1912,0,0.0,91200.0,91200.0,-8800.0
912,Clayton Suarez,flat,100.0,100000.0,50000.0,1968,0,0.0,96800.0,96800.0,-3200.0
913,Jimena Zavala,flat,100.0,100000.0,50000.0,1857,0,0.0,85700.0,85700.0,-14300.0
914,Dillon Aguilar,flat,100.0,100000.0,50000.0,1957,0,0.0,95700.0,95700.0,-4300.0
915,Josie Jennings,flat,100.0,100000.0,50000.0,1975,0,0.0,97500.0,97500.0,-2500.0
916,Corbin Foster,flat,100.0,100000.0,50000.0,1872,0,0.0,87200.0,87200.0,-12800.0
917,Brielle Dudley,flat,100.0,100000.0,50000.0,2000,0,0.0,100000.0,100000.0,0.0
918,Colter Graham,flat,100.0,100000.0,50000.0,2053,0,0.0,105300.0,105300.0,5300.0
919,Alaia Golden,flat,100.0,100000.0,50000.0,1975,0,0.0,97500.0,97500.0,-2500.0
920,Amias Payne,flat,100.0,100000.0,50000.0,1987,0,0.0,98700.0,98700.0,-1300.0
921,London Browning,flat,100.0,100000.0,50000.0,1983,0,0.0,98300.0,98300.0,-1700.0
922,Rohan Moore,flat,100.0,100000.0,50000.0,1951,0,0.0,95100.0,95100.0,-4900.0
923,Emily Banks,flat,100.0,100000.0,50000.0,1956,0,0.0,95600.0,95600.0,-4400.0
924,Martin Powers,flat,100.0,100000.0,50000.0,1959,0,0.0,95900.0,95900.0,-4100.0
925,Michelle O’Neill,flat,100.0,100000.0,50000.0,1989,0,0.0,98900.0,98900.0,-1100.0
926,Marcel Fuller,flat,100.0,100000.0,50000.0,1938,0,0.0,93800.0,93800.0,-6200.0
927,Oakley Gray,flat,100.0,100000.0,50000.0,2007,0,0.0,100700.0,100700.0,700.0
928,Nicholas Woods,flat,100.0,100000.0,50000.0,1955,0,0.0,95500.0,95500.0,-4500.0
929,Reese Hahn,flat,100.0,100000.0,50000.0,1926,0,0.0,92600.0,92600.0,-7400.0
930,Kabir McCullough,flat,100.0,100000.0,50000.0,1946,0,0.0,94600.0,94600.0,-5400.0
931,Hana Conway,flat,100.0,100000.0,50000.0,1933,0,0.0,93300.0,93300.0,-6700.0
932,Orlando Zavala,flat,100.0,100000.0,50000.0,1933,0,0.0,93300.0,93300.0,-6700.0
933,Liv Gilmore,flat,100.0,100000.0,50000.0,1891,0,0.0,89100.0,89100.0,-10900.0
934,Vihaan Daugherty,flat,100.0,100000.0,50000.0,1938,0,0.0,93800.0,93800.0,-6200.0
935,Magdalena Jefferson,flat,100.0,100000.0,50000.0,1928,0,0.0,92800.0,92800.0,-7200.0
936,Raylan Keith,flat,100.0,100000.0,50000.0,1954,0,0.0,95400.0,95400.0,-4600.0
937,Elyse Mann,flat,100.0,100000.0,50000.0,1833,0,0.0,83300.0,83300.0,-16700.0
938,Nehemiah Estrada,flat,100.0,100000.0,50000.0,1895,0,0.0,89500.0,89500.0,-10500.0
939,Sawyer Simpson,flat,100.0,100000.0,50000.0,1975,0,0.0,97500.0,97500.0,-2500.0
940,Elliott Harmon,flat,100.0,100000.0,50000.0,1986,0,0.0,98600.0,98600.0,-1400.0
941,Maren Winters,flat,100.0,100000.0,50000.0,1939,0,0.0,93900.0,93900.0,-6100.0
942,Deandre Sampson,flat,100.0,100000.0,50000.0,1933,0,0.0,93300.0,93300.0,-6700.0
943,Meilani Mack,flat,100.0,100000.0,50000.0,1955,0,0.0,95500.0,95500.0,-4500.0
944,Esteban Klein,flat,100.0,100000.0,50000.0,1950,0,0.0,95000.0,95000.0,-5000.0
945,Elianna Anthony,flat,100.0,100000.0,50000.0,1937,0,0.0,93700.0,93700.0,-6300.0
946,Shiloh Knox,flat,100.0,100000.0,50000.0,1899,0,0.0,89900.0,89900.0,-10100.0
947,Kallie McIntyre,flat,100.0,100000.0,50000.0,1919,0,0.0,91900.0,91900.0,-8100.0
948,Eliseo Hopkins,flat,100.0,100000.0,50000.0,1962,0,0.0,96200.0,96200.0,-3800.0
949,Gabriela Hunter,flat,100.0,100000.0,50000.0,1972,0,0.0,97200.0,97200.0,-2800.0
950,Archer Bullock,flat,100.0,100000.0,50000.0,2049,0,0.0,104900.0,104900.0,4900.0
951,Winnie Briggs,flat,100.0,100000.0,50000.0,1979,0,0.0,97900.0,97900.0,-2100.0
952,Case Huff,flat,100.0,100000.0,50000.0,1930,0,0.0,93000.0,93000.0,-7000.0
953,Karsyn Copeland,flat,100.0,100000.0,50000.0,2021,0,0.0,102100.0,102100.0,2100.0
954,Axton Richards,flat,100.0,100000.0,50000.0,1965,0,0.0,96500.0,96500.0,-3500.0
955,Trinity Dillon,flat,100.0,100000.0,50000.0,1904,0,0.0,90400.0,90400.0,-9600.0
956,Alvin Sierra,flat,100.0,100000.0,50000.0,1955,0,0.0,95500.0,95500.0,-4500.0
957,Marceline Johnson,flat,100.0,100000.0,50000.0,1855,0,0.0,85500.0,85500.0,-14500.0
958,Noah Quinn,flat,100.0,100000.0,50000.0,1983,0,0.0,98300.0,98300.0,-1700.0
959,Heaven Morris,flat,100.0,100000.0,50000.0,1951,0,0.0,95100.0,95100.0,-4900.0
960,Christian Gould,flat,100.0,100000.0,50000.0,1903,0,0.0,90300.0,90300.0,-9700.0
961,Violeta Magana,flat,100.0,100000.0,50000.0,1938,0,0.0,93800.0,93800.0,-6200.0
962,Rey Enriquez,flat,100.0,100000.0,50000.0,1931,0,0.0,93100.0,93100.0,-6900.0
963,Nellie Jensen,flat,100.0,100000.0,50000.0,1995,0,0.0,99500.0,99500.0,-500.0
964,Cash Simpson,flat,100.0,100000.0,50000.0,1932,0,0.0,93200.0,93200.0,-6800.0
965,Anastasia Mathis,flat,100.0,100000.0,50000.0,1889,0,0.0,88900.0,88900.0,-11100.0
966,Gustavo Hanna,flat,100.0,100000.0,50000.0,1988,0,0.0,98800.0,98800.0,-1200.0
967,Cynthia Bauer,flat,100.0,100000.0,50000.0,1955,0,0.0,95500.0,95500.0,-4500.0
968,Kieran Lynch,flat,100.0,100000.0,50000.0,1940,0,0.0,94000.0,94000.0,-6000.0
969,Malia Tran,flat,100.0,100000.0,50000.0,1965,0,0.0,96500.0,96500.0,-3500.0
970,Braxton Vargas,flat,100.0,100000.0,50000.0,1933,0,0.0,93300.0,93300.0,-6700.0
971,Andrea Strong,flat,100.0,100000.0,50000.0,1949,0,0.0,94900.0,94900.0,-5100.0
972,Axl Poole,flat,100.0,100000.0,50000.0,2016,0,0.0,101600.0,101600.0,1600.0
973,Bonnie Drake,flat,100.0,100000.0,50000.0,1970,0,0.0,97000.0,97000.0,-3000.0
974,Jalen Frazier,flat,100.0,100000.0,50000.0,1979,0,0.0,97900.0,97900.0,-2100.0
975,Octavia Ayers,flat,100.0,100000.0,50000.0,2003,0,0.0,100300.0,100300.0,300.0
976,Ulises Colon,flat,100.0,100000.0,50000.0,1870,0,0.0,87000.0,87000.0,-13000.0
977,Remy Cline,flat,100.0,100000.0,50000.0,1938,0,0.0,93800.0,93800.0,-6200.0
978,Cullen Carpenter,flat,100.0,100000.0,50000.0,1941,0,0.0,94100.0,94100.0,-5900.0
979,Lilly Skinner,flat,100.0,100000.0,50000.0,1950,0,0.0,95000.0,95000.0,-5000.0
980,Ridge Luna,flat,100.0,100000.0,50000.0,1999,0,0.0,99900.0,99900.0,-100.0
981,Journey Hutchinson,flat,100.0,100000.0,50000.0,1943,0,0.0,94300.0,94300.0,-5700.0
982,Korbin Knox,flat,100.0,100000.0,50000.0,1952,0,0.0,95200.0,95200.0,-4800.0
983,Kallie Houston,flat,100.0,100000.0,50000.0,1940,0,0.0,94000.0,94000.0,-6000.0
984,Sylas Montoya,flat,100.0,100000.0,50000.0,1890,0,0.0,89000.0,89000.0,-11000.0
985,Kamryn Griffin,flat,100.0,100000.0,50000.0,1925,0,0.0,92500.0,92500.0,-7500.0
986,Ayden Lynn,flat,100.0,100000.0,50000.0,1884,0,0.0,88400.0,88400.0,-11600.0
987,Samira Weiss,flat,100.0,100000.0,50000.0,1926,0,0.0,92600.0,92600.0,-7400.0
988,Koa Reid,flat,100.0,100000.0,50000.0,2001,0,0.0,100100.0,100100.0,100.0
989,Charlee Kelley,flat,100.0,100000.0,50000.0,1902,0,0.0,90200.0,90200.0,-9800.0
990,Eric Dougherty,flat,100.0,100000.0,50000.0,1982,0,0.0,98200.0,98200.0,-1800.0
991,Alisson Benjamin,flat,100.0,100000.0,50000.0,1911,0,0.0,91100.0,91100.0,-8900.0
992,Kyro Mosley,flat,100.0,100000.0,50000.0,1884,0,0.0,88400.0,88400.0,-11600.0
993,Zaniyah Hurst,flat,100.0,100000.0,50000.0,1917,0,0.0,91700.0,91700.0,-8300.0
994,Neil Rosales,flat,100.0,100000.0,50000.0,1915,0,0.0,91500.0,91500.0,-8500.0
995,Kinley Buckley,flat,100.0,100000.0,50000.0,1955,0,0.0,95500.0,95500.0,-4500.0
996,Aryan Weaver,flat,100.0,100000.0,50000.0,1979,0,0.0,97900.0,97900.0,-2100.0
997,Teagan Flynn,flat,100.0,100000.0,50000.0,1965,0,0.0,96500.0,96500.0,-3500.0
998,Kannon Fernandez,flat,100.0,100000.0,50000.0,1957,0,0.0,95700.0,95700.0,-4300.0
999,Amara Chen,flat,100.0,100000.0,50000.0,1905,0,0.0,90500.0,90500.0,-9500.0
1000,Emmanuel Faulkner,flat,100.0,100000.0,50000.0,1974,0,0.0,97400.0,97400.0,-2600.0
1001,Lilian Conrad,flat,100.0,100000.0,50000.0,1899,0,0.0,89900.0,89900.0,-10100.0
1002,Dilan Moreno,flat,100.0,100000.0,50000.0,2007,0,0.0,100700.0,100700.0,700.0
1003,Mary Hebert,flat,100.0,100000.0,50000.0,1949,0,0.0,94900.0,94900.0,-5100.0
1004,Guillermo McPherson,flat,100.0,100000.0,50000.0,1979,0,0.0,97900.0,97900.0,-2100.0
1005,Emmaline Wyatt,flat,100.0,100000.0,50000.0,1971,0,0.0,97100.0,97100.0,-2900.0
1006,Sam Kennedy,flat,100.0,100000.0,50000.0,1935,0,0.0,93500.0,93500.0,-6500.0
1007,Brianna Montoya,flat,100.0,100000.0,50000.0,1871,0,0.0,87100.0,87100.0,-12900.0
1008,Ford Le,flat,100.0,100000.0,50000.0,2021,0,0.0,102100.0,102100.0,2100.0
1009,Myla Kennedy,flat,100.0,100000.0,50000.0,1970,0,0.0,97000.0,97000.0,-3000.0
1010,Maxwell Lane,flat,100.0,100000.0,50000.0,1916,0,0.0,91600.0,91600.0,-8400.0
1011,Amy Shepard,flat,100.0,100000.0,50000.0,2023,0,0.0,102300.0,102300.0,2300.0
1012,Damari Medrano,flat,100.0,100000.0,50000.0,1933,0,0.0,93300.0,93300.0,-6700.0
1013,Halle Dyer,flat,100.0,100000.0,50000.0,1974,0,0.0,97400.0,97400.0,-2600.0
1014,Atreus Lowery,flat,100.0,100000.0,50000.0,1933,0,0.0,93300.0,93300.0,-6700.0
1015,Estelle Harrison,flat,100.0,100000.0,50000.0,1908,0,0.0,90800.0,90800.0,-9200.0
1016,Gavin Dominguez,flat,100.0,100000.0,50000.0,1936,0,0.0,93600.0,93600.0,-6400.0
1017,Raegan Erickson,flat,100.0,100000.0,50000.0,1953,0,0.0,95300.0,95300.0,-4700.0
1018,Johnny Daniel,flat,100.0,100000.0,50000.0,1965,0,0.0,96500.0,96500.0,-3500.0
1019,Joy Barron,flat,100.0,100000.0,50000.0,2047,0,0.0,104700.0,104700.0,4700.0
1020,Dustin Franco,flat,100.0,100000.0,50000.0,1979,0,0.0,97900.0,97900.0,-2100.0
1021,Charleigh Valenzuela,flat,100.0,100000.0,50000.0,1915,0,0.0,91500.0,91500.0,-8500.0
1022,Jamari Pollard,flat,100.0,100000.0,50000.0,1932,0,0.0,93200.0,93200.0,-6800.0
1023,Marisol Dominguez,flat,100.0,100000.0,50000.0,1958,0,0.0,95800.0,95800.0,-4200.0
1024,Kaden Flynn,flat,100.0,100000.0,50000.0,1873,0,0.0,87300.0,87300.0,-12700.0
1025,Dorothy Barber,flat,100.0,100000.0,50000.0,1995,0,0.0,99500.0,99500.0,-500.0
1026,Solomon Andrews,flat,100.0,100000.0,50000.0,1973,0,0.0,97300.0,97300.0,-2700.0
1027,Payton Harmon,flat,100.0,100000.0,50000.0,1936,0,0.0,93600.0,93600.0,-6400.0
1028,Roberto Lester,flat,100.0,100000.0,50000.0,1962,0,0.0,96200.0,96200.0,-3800.0
1029,Averi Robles,flat,100.0,100000.0,50000.0,1969,0,0.0,96900.0,96900.0,-3100.0
1030,Otto Daniel,flat,100.0,100000.0,50000.0,2026,0,0.0,102600.0,102600.0,2600.0
1031,Joy Trevino,flat,100.0,100000.0,50000.0,1982,0,0.0,98200.0,98200.0,-1800.0
1032,Jaime Freeman,flat,100.0,100000.0,50000.0,1901,0,0.0,90100.0,90100.0,-9900.0
1033,Norah Salinas,flat,100.0,100000.0,50000.0,1934,0,0.0,93400.0,93400.0,-6600.0
1034,Edgar Patton,flat,100.0,100000.0,50000.0,1880,0,0.0,88000.0,88000.0,-12000.0
1035,Lorelei Esquivel,flat,100.0,100000.0,50000.0,2014,0,0.0,101400.0,101400.0,1400.0
1036,Bridger Zhang,flat,100.0,100000.0,50000.0,1924,0,0.0,92400.0,92400.0,-7600.0
1037,Sarai Pittman,flat,100.0,100000.0,50000.0,1917,0,0.0,91700.0,91700.0,-8300.0
1038,Valentino Gill,flat,100.0,100000.0,50000.0,1948,0,0.0,94800.0,94800.0,-5200.0
1039,Jordan Hanna,flat,100.0,100000.0,50000.0,1945,0,0.0,94500.0,94500.0,-5500.0
1040,Aydin Townsend,flat,100.0,100000.0,50000.0,1983,0,0.0,98300.0,98300.0,-1700.0
1041,Azalea Butler,flat,100.0,100000.0,50000.0,1941,0,0.0,94100.0,94100.0,-5900.0
1042,Ryder Herman,flat,100.0,100000.0,50000.0,1963,0,0.0,96300.0,96300.0,-3700.0
1043,Paulina Nunez,flat,100.0,100000.0,50000.0,1996,0,0.0,99600.0,99600.0,-400.0
1044,Caden West,flat,100.0,100000.0,50000.0,2052,0,0.0,105200.0,105200.0,5200.0
1045,Remi Yang,flat,100.0,100000.0,50000.0,1951,0,0.0,95100.0,95100.0,-4900.0
1046,Malcolm Norton,flat,100.0,100000.0,50000.0,1968,0,0.0,96800.0,96800.0,-3200.0
1047,Kylee Schmitt,flat,100.0,100000.0,50000.0,1864,0,0.0,86400.0,86400.0,-13600.0
1048,Murphy Brewer,flat,100.0,100000.0,50000.0,1848,0,0.0,84800.0,84800.0,-15200.0
1049,Thea Curtis,flat,100.0,100000.0,50000.0,1890,0,0.0,89000.0,89000.0,-11000.0
1050,Muhammad Sparks,flat,100.0,100000.0,50000.0,1917,0,0.0,91700.0,91700.0,-8300.0
1051,Aisha O’Neal,flat,100.0,100000.0,50000.0,1978,0,0.0,97800.0,97800.0,-2200.0
1052,Eddie Johnson,flat,100.0,100000.0,50000.0,1915,0,0.0,91500.0,91500.0,-8500.0
1053,Emma Brady,flat,100.0,100000.0,50000.0,1919,0,0.0,91900.0,91900.0,-8100.0
1054,Reed Sanchez,flat,100.0,100000.0,50000.0,1834,0,0.0,83400.0,83400.0,-16600.0
1055,Aria Cisneros,flat,100.0,100000.0,50000.0,1902,0,0.0,90200.0,90200.0,-9800.0
1056,Alden Cummings,flat,100.0,100000.0,50000.0,1993,0,0.0,99300.0,99300.0,-700.0
1057,Nylah Vo,flat,100.0,100000.0,50000.0,1969,0,0.0,96900.0,96900.0,-3100.0
1058,Gordon Gill,flat,100.0,100000.0,50000.0,1957,0,0.0,95700.0,95700.0,-4300.0
1059,Jordan Dougherty,flat,100.0,100000.0,50000.0,1908,0,0.0,90800.0,90800.0,-9200.0
1060,Brett Aguilar,flat,100.0,100000.0,50000.0,2025,0,0.0,102500.0,102500.0,2500.0
1061,Josie Shields,flat,100.0,100000.0,50000.0,1989,0,0.0,98900.0,98900.0,-1100.0
1062,Devon Molina,flat,100.0,100000.0,50000.0,2023,0,0.0,102300.0,102300.0,2300.0
1063,Alexandria Dunn,flat,100.0,100000.0,50000.0,1922,0,0.0,92200.0,92200.0,-7800.0
1064,Dawson Scott,flat,100.0,100000.0,50000.0,1912,0,0.0,91200.0,91200.0,-8800.0
1065,Aurora Hull,flat,100.0,100000.0,50000.0,2011,0,0.0,101100.0,101100.0,1100.0
1066,Salem Bernal,flat,100.0,100000.0,50000.0,1922,0,0.0,92200.0,92200.0,-7800.0
1067,Emmeline Gilbert,flat,100.0,100000.0,50000.0,1928,0,0.0,92800.0,92800.0,-7200.0
1068,Tobias Randall,flat,100.0,100000.0,50000.0,1979,0,0.0,97900.0,97900.0,-2100.0
1069,Christina Buchanan,flat,100.0,100000.0,50000.0,1909,0,0.0,90900.0,90900.0,-9100.0
1070,Enrique Johnson,flat,100.0,100000.0,50000.0,1924,0,0.0,92400.0,92400.0,-7600.0
1071,Emma Morris,flat,100.0,100000.0,50000.0,1982,0,0.0,98200.0,98200.0,-1800.0
1072,Christian Cherry,flat,100.0,100000.0,50000.0,1953,0,0.0,95300.0,95300.0,-4700.0
1073,Nyomi Campos,flat,100.0,100000.0,50000.0,2000,0,0.0,100000.0,100000.0,0.0
1074,Gideon Huber,flat,100.0,100000.0,50000.0,1918,0,0.0,91800.0,91800.0,-8200.0
1075,Raquel Fitzpatrick,flat,100.0,100000.0,50000.0,1878,0,0.0,87800.0,87800.0,-12200.0
1076,Blaze Hardy,flat,100.0,100000.0,50000.0,1941,0,0.0,94100.0,94100.0,-5900.0
1077,Jessica Berger,flat,100.0,100000.0,50000.0,1976,0,0.0,97600.0,97600.0,-2400.0
1078,Byron Nicholson,flat,100.0,100000.0,50000.0,1857,0,0.0,85700.0,85700.0,-14300.0
1079,Justice Morrison,flat,100.0,100000.0,50000.0,1928,0,0.0,92800.0,92800.0,-7200.0
1080,Maximus Roman,flat,100.0,100000.0,50000.0,1976,0,0.0,97600.0,97600.0,-2400.0
1081,Astrid Trujillo,flat,100.0,100000.0,50000.0,1930,0,0.0,93000.0,93000.0,-7000.0
1082,Apollo McLaughlin,flat,100.0,100000.0,50000.0,1973,0,0.0,97300.0,97300.0,-2700.0
1083,Stephanie Preston,flat,100.0,100000.0,50000.0,1888,0,0.0,88800.0,88800.0,-11200.0
1084,Vincenzo Vazquez,flat,100.0,100000.0,50000.0,1963,0,0.0,96300.0,96300.0,-3700.0
1085,Journee Bryan,flat,100.0,100000.0,50000.0,1981,0,0.0,98100.0,98100.0,-1900.0
1086,Jaxtyn Wolf,flat,100.0,100000.0,50000.0,1887,0,0.0,88700.0,88700.0,-11300.0
1087,Jolene Elliott,flat,100.0,100000.0,50000.0,1934,0,0.0,93400.0,93400.0,-6600.0
1088,Blake Freeman,flat,100.0,100000.0,50000.0,2084,0,0.0,108400.0,108400.0,8400.0
1089,Norah Cervantes,flat,100.0,100000.0,50000.0,1962,0,0.0,96200.0,96200.0,-3800.0
1090,Kamari Mays,flat,100.0,100000.0,50000.0,1914,0,0.0,91400.0,91400.0,-8600.0
1091,Denisse Huang,flat,100.0,100000.0,50000.0,1896,0,0.0,89600.0,89600.0,-10400.0
1092,Ayaan Riley,flat,100.0,100000.0,50000.0,1987,0,0.0,98700.0,98700.0,-1300.0
1093,Kayla Khan,flat,100.0,100000.0,50000.0,1898,0,0.0,89800.0,89800.0,-10200.0
1094,Kendrick Galindo,flat,100.0,100000.0,50000.0,1965,0,0.0,96500.0,96500.0,-3500.0
1095,Corinne Mata,flat,100.0,100000.0,50000.0,1969,0,0.0,96900.0,96900.0,-3100.0
1096,Ray Holmes,flat,100.0,100000.0,50000.0,1887,0,0.0,88700.0,88700.0,-11300.0
1097,Bailey McCarty,flat,100.0,100000.0,50000.0,1952,0,0.0,95200.0,95200.0,-4800.0
1098,Blaise Austin,flat,100.0,100000.0,50000.0,1992,0,0.0,99200.0,99200.0,-800.0
1099,Alivia Rivas,flat,100.0,100000.0,50000.0,1927,0,0.0,92700.0,92700.0,-7300.0
1100,Damon Everett,flat,100.0,100000.0,50000.0,1871,0,0.0,87100.0,87100.0,-12900.0
1101,Noah Rodriguez,flat,100.0,100000.0,50000.0,1890,0,0.0,89000.0,89000.0,-11000.0
1102,Henry Dunlap,flat,100.0,100000.0,50000.0,1979,0,0.0,97900.0,97900.0,-2100.0
1103,Iliana Mercado,flat,100.0,100000.0,50000.0,1970,0,0.0,97000.0,97000.0,-3000.0
1104,Abram Guerra,flat,100.0,100000.0,50000.0,1941,0,0.0,94100.0,94100.0,-5900.0
1105,Edith Vincent,flat,100.0,100000.0,50000.0,1940,0,0.0,94000.0,94000.0,-6000.0
1106,Aarav Barber,flat,100.0,100000.0,50000.0,1890,0,0.0,89000.0,89000.0,-11000.0
1107,Cassidy Wilkinson,flat,100.0,100000.0,50000.0,1874,0,0.0,87400.0,87400.0,-12600.0
1108,Leonard Cain,flat,100.0,100000.0,50000.0,1947,0,0.0,94700.0,94700.0,-5300.0
1109,Kendra Everett,flat,100.0,100000.0,50000.0,2058,0,0.0,105800.0,105800.0,5800.0
1110,Camilo Garza,flat,100.0,100000.0,50000.0,1882,0,0.0,88200.0,88200.0,-11800.0
1111,River Snyder,flat,100.0,100000.0,50000.0,2003,0,0.0,100300.0,100300.0,300.0
1112,Thiago Cunningham,flat,100.0,100000.0,50000.0,1988,0,0.0,98800.0,98800.0,-1200.0
1113,Marley Montgomery,flat,100.0,100000.0,50000.0,1982,0,0.0,98200.0,98200.0,-1800.0
1114,Maximiliano Duncan,flat,100.0,100000.0,50000.0,1900,0,0.0,90000.0,90000.0,-10000.0
1115,Elise Buckley,flat,100.0,100000.0,50000.0,1967,0,0.0,96700.0,96700.0,-3300.0
1116,Aryan Lam,flat,100.0,100000.0,50000.0,1996,0,0.0,99600.0,99600.0,-400.0
1117,Karina Richards,flat,100.0,100000.0,50000.0,1981,0,0.0,98100.0,98100.0,-1900.0
1118,Holden Castro,flat,100.0,100000.0,50000.0,1938,0,0.0,93800.0,93800.0,-6200.0
1119,Eloise Pacheco,flat,100.0,100000.0,50000.0,1868,0,0.0,86800.0,86800.0,-13200.0
1120,Erik Adkins,flat,100.0,100000.0,50000.0,1922,0,0.0,92200.0,92200.0,-7800.0
1121,Emelia Kent,flat,100.0,100000.0,50000.0,1938,0,0.0,93800.0,93800.0,-6200.0
1122,Mekhi Nunez,flat,100.0,100000.0,50000.0,1982,0,0.0,98200.0,98200.0,-1800.0
1123,Mya Moyer,flat,100.0,100000.0,50000.0,1973,0,0.0,97300.0,97300.0,-2700.0
1124,Ahmir Orr,flat,100.0,100000.0,50000.0,1871,0,0.0,87100.0,87100.0,-12900.0
1125,Alaiya Williams,flat,100.0,100000.0,50000.0,1991,0,0.0,99100.0,99100.0,-900.0
1126,Oliver Hunter,flat,100.0,100000.0,50000.0,1943,0,0.0,94300.0,94300.0,-5700.0
1127,Khloe Beard,flat,100.0,100000.0,50000.0,1901,0,0.0,90100.0,90100.0,-9900.0
1128,Nathanael Barker,flat,100.0,100000.0,50000.0,1979,0,0.0,97900.0,97900.0,-2100.0
1129,Remington Alvarez,flat,100.0,100000.0,50000.0,1951,0,0.0,95100.0,95100.0,-4900.0
1130,Xavier Carson,flat,100.0,100000.0,50000.0,1871,0,0.0,87100.0,87100.0,-12900.0
1131,Nalani Sierra,flat,100.0,100000.0,50000.0,1897,0,0.0,89700.0,89700.0,-10300.0
1132,Dayton Patterson,flat,100.0,100000.0,50000.0,1972,0,0.0,97200.0,97200.0,-2800.0
1133,Kaylee Saunders,flat,100.0,100000.0,50000.0,1855,0,0.0,85500.0,85500.0,-14500.0
1134,Kasen Mendoza,flat,100.0,100000.0,50000.0,1967,0,0.0,96700.0,96700.0,-3300.0
1135,Cora May,flat,100.0,100000.0,50000.0,1972,0,0.0,97200.0,97200.0,-2800.0
1136,Finley Peters,flat,100.0,100000.0,50000.0,1934,0,0.0,93400.0,93400.0,-6600.0
1137,Leila Arellano,flat,100.0,100000.0,50000.0,1946,0,0.0,94600.0,94600.0,-5400.0
1138,Kellan Guevara,flat,100.0,100000.0,50000.0,1995,0,0.0,99500.0,99500.0,-500.0
1139,Teresa Gomez,flat,100.0,100000.0,50000.0,2011,0,0.0,101100.0,101100.0,1100.0
1140,Isaiah Burton,flat,100.0,100000.0,50000.0,1976,0,0.0,97600.0,97600.0,-2400.0
1141,Miriam Merritt,flat,100.0,100000.0,50000.0,1899,0,0.0,89900.0,89900.0,-10100.0
1142,Colten Mullins,flat,100.0,100000.0,50000.0,1896,0,0.0,89600.0,89600.0,-10400.0
1143,Maliyah Finley,flat,100.0,100000.0,50000.0,1930,0,0.0,93000.0,93000.0,-7000.0
1144,Calum Day,flat,100.0,100000.0,50000.0,1972,0,0.0,97200.0,97200.0,-2800.0
1145,Hayden Noble,flat,100.0,100000.0,50000.0,1929,0,0.0,92900.0,92900.0,-7100.0
1146,Idris Atkinson,flat,100.0,100000.0,50000.0,1919,0,0.0,91900.0,91900.0,-8100.0
1147,Jazmin Rivas,flat,100.0,100000.0,50000.0,1928,0,0.0,92800.0,92800.0,-7200.0
1148,Damon McCann,flat,100.0,100000.0,50000.0,1945,0,0.0,94500.0,94500.0,-5500.0
1149,Joyce Caldwell,flat,100.0,100000.0,50000.0,1955,0,0.0,95500.0,95500.0,-4500.0
1150,Rylan Knapp,flat,100.0,100000.0,50000.0,1930,0,0.0,93000.0,93000.0,-7000.0
1151,Linda Webster,flat,100.0,100000.0,50000.0,1938,0,0.0,93800.0,93800.0,-6200.0
1152,Shawn Copeland,flat,100.0,100000.0,50000.0,1951,0,0.0,95100.0,95100.0,-4900.0
1153,Dayana Dawson,flat,100.0,100000.0,50000.0,1976,0,0.0,97600.0,97600.0,-2400.0
1154,Iker Delacruz,flat,100.0,100000.0,50000.0,1965,0,0.0,96500.0,96500.0,-3500.0
1155,Celine Middleton,flat,100.0,100000.0,50000.0,1929,0,0.0,92900.0,92900.0,-7100.0
1156,Misael Mora,flat,100.0,100000.0,50000.0,1988,0,0.0,98800.0,98800.0,-1200.0
1157,Jemma Barrera,flat,100.0,100000.0,50000.0,1983,0,0.0,98300.0,98300.0,-1700.0
1158,Makai Ellison,flat,100.0,100000.0,50000.0,1870,0,0.0,87000.0,87000.0,-13000.0
1159,Raina Enriquez,flat,100.0,100000.0,50000.0,1952,0,0.0,95200.0,95200.0,-4800.0
1160,Elisha Cardenas,flat,100.0,100000.0,50000.0,1956,0,0.0,95600.0,95600.0,-4400.0
1161,Raven Rollins,flat,100.0,100000.0,50000.0,1941,0,0.0,94100.0,94100.0,-5900.0
1162,Wes Berger,flat,100.0,100000.0,50000.0,1951,0,0.0,95100.0,95100.0,-4900.0
1163,Laylah Benson,flat,100.0,100000.0,50000.0,1934,0,0.0,93400.0,93400.0,-6600.0
1164,Desmond Randolph,flat,100.0,100000.0,50000.0,1977,0,0.0,97700.0,97700.0,-2300.0
1165,Kailey Bryan,flat,100.0,100000.0,50000.0,2025,0,0.0,102500.0,102500.0,2500.0
1166,Jaxtyn McCoy,flat,100.0,100000.0,50000.0,1975,0,0.0,97500.0,97500.0,-2500.0
1167,Mckenzie McLaughlin,flat,100.0,100000.0,50000.0,1858,0,0.0,85800.0,85800.0,-14200.0
1168,Ibrahim Guerra,flat,100.0,100000.0,50000.0,1975,0,0.0,97500.0,97500.0,-2500.0
1169,Edith Carter,flat,100.0,100000.0,50000.0,1925,0,0.0,92500.0,92500.0,-7500.0
1170,Maverick Joseph,flat,100.0,100000.0,50000.0,1933,0,0.0,93300.0,93300.0,-6700.0
1171,Gracelynn Ramsey,flat,100.0,100000.0,50000.0,1934,0,0.0,93400.0,93400.0,-6600.0
1172,Luciano Simon,flat,100.0,100000.0,50000.0,2018,0,0.0,101800.0,101800.0,1800.0
1173,Kalani Preston,flat,100.0,100000.0,50000.0,2017,0,0.0,101700.0,101700.0,1700.0
1174,Vincenzo Pena,flat,100.0,100000.0,50000.0,1936,0,0.0,93600.0,93600.0,-6400.0
1175,Rachel Le,flat,100.0,100000.0,50000.0,1884,0,0.0,88400.0,88400.0,-11600.0
1176,Damien Wolfe,flat,100.0,100000.0,50000.0,1940,0,0.0,94000.0,94000.0,-6000.0
1177,Hallie Berg,flat,100.0,100000.0,50000.0,1995,0,0.0,99500.0,99500.0,-500.0
1178,Cayson Avery,flat,100.0,100000.0,50000.0,1936,0,0.0,93600.0,93600.0,-6400.0
1179,Meghan Stanley,flat,100.0,100000.0,50000.0,1978,0,0.0,97800.0,97800.0,-2200.0
1180,Manuel Parks,flat,100.0,100000.0,50000.0,1928,0,0.0,92800.0,92800.0,-7200.0
1181,Ainsley Velazquez,flat,100.0,100000.0,50000.0,1954,0,0.0,95400.0,95400.0,-4600.0
1182,Drew Perez,flat,100.0,100000.0,50000.0,1874,0,0.0,87400.0,87400.0,-12600.0
1183,Eleanor Velez,flat,100.0,100000.0,50000.0,1840,0,0.0,84000.0,84000.0,-16000.0
1184,Kareem Dennis,flat,100.0,100000.0,50000.0,1942,0,0.0,94200.0,94200.0,-5800.0
1185,Maisie Shaffer,flat,100.0,100000.0,50000.0,1989,0,0.0,98900.0,98900.0,-1100.0
1186,Dexter Banks,flat,100.0,100000.0,50000.0,1957,0,0.0,95700.0,95700.0,-4300.0
1187,Cali Willis,flat,100.0,100000.0,50000.0,1979,0,0.0,97900.0,97900.0,-2100.0
1188,Remington O’Connell,flat,100.0,100000.0,50000.0,1932,0,0.0,93200.0,93200.0,-6800.0
1189,Jillian McCall,flat,100.0,100000.0,50000.0,1977,0,0.0,97700.0,97700.0,-2300.0
1190,Kiaan Bravo,flat,100.0,100000.0,50000.0,2021,0,0.0,102100.0,102100.0,2100.0
1191,Amoura Marsh,flat,100.0,100000.0,50000.0,1931,0,0.0,93100.0,93100.0,-6900.0
1192,Bo Bullock,flat,100.0,100000.0,50000.0,1882,0,0.0,88200.0,88200.0,-11800.0
1193,Winnie Hawkins,flat,100.0,100000.0,50000.0,1981,0,0.0,98100.0,98100.0,-1900.0
1194,Victor McClain,flat,100.0,100000.0,50000.0,1959,0,0.0,95900.0,95900.0,-4100.0
1195,Marleigh Dorsey,flat,100.0,100000.0,50000.0,1916,0,0.0,91600.0,91600.0,-8400.0
1196,Enoch Li,flat,100.0,100000.0,50000.0,1954,0,0.0,95400.0,95400.0,-4600.0
1197,Paige Drake,flat,100.0,100000.0,50000.0,1911,0,0.0,91100.0,91100.0,-8900.0
1198,Jalen Fowler,flat,100.0,100000.0,50000.0,1984,0,0.0,98400.0,98400.0,-1600.0
1199,Lennon Benitez,flat,100.0,100000.0,50000.0,2002,0,0.0,100200.0,100200.0,200.0
1200,Justice McIntosh,flat,100.0,100000.0,50000.0,1959,0,0.0,95900.0,95900.0,-4100.0
1201,Gwen Peters,flat,100.0,100000.0,50000.0,1950,0,0.0,95000.0,95000.0,-5000.0
1202,Patrick Ray,flat,100.0,100000.0,50000.0,1985,0,0.0,98500.0,98500.0,-1500.0
1203,Ruth Huerta,flat,100.0,100000.0,50000.0,2002,0,0.0,100200.0,100200.0,200.0
1204,Douglas Scott,flat,100.0,100000.0,50000.0,1943,0,0.0,94300.0,94300.0,-5700.0
1205,Aurora Mejia,flat,100.0,100000.0,50000.0,1858,0,0.0,85800.0,85800.0,-14200.0
1206,Atticus Peters,flat,100.0,100000.0,50000.0,1973,0,0.0,97300.0,97300.0,-2700.0
1207,Leila O’Neill,flat,100.0,100000.0,50000.0,1920,0,0.0,92000.0,92000.0,-8000.0
1208,Marcel Bravo,flat,100.0,100000.0,50000.0,1970,0,0.0,97000.0,97000.0,-3000.0
1209,Amoura Tate,flat,100.0,100000.0,50000.0,1957,0,0.0,95700.0,95700.0,-4300.0
1210,Dalton Mack,flat,100.0,100000.0,50000.0,1956,0,0.0,95600.0,95600.0,-4400.0
1211,Nadia Bailey,flat,100.0,100000.0,50000.0,1879,0,0.0,87900.0,87900.0,-12100.0
1212,Axel Meyers,flat,100.0,100000.0,50000.0,1908,0,0.0,90800.0,90800.0,-9200.0
1213,Leyla Park,flat,100.0,100000.0,50000.0,2035,0,0.0,103500.0,103500.0,3500.0
1214,Daxton Decker,flat,100.0,100000.0,50000.0,1958,0,0.0,95800.0,95800.0,-4200.0
1215,Aleena Gibson,flat,100.0,100000.0,50000.0,1930,0,0.0,93000.0,93000.0,-7000.0
1216,Tyler Dalton,flat,100.0,100000.0,50000.0,1929,0,0.0,92900.0,92900.0,-7100.0
1217,Lilian Abbott,flat,100.0,100000.0,50000.0,1924,0,0.0,92400.0,92400.0,-7600.0
1218,Kohen Wilkerson,flat,100.0,100000.0,50000.0,1982,0,0.0,98200.0,98200.0,-1800.0
1219,Janiyah Joseph,flat,100.0,100000.0,50000.0,1948,0,0.0,94800.0,94800.0,-5200.0
1220,Kyle Spencer,flat,100.0,100000.0,50000.0,1902,0,0.0,90200.0,90200.0,-9800.0
1221,Alyssa Murphy,flat,100.0,100000.0,50000.0,1961,0,0.0,96100.0,96100.0,-3900.0
1222,Cameron Patrick,flat,100.0,100000.0,50000.0,1938,0,0.0,93800.0,93800.0,-6200.0
1223,Lyra Munoz,flat,100.0,100000.0,50000.0,1862,0,0.0,86200.0,86200.0,-13800.0
1224,Justin Higgins,flat,100.0,100000.0,50000.0,1877,0,0.0,87700.0,87700.0,-12300.0
1225,Leighton Blake,flat,100.0,100000.0,50000.0,1999,0,0.0,99900.0,99900.0,-100.0
1226,Zyaire Stanley,flat,100.0,100000.0,50000.0,1905,0,0.0,90500.0,90500.0,-9500.0
1227,Gracelyn Rodriguez,flat,100.0,100000.0,50000.0,1937,0,0.0,93700.0,93700.0,-6300.0
1228,Henry Moran,flat,100.0,100000.0,50000.0,1954,0,0.0,95400.0,95400.0,-4600.0
1229,Celeste Vaughn,flat,100.0,100000.0,50000.0,1906,0,0.0,90600.0,90600.0,-9400.0
1230,Remy Donovan,flat,100.0,100000.0,50000.0,1918,0,0.0,91800.0,91800.0,-8200.0
1231,Azariah Bautista,flat,100.0,100000.0,50000.0,1920,0,0.0,92000.0,92000.0,-8000.0
1232,Raul Espinosa,flat,100.0,100000.0,50000.0,1992,0,0.0,99200.0,99200.0,-800.0
1233,Braylee Casey,flat,100.0,100000.0,50000.0,1944,0,0.0,94400.0,94400.0,-5600.0
1234,Armando Castillo,flat,100.0,100000.0,50000.0,2007,0,0.0,100700.0,100700.0,700.0
1235,Eva Wyatt,flat,100.0,100000.0,50000.0,1880,0,0.0,88000.0,88000.0,-12000.0
1236,Sam Hanna,flat,100.0,100000.0,50000.0,1960,0,0.0,96000.0,96000.0,-4000.0
1237,Cynthia Madden,flat,100.0,100000.0,50000.0,1895,0,0.0,89500.0,89500.0,-10500.0
1238,Everest Quintana,flat,100.0,100000.0,50000.0,1974,0,0.0,97400.0,97400.0,-2600.0
1239,Kenia Harding,flat,100.0,100000.0,50000.0,1870,0,0.0,87000.0,87000.0,-13000.0
1240,Brodie Lowe,flat,100.0,100000.0,50000.0,1878,0,0.0,87800.0,87800.0,-12200.0
1241,Amari Rivers,flat,100.0,100000.0,50000.0,1884,0,0.0,88400.0,88400.0,-11600.0
1242,Bear Watkins,flat,100.0,100000.0,50000.0,2036,0,0.0,103600.0,103600.0,3600.0
1243,Lola Soto,flat,100.0,100000.0,50000.0,1965,0,0.0,96500.0,96500.0,-3500.0
1244,Barrett Walter,flat,100.0,100000.0,50000.0,1922,0,0.0,92200.0,92200.0,-7800.0
1245,Penny Pruitt,flat,100.0,100000.0,50000.0,1999,0,0.0,99900.0,99900.0,-100.0
1246,Gatlin Bond,flat,100.0,100000.0,50000.0,1936,0,0.0,93600.0,93600.0,-6400.0
1247,Alena Dominguez,flat,100.0,100000.0,50000.0,1877,0,0.0,87700.0,87700.0,-12300.0
1248,Kaden Small,flat,100.0,100000.0,50000.0,1944,0,0.0,94400.0,94400.0,-5600.0
1249,Zaria Morton,flat,100.0,100000.0,50000.0,1902,0,0.0,90200.0,90200.0,-9800.0
1250,Roland Phillips,flat,100.0,100000.0,50000.0,1907,0,0.0,90700.0,90700.0,-9300.0
1251,Naomi Hopkins,flat,100.0,100000.0,50000.0,1957,0,0.0,95700.0,95700.0,-4300.0
1252,Ali O’Neill,flat,100.0,100000.0,50000.0,1990,0,0.0,99000.0,99000.0,-1000.0
1253,Kenna Greene,flat,100.0,100000.0,50000.0,2027,0,0.0,102700.0,102700.0,2700.0
1254,Griffin Galvan,flat,100.0,100000.0,50000.0,1983,0,0.0,98300.0,98300.0,-1700.0
1255,Dallas Villanueva,flat,100.0,100000.0,50000.0,1956,0,0.0,95600.0,95600.0,-4400.0
1256,Huxley Gould,flat,100.0,100000.0,50000.0,2049,0,0.0,104900.0,104900.0,4900.0
1257,Violeta Landry,flat,100.0,100000.0,50000.0,2088,0,0.0,108800.0,108800.0,8800.0
1258,Jaxx McKinney,flat,100.0,100000.0,50000.0,1971,0,0.0,97100.0,97100.0,-2900.0
1259,Gwendolyn Henson,flat,100.0,100000.0,50000.0,1893,0,0.0,89300.0,89300.0,-10700.0
1260,Bellamy Combs,flat,100.0,100000.0,50000.0,1901,0,0.0,90100.0,90100.0,-9900.0
1261,Irene May,flat,100.0,100000.0,50000.0,1894,0,0.0,89400.0,89400.0,-10600.0
1262,Finley Rodgers,flat,100.0,100000.0,50000.0,1906,0,0.0,90600.0,90600.0,-9400.0
1263,Selah Mathis,flat,100.0,100000.0,50000.0,2071,0,0.0,107100.0,107100.0,7100.0
1264,Gustavo Nava,flat,100.0,100000.0,50000.0,2032,0,0.0,103200.0,103200.0,3200.0
1265,Scout Brock,flat,100.0,100000.0,50000.0,2000,0,0.0,100000.0,100000.0,0.0
1266,Julio Cruz,flat,100.0,100000.0,50000.0,1959,0,0.0,95900.0,95900.0,-4100.0
1267,Claire Sawyer,flat,100.0,100000.0,50000.0,1950,0,0.0,95000.0,95000.0,-5000.0
1268,Jefferson Hogan,flat,100.0,100000.0,50000.0,1950,0,0.0,95000.0,95000.0,-5000.0
1269,Kathryn Rivas,flat,100.0,100000.0,50000.0,1931,0,0.0,93100.0,93100.0,-6900.0
1270,Damon Pennington,flat,100.0,100000.0,50000.0,1958,0,0.0,95800.0,95800.0,-4200.0
1271,Yareli Walter,flat,100.0,100000.0,50000.0,2045,0,0.0,104500.0,104500.0,4500.0
1272,Lochlan McKay,flat,100.0,100000.0,50000.0,1884,0,0.0,88400.0,88400.0,-11600.0
1273,Leanna Berry,flat,100.0,100000.0,50000.0,1954,0,0.0,95400.0,95400.0,-4600.0
1274,Adonis Christian,flat,100.0,100000.0,50000.0,1912,0,0.0,91200.0,91200.0,-8800.0
1275,Anahi Roberts,flat,100.0,100000.0,50000.0,1949,0,0.0,94900.0,94900.0,-5100.0
1276,Josiah Russo,flat,100.0,100000.0,50000.0,1906,0,0.0,90600.0,90600.0,-9400.0
1277,Tinsley Khan,flat,100.0,100000.0,50000.0,1931,0,0.0,93100.0,93100.0,-6900.0
1278,Kendrick Barry,flat,100.0,100000.0,50000.0,1994,0,0.0,99400.0,99400.0,-600.0
1279,Waverly Murillo,flat,100.0,100000.0,50000.0,1887,0,0.0,88700.0,88700.0,-11300.0
1280,Lance Cline,flat,100.0,100000.0,50000.0,1908,0,0.0,90800.0,90800.0,-9200.0
1281,Lina Cortez,flat,100.0,100000.0,50000.0,1960,0,0.0,96000.0,96000.0,-4000.0
1282,Zayn Morrison,flat,100.0,100000.0,50000.0,1939,0,0.0,93900.0,93900.0,-6100.0
1283,Rebecca Wiley,flat,100.0,100000.0,50000.0,1912,0,0.0,91200.0,91200.0,-8800.0
1284,Mathew Swanson,flat,100.0,100000.0,50000.0,1949,0,0.0,94900.0,94900.0,-5100.0
1285,Helen Evans,flat,100.0,100000.0,50000.0,1980,0,0.0,98000.0,98000.0,-2000.0
1286,Elias Dudley,flat,100.0,100000.0,50000.0,1955,0,0.0,95500.0,95500.0,-4500.0
1287,Hadleigh Valencia,flat,100.0,100000.0,50000.0,1989,0,0.0,98900.0,98900.0,-1100.0
1288,Dax Rowe,flat,100.0,100000.0,50000.0,1967,0,0.0,96700.0,96700.0,-3300.0
1289,Matilda Herring,flat,100.0,100000.0,50000.0,1974,0,0.0,97400.0,97400.0,-2600.0
1290,Henrik Green,flat,100.0,100000.0,50000.0,1896,0,0.0,89600.0,89600.0,-10400.0
1291,Zoe Pacheco,flat,100.0,100000.0,50000.0,1937,0,0.0,93700.0,93700.0,-6300.0
1292,Erik Jaramillo,flat,100.0,100000.0,50000.0,1954,0,0.0,95400.0,95400.0,-4600.0
1293,Guadalupe Christian,flat,100.0,100000.0,50000.0,2009,0,0.0,100900.0,100900.0,900.0
1294,Ledger Curry,flat,100.0,100000.0,50000.0,1993,0,0.0,99300.0,99300.0,-700.0
1295,Alison Solomon,flat,100.0,100000.0,50000.0,1938,0,0.0,93800.0,93800.0,-6200.0
1296,Musa Dalton,flat,100.0,100000.0,50000.0,1965,0,0.0,96500.0,96500.0,-3500.0
1297,Lilian Prince,flat,100.0,100000.0,50000.0,1958,0,0.0,95800.0,95800.0,-4200.0
1298,Aron Cantu,flat,100.0,100000.0,50000.0,1966,0,0.0,96600.0,96600.0,-3400.0
1299,Galilea Parra,flat,100.0,100000.0,50000.0,1981,0,0.0,98100.0,98100.0,-1900.0
1300,Davion Joseph,flat,100.0,100000.0,50000.0,1900,0,0.0,90000.0,90000.0,-10000.0
1301,Gracelynn Moyer,flat,100.0,100000.0,50000.0,2015,0,0.0,101500.0,101500.0,1500.0
1302,Ahmir Benton,flat,100.0,100000.0,50000.0,2014,0,0.0,101400.0,101400.0,1400.0
1303,Anais Copeland,flat,100.0,100000.0,50000.0,1923,0,0.0,92300.0,92300.0,-7700.0
1304,Axton Vo,flat,100.0,100000.0,50000.0,1957,0,0.0,95700.0,95700.0,-4300.0
1305,Artemis Keith,flat,100.0,100000.0,50000.0,1921,0,0.0,92100.0,92100.0,-7900.0
1306,Jagger Newton,flat,100.0,100000.0,50000.0,1978,0,0.0,97800.0,97800.0,-2200.0
1307,Braelynn Travis,flat,100.0,100000.0,50000.0,2015,0,0.0,101500.0,101500.0,1500.0
1308,Willie Moody,flat,100.0,100000.0,50000.0,1912,0,0.0,91200.0,91200.0,-8800.0
1309,Elaine Moss,flat,100.0,100000.0,50000.0,1927,0,0.0,92700.0,92700.0,-7300.0
1310,Porter Mendoza,flat,100.0,100000.0,50000.0,1994,0,0.0,99400.0,99400.0,-600.0
1311,Cora Cannon,flat,100.0,100000.0,50000.0,1960,0,0.0,96000.0,96000.0,-4000.0
1312,Archie Proctor,flat,100.0,100000.0,50000.0,1926,0,0.0,92600.0,92600.0,-7400.0
1313,Chandler Wade,flat,100.0,100000.0,50000.0,1934,0,0.0,93400.0,93400.0,-6600.0
1314,Jake Byrd,flat,100.0,100000.0,50000.0,1948,0,0.0,94800.0,94800.0,-5200.0
1315,Giselle Winters,flat,100.0,100000.0,50000.0,2003,0,0.0,100300.0,100300.0,300.0
1316,Deandre Rivera,flat,100.0,100000.0,50000.0,1942,0,0.0,94200.0,94200.0,-5800.0
1317,Lillian Barrett,flat,100.0,100000.0,50000.0,1958,0,0.0,95800.0,95800.0,-4200.0
1318,Angelo Valdez,flat,100.0,100000.0,50000.0,1932,0,0.0,93200.0,93200.0,-6800.0
1319,Diana Terrell,flat,100.0,100000.0,50000.0,1954,0,0.0,95400.0,95400.0,-4600.0
1320,Jaxen Deleon,flat,100.0,100000.0,50000.0,1951,0,0.0,95100.0,95100.0,-4900.0
1321,Gabrielle Carter,flat,100.0,100000.0,50000.0,1900,0,0.0,90000.0,90000.0,-10000.0
1322,Maverick Everett,flat,100.0,100000.0,50000.0,1981,0,0.0,98100.0,98100.0,-1900.0
1323,Noah McBride,flat,100.0,100000.0,50000.0,2012,0,0.0,101200.0,101200.0,1200.0
1324,Denver Lawrence,flat,100.0,100000.0,50000.0,1990,0,0.0,99000.0,99000.0,-1000.0
1325,Lauren Durham,flat,100.0,100000.0,50000.0,1999,0,0.0,99900.0,99900.0,-100.0
1326,Kellen Hensley,flat,100.0,100000.0,50000.0,1964,0,0.0,96400.0,96400.0,-3600.0
1327,Malaya Hicks,flat,100.0,100000.0,50000.0,1890,0,0.0,89000.0,89000.0,-11000.0
1328,Maddox Boone,flat,100.0,100000.0,50000.0,1927,0,0.0,92700.0,92700.0,-7300.0
1329,Mariam Mays,flat,100.0,100000.0,50000.0,1904,0,0.0,90400.0,90400.0,-9600.0
1330,Jadiel Savage,flat,100.0,100000.0,50000.0,1919,0,0.0,91900.0,91900.0,-8100.0
1331,Louise Villarreal,flat,100.0,100000.0,50000.0,1927,0,0.0,92700.0,92700.0,-7300.0
1332,Nikolai Koch,flat,100.0,100000.0,50000.0,1944,0,0.0,94400.0,94400.0,-5600.0
1333,Milana Barton,flat,100.0,100000.0,50000.0,1933,0,0.0,93300.0,93300.0,-6700.0
1334,Cassius Oliver,flat,100.0,100000.0,50000.0,1959,0,0.0,95900.0,95900.0,-4100.0
1335,Camille English,flat,100.0,100000.0,50000.0,1868,0,0.0,86800.0,86800.0,-13200.0
1336,Junior Austin,flat,100.0,100000.0,50000.0,1933,0,0.0,93300.0,93300.0,-6700.0
1337,Alivia Bender,flat,100.0,100000.0,50000.0,1973,0,0.0,97300.0,97300.0,-2700.0
1338,Zavier Singh,flat,100.0,100000.0,50000.0,1917,0,0.0,91700.0,91700.0,-8300.0
1339,Vivienne Sosa,flat,100.0,100000.0,50000.0,1939,0,0.0,93900.0,93900.0,-6100.0
1340,Emir Frazier,flat,100.0,100000.0,50000.0,1993,0,0.0,99300.0,99300.0,-700.0
1341,Octavia Wang,flat,100.0,100000.0,50000.0,1919,0,0.0,91900.0,91900.0,-8100.0
1342,Cohen Gibbs,flat,100.0,100000.0,50000.0,1932,0,0.0,93200.0,93200.0,-6800.0
1343,Carter Lawrence,flat,100.0,100000.0,50000.0,1974,0,0.0,97400.0,97400.0,-2600.0
1344,Kaleb Pollard,flat,100.0,100000.0,50000.0,1910,0,0.0,91000.0,91000.0,-9000.0
1345,Marisol Torres,flat,100.0,100000.0,50000.0,1998,0,0.0,99800.0,99800.0,-200.0
1346,Jayden Hamilton,flat,100.0,100000.0,50000.0,1951,0,0.0,95100.0,95100.0,-4900.0
1347,Mackenzie McCoy,flat,100.0,100000.0,50000.0,2039,0,0.0,103900.0,103900.0,3900.0
1348,Jett Boone,flat,100.0,100000.0,50000.0,1969,0,0.0,96900.0,96900.0,-3100.0
1349,Mariam Burch,flat,100.0,100000.0,50000.0,1956,0,0.0,95600.0,95600.0,-4400.0
1350,Gerald English,flat,100.0,100000.0,50000.0,1965,0,0.0,96500.0,96500.0,-3500.0
1351,Kelly Benton,flat,100.0,100000.0,50000.0,1981,0,0.0,98100.0,98100.0,-1900.0
1352,Jamal Crawford,flat,100.0,100000.0,50000.0,1916,0,0.0,91600.0,91600.0,-8400.0
1353,Aubree Lim,flat,100.0,100000.0,50000.0,2017,0,0.0,101700.0,101700.0,1700.0
1354,Cal Hammond,flat,100.0,100000.0,50000.0,1952,0,0.0,95200.0,95200.0,-4800.0
1355,Holly Riley,flat,100.0,100000.0,50000.0,1954,0,0.0,95400.0,95400.0,-4600.0
1356,Amari Anderson,flat,100.0,100000.0,50000.0,2012,0,0.0,101200.0,101200.0,1200.0
1357,Ella Mercado,flat,100.0,100000.0,50000.0,1984,0,0.0,98400.0,98400.0,-1600.0
1358,Abram Snyder,flat,100.0,100000.0,50000.0,1869,0,0.0,86900.0,86900.0,-13100.0
1359,Callie Holt,flat,100.0,100000.0,50000.0,1999,0,0.0,99900.0,99900.0,-100.0
1360,Niko Cooper,flat,100.0,100000.0,50000.0,1960,0,0.0,96000.0,96000.0,-4000.0
1361,Serenity Stafford,flat,100.0,100000.0,50000.0,1977,0,0.0,97700.0,97700.0,-2300.0
1362,Alfredo Cobb,flat,100.0,100000.0,50000.0,2010,0,0.0,101000.0,101000.0,1000.0
1363,Aviana Carroll,flat,100.0,100000.0,50000.0,1962,0,0.0,96200.0,96200.0,-3800.0
1364,Oscar Olson,flat,100.0,100000.0,50000.0,1936,0,0.0,93600.0,93600.0,-6400.0
1365,Isabel Espinosa,flat,100.0,100000.0,50000.0,1969,0,0.0,96900.0,96900.0,-3100.0
1366,Khalid Rollins,flat,100.0,100000.0,50000.0,1913,0,0.0,91300.0,91300.0,-8700.0
1367,Araceli Reese,flat,100.0,100000.0,50000.0,1934,0,0.0,93400.0,93400.0,-6600.0
1368,Alijah Barton,flat,100.0,100000.0,50000.0,1964,0,0.0,96400.0,96400.0,-3600.0
1369,Danna Meza,flat,100.0,100000.0,50000.0,1871,0,0.0,87100.0,87100.0,-12900.0
1370,Lucian Stuart,flat,100.0,100000.0,50000.0,1872,0,0.0,87200.0,87200.0,-12800.0
1371,Stormi Goodman,flat,100.0,100000.0,50000.0,1985,0,0.0,98500.0,98500.0,-1500.0
1372,Philip Krueger,flat,100.0,100000.0,50000.0,1981,0,0.0,98100.0,98100.0,-1900.0
1373,Kamari Barber,flat,100.0,100000.0,50000.0,1985,0,0.0,98500.0,98500.0,-1500.0
1374,Solomon Flowers,flat,100.0,100000.0,50000.0,1924,0,0.0,92400.0,92400.0,-7600.0
1375,Ariya Church,flat,100.0,100000.0,50000.0,1891,0,0.0,89100.0,89100.0,-10900.0
1376,Terrance Hicks,flat,100.0,100000.0,50000.0,1896,0,0.0,89600.0,89600.0,-10400.0
1377,Alina Medina,flat,100.0,100000.0,50000.0,1967,0,0.0,96700.0,96700.0,-3300.0
1378,George Powers,flat,100.0,100000.0,50000.0,2016,0,0.0,101600.0,101600.0,1600.0
1379,Michelle Chandler,flat,100.0,100000.0,50000.0,1871,0,0.0,87100.0,87100.0,-12900.0
1380,Royal Larson,flat,100.0,100000.0,50000.0,1960,0,0.0,96000.0,96000.0,-4000.0
1381,Alayna O’Connell,flat,100.0,100000.0,50000.0,2044,0,0.0,104400.0,104400.0,4400.0
1382,Jovanni Ibarra,flat,100.0,100000.0,50000.0,1942,0,0.0,94200.0,94200.0,-5800.0
1383,Madilynn Carpenter,flat,100.0,100000.0,50000.0,1932,0,0.0,93200.0,93200.0,-6800.0
1384,Jeremy Bonilla,flat,100.0,100000.0,50000.0,1925,0,0.0,92500.0,92500.0,-7500.0
1385,Romina Bernal,flat,100.0,100000.0,50000.0,1909,0,0.0,90900.0,90900.0,-9100.0
1386,Eithan Harrison,flat,100.0,100000.0,50000.0,1966,0,0.0,96600.0,96600.0,-3400.0
1387,Jasmine Hines,flat,100.0,100000.0,50000.0,1949,0,0.0,94900.0,94900.0,-5100.0
1388,Uriel Graves,flat,100.0,100000.0,50000.0,1991,0,0.0,99100.0,99100.0,-900.0
1389,Elle Rush,flat,100.0,100000.0,50000.0,1970,0,0.0,97000.0,97000.0,-3000.0
1390,Kaiser Montgomery,flat,100.0,100000.0,50000.0,1947,0,0.0,94700.0,94700.0,-5300.0
1391,Evangeline Rodriguez,flat,100.0,100000.0,50000.0,1972,0,0.0,97200.0,97200.0,-2800.0
1392,Henry Wise,flat,100.0,100000.0,50000.0,1945,0,0.0,94500.0,94500.0,-5500.0
1393,Mira Morrow,flat,100.0,100000.0,50000.0,1930,0,0.0,93000.0,93000.0,-7000.0
1394,Kyree Cummings,flat,100.0,100000.0,50000.0,1978,0,0.0,97800.0,97800.0,-2200.0
1395,Nylah Bradshaw,flat,100.0,100000.0,50000.0,1948,0,0.0,94800.0,94800.0,-5200.0
1396,Emory Lester,flat,100.0,100000.0,50000.0,1956,0,0.0,95600.0,95600.0,-4400.0
1397,Averi Gibson,flat,100.0,100000.0,50000.0,1987,0,0.0,98700.0,98700.0,-1300.0
1398,Tyler Escobar,flat,100.0,100000.0,50000.0,1914,0,0.0,91400.0,91400.0,-8600.0
1399,Erin Alfaro,flat,100.0,100000.0,50000.0,1941,0,0.0,94100.0,94100.0,-5900.0
1400,Xzavier Cantu,flat,100.0,100000.0,50000.0,1906,0,0.0,90600.0,90600.0,-9400.0
1401,Galilea Bean,flat,100.0,100000.0,50000.0,1920,0,0.0,92000.0,92000.0,-8000.0
1402,Mccoy Solomon,flat,100.0,100000.0,50000.0,1937,0,0.0,93700.0,93700.0,-6300.0
1403,Mylah Moore,flat,100.0,100000.0,50000.0,1895,0,0.0,89500.0,89500.0,-10500.0
1404,Levi Liu,flat,100.0,100000.0,50000.0,1909,0,0.0,90900.0,90900.0,-9100.0
1405,Kate Berger,flat,100.0,100000.0,50000.0,1971,0,0.0,97100.0,97100.0,-2900.0
1406,Byron Hail,flat,100.0,100000.0,50000.0,1947,0,0.0,94700.0,94700.0,-5300.0
1407,Lainey Schmidt,flat,100.0,100000.0,50000.0,1933,0,0.0,93300.0,93300.0,-6700.0
1408,Zayden Dickson,flat,100.0,100000.0,50000.0,2030,0,0.0,103000.0,103000.0,3000.0
1409,Emmalynn Johns,flat,100.0,100000.0,50000.0,1939,0,0.0,93900.0,93900.0,-6100.0
1410,Joziah Cantu,flat,100.0,100000.0,50000.0,1874,0,0.0,87400.0,87400.0,-12600.0
1411,Galilea Boyle,flat,100.0,100000.0,50000.0,1955,0,0.0,95500.0,95500.0,-4500.0
1412,Robin Pineda,flat,100.0,100000.0,50000.0,1929,0,0.0,92900.0,92900.0,-7100.0
1413,Nola Person,flat,100.0,100000.0,50000.0,1974,0,0.0,97400.0,97400.0,-2600.0
1414,Moses Glover,flat,100.0,100000.0,50000.0,1964,0,0.0,96400.0,96400.0,-3600.0
1415,Alessia Cameron,flat,100.0,100000.0,50000.0,1957,0,0.0,95700.0,95700.0,-4300.0
1416,Rayan Yoder,flat,100.0,100000.0,50000.0,1823,0,0.0,82300.0,82300.0,-17700.0
1417,Emerie Fletcher,flat,100.0,100000.0,50000.0,1946,0,0.0,94600.0,94600.0,-5400.0
1418,Jay Padilla,flat,100.0,100000.0,50000.0,2007,0,0.0,100700.0,100700.0,700.0
1419,Maggie Boyle,flat,100.0,100000.0,50000.0,1919,0,0.0,91900.0,91900.0,-8100.0
1420,Robin McCarthy,flat,100.0,100000.0,50000.0,1961,0,0.0,96100.0,96100.0,-3900.0
1421,Kira Phan,flat,100.0,100000.0,50000.0,1992,0,0.0,99200.0,99200.0,-800.0
1422,Maison Richardson,flat,100.0,100000.0,50000.0,1916,0,0.0,91600.0,91600.0,-8400.0
1423,Allison Macias,flat,100.0,100000.0,50000.0,1982,0,0.0,98200.0,98200.0,-1800.0
1424,Moshe Warren,flat,100.0,100000.0,50000.0,1937,0,0.0,93700.0,93700.0,-6300.0
1425,Sloane Salazar,flat,100.0,100000.0,50000.0,1995,0,0.0,99500.0,99500.0,-500.0
1426,Brody McCullough,flat,100.0,100000.0,50000.0,1987,0,0.0,98700.0,98700.0,-1300.0
1427,Hana Perkins,flat,100.0,100000.0,50000.0,1933,0,0.0,93300.0,93300.0,-6700.0
1428,Kyrie Newman,flat,100.0,100000.0,50000.0,1918,0,0.0,91800.0,91800.0,-8200.0
1429,Oaklynn Randolph,flat,100.0,100000.0,50000.0,1946,0,0.0,94600.0,94600.0,-5400.0
1430,Eugene Vu,flat,100.0,100000.0,50000.0,1953,0,0.0,95300.0,95300.0,-4700.0
1431,Kimora Foster,flat,100.0,100000.0,50000.0,1935,0,0.0,93500.0,93500.0,-6500.0
1432,Kayden Gillespie,flat,100.0,100000.0,50000.0,2002,0,0.0,100200.0,100200.0,200.0
1433,Alianna Lim,flat,100.0,100000.0,50000.0,1964,0,0.0,96400.0,96400.0,-3600.0
1434,Cal Howell,flat,100.0,100000.0,50000.0,1891,0,0.0,89100.0,89100.0,-10900.0
1435,Mckenna Terrell,flat,100.0,100000.0,50000.0,1898,0,0.0,89800.0,89800.0,-10200.0
1436,Jaxen Willis,flat,100.0,100000.0,50000.0,1885,0,0.0,88500.0,88500.0,-11500.0
1437,Alexa Hensley,flat,100.0,100000.0,50000.0,1920,0,0.0,92000.0,92000.0,-8000.0
1438,Layne Barron,flat,100.0,100000.0,50000.0,1925,0,0.0,92500.0,92500.0,-7500.0
1439,Anya Best,flat,100.0,100000.0,50000.0,1966,0,0.0,96600.0,96600.0,-3400.0
1440,Harlem Gillespie,flat,100.0,100000.0,50000.0,2014,0,0.0,101400.0,101400.0,1400.0
1441,Alianna Pace,flat,100.0,100000.0,50000.0,2019,0,0.0,101900.0,101900.0,1900.0
1442,Dior Coffey,flat,100.0,100000.0,50000.0,1965,0,0.0,96500.0,96500.0,-3500.0
1443,Paola Maynard,flat,100.0,100000.0,50000.0,1984,0,0.0,98400.0,98400.0,-1600.0
1444,Landry O’Connor,flat,100.0,100000.0,50000.0,1936,0,0.0,93600.0,93600.0,-6400.0
1445,Charli Murphy,flat,100.0,100000.0,50000.0,1973,0,0.0,97300.0,97300.0,-2700.0
1446,Cameron Bonilla,flat,100.0,100000.0,50000.0,1907,0,0.0,90700.0,90700.0,-9300.0
1447,Romina Fuentes,flat,100.0,100000.0,50000.0,1913,0,0.0,91300.0,91300.0,-8700.0
1448,Bowen Keith,flat,100.0,100000.0,50000.0,1894,0,0.0,89400.0,89400.0,-10600.0
1449,Elyse Green,flat,100.0,100000.0,50000.0,1982,0,0.0,98200.0,98200.0,-1800.0
1450,Anthony Medrano,flat,100.0,100000.0,50000.0,1950,0,0.0,95000.0,95000.0,-5000.0
1451,Halle Gould,flat,100.0,100000.0,50000.0,1908,0,0.0,90800.0,90800.0,-9200.0
1452,Blaine Fox,flat,100.0,100000.0,50000.0,1971,0,0.0,97100.0,97100.0,-2900.0
1453,Juliette English,flat,100.0,100000.0,50000.0,1928,0,0.0,92800.0,92800.0,-7200.0
1454,Junior Lamb,flat,100.0,100000.0,50000.0,1919,0,0.0,91900.0,91900.0,-8100.0
1455,Amaia Livingston,flat,100.0,100000.0,50000.0,1957,0,0.0,95700.0,95700.0,-4300.0
1456,Ambrose Bartlett,flat,100.0,100000.0,50000.0,1975,0,0.0,97500.0,97500.0,-2500.0
1457,Aubrielle Riley,flat,100.0,100000.0,50000.0,1853,0,0.0,85300.0,85300.0,-14700.0
1458,Amari Cannon,flat,100.0,100000.0,50000.0,1896,0,0.0,89600.0,89600.0,-10400.0
1459,Noa Russo,flat,100.0,100000.0,50000.0,1918,0,0.0,91800.0,91800.0,-8200.0
1460,Jamie Horne,flat,100.0,100000.0,50000.0,1913,0,0.0,91300.0,91300.0,-8700.0
1461,Marlowe Moreno,flat,100.0,100000.0,50000.0,1943,0,0.0,94300.0,94300.0,-5700.0
1462,Myles Miranda,flat,100.0,100000.0,50000.0,1916,0,0.0,91600.0,91600.0,-8400.0
1463,Amina Browning,flat,100.0,100000.0,50000.0,1895,0,0.0,89500.0,89500.0,-10500.0
1464,Rohan Hardin,flat,100.0,100000.0,50000.0,1849,0,0.0,84900.0,84900.0,-15100.0
1465,Vada Dickson,flat,100.0,100000.0,50000.0,2040,0,0.0,104000.0,104000.0,4000.0
1466,Maxton Estes,flat,100.0,100000.0,50000.0,1903,0,0.0,90300.0,90300.0,-9700.0
1467,Brittany Reed,flat,100.0,100000.0,50000.0,1986,0,0.0,98600.0,98600.0,-1400.0
1468,Easton Preston,flat,100.0,100000.0,50000.0,1970,0,0.0,97000.0,97000.0,-3000.0
1469,Indie Morris,flat,100.0,100000.0,50000.0,2019,0,0.0,101900.0,101900.0,1900.0
1470,Christian Blackburn,flat,100.0,100000.0,50000.0,1944,0,0.0,94400.0,94400.0,-5600.0
1471,Frida Bond,flat,100.0,100000.0,50000.0,1879,0,0.0,87900.0,87900.0,-12100.0
1472,Roger Cunningham,flat,100.0,100000.0,50000.0,1937,0,0.0,93700.0,93700.0,-6300.0
1473,Marley Richmond,flat,100.0,100000.0,50000.0,1926,0,0.0,92600.0,92600.0,-7400.0
1474,Mordechai Porter,flat,100.0,100000.0,50000.0,1953,0,0.0,95300.0,95300.0,-4700.0
1475,Ryleigh Miles,flat,100.0,100000.0,50000.0,1964,0,0.0,96400.0,96400.0,-3600.0
1476,Jared Brock,flat,100.0,100000.0,50000.0,1921,0,0.0,92100.0,92100.0,-7900.0
1477,Jada Weiss,flat,100.0,100000.0,50000.0,1955,0,0.0,95500.0,95500.0,-4500.0
1478,Koa Castaneda,flat,100.0,100000.0,50000.0,1892,0,0.0,89200.0,89200.0,-10800.0
1479,Keira Melendez,flat,100.0,100000.0,50000.0,1841,0,0.0,84100.0,84100.0,-15900.0
1480,Nikolas Cordova,flat,100.0,100000.0,50000.0,1945,0,0.0,94500.0,94500.0,-5500.0
1481,Florence Smith,flat,100.0,100000.0,50000.0,1998,0,0.0,99800.0,99800.0,-200.0
1482,Liam Lambert,flat,100.0,100000.0,50000.0,1894,0,0.0,89400.0,89400.0,-10600.0
1483,Nina Alfaro,flat,100.0,100000.0,50000.0,2006,0,0.0,100600.0,100600.0,600.0
1484,Xzavier Keith,flat,100.0,100000.0,50000.0,1972,0,0.0,97200.0,97200.0,-2800.0
1485,Elyse Barr,flat,100.0,100000.0,50000.0,2005,0,0.0,100500.0,100500.0,500.0
1486,Harley Jaramillo,flat,100.0,100000.0,50000.0,1964,0,0.0,96400.0,96400.0,-3600.0
1487,Guadalupe Benton,flat,100.0,100000.0,50000.0,1929,0,0.0,92900.0,92900.0,-7100.0
1488,Jamal Gonzales,flat,100.0,100000.0,50000.0,1955,0,0.0,95500.0,95500.0,-4500.0
1489,Hadley Taylor,flat,100.0,100000.0,50000.0,1942,0,0.0,94200.0,94200.0,-5800.0
1490,Jackson Odom,flat,100.0,100000.0,50000.0,1969,0,0.0,96900.0,96900.0,-3100.0
1491,Laylani Rogers,flat,100.0,100000.0,50000.0,1932,0,0.0,93200.0,93200.0,-6800.0
1492,Colton Dillon,flat,100.0,100000.0,50000.0,1933,0,0.0,93300.0,93300.0,-6700.0
1493,Laurel Bell,flat,100.0,100000.0,50000.0,1909,0,0.0,90900.0,90900.0,-9100.0
1494,Emmett Macdonald,flat,100.0,100000.0,50000.0,1887,0,0.0,88700.0,88700.0,-11300.0
1495,Rosalia Schneider,flat,100.0,100000.0,50000.0,1950,0,0.0,95000.0,95000.0,-5000.0
1496,Raymond Atkinson,flat,100.0,100000.0,50000.0,1964,0,0.0,96400.0,96400.0,-3600.0
1497,Jazmin Guerra,flat,100.0,100000.0,50000.0,1955,0,0.0,95500.0,95500.0,-4500.0
1498,Leland Melton,flat,100.0,100000.0,50000.0,1951,0,0.0,95100.0,95100.0,-4900.0
1499,Kamiyah Blevins,flat,100.0,100000.0,50000.0,1968,0,0.0,96800.0,96800.0,-3200.0
1500,Avi Ali,flat,100.0,100000.0,50000.0,1940,0,0.0,94000.0,94000.0,-6000.0
1501,Zelda Rivas,flat,100.0,100000.0,50000.0,1873,0,0.0,87300.0,87300.0,-12700.0
1502,Damon Guerra,flat,100.0,100000.0,50000.0,1898,0,0.0,89800.0,89800.0,-10200.0
1503,Edith Vaughn,flat,100.0,100000.0,50000.0,1945,0,0.0,94500.0,94500.0,-5500.0
1504,Remy George,flat,100.0,100000.0,50000.0,1979,0,0.0,97900.0,97900.0,-2100.0
1505,Adelyn Kim,flat,100.0,100000.0,50000.0,1973,0,0.0,97300.0,97300.0,-2700.0
1506,Roman Blackwell,flat,100.0,100000.0,50000.0,2009,0,0.0,100900.0,100900.0,900.0
1507,Saoirse Kirby,flat,100.0,100000.0,50000.0,1941,0,0.0,94100.0,94100.0,-5900.0
1508,Tony Murillo,flat,100.0,100000.0,50000.0,1956,0,0.0,95600.0,95600.0,-4400.0
1509,Mikaela Patel,flat,100.0,100000.0,50000.0,1955,0,0.0,95500.0,95500.0,-4500.0
1510,Parker McDowell,flat,100.0,100000.0,50000.0,1916,0,0.0,91600.0,91600.0,-8400.0
1511,Rayna Hayden,flat,100.0,100000.0,50000.0,1902,0,0.0,90200.0,90200.0,-9800.0
1512,Leroy Duffy,flat,100.0,100000.0,50000.0,1954,0,0.0,95400.0,95400.0,-4600.0
1513,Addisyn Simon,flat,100.0,100000.0,50000.0,2027,0,0.0,102700.0,102700.0,2700.0
1514,Zayne Sheppard,flat,100.0,100000.0,50000.0,1879,0,0.0,87900.0,87900.0,-12100.0
1515,Veda Wright,flat,100.0,100000.0,50000.0,1943,0,0.0,94300.0,94300.0,-5700.0
1516,Grayson Ayala,flat,100.0,100000.0,50000.0,1908,0,0.0,90800.0,90800.0,-9200.0
1517,Blair Grant,flat,100.0,100000.0,50000.0,1912,0,0.0,91200.0,91200.0,-8800.0
1518,Leon Randolph,flat,100.0,100000.0,50000.0,1945,0,0.0,94500.0,94500.0,-5500.0
1519,Kailey Blankenship,flat,100.0,100000.0,50000.0,1911,0,0.0,91100.0,91100.0,-8900.0
1520,Ernesto Blanchard,flat,100.0,100000.0,50000.0,2119,0,0.0,111900.0,111900.0,11900.0
1521,Layne Schwartz,flat,100.0,100000.0,50000.0,1978,0,0.0,97800.0,97800.0,-2200.0
1522,Edwin Vaughan,flat,100.0,100000.0,50000.0,2001,0,0.0,100100.0,100100.0,100.0
1523,Nancy Porter,flat,100.0,100000.0,50000.0,1869,0,0.0,86900.0,86900.0,-13100.0
1524,Rhett Vu,flat,100.0,100000.0,50000.0,1939,0,0.0,93900.0,93900.0,-6100.0
1525,Kimora Ramos,flat,100.0,100000.0,50000.0,1984,0,0.0,98400.0,98400.0,-1600.0
1526,Angel Decker,flat,100.0,100000.0,50000.0,1968,0,0.0,96800.0,96800.0,-3200.0
1527,Aleena Stephens,flat,100.0,100000.0,50000.0,1872,0,0.0,87200.0,87200.0,-12800.0
1528,Messiah Zamora,flat,100.0,100000.0,50000.0,1968,0,0.0,96800.0,96800.0,-3200.0
1529,Sierra Boyle,flat,100.0,100000.0,50000.0,1945,0,0.0,94500.0,94500.0,-5500.0
1530,Robin Alexander,flat,100.0,100000.0,50000.0,1930,0,0.0,93000.0,93000.0,-7000.0
1531,Lyla Washington,flat,100.0,100000.0,50000.0,1906,0,0.0,90600.0,90600.0,-9400.0
1532,Juan Bowman,flat,100.0,100000.0,50000.0,1998,0,0.0,99800.0,99800.0,-200.0
1533,Fiona Wolfe,flat,100.0,100000.0,50000.0,1999,0,0.0,99900.0,99900.0,-100.0
1534,Donovan Ruiz,flat,100.0,100000.0,50000.0,1943,0,0.0,94300.0,94300.0,-5700.0
1535,Emery Livingston,flat,100.0,100000.0,50000.0,1955,0,0.0,95500.0,95500.0,-4500.0
1536,Ambrose Boone,flat,100.0,100000.0,50000.0,1921,0,0.0,92100.0,92100.0,-7900.0
1537,Mariam Kelly,flat,100.0,100000.0,50000.0,1988,0,0.0,98800.0,98800.0,-1200.0
1538,Cooper Middleton,flat,100.0,100000.0,50000.0,1965,0,0.0,96500.0,96500.0,-3500.0
1539,Madalyn Cortes,flat,100.0,100000.0,50000.0,2038,0,0.0,103800.0,103800.0,3800.0
1540,Banks Villegas,flat,100.0,100000.0,50000.0,1989,0,0.0,98900.0,98900.0,-1100.0
1541,Jessie Morton,flat,100.0,100000.0,50000.0,2031,0,0.0,103100.0,103100.0,3100.0
1542,Roland Xiong,flat,100.0,100000.0,50000.0,1900,0,0.0,90000.0,90000.0,-10000.0
1543,Amayah Faulkner,flat,100.0,100000.0,50000.0,1934,0,0.0,93400.0,93400.0,-6600.0
1544,Jabari McGuire,flat,100.0,100000.0,50000.0,1896,0,0.0,89600.0,89600.0,-10400.0
1545,April Savage,flat,100.0,100000.0,50000.0,1924,0,0.0,92400.0,92400.0,-7600.0
1546,Keaton Rowland,flat,100.0,100000.0,50000.0,1994,0,0.0,99400.0,99400.0,-600.0
1547,Harleigh Small,flat,100.0,100000.0,50000.0,1937,0,0.0,93700.0,93700.0,-6300.0
1548,Rudy Swanson,flat,100.0,100000.0,50000.0,1928,0,0.0,92800.0,92800.0,-7200.0
1549,Helen Ferguson,flat,100.0,100000.0,50000.0,2012,0,0.0,101200.0,101200.0,1200.0
1550,Miguel Crawford,flat,100.0,100000.0,50000.0,1927,0,0.0,92700.0,92700.0,-7300.0
1551,Aubree Tapia,flat,100.0,100000.0,50000.0,1949,0,0.0,94900.0,94900.0,-5100.0
1552,Samir Berg,flat,100.0,100000.0,50000.0,1950,0,0.0,95000.0,95000.0,-5000.0
1553,Emmalyn Calhoun,flat,100.0,100000.0,50000.0,1944,0,0.0,94400.0,94400.0,-5600.0
1554,Gary Stout,flat,100.0,100000.0,50000.0,1871,0,0.0,87100.0,87100.0,-12900.0
1555,Chana Griffin,flat,100.0,100000.0,50000.0,1974,0,0.0,97400.0,97400.0,-2600.0
1556,Ayden Adams,flat,100.0,100000.0,50000.0,1928,0,0.0,92800.0,92800.0,-7200.0
1557,Stella Crawford,flat,100.0,100000.0,50000.0,1904,0,0.0,90400.0,90400.0,-9600.0
1558,Kevin Brennan,flat,100.0,100000.0,50000.0,1866,0,0.0,86600.0,86600.0,-13400.0
1559,Elodie Phan,flat,100.0,100000.0,50000.0,1924,0,0.0,92400.0,92400.0,-7600.0
1560,Maison Armstrong,flat,100.0,100000.0,50000.0,1979,0,0.0,97900.0,97900.0,-2100.0
1561,Presley Edwards,flat,100.0,100000.0,50000.0,1994,0,0.0,99400.0,99400.0,-600.0
1562,Adrian Murray,flat,100.0,100000.0,50000.0,1900,0,0.0,90000.0,90000.0,-10000.0
1563,Faith Duncan,flat,100.0,100000.0,50000.0,1957,0,0.0,95700.0,95700.0,-4300.0
1564,Avery Hall,flat,100.0,100000.0,50000.0,1939,0,0.0,93900.0,93900.0,-6100.0
1565,Leah Thornton,flat,100.0,100000.0,50000.0,1959,0,0.0,95900.0,95900.0,-4100.0
1566,Malik Frost,flat,100.0,100000.0,50000.0,1978,0,0.0,97800.0,97800.0,-2200.0
1567,Paula Robinson,flat,100.0,100000.0,50000.0,1907,0,0.0,90700.0,90700.0,-9300.0
1568,Matthew Mason,flat,100.0,100000.0,50000.0,2001,0,0.0,100100.0,100100.0,100.0
1569,Sienna Ramos,flat,100.0,100000.0,50000.0,1883,0,0.0,88300.0,88300.0,-11700.0
1570,Angel Morrow,flat,100.0,100000.0,50000.0,1936,0,0.0,93600.0,93600.0,-6400.0
1571,Reyna Duran,flat,100.0,100000.0,50000.0,1927,0,0.0,92700.0,92700.0,-7300.0
1572,Ismael Fry,flat,100.0,100000.0,50000.0,1948,0,0.0,94800.0,94800.0,-5200.0
1573,Clarissa Walter,flat,100.0,100000.0,50000.0,2019,0,0.0,101900.0,101900.0,1900.0
1574,Lochlan Peters,flat,100.0,100000.0,50000.0,2057,0,0.0,105700.0,105700.0,5700.0
1575,Leila Chavez,flat,100.0,100000.0,50000.0,1929,0,0.0,92900.0,92900.0,-7100.0
1576,Ian Waller,flat,100.0,100000.0,50000.0,1967,0,0.0,96700.0,96700.0,-3300.0
1577,Whitley Graves,flat,100.0,100000.0,50000.0,1928,0,0.0,92800.0,92800.0,-7200.0
1578,Cesar Frye,flat,100.0,100000.0,50000.0,1920,0,0.0,92000.0,92000.0,-8000.0
1579,Raya Kirby,flat,100.0,100000.0,50000.0,1972,0,0.0,97200.0,97200.0,-2800.0
1580,Tony Mullen,flat,100.0,100000.0,50000.0,1918,0,0.0,91800.0,91800.0,-8200.0
1581,Shay Strong,flat,100.0,100000.0,50000.0,1964,0,0.0,96400.0,96400.0,-3600.0
1582,Axl Patrick,flat,100.0,100000.0,50000.0,1948,0,0.0,94800.0,94800.0,-5200.0
1583,Lyra Harrell,flat,100.0,100000.0,50000.0,1841,0,0.0,84100.0,84100.0,-15900.0
1584,Nelson Tucker,flat,100.0,100000.0,50000.0,1915,0,0.0,91500.0,91500.0,-8500.0
1585,Esther Hammond,flat,100.0,100000.0,50000.0,1917,0,0.0,91700.0,91700.0,-8300.0
1586,Francis Maynard,flat,100.0,100000.0,50000.0,1965,0,0.0,96500.0,96500.0,-3500.0
1587,Carolyn Goodman,flat,100.0,100000.0,50000.0,1980,0,0.0,98000.0,98000.0,-2000.0
1588,Philip Sherman,flat,100.0,100000.0,50000.0,2031,0,0.0,103100.0,103100.0,3100.0
1589,Addilyn Crane,flat,100.0,100000.0,50000.0,1910,0,0.0,91000.0,91000.0,-9000.0
1590,Fox Daugherty,flat,100.0,100000.0,50000.0,1839,0,0.0,83900.0,83900.0,-16100.0
1591,Magdalena Petersen,flat,100.0,100000.0,50000.0,1974,0,0.0,97400.0,97400.0,-2600.0
1592,Samson Wu,flat,100.0,100000.0,50000.0,1932,0,0.0,93200.0,93200.0,-6800.0
1593,Liana Hanna,flat,100.0,100000.0,50000.0,1909,0,0.0,90900.0,90900.0,-9100.0
1594,Aydin Castillo,flat,100.0,100000.0,50000.0,2001,0,0.0,100100.0,100100.0,100.0
1595,Eva Everett,flat,100.0,100000.0,50000.0,1930,0,0.0,93000.0,93000.0,-7000.0
1596,Camilo Cobb,flat,100.0,100000.0,50000.0,1884,0,0.0,88400.0,88400.0,-11600.0
1597,Aviana Shah,flat,100.0,100000.0,50000.0,1884,0,0.0,88400.0,88400.0,-11600.0
1598,Zain Quinn,flat,100.0,100000.0,50000.0,1917,0,0.0,91700.0,91700.0,-8300.0
1599,Heaven Greer,flat,100.0,100000.0,50000.0,1939,0,0.0,93900.0,93900.0,-6100.0
1600,Koda Cantrell,flat,100.0,100000.0,50000.0,1918,0,0.0,91800.0,91800.0,-8200.0
1601,Yamileth Cardenas,flat,100.0,100000.0,50000.0,1915,0,0.0,91500.0,91500.0,-8500.0
1602,Johnathan Guevara,flat,100.0,100000.0,50000.0,2006,0,0.0,100600.0,100600.0,600.0
1603,Teresa Santos,flat,100.0,100000.0,50000.0,1984,0,0.0,98400.0,98400.0,-1600.0
1604,Walker Marshall,flat,100.0,100000.0,50000.0,1994,0,0.0,99400.0,99400.0,-600.0
1605,Adalyn Haley,flat,100.0,100000.0,50000.0,1857,0,0.0,85700.0,85700.0,-14300.0
1606,Leif Bradford,flat,100.0,100000.0,50000.0,2000,0,0.0,100000.0,100000.0,0.0
1607,Rhea Simpson,flat,100.0,100000.0,50000.0,1959,0,0.0,95900.0,95900.0,-4100.0
1608,Elliott Todd,flat,100.0,100000.0,50000.0,1891,0,0.0,89100.0,89100.0,-10900.0
1609,Zariah Pratt,flat,100.0,100000.0,50000.0,1965,0,0.0,96500.0,96500.0,-3500.0
1610,Rowen Carroll,flat,100.0,100000.0,50000.0,2036,0,0.0,103600.0,103600.0,3600.0
1611,Zara Shaffer,flat,100.0,100000.0,50000.0,1920,0,0.0,92000.0,92000.0,-8000.0
1612,Dexter Hubbard,flat,100.0,100000.0,50000.0,1986,0,0.0,98600.0,98600.0,-1400.0
1613,Rosie Avila,flat,100.0,100000.0,50000.0,1950,0,0.0,95000.0,95000.0,-5000.0
1614,Jaylen Nolan,flat,100.0,100000.0,50000.0,1910,0,0.0,91000.0,91000.0,-9000.0
1615,Itzayana Massey,flat,100.0,100000.0,50000.0,1938,0,0.0,93800.0,93800.0,-6200.0
1616,Donald Goodwin,flat,100.0,100000.0,50000.0,2004,0,0.0,100400.0,100400.0,400.0
1617,Shiloh Bates,flat,100.0,100000.0,50000.0,1865,0,0.0,86500.0,86500.0,-13500.0
1618,Ellis Pena,flat,100.0,100000.0,50000.0,1935,0,0.0,93500.0,93500.0,-6500.0
1619,Rachel Charles,flat,100.0,100000.0,50000.0,1902,0,0.0,90200.0,90200.0,-9800.0
1620,Conrad Stevenson,flat,100.0,100000.0,50000.0,1860,0,0.0,86000.0,86000.0,-14000.0
1621,Regina Maynard,flat,100.0,100000.0,50000.0,1924,0,0.0,92400.0,92400.0,-7600.0
1622,Landry Cervantes,flat,100.0,100000.0,50000.0,1914,0,0.0,91400.0,91400.0,-8600.0
1623,Aylin Higgins,flat,100.0,100000.0,50000.0,1965,0,0.0,96500.0,96500.0,-3500.0
1624,Sterling Solomon,flat,100.0,100000.0,50000.0,1979,0,0.0,97900.0,97900.0,-2100.0
1625,Mylah Le,flat,100.0,100000.0,50000.0,1904,0,0.0,90400.0,90400.0,-9600.0
1626,Damien Bender,flat,100.0,100000.0,50000.0,1956,0,0.0,95600.0,95600.0,-4400.0
1627,Lilyana Landry,flat,100.0,100000.0,50000.0,1951,0,0.0,95100.0,95100.0,-4900.0
1628,Jaxx Schmitt,flat,100.0,100000.0,50000.0,1976,0,0.0,97600.0,97600.0,-2400.0
1629,Queen Brooks,flat,100.0,100000.0,50000.0,1905,0,0.0,90500.0,90500.0,-9500.0
1630,Jordan Singh,flat,100.0,100000.0,50000.0,1983,0,0.0,98300.0,98300.0,-1700.0
1631,Vivienne Gardner,flat,100.0,100000.0,50000.0,1902,0,0.0,90200.0,90200.0,-9800.0
1632,Alan Greer,flat,100.0,100000.0,50000.0,2018,0,0.0,101800.0,101800.0,1800.0
1633,Reina Robertson,flat,100.0,100000.0,50000.0,1970,0,0.0,97000.0,97000.0,-3000.0
1634,Emiliano Beard,flat,100.0,100000.0,50000.0,1897,0,0.0,89700.0,89700.0,-10300.0
1635,Ezra Vaughan,flat,100.0,100000.0,50000.0,1946,0,0.0,94600.0,94600.0,-5400.0
1636,Castiel Stanley,flat,100.0,100000.0,50000.0,2012,0,0.0,101200.0,101200.0,1200.0
1637,Gracelyn Correa,flat,100.0,100000.0,50000.0,1922,0,0.0,92200.0,92200.0,-7800.0
1638,Zakai Liu,flat,100.0,100000.0,50000.0,1997,0,0.0,99700.0,99700.0,-300.0
1639,Kate McCall,flat,100.0,100000.0,50000.0,1992,0,0.0,99200.0,99200.0,-800.0
1640,Kiaan Pruitt,flat,100.0,100000.0,50000.0,1953,0,0.0,95300.0,95300.0,-4700.0
1641,Brylee Morris,flat,100.0,100000.0,50000.0,1953,0,0.0,95300.0,95300.0,-4700.0
1642,Christian Conner,flat,100.0,100000.0,50000.0,1970,0,0.0,97000.0,97000.0,-3000.0
1643,Alondra Roberts,flat,100.0,100000.0,50000.0,1861,0,0.0,86100.0,86100.0,-13900.0
1644,Josiah Mayer,flat,100.0,100000.0,50000.0,1972,0,0.0,97200.0,97200.0,-2800.0
1645,Ainhoa Reed,flat,100.0,100000.0,50000.0,1958,0,0.0,95800.0,95800.0,-4200.0
1646,Easton Santos,flat,100.0,100000.0,50000.0,1945,0,0.0,94500.0,94500.0,-5500.0
1647,Alana Bryan,flat,100.0,100000.0,50000.0,2017,0,0.0,101700.0,101700.0,1700.0
1648,Jaxtyn Ho,flat,100.0,100000.0,50000.0,1998,0,0.0,99800.0,99800.0,-200.0
1649,Calliope Hunt,flat,100.0,100000.0,50000.0,1914,0,0.0,91400.0,91400.0,-8600.0
1650,Jesus Freeman,flat,100.0,100000.0,50000.0,1906,0,0.0,90600.0,90600.0,-9400.0
1651,Norah Nielsen,flat,100.0,100000.0,50000.0,1919,0,0.0,91900.0,91900.0,-8100.0
1652,Tru Person,flat,100.0,100000.0,50000.0,1975,0,0.0,97500.0,97500.0,-2500.0
1653,Dylan Hobbs,flat,100.0,100000.0,50000.0,1949,0,0.0,94900.0,94900.0,-5100.0
1654,Brendan Yu,flat,100.0,100000.0,50000.0,1892,0,0.0,89200.0,89200.0,-10800.0
1655,Navy Branch,flat,100.0,100000.0,50000.0,1895,0,0.0,89500.0,89500.0,-10500.0
1656,Keenan Preston,flat,100.0,100000.0,50000.0,1960,0,0.0,96000.0,96000.0,-4000.0
1657,Indie Atkins,flat,100.0,100000.0,50000.0,1956,0,0.0,95600.0,95600.0,-4400.0
1658,Cason Walsh,flat,100.0,100000.0,50000.0,1943,0,0.0,94300.0,94300.0,-5700.0
1659,Leia Kennedy,flat,100.0,100000.0,50000.0,1957,0,0.0,95700.0,95700.0,-4300.0
1660,Maxwell Hunt,flat,100.0,100000.0,50000.0,1912,0,0.0,91200.0,91200.0,-8800.0
1661,Genevieve Chavez,flat,100.0,100000.0,50000.0,1968,0,0.0,96800.0,96800.0,-3200.0
1662,Ian Wade,flat,100.0,100000.0,50000.0,2014,0,0.0,101400.0,101400.0,1400.0
1663,Evie Quintero,flat,100.0,100000.0,50000.0,1951,0,0.0,95100.0,95100.0,-4900.0
1664,Thatcher Carey,flat,100.0,100000.0,50000.0,1961,0,0.0,96100.0,96100.0,-3900.0
1665,Alora Barr,flat,100.0,100000.0,50000.0,1953,0,0.0,95300.0,95300.0,-4700.0
1666,Harley Dodson,flat,100.0,100000.0,50000.0,1956,0,0.0,95600.0,95600.0,-4400.0
1667,Etta Tyler,flat,100.0,100000.0,50000.0,1905,0,0.0,90500.0,90500.0,-9500.0
1668,Emmitt Davila,flat,100.0,100000.0,50000.0,1907,0,0.0,90700.0,90700.0,-9300.0
1669,Rayne Avila,flat,100.0,100000.0,50000.0,1895,0,0.0,89500.0,89500.0,-10500.0
1670,Jaylen Stewart,flat,100.0,100000.0,50000.0,1925,0,0.0,92500.0,92500.0,-7500.0
1671,Maya Wall,flat,100.0,100000.0,50000.0,1947,0,0.0,94700.0,94700.0,-5300.0
1672,Issac O’Donnell,flat,100.0,100000.0,50000.0,2014,0,0.0,101400.0,101400.0,1400.0
1673,Bellamy Pruitt,flat,100.0,100000.0,50000.0,1933,0,0.0,93300.0,93300.0,-6700.0
1674,Gatlin Lewis,flat,100.0,100000.0,50000.0,1921,0,0.0,92100.0,92100.0,-7900.0
1675,Ellie Dennis,flat,100.0,100000.0,50000.0,1940,0,0.0,94000.0,94000.0,-6000.0
1676,Emanuel Hodge,flat,100.0,100000.0,50000.0,1886,0,0.0,88600.0,88600.0,-11400.0
1677,Coraline Salgado,flat,100.0,100000.0,50000.0,1981,0,0.0,98100.0,98100.0,-1900.0
1678,Trace McIntosh,flat,100.0,100000.0,50000.0,2003,0,0.0,100300.0,100300.0,300.0
1679,Gwen Caldwell,flat,100.0,100000.0,50000.0,1895,0,0.0,89500.0,89500.0,-10500.0
1680,Rylan Knapp,flat,100.0,100000.0,50000.0,2036,0,0.0,103600.0,103600.0,3600.0
1681,Linda Owen,flat,100.0,100000.0,50000.0,1928,0,0.0,92800.0,92800.0,-7200.0
1682,Cannon Khan,flat,100.0,100000.0,50000.0,1930,0,0.0,93000.0,93000.0,-7000.0
1683,Mabel Watts,flat,100.0,100000.0,50000.0,1977,0,0.0,97700.0,97700.0,-2300.0
1684,Dakota Chen,flat,100.0,100000.0,50000.0,2057,0,0.0,105700.0,105700.0,5700.0
1685,Valeria Huerta,flat,100.0,100000.0,50000.0,1916,0,0.0,91600.0,91600.0,-8400.0
1686,Douglas Park,flat,100.0,100000.0,50000.0,1934,0,0.0,93400.0,93400.0,-6600.0
1687,Lia Barber,flat,100.0,100000.0,50000.0,1919,0,0.0,91900.0,91900.0,-8100.0
1688,Solomon Randall,flat,100.0,100000.0,50000.0,1932,0,0.0,93200.0,93200.0,-6800.0
1689,Christina Collier,flat,100.0,100000.0,50000.0,1895,0,0.0,89500.0,89500.0,-10500.0
1690,Edison Lyons,flat,100.0,100000.0,50000.0,1873,0,0.0,87300.0,87300.0,-12700.0
1691,Kenzie O’Donnell,flat,100.0,100000.0,50000.0,1864,0,0.0,86400.0,86400.0,-13600.0
1692,Lian Turner,flat,100.0,100000.0,50000.0,1919,0,0.0,91900.0,91900.0,-8100.0
1693,Brooklyn McMahon,flat,100.0,100000.0,50000.0,1888,0,0.0,88800.0,88800.0,-11200.0
1694,Jakob Herring,flat,100.0,100000.0,50000.0,1931,0,0.0,93100.0,93100.0,-6900.0
1695,Denver Maldonado,flat,100.0,100000.0,50000.0,1937,0,0.0,93700.0,93700.0,-6300.0
1696,Javier Ventura,flat,100.0,100000.0,50000.0,1910,0,0.0,91000.0,91000.0,-9000.0
1697,Zora Barnes,flat,100.0,100000.0,50000.0,1919,0,0.0,91900.0,91900.0,-8100.0
1698,Damian Schultz,flat,100.0,100000.0,50000.0,1932,0,0.0,93200.0,93200.0,-6800.0
1699,Briella Villanueva,flat,100.0,100000.0,50000.0,1947,0,0.0,94700.0,94700.0,-5300.0
1700,Huxley Compton,flat,100.0,100000.0,50000.0,2002,0,0.0,100200.0,100200.0,200.0
1701,Elina Webster,flat,100.0,100000.0,50000.0,1892,0,0.0,89200.0,89200.0,-10800.0
1702,Shawn Tucker,flat,100.0,100000.0,50000.0,1950,0,0.0,95000.0,95000.0,-5000.0
1703,Esther Gardner,flat,100.0,100000.0,50000.0,1879,0,0.0,87900.0,87900.0,-12100.0
1704,Alan Dixon,flat,100.0,100000.0,50000.0,2037,0,0.0,103700.0,103700.0,3700.0
1705,Blakely Vance,flat,100.0,100000.0,50000.0,2037,0,0.0,103700.0,103700.0,3700.0
1706,Casen Olsen,flat,100.0,100000.0,50000.0,1965,0,0.0,96500.0,96500.0,-3500.0
1707,Oaklyn Anthony,flat,100.0,100000.0,50000.0,1918,0,0.0,91800.0,91800.0,-8200.0
1708,Shiloh Turner,flat,100.0,100000.0,50000.0,1937,0,0.0,93700.0,93700.0,-6300.0
1709,Brooklyn Fry,flat,100.0,100000.0,50000.0,1934,0,0.0,93400.0,93400.0,-6600.0
1710,Jacoby Boyle,flat,100.0,100000.0,50000.0,1980,0,0.0,98000.0,98000.0,-2000.0
1711,Aliya Maldonado,flat,100.0,100000.0,50000.0,1911,0,0.0,91100.0,91100.0,-8900.0
1712,Javier Hubbard,flat,100.0,100000.0,50000.0,1977,0,0.0,97700.0,97700.0,-2300.0
1713,Rosie Livingston,flat,100.0,100000.0,50000.0,1939,0,0.0,93900.0,93900.0,-6100.0
1714,Ambrose Moreno,flat,100.0,100000.0,50000.0,1919,0,0.0,91900.0,91900.0,-8100.0
1715,Mary Gilmore,flat,100.0,100000.0,50000.0,1932,0,0.0,93200.0,93200.0,-6800.0
1716,Vihaan Chambers,flat,100.0,100000.0,50000.0,1916,0,0.0,91600.0,91600.0,-8400.0
1717,Makayla Medrano,flat,100.0,100000.0,50000.0,1921,0,0.0,92100.0,92100.0,-7900.0
1718,Arian Parrish,flat,100.0,100000.0,50000.0,1925,0,0.0,92500.0,92500.0,-7500.0
1719,Tiana Liu,flat,100.0,100000.0,50000.0,1950,0,0.0,95000.0,95000.0,-5000.0
1720,Pedro Pineda,flat,100.0,100000.0,50000.0,1987,0,0.0,98700.0,98700.0,-1300.0
1721,Nola Valencia,flat,100.0,100000.0,50000.0,1920,0,0.0,92000.0,92000.0,-8000.0
1722,Dax Kim,flat,100.0,100000.0,50000.0,1977,0,0.0,97700.0,97700.0,-2300.0
1723,Gabriella Burton,flat,100.0,100000.0,50000.0,1937,0,0.0,93700.0,93700.0,-6300.0
1724,Zander Bartlett,flat,100.0,100000.0,50000.0,1909,0,0.0,90900.0,90900.0,-9100.0
1725,Aubrielle Randolph,flat,100.0,100000.0,50000.0,1858,0,0.0,85800.0,85800.0,-14200.0
1726,Eugene Bridges,flat,100.0,100000.0,50000.0,1912,0,0.0,91200.0,91200.0,-8800.0
1727,Elora Yates,flat,100.0,100000.0,50000.0,1968,0,0.0,96800.0,96800.0,-3200.0
1728,Braylon Santiago,flat,100.0,100000.0,50000.0,2071,0,0.0,107100.0,107100.0,7100.0
1729,Nyla Eaton,flat,100.0,100000.0,50000.0,1914,0,0.0,91400.0,91400.0,-8600.0
1730,Leighton Lara,flat,100.0,100000.0,50000.0,1892,0,0.0,89200.0,89200.0,-10800.0
1731,Heidi Griffin,flat,100.0,100000.0,50000.0,1984,0,0.0,98400.0,98400.0,-1600.0
1732,Ayden Stuart,flat,100.0,100000.0,50000.0,1916,0,0.0,91600.0,91600.0,-8400.0
1733,Stormi Hansen,flat,100.0,100000.0,50000.0,1893,0,0.0,89300.0,89300.0,-10700.0
1734,Charlie Quintero,flat,100.0,100000.0,50000.0,1972,0,0.0,97200.0,97200.0,-2800.0
1735,Keyla Wall,flat,100.0,100000.0,50000.0,1980,0,0.0,98000.0,98000.0,-2000.0
1736,Issac Sloan,flat,100.0,100000.0,50000.0,1945,0,0.0,94500.0,94500.0,-5500.0
1737,Selene Fernandez,flat,100.0,100000.0,50000.0,1986,0,0.0,98600.0,98600.0,-1400.0
1738,Bentley Howard,flat,100.0,100000.0,50000.0,1932,0,0.0,93200.0,93200.0,-6800.0
1739,Sophie French,flat,100.0,100000.0,50000.0,1868,0,0.0,86800.0,86800.0,-13200.0
1740,Corey Ahmed,flat,100.0,100000.0,50000.0,2010,0,0.0,101000.0,101000.0,1000.0
1741,Jolie Vega,flat,100.0,100000.0,50000.0,1892,0,0.0,89200.0,89200.0,-10800.0
1742,Aidan Stephenson,flat,100.0,100000.0,50000.0,1962,0,0.0,96200.0,96200.0,-3800.0
1743,Khaleesi Vasquez,flat,100.0,100000.0,50000.0,1982,0,0.0,98200.0,98200.0,-1800.0
1744,Rowan McIntyre,flat,100.0,100000.0,50000.0,1912,0,0.0,91200.0,91200.0,-8800.0
1745,Rebekah Marin,flat,100.0,100000.0,50000.0,1991,0,0.0,99100.0,99100.0,-900.0
1746,Aldo Barber,flat,100.0,100000.0,50000.0,1972,0,0.0,97200.0,97200.0,-2800.0
1747,Cassidy Howe,flat,100.0,100000.0,50000.0,1926,0,0.0,92600.0,92600.0,-7400.0
1748,Alaric Liu,flat,100.0,100000.0,50000.0,1960,0,0.0,96000.0,96000.0,-4000.0
1749,Kate Huber,flat,100.0,100000.0,50000.0,1988,0,0.0,98800.0,98800.0,-1200.0
1750,Mac Reid,flat,100.0,100000.0,50000.0,2001,0,0.0,100100.0,100100.0,100.0
1751,Charlee Simpson,flat,100.0,100000.0,50000.0,1945,0,0.0,94500.0,94500.0,-5500.0
1752,Elliott Black,flat,100.0,100000.0,50000.0,1919,0,0.0,91900.0,91900.0,-8100.0
1753,Molly Molina,flat,100.0,100000.0,50000.0,1925,0,0.0,92500.0,92500.0,-7500.0
1754,Prince Haley,flat,100.0,100000.0,50000.0,1964,0,0.0,96400.0,96400.0,-3600.0
1755,Addilynn Dennis,flat,100.0,100000.0,50000.0,1949,0,0.0,94900.0,94900.0,-5100.0
1756,Emanuel Perry,flat,100.0,100000.0,50000.0,2006,0,0.0,100600.0,100600.0,600.0
1757,Clara Bailey,flat,100.0,100000.0,50000.0,1873,0,0.0,87300.0,87300.0,-12700.0
1758,Axel Fitzgerald,flat,100.0,100000.0,50000.0,2002,0,0.0,100200.0,100200.0,200.0
1759,Marlee Lin,flat,100.0,100000.0,50000.0,1938,0,0.0,93800.0,93800.0,-6200.0
1760,Conor Kent,flat,100.0,100000.0,50000.0,1918,0,0.0,91800.0,91800.0,-8200.0
1761,Jazmine Curtis,flat,100.0,100000.0,50000.0,2008,0,0.0,100800.0,100800.0,800.0
1762,Muhammad Osborne,flat,100.0,100000.0,50000.0,1992,0,0.0,99200.0,99200.0,-800.0
1763,Shelby Garrett,flat,100.0,100000.0,50000.0,2004,0,0.0,100400.0,100400.0,400.0
1764,Kairo Shaw,flat,100.0,100000.0,50000.0,1890,0,0.0,89000.0,89000.0,-11000.0
1765,Emersyn Pugh,flat,100.0,100000.0,50000.0,1936,0,0.0,93600.0,93600.0,-6400.0
1766,Judson Blevins,flat,100.0,100000.0,50000.0,1953,0,0.0,95300.0,95300.0,-4700.0
1767,Aila Pacheco,flat,100.0,100000.0,50000.0,1891,0,0.0,89100.0,89100.0,-10900.0
1768,Erik Day,flat,100.0,100000.0,50000.0,1908,0,0.0,90800.0,90800.0,-9200.0
1769,Hayden Arellano,flat,100.0,100000.0,50000.0,1966,0,0.0,96600.0,96600.0,-3400.0
1770,Kellan Gibbs,flat,100.0,100000.0,50000.0,1963,0,0.0,96300.0,96300.0,-3700.0
1771,Carter Cohen,flat,100.0,100000.0,50000.0,1972,0,0.0,97200.0,97200.0,-2800.0
1772,Killian Washington,flat,100.0,100000.0,50000.0,1933,0,0.0,93300.0,93300.0,-6700.0
1773,Valerie Meadows,flat,100.0,100000.0,50000.0,1945,0,0.0,94500.0,94500.0,-5500.0
1774,Wayne Henderson,flat,100.0,100000.0,50000.0,1951,0,0.0,95100.0,95100.0,-4900.0
1775,Maria Suarez,flat,100.0,100000.0,50000.0,1978,0,0.0,97800.0,97800.0,-2200.0
1776,Soren Garrison,flat,100.0,100000.0,50000.0,1945,0,0.0,94500.0,94500.0,-5500.0
1777,Cadence Cuevas,flat,100.0,100000.0,50000.0,1933,0,0.0,93300.0,93300.0,-6700.0
1778,Brecken Khan,flat,100.0,100000.0,50000.0,1837,0,0.0,83700.0,83700.0,-16300.0
1779,Mabel Richardson,flat,100.0,100000.0,50000.0,1962,0,0.0,96200.0,96200.0,-3800.0
1780,Robert Snyder,flat,100.0,100000.0,50000.0,1951,0,0.0,95100.0,95100.0,-4900.0
1781,Callie Garrison,flat,100.0,100000.0,50000.0,2094,0,0.0,109400.0,109400.0,9400.0
1782,Noe Howard,flat,100.0,100000.0,50000.0,1957,0,0.0,95700.0,95700.0,-4300.0
1783,Sophie Villa,flat,100.0,100000.0,50000.0,1921,0,0.0,92100.0,92100.0,-7900.0
1784,Clay Zuniga,flat,100.0,100000.0,50000.0,1991,0,0.0,99100.0,99100.0,-900.0
1785,Leslie McCall,flat,100.0,100000.0,50000.0,1915,0,0.0,91500.0,91500.0,-8500.0
1786,Kiaan Brandt,flat,100.0,100000.0,50000.0,1963,0,0.0,96300.0,96300.0,-3700.0
1787,Loretta Love,flat,100.0,100000.0,50000.0,1976,0,0.0,97600.0,97600.0,-2400.0
1788,Jeffrey Stanton,flat,100.0,100000.0,50000.0,1987,0,0.0,98700.0,98700.0,-1300.0
1789,Jaycee Landry,flat,100.0,100000.0,50000.0,1886,0,0.0,88600.0,88600.0,-11400.0
1790,Jaxx Hodges,flat,100.0,100000.0,50000.0,1938,0,0.0,93800.0,93800.0,-6200.0
1791,Eve Baldwin,flat,100.0,100000.0,50000.0,1971,0,0.0,97100.0,97100.0,-2900.0
1792,Jaiden Small,flat,100.0,100000.0,50000.0,1946,0,0.0,94600.0,94600.0,-5400.0
1793,Zaria Shaw,flat,100.0,100000.0,50000.0,1936,0,0.0,93600.0,93600.0,-6400.0
1794,Elliot Nicholson,flat,100.0,100000.0,50000.0,2016,0,0.0,101600.0,101600.0,1600.0
1795,Justice Kerr,flat,100.0,100000.0,50000.0,2000,0,0.0,100000.0,100000.0,0.0
1796,Louie Carlson,flat,100.0,100000.0,50000.0,1905,0,0.0,90500.0,90500.0,-9500.0
1797,Kali Buckley,flat,100.0,100000.0,50000.0,1885,0,0.0,88500.0,88500.0,-11500.0
1798,Aryan Garza,flat,100.0,100000.0,50000.0,2017,0,0.0,101700.0,101700.0,1700.0
1799,River Gentry,flat,100.0,100000.0,50000.0,1921,0,0.0,92100.0,92100.0,-7900.0
1800,Magnus Holloway,flat,100.0,100000.0,50000.0,1981,0,0.0,98100.0,98100.0,-1900.0
1801,Mae Farley,flat,100.0,100000.0,50000.0,1979,0,0.0,97900.0,97900.0,-2100.0
1802,Graysen Camacho,flat,100.0,100000.0,50000.0,1884,0,0.0,88400.0,88400.0,-11600.0
1803,Armani Hendrix,flat,100.0,100000.0,50000.0,1935,0,0.0,93500.0,93500.0,-6500.0
1804,Korbyn Lim,flat,100.0,100000.0,50000.0,1950,0,0.0,95000.0,95000.0,-5000.0
1805,Giavanna Goodman,flat,100.0,100000.0,50000.0,1983,0,0.0,98300.0,98300.0,-1700.0
1806,Philip Roach,flat,100.0,100000.0,50000.0,1923,0,0.0,92300.0,92300.0,-7700.0
1807,Lyanna Solomon,flat,100.0,100000.0,50000.0,1944,0,0.0,94400.0,94400.0,-5600.0
1808,Musa Cooper,flat,100.0,100000.0,50000.0,1869,0,0.0,86900.0,86900.0,-13100.0
1809,Serenity Browning,flat,100.0,100000.0,50000.0,1909,0,0.0,90900.0,90900.0,-9100.0
1810,Rohan Sandoval,flat,100.0,100000.0,50000.0,1905,0,0.0,90500.0,90500.0,-9500.0
1811,Elsie Howard,flat,100.0,100000.0,50000.0,1973,0,0.0,97300.0,97300.0,-2700.0
1812,Jeremiah Lam,flat,100.0,100000.0,50000.0,1935,0,0.0,93500.0,93500.0,-6500.0
1813,Karina Moreno,flat,100.0,100000.0,50000.0,1997,0,0.0,99700.0,99700.0,-300.0
1814,Myles Simmons,flat,100.0,100000.0,50000.0,1985,0,0.0,98500.0,98500.0,-1500.0
1815,Reagan Santos,flat,100.0,100000.0,50000.0,1858,0,0.0,85800.0,85800.0,-14200.0
1816,Walker Greene,flat,100.0,100000.0,50000.0,1944,0,0.0,94400.0,94400.0,-5600.0
1817,Selena Horton,flat,100.0,100000.0,50000.0,1903,0,0.0,90300.0,90300.0,-9700.0
1818,Garrett Macias,flat,100.0,100000.0,50000.0,2029,0,0.0,102900.0,102900.0,2900.0
1819,Adley Farmer,flat,100.0,100000.0,50000.0,1937,0,0.0,93700.0,93700.0,-6300.0
1820,Jamison Saunders,flat,100.0,100000.0,50000.0,1979,0,0.0,97900.0,97900.0,-2100.0
1821,Meadow Quintana,flat,100.0,100000.0,50000.0,1984,0,0.0,98400.0,98400.0,-1600.0
1822,Kelvin O’Connell,flat,100.0,100000.0,50000.0,2031,0,0.0,103100.0,103100.0,3100.0
1823,Jillian Shields,flat,100.0,100000.0,50000.0,1983,0,0.0,98300.0,98300.0,-1700.0
1824,Devon Gillespie,flat,100.0,100000.0,50000.0,1967,0,0.0,96700.0,96700.0,-3300.0
1825,Alianna Sellers,flat,100.0,100000.0,50000.0,1951,0,0.0,95100.0,95100.0,-4900.0
1826,Madden Lambert,flat,100.0,100000.0,50000.0,1960,0,0.0,96000.0,96000.0,-4000.0
1827,Nina Lu,flat,100.0,100000.0,50000.0,1883,0,0.0,88300.0,88300.0,-11700.0
1828,Duncan Velez,flat,100.0,100000.0,50000.0,1998,0,0.0,99800.0,99800.0,-200.0
1829,Megan Hines,flat,100.0,100000.0,50000.0,1933,0,0.0,93300.0,93300.0,-6700.0
1830,Uriel Olson,flat,100.0,100000.0,50000.0,2002,0,0.0,100200.0,100200.0,200.0
1831,Isabel Hahn,flat,100.0,100000.0,50000.0,1875,0,0.0,87500.0,87500.0,-12500.0
1832,Kabir Martin,flat,100.0,100000.0,50000.0,1891,0,0.0,89100.0,89100.0,-10900.0
1833,Mila Archer,flat,100.0,100000.0,50000.0,1981,0,0.0,98100.0,98100.0,-1900.0
1834,Ephraim Webster,flat,100.0,100000.0,50000.0,1951,0,0.0,95100.0,95100.0,-4900.0
1835,Kensley Olsen,flat,100.0,100000.0,50000.0,1923,0,0.0,92300.0,92300.0,-7700.0
1836,Skyler Callahan,flat,100.0,100000.0,50000.0,1848,0,0.0,84800.0,84800.0,-15200.0
1837,Kimber Baker,flat,100.0,100000.0,50000.0,1963,0,0.0,96300.0,96300.0,-3700.0
1838,Ezra Beck,flat,100.0,100000.0,50000.0,1884,0,0.0,88400.0,88400.0,-11600.0
1839,Gia Trujillo,flat,100.0,100000.0,50000.0,2018,0,0.0,101800.0,101800.0,1800.0
1840,Apollo Benitez,flat,100.0,100000.0,50000.0,1978,0,0.0,97800.0,97800.0,-2200.0
1841,Aliza Donaldson,flat,100.0,100000.0,50000.0,1956,0,0.0,95600.0,95600.0,-4400.0
1842,Canaan Barry,flat,100.0,100000.0,50000.0,1910,0,0.0,91000.0,91000.0,-9000.0
1843,Waverly McDowell,flat,100.0,100000.0,50000.0,1831,0,0.0,83100.0,83100.0,-16900.0
1844,Lachlan Spears,flat,100.0,100000.0,50000.0,1998,0,0.0,99800.0,99800.0,-200.0
1845,Isabela Zhang,flat,100.0,100000.0,50000.0,2012,0,0.0,101200.0,101200.0,1200.0
1846,Isaias Fleming,flat,100.0,100000.0,50000.0,1886,0,0.0,88600.0,88600.0,-11400.0
1847,Fatima Davidson,flat,100.0,100000.0,50000.0,1909,0,0.0,90900.0,90900.0,-9100.0
1848,Dante Huynh,flat,100.0,100000.0,50000.0,1942,0,0.0,94200.0,94200.0,-5800.0
1849,Oaklee Arroyo,flat,100.0,100000.0,50000.0,1872,0,0.0,87200.0,87200.0,-12800.0
1850,Alberto Duffy,flat,100.0,100000.0,50000.0,1978,0,0.0,97800.0,97800.0,-2200.0
1851,Addisyn Whitehead,flat,100.0,100000.0,50000.0,1907,0,0.0,90700.0,90700.0,-9300.0
1852,Zayd Hanson,flat,100.0,100000.0,50000.0,1919,0,0.0,91900.0,91900.0,-8100.0
1853,Mariana Burton,flat,100.0,100000.0,50000.0,1926,0,0.0,92600.0,92600.0,-7400.0
1854,Zander Atkinson,flat,100.0,100000.0,50000.0,1925,0,0.0,92500.0,92500.0,-7500.0
1855,Jazmin Gilbert,flat,100.0,100000.0,50000.0,1932,0,0.0,93200.0,93200.0,-6800.0
1856,Tobias Contreras,flat,100.0,100000.0,50000.0,1912,0,0.0,91200.0,91200.0,-8800.0
1857,Daniela Mills,flat,100.0,100000.0,50000.0,1848,0,0.0,84800.0,84800.0,-15200.0
1858,Alex Hanson,flat,100.0,100000.0,50000.0,1854,0,0.0,85400.0,85400.0,-14600.0
1859,Mariana Chung,flat,100.0,100000.0,50000.0,1957,0,0.0,95700.0,95700.0,-4300.0
1860,Ira Meza,flat,100.0,100000.0,50000.0,1985,0,0.0,98500.0,98500.0,-1500.0
1861,Rosa Bond,flat,100.0,100000.0,50000.0,2020,0,0.0,102000.0,102000.0,2000.0
1862,Roger Bullock,flat,100.0,100000.0,50000.0,1999,0,0.0,99900.0,99900.0,-100.0
1863,Winnie McKenzie,flat,100.0,100000.0,50000.0,1982,0,0.0,98200.0,98200.0,-1800.0
1864,Scott Banks,flat,100.0,100000.0,50000.0,1969,0,0.0,96900.0,96900.0,-3100.0
1865,Cali Calhoun,flat,100.0,100000.0,50000.0,1932,0,0.0,93200.0,93200.0,-6800.0
1866,Gary Meza,flat,100.0,100000.0,50000.0,1972,0,0.0,97200.0,97200.0,-2800.0
1867,Rosa Randall,flat,100.0,100000.0,50000.0,1980,0,0.0,98000.0,98000.0,-2000.0
1868,Trenton Hobbs,flat,100.0,100000.0,50000.0,1941,0,0.0,94100.0,94100.0,-5900.0
1869,Lacey O’Neal,flat,100.0,100000.0,50000.0,1946,0,0.0,94600.0,94600.0,-5400.0
1870,Eddie Case,flat,100.0,100000.0,50000.0,1898,0,0.0,89800.0,89800.0,-10200.0
1871,Cleo Riley,flat,100.0,100000.0,50000.0,1994,0,0.0,99400.0,99400.0,-600.0
1872,Amari Walters,flat,100.0,100000.0,50000.0,1997,0,0.0,99700.0,99700.0,-300.0
1873,Samara Harrison,flat,100.0,100000.0,50000.0,2021,0,0.0,102100.0,102100.0,2100.0
1874,Gavin Fields,flat,100.0,100000.0,50000.0,2006,0,0.0,100600.0,100600.0,600.0
1875,Annie Dejesus,flat,100.0,100000.0,50000.0,2061,0,0.0,106100.0,106100.0,6100.0
1876,Rio Roberts,flat,100.0,100000.0,50000.0,1918,0,0.0,91800.0,91800.0,-8200.0
1877,Paisley Long,flat,100.0,100000.0,50000.0,1932,0,0.0,93200.0,93200.0,-6800.0
1878,Jace Barry,flat,100.0,100000.0,50000.0,1988,0,0.0,98800.0,98800.0,-1200.0
1879,Waverly Crawford,flat,100.0,100000.0,50000.0,2021,0,0.0,102100.0,102100.0,2100.0
1880,Kevin Rosario,flat,100.0,100000.0,50000.0,1978,0,0.0,97800.0,97800.0,-2200.0
1881,Louisa Lucero,flat,100.0,100000.0,50000.0,1955,0,0.0,95500.0,95500.0,-4500.0
1882,Felipe McMahon,flat,100.0,100000.0,50000.0,2041,0,0.0,104100.0,104100.0,4100.0
1883,Belen Avery,flat,100.0,100000.0,50000.0,1874,0,0.0,87400.0,87400.0,-12600.0
1884,Jakari Fisher,flat,100.0,100000.0,50000.0,1839,0,0.0,83900.0,83900.0,-16100.0
1885,Arya Rush,flat,100.0,100000.0,50000.0,1950,0,0.0,95000.0,95000.0,-5000.0
1886,Kaiser Mason,flat,100.0,100000.0,50000.0,1876,0,0.0,87600.0,87600.0,-12400.0
1887,Sienna Contreras,flat,100.0,100000.0,50000.0,2032,0,0.0,103200.0,103200.0,3200.0
1888,Emilio Morgan,flat,100.0,100000.0,50000.0,1860,0,0.0,86000.0,86000.0,-14000.0
1889,Delilah Lucero,flat,100.0,100000.0,50000.0,1888,0,0.0,88800.0,88800.0,-11200.0
1890,Felipe Gibbs,flat,100.0,100000.0,50000.0,1939,0,0.0,93900.0,93900.0,-6100.0
1891,Carter Williams,flat,100.0,100000.0,50000.0,1885,0,0.0,88500.0,88500.0,-11500.0
1892,Oliver Tanner,flat,100.0,100000.0,50000.0,1931,0,0.0,93100.0,93100.0,-6900.0
1893,Harmoni Serrano,flat,100.0,100000.0,50000.0,1977,0,0.0,97700.0,97700.0,-2300.0
1894,Milan Koch,flat,100.0,100000.0,50000.0,1894,0,0.0,89400.0,89400.0,-10600.0
1895,Milana Frost,flat,100.0,100000.0,50000.0,1990,0,0.0,99000.0,99000.0,-1000.0
1896,Dario Watkins,flat,100.0,100000.0,50000.0,1900,0,0.0,90000.0,90000.0,-10000.0
1897,Lola Woodward,flat,100.0,100000.0,50000.0,1961,0,0.0,96100.0,96100.0,-3900.0
1898,Jeremias Villarreal,flat,100.0,100000.0,50000.0,1913,0,0.0,91300.0,91300.0,-8700.0
1899,Jazlyn Harrington,flat,100.0,100000.0,50000.0,1976,0,0.0,97600.0,97600.0,-2400.0
1900,Omari Moon,flat,100.0,100000.0,50000.0,1965,0,0.0,96500.0,96500.0,-3500.0
1901,Naya Juarez,flat,100.0,100000.0,50000.0,1898,0,0.0,89800.0,89800.0,-10200.0
1902,Joaquin Holloway,flat,100.0,100000.0,50000.0,1974,0,0.0,97400.0,97400.0,-2600.0
1903,Mae Mendoza,flat,100.0,100000.0,50000.0,1943,0,0.0,94300.0,94300.0,-5700.0
1904,Dominic Delarosa,flat,100.0,100000.0,50000.0,1954,0,0.0,95400.0,95400.0,-4600.0
1905,Iyla Lopez,flat,100.0,100000.0,50000.0,2004,0,0.0,100400.0,100400.0,400.0
1906,Michael Webb,flat,100.0,100000.0,50000.0,1919,0,0.0,91900.0,91900.0,-8100.0
1907,Ariella Short,flat,100.0,100000.0,50000.0,1892,0,0.0,89200.0,89200.0,-10800.0
1908,Hezekiah Meyers,flat,100.0,100000.0,50000.0,1883,0,0.0,88300.0,88300.0,-11700.0
1909,Leyla Keller,flat,100.0,100000.0,50000.0,1948,0,0.0,94800.0,94800.0,-5200.0
1910,Nico Christensen,flat,100.0,100000.0,50000.0,1960,0,0.0,96000.0,96000.0,-4000.0
1911,Carmen Boone,flat,100.0,100000.0,50000.0,1979,0,0.0,97900.0,97900.0,-2100.0
1912,Mauricio Krueger,flat,100.0,100000.0,50000.0,1935,0,0.0,93500.0,93500.0,-6500.0
1913,Kamari Rivers,flat,100.0,100000.0,50000.0,1899,0,0.0,89900.0,89900.0,-10100.0
1914,Bear Sullivan,flat,100.0,100000.0,50000.0,2018,0,0.0,101800.0,101800.0,1800.0
1915,Melanie Vega,flat,100.0,100000.0,50000.0,1960,0,0.0,96000.0,96000.0,-4000.0
1916,Aidan Holloway,flat,100.0,100000.0,50000.0,1924,0,0.0,92400.0,92400.0,-7600.0
1917,Mae Schroeder,flat,100.0,100000.0,50000.0,1988,0,0.0,98800.0,98800.0,-1200.0
1918,Izaiah Parra,flat,100.0,100000.0,50000.0,1991,0,0.0,99100.0,99100.0,-900.0
1919,Dalary Delgado,flat,100.0,100000.0,50000.0,2003,0,0.0,100300.0,100300.0,300.0
1920,Colt Collier,flat,100.0,100000.0,50000.0,1897,0,0.0,89700.0,89700.0,-10300.0
1921,Ivory Dillon,flat,100.0,100000.0,50000.0,1983,0,0.0,98300.0,98300.0,-1700.0
1922,Alvin Smith,flat,100.0,100000.0,50000.0,1917,0,0.0,91700.0,91700.0,-8300.0
1923,Olivia Enriquez,flat,100.0,100000.0,50000.0,1990,0,0.0,99000.0,99000.0,-1000.0
1924,Elisha Vega,flat,100.0,100000.0,50000.0,1952,0,0.0,95200.0,95200.0,-4800.0
1925,Dakota Valenzuela,flat,100.0,100000.0,50000.0,2000,0,0.0,100000.0,100000.0,0.0
1926,Jamari Gibson,flat,100.0,100000.0,50000.0,1953,0,0.0,95300.0,95300.0,-4700.0
1927,Eden Greer,flat,100.0,100000.0,50000.0,1924,0,0.0,92400.0,92400.0,-7600.0
1928,Koda Roberson,flat,100.0,100000.0,50000.0,1949,0,0.0,94900.0,94900.0,-5100.0
1929,Sasha Santiago,flat,100.0,100000.0,50000.0,1936,0,0.0,93600.0,93600.0,-6400.0
1930,Beckham Carrillo,flat,100.0,100000.0,50000.0,1935,0,0.0,93500.0,93500.0,-6500.0
1931,Kaylani Arellano,flat,100.0,100000.0,50000.0,1939,0,0.0,93900.0,93900.0,-6100.0
1932,Kellan Reese,flat,100.0,100000.0,50000.0,1885,0,0.0,88500.0,88500.0,-11500.0
1933,Rosemary Hunt,flat,100.0,100000.0,50000.0,2035,0,0.0,103500.0,103500.0,3500.0
1934,Jesus Howe,flat,100.0,100000.0,50000.0,1959,0,0.0,95900.0,95900.0,-4100.0
1935,Persephone Walton,flat,100.0,100000.0,50000.0,1995,0,0.0,99500.0,99500.0,-500.0
1936,Dominick Wilkins,flat,100.0,100000.0,50000.0,1992,0,0.0,99200.0,99200.0,-800.0
1937,Amalia Murray,flat,100.0,100000.0,50000.0,1946,0,0.0,94600.0,94600.0,-5400.0
1938,Ashton Patterson,flat,100.0,100000.0,50000.0,1900,0,0.0,90000.0,90000.0,-10000.0
1939,Kaylee Gray,flat,100.0,100000.0,50000.0,1867,0,0.0,86700.0,86700.0,-13300.0
1940,Nicholas McConnell,flat,100.0,100000.0,50000.0,1965,0,0.0,96500.0,96500.0,-3500.0
1941,Denise Thornton,flat,100.0,100000.0,50000.0,1865,0,0.0,86500.0,86500.0,-13500.0
1942,Malik Walker,flat,100.0,100000.0,50000.0,1938,0,0.0,93800.0,93800.0,-6200.0
1943,Hazel Hart,flat,100.0,100000.0,50000.0,1952,0,0.0,95200.0,95200.0,-4800.0
1944,Joel Griffin,flat,100.0,100000.0,50000.0,2017,0,0.0,101700.0,101700.0,1700.0
1945,Charlie Mora,flat,100.0,100000.0,50000.0,1944,0,0.0,94400.0,94400.0,-5600.0
1946,Arturo Nunez,flat,100.0,100000.0,50000.0,1939,0,0.0,93900.0,93900.0,-6100.0
1947,Mya Reyna,flat,100.0,100000.0,50000.0,1910,0,0.0,91000.0,91000.0,-9000.0
1948,Reginald Shepard,flat,100.0,100000.0,50000.0,1949,0,0.0,94900.0,94900.0,-5100.0
1949,Noor Keith,flat,100.0,100000.0,50000.0,1946,0,0.0,94600.0,94600.0,-5400.0
1950,Jagger Mosley,flat,100.0,100000.0,50000.0,1917,0,0.0,91700.0,91700.0,-8300.0
1951,Zaniyah Olsen,flat,100.0,100000.0,50000.0,1911,0,0.0,91100.0,91100.0,-8900.0
1952,Skyler Campos,flat,100.0,100000.0,50000.0,2003,0,0.0,100300.0,100300.0,300.0
1953,Sutton Harris,flat,100.0,100000.0,50000.0,1985,0,0.0,98500.0,98500.0,-1500.0
1954,Samuel Buck,flat,100.0,100000.0,50000.0,1916,0,0.0,91600.0,91600.0,-8400.0
1955,Livia Rollins,flat,100.0,100000.0,50000.0,1900,0,0.0,90000.0,90000.0,-10000.0
1956,Wes Fernandez,flat,100.0,100000.0,50000.0,1972,0,0.0,97200.0,97200.0,-2800.0
1957,Amara Mora,flat,100.0,100000.0,50000.0,1915,0,0.0,91500.0,91500.0,-8500.0
1958,Arturo Day,flat,100.0,100000.0,50000.0,1946,0,0.0,94600.0,94600.0,-5400.0
1959,Hayden Noble,flat,100.0,100000.0,50000.0,1987,0,0.0,98700.0,98700.0,-1300.0
1960,Idris Cantrell,flat,100.0,100000.0,50000.0,1964,0,0.0,96400.0,96400.0,-3600.0
1961,Yamileth Livingston,flat,100.0,100000.0,50000.0,1935,0,0.0,93500.0,93500.0,-6500.0
1962,Ambrose Gill,flat,100.0,100000.0,50000.0,1862,0,0.0,86200.0,86200.0,-13800.0
1963,Jordan O’Donnell,flat,100.0,100000.0,50000.0,1921,0,0.0,92100.0,92100.0,-7900.0
1964,Lian Skinner,flat,100.0,100000.0,50000.0,1970,0,0.0,97000.0,97000.0,-3000.0
1965,Mara Waters,flat,100.0,100000.0,50000.0,2022,0,0.0,102200.0,102200.0,2200.0
1966,Maximilian Wong,flat,100.0,100000.0,50000.0,1942,0,0.0,94200.0,94200.0,-5800.0
1967,Adelaide Gibbs,flat,100.0,100000.0,50000.0,2018,0,0.0,101800.0,101800.0,1800.0
1968,Deacon Lloyd,flat,100.0,100000.0,50000.0,1870,0,0.0,87000.0,87000.0,-13000.0
1969,Emely Porter,flat,100.0,100000.0,50000.0,2038,0,0.0,103800.0,103800.0,3800.0
1970,Rhett Leal,flat,100.0,100000.0,50000.0,1907,0,0.0,90700.0,90700.0,-9300.0
1971,Murphy Esparza,flat,100.0,100000.0,50000.0,2014,0,0.0,101400.0,101400.0,1400.0
1972,Carl Stark,flat,100.0,100000.0,50000.0,1931,0,0.0,93100.0,93100.0,-6900.0
1973,Kamilah Kelly,flat,100.0,100000.0,50000.0,2001,0,0.0,100100.0,100100.0,100.0
1974,Cooper Trejo,flat,100.0,100000.0,50000.0,1908,0,0.0,90800.0,90800.0,-9200.0
1975,Rosalyn Robertson,flat,100.0,100000.0,50000.0,1942,0,0.0,94200.0,94200.0,-5800.0
1976,Emiliano Lucas,flat,100.0,100000.0,50000.0,1910,0,0.0,91000.0,91000.0,-9000.0
1977,Phoenix Kirk,flat,100.0,100000.0,50000.0,1932,0,0.0,93200.0,93200.0,-6800.0
1978,Alessandro Prince,flat,100.0,100000.0,50000.0,2039,0,0.0,103900.0,103900.0,3900.0
1979,Greta Callahan,flat,100.0,100000.0,50000.0,1905,0,0.0,90500.0,90500.0,-9500.0
1980,Quinton Mack,flat,100.0,100000.0,50000.0,1946,0,0.0,94600.0,94600.0,-5400.0
1981,Nadia Morgan,flat,100.0,100000.0,50000.0,1983,0,0.0,98300.0,98300.0,-1700.0
1982,Hunter Travis,flat,100.0,100000.0,50000.0,1901,0,0.0,90100.0,90100.0,-9900.0
1983,Mazikee Li,flat,100.0,100000.0,50000.0,1927,0,0.0,92700.0,92700.0,-7300.0
1984,Jorge Harvey,flat,100.0,100000.0,50000.0,1979,0,0.0,97900.0,97900.0,-2100.0
1985,Nicole Stokes,flat,100.0,100000.0,50000.0,1992,0,0.0,99200.0,99200.0,-800.0
1986,Santana Bentley,flat,100.0,100000.0,50000.0,1972,0,0.0,97200.0,97200.0,-2800.0
1987,Jaylin Ware,flat,100.0,100000.0,50000.0,1912,0,0.0,91200.0,91200.0,-8800.0
1988,Tadeo Skinner,flat,100.0,100000.0,50000.0,2008,0,0.0,100800.0,100800.0,800.0
1989,Mara Lester,flat,100.0,100000.0,50000.0,1952,0,0.0,95200.0,95200.0,-4800.0
1990,Lee Rosario,flat,100.0,100000.0,50000.0,1922,0,0.0,92200.0,92200.0,-7800.0
1991,Louisa Steele,flat,100.0,100000.0,50000.0,1984,0,0.0,98400.0,98400.0,-1600.0
1992,Elian Osborne,flat,100.0,100000.0,50000.0,1968,0,0.0,96800.0,96800.0,-3200.0
1993,Shelby Fletcher,flat,100.0,100000.0,50000.0,1953,0,0.0,95300.0,95300.0,-4700.0
1994,Jay Robles,flat,100.0,100000.0,50000.0,1884,0,0.0,88400.0,88400.0,-11600.0
1995,Felicity Dudley,flat,100.0,100000.0,50000.0,1931,0,0.0,93100.0,93100.0,-6900.0
1996,Colter Hicks,flat,100.0,100000.0,50000.0,1938,0,0.0,93800.0,93800.0,-6200.0
1997,Alina Hood,flat,100.0,100000.0,50000.0,1997,0,0.0,99700.0,99700.0,-300.0
1998,Brixton Charles,flat,100.0,100000.0,50000.0,1889,0,0.0,88900.0,88900.0,-11100.0
1999,Jenna Carrillo,flat,100.0,100000.0,50000.0,1904,0,0.0,90400.0,90400.0,-9600.0
2000,Wade Cooper,flat,100.0,100000.0,50000.0,1965,0,0.0,96500.0,96500.0,-3500.0
2001,Ophelia Taylor,flat,100.0,100000.0,50000.0,1999,0,0.0,99900.0,99900.0,-100.0
2002,Jackson Browning,flat,100.0,100000.0,50000.0,1969,0,0.0,96900.0,96900.0,-3100.0
2003,Princess Horn,flat,100.0,100000.0,50000.0,1957,0,0.0,95700.0,95700.0,-4300.0
2004,Wilson Peterson,flat,100.0,100000.0,50000.0,1870,0,0.0,87000.0,87000.0,-13000.0
2005,Caroline Foster,flat,100.0,100000.0,50000.0,1892,0,0.0,89200.0,89200.0,-10800.0
2006,Kayden Simon,flat,100.0,100000.0,50000.0,1867,0,0.0,86700.0,86700.0,-13300.0
2007,Kalani Garza,flat,100.0,100000.0,50000.0,1939,0,0.0,93900.0,93900.0,-6100.0
2008,Judah Mills,flat,100.0,100000.0,50000.0,1883,0,0.0,88300.0,88300.0,-11700.0
2009,June Sheppard,flat,100.0,100000.0,50000.0,1974,0,0.0,97400.0,97400.0,-2600.0
2010,Trent Meyer,flat,100.0,100000.0,50000.0,1939,0,0.0,93900.0,93900.0,-6100.0
2011,Sara Noble,flat,100.0,100000.0,50000.0,1931,0,0.0,93100.0,93100.0,-6900.0
2012,Idris White,flat,100.0,100000.0,50000.0,1868,0,0.0,86800.0,86800.0,-13200.0
2013,Layla Avila,flat,100.0,100000.0,50000.0,2033,0,0.0,103300.0,103300.0,3300.0
2014,Jaylen Hubbard,flat,100.0,100000.0,50000.0,1952,0,0.0,95200.0,95200.0,-4800.0
2015,Rosie Valdez,flat,100.0,100000.0,50000.0,1956,0,0.0,95600.0,95600.0,-4400.0
2016,Kyler Davis,flat,100.0,100000.0,50000.0,1943,0,0.0,94300.0,94300.0,-5700.0
2017,Mia O’Neal,flat,100.0,100000.0,50000.0,1967,0,0.0,96700.0,96700.0,-3300.0
2018,Eddie O’Connell,flat,100.0,100000.0,50000.0,1931,0,0.0,93100.0,93100.0,-6900.0
2019,Jillian Wong,flat,100.0,100000.0,50000.0,1896,0,0.0,89600.0,89600.0,-10400.0
2020,Walter King,flat,100.0,100000.0,50000.0,1991,0,0.0,99100.0,99100.0,-900.0
2021,Victoria Hutchinson,flat,100.0,100000.0,50000.0,2070,0,0.0,107000.0,107000.0,7000.0
2022,Korbin Davis,flat,100.0,100000.0,50000.0,1958,0,0.0,95800.0,95800.0,-4200.0
2023,Mia Ballard,flat,100.0,100000.0,50000.0,1942,0,0.0,94200.0,94200.0,-5800.0
2024,Kenzo Tang,flat,100.0,100000.0,50000.0,1927,0,0.0,92700.0,92700.0,-7300.0
2025,Belle Potts,flat,100.0,100000.0,50000.0,1921,0,0.0,92100.0,92100.0,-7900.0
2026,Alfred Leonard,flat,100.0,100000.0,50000.0,1990,0,0.0,99000.0,99000.0,-1000.0
2027,Demi Doyle,flat,100.0,100000.0,50000.0,2005,0,0.0,100500.0,100500.0,500.0
2028,Kashton Martin,flat,100.0,100000.0,50000.0,1922,0,0.0,92200.0,92200.0,-7800.0
2029,Mila Villalobos,flat,100.0,100000.0,50000.0,2030,0,0.0,103000.0,103000.0,3000.0
2030,Reuben Guevara,flat,100.0,100000.0,50000.0,1983,0,0.0,98300.0,98300.0,-1700.0
2031,Teresa Hensley,flat,100.0,100000.0,50000.0,1974,0,0.0,97400.0,97400.0,-2600.0
2032,Layne Escobar,flat,100.0,100000.0,50000.0,1947,0,0.0,94700.0,94700.0,-5300.0
2033,Erin Vazquez,flat,100.0,100000.0,50000.0,1984,0,0.0,98400.0,98400.0,-1600.0
2034,Jesse Richard,flat,100.0,100000.0,50000.0,1952,0,0.0,95200.0,95200.0,-4800.0
2035,Davina Webb,flat,100.0,100000.0,50000.0,1948,0,0.0,94800.0,94800.0,-5200.0
2036,Lorenzo Lara,flat,100.0,100000.0,50000.0,2000,0,0.0,100000.0,100000.0,0.0
2037,Heidi Foley,flat,100.0,100000.0,50000.0,1949,0,0.0,94900.0,94900.0,-5100.0
2038,Mohammad Marsh,flat,100.0,100000.0,50000.0,1952,0,0.0,95200.0,95200.0,-4800.0
2039,Adelina Quintana,flat,100.0,100000.0,50000.0,1950,0,0.0,95000.0,95000.0,-5000.0
2040,Kelvin Ware,flat,100.0,100000.0,50000.0,1903,0,0.0,90300.0,90300.0,-9700.0
2041,Eileen McClain,flat,100.0,100000.0,50000.0,1912,0,0.0,91200.0,91200.0,-8800.0
2042,Mitchell Hale,flat,100.0,100000.0,50000.0,1896,0,0.0,89600.0,89600.0,-10400.0
2043,Brinley Herman,flat,100.0,100000.0,50000.0,1960,0,0.0,96000.0,96000.0,-4000.0
2044,Juelz Berger,flat,100.0,100000.0,50000.0,1861,0,0.0,86100.0,86100.0,-13900.0
2045,Laylah Wilkins,flat,100.0,100000.0,50000.0,1934,0,0.0,93400.0,93400.0,-6600.0
2046,Yusuf Trujillo,flat,100.0,100000.0,50000.0,1922,0,0.0,92200.0,92200.0,-7800.0
2047,Danielle McIntyre,flat,100.0,100000.0,50000.0,1910,0,0.0,91000.0,91000.0,-9000.0
2048,Eliseo Shannon,flat,100.0,100000.0,50000.0,1983,0,0.0,98300.0,98300.0,-1700.0
2049,Harlee Henry,flat,100.0,100000.0,50000.0,1996,0,0.0,99600.0,99600.0,-400.0
2050,Carlos Patterson,flat,100.0,100000.0,50000.0,1932,0,0.0,93200.0,93200.0,-6800.0
2051,Kaylee Palacios,flat,100.0,100000.0,50000.0,1946,0,0.0,94600.0,94600.0,-5400.0
2052,Thaddeus Rivers,flat,100.0,100000.0,50000.0,1951,0,0.0,95100.0,95100.0,-4900.0
2053,Kiana Harrington,flat,100.0,100000.0,50000.0,1979,0,0.0,97900.0,97900.0,-2100.0
2054,Omari Mendoza,flat,100.0,100000.0,50000.0,1949,0,0.0,94900.0,94900.0,-5100.0
2055,Cora McMahon,flat,100.0,100000.0,50000.0,1919,0,0.0,91900.0,91900.0,-8100.0
2056,Jakob Bryan,flat,100.0,100000.0,50000.0,1946,0,0.0,94600.0,94600.0,-5400.0
2057,Meredith Davidson,flat,100.0,100000.0,50000.0,1969,0,0.0,96900.0,96900.0,-3100.0
2058,Dante Williams,flat,100.0,100000.0,50000.0,1903,0,0.0,90300.0,90300.0,-9700.0
2059,Ava Davidson,flat,100.0,100000.0,50000.0,1948,0,0.0,94800.0,94800.0,-5200.0
2060,Dante Matthews,flat,100.0,100000.0,50000.0,2006,0,0.0,100600.0,100600.0,600.0
2061,Lila Hendricks,flat,100.0,100000.0,50000.0,1926,0,0.0,92600.0,92600.0,-7400.0
2062,Dash Christensen,flat,100.0,100000.0,50000.0,1985,0,0.0,98500.0,98500.0,-1500.0
2063,Carmen Acevedo,flat,100.0,100000.0,50000.0,2021,0,0.0,102100.0,102100.0,2100.0
2064,Dakari Marin,flat,100.0,100000.0,50000.0,1909,0,0.0,90900.0,90900.0,-9100.0
2065,Celia Skinner,flat,100.0,100000.0,50000.0,1882,0,0.0,88200.0,88200.0,-11800.0
2066,Ridge Kelly,flat,100.0,100000.0,50000.0,1955,0,0.0,95500.0,95500.0,-4500.0
2067,Ruby Landry,flat,100.0,100000.0,50000.0,1939,0,0.0,93900.0,93900.0,-6100.0
2068,Jaxx Clayton,flat,100.0,100000.0,50000.0,1930,0,0.0,93000.0,93000.0,-7000.0
2069,Saige Bautista,flat,100.0,100000.0,50000.0,1898,0,0.0,89800.0,89800.0,-10200.0
2070,Raul Coffey,flat,100.0,100000.0,50000.0,1927,0,0.0,92700.0,92700.0,-7300.0
2071,Paola McIntosh,flat,100.0,100000.0,50000.0,1910,0,0.0,91000.0,91000.0,-9000.0
2072,Kristian Montoya,flat,100.0,100000.0,50000.0,1951,0,0.0,95100.0,95100.0,-4900.0
2073,Kamryn Pearson,flat,100.0,100000.0,50000.0,1929,0,0.0,92900.0,92900.0,-7100.0
2074,Gunner Potter,flat,100.0,100000.0,50000.0,1956,0,0.0,95600.0,95600.0,-4400.0
2075,Rory Wells,flat,100.0,100000.0,50000.0,1928,0,0.0,92800.0,92800.0,-7200.0
2076,Max Wolf,flat,100.0,100000.0,50000.0,1947,0,0.0,94700.0,94700.0,-5300.0
2077,Jolene Aguilar,flat,100.0,100000.0,50000.0,1977,0,0.0,97700.0,97700.0,-2300.0
2078,Milo Dean,flat,100.0,100000.0,50000.0,1918,0,0.0,91800.0,91800.0,-8200.0
2079,Julianna Vincent,flat,100.0,100000.0,50000.0,1987,0,0.0,98700.0,98700.0,-1300.0
2080,Aarav Waller,flat,100.0,100000.0,50000.0,1995,0,0.0,99500.0,99500.0,-500.0
2081,Whitley Maddox,flat,100.0,100000.0,50000.0,1918,0,0.0,91800.0,91800.0,-8200.0
2082,Lyric Boyer,flat,100.0,100000.0,50000.0,1892,0,0.0,89200.0,89200.0,-10800.0
2083,Chaya Pham,flat,100.0,100000.0,50000.0,1981,0,0.0,98100.0,98100.0,-1900.0
2084,Russell McConnell,flat,100.0,100000.0,50000.0,2059,0,0.0,105900.0,105900.0,5900.0
2085,Denise Guerra,flat,100.0,100000.0,50000.0,1938,0,0.0,93800.0,93800.0,-6200.0
2086,Leland Cochran,flat,100.0,100000.0,50000.0,1948,0,0.0,94800.0,94800.0,-5200.0
2087,Alma Dickerson,flat,100.0,100000.0,50000.0,1923,0,0.0,92300.0,92300.0,-7700.0
2088,Flynn Esparza,flat,100.0,100000.0,50000.0,1863,0,0.0,86300.0,86300.0,-13700.0
2089,Ramona Case,flat,100.0,100000.0,50000.0,1967,0,0.0,96700.0,96700.0,-3300.0
2090,Bentlee Le,flat,100.0,100000.0,50000.0,1894,0,0.0,89400.0,89400.0,-10600.0
2091,Myla Dawson,flat,100.0,100000.0,50000.0,1928,0,0.0,92800.0,92800.0,-7200.0
2092,Iker Gonzalez,flat,100.0,100000.0,50000.0,1929,0,0.0,92900.0,92900.0,-7100.0
2093,Abigail Harper,flat,100.0,100000.0,50000.0,1913,0,0.0,91300.0,91300.0,-8700.0
2094,Hayes Holt,flat,100.0,100000.0,50000.0,1835,0,0.0,83500.0,83500.0,-16500.0
2095,Adelynn Hoover,flat,100.0,100000.0,50000.0,1915,0,0.0,91500.0,91500.0,-8500.0
2096,Jaziel Jacobson,flat,100.0,100000.0,50000.0,1944,0,0.0,94400.0,94400.0,-5600.0
2097,Royal Byrd,flat,100.0,100000.0,50000.0,1983,0,0.0,98300.0,98300.0,-1700.0
2098,Cristian May,flat,100.0,100000.0,50000.0,1924,0,0.0,92400.0,92400.0,-7600.0
2099,Adriana Valentine,flat,100.0,100000.0,50000.0,2002,0,0.0,100200.0,100200.0,200.0
2100,Demetrius Chambers,flat,100.0,100000.0,50000.0,1942,0,0.0,94200.0,94200.0,-5800.0
2101,Makayla Dunlap,flat,100.0,100000.0,50000.0,1942,0,0.0,94200.0,94200.0,-5800.0
2102,Aries Dejesus,flat,100.0,100000.0,50000.0,1935,0,0.0,93500.0,93500.0,-6500.0
2103,Julissa Sanford,flat,100.0,100000.0,50000.0,1926,0,0.0,92600.0,92600.0,-7400.0
2104,Truett Villarreal,flat,100.0,100000.0,50000.0,1936,0,0.0,93600.0,93600.0,-6400.0
2105,Jazlyn Curtis,flat,100.0,100000.0,50000.0,2011,0,0.0,101100.0,101100.0,1100.0
2106,Muhammad Hull,flat,100.0,100000.0,50000.0,1922,0,0.0,92200.0,92200.0,-7800.0
2107,Andi Tyler,flat,100.0,100000.0,50000.0,1905,0,0.0,90500.0,90500.0,-9500.0
2108,Emmitt Oliver,flat,100.0,100000.0,50000.0,1858,0,0.0,85800.0,85800.0,-14200.0
2109,Camille Howell,flat,100.0,100000.0,50000.0,1930,0,0.0,93000.0,93000.0,-7000.0
2110,Bradley Goodwin,flat,100.0,100000.0,50000.0,1907,0,0.0,90700.0,90700.0,-9300.0
2111,Shiloh Leblanc,flat,100.0,100000.0,50000.0,1939,0,0.0,93900.0,93900.0,-6100.0
2112,Braden Aguirre,flat,100.0,100000.0,50000.0,1926,0,0.0,92600.0,92600.0,-7400.0
2113,Ariah Walton,flat,100.0,100000.0,50000.0,1970,0,0.0,97000.0,97000.0,-3000.0
2114,Dominick Browning,flat,100.0,100000.0,50000.0,1899,0,0.0,89900.0,89900.0,-10100.0
2115,Princess Park,flat,100.0,100000.0,50000.0,1913,0,0.0,91300.0,91300.0,-8700.0
2116,Daxton Briggs,flat,100.0,100000.0,50000.0,1971,0,0.0,97100.0,97100.0,-2900.0
2117,Alia Mullen,flat,100.0,100000.0,50000.0,1846,0,0.0,84600.0,84600.0,-15400.0
2118,Shepard Stark,flat,100.0,100000.0,50000.0,1971,0,0.0,97100.0,97100.0,-2900.0
2119,Kamilah Sosa,flat,100.0,100000.0,50000.0,2047,0,0.0,104700.0,104700.0,4700.0
2120,Emir Vang,flat,100.0,100000.0,50000.0,1917,0,0.0,91700.0,91700.0,-8300.0
2121,Madisyn Watson,flat,100.0,100000.0,50000.0,1897,0,0.0,89700.0,89700.0,-10300.0
2122,Greyson Lu,flat,100.0,100000.0,50000.0,1924,0,0.0,92400.0,92400.0,-7600.0
2123,Emani Burke,flat,100.0,100000.0,50000.0,2019,0,0.0,101900.0,101900.0,1900.0
2124,Jax Jimenez,flat,100.0,100000.0,50000.0,1884,0,0.0,88400.0,88400.0,-11600.0
2125,Adeline Kane,flat,100.0,100000.0,50000.0,1985,0,0.0,98500.0,98500.0,-1500.0
2126,Brock Travis,flat,100.0,100000.0,50000.0,1974,0,0.0,97400.0,97400.0,-2600.0
2127,Mazikee Orr,flat,100.0,100000.0,50000.0,1973,0,0.0,97300.0,97300.0,-2700.0
2128,Benicio Bernard,flat,100.0,100000.0,50000.0,1915,0,0.0,91500.0,91500.0,-8500.0
2129,Barbara Blake,flat,100.0,100000.0,50000.0,1931,0,0.0,93100.0,93100.0,-6900.0
2130,Zyaire Howe,flat,100.0,100000.0,50000.0,1898,0,0.0,89800.0,89800.0,-10200.0
2131,Persephone Solis,flat,100.0,100000.0,50000.0,1933,0,0.0,93300.0,93300.0,-6700.0
2132,Ronin Gallegos,flat,100.0,100000.0,50000.0,1924,0,0.0,92400.0,92400.0,-7600.0
2133,Ari Barnett,flat,100.0,100000.0,50000.0,1855,0,0.0,85500.0,85500.0,-14500.0
2134,Stephen Mahoney,flat,100.0,100000.0,50000.0,1918,0,0.0,91800.0,91800.0,-8200.0
2135,Promise Wilkins,flat,100.0,100000.0,50000.0,1872,0,0.0,87200.0,87200.0,-12800.0
2136,Yusuf Rowe,flat,100.0,100000.0,50000.0,1983,0,0.0,98300.0,98300.0,-1700.0
2137,Matilda Harrington,flat,100.0,100000.0,50000.0,1902,0,0.0,90200.0,90200.0,-9800.0
2138,Omari Hodge,flat,100.0,100000.0,50000.0,1989,0,0.0,98900.0,98900.0,-1100.0
2139,Coraline McClure,flat,100.0,100000.0,50000.0,1926,0,0.0,92600.0,92600.0,-7400.0
2140,Reese Flynn,flat,100.0,100000.0,50000.0,1974,0,0.0,97400.0,97400.0,-2600.0
2141,Dorothy Patrick,flat,100.0,100000.0,50000.0,1961,0,0.0,96100.0,96100.0,-3900.0
2142,Derrick Church,flat,100.0,100000.0,50000.0,2081,0,0.0,108100.0,108100.0,8100.0
2143,Ayleen Bullock,flat,100.0,100000.0,50000.0,1955,0,0.0,95500.0,95500.0,-4500.0
2144,Ben Reynolds,flat,100.0,100000.0,50000.0,1990,0,0.0,99000.0,99000.0,-1000.0
2145,Isabelle Hunt,flat,100.0,100000.0,50000.0,1990,0,0.0,99000.0,99000.0,-1000.0
2146,Jesus Craig,flat,100.0,100000.0,50000.0,1882,0,0.0,88200.0,88200.0,-11800.0
2147,Brynn Vaughan,flat,100.0,100000.0,50000.0,1883,0,0.0,88300.0,88300.0,-11700.0
2148,Castiel Hess,flat,100.0,100000.0,50000.0,2123,0,0.0,112300.0,112300.0,12300.0
2149,Kaliyah Trevino,flat,100.0,100000.0,50000.0,1945,0,0.0,94500.0,94500.0,-5500.0
2150,Jaime Shah,flat,100.0,100000.0,50000.0,1903,0,0.0,90300.0,90300.0,-9700.0
2151,Angelica McKee,flat,100.0,100000.0,50000.0,1952,0,0.0,95200.0,95200.0,-4800.0
2152,Bjorn Greer,flat,100.0,100000.0,50000.0,1979,0,0.0,97900.0,97900.0,-2100.0
2153,Reina Malone,flat,100.0,100000.0,50000.0,1906,0,0.0,90600.0,90600.0,-9400.0
2154,Ruben Barry,flat,100.0,100000.0,50000.0,2024,0,0.0,102400.0,102400.0,2400.0
2155,Waverly May,flat,100.0,100000.0,50000.0,2047,0,0.0,104700.0,104700.0,4700.0
2156,Finley Colon,flat,100.0,100000.0,50000.0,1931,0,0.0,93100.0,93100.0,-6900.0
2157,Remy Pratt,flat,100.0,100000.0,50000.0,1876,0,0.0,87600.0,87600.0,-12400.0
2158,Rowen Contreras,flat,100.0,100000.0,50000.0,1973,0,0.0,97300.0,97300.0,-2700.0
2159,Daniela Reid,flat,100.0,100000.0,50000.0,1903,0,0.0,90300.0,90300.0,-9700.0
2160,Josue Buchanan,flat,100.0,100000.0,50000.0,1836,0,0.0,83600.0,83600.0,-16400.0
2161,Maryam Morris,flat,100.0,100000.0,50000.0,2011,0,0.0,101100.0,101100.0,1100.0
2162,Christian Roy,flat,100.0,100000.0,50000.0,1967,0,0.0,96700.0,96700.0,-3300.0
2163,Savanna Choi,flat,100.0,100000.0,50000.0,1974,0,0.0,97400.0,97400.0,-2600.0
2164,Khari Bishop,flat,100.0,100000.0,50000.0,1866,0,0.0,86600.0,86600.0,-13400.0
2165,Brooklynn Cobb,flat,100.0,100000.0,50000.0,1965,0,0.0,96500.0,96500.0,-3500.0
2166,Raphael Mason,flat,100.0,100000.0,50000.0,1902,0,0.0,90200.0,90200.0,-9800.0
2167,Sienna Cordova,flat,100.0,100000.0,50000.0,2012,0,0.0,101200.0,101200.0,1200.0
2168,Vicente Ochoa,flat,100.0,100000.0,50000.0,1983,0,0.0,98300.0,98300.0,-1700.0
2169,Luciana Houston,flat,100.0,100000.0,50000.0,2079,0,0.0,107900.0,107900.0,7900.0
2170,Sylas Kane,flat,100.0,100000.0,50000.0,1969,0,0.0,96900.0,96900.0,-3100.0
2171,Ellianna Powers,flat,100.0,100000.0,50000.0,2033,0,0.0,103300.0,103300.0,3300.0
2172,Sean Doyle,flat,100.0,100000.0,50000.0,1977,0,0.0,97700.0,97700.0,-2300.0
2173,Annalise Dejesus,flat,100.0,100000.0,50000.0,1944,0,0.0,94400.0,94400.0,-5600.0
2174,Rio Davidson,flat,100.0,100000.0,50000.0,1916,0,0.0,91600.0,91600.0,-8400.0
2175,Jayla Blake,flat,100.0,100000.0,50000.0,1913,0,0.0,91300.0,91300.0,-8700.0
2176,Zyaire Combs,flat,100.0,100000.0,50000.0,1898,0,0.0,89800.0,89800.0,-10200.0
2177,Irene Roth,flat,100.0,100000.0,50000.0,1879,0,0.0,87900.0,87900.0,-12100.0
2178,Roy Blake,flat,100.0,100000.0,50000.0,1970,0,0.0,97000.0,97000.0,-3000.0
2179,Amanda Campos,flat,100.0,100000.0,50000.0,1929,0,0.0,92900.0,92900.0,-7100.0
2180,Gideon Small,flat,100.0,100000.0,50000.0,1930,0,0.0,93000.0,93000.0,-7000.0
2181,Zaria Fitzpatrick,flat,100.0,100000.0,50000.0,1934,0,0.0,93400.0,93400.0,-6600.0
2182,Blaze Brown,flat,100.0,100000.0,50000.0,1864,0,0.0,86400.0,86400.0,-13600.0
2183,Charlotte McCullough,flat,100.0,100000.0,50000.0,1964,0,0.0,96400.0,96400.0,-3600.0
2184,Briar Arroyo,flat,100.0,100000.0,50000.0,1909,0,0.0,90900.0,90900.0,-9100.0
2185,Kyra Ingram,flat,100.0,100000.0,50000.0,1985,0,0.0,98500.0,98500.0,-1500.0
2186,Tripp Wilkinson,flat,100.0,100000.0,50000.0,1985,0,0.0,98500.0,98500.0,-1500.0
2187,Siena Mendoza,flat,100.0,100000.0,50000.0,2016,0,0.0,101600.0,101600.0,1600.0
2188,Dominic Owens,flat,100.0,100000.0,50000.0,1971,0,0.0,97100.0,97100.0,-2900.0
2189,Amaya Fitzgerald,flat,100.0,100000.0,50000.0,1988,0,0.0,98800.0,98800.0,-1200.0
2190,Peyton Bradley,flat,100.0,100000.0,50000.0,1989,0,0.0,98900.0,98900.0,-1100.0
2191,Vanessa Donaldson,flat,100.0,100000.0,50000.0,1948,0,0.0,94800.0,94800.0,-5200.0
2192,Canaan Michael,flat,100.0,100000.0,50000.0,1928,0,0.0,92800.0,92800.0,-7200.0
2193,Aubriella Lyons,flat,100.0,100000.0,50000.0,2013,0,0.0,101300.0,101300.0,1300.0
2194,Cyrus Romero,flat,100.0,100000.0,50000.0,1905,0,0.0,90500.0,90500.0,-9500.0
2195,Eliza Atkinson,flat,100.0,100000.0,50000.0,1929,0,0.0,92900.0,92900.0,-7100.0
2196,Duke Woodward,flat,100.0,100000.0,50000.0,1901,0,0.0,90100.0,90100.0,-9900.0
2197,Drew Parrish,flat,100.0,100000.0,50000.0,1950,0,0.0,95000.0,95000.0,-5000.0
2198,Karsyn Stanley,flat,100.0,100000.0,50000.0,1894,0,0.0,89400.0,89400.0,-10600.0
2199,Gracelyn Aguilar,flat,100.0,100000.0,50000.0,1970,0,0.0,97000.0,97000.0,-3000.0
2200,Milo Gallegos,flat,100.0,100000.0,50000.0,1940,0,0.0,94000.0,94000.0,-6000.0
2201,Ari Hawkins,flat,100.0,100000.0,50000.0,1894,0,0.0,89400.0,89400.0,-10600.0
2202,Victor Atkinson,flat,100.0,100000.0,50000.0,1951,0,0.0,95100.0,95100.0,-4900.0
2203,Jazmin Vasquez,flat,100.0,100000.0,50000.0,1927,0,0.0,92700.0,92700.0,-7300.0
2204,Rowan Faulkner,flat,100.0,100000.0,50000.0,1932,0,0.0,93200.0,93200.0,-6800.0
2205,Ansley Reyes,flat,100.0,100000.0,50000.0,1967,0,0.0,96700.0,96700.0,-3300.0
2206,Eli Chavez,flat,100.0,100000.0,50000.0,1943,0,0.0,94300.0,94300.0,-5700.0
2207,Nevaeh Rocha,flat,100.0,100000.0,50000.0,1964,0,0.0,96400.0,96400.0,-3600.0
2208,Onyx Salazar,flat,100.0,100000.0,50000.0,1888,0,0.0,88800.0,88800.0,-11200.0
2209,Freya O’brien,flat,100.0,100000.0,50000.0,1876,0,0.0,87600.0,87600.0,-12400.0
2210,Riley Kemp,flat,100.0,100000.0,50000.0,1892,0,0.0,89200.0,89200.0,-10800.0
2211,Anika Stevens,flat,100.0,100000.0,50000.0,1929,0,0.0,92900.0,92900.0,-7100.0
2212,Zachary Mathis,flat,100.0,100000.0,50000.0,1904,0,0.0,90400.0,90400.0,-9600.0
2213,Anne Camacho,flat,100.0,100000.0,50000.0,1871,0,0.0,87100.0,87100.0,-12900.0
2214,Tatum Maddox,flat,100.0,100000.0,50000.0,1913,0,0.0,91300.0,91300.0,-8700.0
2215,Zainab Barron,flat,100.0,100000.0,50000.0,1917,0,0.0,91700.0,91700.0,-8300.0
2216,Dustin English,flat,100.0,100000.0,50000.0,1933,0,0.0,93300.0,93300.0,-6700.0
2217,Kelly Fowler,flat,100.0,100000.0,50000.0,1910,0,0.0,91000.0,91000.0,-9000.0
2218,Kameron Garza,flat,100.0,100000.0,50000.0,1978,0,0.0,97800.0,97800.0,-2200.0
2219,River Randolph,flat,100.0,100000.0,50000.0,1929,0,0.0,92900.0,92900.0,-7100.0
2220,Eugene Spears,flat,100.0,100000.0,50000.0,1959,0,0.0,95900.0,95900.0,-4100.0
2221,Isabela Gibson,flat,100.0,100000.0,50000.0,1863,0,0.0,86300.0,86300.0,-13700.0
2222,Tyler Faulkner,flat,100.0,100000.0,50000.0,1904,0,0.0,90400.0,90400.0,-9600.0
2223,Ansley Steele,flat,100.0,100000.0,50000.0,2047,0,0.0,104700.0,104700.0,4700.0
2224,Elian Glenn,flat,100.0,100000.0,50000.0,1934,0,0.0,93400.0,93400.0,-6600.0
2225,Blaire Holland,flat,100.0,100000.0,50000.0,2009,0,0.0,100900.0,100900.0,900.0
2226,Brady Berger,flat,100.0,100000.0,50000.0,1921,0,0.0,92100.0,92100.0,-7900.0
2227,Laylah Tang,flat,100.0,100000.0,50000.0,1934,0,0.0,93400.0,93400.0,-6600.0
2228,Rogelio Quintana,flat,100.0,100000.0,50000.0,1982,0,0.0,98200.0,98200.0,-1800.0
2229,Kenia Pruitt,flat,100.0,100000.0,50000.0,1994,0,0.0,99400.0,99400.0,-600.0
2230,Gatlin Washington,flat,100.0,100000.0,50000.0,1964,0,0.0,96400.0,96400.0,-3600.0
2231,Valerie Adams,flat,100.0,100000.0,50000.0,1933,0,0.0,93300.0,93300.0,-6700.0
2232,Hudson Knight,flat,100.0,100000.0,50000.0,1894,0,0.0,89400.0,89400.0,-10600.0
2233,Gracie Clayton,flat,100.0,100000.0,50000.0,1960,0,0.0,96000.0,96000.0,-4000.0
2234,Boston Nguyen,flat,100.0,100000.0,50000.0,1929,0,0.0,92900.0,92900.0,-7100.0
2235,Nova Melton,flat,100.0,100000.0,50000.0,1946,0,0.0,94600.0,94600.0,-5400.0
2236,Lennon Osborne,flat,100.0,100000.0,50000.0,1951,0,0.0,95100.0,95100.0,-4900.0
2237,Shelby Kim,flat,100.0,100000.0,50000.0,1960,0,0.0,96000.0,96000.0,-4000.0
2238,Roman Pham,flat,100.0,100000.0,50000.0,1878,0,0.0,87800.0,87800.0,-12200.0
2239,Raelyn Gray,flat,100.0,100000.0,50000.0,1970,0,0.0,97000.0,97000.0,-3000.0
2240,Nicholas Small,flat,100.0,100000.0,50000.0,1975,0,0.0,97500.0,97500.0,-2500.0
2241,Zaria Bishop,flat,100.0,100000.0,50000.0,2003,0,0.0,100300.0,100300.0,300.0
2242,Paxton Santos,flat,100.0,100000.0,50000.0,2019,0,0.0,101900.0,101900.0,1900.0
2243,Alana Shaffer,flat,100.0,100000.0,50000.0,1946,0,0.0,94600.0,94600.0,-5400.0
2244,Dexter Bauer,flat,100.0,100000.0,50000.0,1892,0,0.0,89200.0,89200.0,-10800.0
2245,Haley Serrano,flat,100.0,100000.0,50000.0,1904,0,0.0,90400.0,90400.0,-9600.0
2246,Milan Lopez,flat,100.0,100000.0,50000.0,1856,0,0.0,85600.0,85600.0,-14400.0
2247,Gianna Woodward,flat,100.0,100000.0,50000.0,1892,0,0.0,89200.0,89200.0,-10800.0
2248,Jeremias Strickland,flat,100.0,100000.0,50000.0,2005,0,0.0,100500.0,100500.0,500.0
2249,Nia Garcia,flat,100.0,100000.0,50000.0,1943,0,0.0,94300.0,94300.0,-5700.0
2250,James Terrell,flat,100.0,100000.0,50000.0,1913,0,0.0,91300.0,91300.0,-8700.0
2251,Paityn McKee,flat,100.0,100000.0,50000.0,1960,0,0.0,96000.0,96000.0,-4000.0
2252,Bjorn Church,flat,100.0,100000.0,50000.0,1945,0,0.0,94500.0,94500.0,-5500.0
2253,Ayleen Mills,flat,100.0,100000.0,50000.0,1976,0,0.0,97600.0,97600.0,-2400.0
2254,Alex Deleon,flat,100.0,100000.0,50000.0,1916,0,0.0,91600.0,91600.0,-8400.0
2255,Gabrielle Lyons,flat,100.0,100000.0,50000.0,1896,0,0.0,89600.0,89600.0,-10400.0
2256,Cyrus Barton,flat,100.0,100000.0,50000.0,1945,0,0.0,94500.0,94500.0,-5500.0
2257,Danna Hodge,flat,100.0,100000.0,50000.0,1839,0,0.0,83900.0,83900.0,-16100.0
2258,Reign Kramer,flat,100.0,100000.0,50000.0,1984,0,0.0,98400.0,98400.0,-1600.0
2259,Hanna Skinner,flat,100.0,100000.0,50000.0,1907,0,0.0,90700.0,90700.0,-9300.0
2260,Ridge Burns,flat,100.0,100000.0,50000.0,1945,0,0.0,94500.0,94500.0,-5500.0
2261,Emerson Ramsey,flat,100.0,100000.0,50000.0,1934,0,0.0,93400.0,93400.0,-6600.0
2262,Luciano Cordova,flat,100.0,100000.0,50000.0,1961,0,0.0,96100.0,96100.0,-3900.0
2263,Florence Pace,flat,100.0,100000.0,50000.0,1899,0,0.0,89900.0,89900.0,-10100.0
2264,Dior Harding,flat,100.0,100000.0,50000.0,1981,0,0.0,98100.0,98100.0,-1900.0
2265,Aniya McMahon,flat,100.0,100000.0,50000.0,1957,0,0.0,95700.0,95700.0,-4300.0
2266,Jakob Hardin,flat,100.0,100000.0,50000.0,1949,0,0.0,94900.0,94900.0,-5100.0
2267,Vada Graves,flat,100.0,100000.0,50000.0,1878,0,0.0,87800.0,87800.0,-12200.0
2268,Cesar Murillo,flat,100.0,100000.0,50000.0,1878,0,0.0,87800.0,87800.0,-12200.0
2269,Mikaela Strickland,flat,100.0,100000.0,50000.0,1930,0,0.0,93000.0,93000.0,-7000.0
2270,Keegan Hail,flat,100.0,100000.0,50000.0,1929,0,0.0,92900.0,92900.0,-7100.0
2271,Lainey Schultz,flat,100.0,100000.0,50000.0,1983,0,0.0,98300.0,98300.0,-1700.0
2272,Cody Manning,flat,100.0,100000.0,50000.0,1934,0,0.0,93400.0,93400.0,-6600.0
2273,Jennifer Olson,flat,100.0,100000.0,50000.0,1926,0,0.0,92600.0,92600.0,-7400.0
2274,Malachi Hampton,flat,100.0,100000.0,50000.0,1851,0,0.0,85100.0,85100.0,-14900.0
2275,Leona Austin,flat,100.0,100000.0,50000.0,1910,0,0.0,91000.0,91000.0,-9000.0
2276,Omar Wang,flat,100.0,100000.0,50000.0,1891,0,0.0,89100.0,89100.0,-10900.0
2277,Kailani Douglas,flat,100.0,100000.0,50000.0,1928,0,0.0,92800.0,92800.0,-7200.0
2278,Derek Harmon,flat,100.0,100000.0,50000.0,1990,0,0.0,99000.0,99000.0,-1000.0
2279,Maren Norton,flat,100.0,100000.0,50000.0,1966,0,0.0,96600.0,96600.0,-3400.0
2280,Callen Craig,flat,100.0,100000.0,50000.0,1971,0,0.0,97100.0,97100.0,-2900.0
2281,Brynn Bowen,flat,100.0,100000.0,50000.0,1942,0,0.0,94200.0,94200.0,-5800.0
2282,Trevor Jones,flat,100.0,100000.0,50000.0,1937,0,0.0,93700.0,93700.0,-6300.0
2283,Sophia Pitts,flat,100.0,100000.0,50000.0,1879,0,0.0,87900.0,87900.0,-12100.0
2284,Trey Morrow,flat,100.0,100000.0,50000.0,1919,0,0.0,91900.0,91900.0,-8100.0
2285,Reyna Stuart,flat,100.0,100000.0,50000.0,1919,0,0.0,91900.0,91900.0,-8100.0
2286,Dion Franklin,flat,100.0,100000.0,50000.0,1958,0,0.0,95800.0,95800.0,-4200.0
2287,Angela Cole,flat,100.0,100000.0,50000.0,1982,0,0.0,98200.0,98200.0,-1800.0
2288,Nathaniel Bennett,flat,100.0,100000.0,50000.0,1971,0,0.0,97100.0,97100.0,-2900.0
2289,Josephine Stevenson,flat,100.0,100000.0,50000.0,1988,0,0.0,98800.0,98800.0,-1200.0
2290,Callan Rasmussen,flat,100.0,100000.0,50000.0,1922,0,0.0,92200.0,92200.0,-7800.0
2291,Esperanza Cox,flat,100.0,100000.0,50000.0,1950,0,0.0,95000.0,95000.0,-5000.0
2292,Connor Lindsey,flat,100.0,100000.0,50000.0,1968,0,0.0,96800.0,96800.0,-3200.0
2293,Colette Gonzalez,flat,100.0,100000.0,50000.0,1891,0,0.0,89100.0,89100.0,-10900.0
2294,Ethan Ramsey,flat,100.0,100000.0,50000.0,1963,0,0.0,96300.0,96300.0,-3700.0
2295,Lyric Spears,flat,100.0,100000.0,50000.0,1916,0,0.0,91600.0,91600.0,-8400.0
2296,Ameer Magana,flat,100.0,100000.0,50000.0,1909,0,0.0,90900.0,90900.0,-9100.0
2297,Amaris Ahmed,flat,100.0,100000.0,50000.0,1982,0,0.0,98200.0,98200.0,-1800.0
2298,Harry Magana,flat,100.0,100000.0,50000.0,1879,0,0.0,87900.0,87900.0,-12100.0
2299,Amaris McMillan,flat,100.0,100000.0,50000.0,1950,0,0.0,95000.0,95000.0,-5000.0
2300,Rocky Banks,flat,100.0,100000.0,50000.0,2015,0,0.0,101500.0,101500.0,1500.0
2301,Cali Cherry,flat,100.0,100000.0,50000.0,1943,0,0.0,94300.0,94300.0,-5700.0
2302,Rome Zuniga,flat,100.0,100000.0,50000.0,1981,0,0.0,98100.0,98100.0,-1900.0
2303,Leslie Wagner,flat,100.0,100000.0,50000.0,1929,0,0.0,92900.0,92900.0,-7100.0
2304,Enzo Mullen,flat,100.0,100000.0,50000.0,1943,0,0.0,94300.0,94300.0,-5700.0
2305,Shay Davis,flat,100.0,100000.0,50000.0,2004,0,0.0,100400.0,100400.0,400.0
2306,Lucas Dillon,flat,100.0,100000.0,50000.0,1967,0,0.0,96700.0,96700.0,-3300.0
2307,Laurel Walters,flat,100.0,100000.0,50000.0,1918,0,0.0,91800.0,91800.0,-8200.0
2308,Colson Hanna,flat,100.0,100000.0,50000.0,1921,0,0.0,92100.0,92100.0,-7900.0
2309,Cynthia Quinn,flat,100.0,100000.0,50000.0,1916,0,0.0,91600.0,91600.0,-8400.0
2310,Rhys Wiggins,flat,100.0,100000.0,50000.0,1907,0,0.0,90700.0,90700.0,-9300.0
2311,Capri McCarthy,flat,100.0,100000.0,50000.0,1965,0,0.0,96500.0,96500.0,-3500.0
2312,Devin Bullock,flat,100.0,100000.0,50000.0,1961,0,0.0,96100.0,96100.0,-3900.0
2313,Winnie Ayala,flat,100.0,100000.0,50000.0,1921,0,0.0,92100.0,92100.0,-7900.0
2314,Tanner Daniel,flat,100.0,100000.0,50000.0,2005,0,0.0,100500.0,100500.0,500.0
2315,Joy Molina,flat,100.0,100000.0,50000.0,1886,0,0.0,88600.0,88600.0,-11400.0
2316,Prince Blanchard,flat,100.0,100000.0,50000.0,1984,0,0.0,98400.0,98400.0,-1600.0
2317,Layne Gallagher,flat,100.0,100000.0,50000.0,1931,0,0.0,93100.0,93100.0,-6900.0
2318,Marcos Dougherty,flat,100.0,100000.0,50000.0,1925,0,0.0,92500.0,92500.0,-7500.0
2319,Alisson Ford,flat,100.0,100000.0,50000.0,2037,0,0.0,103700.0,103700.0,3700.0
2320,Luis Rivera,flat,100.0,100000.0,50000.0,2004,0,0.0,100400.0,100400.0,400.0
2321,Lillian Casey,flat,100.0,100000.0,50000.0,1910,0,0.0,91000.0,91000.0,-9000.0
2322,Armando Ross,flat,100.0,100000.0,50000.0,1918,0,0.0,91800.0,91800.0,-8200.0
2323,Peyton Lucas,flat,100.0,100000.0,50000.0,1973,0,0.0,97300.0,97300.0,-2700.0
2324,Chance Foley,flat,100.0,100000.0,50000.0,1999,0,0.0,99900.0,99900.0,-100.0
2325,Zaylee Landry,flat,100.0,100000.0,50000.0,1993,0,0.0,99300.0,99300.0,-700.0
2326,Jaxx Edwards,flat,100.0,100000.0,50000.0,1908,0,0.0,90800.0,90800.0,-9200.0
2327,Ivy Phillips,flat,100.0,100000.0,50000.0,2004,0,0.0,100400.0,100400.0,400.0
2328,Andrew Holt,flat,100.0,100000.0,50000.0,1919,0,0.0,91900.0,91900.0,-8100.0
2329,Adelynn Bean,flat,100.0,100000.0,50000.0,1972,0,0.0,97200.0,97200.0,-2800.0
2330,Mccoy O’Neal,flat,100.0,100000.0,50000.0,1962,0,0.0,96200.0,96200.0,-3800.0
2331,Treasure Pierce,flat,100.0,100000.0,50000.0,1965,0,0.0,96500.0,96500.0,-3500.0
2332,Nicolas Medina,flat,100.0,100000.0,50000.0,1891,0,0.0,89100.0,89100.0,-10900.0
2333,Elliana Robertson,flat,100.0,100000.0,50000.0,1943,0,0.0,94300.0,94300.0,-5700.0
2334,Emiliano Copeland,flat,100.0,100000.0,50000.0,2010,0,0.0,101000.0,101000.0,1000.0
2335,Dayana Williams,flat,100.0,100000.0,50000.0,1947,0,0.0,94700.0,94700.0,-5300.0
2336,Oliver Walters,flat,100.0,100000.0,50000.0,1969,0,0.0,96900.0,96900.0,-3100.0
2337,Samara Paul,flat,100.0,100000.0,50000.0,2038,0,0.0,103800.0,103800.0,3800.0
2338,Noel Shaffer,flat,100.0,100000.0,50000.0,1988,0,0.0,98800.0,98800.0,-1200.0
2339,Alanna Garrett,flat,100.0,100000.0,50000.0,1927,0,0.0,92700.0,92700.0,-7300.0
2340,Kairo Sanchez,flat,100.0,100000.0,50000.0,1882,0,0.0,88200.0,88200.0,-11800.0
2341,Aria Garner,flat,100.0,100000.0,50000.0,1954,0,0.0,95400.0,95400.0,-4600.0
2342,Sage Hoffman,flat,100.0,100000.0,50000.0,1975,0,0.0,97500.0,97500.0,-2500.0
2343,Aspen Dickson,flat,100.0,100000.0,50000.0,2013,0,0.0,101300.0,101300.0,1300.0
2344,Maxton Felix,flat,100.0,100000.0,50000.0,1925,0,0.0,92500.0,92500.0,-7500.0
2345,Paisleigh Daugherty,flat,100.0,100000.0,50000.0,2009,0,0.0,100900.0,100900.0,900.0
2346,Turner Peck,flat,100.0,100000.0,50000.0,1961,0,0.0,96100.0,96100.0,-3900.0
2347,Crystal Moses,flat,100.0,100000.0,50000.0,1918,0,0.0,91800.0,91800.0,-8200.0
2348,Niklaus Trejo,flat,100.0,100000.0,50000.0,2004,0,0.0,100400.0,100400.0,400.0
2349,Rosalyn Melendez,flat,100.0,100000.0,50000.0,1900,0,0.0,90000.0,90000.0,-10000.0
2350,Nikolas Johnson,flat,100.0,100000.0,50000.0,1952,0,0.0,95200.0,95200.0,-4800.0
2351,Emma Schultz,flat,100.0,100000.0,50000.0,1998,0,0.0,99800.0,99800.0,-200.0
2352,Cody Clements,flat,100.0,100000.0,50000.0,1889,0,0.0,88900.0,88900.0,-11100.0
2353,Cara Dejesus,flat,100.0,100000.0,50000.0,1920,0,0.0,92000.0,92000.0,-8000.0
2354,Rio Henry,flat,100.0,100000.0,50000.0,1925,0,0.0,92500.0,92500.0,-7500.0
2355,Summer Mendoza,flat,100.0,100000.0,50000.0,1947,0,0.0,94700.0,94700.0,-5300.0
2356,Dominic Frank,flat,100.0,100000.0,50000.0,1911,0,0.0,91100.0,91100.0,-8900.0
2357,Dior Bentley,flat,100.0,100000.0,50000.0,1962,0,0.0,96200.0,96200.0,-3800.0
2358,Randy Robbins,flat,100.0,100000.0,50000.0,1917,0,0.0,91700.0,91700.0,-8300.0
2359,Stevie Holt,flat,100.0,100000.0,50000.0,1928,0,0.0,92800.0,92800.0,-7200.0
2360,Niko Chung,flat,100.0,100000.0,50000.0,1968,0,0.0,96800.0,96800.0,-3200.0
2361,Rivka Reeves,flat,100.0,100000.0,50000.0,1973,0,0.0,97300.0,97300.0,-2700.0
2362,Clark Fuentes,flat,100.0,100000.0,50000.0,1943,0,0.0,94300.0,94300.0,-5700.0
2363,Madeleine Holt,flat,100.0,100000.0,50000.0,1943,0,0.0,94300.0,94300.0,-5700.0
2364,Niko Griffin,flat,100.0,100000.0,50000.0,1940,0,0.0,94000.0,94000.0,-6000.0
2365,Charlie Carlson,flat,100.0,100000.0,50000.0,1971,0,0.0,97100.0,97100.0,-2900.0
2366,Paul Rosales,flat,100.0,100000.0,50000.0,1949,0,0.0,94900.0,94900.0,-5100.0
2367,Kinley Fry,flat,100.0,100000.0,50000.0,2016,0,0.0,101600.0,101600.0,1600.0
2368,Jacoby McCarty,flat,100.0,100000.0,50000.0,1913,0,0.0,91300.0,91300.0,-8700.0
2369,Halo Pitts,flat,100.0,100000.0,50000.0,1885,0,0.0,88500.0,88500.0,-11500.0
2370,Trey Perkins,flat,100.0,100000.0,50000.0,1960,0,0.0,96000.0,96000.0,-4000.0
2371,Sage Underwood,flat,100.0,100000.0,50000.0,2057,0,0.0,105700.0,105700.0,5700.0
2372,Reece Ayers,flat,100.0,100000.0,50000.0,1968,0,0.0,96800.0,96800.0,-3200.0
2373,Simone Livingston,flat,100.0,100000.0,50000.0,1999,0,0.0,99900.0,99900.0,-100.0
2374,Ambrose Pham,flat,100.0,100000.0,50000.0,1891,0,0.0,89100.0,89100.0,-10900.0
2375,Raelyn Murillo,flat,100.0,100000.0,50000.0,1898,0,0.0,89800.0,89800.0,-10200.0
2376,Lance Clark,flat,100.0,100000.0,50000.0,1876,0,0.0,87600.0,87600.0,-12400.0
2377,Chloe Wu,flat,100.0,100000.0,50000.0,1987,0,0.0,98700.0,98700.0,-1300.0
2378,Kyson Durham,flat,100.0,100000.0,50000.0,1946,0,0.0,94600.0,94600.0,-5400.0
2379,Tiffany West,flat,100.0,100000.0,50000.0,1918,0,0.0,91800.0,91800.0,-8200.0
2380,Diego Pittman,flat,100.0,100000.0,50000.0,1885,0,0.0,88500.0,88500.0,-11500.0
2381,Marie Guzman,flat,100.0,100000.0,50000.0,1988,0,0.0,98800.0,98800.0,-1200.0
2382,Jude Phillips,flat,100.0,100000.0,50000.0,1905,0,0.0,90500.0,90500.0,-9500.0
2383,Naomi Wyatt,flat,100.0,100000.0,50000.0,1956,0,0.0,95600.0,95600.0,-4400.0
2384,Sam Cantu,flat,100.0,100000.0,50000.0,1937,0,0.0,93700.0,93700.0,-6300.0
2385,Galilea Glover,flat,100.0,100000.0,50000.0,1928,0,0.0,92800.0,92800.0,-7200.0
2386,Mack Rogers,flat,100.0,100000.0,50000.0,1932,0,0.0,93200.0,93200.0,-6800.0
2387,Madelyn Lin,flat,100.0,100000.0,50000.0,1947,0,0.0,94700.0,94700.0,-5300.0
2388,Conor Carter,flat,100.0,100000.0,50000.0,1932,0,0.0,93200.0,93200.0,-6800.0
2389,Lucy Sampson,flat,100.0,100000.0,50000.0,1917,0,0.0,91700.0,91700.0,-8300.0
2390,Cain Escobar,flat,100.0,100000.0,50000.0,1924,0,0.0,92400.0,92400.0,-7600.0
2391,Erin Sampson,flat,100.0,100000.0,50000.0,1925,0,0.0,92500.0,92500.0,-7500.0
2392,Cain Proctor,flat,100.0,100000.0,50000.0,1945,0,0.0,94500.0,94500.0,-5500.0
2393,Chandler Simpson,flat,100.0,100000.0,50000.0,1877,0,0.0,87700.0,87700.0,-12300.0
2394,Elliott Pittman,flat,100.0,100000.0,50000.0,1974,0,0.0,97400.0,97400.0,-2600.0
2395,Marie Holt,flat,100.0,100000.0,50000.0,1997,0,0.0,99700.0,99700.0,-300.0
2396,Niko Fernandez,flat,100.0,100000.0,50000.0,1932,0,0.0,93200.0,93200.0,-6800.0
2397,Amara Chen,flat,100.0,100000.0,50000.0,1887,0,0.0,88700.0,88700.0,-11300.0
2398,Emmanuel Lopez,flat,100.0,100000.0,50000.0,1929,0,0.0,92900.0,92900.0,-7100.0
2399,Gianna Chen,flat,100.0,100000.0,50000.0,2020,0,0.0,102000.0,102000.0,2000.0
2400,Emmanuel Morrison,flat,100.0,100000.0,50000.0,1934,0,0.0,93400.0,93400.0,-6600.0
2401,Rebecca Avery,flat,100.0,100000.0,50000.0,2016,0,0.0,101600.0,101600.0,1600.0
2402,Jakari Hanson,flat,100.0,100000.0,50000.0,1955,0,0.0,95500.0,95500.0,-4500.0
2403,Mariana McClure,flat,100.0,100000.0,50000.0,1919,0,0.0,91900.0,91900.0,-8100.0
2404,Reese Coleman,flat,100.0,100000.0,50000.0,1951,0,0.0,95100.0,95100.0,-4900.0
2405,Julia Ayers,flat,100.0,100000.0,50000.0,1960,0,0.0,96000.0,96000.0,-4000.0
2406,Ulises McGee,flat,100.0,100000.0,50000.0,2029,0,0.0,102900.0,102900.0,2900.0
2407,Kayleigh Carroll,flat,100.0,100000.0,50000.0,2025,0,0.0,102500.0,102500.0,2500.0
2408,Oscar Hancock,flat,100.0,100000.0,50000.0,1905,0,0.0,90500.0,90500.0,-9500.0
2409,Katelyn Flowers,flat,100.0,100000.0,50000.0,1921,0,0.0,92100.0,92100.0,-7900.0
2410,Saul Green,flat,100.0,100000.0,50000.0,1946,0,0.0,94600.0,94600.0,-5400.0
2411,Zoe Sellers,flat,100.0,100000.0,50000.0,1973,0,0.0,97300.0,97300.0,-2700.0
2412,Madden Michael,flat,100.0,100000.0,50000.0,2009,0,0.0,100900.0,100900.0,900.0
2413,Aubriella Avalos,flat,100.0,100000.0,50000.0,1957,0,0.0,95700.0,95700.0,-4300.0
2414,Coen Grimes,flat,100.0,100000.0,50000.0,1967,0,0.0,96700.0,96700.0,-3300.0
2415,Braelyn McBride,flat,100.0,100000.0,50000.0,1970,0,0.0,97000.0,97000.0,-3000.0
2416,Denver Dougherty,flat,100.0,100000.0,50000.0,1956,0,0.0,95600.0,95600.0,-4400.0
2417,Alisson Shepherd,flat,100.0,100000.0,50000.0,2005,0,0.0,100500.0,100500.0,500.0
2418,Ronald Trujillo,flat,100.0,100000.0,50000.0,1916,0,0.0,91600.0,91600.0,-8400.0
2419,Danielle Hicks,flat,100.0,100000.0,50000.0,1868,0,0.0,86800.0,86800.0,-13200.0
2420,Maddox Clayton,flat,100.0,100000.0,50000.0,1948,0,0.0,94800.0,94800.0,-5200.0
2421,Saige Pacheco,flat,100.0,100000.0,50000.0,1999,0,0.0,99900.0,99900.0,-100.0
2422,Erik Jensen,flat,100.0,100000.0,50000.0,1945,0,0.0,94500.0,94500.0,-5500.0
2423,Jane Turner,flat,100.0,100000.0,50000.0,1998,0,0.0,99800.0,99800.0,-200.0
2424,Joshua McClain,flat,100.0,100000.0,50000.0,1981,0,0.0,98100.0,98100.0,-1900.0
2425,Marleigh Boone,flat,100.0,100000.0,50000.0,1966,0,0.0,96600.0,96600.0,-3400.0
2426,Mauricio Padilla,flat,100.0,100000.0,50000.0,1978,0,0.0,97800.0,97800.0,-2200.0
2427,Maggie Matthews,flat,100.0,100000.0,50000.0,1945,0,0.0,94500.0,94500.0,-5500.0
2428,Preston Fields,flat,100.0,100000.0,50000.0,1924,0,0.0,92400.0,92400.0,-7600.0
2429,Annie Galvan,flat,100.0,100000.0,50000.0,1890,0,0.0,89000.0,89000.0,-11000.0
2430,Kingsley Glenn,flat,100.0,100000.0,50000.0,1868,0,0.0,86800.0,86800.0,-13200.0
2431,Blaire Booth,flat,100.0,100000.0,50000.0,1966,0,0.0,96600.0,96600.0,-3400.0
2432,Chaim Zhang,flat,100.0,100000.0,50000.0,1945,0,0.0,94500.0,94500.0,-5500.0
2433,Sarai Hubbard,flat,100.0,100000.0,50000.0,1915,0,0.0,91500.0,91500.0,-8500.0
2434,Forrest Meza,flat,100.0,100000.0,50000.0,1913,0,0.0,91300.0,91300.0,-8700.0
2435,Rosa Frost,flat,100.0,100000.0,50000.0,1912,0,0.0,91200.0,91200.0,-8800.0
2436,Dario Robinson,flat,100.0,100000.0,50000.0,1833,0,0.0,83300.0,83300.0,-16700.0
2437,Nora Mullen,flat,100.0,100000.0,50000.0,1967,0,0.0,96700.0,96700.0,-3300.0
2438,Shepard Truong,flat,100.0,100000.0,50000.0,1968,0,0.0,96800.0,96800.0,-3200.0
2439,Judith Macias,flat,100.0,100000.0,50000.0,1979,0,0.0,97900.0,97900.0,-2100.0
2440,Moshe Mack,flat,100.0,100000.0,50000.0,1983,0,0.0,98300.0,98300.0,-1700.0
2441,Nadia Shannon,flat,100.0,100000.0,50000.0,1903,0,0.0,90300.0,90300.0,-9700.0
2442,Eliel Quintana,flat,100.0,100000.0,50000.0,1964,0,0.0,96400.0,96400.0,-3600.0
2443,Kenia Marin,flat,100.0,100000.0,50000.0,1909,0,0.0,90900.0,90900.0,-9100.0
2444,Aldo Underwood,flat,100.0,100000.0,50000.0,1975,0,0.0,97500.0,97500.0,-2500.0
2445,Ensley Shepard,flat,100.0,100000.0,50000.0,2044,0,0.0,104400.0,104400.0,4400.0
2446,Damari Gallagher,flat,100.0,100000.0,50000.0,1926,0,0.0,92600.0,92600.0,-7400.0
2447,Elliott Sexton,flat,100.0,100000.0,50000.0,1940,0,0.0,94000.0,94000.0,-6000.0
2448,Mylo Pollard,flat,100.0,100000.0,50000.0,1874,0,0.0,87400.0,87400.0,-12600.0
2449,Marisol Robinson,flat,100.0,100000.0,50000.0,1969,0,0.0,96900.0,96900.0,-3100.0
2450,Matthew Quintero,flat,100.0,100000.0,50000.0,1926,0,0.0,92600.0,92600.0,-7400.0
2451,Keyla Bishop,flat,100.0,100000.0,50000.0,1904,0,0.0,90400.0,90400.0,-9600.0
2452,Paxton McDowell,flat,100.0,100000.0,50000.0,1993,0,0.0,99300.0,99300.0,-700.0
2453,Rayna Pope,flat,100.0,100000.0,50000.0,1934,0,0.0,93400.0,93400.0,-6600.0
2454,Gunnar Best,flat,100.0,100000.0,50000.0,1969,0,0.0,96900.0,96900.0,-3100.0
2455,Lexie Owens,flat,100.0,100000.0,50000.0,1906,0,0.0,90600.0,90600.0,-9400.0
2456,Adriel Rodgers,flat,100.0,100000.0,50000.0,1958,0,0.0,95800.0,95800.0,-4200.0
2457,Selah Case,flat,100.0,100000.0,50000.0,2048,0,0.0,104800.0,104800.0,4800.0
2458,Bentlee Raymond,flat,100.0,100000.0,50000.0,1997,0,0.0,99700.0,99700.0,-300.0
2459,Hadlee Munoz,flat,100.0,100000.0,50000.0,1940,0,0.0,94000.0,94000.0,-6000.0
2460,Justin Watts,flat,100.0,100000.0,50000.0,1939,0,0.0,93900.0,93900.0,-6100.0
2461,Melissa Marquez,flat,100.0,100000.0,50000.0,1968,0,0.0,96800.0,96800.0,-3200.0
2462,Malakai Velez,flat,100.0,100000.0,50000.0,1954,0,0.0,95400.0,95400.0,-4600.0
2463,Megan Gilbert,flat,100.0,100000.0,50000.0,1993,0,0.0,99300.0,99300.0,-700.0
2464,Tobias Moreno,flat,100.0,100000.0,50000.0,1924,0,0.0,92400.0,92400.0,-7600.0
2465,Mary Bond,flat,100.0,100000.0,50000.0,1845,0,0.0,84500.0,84500.0,-15500.0
2466,Roger Fowler,flat,100.0,100000.0,50000.0,1969,0,0.0,96900.0,96900.0,-3100.0
2467,Lennon Molina,flat,100.0,100000.0,50000.0,1932,0,0.0,93200.0,93200.0,-6800.0
2468,Prince Oliver,flat,100.0,100000.0,50000.0,2013,0,0.0,101300.0,101300.0,1300.0
2469,Camille Watts,flat,100.0,100000.0,50000.0,1912,0,0.0,91200.0,91200.0,-8800.0
2470,Dakota Ballard,flat,100.0,100000.0,50000.0,1971,0,0.0,97100.0,97100.0,-2900.0
2471,Alejandra O’Neal,flat,100.0,100000.0,50000.0,1917,0,0.0,91700.0,91700.0,-8300.0
2472,Eddie Perez,flat,100.0,100000.0,50000.0,1923,0,0.0,92300.0,92300.0,-7700.0
2473,Eleanor Walker,flat,100.0,100000.0,50000.0,1874,0,0.0,87400.0,87400.0,-12600.0
2474,Luke Rojas,flat,100.0,100000.0,50000.0,1903,0,0.0,90300.0,90300.0,-9700.0
2475,Adaline Rice,flat,100.0,100000.0,50000.0,1952,0,0.0,95200.0,95200.0,-4800.0
2476,Graham Nava,flat,100.0,100000.0,50000.0,1947,0,0.0,94700.0,94700.0,-5300.0
2477,Scout Stewart,flat,100.0,100000.0,50000.0,1982,0,0.0,98200.0,98200.0,-1800.0
2478,Nolan Carson,flat,100.0,100000.0,50000.0,1941,0,0.0,94100.0,94100.0,-5900.0
2479,Nalani Casey,flat,100.0,100000.0,50000.0,1993,0,0.0,99300.0,99300.0,-700.0
2480,Armando Friedman,flat,100.0,100000.0,50000.0,2024,0,0.0,102400.0,102400.0,2400.0
2481,Aspyn Cline,flat,100.0,100000.0,50000.0,1963,0,0.0,96300.0,96300.0,-3700.0
2482,Cullen Walton,flat,100.0,100000.0,50000.0,1934,0,0.0,93400.0,93400.0,-6600.0
2483,Scarlet Lara,flat,100.0,100000.0,50000.0,1903,0,0.0,90300.0,90300.0,-9700.0
2484,Caiden Nolan,flat,100.0,100000.0,50000.0,1951,0,0.0,95100.0,95100.0,-4900.0
2485,Itzayana Palmer,flat,100.0,100000.0,50000.0,1871,0,0.0,87100.0,87100.0,-12900.0
2486,Theo Santos,flat,100.0,100000.0,50000.0,1932,0,0.0,93200.0,93200.0,-6800.0
2487,Alana Steele,flat,100.0,100000.0,50000.0,1976,0,0.0,97600.0,97600.0,-2400.0
2488,Elian Enriquez,flat,100.0,100000.0,50000.0,1910,0,0.0,91000.0,91000.0,-9000.0
2489,Nellie Bush,flat,100.0,100000.0,50000.0,1901,0,0.0,90100.0,90100.0,-9900.0
2490,Tyson O’Connor,flat,100.0,100000.0,50000.0,1920,0,0.0,92000.0,92000.0,-8000.0
2491,Charli Pratt,flat,100.0,100000.0,50000.0,1932,0,0.0,93200.0,93200.0,-6800.0
2492,Rowen Casey,flat,100.0,100000.0,50000.0,1973,0,0.0,97300.0,97300.0,-2700.0
2493,Sylvia Lee,flat,100.0,100000.0,50000.0,1944,0,0.0,94400.0,94400.0,-5600.0
2494,Jack Gross,flat,100.0,100000.0,50000.0,1985,0,0.0,98500.0,98500.0,-1500.0
2495,Angel Berger,flat,100.0,100000.0,50000.0,1958,0,0.0,95800.0,95800.0,-4200.0
2496,Byron Walsh,flat,100.0,100000.0,50000.0,1923,0,0.0,92300.0,92300.0,-7700.0
2497,Leia Roman,flat,100.0,100000.0,50000.0,1953,0,0.0,95300.0,95300.0,-4700.0
2498,Kian Parsons,flat,100.0,100000.0,50000.0,1966,0,0.0,96600.0,96600.0,-3400.0
2499,Maia Johnson,flat,100.0,100000.0,50000.0,1917,0,0.0,91700.0,91700.0,-8300.0
2500,Noah Villalobos,flat,100.0,100000.0,50000.0,1971,0,0.0,97100.0,97100.0,-2900.0
2501,Zoya Ortiz,flat,100.0,100000.0,50000.0,2015,0,0.0,101500.0,101500.0,1500.0
2502,Landon Rowe,flat,100.0,100000.0,50000.0,1956,0,0.0,95600.0,95600.0,-4400.0
2503,Matilda Tucker,flat,100.0,100000.0,50000.0,1936,0,0.0,93600.0,93600.0,-6400.0
2504,Ivan Adams,flat,100.0,100000.0,50000.0,1975,0,0.0,97500.0,97500.0,-2500.0
2505,Stella Olson,flat,100.0,100000.0,50000.0,1938,0,0.0,93800.0,93800.0,-6200.0
2506,Malachi Sheppard,flat,100.0,100000.0,50000.0,1823,0,0.0,82300.0,82300.0,-17700.0
2507,Veda Gross,flat,100.0,100000.0,50000.0,1948,0,0.0,94800.0,94800.0,-5200.0
2508,Quinn Carrillo,flat,100.0,100000.0,50000.0,1957,0,0.0,95700.0,95700.0,-4300.0
2509,Kaylani Shaffer,flat,100.0,100000.0,50000.0,1952,0,0.0,95200.0,95200.0,-4800.0
2510,Dexter Bush,flat,100.0,100000.0,50000.0,1966,0,0.0,96600.0,96600.0,-3400.0
2511,Everlee Walls,flat,100.0,100000.0,50000.0,1993,0,0.0,99300.0,99300.0,-700.0
2512,Larry Molina,flat,100.0,100000.0,50000.0,1933,0,0.0,93300.0,93300.0,-6700.0
2513,Alexandria Moreno,flat,100.0,100000.0,50000.0,1886,0,0.0,88600.0,88600.0,-11400.0
2514,Myles Reed,flat,100.0,100000.0,50000.0,1972,0,0.0,97200.0,97200.0,-2800.0
2515,Valentina Marquez,flat,100.0,100000.0,50000.0,2000,0,0.0,100000.0,100000.0,0.0
2516,Malakai Perez,flat,100.0,100000.0,50000.0,1844,0,0.0,84400.0,84400.0,-15600.0
2517,Eleanor Holland,flat,100.0,100000.0,50000.0,1920,0,0.0,92000.0,92000.0,-8000.0
2518,Brady Curtis,flat,100.0,100000.0,50000.0,1985,0,0.0,98500.0,98500.0,-1500.0
2519,Alexis Kramer,flat,100.0,100000.0,50000.0,2022,0,0.0,102200.0,102200.0,2200.0
2520,Kylan Randolph,flat,100.0,100000.0,50000.0,1972,0,0.0,97200.0,97200.0,-2800.0
2521,Kailey Reeves,flat,100.0,100000.0,50000.0,1971,0,0.0,97100.0,97100.0,-2900.0
2522,Clark Rios,flat,100.0,100000.0,50000.0,1971,0,0.0,97100.0,97100.0,-2900.0
2523,Brooke Carey,flat,100.0,100000.0,50000.0,1957,0,0.0,95700.0,95700.0,-4300.0
2524,Watson Pierce,flat,100.0,100000.0,50000.0,1950,0,0.0,95000.0,95000.0,-5000.0
2525,Arabella McPherson,flat,100.0,100000.0,50000.0,1908,0,0.0,90800.0,90800.0,-9200.0
2526,Foster Hobbs,flat,100.0,100000.0,50000.0,1992,0,0.0,99200.0,99200.0,-800.0
2527,Lacey Lynn,flat,100.0,100000.0,50000.0,1955,0,0.0,95500.0,95500.0,-4500.0
2528,Zechariah Nixon,flat,100.0,100000.0,50000.0,1977,0,0.0,97700.0,97700.0,-2300.0
2529,Deborah Reyes,flat,100.0,100000.0,50000.0,1954,0,0.0,95400.0,95400.0,-4600.0
2530,Eli Sanders,flat,100.0,100000.0,50000.0,1942,0,0.0,94200.0,94200.0,-5800.0
2531,Everleigh Cobb,flat,100.0,100000.0,50000.0,1899,0,0.0,89900.0,89900.0,-10100.0
2532,Raphael Truong,flat,100.0,100000.0,50000.0,1955,0,0.0,95500.0,95500.0,-4500.0
2533,Judith Wilkinson,flat,100.0,100000.0,50000.0,1985,0,0.0,98500.0,98500.0,-1500.0
2534,Leonard Villa,flat,100.0,100000.0,50000.0,1916,0,0.0,91600.0,91600.0,-8400.0
2535,Johanna Guevara,flat,100.0,100000.0,50000.0,1884,0,0.0,88400.0,88400.0,-11600.0
2536,Tommy Vu,flat,100.0,100000.0,50000.0,1982,0,0.0,98200.0,98200.0,-1800.0
2537,Kimora George,flat,100.0,100000.0,50000.0,1879,0,0.0,87900.0,87900.0,-12100.0
2538,Mark Price,flat,100.0,100000.0,50000.0,1923,0,0.0,92300.0,92300.0,-7700.0
2539,Piper Stark,flat,100.0,100000.0,50000.0,1922,0,0.0,92200.0,92200.0,-7800.0
2540,Kristopher Zuniga,flat,100.0,100000.0,50000.0,1898,0,0.0,89800.0,89800.0,-10200.0
2541,Leslie Hill,flat,100.0,100000.0,50000.0,1970,0,0.0,97000.0,97000.0,-3000.0
2542,Isaac Castillo,flat,100.0,100000.0,50000.0,1845,0,0.0,84500.0,84500.0,-15500.0
2543,Eva Cortes,flat,100.0,100000.0,50000.0,1922,0,0.0,92200.0,92200.0,-7800.0
2544,Banks Neal,flat,100.0,100000.0,50000.0,1930,0,0.0,93000.0,93000.0,-7000.0
2545,Talia Brock,flat,100.0,100000.0,50000.0,1958,0,0.0,95800.0,95800.0,-4200.0
2546,Julio Bartlett,flat,100.0,100000.0,50000.0,1941,0,0.0,94100.0,94100.0,-5900.0
2547,Aubrielle Bonilla,flat,100.0,100000.0,50000.0,2013,0,0.0,101300.0,101300.0,1300.0
2548,Aden Powers,flat,100.0,100000.0,50000.0,1964,0,0.0,96400.0,96400.0,-3600.0
2549,Michelle Dean,flat,100.0,100000.0,50000.0,1944,0,0.0,94400.0,94400.0,-5600.0
2550,Ronan Madden,flat,100.0,100000.0,50000.0,1920,0,0.0,92000.0,92000.0,-8000.0
2551,Violette Dejesus,flat,100.0,100000.0,50000.0,1870,0,0.0,87000.0,87000.0,-13000.0
2552,Rio Dean,flat,100.0,100000.0,50000.0,1962,0,0.0,96200.0,96200.0,-3800.0
2553,Julianna Rowe,flat,100.0,100000.0,50000.0,1933,0,0.0,93300.0,93300.0,-6700.0
2554,Kamden Castillo,flat,100.0,100000.0,50000.0,1914,0,0.0,91400.0,91400.0,-8600.0
2555,Eva Shelton,flat,100.0,100000.0,50000.0,1904,0,0.0,90400.0,90400.0,-9600.0
2556,Leonel Salazar,flat,100.0,100000.0,50000.0,1908,0,0.0,90800.0,90800.0,-9200.0
2557,Freya Choi,flat,100.0,100000.0,50000.0,1918,0,0.0,91800.0,91800.0,-8200.0
2558,Khari Shepherd,flat,100.0,100000.0,50000.0,1890,0,0.0,89000.0,89000.0,-11000.0
2559,Katalina Guerra,flat,100.0,100000.0,50000.0,1999,0,0.0,99900.0,99900.0,-100.0
2560,Leland McGuire,flat,100.0,100000.0,50000.0,1941,0,0.0,94100.0,94100.0,-5900.0
2561,April Barry,flat,100.0,100000.0,50000.0,1986,0,0.0,98600.0,98600.0,-1400.0
2562,Emery Wu,flat,100.0,100000.0,50000.0,1893,0,0.0,89300.0,89300.0,-10700.0
2563,Liana Watkins,flat,100.0,100000.0,50000.0,1875,0,0.0,87500.0,87500.0,-12500.0
2564,Nash Bean,flat,100.0,100000.0,50000.0,2022,0,0.0,102200.0,102200.0,2200.0
2565,Jenesis Ellison,flat,100.0,100000.0,50000.0,1923,0,0.0,92300.0,92300.0,-7700.0
2566,Kye Browning,flat,100.0,100000.0,50000.0,1939,0,0.0,93900.0,93900.0,-6100.0
2567,Princess Duncan,flat,100.0,100000.0,50000.0,1975,0,0.0,97500.0,97500.0,-2500.0
2568,Avery Bowers,flat,100.0,100000.0,50000.0,1960,0,0.0,96000.0,96000.0,-4000.0
2569,Elisa Washington,flat,100.0,100000.0,50000.0,1965,0,0.0,96500.0,96500.0,-3500.0
2570,Juan Richmond,flat,100.0,100000.0,50000.0,1963,0,0.0,96300.0,96300.0,-3700.0
2571,Whitney Walton,flat,100.0,100000.0,50000.0,1968,0,0.0,96800.0,96800.0,-3200.0
2572,Dominick Rodriguez,flat,100.0,100000.0,50000.0,1900,0,0.0,90000.0,90000.0,-10000.0
2573,Evelyn Gross,flat,100.0,100000.0,50000.0,1920,0,0.0,92000.0,92000.0,-8000.0
2574,Quinn Walls,flat,100.0,100000.0,50000.0,1948,0,0.0,94800.0,94800.0,-5200.0
2575,Lilianna Mason,flat,100.0,100000.0,50000.0,1921,0,0.0,92100.0,92100.0,-7900.0
2576,Brandon Blackburn,flat,100.0,100000.0,50000.0,1940,0,0.0,94000.0,94000.0,-6000.0
2577,Frida Norris,flat,100.0,100000.0,50000.0,1920,0,0.0,92000.0,92000.0,-8000.0
2578,Cairo Peters,flat,100.0,100000.0,50000.0,1958,0,0.0,95800.0,95800.0,-4200.0
2579,Leila Daniel,flat,100.0,100000.0,50000.0,2036,0,0.0,103600.0,103600.0,3600.0
2580,Grady Gray,flat,100.0,100000.0,50000.0,1949,0,0.0,94900.0,94900.0,-5100.0
2581,Sarah Briggs,flat,100.0,100000.0,50000.0,1917,0,0.0,91700.0,91700.0,-8300.0
2582,Case Pope,flat,100.0,100000.0,50000.0,1911,0,0.0,91100.0,91100.0,-8900.0
2583,Aurelia Weber,flat,100.0,100000.0,50000.0,1853,0,0.0,85300.0,85300.0,-14700.0
2584,Crew Wagner,flat,100.0,100000.0,50000.0,2021,0,0.0,102100.0,102100.0,2100.0
2585,Maeve Austin,flat,100.0,100000.0,50000.0,1932,0,0.0,93200.0,93200.0,-6800.0
2586,Omar McIntosh,flat,100.0,100000.0,50000.0,2007,0,0.0,100700.0,100700.0,700.0
2587,Gwen Powers,flat,100.0,100000.0,50000.0,1927,0,0.0,92700.0,92700.0,-7300.0
2588,Sean Choi,flat,100.0,100000.0,50000.0,1966,0,0.0,96600.0,96600.0,-3400.0
2589,Karla Lowery,flat,100.0,100000.0,50000.0,1936,0,0.0,93600.0,93600.0,-6400.0
2590,Jaxxon White,flat,100.0,100000.0,50000.0,1858,0,0.0,85800.0,85800.0,-14200.0
2591,Layla Rodriguez,flat,100.0,100000.0,50000.0,1922,0,0.0,92200.0,92200.0,-7800.0
2592,Henry Yu,flat,100.0,100000.0,50000.0,1887,0,0.0,88700.0,88700.0,-11300.0
2593,Navy Lyons,flat,100.0,100000.0,50000.0,1934,0,0.0,93400.0,93400.0,-6600.0
2594,Cyrus Kramer,flat,100.0,100000.0,50000.0,1985,0,0.0,98500.0,98500.0,-1500.0
2595,Hanna Hobbs,flat,100.0,100000.0,50000.0,1955,0,0.0,95500.0,95500.0,-4500.0
2596,Brendan Clark,flat,100.0,100000.0,50000.0,2030,0,0.0,103000.0,103000.0,3000.0
2597,Chloe Arroyo,flat,100.0,100000.0,50000.0,1912,0,0.0,91200.0,91200.0,-8800.0
2598,Alberto Conrad,flat,100.0,100000.0,50000.0,2052,0,0.0,105200.0,105200.0,5200.0
2599,Bexley Rush,flat,100.0,100000.0,50000.0,2005,0,0.0,100500.0,100500.0,500.0
2600,Kaiser Duran,flat,100.0,100000.0,50000.0,1934,0,0.0,93400.0,93400.0,-6600.0
2601,Willa Golden,flat,100.0,100000.0,50000.0,1987,0,0.0,98700.0,98700.0,-1300.0
2602,Amias Maynard,flat,100.0,100000.0,50000.0,2036,0,0.0,103600.0,103600.0,3600.0
2603,Carolyn Benson,flat,100.0,100000.0,50000.0,1943,0,0.0,94300.0,94300.0,-5700.0
2604,Desmond Pugh,flat,100.0,100000.0,50000.0,1940,0,0.0,94000.0,94000.0,-6000.0
2605,Landry Kelly,flat,100.0,100000.0,50000.0,1900,0,0.0,90000.0,90000.0,-10000.0
2606,Cooper Morrison,flat,100.0,100000.0,50000.0,1971,0,0.0,97100.0,97100.0,-2900.0
2607,Rebecca Medrano,flat,100.0,100000.0,50000.0,1965,0,0.0,96500.0,96500.0,-3500.0
2608,Arian Atkins,flat,100.0,100000.0,50000.0,1930,0,0.0,93000.0,93000.0,-7000.0
2609,Mina Kline,flat,100.0,100000.0,50000.0,1954,0,0.0,95400.0,95400.0,-4600.0
2610,Ramon Ashley,flat,100.0,100000.0,50000.0,1917,0,0.0,91700.0,91700.0,-8300.0
2611,Khalani Sheppard,flat,100.0,100000.0,50000.0,1966,0,0.0,96600.0,96600.0,-3400.0
2612,Trent Dalton,flat,100.0,100000.0,50000.0,1971,0,0.0,97100.0,97100.0,-2900.0
2613,Lilian Quintana,flat,100.0,100000.0,50000.0,1873,0,0.0,87300.0,87300.0,-12700.0
2614,Kelvin Hunter,flat,100.0,100000.0,50000.0,1935,0,0.0,93500.0,93500.0,-6500.0
2615,Khloe Patrick,flat,100.0,100000.0,50000.0,1927,0,0.0,92700.0,92700.0,-7300.0
2616,Derrick Thomas,flat,100.0,100000.0,50000.0,1898,0,0.0,89800.0,89800.0,-10200.0
2617,Elizabeth Kennedy,flat,100.0,100000.0,50000.0,1930,0,0.0,93000.0,93000.0,-7000.0
2618,Maxwell Ford,flat,100.0,100000.0,50000.0,1929,0,0.0,92900.0,92900.0,-7100.0
2619,Alexandra Blackburn,flat,100.0,100000.0,50000.0,1964,0,0.0,96400.0,96400.0,-3600.0
2620,Zahir Hale,flat,100.0,100000.0,50000.0,1959,0,0.0,95900.0,95900.0,-4100.0
2621,Brinley Dyer,flat,100.0,100000.0,50000.0,1952,0,0.0,95200.0,95200.0,-4800.0
2622,Atreus Juarez,flat,100.0,100000.0,50000.0,1917,0,0.0,91700.0,91700.0,-8300.0
2623,Juliet Cherry,flat,100.0,100000.0,50000.0,1990,0,0.0,99000.0,99000.0,-1000.0
2624,Rome Davidson,flat,100.0,100000.0,50000.0,1972,0,0.0,97200.0,97200.0,-2800.0
2625,Jayla Wyatt,flat,100.0,100000.0,50000.0,1996,0,0.0,99600.0,99600.0,-400.0
2626,Sam Williams,flat,100.0,100000.0,50000.0,1945,0,0.0,94500.0,94500.0,-5500.0
2627,Ava Ventura,flat,100.0,100000.0,50000.0,1965,0,0.0,96500.0,96500.0,-3500.0
2628,Branson Massey,flat,100.0,100000.0,50000.0,1959,0,0.0,95900.0,95900.0,-4100.0
2629,Clementine Salinas,flat,100.0,100000.0,50000.0,1902,0,0.0,90200.0,90200.0,-9800.0
2630,Edgar Patton,flat,100.0,100000.0,50000.0,1931,0,0.0,93100.0,93100.0,-6900.0
2631,Lorelei Lawrence,flat,100.0,100000.0,50000.0,1929,0,0.0,92900.0,92900.0,-7100.0
2632,Kaleb Zavala,flat,100.0,100000.0,50000.0,2045,0,0.0,104500.0,104500.0,4500.0
2633,Liv Wade,flat,100.0,100000.0,50000.0,2029,0,0.0,102900.0,102900.0,2900.0
2634,Jake Best,flat,100.0,100000.0,50000.0,2031,0,0.0,103100.0,103100.0,3100.0
2635,Lexie Robbins,flat,100.0,100000.0,50000.0,1926,0,0.0,92600.0,92600.0,-7400.0
2636,Finnegan Washington,flat,100.0,100000.0,50000.0,1968,0,0.0,96800.0,96800.0,-3200.0
2637,Valerie Walker,flat,100.0,100000.0,50000.0,1855,0,0.0,85500.0,85500.0,-14500.0
2638,Luke Olsen,flat,100.0,100000.0,50000.0,1917,0,0.0,91700.0,91700.0,-8300.0
2639,Oaklyn Schneider,flat,100.0,100000.0,50000.0,1937,0,0.0,93700.0,93700.0,-6300.0
2640,Raymond Frye,flat,100.0,100000.0,50000.0,1970,0,0.0,97000.0,97000.0,-3000.0
2641,Raya Short,flat,100.0,100000.0,50000.0,1948,0,0.0,94800.0,94800.0,-5200.0
2642,Hezekiah Pearson,flat,100.0,100000.0,50000.0,1962,0,0.0,96200.0,96200.0,-3800.0
2643,Kiara Mosley,flat,100.0,100000.0,50000.0,1990,0,0.0,99000.0,99000.0,-1000.0
2644,Rayden Rhodes,flat,100.0,100000.0,50000.0,1972,0,0.0,97200.0,97200.0,-2800.0
2645,Tatum Fields,flat,100.0,100000.0,50000.0,1937,0,0.0,93700.0,93700.0,-6300.0
2646,Clayton Jackson,flat,100.0,100000.0,50000.0,1936,0,0.0,93600.0,93600.0,-6400.0
2647,Avery Pierce,flat,100.0,100000.0,50000.0,1887,0,0.0,88700.0,88700.0,-11300.0
2648,Nicolas Blevins,flat,100.0,100000.0,50000.0,1869,0,0.0,86900.0,86900.0,-13100.0
2649,Aila Trejo,flat,100.0,100000.0,50000.0,1936,0,0.0,93600.0,93600.0,-6400.0
2650,Wesson Collins,flat,100.0,100000.0,50000.0,1949,0,0.0,94900.0,94900.0,-5100.0
2651,Kinsley Burgess,flat,100.0,100000.0,50000.0,1945,0,0.0,94500.0,94500.0,-5500.0
2652,Kolton Beltran,flat,100.0,100000.0,50000.0,1932,0,0.0,93200.0,93200.0,-6800.0
2653,Kaydence Rodriguez,flat,100.0,100000.0,50000.0,1956,0,0.0,95600.0,95600.0,-4400.0
2654,Henry Charles,flat,100.0,100000.0,50000.0,1908,0,0.0,90800.0,90800.0,-9200.0
2655,Jenna House,flat,100.0,100000.0,50000.0,2039,0,0.0,103900.0,103900.0,3900.0
2656,Yehuda Escobar,flat,100.0,100000.0,50000.0,1950,0,0.0,95000.0,95000.0,-5000.0
2657,Erin Ryan,flat,100.0,100000.0,50000.0,2031,0,0.0,103100.0,103100.0,3100.0
2658,Timothy Wilkinson,flat,100.0,100000.0,50000.0,1988,0,0.0,98800.0,98800.0,-1200.0
2659,Siena Stephenson,flat,100.0,100000.0,50000.0,1968,0,0.0,96800.0,96800.0,-3200.0
2660,Joe McLaughlin,flat,100.0,100000.0,50000.0,1915,0,0.0,91500.0,91500.0,-8500.0
2661,Stephanie Stokes,flat,100.0,100000.0,50000.0,1924,0,0.0,92400.0,92400.0,-7600.0
2662,Santana Burnett,flat,100.0,100000.0,50000.0,1958,0,0.0,95800.0,95800.0,-4200.0
2663,Emberly Warner,flat,100.0,100000.0,50000.0,1981,0,0.0,98100.0,98100.0,-1900.0
2664,Jaxton Gaines,flat,100.0,100000.0,50000.0,1957,0,0.0,95700.0,95700.0,-4300.0
2665,Aya Mata,flat,100.0,100000.0,50000.0,1988,0,0.0,98800.0,98800.0,-1200.0
2666,Ray Russo,flat,100.0,100000.0,50000.0,1985,0,0.0,98500.0,98500.0,-1500.0
2667,Tinsley Douglas,flat,100.0,100000.0,50000.0,1959,0,0.0,95900.0,95900.0,-4100.0
2668,Derek Valentine,flat,100.0,100000.0,50000.0,1947,0,0.0,94700.0,94700.0,-5300.0
2669,August Ellison,flat,100.0,100000.0,50000.0,1904,0,0.0,90400.0,90400.0,-9600.0
2670,Kye McCullough,flat,100.0,100000.0,50000.0,2011,0,0.0,101100.0,101100.0,1100.0
2671,Hana Sims,flat,100.0,100000.0,50000.0,1939,0,0.0,93900.0,93900.0,-6100.0
2672,Brian Carter,flat,100.0,100000.0,50000.0,2026,0,0.0,102600.0,102600.0,2600.0
2673,Lucy Avery,flat,100.0,100000.0,50000.0,1911,0,0.0,91100.0,91100.0,-8900.0
2674,Jakari Hull,flat,100.0,100000.0,50000.0,2008,0,0.0,100800.0,100800.0,800.0
2675,Andi Palmer,flat,100.0,100000.0,50000.0,1941,0,0.0,94100.0,94100.0,-5900.0
2676,Theo Franco,flat,100.0,100000.0,50000.0,2045,0,0.0,104500.0,104500.0,4500.0
2677,Charleigh Espinosa,flat,100.0,100000.0,50000.0,1919,0,0.0,91900.0,91900.0,-8100.0
2678,Khalid Camacho,flat,100.0,100000.0,50000.0,1948,0,0.0,94800.0,94800.0,-5200.0
2679,Armani Knapp,flat,100.0,100000.0,50000.0,1924,0,0.0,92400.0,92400.0,-7600.0
2680,Boden Fitzgerald,flat,100.0,100000.0,50000.0,1959,0,0.0,95900.0,95900.0,-4100.0
2681,Marlee Wang,flat,100.0,100000.0,50000.0,1945,0,0.0,94500.0,94500.0,-5500.0
2682,Cohen Warner,flat,100.0,100000.0,50000.0,1984,0,0.0,98400.0,98400.0,-1600.0
2683,Wynter Boyle,flat,100.0,100000.0,50000.0,1993,0,0.0,99300.0,99300.0,-700.0
2684,Robin Navarro,flat,100.0,100000.0,50000.0,1938,0,0.0,93800.0,93800.0,-6200.0
2685,Winter Rice,flat,100.0,100000.0,50000.0,1941,0,0.0,94100.0,94100.0,-5900.0
2686,Graham Callahan,flat,100.0,100000.0,50000.0,1928,0,0.0,92800.0,92800.0,-7200.0
2687,Kimber Lynn,flat,100.0,100000.0,50000.0,1860,0,0.0,86000.0,86000.0,-14000.0
2688,Zechariah Burns,flat,100.0,100000.0,50000.0,1930,0,0.0,93000.0,93000.0,-7000.0
2689,Emerson Cameron,flat,100.0,100000.0,50000.0,1906,0,0.0,90600.0,90600.0,-9400.0
2690,Rayan Armstrong,flat,100.0,100000.0,50000.0,1960,0,0.0,96000.0,96000.0,-4000.0
2691,Presley Gill,flat,100.0,100000.0,50000.0,1910,0,0.0,91000.0,91000.0,-9000.0
2692,Matthias Martinez,flat,100.0,100000.0,50000.0,1867,0,0.0,86700.0,86700.0,-13300.0
2693,Harper Gardner,flat,100.0,100000.0,50000.0,2003,0,0.0,100300.0,100300.0,300.0
2694,Alan Becker,flat,100.0,100000.0,50000.0,1931,0,0.0,93100.0,93100.0,-6900.0
2695,Laura Li,flat,100.0,100000.0,50000.0,2033,0,0.0,103300.0,103300.0,3300.0
2696,Jorge Preston,flat,100.0,100000.0,50000.0,2009,0,0.0,100900.0,100900.0,900.0
2697,Indie Howard,flat,100.0,100000.0,50000.0,1948,0,0.0,94800.0,94800.0,-5200.0
2698,Jeremiah Freeman,flat,100.0,100000.0,50000.0,1949,0,0.0,94900.0,94900.0,-5100.0
2699,Norah Hanna,flat,100.0,100000.0,50000.0,1917,0,0.0,91700.0,91700.0,-8300.0
2700,Aydin Lewis,flat,100.0,100000.0,50000.0,1951,0,0.0,95100.0,95100.0,-4900.0
2701,Ellie Arellano,flat,100.0,100000.0,50000.0,1954,0,0.0,95400.0,95400.0,-4600.0
2702,Kellan Dominguez,flat,100.0,100000.0,50000.0,1905,0,0.0,90500.0,90500.0,-9500.0
2703,Raegan Reilly,flat,100.0,100000.0,50000.0,1974,0,0.0,97400.0,97400.0,-2600.0
2704,Alvaro Yoder,flat,100.0,100000.0,50000.0,1952,0,0.0,95200.0,95200.0,-4800.0
2705,Emerie Barry,flat,100.0,100000.0,50000.0,1839,0,0.0,83900.0,83900.0,-16100.0
2706,Emery Sherman,flat,100.0,100000.0,50000.0,1941,0,0.0,94100.0,94100.0,-5900.0
2707,Addilyn Pena,flat,100.0,100000.0,50000.0,1927,0,0.0,92700.0,92700.0,-7300.0
2708,Marcus Estrada,flat,100.0,100000.0,50000.0,1969,0,0.0,96900.0,96900.0,-3100.0
2709,Sawyer Rowe,flat,100.0,100000.0,50000.0,2006,0,0.0,100600.0,100600.0,600.0
2710,Kamden Lambert,flat,100.0,100000.0,50000.0,1946,0,0.0,94600.0,94600.0,-5400.0
2711,Nina Vaughn,flat,100.0,100000.0,50000.0,1920,0,0.0,92000.0,92000.0,-8000.0
2712,Remy Chambers,flat,100.0,100000.0,50000.0,1976,0,0.0,97600.0,97600.0,-2400.0
2713,Makayla Pacheco,flat,100.0,100000.0,50000.0,1963,0,0.0,96300.0,96300.0,-3700.0
2714,Erik Lowe,flat,100.0,100000.0,50000.0,1967,0,0.0,96700.0,96700.0,-3300.0
2715,Amari Sawyer,flat,100.0,100000.0,50000.0,1998,0,0.0,99800.0,99800.0,-200.0
2716,Jefferson Ho,flat,100.0,100000.0,50000.0,1984,0,0.0,98400.0,98400.0,-1600.0
2717,Calliope Michael,flat,100.0,100000.0,50000.0,1852,0,0.0,85200.0,85200.0,-14800.0
2718,Bronson Alvarado,flat,100.0,100000.0,50000.0,2048,0,0.0,104800.0,104800.0,4800.0
2719,Blake Morse,flat,100.0,100000.0,50000.0,1993,0,0.0,99300.0,99300.0,-700.0
2720,Bode Wood,flat,100.0,100000.0,50000.0,1972,0,0.0,97200.0,97200.0,-2800.0
2721,Natalia Bullock,flat,100.0,100000.0,50000.0,1925,0,0.0,92500.0,92500.0,-7500.0
2722,Ben Steele,flat,100.0,100000.0,50000.0,1926,0,0.0,92600.0,92600.0,-7400.0
2723,Rylie Ashley,flat,100.0,100000.0,50000.0,1951,0,0.0,95100.0,95100.0,-4900.0
2724,Kylen Mora,flat,100.0,100000.0,50000.0,1977,0,0.0,97700.0,97700.0,-2300.0
2725,Jemma Santiago,flat,100.0,100000.0,50000.0,1985,0,0.0,98500.0,98500.0,-1500.0
2726,Beckham Jennings,flat,100.0,100000.0,50000.0,1994,0,0.0,99400.0,99400.0,-600.0
2727,Palmer Rogers,flat,100.0,100000.0,50000.0,1892,0,0.0,89200.0,89200.0,-10800.0
2728,Colton Nelson,flat,100.0,100000.0,50000.0,1948,0,0.0,94800.0,94800.0,-5200.0
2729,Everly Combs,flat,100.0,100000.0,50000.0,1986,0,0.0,98600.0,98600.0,-1400.0
2730,Ahmad Brock,flat,100.0,100000.0,50000.0,1967,0,0.0,96700.0,96700.0,-3300.0
2731,Jada Griffith,flat,100.0,100000.0,50000.0,1978,0,0.0,97800.0,97800.0,-2200.0
2732,Franklin Griffith,flat,100.0,100000.0,50000.0,1896,0,0.0,89600.0,89600.0,-10400.0
2733,Alicia Nunez,flat,100.0,100000.0,50000.0,2047,0,0.0,104700.0,104700.0,4700.0
2734,Caden Stout,flat,100.0,100000.0,50000.0,1954,0,0.0,95400.0,95400.0,-4600.0
2735,Chana Cherry,flat,100.0,100000.0,50000.0,1944,0,0.0,94400.0,94400.0,-5600.0
2736,Rome Kemp,flat,100.0,100000.0,50000.0,1992,0,0.0,99200.0,99200.0,-800.0
2737,Anika Blanchard,flat,100.0,100000.0,50000.0,1898,0,0.0,89800.0,89800.0,-10200.0
2738,Adler Palacios,flat,100.0,100000.0,50000.0,1885,0,0.0,88500.0,88500.0,-11500.0
2739,Bria Aguilar,flat,100.0,100000.0,50000.0,1982,0,0.0,98200.0,98200.0,-1800.0
2740,Milo Berg,flat,100.0,100000.0,50000.0,1875,0,0.0,87500.0,87500.0,-12500.0
2741,Emmalyn Hale,flat,100.0,100000.0,50000.0,1813,0,0.0,81300.0,81300.0,-18700.0
2742,Ezequiel Stout,flat,100.0,100000.0,50000.0,1979,0,0.0,97900.0,97900.0,-2100.0
2743,Chana York,flat,100.0,100000.0,50000.0,1943,0,0.0,94300.0,94300.0,-5700.0
2744,Leandro Benitez,flat,100.0,100000.0,50000.0,1920,0,0.0,92000.0,92000.0,-8000.0
2745,Aliza Vincent,flat,100.0,100000.0,50000.0,1910,0,0.0,91000.0,91000.0,-9000.0
2746,Aarav Wu,flat,100.0,100000.0,50000.0,1905,0,0.0,90500.0,90500.0,-9500.0
2747,Liana Pierce,flat,100.0,100000.0,50000.0,1939,0,0.0,93900.0,93900.0,-6100.0
2748,Nicolas Wallace,flat,100.0,100000.0,50000.0,1986,0,0.0,98600.0,98600.0,-1400.0
2749,Arianna Davis,flat,100.0,100000.0,50000.0,1855,0,0.0,85500.0,85500.0,-14500.0
2750,Lucas Marshall,flat,100.0,100000.0,50000.0,1970,0,0.0,97000.0,97000.0,-3000.0
2751,Adalyn Delgado,flat,100.0,100000.0,50000.0,1953,0,0.0,95300.0,95300.0,-4700.0
2752,Colt Carson,flat,100.0,100000.0,50000.0,1921,0,0.0,92100.0,92100.0,-7900.0
2753,Nalani Reynolds,flat,100.0,100000.0,50000.0,1855,0,0.0,85500.0,85500.0,-14500.0
2754,Vincent Cardenas,flat,100.0,100000.0,50000.0,1870,0,0.0,87000.0,87000.0,-13000.0
2755,Raven Cuevas,flat,100.0,100000.0,50000.0,1974,0,0.0,97400.0,97400.0,-2600.0
2756,Brecken Berry,flat,100.0,100000.0,50000.0,2033,0,0.0,103300.0,103300.0,3300.0
2757,Annabelle Gillespie,flat,100.0,100000.0,50000.0,1881,0,0.0,88100.0,88100.0,-11900.0
2758,Forest Garcia,flat,100.0,100000.0,50000.0,1926,0,0.0,92600.0,92600.0,-7400.0
2759,Amelia Nicholson,flat,100.0,100000.0,50000.0,1995,0,0.0,99500.0,99500.0,-500.0
2760,Rodrigo Hickman,flat,100.0,100000.0,50000.0,1941,0,0.0,94100.0,94100.0,-5900.0
2761,Scarlette Hensley,flat,100.0,100000.0,50000.0,1972,0,0.0,97200.0,97200.0,-2800.0
2762,Layne Doyle,flat,100.0,100000.0,50000.0,1956,0,0.0,95600.0,95600.0,-4400.0
2763,Annalise Glover,flat,100.0,100000.0,50000.0,2029,0,0.0,102900.0,102900.0,2900.0
2764,Mack Hubbard,flat,100.0,100000.0,50000.0,1999,0,0.0,99900.0,99900.0,-100.0
2765,Rosie Day,flat,100.0,100000.0,50000.0,1954,0,0.0,95400.0,95400.0,-4600.0
2766,Kayson Gould,flat,100.0,100000.0,50000.0,1963,0,0.0,96300.0,96300.0,-3700.0
2767,Violeta Gillespie,flat,100.0,100000.0,50000.0,1914,0,0.0,91400.0,91400.0,-8600.0
2768,Forest Heath,flat,100.0,100000.0,50000.0,1962,0,0.0,96200.0,96200.0,-3800.0
2769,Amani Jordan,flat,100.0,100000.0,50000.0,1930,0,0.0,93000.0,93000.0,-7000.0
2770,Sawyer Nielsen,flat,100.0,100000.0,50000.0,1900,0,0.0,90000.0,90000.0,-10000.0
2771,Vienna Riley,flat,100.0,100000.0,50000.0,1964,0,0.0,96400.0,96400.0,-3600.0
2772,Amari Cochran,flat,100.0,100000.0,50000.0,1996,0,0.0,99600.0,99600.0,-400.0
2773,Alma Valentine,flat,100.0,100000.0,50000.0,1950,0,0.0,95000.0,95000.0,-5000.0
2774,Demetrius Boyle,flat,100.0,100000.0,50000.0,1972,0,0.0,97200.0,97200.0,-2800.0
2775,Aliya Dixon,flat,100.0,100000.0,50000.0,1950,0,0.0,95000.0,95000.0,-5000.0
2776,Camden Clay,flat,100.0,100000.0,50000.0,2003,0,0.0,100300.0,100300.0,300.0
2777,Aliana Zamora,flat,100.0,100000.0,50000.0,1894,0,0.0,89400.0,89400.0,-10600.0
2778,Quentin O’Neill,flat,100.0,100000.0,50000.0,1961,0,0.0,96100.0,96100.0,-3900.0
2779,Kenna Simon,flat,100.0,100000.0,50000.0,1888,0,0.0,88800.0,88800.0,-11200.0
2780,Zayne Zavala,flat,100.0,100000.0,50000.0,1930,0,0.0,93000.0,93000.0,-7000.0
2781,Liv McPherson,flat,100.0,100000.0,50000.0,1913,0,0.0,91300.0,91300.0,-8700.0
2782,Foster Griffith,flat,100.0,100000.0,50000.0,2011,0,0.0,101100.0,101100.0,1100.0
2783,Alicia Chavez,flat,100.0,100000.0,50000.0,1952,0,0.0,95200.0,95200.0,-4800.0
2784,Ian Gomez,flat,100.0,100000.0,50000.0,1965,0,0.0,96500.0,96500.0,-3500.0
2785,Natalie Miranda,flat,100.0,100000.0,50000.0,1954,0,0.0,95400.0,95400.0,-4600.0
2786,Rory Meadows,flat,100.0,100000.0,50000.0,1973,0,0.0,97300.0,97300.0,-2700.0
2787,Pearl Boone,flat,100.0,100000.0,50000.0,1928,0,0.0,92800.0,92800.0,-7200.0
2788,Mauricio Burton,flat,100.0,100000.0,50000.0,1968,0,0.0,96800.0,96800.0,-3200.0
2789,Miriam Juarez,flat,100.0,100000.0,50000.0,1947,0,0.0,94700.0,94700.0,-5300.0
2790,Joaquin Elliott,flat,100.0,100000.0,50000.0,1968,0,0.0,96800.0,96800.0,-3200.0
2791,Noelle Quintana,flat,100.0,100000.0,50000.0,1907,0,0.0,90700.0,90700.0,-9300.0
2792,Kelvin Deleon,flat,100.0,100000.0,50000.0,1972,0,0.0,97200.0,97200.0,-2800.0
2793,Gabrielle McCormick,flat,100.0,100000.0,50000.0,1948,0,0.0,94800.0,94800.0,-5200.0
2794,Jasiah Jensen,flat,100.0,100000.0,50000.0,1871,0,0.0,87100.0,87100.0,-12900.0
2795,Jane Cline,flat,100.0,100000.0,50000.0,1956,0,0.0,95600.0,95600.0,-4400.0
2796,Cullen Conrad,flat,100.0,100000.0,50000.0,1977,0,0.0,97700.0,97700.0,-2300.0
2797,Bexley Hodge,flat,100.0,100000.0,50000.0,2012,0,0.0,101200.0,101200.0,1200.0
2798,Reign Carpenter,flat,100.0,100000.0,50000.0,1963,0,0.0,96300.0,96300.0,-3700.0
2799,Lilly Hull,flat,100.0,100000.0,50000.0,1977,0,0.0,97700.0,97700.0,-2300.0
2800,Salem Wolfe,flat,100.0,100000.0,50000.0,2020,0,0.0,102000.0,102000.0,2000.0
2801,Hallie Juarez,flat,100.0,100000.0,50000.0,1882,0,0.0,88200.0,88200.0,-11800.0
2802,Joaquin Combs,flat,100.0,100000.0,50000.0,1927,0,0.0,92700.0,92700.0,-7300.0
2803,Irene Blackwell,flat,100.0,100000.0,50000.0,1974,0,0.0,97400.0,97400.0,-2600.0
2804,Marcellus Miller,flat,100.0,100000.0,50000.0,1967,0,0.0,96700.0,96700.0,-3300.0
2805,Isabella French,flat,100.0,100000.0,50000.0,1947,0,0.0,94700.0,94700.0,-5300.0
2806,Corey Stewart,flat,100.0,100000.0,50000.0,1944,0,0.0,94400.0,94400.0,-5600.0
2807,Maya Kramer,flat,100.0,100000.0,50000.0,1982,0,0.0,98200.0,98200.0,-1800.0
2808,Kylan Larson,flat,100.0,100000.0,50000.0,1910,0,0.0,91000.0,91000.0,-9000.0
2809,Alayna Wilkinson,flat,100.0,100000.0,50000.0,1990,0,0.0,99000.0,99000.0,-1000.0
2810,Leonard Gardner,flat,100.0,100000.0,50000.0,1901,0,0.0,90100.0,90100.0,-9900.0
2811,Jordyn Browning,flat,100.0,100000.0,50000.0,1953,0,0.0,95300.0,95300.0,-4700.0
2812,Rohan Thompson,flat,100.0,100000.0,50000.0,1914,0,0.0,91400.0,91400.0,-8600.0
2813,Madison Malone,flat,100.0,100000.0,50000.0,1921,0,0.0,92100.0,92100.0,-7900.0
2814,Ruben Ibarra,flat,100.0,100000.0,50000.0,1940,0,0.0,94000.0,94000.0,-6000.0
2815,Madilynn Graham,flat,100.0,100000.0,50000.0,1997,0,0.0,99700.0,99700.0,-300.0
2816,Giovanni Benton,flat,100.0,100000.0,50000.0,1927,0,0.0,92700.0,92700.0,-7300.0
2817,Anais Hayden,flat,100.0,100000.0,50000.0,2025,0,0.0,102500.0,102500.0,2500.0
2818,Leroy Ellison,flat,100.0,100000.0,50000.0,1965,0,0.0,96500.0,96500.0,-3500.0
2819,Raina Arnold,flat,100.0,100000.0,50000.0,1900,0,0.0,90000.0,90000.0,-10000.0
2820,Abraham Vang,flat,100.0,100000.0,50000.0,1964,0,0.0,96400.0,96400.0,-3600.0
2821,Madisyn Robbins,flat,100.0,100000.0,50000.0,1903,0,0.0,90300.0,90300.0,-9700.0
2822,Finnegan Garrett,flat,100.0,100000.0,50000.0,1915,0,0.0,91500.0,91500.0,-8500.0
2823,Tessa McCarthy,flat,100.0,100000.0,50000.0,1873,0,0.0,87300.0,87300.0,-12700.0
2824,Devin Swanson,flat,100.0,100000.0,50000.0,1954,0,0.0,95400.0,95400.0,-4600.0
2825,Helen Haley,flat,100.0,100000.0,50000.0,1931,0,0.0,93100.0,93100.0,-6900.0
2826,Leif Barton,flat,100.0,100000.0,50000.0,1936,0,0.0,93600.0,93600.0,-6400.0
2827,Danna Ellis,flat,100.0,100000.0,50000.0,1939,0,0.0,93900.0,93900.0,-6100.0
2828,Cole Boone,flat,100.0,100000.0,50000.0,1980,0,0.0,98000.0,98000.0,-2000.0
2829,Mariam Hoover,flat,100.0,100000.0,50000.0,1989,0,0.0,98900.0,98900.0,-1100.0
2830,Jaziel Sloan,flat,100.0,100000.0,50000.0,1974,0,0.0,97400.0,97400.0,-2600.0
2831,Selene Scott,flat,100.0,100000.0,50000.0,1919,0,0.0,91900.0,91900.0,-8100.0
2832,Leo Salinas,flat,100.0,100000.0,50000.0,1915,0,0.0,91500.0,91500.0,-8500.0
2833,Royalty Pope,flat,100.0,100000.0,50000.0,1932,0,0.0,93200.0,93200.0,-6800.0
2834,Gunnar Moses,flat,100.0,100000.0,50000.0,1967,0,0.0,96700.0,96700.0,-3300.0
2835,Karter Rivas,flat,100.0,100000.0,50000.0,1935,0,0.0,93500.0,93500.0,-6500.0
2836,Damon Barton,flat,100.0,100000.0,50000.0,1984,0,0.0,98400.0,98400.0,-1600.0
2837,Danna Houston,flat,100.0,100000.0,50000.0,1903,0,0.0,90300.0,90300.0,-9700.0
2838,Sylas Humphrey,flat,100.0,100000.0,50000.0,1959,0,0.0,95900.0,95900.0,-4100.0
2839,Journi Bridges,flat,100.0,100000.0,50000.0,1872,0,0.0,87200.0,87200.0,-12800.0
2840,Mohammed White,flat,100.0,100000.0,50000.0,1919,0,0.0,91900.0,91900.0,-8100.0
2841,Layla Sutton,flat,100.0,100000.0,50000.0,1962,0,0.0,96200.0,96200.0,-3800.0
2842,Warren Keller,flat,100.0,100000.0,50000.0,2011,0,0.0,101100.0,101100.0,1100.0
2843,Logan Shepherd,flat,100.0,100000.0,50000.0,1966,0,0.0,96600.0,96600.0,-3400.0
2844,Ronald Fitzpatrick,flat,100.0,100000.0,50000.0,1892,0,0.0,89200.0,89200.0,-10800.0
2845,Annabella Welch,flat,100.0,100000.0,50000.0,1962,0,0.0,96200.0,96200.0,-3800.0
2846,Hendrix Daugherty,flat,100.0,100000.0,50000.0,1931,0,0.0,93100.0,93100.0,-6900.0
2847,Magdalena Villanueva,flat,100.0,100000.0,50000.0,1950,0,0.0,95000.0,95000.0,-5000.0
2848,Huxley Monroe,flat,100.0,100000.0,50000.0,1901,0,0.0,90100.0,90100.0,-9900.0
2849,Carly Coffey,flat,100.0,100000.0,50000.0,2011,0,0.0,101100.0,101100.0,1100.0
2850,Kody Travis,flat,100.0,100000.0,50000.0,1977,0,0.0,97700.0,97700.0,-2300.0
2851,Mazikee Phan,flat,100.0,100000.0,50000.0,1950,0,0.0,95000.0,95000.0,-5000.0
2852,Maison Rich,flat,100.0,100000.0,50000.0,1966,0,0.0,96600.0,96600.0,-3400.0
2853,Sunny Taylor,flat,100.0,100000.0,50000.0,1891,0,0.0,89100.0,89100.0,-10900.0
2854,Jackson Hayes,flat,100.0,100000.0,50000.0,1975,0,0.0,97500.0,97500.0,-2500.0
2855,Iris Green,flat,100.0,100000.0,50000.0,1907,0,0.0,90700.0,90700.0,-9300.0
2856,Anthony Orozco,flat,100.0,100000.0,50000.0,1952,0,0.0,95200.0,95200.0,-4800.0
2857,Renata Cantu,flat,100.0,100000.0,50000.0,1980,0,0.0,98000.0,98000.0,-2000.0
2858,Anakin Quinn,flat,100.0,100000.0,50000.0,2002,0,0.0,100200.0,100200.0,200.0
2859,Heaven Kennedy,flat,100.0,100000.0,50000.0,1892,0,0.0,89200.0,89200.0,-10800.0
2860,Maxwell Willis,flat,100.0,100000.0,50000.0,1904,0,0.0,90400.0,90400.0,-9600.0
2861,Alexa Beltran,flat,100.0,100000.0,50000.0,1966,0,0.0,96600.0,96600.0,-3400.0
2862,Ricky Serrano,flat,100.0,100000.0,50000.0,1948,0,0.0,94800.0,94800.0,-5200.0
2863,Allie Malone,flat,100.0,100000.0,50000.0,1868,0,0.0,86800.0,86800.0,-13200.0
2864,Ruben Lin,flat,100.0,100000.0,50000.0,1998,0,0.0,99800.0,99800.0,-200.0
2865,Makenna Cuevas,flat,100.0,100000.0,50000.0,1947,0,0.0,94700.0,94700.0,-5300.0
2866,Brecken Good,flat,100.0,100000.0,50000.0,1867,0,0.0,86700.0,86700.0,-13300.0
2867,Nathalia Krueger,flat,100.0,100000.0,50000.0,1953,0,0.0,95300.0,95300.0,-4700.0
2868,Jones Eaton,flat,100.0,100000.0,50000.0,1951,0,0.0,95100.0,95100.0,-4900.0
2869,Miley Rios,flat,100.0,100000.0,50000.0,1909,0,0.0,90900.0,90900.0,-9100.0
2870,Israel Russell,flat,100.0,100000.0,50000.0,1923,0,0.0,92300.0,92300.0,-7700.0
2871,Raelynn Quintero,flat,100.0,100000.0,50000.0,1930,0,0.0,93000.0,93000.0,-7000.0
2872,Thatcher Morrison,flat,100.0,100000.0,50000.0,1899,0,0.0,89900.0,89900.0,-10100.0
2873,Rebecca Bartlett,flat,100.0,100000.0,50000.0,1920,0,0.0,92000.0,92000.0,-8000.0
2874,Kace Shepherd,flat,100.0,100000.0,50000.0,1895,0,0.0,89500.0,89500.0,-10500.0
2875,Katalina Malone,flat,100.0,100000.0,50000.0,2023,0,0.0,102300.0,102300.0,2300.0
2876,Ruben Mendoza,flat,100.0,100000.0,50000.0,1967,0,0.0,96700.0,96700.0,-3300.0
2877,Cora Velez,flat,100.0,100000.0,50000.0,1870,0,0.0,87000.0,87000.0,-13000.0
2878,Kareem Kelly,flat,100.0,100000.0,50000.0,1943,0,0.0,94300.0,94300.0,-5700.0
2879,Ruby Travis,flat,100.0,100000.0,50000.0,1893,0,0.0,89300.0,89300.0,-10700.0
2880,Willie Goodman,flat,100.0,100000.0,50000.0,2013,0,0.0,101300.0,101300.0,1300.0
2881,Carolina Dudley,flat,100.0,100000.0,50000.0,1920,0,0.0,92000.0,92000.0,-8000.0
2882,Colter Shelton,flat,100.0,100000.0,50000.0,1952,0,0.0,95200.0,95200.0,-4800.0
2883,Makenzie Carr,flat,100.0,100000.0,50000.0,1952,0,0.0,95200.0,95200.0,-4800.0
2884,Kash Winters,flat,100.0,100000.0,50000.0,1863,0,0.0,86300.0,86300.0,-13700.0
2885,Kataleya Huffman,flat,100.0,100000.0,50000.0,1991,0,0.0,99100.0,99100.0,-900.0
2886,Chris Schmidt,flat,100.0,100000.0,50000.0,1963,0,0.0,96300.0,96300.0,-3700.0
2887,Kimberly Sosa,flat,100.0,100000.0,50000.0,1895,0,0.0,89500.0,89500.0,-10500.0
2888,Emir Burns,flat,100.0,100000.0,50000.0,1917,0,0.0,91700.0,91700.0,-8300.0
2889,Emerson Middleton,flat,100.0,100000.0,50000.0,1851,0,0.0,85100.0,85100.0,-14900.0
2890,Misael Cobb,flat,100.0,100000.0,50000.0,1978,0,0.0,97800.0,97800.0,-2200.0
2891,Aviana Peters,flat,100.0,100000.0,50000.0,1948,0,0.0,94800.0,94800.0,-5200.0
2892,Patrick Holmes,flat,100.0,100000.0,50000.0,1930,0,0.0,93000.0,93000.0,-7000.0
2893,Bailey Riley,flat,100.0,100000.0,50000.0,2025,0,0.0,102500.0,102500.0,2500.0
2894,Amari Schneider,flat,100.0,100000.0,50000.0,1950,0,0.0,95000.0,95000.0,-5000.0
2895,Delaney Hammond,flat,100.0,100000.0,50000.0,1948,0,0.0,94800.0,94800.0,-5200.0
2896,Francis Shepard,flat,100.0,100000.0,50000.0,2002,0,0.0,100200.0,100200.0,200.0
2897,Noor Gallagher,flat,100.0,100000.0,50000.0,2026,0,0.0,102600.0,102600.0,2600.0
2898,Marcos Pennington,flat,100.0,100000.0,50000.0,2022,0,0.0,102200.0,102200.0,2200.0
2899,Yareli Buckley,flat,100.0,100000.0,50000.0,1920,0,0.0,92000.0,92000.0,-8000.0
2900,Aryan Huber,flat,100.0,100000.0,50000.0,2016,0,0.0,101600.0,101600.0,1600.0
2901,Raquel Castaneda,flat,100.0,100000.0,50000.0,1975,0,0.0,97500.0,97500.0,-2500.0
2902,Collin Hunt,flat,100.0,100000.0,50000.0,1971,0,0.0,97100.0,97100.0,-2900.0
2903,Genevieve Martinez,flat,100.0,100000.0,50000.0,1936,0,0.0,93600.0,93600.0,-6400.0
2904,Alexander Delacruz,flat,100.0,100000.0,50000.0,1938,0,0.0,93800.0,93800.0,-6200.0
2905,Celine Palmer,flat,100.0,100000.0,50000.0,1933,0,0.0,93300.0,93300.0,-6700.0
2906,Theo Portillo,flat,100.0,100000.0,50000.0,1890,0,0.0,89000.0,89000.0,-11000.0
2907,Nathalie Wiley,flat,100.0,100000.0,50000.0,1933,0,0.0,93300.0,93300.0,-6700.0
2908,Mathew Burnett,flat,100.0,100000.0,50000.0,1889,0,0.0,88900.0,88900.0,-11100.0
2909,Emberly Barber,flat,100.0,100000.0,50000.0,1962,0,0.0,96200.0,96200.0,-3800.0
2910,Solomon Park,flat,100.0,100000.0,50000.0,2004,0,0.0,100400.0,100400.0,400.0
2911,Lia Pollard,flat,100.0,100000.0,50000.0,1947,0,0.0,94700.0,94700.0,-5300.0
2912,Jad Zuniga,flat,100.0,100000.0,50000.0,1930,0,0.0,93000.0,93000.0,-7000.0
2913,Leslie Drake,flat,100.0,100000.0,50000.0,1954,0,0.0,95400.0,95400.0,-4600.0
2914,Jalen Booth,flat,100.0,100000.0,50000.0,1882,0,0.0,88200.0,88200.0,-11800.0
2915,Zariyah Colon,flat,100.0,100000.0,50000.0,1879,0,0.0,87900.0,87900.0,-12100.0
2916,Bruce Allen,flat,100.0,100000.0,50000.0,2019,0,0.0,101900.0,101900.0,1900.0
2917,Riley Leblanc,flat,100.0,100000.0,50000.0,1946,0,0.0,94600.0,94600.0,-5400.0
2918,Braden Clark,flat,100.0,100000.0,50000.0,1881,0,0.0,88100.0,88100.0,-11900.0
2919,Chloe Bell,flat,100.0,100000.0,50000.0,2027,0,0.0,102700.0,102700.0,2700.0
2920,Emmett Mata,flat,100.0,100000.0,50000.0,2011,0,0.0,101100.0,101100.0,1100.0
2921,Lillie Figueroa,flat,100.0,100000.0,50000.0,1923,0,0.0,92300.0,92300.0,-7700.0
2922,Spencer Hansen,flat,100.0,100000.0,50000.0,1950,0,0.0,95000.0,95000.0,-5000.0
2923,Hope David,flat,100.0,100000.0,50000.0,2015,0,0.0,101500.0,101500.0,1500.0
2924,Alonso Kelley,flat,100.0,100000.0,50000.0,1985,0,0.0,98500.0,98500.0,-1500.0
2925,Rosalie Dalton,flat,100.0,100000.0,50000.0,1872,0,0.0,87200.0,87200.0,-12800.0
2926,Fletcher Johns,flat,100.0,100000.0,50000.0,1890,0,0.0,89000.0,89000.0,-11000.0
2927,Giovanna Boyle,flat,100.0,100000.0,50000.0,1915,0,0.0,91500.0,91500.0,-8500.0
2928,Robin Madden,flat,100.0,100000.0,50000.0,1911,0,0.0,91100.0,91100.0,-8900.0
2929,Violette Palmer,flat,100.0,100000.0,50000.0,1972,0,0.0,97200.0,97200.0,-2800.0
2930,Theo Morton,flat,100.0,100000.0,50000.0,1962,0,0.0,96200.0,96200.0,-3800.0
2931,Mallory Sanchez,flat,100.0,100000.0,50000.0,1860,0,0.0,86000.0,86000.0,-14000.0
2932,Joseph Lang,flat,100.0,100000.0,50000.0,1889,0,0.0,88900.0,88900.0,-11100.0
2933,Amirah Berg,flat,100.0,100000.0,50000.0,1994,0,0.0,99400.0,99400.0,-600.0
2934,Cayson Lucero,flat,100.0,100000.0,50000.0,1999,0,0.0,99900.0,99900.0,-100.0
2935,Ila Jones,flat,100.0,100000.0,50000.0,1920,0,0.0,92000.0,92000.0,-8000.0
2936,William Cooper,flat,100.0,100000.0,50000.0,2002,0,0.0,100200.0,100200.0,200.0
2937,Serenity Benton,flat,100.0,100000.0,50000.0,1950,0,0.0,95000.0,95000.0,-5000.0
2938,Jamal Small,flat,100.0,100000.0,50000.0,1990,0,0.0,99000.0,99000.0,-1000.0
2939,Zaria Howell,flat,100.0,100000.0,50000.0,1919,0,0.0,91900.0,91900.0,-8100.0
2940,Bradley Conway,flat,100.0,100000.0,50000.0,2017,0,0.0,101700.0,101700.0,1700.0
2941,Ryann Leon,flat,100.0,100000.0,50000.0,1930,0,0.0,93000.0,93000.0,-7000.0
2942,Marshall Watson,flat,100.0,100000.0,50000.0,1959,0,0.0,95900.0,95900.0,-4100.0
2943,Hailey Charles,flat,100.0,100000.0,50000.0,1877,0,0.0,87700.0,87700.0,-12300.0
2944,Conrad Roman,flat,100.0,100000.0,50000.0,1913,0,0.0,91300.0,91300.0,-8700.0
2945,Astrid Monroe,flat,100.0,100000.0,50000.0,1958,0,0.0,95800.0,95800.0,-4200.0
2946,Colby Dejesus,flat,100.0,100000.0,50000.0,1959,0,0.0,95900.0,95900.0,-4100.0
2947,Julissa Bennett,flat,100.0,100000.0,50000.0,1867,0,0.0,86700.0,86700.0,-13300.0
2948,Leonardo Knapp,flat,100.0,100000.0,50000.0,1987,0,0.0,98700.0,98700.0,-1300.0
2949,Linda O’brien,flat,100.0,100000.0,50000.0,1911,0,0.0,91100.0,91100.0,-8900.0
2950,Riley Rowland,flat,100.0,100000.0,50000.0,1919,0,0.0,91900.0,91900.0,-8100.0
2951,Harleigh Le,flat,100.0,100000.0,50000.0,1992,0,0.0,99200.0,99200.0,-800.0
2952,Damien Suarez,flat,100.0,100000.0,50000.0,1946,0,0.0,94600.0,94600.0,-5400.0
2953,Jimena Murray,flat,100.0,100000.0,50000.0,1952,0,0.0,95200.0,95200.0,-4800.0
2954,Ashton Shaw,flat,100.0,100000.0,50000.0,1960,0,0.0,96000.0,96000.0,-4000.0
2955,Emersyn King,flat,100.0,100000.0,50000.0,1947,0,0.0,94700.0,94700.0,-5300.0
2956,Julian Harrington,flat,100.0,100000.0,50000.0,1951,0,0.0,95100.0,95100.0,-4900.0
2957,Legacy Lane,flat,100.0,100000.0,50000.0,2002,0,0.0,100200.0,100200.0,200.0
2958,Matias Gregory,flat,100.0,100000.0,50000.0,1983,0,0.0,98300.0,98300.0,-1700.0
2959,Alaya Phelps,flat,100.0,100000.0,50000.0,1955,0,0.0,95500.0,95500.0,-4500.0
2960,Hamza Gould,flat,100.0,100000.0,50000.0,1968,0,0.0,96800.0,96800.0,-3200.0
2961,Violeta Soto,flat,100.0,100000.0,50000.0,1939,0,0.0,93900.0,93900.0,-6100.0
2962,Barrett Brady,flat,100.0,100000.0,50000.0,1979,0,0.0,97900.0,97900.0,-2100.0
2963,Ryan Moss,flat,100.0,100000.0,50000.0,2012,0,0.0,101200.0,101200.0,1200.0
2964,Porter Sawyer,flat,100.0,100000.0,50000.0,1959,0,0.0,95900.0,95900.0,-4100.0
2965,Marina Russo,flat,100.0,100000.0,50000.0,1979,0,0.0,97900.0,97900.0,-2100.0
2966,Jamie Kane,flat,100.0,100000.0,50000.0,1959,0,0.0,95900.0,95900.0,-4100.0
2967,Ellianna Golden,flat,100.0,100000.0,50000.0,1925,0,0.0,92500.0,92500.0,-7500.0
2968,Amias Harmon,flat,100.0,100000.0,50000.0,2020,0,0.0,102000.0,102000.0,2000.0
2969,Maren Fields,flat,100.0,100000.0,50000.0,1941,0,0.0,94100.0,94100.0,-5900.0
2970,Clayton Osborne,flat,100.0,100000.0,50000.0,1947,0,0.0,94700.0,94700.0,-5300.0
2971,Shelby Hardy,flat,100.0,100000.0,50000.0,1946,0,0.0,94600.0,94600.0,-5400.0
2972,Jayceon Stuart,flat,100.0,100000.0,50000.0,1924,0,0.0,92400.0,92400.0,-7600.0
2973,Stormi Patterson,flat,100.0,100000.0,50000.0,1853,0,0.0,85300.0,85300.0,-14700.0
2974,Amir Andrews,flat,100.0,100000.0,50000.0,1966,0,0.0,96600.0,96600.0,-3400.0
2975,Payton Knox,flat,100.0,100000.0,50000.0,1971,0,0.0,97100.0,97100.0,-2900.0
2976,Valentin Robbins,flat,100.0,100000.0,50000.0,2008,0,0.0,100800.0,100800.0,800.0
2977,Stevie Monroe,flat,100.0,100000.0,50000.0,1946,0,0.0,94600.0,94600.0,-5400.0
2978,Colby Gomez,flat,100.0,100000.0,50000.0,1963,0,0.0,96300.0,96300.0,-3700.0
2979,Natalie Parker,flat,100.0,100000.0,50000.0,1905,0,0.0,90500.0,90500.0,-9500.0
2980,Caleb Gardner,flat,100.0,100000.0,50000.0,1948,0,0.0,94800.0,94800.0,-5200.0
2981,Jordyn Lang,flat,100.0,100000.0,50000.0,1946,0,0.0,94600.0,94600.0,-5400.0
2982,Wells Eaton,flat,100.0,100000.0,50000.0,1929,0,0.0,92900.0,92900.0,-7100.0
2983,Miley Shaw,flat,100.0,100000.0,50000.0,2009,0,0.0,100900.0,100900.0,900.0
2984,Elliot Buck,flat,100.0,100000.0,50000.0,1985,0,0.0,98500.0,98500.0,-1500.0
2985,Livia Schmidt,flat,100.0,100000.0,50000.0,1972,0,0.0,97200.0,97200.0,-2800.0
2986,Zayden Lopez,flat,100.0,100000.0,50000.0,2030,0,0.0,103000.0,103000.0,3000.0
2987,Gianna Young,flat,100.0,100000.0,50000.0,1891,0,0.0,89100.0,89100.0,-10900.0
2988,Asher Mann,flat,100.0,100000.0,50000.0,1976,0,0.0,97600.0,97600.0,-2400.0
2989,Paislee Lloyd,flat,100.0,100000.0,50000.0,2041,0,0.0,104100.0,104100.0,4100.0
2990,Zaire Simmons,flat,100.0,100000.0,50000.0,1973,0,0.0,97300.0,97300.0,-2700.0
2991,Reagan Mills,flat,100.0,100000.0,50000.0,1978,0,0.0,97800.0,97800.0,-2200.0
2992,Alex Tyler,flat,100.0,100000.0,50000.0,1884,0,0.0,88400.0,88400.0,-11600.0
2993,Helena Waters,flat,100.0,100000.0,50000.0,1902,0,0.0,90200.0,90200.0,-9800.0
2994,Maximilian Conrad,flat,100.0,100000.0,50000.0,1867,0,0.0,86700.0,86700.0,-13300.0
2995,Bexley Fitzgerald,flat,100.0,100000.0,50000.0,1975,0,0.0,97500.0,97500.0,-2500.0
2996,Peyton Peralta,flat,100.0,100000.0,50000.0,1897,0,0.0,89700.0,89700.0,-10300.0
2997,Malayah Ortega,flat,100.0,100000.0,50000.0,1994,0,0.0,99400.0,99400.0,-600.0
2998,Kobe Charles,flat,100.0,100000.0,50000.0,1973,0,0.0,97300.0,97300.0,-2700.0
2999,Jenna Sanchez,flat,100.0,100000.0,50000.0,1976,0,0.0,97600.0,97600.0,-2400.0
3000,Joseph Jackson,flat,100.0,100000.0,50000.0,1929,0,0.0,92900.0,92900.0,-7100.0
3001,Yamileth Rubio,flat,100.0,100000.0,50000.0,1877,0,0.0,87700.0,87700.0,-12300.0
3002,Titan Freeman,flat,100.0,100000.0,50000.0,1909,0,0.0,90900.0,90900.0,-9100.0
3003,Norah Cordova,flat,100.0,100000.0,50000.0,1947,0,0.0,94700.0,94700.0,-5300.0
3004,Vicente Gross,flat,100.0,100000.0,50000.0,1988,0,0.0,98800.0,98800.0,-1200.0
3005,Angel Dillon,flat,100.0,100000.0,50000.0,1975,0,0.0,97500.0,97500.0,-2500.0
3006,Alvin House,flat,100.0,100000.0,50000.0,1965,0,0.0,96500.0,96500.0,-3500.0
3007,Sariah Massey,flat,100.0,100000.0,50000.0,1904,0,0.0,90400.0,90400.0,-9600.0
3008,Donald Bowen,flat,100.0,100000.0,50000.0,1966,0,0.0,96600.0,96600.0,-3400.0
3009,Dream Hail,flat,100.0,100000.0,50000.0,2013,0,0.0,101300.0,101300.0,1300.0
3010,Hector Bartlett,flat,100.0,100000.0,50000.0,2032,0,0.0,103200.0,103200.0,3200.0
3011,Aubrielle Parrish,flat,100.0,100000.0,50000.0,1957,0,0.0,95700.0,95700.0,-4300.0
3012,Karsyn Koch,flat,100.0,100000.0,50000.0,1988,0,0.0,98800.0,98800.0,-1200.0
3013,Milana Corona,flat,100.0,100000.0,50000.0,1958,0,0.0,95800.0,95800.0,-4200.0
3014,Darian Santos,flat,100.0,100000.0,50000.0,2050,0,0.0,105000.0,105000.0,5000.0
3015,Alana Roberson,flat,100.0,100000.0,50000.0,1922,0,0.0,92200.0,92200.0,-7800.0
3016,Shepherd Joseph,flat,100.0,100000.0,50000.0,1954,0,0.0,95400.0,95400.0,-4600.0
3017,Gracelynn Zamora,flat,100.0,100000.0,50000.0,1955,0,0.0,95500.0,95500.0,-4500.0
3018,Quentin Kim,flat,100.0,100000.0,50000.0,1970,0,0.0,97000.0,97000.0,-3000.0
3019,Gabriella Gross,flat,100.0,100000.0,50000.0,1955,0,0.0,95500.0,95500.0,-4500.0
3020,Quinn Butler,flat,100.0,100000.0,50000.0,2011,0,0.0,101100.0,101100.0,1100.0
3021,Athena Patton,flat,100.0,100000.0,50000.0,2002,0,0.0,100200.0,100200.0,200.0
3022,Moises Hardin,flat,100.0,100000.0,50000.0,1933,0,0.0,93300.0,93300.0,-6700.0
3023,Vada Chambers,flat,100.0,100000.0,50000.0,1900,0,0.0,90000.0,90000.0,-10000.0
3024,Orion Dennis,flat,100.0,100000.0,50000.0,1929,0,0.0,92900.0,92900.0,-7100.0
3025,Maisie Rodgers,flat,100.0,100000.0,50000.0,1940,0,0.0,94000.0,94000.0,-6000.0
3026,Mathias Jennings,flat,100.0,100000.0,50000.0,1909,0,0.0,90900.0,90900.0,-9100.0
3027,Palmer Aguirre,flat,100.0,100000.0,50000.0,1943,0,0.0,94300.0,94300.0,-5700.0
3028,Andy Costa,flat,100.0,100000.0,50000.0,1959,0,0.0,95900.0,95900.0,-4100.0
3029,Robin Marin,flat,100.0,100000.0,50000.0,1929,0,0.0,92900.0,92900.0,-7100.0
3030,Aldo Norton,flat,100.0,100000.0,50000.0,1994,0,0.0,99400.0,99400.0,-600.0
3031,Kylee Zhang,flat,100.0,100000.0,50000.0,2006,0,0.0,100600.0,100600.0,600.0
3032,Isaias Santana,flat,100.0,100000.0,50000.0,1949,0,0.0,94900.0,94900.0,-5100.0
3033,Myra Ortega,flat,100.0,100000.0,50000.0,1965,0,0.0,96500.0,96500.0,-3500.0
3034,Kobe Preston,flat,100.0,100000.0,50000.0,2039,0,0.0,103900.0,103900.0,3900.0
3035,Indie Chen,flat,100.0,100000.0,50000.0,1949,0,0.0,94900.0,94900.0,-5100.0
3036,Emmanuel Schwartz,flat,100.0,100000.0,50000.0,1968,0,0.0,96800.0,96800.0,-3200.0
3037,Lilliana Gardner,flat,100.0,100000.0,50000.0,1909,0,0.0,90900.0,90900.0,-9100.0
3038,Alan Proctor,flat,100.0,100000.0,50000.0,1948,0,0.0,94800.0,94800.0,-5200.0
3039,Chandler McDowell,flat,100.0,100000.0,50000.0,1944,0,0.0,94400.0,94400.0,-5600.0
3040,Lachlan Frank,flat,100.0,100000.0,50000.0,1995,0,0.0,99500.0,99500.0,-500.0
3041,Dior Kaur,flat,100.0,100000.0,50000.0,1936,0,0.0,93600.0,93600.0,-6400.0
3042,Augustine Curtis,flat,100.0,100000.0,50000.0,1937,0,0.0,93700.0,93700.0,-6300.0
3043,Alexis Beltran,flat,100.0,100000.0,50000.0,2013,0,0.0,101300.0,101300.0,1300.0
3044,Ricky Brennan,flat,100.0,100000.0,50000.0,1892,0,0.0,89200.0,89200.0,-10800.0
3045,Elodie Rangel,flat,100.0,100000.0,50000.0,2007,0,0.0,100700.0,100700.0,700.0
3046,Saint Avery,flat,100.0,100000.0,50000.0,1899,0,0.0,89900.0,89900.0,-10100.0
3047,Meghan Hayes,flat,100.0,100000.0,50000.0,1951,0,0.0,95100.0,95100.0,-4900.0
3048,Legend Bennett,flat,100.0,100000.0,50000.0,1958,0,0.0,95800.0,95800.0,-4200.0
3049,Josephine Norton,flat,100.0,100000.0,50000.0,1908,0,0.0,90800.0,90800.0,-9200.0
3050,Callen Gordon,flat,100.0,100000.0,50000.0,1941,0,0.0,94100.0,94100.0,-5900.0
3051,Taylor Montoya,flat,100.0,100000.0,50000.0,1894,0,0.0,89400.0,89400.0,-10600.0
3052,Ford Malone,flat,100.0,100000.0,50000.0,1875,0,0.0,87500.0,87500.0,-12500.0
3053,Skyler Avery,flat,100.0,100000.0,50000.0,1978,0,0.0,97800.0,97800.0,-2200.0
3054,Jakari Marsh,flat,100.0,100000.0,50000.0,1947,0,0.0,94700.0,94700.0,-5300.0
3055,Adelina Hull,flat,100.0,100000.0,50000.0,1907,0,0.0,90700.0,90700.0,-9300.0
3056,Salem Klein,flat,100.0,100000.0,50000.0,1981,0,0.0,98100.0,98100.0,-1900.0
3057,Elianna Strickland,flat,100.0,100000.0,50000.0,1973,0,0.0,97300.0,97300.0,-2700.0
3058,Keegan Valentine,flat,100.0,100000.0,50000.0,1956,0,0.0,95600.0,95600.0,-4400.0
3059,August Anthony,flat,100.0,100000.0,50000.0,1942,0,0.0,94200.0,94200.0,-5800.0
3060,Shiloh James,flat,100.0,100000.0,50000.0,1884,0,0.0,88400.0,88400.0,-11600.0
3061,Quinn Hurley,flat,100.0,100000.0,50000.0,1945,0,0.0,94500.0,94500.0,-5500.0
3062,Van Crane,flat,100.0,100000.0,50000.0,1936,0,0.0,93600.0,93600.0,-6400.0
3063,Della Branch,flat,100.0,100000.0,50000.0,1937,0,0.0,93700.0,93700.0,-6300.0
3064,Keenan Crosby,flat,100.0,100000.0,50000.0,1978,0,0.0,97800.0,97800.0,-2200.0
3065,Keily Higgins,flat,100.0,100000.0,50000.0,2012,0,0.0,101200.0,101200.0,1200.0
3066,Sterling Travis,flat,100.0,100000.0,50000.0,1947,0,0.0,94700.0,94700.0,-5300.0
3067,Mazikee Galindo,flat,100.0,100000.0,50000.0,1954,0,0.0,95400.0,95400.0,-4600.0
3068,Salvatore Cruz,flat,100.0,100000.0,50000.0,1972,0,0.0,97200.0,97200.0,-2800.0
3069,Claire Knox,flat,100.0,100000.0,50000.0,1998,0,0.0,99800.0,99800.0,-200.0
3070,Valentin O’Neal,flat,100.0,100000.0,50000.0,1888,0,0.0,88800.0,88800.0,-11200.0
3071,Treasure Steele,flat,100.0,100000.0,50000.0,1965,0,0.0,96500.0,96500.0,-3500.0
3072,Elian Landry,flat,100.0,100000.0,50000.0,1930,0,0.0,93000.0,93000.0,-7000.0
3073,Brynleigh Lewis,flat,100.0,100000.0,50000.0,1937,0,0.0,93700.0,93700.0,-6300.0
3074,Wyatt Valentine,flat,100.0,100000.0,50000.0,1920,0,0.0,92000.0,92000.0,-8000.0
3075,August Dixon,flat,100.0,100000.0,50000.0,1919,0,0.0,91900.0,91900.0,-8100.0
3076,Camden Shah,flat,100.0,100000.0,50000.0,1949,0,0.0,94900.0,94900.0,-5100.0
3077,Angelica McKay,flat,100.0,100000.0,50000.0,1916,0,0.0,91600.0,91600.0,-8400.0
3078,Joey Parsons,flat,100.0,100000.0,50000.0,2019,0,0.0,101900.0,101900.0,1900.0
3079,Maia Lewis,flat,100.0,100000.0,50000.0,2046,0,0.0,104600.0,104600.0,4600.0
3080,Wyatt Coleman,flat,100.0,100000.0,50000.0,1942,0,0.0,94200.0,94200.0,-5800.0
3081,Julia Merritt,flat,100.0,100000.0,50000.0,1989,0,0.0,98900.0,98900.0,-1100.0
3082,Colten Miller,flat,100.0,100000.0,50000.0,1900,0,0.0,90000.0,90000.0,-10000.0
3083,Isabella Young,flat,100.0,100000.0,50000.0,1942,0,0.0,94200.0,94200.0,-5800.0
3084,Asher Morrison,flat,100.0,100000.0,50000.0,2004,0,0.0,100400.0,100400.0,400.0
3085,Rebecca Greene,flat,100.0,100000.0,50000.0,1969,0,0.0,96900.0,96900.0,-3100.0
3086,Griffin Bridges,flat,100.0,100000.0,50000.0,1951,0,0.0,95100.0,95100.0,-4900.0
3087,Elora Arias,flat,100.0,100000.0,50000.0,1874,0,0.0,87400.0,87400.0,-12600.0
3088,Alec Barron,flat,100.0,100000.0,50000.0,2034,0,0.0,103400.0,103400.0,3400.0
3089,Anya Baldwin,flat,100.0,100000.0,50000.0,1933,0,0.0,93300.0,93300.0,-6700.0
3090,Jaiden Norton,flat,100.0,100000.0,50000.0,1967,0,0.0,96700.0,96700.0,-3300.0
3091,Kylee Lawson,flat,100.0,100000.0,50000.0,1957,0,0.0,95700.0,95700.0,-4300.0
3092,Lane Perez,flat,100.0,100000.0,50000.0,1944,0,0.0,94400.0,94400.0,-5600.0
3093,Eleanor Rice,flat,100.0,100000.0,50000.0,1940,0,0.0,94000.0,94000.0,-6000.0
3094,Graham Hayden,flat,100.0,100000.0,50000.0,1939,0,0.0,93900.0,93900.0,-6100.0
3095,Avayah Zamora,flat,100.0,100000.0,50000.0,1948,0,0.0,94800.0,94800.0,-5200.0
3096,Quentin Montgomery,flat,100.0,100000.0,50000.0,1958,0,0.0,95800.0,95800.0,-4200.0
3097,Evangeline Pierce,flat,100.0,100000.0,50000.0,1927,0,0.0,92700.0,92700.0,-7300.0
3098,Nicolas Coffey,flat,100.0,100000.0,50000.0,1935,0,0.0,93500.0,93500.0,-6500.0
3099,Paola Hoover,flat,100.0,100000.0,50000.0,1912,0,0.0,91200.0,91200.0,-8800.0
3100,Jaziel Massey,flat,100.0,100000.0,50000.0,1892,0,0.0,89200.0,89200.0,-10800.0
3101,Clementine Bond,flat,100.0,100000.0,50000.0,1947,0,0.0,94700.0,94700.0,-5300.0
3102,Roger Wyatt,flat,100.0,100000.0,50000.0,1898,0,0.0,89800.0,89800.0,-10200.0
3103,Liberty Yu,flat,100.0,100000.0,50000.0,2019,0,0.0,101900.0,101900.0,1900.0
3104,Bryant Guerra,flat,100.0,100000.0,50000.0,1999,0,0.0,99900.0,99900.0,-100.0
3105,Edith Buchanan,flat,100.0,100000.0,50000.0,1978,0,0.0,97800.0,97800.0,-2200.0
3106,Enrique Castaneda,flat,100.0,100000.0,50000.0,1962,0,0.0,96200.0,96200.0,-3800.0
3107,Keira Randall,flat,100.0,100000.0,50000.0,1966,0,0.0,96600.0,96600.0,-3400.0
3108,Trenton Madden,flat,100.0,100000.0,50000.0,2009,0,0.0,100900.0,100900.0,900.0
3109,Violette Gilmore,flat,100.0,100000.0,50000.0,1937,0,0.0,93700.0,93700.0,-6300.0
3110,Vihaan Webb,flat,100.0,100000.0,50000.0,1896,0,0.0,89600.0,89600.0,-10400.0
3111,Ariella Barrera,flat,100.0,100000.0,50000.0,1923,0,0.0,92300.0,92300.0,-7700.0
3112,Makai Mayo,flat,100.0,100000.0,50000.0,1936,0,0.0,93600.0,93600.0,-6400.0
3113,Aarya Hodge,flat,100.0,100000.0,50000.0,2021,0,0.0,102100.0,102100.0,2100.0
3114,Reign Holloway,flat,100.0,100000.0,50000.0,1975,0,0.0,97500.0,97500.0,-2500.0
3115,Mae Costa,flat,100.0,100000.0,50000.0,1934,0,0.0,93400.0,93400.0,-6600.0
3116,Kenji Dennis,flat,100.0,100000.0,50000.0,2018,0,0.0,101800.0,101800.0,1800.0
3117,Maisie Liu,flat,100.0,100000.0,50000.0,2030,0,0.0,103000.0,103000.0,3000.0
3118,Pedro Decker,flat,100.0,100000.0,50000.0,1941,0,0.0,94100.0,94100.0,-5900.0
3119,Aleena Waller,flat,100.0,100000.0,50000.0,1938,0,0.0,93800.0,93800.0,-6200.0
3120,Marley Salinas,flat,100.0,100000.0,50000.0,1964,0,0.0,96400.0,96400.0,-3600.0
3121,Royalty Shelton,flat,100.0,100000.0,50000.0,1887,0,0.0,88700.0,88700.0,-11300.0
3122,Leonel Glover,flat,100.0,100000.0,50000.0,2009,0,0.0,100900.0,100900.0,900.0
3123,Alessia Vaughn,flat,100.0,100000.0,50000.0,1972,0,0.0,97200.0,97200.0,-2800.0
3124,Remy Webb,flat,100.0,100000.0,50000.0,1953,0,0.0,95300.0,95300.0,-4700.0
3125,Ariella Riley,flat,100.0,100000.0,50000.0,1911,0,0.0,91100.0,91100.0,-8900.0
3126,Amari Cisneros,flat,100.0,100000.0,50000.0,1953,0,0.0,95300.0,95300.0,-4700.0
3127,Janelle Camacho,flat,100.0,100000.0,50000.0,1931,0,0.0,93100.0,93100.0,-6900.0
3128,Tatum McLaughlin,flat,100.0,100000.0,50000.0,1860,0,0.0,86000.0,86000.0,-14000.0
3129,Stephanie Barnes,flat,100.0,100000.0,50000.0,1980,0,0.0,98000.0,98000.0,-2000.0
3130,Damian Garcia,flat,100.0,100000.0,50000.0,1996,0,0.0,99600.0,99600.0,-400.0
3131,Amelia Miles,flat,100.0,100000.0,50000.0,1886,0,0.0,88600.0,88600.0,-11400.0
3132,Jared Martinez,flat,100.0,100000.0,50000.0,1912,0,0.0,91200.0,91200.0,-8800.0
3133,Harper Blake,flat,100.0,100000.0,50000.0,1970,0,0.0,97000.0,97000.0,-3000.0
3134,Zyaire Garner,flat,100.0,100000.0,50000.0,1982,0,0.0,98200.0,98200.0,-1800.0
3135,Jacqueline Sloan,flat,100.0,100000.0,50000.0,1937,0,0.0,93700.0,93700.0,-6300.0
3136,Ocean Vazquez,flat,100.0,100000.0,50000.0,1945,0,0.0,94500.0,94500.0,-5500.0
3137,Journee Kennedy,flat,100.0,100000.0,50000.0,1947,0,0.0,94700.0,94700.0,-5300.0
3138,Maxwell Zuniga,flat,100.0,100000.0,50000.0,2072,0,0.0,107200.0,107200.0,7200.0
3139,Leslie Medrano,flat,100.0,100000.0,50000.0,1972,0,0.0,97200.0,97200.0,-2800.0
3140,Arian Mayo,flat,100.0,100000.0,50000.0,1985,0,0.0,98500.0,98500.0,-1500.0
3141,Aarya Lim,flat,100.0,100000.0,50000.0,2050,0,0.0,105000.0,105000.0,5000.0
3142,Cal Miles,flat,100.0,100000.0,50000.0,2004,0,0.0,100400.0,100400.0,400.0
3143,Alessandra Conrad,flat,100.0,100000.0,50000.0,1972,0,0.0,97200.0,97200.0,-2800.0
3144,Dilan Decker,flat,100.0,100000.0,50000.0,2020,0,0.0,102000.0,102000.0,2000.0
3145,Aleena McCarty,flat,100.0,100000.0,50000.0,1995,0,0.0,99500.0,99500.0,-500.0
3146,Blaise Sims,flat,100.0,100000.0,50000.0,1929,0,0.0,92900.0,92900.0,-7100.0
3147,Lena Contreras,flat,100.0,100000.0,50000.0,1917,0,0.0,91700.0,91700.0,-8300.0
3148,Emilio Nixon,flat,100.0,100000.0,50000.0,1947,0,0.0,94700.0,94700.0,-5300.0
3149,Deborah Ford,flat,100.0,100000.0,50000.0,1936,0,0.0,93600.0,93600.0,-6400.0
3150,Luis Carrillo,flat,100.0,100000.0,50000.0,1915,0,0.0,91500.0,91500.0,-8500.0
3151,Kaylani Barron,flat,100.0,100000.0,50000.0,1970,0,0.0,97000.0,97000.0,-3000.0
3152,Dustin Kim,flat,100.0,100000.0,50000.0,1911,0,0.0,91100.0,91100.0,-8900.0
3153,Gabriella Hurley,flat,100.0,100000.0,50000.0,1968,0,0.0,96800.0,96800.0,-3200.0
3154,Van Rios,flat,100.0,100000.0,50000.0,1996,0,0.0,99600.0,99600.0,-400.0
3155,Brooke Hanna,flat,100.0,100000.0,50000.0,1871,0,0.0,87100.0,87100.0,-12900.0
3156,Aydin Coffey,flat,100.0,100000.0,50000.0,1969,0,0.0,96900.0,96900.0,-3100.0
3157,Paola McDowell,flat,100.0,100000.0,50000.0,1884,0,0.0,88400.0,88400.0,-11600.0
3158,Lachlan Mann,flat,100.0,100000.0,50000.0,1945,0,0.0,94500.0,94500.0,-5500.0
3159,Paislee Ramirez,flat,100.0,100000.0,50000.0,1938,0,0.0,93800.0,93800.0,-6200.0
3160,David Andrews,flat,100.0,100000.0,50000.0,1918,0,0.0,91800.0,91800.0,-8200.0
3161,Payton Hayden,flat,100.0,100000.0,50000.0,1924,0,0.0,92400.0,92400.0,-7600.0
3162,Leroy Xiong,flat,100.0,100000.0,50000.0,1949,0,0.0,94900.0,94900.0,-5100.0
3163,Amayah Davila,flat,100.0,100000.0,50000.0,1880,0,0.0,88000.0,88000.0,-12000.0
3164,Grey Whitaker,flat,100.0,100000.0,50000.0,1973,0,0.0,97300.0,97300.0,-2700.0
3165,Ivanna Ferguson,flat,100.0,100000.0,50000.0,1919,0,0.0,91900.0,91900.0,-8100.0
3166,Miguel Berger,flat,100.0,100000.0,50000.0,1998,0,0.0,99800.0,99800.0,-200.0
3167,Laylah Roy,flat,100.0,100000.0,50000.0,1929,0,0.0,92900.0,92900.0,-7100.0
3168,Marcelo Robertson,flat,100.0,100000.0,50000.0,2006,0,0.0,100600.0,100600.0,600.0
3169,Harmony Ward,flat,100.0,100000.0,50000.0,1943,0,0.0,94300.0,94300.0,-5700.0
3170,Jameson Weiss,flat,100.0,100000.0,50000.0,1986,0,0.0,98600.0,98600.0,-1400.0
3171,Lennox Roberts,flat,100.0,100000.0,50000.0,1913,0,0.0,91300.0,91300.0,-8700.0
3172,Josiah Larson,flat,100.0,100000.0,50000.0,1947,0,0.0,94700.0,94700.0,-5300.0
3173,Alayna Roman,flat,100.0,100000.0,50000.0,1932,0,0.0,93200.0,93200.0,-6800.0
3174,Kian Conley,flat,100.0,100000.0,50000.0,2000,0,0.0,100000.0,100000.0,0.0
3175,Salem Meadows,flat,100.0,100000.0,50000.0,1982,0,0.0,98200.0,98200.0,-1800.0
3176,Wayne Berg,flat,100.0,100000.0,50000.0,2030,0,0.0,103000.0,103000.0,3000.0
3177,Emmalyn Russell,flat,100.0,100000.0,50000.0,1934,0,0.0,93400.0,93400.0,-6600.0
3178,Weston Williamson,flat,100.0,100000.0,50000.0,1968,0,0.0,96800.0,96800.0,-3200.0
3179,Catherine Fitzgerald,flat,100.0,100000.0,50000.0,2030,0,0.0,103000.0,103000.0,3000.0
3180,Peyton Robles,flat,100.0,100000.0,50000.0,1974,0,0.0,97400.0,97400.0,-2600.0
3181,Felicity Barnes,flat,100.0,100000.0,50000.0,1986,0,0.0,98600.0,98600.0,-1400.0
3182,Damian Meadows,flat,100.0,100000.0,50000.0,1927,0,0.0,92700.0,92700.0,-7300.0
3183,Pearl Gallagher,flat,100.0,100000.0,50000.0,1955,0,0.0,95500.0,95500.0,-4500.0
3184,Marcos Shepherd,flat,100.0,100000.0,50000.0,1944,0,0.0,94400.0,94400.0,-5600.0
3185,Katalina Burch,flat,100.0,100000.0,50000.0,1947,0,0.0,94700.0,94700.0,-5300.0
3186,Gerald Cohen,flat,100.0,100000.0,50000.0,2039,0,0.0,103900.0,103900.0,3900.0
3187,Destiny Santana,flat,100.0,100000.0,50000.0,2058,0,0.0,105800.0,105800.0,5800.0
3188,Mohamed Acevedo,flat,100.0,100000.0,50000.0,1984,0,0.0,98400.0,98400.0,-1600.0
3189,Ashlynn Hickman,flat,100.0,100000.0,50000.0,1859,0,0.0,85900.0,85900.0,-14100.0
3190,Jakobe Melton,flat,100.0,100000.0,50000.0,1871,0,0.0,87100.0,87100.0,-12900.0
3191,Kamiyah Reid,flat,100.0,100000.0,50000.0,1939,0,0.0,93900.0,93900.0,-6100.0
3192,Josue Rhodes,flat,100.0,100000.0,50000.0,2006,0,0.0,100600.0,100600.0,600.0
3193,Tatum Collins,flat,100.0,100000.0,50000.0,1933,0,0.0,93300.0,93300.0,-6700.0
3194,Miles Booker,flat,100.0,100000.0,50000.0,1961,0,0.0,96100.0,96100.0,-3900.0
3195,Nataly Trujillo,flat,100.0,100000.0,50000.0,1980,0,0.0,98000.0,98000.0,-2000.0
3196,Apollo Church,flat,100.0,100000.0,50000.0,1851,0,0.0,85100.0,85100.0,-14900.0
3197,Ayleen Blair,flat,100.0,100000.0,50000.0,1975,0,0.0,97500.0,97500.0,-2500.0
3198,Troy Wilkinson,flat,100.0,100000.0,50000.0,1983,0,0.0,98300.0,98300.0,-1700.0
3199,Siena Lucas,flat,100.0,100000.0,50000.0,1957,0,0.0,95700.0,95700.0,-4300.0
3200,Chance Perkins,flat,100.0,100000.0,50000.0,1883,0,0.0,88300.0,88300.0,-11700.0
3201,Sage Sampson,flat,100.0,100000.0,50000.0,1951,0,0.0,95100.0,95100.0,-4900.0
3202,Cain Reyna,flat,100.0,100000.0,50000.0,1925,0,0.0,92500.0,92500.0,-7500.0
3203,Luella Flynn,flat,100.0,100000.0,50000.0,1968,0,0.0,96800.0,96800.0,-3200.0
3204,Kannon Winters,flat,100.0,100000.0,50000.0,1909,0,0.0,90900.0,90900.0,-9100.0
3205,Kataleya Hudson,flat,100.0,100000.0,50000.0,1935,0,0.0,93500.0,93500.0,-6500.0
3206,Peter Stanley,flat,100.0,100000.0,50000.0,1920,0,0.0,92000.0,92000.0,-8000.0
3207,Gracelyn Duncan,flat,100.0,100000.0,50000.0,1946,0,0.0,94600.0,94600.0,-5400.0
3208,Avery Barrera,flat,100.0,100000.0,50000.0,2004,0,0.0,100400.0,100400.0,400.0
3209,Beatrice Beasley,flat,100.0,100000.0,50000.0,1913,0,0.0,91300.0,91300.0,-8700.0
3210,Stanley Ramsey,flat,100.0,100000.0,50000.0,1899,0,0.0,89900.0,89900.0,-10100.0
3211,Lyric Gutierrez,flat,100.0,100000.0,50000.0,1949,0,0.0,94900.0,94900.0,-5100.0
3212,Luca Stephenson,flat,100.0,100000.0,50000.0,2000,0,0.0,100000.0,100000.0,0.0
3213,Khaleesi Coffey,flat,100.0,100000.0,50000.0,1927,0,0.0,92700.0,92700.0,-7300.0
3214,Kody Lane,flat,100.0,100000.0,50000.0,1973,0,0.0,97300.0,97300.0,-2700.0
3215,Amy Spencer,flat,100.0,100000.0,50000.0,1972,0,0.0,97200.0,97200.0,-2800.0
3216,Ace Juarez,flat,100.0,100000.0,50000.0,1955,0,0.0,95500.0,95500.0,-4500.0
3217,Juliet Vincent,flat,100.0,100000.0,50000.0,1905,0,0.0,90500.0,90500.0,-9500.0
3218,Aarav Hardy,flat,100.0,100000.0,50000.0,2047,0,0.0,104700.0,104700.0,4700.0
3219,Jessica Bowman,flat,100.0,100000.0,50000.0,1955,0,0.0,95500.0,95500.0,-4500.0
3220,Francisco Chandler,flat,100.0,100000.0,50000.0,2052,0,0.0,105200.0,105200.0,5200.0
3221,Viviana Ford,flat,100.0,100000.0,50000.0,1955,0,0.0,95500.0,95500.0,-4500.0
3222,Luis McMahon,flat,100.0,100000.0,50000.0,1976,0,0.0,97600.0,97600.0,-2400.0
3223,Belen Becker,flat,100.0,100000.0,50000.0,1854,0,0.0,85400.0,85400.0,-14600.0
3224,Lawson Stanley,flat,100.0,100000.0,50000.0,2004,0,0.0,100400.0,100400.0,400.0
3225,Gracelyn Humphrey,flat,100.0,100000.0,50000.0,1976,0,0.0,97600.0,97600.0,-2400.0
3226,Krew Gray,flat,100.0,100000.0,50000.0,1925,0,0.0,92500.0,92500.0,-7500.0
3227,Sarah O’Neal,flat,100.0,100000.0,50000.0,2087,0,0.0,108700.0,108700.0,8700.0
3228,Eddie Carrillo,flat,100.0,100000.0,50000.0,1920,0,0.0,92000.0,92000.0,-8000.0
3229,Kaylani Benson,flat,100.0,100000.0,50000.0,1958,0,0.0,95800.0,95800.0,-4200.0
3230,Desmond Woodward,flat,100.0,100000.0,50000.0,1890,0,0.0,89000.0,89000.0,-11000.0
3231,Drew Ventura,flat,100.0,100000.0,50000.0,1992,0,0.0,99200.0,99200.0,-800.0
3232,Branson Charles,flat,100.0,100000.0,50000.0,2056,0,0.0,105600.0,105600.0,5600.0
3233,Jenna Schneider,flat,100.0,100000.0,50000.0,1931,0,0.0,93100.0,93100.0,-6900.0
3234,Raymond Roach,flat,100.0,100000.0,50000.0,1995,0,0.0,99500.0,99500.0,-500.0
3235,Lyanna Jones,flat,100.0,100000.0,50000.0,1918,0,0.0,91800.0,91800.0,-8200.0
3236,William Berry,flat,100.0,100000.0,50000.0,1957,0,0.0,95700.0,95700.0,-4300.0
3237,Annabelle David,flat,100.0,100000.0,50000.0,1901,0,0.0,90100.0,90100.0,-9900.0
3238,Alonso Lozano,flat,100.0,100000.0,50000.0,1943,0,0.0,94300.0,94300.0,-5700.0
3239,Cecelia Winters,flat,100.0,100000.0,50000.0,1913,0,0.0,91300.0,91300.0,-8700.0
3240,Deandre Whitney,flat,100.0,100000.0,50000.0,1944,0,0.0,94400.0,94400.0,-5600.0
3241,Madalynn Knight,flat,100.0,100000.0,50000.0,1910,0,0.0,91000.0,91000.0,-9000.0
3242,Beckett Barr,flat,100.0,100000.0,50000.0,2024,0,0.0,102400.0,102400.0,2400.0
3243,Noemi Roth,flat,100.0,100000.0,50000.0,1992,0,0.0,99200.0,99200.0,-800.0
3244,Roy Chambers,flat,100.0,100000.0,50000.0,2004,0,0.0,100400.0,100400.0,400.0
3245,Makayla Jennings,flat,100.0,100000.0,50000.0,2013,0,0.0,101300.0,101300.0,1300.0
3246,Corbin Atkins,flat,100.0,100000.0,50000.0,1854,0,0.0,85400.0,85400.0,-14600.0
3247,Mina Dougherty,flat,100.0,100000.0,50000.0,1883,0,0.0,88300.0,88300.0,-11700.0
3248,Brett Boone,flat,100.0,100000.0,50000.0,1883,0,0.0,88300.0,88300.0,-11700.0
3249,Mariam Larson,flat,100.0,100000.0,50000.0,1931,0,0.0,93100.0,93100.0,-6900.0
3250,Rafael Sawyer,flat,100.0,100000.0,50000.0,2011,0,0.0,101100.0,101100.0,1100.0
3251,Marina York,flat,100.0,100000.0,50000.0,1945,0,0.0,94500.0,94500.0,-5500.0
3252,Leandro Salazar,flat,100.0,100000.0,50000.0,1925,0,0.0,92500.0,92500.0,-7500.0
3253,Freya Castro,flat,100.0,100000.0,50000.0,1966,0,0.0,96600.0,96600.0,-3400.0
3254,Jasper Romero,flat,100.0,100000.0,50000.0,1974,0,0.0,97400.0,97400.0,-2600.0
3255,Eliza Clay,flat,100.0,100000.0,50000.0,1896,0,0.0,89600.0,89600.0,-10400.0
3256,Yosef Becker,flat,100.0,100000.0,50000.0,1907,0,0.0,90700.0,90700.0,-9300.0
3257,Laura McConnell,flat,100.0,100000.0,50000.0,1931,0,0.0,93100.0,93100.0,-6900.0
3258,London Blackwell,flat,100.0,100000.0,50000.0,1999,0,0.0,99900.0,99900.0,-100.0
3259,Saoirse Velez,flat,100.0,100000.0,50000.0,1982,0,0.0,98200.0,98200.0,-1800.0
3260,Kareem Sharp,flat,100.0,100000.0,50000.0,1939,0,0.0,93900.0,93900.0,-6100.0
3261,Camryn Kline,flat,100.0,100000.0,50000.0,1935,0,0.0,93500.0,93500.0,-6500.0
3262,Ramon Duncan,flat,100.0,100000.0,50000.0,2001,0,0.0,100100.0,100100.0,100.0
3263,Elise Sandoval,flat,100.0,100000.0,50000.0,1993,0,0.0,99300.0,99300.0,-700.0
3264,Brantley Parsons,flat,100.0,100000.0,50000.0,1986,0,0.0,98600.0,98600.0,-1400.0
3265,Maia Huff,flat,100.0,100000.0,50000.0,2071,0,0.0,107100.0,107100.0,7100.0
3266,Finnley Rich,flat,100.0,100000.0,50000.0,1987,0,0.0,98700.0,98700.0,-1300.0
3267,Sunny McMahon,flat,100.0,100000.0,50000.0,1942,0,0.0,94200.0,94200.0,-5800.0
3268,Jakob Ortega,flat,100.0,100000.0,50000.0,1967,0,0.0,96700.0,96700.0,-3300.0
3269,Lilah Barajas,flat,100.0,100000.0,50000.0,2005,0,0.0,100500.0,100500.0,500.0
3270,Brennan Horne,flat,100.0,100000.0,50000.0,1934,0,0.0,93400.0,93400.0,-6600.0
3271,Marlowe Snyder,flat,100.0,100000.0,50000.0,1910,0,0.0,91000.0,91000.0,-9000.0
3272,Thiago Le,flat,100.0,100000.0,50000.0,1985,0,0.0,98500.0,98500.0,-1500.0
3273,Myla Michael,flat,100.0,100000.0,50000.0,1940,0,0.0,94000.0,94000.0,-6000.0
3274,Bronson Alvarado,flat,100.0,100000.0,50000.0,1992,0,0.0,99200.0,99200.0,-800.0
3275,Blake Olsen,flat,100.0,100000.0,50000.0,1938,0,0.0,93800.0,93800.0,-6200.0
3276,Skyler Vo,flat,100.0,100000.0,50000.0,1979,0,0.0,97900.0,97900.0,-2100.0
3277,Artemis Barrera,flat,100.0,100000.0,50000.0,1872,0,0.0,87200.0,87200.0,-12800.0
3278,Makai Williamson,flat,100.0,100000.0,50000.0,2020,0,0.0,102000.0,102000.0,2000.0
3279,Catherine Summers,flat,100.0,100000.0,50000.0,1888,0,0.0,88800.0,88800.0,-11200.0
3280,Darius Wilson,flat,100.0,100000.0,50000.0,1959,0,0.0,95900.0,95900.0,-4100.0
3281,Luna Schwartz,flat,100.0,100000.0,50000.0,1977,0,0.0,97700.0,97700.0,-2300.0
3282,Edwin Reese,flat,100.0,100000.0,50000.0,1998,0,0.0,99800.0,99800.0,-200.0
3283,Rosemary Hutchinson,flat,100.0,100000.0,50000.0,1945,0,0.0,94500.0,94500.0,-5500.0
3284,Korbin Alfaro,flat,100.0,100000.0,50000.0,1952,0,0.0,95200.0,95200.0,-4800.0
3285,Yasmin Ibarra,flat,100.0,100000.0,50000.0,1989,0,0.0,98900.0,98900.0,-1100.0
3286,Asa Gilmore,flat,100.0,100000.0,50000.0,1917,0,0.0,91700.0,91700.0,-8300.0
3287,Chanel Gross,flat,100.0,100000.0,50000.0,1899,0,0.0,89900.0,89900.0,-10100.0
3288,Quinn Phillips,flat,100.0,100000.0,50000.0,1974,0,0.0,97400.0,97400.0,-2600.0
3289,Naomi Campos,flat,100.0,100000.0,50000.0,1895,0,0.0,89500.0,89500.0,-10500.0
3290,Gideon Potter,flat,100.0,100000.0,50000.0,2000,0,0.0,100000.0,100000.0,0.0
3291,Rory Smith,flat,100.0,100000.0,50000.0,1956,0,0.0,95600.0,95600.0,-4400.0
3292,Liam Dodson,flat,100.0,100000.0,50000.0,1921,0,0.0,92100.0,92100.0,-7900.0
3293,Etta Palmer,flat,100.0,100000.0,50000.0,1982,0,0.0,98200.0,98200.0,-1800.0
3294,Theo Rose,flat,100.0,100000.0,50000.0,1965,0,0.0,96500.0,96500.0,-3500.0
3295,Magnolia Foley,flat,100.0,100000.0,50000.0,1973,0,0.0,97300.0,97300.0,-2700.0
3296,Mohammad Bernard,flat,100.0,100000.0,50000.0,1999,0,0.0,99900.0,99900.0,-100.0
3297,Barbara Colon,flat,100.0,100000.0,50000.0,1988,0,0.0,98800.0,98800.0,-1200.0
3298,Bruce Townsend,flat,100.0,100000.0,50000.0,1895,0,0.0,89500.0,89500.0,-10500.0
3299,Azalea Compton,flat,100.0,100000.0,50000.0,1939,0,0.0,93900.0,93900.0,-6100.0
3300,Abner Durham,flat,100.0,100000.0,50000.0,1920,0,0.0,92000.0,92000.0,-8000.0
3301,Tiffany Winters,flat,100.0,100000.0,50000.0,1971,0,0.0,97100.0,97100.0,-2900.0
3302,Deandre Avalos,flat,100.0,100000.0,50000.0,1934,0,0.0,93400.0,93400.0,-6600.0
3303,Paloma Chase,flat,100.0,100000.0,50000.0,1917,0,0.0,91700.0,91700.0,-8300.0
3304,Otis Magana,flat,100.0,100000.0,50000.0,1958,0,0.0,95800.0,95800.0,-4200.0
3305,Amaris Garner,flat,100.0,100000.0,50000.0,1926,0,0.0,92600.0,92600.0,-7400.0
3306,Sage Fleming,flat,100.0,100000.0,50000.0,2027,0,0.0,102700.0,102700.0,2700.0
3307,Fatima Lawrence,flat,100.0,100000.0,50000.0,1947,0,0.0,94700.0,94700.0,-5300.0
3308,Kaleb Taylor,flat,100.0,100000.0,50000.0,2045,0,0.0,104500.0,104500.0,4500.0
3309,Sofia McKinney,flat,100.0,100000.0,50000.0,2008,0,0.0,100800.0,100800.0,800.0
3310,Romeo Pearson,flat,100.0,100000.0,50000.0,1960,0,0.0,96000.0,96000.0,-4000.0
3311,Kiara Frazier,flat,100.0,100000.0,50000.0,1975,0,0.0,97500.0,97500.0,-2500.0
3312,Callum Pitts,flat,100.0,100000.0,50000.0,1948,0,0.0,94800.0,94800.0,-5200.0
3313,Nala Mann,flat,100.0,100000.0,50000.0,1912,0,0.0,91200.0,91200.0,-8800.0
3314,Nehemiah Dejesus,flat,100.0,100000.0,50000.0,1933,0,0.0,93300.0,93300.0,-6700.0
3315,Julissa Lang,flat,100.0,100000.0,50000.0,1967,0,0.0,96700.0,96700.0,-3300.0
3316,Wells Hodges,flat,100.0,100000.0,50000.0,1964,0,0.0,96400.0,96400.0,-3600.0
3317,Eve Chapman,flat,100.0,100000.0,50000.0,1959,0,0.0,95900.0,95900.0,-4100.0
3318,Knox Potter,flat,100.0,100000.0,50000.0,1998,0,0.0,99800.0,99800.0,-200.0
3319,Rory Burch,flat,100.0,100000.0,50000.0,1949,0,0.0,94900.0,94900.0,-5100.0
3320,Gerald Branch,flat,100.0,100000.0,50000.0,1918,0,0.0,91800.0,91800.0,-8200.0
3321,Luisa Bowers,flat,100.0,100000.0,50000.0,1892,0,0.0,89200.0,89200.0,-10800.0
3322,Dorian Davidson,flat,100.0,100000.0,50000.0,1914,0,0.0,91400.0,91400.0,-8600.0
3323,Jayla Mejia,flat,100.0,100000.0,50000.0,1962,0,0.0,96200.0,96200.0,-3800.0
3324,Atticus Preston,flat,100.0,100000.0,50000.0,1891,0,0.0,89100.0,89100.0,-10900.0
3325,Indie Wheeler,flat,100.0,100000.0,50000.0,1934,0,0.0,93400.0,93400.0,-6600.0
3326,Kenneth Stout,flat,100.0,100000.0,50000.0,1910,0,0.0,91000.0,91000.0,-9000.0
3327,Chana Rice,flat,100.0,100000.0,50000.0,1988,0,0.0,98800.0,98800.0,-1200.0
3328,Graham Wang,flat,100.0,100000.0,50000.0,1924,0,0.0,92400.0,92400.0,-7600.0
3329,Kailani Benton,flat,100.0,100000.0,50000.0,1901,0,0.0,90100.0,90100.0,-9900.0
3330,Jamal Garza,flat,100.0,100000.0,50000.0,1917,0,0.0,91700.0,91700.0,-8300.0
3331,River Miranda,flat,100.0,100000.0,50000.0,1956,0,0.0,95600.0,95600.0,-4400.0
3332,Rory Alexander,flat,100.0,100000.0,50000.0,1901,0,0.0,90100.0,90100.0,-9900.0
3333,Lyla Santiago,flat,100.0,100000.0,50000.0,1900,0,0.0,90000.0,90000.0,-10000.0
3334,Beckham Wolf,flat,100.0,100000.0,50000.0,1952,0,0.0,95200.0,95200.0,-4800.0
3335,Jolene Richmond,flat,100.0,100000.0,50000.0,1922,0,0.0,92200.0,92200.0,-7800.0
3336,Mordechai Ballard,flat,100.0,100000.0,50000.0,1966,0,0.0,96600.0,96600.0,-3400.0
3337,Alejandra Hancock,flat,100.0,100000.0,50000.0,1910,0,0.0,91000.0,91000.0,-9000.0
3338,Rex Rhodes,flat,100.0,100000.0,50000.0,1969,0,0.0,96900.0,96900.0,-3100.0
3339,Tatum Weiss,flat,100.0,100000.0,50000.0,1955,0,0.0,95500.0,95500.0,-4500.0
3340,Koa David,flat,100.0,100000.0,50000.0,1889,0,0.0,88900.0,88900.0,-11100.0
3341,Haylee Proctor,flat,100.0,100000.0,50000.0,1992,0,0.0,99200.0,99200.0,-800.0
3342,Vance Hoover,flat,100.0,100000.0,50000.0,1935,0,0.0,93500.0,93500.0,-6500.0
3343,Virginia Farmer,flat,100.0,100000.0,50000.0,1974,0,0.0,97400.0,97400.0,-2600.0
3344,Jamison Dunn,flat,100.0,100000.0,50000.0,1960,0,0.0,96000.0,96000.0,-4000.0
3345,Olive Petersen,flat,100.0,100000.0,50000.0,2001,0,0.0,100100.0,100100.0,100.0
3346,Samson McCullough,flat,100.0,100000.0,50000.0,1874,0,0.0,87400.0,87400.0,-12600.0
3347,Hana Avery,flat,100.0,100000.0,50000.0,1997,0,0.0,99700.0,99700.0,-300.0
3348,Jakari Salgado,flat,100.0,100000.0,50000.0,1999,0,0.0,99900.0,99900.0,-100.0
3349,Avalynn Harrell,flat,100.0,100000.0,50000.0,1869,0,0.0,86900.0,86900.0,-13100.0
3350,Nelson Travis,flat,100.0,100000.0,50000.0,1983,0,0.0,98300.0,98300.0,-1700.0
3351,Mazikee Quintana,flat,100.0,100000.0,50000.0,1983,0,0.0,98300.0,98300.0,-1700.0
3352,Kelvin Kane,flat,100.0,100000.0,50000.0,1920,0,0.0,92000.0,92000.0,-8000.0
3353,Ellianna Brady,flat,100.0,100000.0,50000.0,1858,0,0.0,85800.0,85800.0,-14200.0
3354,Reed Owens,flat,100.0,100000.0,50000.0,1944,0,0.0,94400.0,94400.0,-5600.0
3355,Amaya Cain,flat,100.0,100000.0,50000.0,1936,0,0.0,93600.0,93600.0,-6400.0
3356,Benson Garrison,flat,100.0,100000.0,50000.0,2003,0,0.0,100300.0,100300.0,300.0
3357,Cadence Park,flat,100.0,100000.0,50000.0,1932,0,0.0,93200.0,93200.0,-6800.0
3358,Daxton Gaines,flat,100.0,100000.0,50000.0,1954,0,0.0,95400.0,95400.0,-4600.0
3359,Aya Wheeler,flat,100.0,100000.0,50000.0,1934,0,0.0,93400.0,93400.0,-6600.0
3360,Kenneth Curtis,flat,100.0,100000.0,50000.0,1910,0,0.0,91000.0,91000.0,-9000.0
3361,Alexis Dudley,flat,100.0,100000.0,50000.0,2027,0,0.0,102700.0,102700.0,2700.0
3362,Colter Merritt,flat,100.0,100000.0,50000.0,1951,0,0.0,95100.0,95100.0,-4900.0
3363,Kaisley Little,flat,100.0,100000.0,50000.0,1987,0,0.0,98700.0,98700.0,-1300.0
3364,Lennox Valentine,flat,100.0,100000.0,50000.0,1911,0,0.0,91100.0,91100.0,-8900.0
3365,August Chung,flat,100.0,100000.0,50000.0,2031,0,0.0,103100.0,103100.0,3100.0
3366,Ira Whitaker,flat,100.0,100000.0,50000.0,2029,0,0.0,102900.0,102900.0,2900.0
3367,Ivanna Parra,flat,100.0,100000.0,50000.0,1906,0,0.0,90600.0,90600.0,-9400.0
3368,Davion Garza,flat,100.0,100000.0,50000.0,1873,0,0.0,87300.0,87300.0,-12700.0
3369,River Maynard,flat,100.0,100000.0,50000.0,1927,0,0.0,92700.0,92700.0,-7300.0
3370,Landry McMillan,flat,100.0,100000.0,50000.0,2023,0,0.0,102300.0,102300.0,2300.0
3371,Oakleigh Blackburn,flat,100.0,100000.0,50000.0,1988,0,0.0,98800.0,98800.0,-1200.0
3372,Zahir Holmes,flat,100.0,100000.0,50000.0,1994,0,0.0,99400.0,99400.0,-600.0
3373,Bailey Kaur,flat,100.0,100000.0,50000.0,1943,0,0.0,94300.0,94300.0,-5700.0
3374,Augustine Rasmussen,flat,100.0,100000.0,50000.0,1969,0,0.0,96900.0,96900.0,-3100.0
3375,Esperanza Wallace,flat,100.0,100000.0,50000.0,1950,0,0.0,95000.0,95000.0,-5000.0
3376,Chase Briggs,flat,100.0,100000.0,50000.0,1996,0,0.0,99600.0,99600.0,-400.0
3377,Alia Grant,flat,100.0,100000.0,50000.0,1964,0,0.0,96400.0,96400.0,-3600.0
3378,Leon May,flat,100.0,100000.0,50000.0,1887,0,0.0,88700.0,88700.0,-11300.0
3379,Adriana Dawson,flat,100.0,100000.0,50000.0,2013,0,0.0,101300.0,101300.0,1300.0
3380,Iker Franco,flat,100.0,100000.0,50000.0,1947,0,0.0,94700.0,94700.0,-5300.0
3381,Charleigh Willis,flat,100.0,100000.0,50000.0,1965,0,0.0,96500.0,96500.0,-3500.0
3382,Remington McKay,flat,100.0,100000.0,50000.0,1811,0,0.0,81100.0,81100.0,-18900.0
3383,Leanna Neal,flat,100.0,100000.0,50000.0,1894,0,0.0,89400.0,89400.0,-10600.0
3384,Kane Baldwin,flat,100.0,100000.0,50000.0,2001,0,0.0,100100.0,100100.0,100.0
3385,Esmeralda Terrell,flat,100.0,100000.0,50000.0,1924,0,0.0,92400.0,92400.0,-7600.0
3386,Jaxen Decker,flat,100.0,100000.0,50000.0,1970,0,0.0,97000.0,97000.0,-3000.0
3387,Aleena Cervantes,flat,100.0,100000.0,50000.0,1973,0,0.0,97300.0,97300.0,-2700.0
3388,Kamari Sierra,flat,100.0,100000.0,50000.0,1929,0,0.0,92900.0,92900.0,-7100.0
3389,Marceline Dunn,flat,100.0,100000.0,50000.0,1895,0,0.0,89500.0,89500.0,-10500.0
3390,Dawson Castaneda,flat,100.0,100000.0,50000.0,1979,0,0.0,97900.0,97900.0,-2100.0
3391,Keira Massey,flat,100.0,100000.0,50000.0,2035,0,0.0,103500.0,103500.0,3500.0
3392,Donald Marin,flat,100.0,100000.0,50000.0,1971,0,0.0,97100.0,97100.0,-2900.0
3393,Celia Hodges,flat,100.0,100000.0,50000.0,1954,0,0.0,95400.0,95400.0,-4600.0
3394,Alonzo Mosley,flat,100.0,100000.0,50000.0,1943,0,0.0,94300.0,94300.0,-5700.0
3395,Zaniyah Howard,flat,100.0,100000.0,50000.0,1961,0,0.0,96100.0,96100.0,-3900.0
3396,Jeremiah Pratt,flat,100.0,100000.0,50000.0,1926,0,0.0,92600.0,92600.0,-7400.0
3397,Ailani Chung,flat,100.0,100000.0,50000.0,1980,0,0.0,98000.0,98000.0,-2000.0
3398,Ira Reed,flat,100.0,100000.0,50000.0,1960,0,0.0,96000.0,96000.0,-4000.0
3399,Valentina Benjamin,flat,100.0,100000.0,50000.0,2005,0,0.0,100500.0,100500.0,500.0
3400,Kyro James,flat,100.0,100000.0,50000.0,1995,0,0.0,99500.0,99500.0,-500.0
3401,Quinn Waller,flat,100.0,100000.0,50000.0,1992,0,0.0,99200.0,99200.0,-800.0
3402,Marley Hampton,flat,100.0,100000.0,50000.0,1992,0,0.0,99200.0,99200.0,-800.0
3403,Leona Mathews,flat,100.0,100000.0,50000.0,1914,0,0.0,91400.0,91400.0,-8600.0
3404,Jamir Malone,flat,100.0,100000.0,50000.0,1975,0,0.0,97500.0,97500.0,-2500.0
3405,Skyler Hamilton,flat,100.0,100000.0,50000.0,1940,0,0.0,94000.0,94000.0,-6000.0
3406,Jason Arnold,flat,100.0,100000.0,50000.0,1999,0,0.0,99900.0,99900.0,-100.0
3407,Finley Vasquez,flat,100.0,100000.0,50000.0,1941,0,0.0,94100.0,94100.0,-5900.0
3408,Rowan Hudson,flat,100.0,100000.0,50000.0,1956,0,0.0,95600.0,95600.0,-4400.0
3409,Kamila Walsh,flat,100.0,100000.0,50000.0,1993,0,0.0,99300.0,99300.0,-700.0
3410,Bodhi Jensen,flat,100.0,100000.0,50000.0,1909,0,0.0,90900.0,90900.0,-9100.0
3411,Jane Tucker,flat,100.0,100000.0,50000.0,1925,0,0.0,92500.0,92500.0,-7500.0
3412,Ivan Benitez,flat,100.0,100000.0,50000.0,1949,0,0.0,94900.0,94900.0,-5100.0
3413,Aliza Hawkins,flat,100.0,100000.0,50000.0,1936,0,0.0,93600.0,93600.0,-6400.0
3414,Victor Stevenson,flat,100.0,100000.0,50000.0,1900,0,0.0,90000.0,90000.0,-10000.0
3415,Regina Bryan,flat,100.0,100000.0,50000.0,1988,0,0.0,98800.0,98800.0,-1200.0
3416,Jaxtyn Gibson,flat,100.0,100000.0,50000.0,1919,0,0.0,91900.0,91900.0,-8100.0
3417,Eden Mays,flat,100.0,100000.0,50000.0,1988,0,0.0,98800.0,98800.0,-1200.0
3418,Jadiel Shah,flat,100.0,100000.0,50000.0,1912,0,0.0,91200.0,91200.0,-8800.0
3419,Angelica Clayton,flat,100.0,100000.0,50000.0,1951,0,0.0,95100.0,95100.0,-4900.0
3420,Boston Randolph,flat,100.0,100000.0,50000.0,1978,0,0.0,97800.0,97800.0,-2200.0
3421,Kailey Conley,flat,100.0,100000.0,50000.0,2044,0,0.0,104400.0,104400.0,4400.0
3422,Marvin Beck,flat,100.0,100000.0,50000.0,1919,0,0.0,91900.0,91900.0,-8100.0
3423,Gia Stark,flat,100.0,100000.0,50000.0,1931,0,0.0,93100.0,93100.0,-6900.0
3424,Kristopher Travis,flat,100.0,100000.0,50000.0,1915,0,0.0,91500.0,91500.0,-8500.0
3425,Mazikee Landry,flat,100.0,100000.0,50000.0,1879,0,0.0,87900.0,87900.0,-12100.0
3426,Jaxx Randolph,flat,100.0,100000.0,50000.0,1943,0,0.0,94300.0,94300.0,-5700.0
3427,Kailey English,flat,100.0,100000.0,50000.0,1929,0,0.0,92900.0,92900.0,-7100.0
3428,Junior Stewart,flat,100.0,100000.0,50000.0,1956,0,0.0,95600.0,95600.0,-4400.0
3429,Maya Richard,flat,100.0,100000.0,50000.0,2070,0,0.0,107000.0,107000.0,7000.0
3430,Ahmed Cole,flat,100.0,100000.0,50000.0,2027,0,0.0,102700.0,102700.0,2700.0
3431,Margaret Daugherty,flat,100.0,100000.0,50000.0,1925,0,0.0,92500.0,92500.0,-7500.0
3432,Turner Meyer,flat,100.0,100000.0,50000.0,2020,0,0.0,102000.0,102000.0,2000.0
3433,Sara Roth,flat,100.0,100000.0,50000.0,1941,0,0.0,94100.0,94100.0,-5900.0
3434,Roy Livingston,flat,100.0,100000.0,50000.0,2016,0,0.0,101600.0,101600.0,1600.0
3435,Milena Ballard,flat,100.0,100000.0,50000.0,1895,0,0.0,89500.0,89500.0,-10500.0
3436,Kenzo Myers,flat,100.0,100000.0,50000.0,1945,0,0.0,94500.0,94500.0,-5500.0
3437,Lydia Greer,flat,100.0,100000.0,50000.0,1955,0,0.0,95500.0,95500.0,-4500.0
3438,Koda Baxter,flat,100.0,100000.0,50000.0,1918,0,0.0,91800.0,91800.0,-8200.0
3439,Lara May,flat,100.0,100000.0,50000.0,1980,0,0.0,98000.0,98000.0,-2000.0
3440,Finley Thomas,flat,100.0,100000.0,50000.0,1914,0,0.0,91400.0,91400.0,-8600.0
3441,Elizabeth Nunez,flat,100.0,100000.0,50000.0,1884,0,0.0,88400.0,88400.0,-11600.0
3442,Caden Bailey,flat,100.0,100000.0,50000.0,1979,0,0.0,97900.0,97900.0,-2100.0
3443,Kennedy Garza,flat,100.0,100000.0,50000.0,1929,0,0.0,92900.0,92900.0,-7100.0
3444,Judah Lee,flat,100.0,100000.0,50000.0,1933,0,0.0,93300.0,93300.0,-6700.0
3445,Scarlett Burton,flat,100.0,100000.0,50000.0,1927,0,0.0,92700.0,92700.0,-7300.0
3446,Zander McClure,flat,100.0,100000.0,50000.0,1951,0,0.0,95100.0,95100.0,-4900.0
3447,Estella Freeman,flat,100.0,100000.0,50000.0,1994,0,0.0,99400.0,99400.0,-600.0
3448,Jayce Meyer,flat,100.0,100000.0,50000.0,2008,0,0.0,100800.0,100800.0,800.0
3449,Sara Cohen,flat,100.0,100000.0,50000.0,1956,0,0.0,95600.0,95600.0,-4400.0
3450,Killian Velez,flat,100.0,100000.0,50000.0,1886,0,0.0,88600.0,88600.0,-11400.0
3451,Megan Ellison,flat,100.0,100000.0,50000.0,2030,0,0.0,103000.0,103000.0,3000.0
3452,Kye Carr,flat,100.0,100000.0,50000.0,1858,0,0.0,85800.0,85800.0,-14200.0
3453,Rowan Oliver,flat,100.0,100000.0,50000.0,1942,0,0.0,94200.0,94200.0,-5800.0
3454,Karson Ho,flat,100.0,100000.0,50000.0,1881,0,0.0,88100.0,88100.0,-11900.0
3455,Calliope McDonald,flat,100.0,100000.0,50000.0,1949,0,0.0,94900.0,94900.0,-5100.0
3456,Calvin Harmon,flat,100.0,100000.0,50000.0,1931,0,0.0,93100.0,93100.0,-6900.0
3457,Maren Patterson,flat,100.0,100000.0,50000.0,1957,0,0.0,95700.0,95700.0,-4300.0
3458,Amir Hayes,flat,100.0,100000.0,50000.0,1932,0,0.0,93200.0,93200.0,-6800.0
3459,Iris Gonzalez,flat,100.0,100000.0,50000.0,1956,0,0.0,95600.0,95600.0,-4400.0
3460,Ethan Gillespie,flat,100.0,100000.0,50000.0,1937,0,0.0,93700.0,93700.0,-6300.0
3461,Alianna Morrow,flat,100.0,100000.0,50000.0,1854,0,0.0,85400.0,85400.0,-14600.0
3462,Kyree Rosales,flat,100.0,100000.0,50000.0,1938,0,0.0,93800.0,93800.0,-6200.0
3463,Kinley Strickland,flat,100.0,100000.0,50000.0,1899,0,0.0,89900.0,89900.0,-10100.0
3464,Keegan Keith,flat,100.0,100000.0,50000.0,2019,0,0.0,101900.0,101900.0,1900.0
3465,Elyse Duarte,flat,100.0,100000.0,50000.0,1875,0,0.0,87500.0,87500.0,-12500.0
3466,Abdullah Briggs,flat,100.0,100000.0,50000.0,1969,0,0.0,96900.0,96900.0,-3100.0
3467,Alia McPherson,flat,100.0,100000.0,50000.0,1914,0,0.0,91400.0,91400.0,-8600.0
3468,Foster Terrell,flat,100.0,100000.0,50000.0,2004,0,0.0,100400.0,100400.0,400.0
3469,Paityn Pratt,flat,100.0,100000.0,50000.0,1951,0,0.0,95100.0,95100.0,-4900.0
3470,Rowen Palmer,flat,100.0,100000.0,50000.0,1984,0,0.0,98400.0,98400.0,-1600.0
3471,Juniper Reynolds,flat,100.0,100000.0,50000.0,2033,0,0.0,103300.0,103300.0,3300.0
3472,Vincent Wyatt,flat,100.0,100000.0,50000.0,1906,0,0.0,90600.0,90600.0,-9400.0
3473,Liberty McCullough,flat,100.0,100000.0,50000.0,1965,0,0.0,96500.0,96500.0,-3500.0
3474,Briar Glenn,flat,100.0,100000.0,50000.0,1976,0,0.0,97600.0,97600.0,-2400.0
3475,Blaire Odom,flat,100.0,100000.0,50000.0,1906,0,0.0,90600.0,90600.0,-9400.0
3476,Kylian Krueger,flat,100.0,100000.0,50000.0,1991,0,0.0,99100.0,99100.0,-900.0
3477,Kamari Ali,flat,100.0,100000.0,50000.0,1988,0,0.0,98800.0,98800.0,-1200.0
3478,Arjun Singleton,flat,100.0,100000.0,50000.0,2002,0,0.0,100200.0,100200.0,200.0
3479,Malaysia Austin,flat,100.0,100000.0,50000.0,1905,0,0.0,90500.0,90500.0,-9500.0
3480,Omar Huff,flat,100.0,100000.0,50000.0,1908,0,0.0,90800.0,90800.0,-9200.0
3481,Karsyn McConnell,flat,100.0,100000.0,50000.0,1880,0,0.0,88000.0,88000.0,-12000.0
3482,London Valenzuela,flat,100.0,100000.0,50000.0,1970,0,0.0,97000.0,97000.0,-3000.0
3483,Henley McCormick,flat,100.0,100000.0,50000.0,1980,0,0.0,98000.0,98000.0,-2000.0
3484,Jasiah Keith,flat,100.0,100000.0,50000.0,1932,0,0.0,93200.0,93200.0,-6800.0
3485,Elyse Potter,flat,100.0,100000.0,50000.0,1933,0,0.0,93300.0,93300.0,-6700.0
3486,Lucca Snyder,flat,100.0,100000.0,50000.0,1946,0,0.0,94600.0,94600.0,-5400.0
3487,Callie Perkins,flat,100.0,100000.0,50000.0,1910,0,0.0,91000.0,91000.0,-9000.0
3488,Kyrie Jones,flat,100.0,100000.0,50000.0,1893,0,0.0,89300.0,89300.0,-10700.0
3489,Sophia Sanchez,flat,100.0,100000.0,50000.0,1907,0,0.0,90700.0,90700.0,-9300.0
3490,Joseph Weaver,flat,100.0,100000.0,50000.0,1978,0,0.0,97800.0,97800.0,-2200.0
3491,Teagan Collier,flat,100.0,100000.0,50000.0,1928,0,0.0,92800.0,92800.0,-7200.0
3492,Edison Stephens,flat,100.0,100000.0,50000.0,1944,0,0.0,94400.0,94400.0,-5600.0
3493,Millie Quinn,flat,100.0,100000.0,50000.0,1872,0,0.0,87200.0,87200.0,-12800.0
3494,Rhys Underwood,flat,100.0,100000.0,50000.0,1931,0,0.0,93100.0,93100.0,-6900.0
3495,Ensley Saunders,flat,100.0,100000.0,50000.0,1935,0,0.0,93500.0,93500.0,-6500.0
3496,Kasen Reese,flat,100.0,100000.0,50000.0,1933,0,0.0,93300.0,93300.0,-6700.0
3497,Rosemary Wolfe,flat,100.0,100000.0,50000.0,2016,0,0.0,101600.0,101600.0,1600.0
3498,Donovan Alvarez,flat,100.0,100000.0,50000.0,1921,0,0.0,92100.0,92100.0,-7900.0
3499,Leilani McCullough,flat,100.0,100000.0,50000.0,1992,0,0.0,99200.0,99200.0,-800.0
3500,Briar Whitney,flat,100.0,100000.0,50000.0,1930,0,0.0,93000.0,93000.0,-7000.0
3501,Madalynn Graham,flat,100.0,100000.0,50000.0,1940,0,0.0,94000.0,94000.0,-6000.0
3502,Giovanni Adkins,flat,100.0,100000.0,50000.0,1930,0,0.0,93000.0,93000.0,-7000.0
3503,Emelia Schaefer,flat,100.0,100000.0,50000.0,1875,0,0.0,87500.0,87500.0,-12500.0
3504,Ishaan Spears,flat,100.0,100000.0,50000.0,1912,0,0.0,91200.0,91200.0,-8800.0
3505,Isabela Bauer,flat,100.0,100000.0,50000.0,1970,0,0.0,97000.0,97000.0,-3000.0
3506,Kieran Orozco,flat,100.0,100000.0,50000.0,1934,0,0.0,93400.0,93400.0,-6600.0
3507,Renata Wilcox,flat,100.0,100000.0,50000.0,1919,0,0.0,91900.0,91900.0,-8100.0
3508,Jerry Harper,flat,100.0,100000.0,50000.0,1961,0,0.0,96100.0,96100.0,-3900.0
3509,Ana Lawson,flat,100.0,100000.0,50000.0,1871,0,0.0,87100.0,87100.0,-12900.0
3510,Lane Acevedo,flat,100.0,100000.0,50000.0,1918,0,0.0,91800.0,91800.0,-8200.0
3511,Ashlynn Parker,flat,100.0,100000.0,50000.0,1973,0,0.0,97300.0,97300.0,-2700.0
3512,Caleb Pierce,flat,100.0,100000.0,50000.0,1939,0,0.0,93900.0,93900.0,-6100.0
3513,Arabella Shepard,flat,100.0,100000.0,50000.0,1928,0,0.0,92800.0,92800.0,-7200.0
3514,Damari Elliott,flat,100.0,100000.0,50000.0,1975,0,0.0,97500.0,97500.0,-2500.0
3515,Noelle Hurst,flat,100.0,100000.0,50000.0,1932,0,0.0,93200.0,93200.0,-6800.0
3516,Neil Rubio,flat,100.0,100000.0,50000.0,2051,0,0.0,105100.0,105100.0,5100.0
3517,Hadassah Miles,flat,100.0,100000.0,50000.0,1897,0,0.0,89700.0,89700.0,-10300.0
3518,Jared Gaines,flat,100.0,100000.0,50000.0,1964,0,0.0,96400.0,96400.0,-3600.0
3519,Aya Mitchell,flat,100.0,100000.0,50000.0,1933,0,0.0,93300.0,93300.0,-6700.0
3520,Jaxon Keith,flat,100.0,100000.0,50000.0,1923,0,0.0,92300.0,92300.0,-7700.0
3521,Elyse Vo,flat,100.0,100000.0,50000.0,1940,0,0.0,94000.0,94000.0,-6000.0
3522,Gordon Keith,flat,100.0,100000.0,50000.0,1917,0,0.0,91700.0,91700.0,-8300.0
3523,Elyse Fisher,flat,100.0,100000.0,50000.0,1899,0,0.0,89900.0,89900.0,-10100.0
3524,Gael Johns,flat,100.0,100000.0,50000.0,1921,0,0.0,92100.0,92100.0,-7900.0
3525,Giovanna Michael,flat,100.0,100000.0,50000.0,1963,0,0.0,96300.0,96300.0,-3700.0
3526,Bronson Young,flat,100.0,100000.0,50000.0,2004,0,0.0,100400.0,100400.0,400.0
3527,Zoey Wade,flat,100.0,100000.0,50000.0,1872,0,0.0,87200.0,87200.0,-12800.0
3528,Jake Villanueva,flat,100.0,100000.0,50000.0,1903,0,0.0,90300.0,90300.0,-9700.0
3529,Monroe Montoya,flat,100.0,100000.0,50000.0,1898,0,0.0,89800.0,89800.0,-10200.0
3530,Ford Harrison,flat,100.0,100000.0,50000.0,2008,0,0.0,100800.0,100800.0,800.0
3531,Jasmine Beck,flat,100.0,100000.0,50000.0,1923,0,0.0,92300.0,92300.0,-7700.0
3532,Eduardo Arroyo,flat,100.0,100000.0,50000.0,1938,0,0.0,93800.0,93800.0,-6200.0
3533,Kyra Keller,flat,100.0,100000.0,50000.0,1902,0,0.0,90200.0,90200.0,-9800.0
3534,Nico Sanford,flat,100.0,100000.0,50000.0,1902,0,0.0,90200.0,90200.0,-9800.0
3535,Emerald Davenport,flat,100.0,100000.0,50000.0,1914,0,0.0,91400.0,91400.0,-8600.0
3536,Dariel Phan,flat,100.0,100000.0,50000.0,1905,0,0.0,90500.0,90500.0,-9500.0
3537,Elsa Miles,flat,100.0,100000.0,50000.0,1897,0,0.0,89700.0,89700.0,-10300.0
3538,Jared Zhang,flat,100.0,100000.0,50000.0,1970,0,0.0,97000.0,97000.0,-3000.0
3539,Sarai Baldwin,flat,100.0,100000.0,50000.0,1981,0,0.0,98100.0,98100.0,-1900.0
3540,Jaiden Little,flat,100.0,100000.0,50000.0,1935,0,0.0,93500.0,93500.0,-6500.0
3541,Harley Parrish,flat,100.0,100000.0,50000.0,1975,0,0.0,97500.0,97500.0,-2500.0
3542,Karsyn Cobb,flat,100.0,100000.0,50000.0,1960,0,0.0,96000.0,96000.0,-4000.0
3543,Aviana York,flat,100.0,100000.0,50000.0,1929,0,0.0,92900.0,92900.0,-7100.0
3544,Leandro Hughes,flat,100.0,100000.0,50000.0,1873,0,0.0,87300.0,87300.0,-12700.0
3545,Samantha Best,flat,100.0,100000.0,50000.0,1968,0,0.0,96800.0,96800.0,-3200.0
3546,Harlem McCall,flat,100.0,100000.0,50000.0,1915,0,0.0,91500.0,91500.0,-8500.0
3547,Kai Beltran,flat,100.0,100000.0,50000.0,1962,0,0.0,96200.0,96200.0,-3800.0
3548,Ricky Stein,flat,100.0,100000.0,50000.0,1929,0,0.0,92900.0,92900.0,-7100.0
3549,Leilany Schneider,flat,100.0,100000.0,50000.0,1950,0,0.0,95000.0,95000.0,-5000.0
3550,Raymond Bennett,flat,100.0,100000.0,50000.0,1964,0,0.0,96400.0,96400.0,-3600.0
3551,Josephine Mann,flat,100.0,100000.0,50000.0,1864,0,0.0,86400.0,86400.0,-13600.0
3552,Nehemiah Hale,flat,100.0,100000.0,50000.0,1901,0,0.0,90100.0,90100.0,-9900.0
3553,Brinley Stevenson,flat,100.0,100000.0,50000.0,1989,0,0.0,98900.0,98900.0,-1100.0
3554,Callan Hamilton,flat,100.0,100000.0,50000.0,1891,0,0.0,89100.0,89100.0,-10900.0
3555,Mackenzie Vang,flat,100.0,100000.0,50000.0,1934,0,0.0,93400.0,93400.0,-6600.0
3556,Jimmy Day,flat,100.0,100000.0,50000.0,1923,0,0.0,92300.0,92300.0,-7700.0
3557,Hayden Johnston,flat,100.0,100000.0,50000.0,1960,0,0.0,96000.0,96000.0,-4000.0
3558,Felix Enriquez,flat,100.0,100000.0,50000.0,1957,0,0.0,95700.0,95700.0,-4300.0
3559,Nellie Powers,flat,100.0,100000.0,50000.0,1993,0,0.0,99300.0,99300.0,-700.0
3560,Sean Morrison,flat,100.0,100000.0,50000.0,1881,0,0.0,88100.0,88100.0,-11900.0
3561,Rebecca Beck,flat,100.0,100000.0,50000.0,1920,0,0.0,92000.0,92000.0,-8000.0
3562,Eduardo Parra,flat,100.0,100000.0,50000.0,1916,0,0.0,91600.0,91600.0,-8400.0
3563,Dalary Pope,flat,100.0,100000.0,50000.0,1867,0,0.0,86700.0,86700.0,-13300.0
3564,Gunnar White,flat,100.0,100000.0,50000.0,2011,0,0.0,101100.0,101100.0,1100.0
3565,Layla Wolf,flat,100.0,100000.0,50000.0,1871,0,0.0,87100.0,87100.0,-12900.0
3566,Jase Blankenship,flat,100.0,100000.0,50000.0,1970,0,0.0,97000.0,97000.0,-3000.0
3567,Rosalee Dunlap,flat,100.0,100000.0,50000.0,1947,0,0.0,94700.0,94700.0,-5300.0
3568,Aries Finley,flat,100.0,100000.0,50000.0,1984,0,0.0,98400.0,98400.0,-1600.0
3569,Jovie Webb,flat,100.0,100000.0,50000.0,2010,0,0.0,101000.0,101000.0,1000.0
3570,Lorenzo Duke,flat,100.0,100000.0,50000.0,1937,0,0.0,93700.0,93700.0,-6300.0
3571,Melani Roy,flat,100.0,100000.0,50000.0,1931,0,0.0,93100.0,93100.0,-6900.0
3572,Marcelo Snow,flat,100.0,100000.0,50000.0,1918,0,0.0,91800.0,91800.0,-8200.0
3573,Alexia Cunningham,flat,100.0,100000.0,50000.0,1936,0,0.0,93600.0,93600.0,-6400.0
3574,Alejandro Cole,flat,100.0,100000.0,50000.0,1954,0,0.0,95400.0,95400.0,-4600.0
3575,Margaret Hahn,flat,100.0,100000.0,50000.0,1963,0,0.0,96300.0,96300.0,-3700.0
3576,Kabir Hunter,flat,100.0,100000.0,50000.0,1927,0,0.0,92700.0,92700.0,-7300.0
3577,Khloe Cano,flat,100.0,100000.0,50000.0,1956,0,0.0,95600.0,95600.0,-4400.0
3578,Terry Galindo,flat,100.0,100000.0,50000.0,2016,0,0.0,101600.0,101600.0,1600.0
3579,Corinne Sweeney,flat,100.0,100000.0,50000.0,1883,0,0.0,88300.0,88300.0,-11700.0
3580,Nixon Sheppard,flat,100.0,100000.0,50000.0,2038,0,0.0,103800.0,103800.0,3800.0
3581,Veda Robertson,flat,100.0,100000.0,50000.0,2026,0,0.0,102600.0,102600.0,2600.0
3582,Emiliano Haley,flat,100.0,100000.0,50000.0,1985,0,0.0,98500.0,98500.0,-1500.0
3583,Addilynn Conrad,flat,100.0,100000.0,50000.0,1960,0,0.0,96000.0,96000.0,-4000.0
3584,Dilan Koch,flat,100.0,100000.0,50000.0,1968,0,0.0,96800.0,96800.0,-3200.0
3585,Milana Sanford,flat,100.0,100000.0,50000.0,1902,0,0.0,90200.0,90200.0,-9800.0
3586,Truett Trujillo,flat,100.0,100000.0,50000.0,1990,0,0.0,99000.0,99000.0,-1000.0
3587,Danielle Huffman,flat,100.0,100000.0,50000.0,1956,0,0.0,95600.0,95600.0,-4400.0
3588,Chris Drake,flat,100.0,100000.0,50000.0,1915,0,0.0,91500.0,91500.0,-8500.0
3589,Jayleen Clarke,flat,100.0,100000.0,50000.0,1972,0,0.0,97200.0,97200.0,-2800.0
3590,Stetson Russell,flat,100.0,100000.0,50000.0,1929,0,0.0,92900.0,92900.0,-7100.0
3591,Raelynn Hughes,flat,100.0,100000.0,50000.0,1969,0,0.0,96900.0,96900.0,-3100.0
3592,Everett Jacobson,flat,100.0,100000.0,50000.0,1961,0,0.0,96100.0,96100.0,-3900.0
3593,Royal Solomon,flat,100.0,100000.0,50000.0,1910,0,0.0,91000.0,91000.0,-9000.0
3594,Musa Morrow,flat,100.0,100000.0,50000.0,1911,0,0.0,91100.0,91100.0,-8900.0
3595,Reyna Lynch,flat,100.0,100000.0,50000.0,1944,0,0.0,94400.0,94400.0,-5600.0
3596,Zane Li,flat,100.0,100000.0,50000.0,1935,0,0.0,93500.0,93500.0,-6500.0
3597,Paige Ramirez,flat,100.0,100000.0,50000.0,1959,0,0.0,95900.0,95900.0,-4100.0
3598,David Reyna,flat,100.0,100000.0,50000.0,1925,0,0.0,92500.0,92500.0,-7500.0
3599,Luella Gregory,flat,100.0,100000.0,50000.0,2023,0,0.0,102300.0,102300.0,2300.0
3600,Travis Cline,flat,100.0,100000.0,50000.0,1947,0,0.0,94700.0,94700.0,-5300.0
3601,Lina Sosa,flat,100.0,100000.0,50000.0,1914,0,0.0,91400.0,91400.0,-8600.0
3602,Emir Contreras,flat,100.0,100000.0,50000.0,1981,0,0.0,98100.0,98100.0,-1900.0
3603,Daniela Malone,flat,100.0,100000.0,50000.0,1962,0,0.0,96200.0,96200.0,-3800.0
3604,Ruben Arias,flat,100.0,100000.0,50000.0,1904,0,0.0,90400.0,90400.0,-9600.0
3605,Aleah Valenzuela,flat,100.0,100000.0,50000.0,1920,0,0.0,92000.0,92000.0,-8000.0
3606,Jamari Gutierrez,flat,100.0,100000.0,50000.0,1925,0,0.0,92500.0,92500.0,-7500.0
3607,Savannah Hayden,flat,100.0,100000.0,50000.0,1922,0,0.0,92200.0,92200.0,-7800.0
3608,Leroy Bush,flat,100.0,100000.0,50000.0,1990,0,0.0,99000.0,99000.0,-1000.0
3609,Everlee Case,flat,100.0,100000.0,50000.0,1923,0,0.0,92300.0,92300.0,-7700.0
3610,Bentlee Richardson,flat,100.0,100000.0,50000.0,2013,0,0.0,101300.0,101300.0,1300.0
3611,Allison Marin,flat,100.0,100000.0,50000.0,1934,0,0.0,93400.0,93400.0,-6600.0
3612,Aldo Lara,flat,100.0,100000.0,50000.0,1983,0,0.0,98300.0,98300.0,-1700.0
3613,Heidi Black,flat,100.0,100000.0,50000.0,1953,0,0.0,95300.0,95300.0,-4700.0
3614,Matteo Taylor,flat,100.0,100000.0,50000.0,1956,0,0.0,95600.0,95600.0,-4400.0
3615,Sofia Stevenson,flat,100.0,100000.0,50000.0,1908,0,0.0,90800.0,90800.0,-9200.0
3616,Callan Burns,flat,100.0,100000.0,50000.0,1944,0,0.0,94400.0,94400.0,-5600.0
3617,Emerson Castillo,flat,100.0,100000.0,50000.0,1930,0,0.0,93000.0,93000.0,-7000.0
3618,Kai Archer,flat,100.0,100000.0,50000.0,1897,0,0.0,89700.0,89700.0,-10300.0
3619,Kadence Gray,flat,100.0,100000.0,50000.0,2010,0,0.0,101000.0,101000.0,1000.0
3620,Nicholas Stewart,flat,100.0,100000.0,50000.0,1993,0,0.0,99300.0,99300.0,-700.0
3621,Maya Giles,flat,100.0,100000.0,50000.0,1949,0,0.0,94900.0,94900.0,-5100.0
3622,Kole Newton,flat,100.0,100000.0,50000.0,1860,0,0.0,86000.0,86000.0,-14000.0
3623,Braelynn McMillan,flat,100.0,100000.0,50000.0,1926,0,0.0,92600.0,92600.0,-7400.0
3624,Rocky Ward,flat,100.0,100000.0,50000.0,1963,0,0.0,96300.0,96300.0,-3700.0
3625,Ariana Kirk,flat,100.0,100000.0,50000.0,1927,0,0.0,92700.0,92700.0,-7300.0
3626,Alessandro Hodge,flat,100.0,100000.0,50000.0,1954,0,0.0,95400.0,95400.0,-4600.0
3627,Coraline Nolan,flat,100.0,100000.0,50000.0,1912,0,0.0,91200.0,91200.0,-8800.0
3628,Maximo Mays,flat,100.0,100000.0,50000.0,1967,0,0.0,96700.0,96700.0,-3300.0
3629,Denisse Parker,flat,100.0,100000.0,50000.0,2050,0,0.0,105000.0,105000.0,5000.0
3630,Caleb Yoder,flat,100.0,100000.0,50000.0,1903,0,0.0,90300.0,90300.0,-9700.0
3631,Emerie Ventura,flat,100.0,100000.0,50000.0,1881,0,0.0,88100.0,88100.0,-11900.0
3632,Branson Lowery,flat,100.0,100000.0,50000.0,1981,0,0.0,98100.0,98100.0,-1900.0
3633,Estelle Waller,flat,100.0,100000.0,50000.0,1937,0,0.0,93700.0,93700.0,-6300.0
3634,Marley Henderson,flat,100.0,100000.0,50000.0,1905,0,0.0,90500.0,90500.0,-9500.0
3635,Maria Henry,flat,100.0,100000.0,50000.0,1923,0,0.0,92300.0,92300.0,-7700.0
3636,Carlos David,flat,100.0,100000.0,50000.0,1938,0,0.0,93800.0,93800.0,-6200.0
3637,Haylee Bowman,flat,100.0,100000.0,50000.0,1913,0,0.0,91300.0,91300.0,-8700.0
3638,Francisco Chang,flat,100.0,100000.0,50000.0,1885,0,0.0,88500.0,88500.0,-11500.0
3639,Ophelia Christian,flat,100.0,100000.0,50000.0,1916,0,0.0,91600.0,91600.0,-8400.0
3640,Ledger Flores,flat,100.0,100000.0,50000.0,1982,0,0.0,98200.0,98200.0,-1800.0
3641,Emilia Hammond,flat,100.0,100000.0,50000.0,1880,0,0.0,88000.0,88000.0,-12000.0
3642,Francis Steele,flat,100.0,100000.0,50000.0,1983,0,0.0,98300.0,98300.0,-1700.0
3643,Rylie Sparks,flat,100.0,100000.0,50000.0,1890,0,0.0,89000.0,89000.0,-11000.0
3644,Drake Woods,flat,100.0,100000.0,50000.0,1916,0,0.0,91600.0,91600.0,-8400.0
3645,Reese Phillips,flat,100.0,100000.0,50000.0,1936,0,0.0,93600.0,93600.0,-6400.0
3646,Andrew Lee,flat,100.0,100000.0,50000.0,2019,0,0.0,101900.0,101900.0,1900.0
3647,Scarlett Marshall,flat,100.0,100000.0,50000.0,1982,0,0.0,98200.0,98200.0,-1800.0
3648,Kaiden Velazquez,flat,100.0,100000.0,50000.0,2018,0,0.0,101800.0,101800.0,1800.0
3649,Jaliyah Leach,flat,100.0,100000.0,50000.0,1972,0,0.0,97200.0,97200.0,-2800.0
3650,Westin Moss,flat,100.0,100000.0,50000.0,1942,0,0.0,94200.0,94200.0,-5800.0
3651,Bianca McKee,flat,100.0,100000.0,50000.0,1922,0,0.0,92200.0,92200.0,-7800.0
3652,Bjorn Figueroa,flat,100.0,100000.0,50000.0,1988,0,0.0,98800.0,98800.0,-1200.0
3653,Lilith Jackson,flat,100.0,100000.0,50000.0,1959,0,0.0,95900.0,95900.0,-4100.0
3654,Sebastian Lozano,flat,100.0,100000.0,50000.0,1931,0,0.0,93100.0,93100.0,-6900.0
3655,Cecelia Arellano,flat,100.0,100000.0,50000.0,1983,0,0.0,98300.0,98300.0,-1700.0
3656,Kellan King,flat,100.0,100000.0,50000.0,1838,0,0.0,83800.0,83800.0,-16200.0
3657,Victoria Macias,flat,100.0,100000.0,50000.0,1975,0,0.0,97500.0,97500.0,-2500.0
3658,Moshe Deleon,flat,100.0,100000.0,50000.0,1906,0,0.0,90600.0,90600.0,-9400.0
3659,Gabrielle O’brien,flat,100.0,100000.0,50000.0,1938,0,0.0,93800.0,93800.0,-6200.0
3660,Riley Villanueva,flat,100.0,100000.0,50000.0,1925,0,0.0,92500.0,92500.0,-7500.0
3661,Monroe Boyer,flat,100.0,100000.0,50000.0,1955,0,0.0,95500.0,95500.0,-4500.0
3662,Zeke Moon,flat,100.0,100000.0,50000.0,1855,0,0.0,85500.0,85500.0,-14500.0
3663,Naya Copeland,flat,100.0,100000.0,50000.0,1946,0,0.0,94600.0,94600.0,-5400.0
3664,Axton Burton,flat,100.0,100000.0,50000.0,1889,0,0.0,88900.0,88900.0,-11100.0
3665,Miriam Pitts,flat,100.0,100000.0,50000.0,1945,0,0.0,94500.0,94500.0,-5500.0
3666,Trey Peck,flat,100.0,100000.0,50000.0,1899,0,0.0,89900.0,89900.0,-10100.0
3667,Crystal Fox,flat,100.0,100000.0,50000.0,1976,0,0.0,97600.0,97600.0,-2400.0
3668,Antonio Giles,flat,100.0,100000.0,50000.0,1940,0,0.0,94000.0,94000.0,-6000.0
3669,Bailee Figueroa,flat,100.0,100000.0,50000.0,1915,0,0.0,91500.0,91500.0,-8500.0
3670,Spencer Woodard,flat,100.0,100000.0,50000.0,2010,0,0.0,101000.0,101000.0,1000.0
3671,Aubrie Tang,flat,100.0,100000.0,50000.0,1980,0,0.0,98000.0,98000.0,-2000.0
3672,Rogelio Summers,flat,100.0,100000.0,50000.0,1946,0,0.0,94600.0,94600.0,-5400.0
3673,Frankie Santiago,flat,100.0,100000.0,50000.0,1975,0,0.0,97500.0,97500.0,-2500.0
3674,Beckham McDonald,flat,100.0,100000.0,50000.0,1927,0,0.0,92700.0,92700.0,-7300.0
3675,Daisy Acosta,flat,100.0,100000.0,50000.0,1937,0,0.0,93700.0,93700.0,-6300.0
3676,Jensen Berry,flat,100.0,100000.0,50000.0,1986,0,0.0,98600.0,98600.0,-1400.0
3677,Annabelle Acosta,flat,100.0,100000.0,50000.0,1945,0,0.0,94500.0,94500.0,-5500.0
3678,Jensen McMahon,flat,100.0,100000.0,50000.0,1944,0,0.0,94400.0,94400.0,-5600.0
3679,Belen Stuart,flat,100.0,100000.0,50000.0,1969,0,0.0,96900.0,96900.0,-3100.0
3680,Dion Mann,flat,100.0,100000.0,50000.0,1956,0,0.0,95600.0,95600.0,-4400.0
3681,Paislee McKay,flat,100.0,100000.0,50000.0,1974,0,0.0,97400.0,97400.0,-2600.0
3682,Joey Villegas,flat,100.0,100000.0,50000.0,1950,0,0.0,95000.0,95000.0,-5000.0
3683,Jessie Rodriguez,flat,100.0,100000.0,50000.0,2046,0,0.0,104600.0,104600.0,4600.0
3684,Henry Good,flat,100.0,100000.0,50000.0,1955,0,0.0,95500.0,95500.0,-4500.0
3685,Nathalia Christensen,flat,100.0,100000.0,50000.0,2008,0,0.0,100800.0,100800.0,800.0
3686,Gregory Choi,flat,100.0,100000.0,50000.0,1900,0,0.0,90000.0,90000.0,-10000.0
3687,Karla Robbins,flat,100.0,100000.0,50000.0,1824,0,0.0,82400.0,82400.0,-17600.0
3688,Finnegan Schmitt,flat,100.0,100000.0,50000.0,1955,0,0.0,95500.0,95500.0,-4500.0
3689,Queen Bowers,flat,100.0,100000.0,50000.0,1917,0,0.0,91700.0,91700.0,-8300.0
3690,Dorian Ahmed,flat,100.0,100000.0,50000.0,1933,0,0.0,93300.0,93300.0,-6700.0
3691,Jolie Santos,flat,100.0,100000.0,50000.0,2064,0,0.0,106400.0,106400.0,6400.0
3692,Walker Barron,flat,100.0,100000.0,50000.0,2018,0,0.0,101800.0,101800.0,1800.0
3693,Anya Clayton,flat,100.0,100000.0,50000.0,2016,0,0.0,101600.0,101600.0,1600.0
3694,Boston Choi,flat,100.0,100000.0,50000.0,1938,0,0.0,93800.0,93800.0,-6200.0
3695,Karla Shepherd,flat,100.0,100000.0,50000.0,1969,0,0.0,96900.0,96900.0,-3100.0
3696,Ronald Morris,flat,100.0,100000.0,50000.0,1947,0,0.0,94700.0,94700.0,-5300.0
3697,Genesis Estrada,flat,100.0,100000.0,50000.0,1923,0,0.0,92300.0,92300.0,-7700.0
3698,Phoenix Brewer,flat,100.0,100000.0,50000.0,1978,0,0.0,97800.0,97800.0,-2200.0
3699,Thea Richards,flat,100.0,100000.0,50000.0,1971,0,0.0,97100.0,97100.0,-2900.0
3700,Holden Garrett,flat,100.0,100000.0,50000.0,1865,0,0.0,86500.0,86500.0,-13500.0
3701,Tessa Dorsey,flat,100.0,100000.0,50000.0,1956,0,0.0,95600.0,95600.0,-4400.0
3702,Enoch Jensen,flat,100.0,100000.0,50000.0,1920,0,0.0,92000.0,92000.0,-8000.0
3703,Jane Wilkinson,flat,100.0,100000.0,50000.0,1935,0,0.0,93500.0,93500.0,-6500.0
3704,Leonard McCarthy,flat,100.0,100000.0,50000.0,1913,0,0.0,91300.0,91300.0,-8700.0
3705,Kira Guzman,flat,100.0,100000.0,50000.0,1991,0,0.0,99100.0,99100.0,-900.0
3706,Jude Yu,flat,100.0,100000.0,50000.0,1962,0,0.0,96200.0,96200.0,-3800.0
3707,Navy Olsen,flat,100.0,100000.0,50000.0,1989,0,0.0,98900.0,98900.0,-1100.0
3708,Skyler Martinez,flat,100.0,100000.0,50000.0,1932,0,0.0,93200.0,93200.0,-6800.0
3709,Harper Blake,flat,100.0,100000.0,50000.0,2002,0,0.0,100200.0,100200.0,200.0
3710,Zyaire Armstrong,flat,100.0,100000.0,50000.0,1962,0,0.0,96200.0,96200.0,-3800.0
3711,Presley Stone,flat,100.0,100000.0,50000.0,1898,0,0.0,89800.0,89800.0,-10200.0
3712,Finn Vo,flat,100.0,100000.0,50000.0,1981,0,0.0,98100.0,98100.0,-1900.0
3713,Artemis Livingston,flat,100.0,100000.0,50000.0,2009,0,0.0,100900.0,100900.0,900.0
3714,Ambrose Robinson,flat,100.0,100000.0,50000.0,2056,0,0.0,105600.0,105600.0,5600.0
3715,Nora Gould,flat,100.0,100000.0,50000.0,1918,0,0.0,91800.0,91800.0,-8200.0
3716,Blaine Mason,flat,100.0,100000.0,50000.0,1995,0,0.0,99500.0,99500.0,-500.0
3717,Sienna Valenzuela,flat,100.0,100000.0,50000.0,1938,0,0.0,93800.0,93800.0,-6200.0
3718,Jamari Harrison,flat,100.0,100000.0,50000.0,1938,0,0.0,93800.0,93800.0,-6200.0
3719,Jasmine Gentry,flat,100.0,100000.0,50000.0,1943,0,0.0,94300.0,94300.0,-5700.0
3720,Magnus Walters,flat,100.0,100000.0,50000.0,1934,0,0.0,93400.0,93400.0,-6600.0
3721,Samara Reynolds,flat,100.0,100000.0,50000.0,1943,0,0.0,94300.0,94300.0,-5700.0
3722,Vincent Thomas,flat,100.0,100000.0,50000.0,1994,0,0.0,99400.0,99400.0,-600.0
3723,Elizabeth Chapman,flat,100.0,100000.0,50000.0,1963,0,0.0,96300.0,96300.0,-3700.0
3724,Knox Rosales,flat,100.0,100000.0,50000.0,1938,0,0.0,93800.0,93800.0,-6200.0
3725,Kinley Randolph,flat,100.0,100000.0,50000.0,1898,0,0.0,89800.0,89800.0,-10200.0
3726,Eugene Hicks,flat,100.0,100000.0,50000.0,1935,0,0.0,93500.0,93500.0,-6500.0
3727,Alina Reynolds,flat,100.0,100000.0,50000.0,2028,0,0.0,102800.0,102800.0,2800.0
3728,Vincent McGee,flat,100.0,100000.0,50000.0,1950,0,0.0,95000.0,95000.0,-5000.0
3729,Kayleigh Hahn,flat,100.0,100000.0,50000.0,2026,0,0.0,102600.0,102600.0,2600.0
3730,Kabir Mitchell,flat,100.0,100000.0,50000.0,1984,0,0.0,98400.0,98400.0,-1600.0
3731,Willow Koch,flat,100.0,100000.0,50000.0,1942,0,0.0,94200.0,94200.0,-5800.0
3732,Salvador Hardy,flat,100.0,100000.0,50000.0,1937,0,0.0,93700.0,93700.0,-6300.0
3733,Jessica Vargas,flat,100.0,100000.0,50000.0,1974,0,0.0,97400.0,97400.0,-2600.0
3734,Ryker Booth,flat,100.0,100000.0,50000.0,1957,0,0.0,95700.0,95700.0,-4300.0
3735,Zariyah Nguyen,flat,100.0,100000.0,50000.0,2002,0,0.0,100200.0,100200.0,200.0
3736,Gabriel Magana,flat,100.0,100000.0,50000.0,1928,0,0.0,92800.0,92800.0,-7200.0
3737,Amaris Howard,flat,100.0,100000.0,50000.0,1958,0,0.0,95800.0,95800.0,-4200.0
3738,Jeremiah Curtis,flat,100.0,100000.0,50000.0,1928,0,0.0,92800.0,92800.0,-7200.0
3739,Alexis Carson,flat,100.0,100000.0,50000.0,2004,0,0.0,100400.0,100400.0,400.0
3740,Ares Gutierrez,flat,100.0,100000.0,50000.0,1996,0,0.0,99600.0,99600.0,-400.0
3741,Savannah Fields,flat,100.0,100000.0,50000.0,1913,0,0.0,91300.0,91300.0,-8700.0
3742,Clayton Michael,flat,100.0,100000.0,50000.0,1937,0,0.0,93700.0,93700.0,-6300.0
3743,Aubriella Miller,flat,100.0,100000.0,50000.0,1986,0,0.0,98600.0,98600.0,-1400.0
3744,Benjamin Watson,flat,100.0,100000.0,50000.0,1987,0,0.0,98700.0,98700.0,-1300.0
3745,Hailey Welch,flat,100.0,100000.0,50000.0,1919,0,0.0,91900.0,91900.0,-8100.0
3746,Hendrix Li,flat,100.0,100000.0,50000.0,1942,0,0.0,94200.0,94200.0,-5800.0
3747,Paige Coffey,flat,100.0,100000.0,50000.0,1906,0,0.0,90600.0,90600.0,-9400.0
3748,Kody Palacios,flat,100.0,100000.0,50000.0,1983,0,0.0,98300.0,98300.0,-1700.0
3749,Bria Warren,flat,100.0,100000.0,50000.0,1923,0,0.0,92300.0,92300.0,-7700.0
3750,Abel Sosa,flat,100.0,100000.0,50000.0,1969,0,0.0,96900.0,96900.0,-3100.0
3751,Cassandra Benitez,flat,100.0,100000.0,50000.0,1933,0,0.0,93300.0,93300.0,-6700.0
3752,Justice Gutierrez,flat,100.0,100000.0,50000.0,1958,0,0.0,95800.0,95800.0,-4200.0
3753,Savannah Shields,flat,100.0,100000.0,50000.0,1876,0,0.0,87600.0,87600.0,-12400.0
3754,Devon Schmidt,flat,100.0,100000.0,50000.0,1948,0,0.0,94800.0,94800.0,-5200.0
3755,Kimberly Reese,flat,100.0,100000.0,50000.0,1877,0,0.0,87700.0,87700.0,-12300.0
3756,Alijah Pearson,flat,100.0,100000.0,50000.0,1933,0,0.0,93300.0,93300.0,-6700.0
3757,Kiara Mora,flat,100.0,100000.0,50000.0,1966,0,0.0,96600.0,96600.0,-3400.0
3758,Arturo Friedman,flat,100.0,100000.0,50000.0,1993,0,0.0,99300.0,99300.0,-700.0
3759,Aspyn Gaines,flat,100.0,100000.0,50000.0,2002,0,0.0,100200.0,100200.0,200.0
3760,Talon Perez,flat,100.0,100000.0,50000.0,1976,0,0.0,97600.0,97600.0,-2400.0
3761,Eleanor Hendricks,flat,100.0,100000.0,50000.0,2003,0,0.0,100300.0,100300.0,300.0
3762,Dash Mahoney,flat,100.0,100000.0,50000.0,1938,0,0.0,93800.0,93800.0,-6200.0
3763,Promise Griffith,flat,100.0,100000.0,50000.0,1903,0,0.0,90300.0,90300.0,-9700.0
3764,Franklin Atkins,flat,100.0,100000.0,50000.0,1912,0,0.0,91200.0,91200.0,-8800.0
3765,Mina Middleton,flat,100.0,100000.0,50000.0,1961,0,0.0,96100.0,96100.0,-3900.0
3766,Misael Person,flat,100.0,100000.0,50000.0,2018,0,0.0,101800.0,101800.0,1800.0
3767,Dylan Warren,flat,100.0,100000.0,50000.0,1913,0,0.0,91300.0,91300.0,-8700.0
3768,Abel Barnes,flat,100.0,100000.0,50000.0,1947,0,0.0,94700.0,94700.0,-5300.0
3769,Liliana Wells,flat,100.0,100000.0,50000.0,2031,0,0.0,103100.0,103100.0,3100.0
3770,Max McDonald,flat,100.0,100000.0,50000.0,1915,0,0.0,91500.0,91500.0,-8500.0
3771,Daisy Gallegos,flat,100.0,100000.0,50000.0,1896,0,0.0,89600.0,89600.0,-10400.0
3772,Jonas Phan,flat,100.0,100000.0,50000.0,1902,0,0.0,90200.0,90200.0,-9800.0
3773,Elsa Valentine,flat,100.0,100000.0,50000.0,1993,0,0.0,99300.0,99300.0,-700.0
3774,Demetrius Chung,flat,100.0,100000.0,50000.0,1941,0,0.0,94100.0,94100.0,-5900.0
3775,Rivka Crane,flat,100.0,100000.0,50000.0,2007,0,0.0,100700.0,100700.0,700.0
3776,Fox Villegas,flat,100.0,100000.0,50000.0,1934,0,0.0,93400.0,93400.0,-6600.0
3777,Jessie McMahon,flat,100.0,100000.0,50000.0,1916,0,0.0,91600.0,91600.0,-8400.0
3778,Jakob Collins,flat,100.0,100000.0,50000.0,1988,0,0.0,98800.0,98800.0,-1200.0
3779,Kinsley Buchanan,flat,100.0,100000.0,50000.0,1960,0,0.0,96000.0,96000.0,-4000.0
3780,Enrique Lee,flat,100.0,100000.0,50000.0,2028,0,0.0,102800.0,102800.0,2800.0
3781,Scarlett Mann,flat,100.0,100000.0,50000.0,1970,0,0.0,97000.0,97000.0,-3000.0
3782,Nehemiah Humphrey,flat,100.0,100000.0,50000.0,1964,0,0.0,96400.0,96400.0,-3600.0
3783,Journi Ponce,flat,100.0,100000.0,50000.0,1968,0,0.0,96800.0,96800.0,-3200.0
3784,Langston Stark,flat,100.0,100000.0,50000.0,2003,0,0.0,100300.0,100300.0,300.0
3785,Kamilah Grant,flat,100.0,100000.0,50000.0,2000,0,0.0,100000.0,100000.0,0.0
3786,Leon Bowman,flat,100.0,100000.0,50000.0,1983,0,0.0,98300.0,98300.0,-1700.0
3787,Fiona Dejesus,flat,100.0,100000.0,50000.0,1978,0,0.0,97800.0,97800.0,-2200.0
3788,Rio Fleming,flat,100.0,100000.0,50000.0,1968,0,0.0,96800.0,96800.0,-3200.0
3789,Fatima Randall,flat,100.0,100000.0,50000.0,1931,0,0.0,93100.0,93100.0,-6900.0
3790,Trenton Estes,flat,100.0,100000.0,50000.0,1879,0,0.0,87900.0,87900.0,-12100.0
3791,Brittany Carson,flat,100.0,100000.0,50000.0,1922,0,0.0,92200.0,92200.0,-7800.0
3792,Ares Rich,flat,100.0,100000.0,50000.0,1990,0,0.0,99000.0,99000.0,-1000.0
3793,Sunny Gilbert,flat,100.0,100000.0,50000.0,1876,0,0.0,87600.0,87600.0,-12400.0
3794,Tobias Wagner,flat,100.0,100000.0,50000.0,1966,0,0.0,96600.0,96600.0,-3400.0
3795,Maeve Hodge,flat,100.0,100000.0,50000.0,2063,0,0.0,106300.0,106300.0,6300.0
3796,Reign Wells,flat,100.0,100000.0,50000.0,1962,0,0.0,96200.0,96200.0,-3800.0
3797,Cecilia Harding,flat,100.0,100000.0,50000.0,2046,0,0.0,104600.0,104600.0,4600.0
3798,Brodie Conley,flat,100.0,100000.0,50000.0,2024,0,0.0,102400.0,102400.0,2400.0
3799,Salem Alvarez,flat,100.0,100000.0,50000.0,1983,0,0.0,98300.0,98300.0,-1700.0
3800,Xavier Cochran,flat,100.0,100000.0,50000.0,1995,0,0.0,99500.0,99500.0,-500.0
3801,Alma Payne,flat,100.0,100000.0,50000.0,1933,0,0.0,93300.0,93300.0,-6700.0
3802,Edward Boyd,flat,100.0,100000.0,50000.0,2007,0,0.0,100700.0,100700.0,700.0
3803,Georgia Sheppard,flat,100.0,100000.0,50000.0,1989,0,0.0,98900.0,98900.0,-1100.0
3804,Trent Mack,flat,100.0,100000.0,50000.0,2006,0,0.0,100600.0,100600.0,600.0
3805,Nadia Salinas,flat,100.0,100000.0,50000.0,1964,0,0.0,96400.0,96400.0,-3600.0
3806,Edgar Sims,flat,100.0,100000.0,50000.0,1931,0,0.0,93100.0,93100.0,-6900.0
3807,Lena Marshall,flat,100.0,100000.0,50000.0,1894,0,0.0,89400.0,89400.0,-10600.0
3808,Kaiden Shields,flat,100.0,100000.0,50000.0,1901,0,0.0,90100.0,90100.0,-9900.0
3809,Analia McCann,flat,100.0,100000.0,50000.0,1973,0,0.0,97300.0,97300.0,-2700.0
3810,Heath Castaneda,flat,100.0,100000.0,50000.0,1923,0,0.0,92300.0,92300.0,-7700.0
3811,Keira Hail,flat,100.0,100000.0,50000.0,1984,0,0.0,98400.0,98400.0,-1600.0
3812,Hector Jennings,flat,100.0,100000.0,50000.0,1947,0,0.0,94700.0,94700.0,-5300.0
3813,Palmer McDaniel,flat,100.0,100000.0,50000.0,1874,0,0.0,87400.0,87400.0,-12600.0
3814,Major Avery,flat,100.0,100000.0,50000.0,1969,0,0.0,96900.0,96900.0,-3100.0
3815,Meghan Mendoza,flat,100.0,100000.0,50000.0,1850,0,0.0,85000.0,85000.0,-15000.0
3816,Dominic Whitehead,flat,100.0,100000.0,50000.0,1991,0,0.0,99100.0,99100.0,-900.0
3817,Sylvie Vargas,flat,100.0,100000.0,50000.0,1963,0,0.0,96300.0,96300.0,-3700.0
3818,Ryker Cano,flat,100.0,100000.0,50000.0,1941,0,0.0,94100.0,94100.0,-5900.0
3819,Egypt Costa,flat,100.0,100000.0,50000.0,1995,0,0.0,99500.0,99500.0,-500.0
3820,Kenji Shannon,flat,100.0,100000.0,50000.0,1996,0,0.0,99600.0,99600.0,-400.0
3821,Harlee Roth,flat,100.0,100000.0,50000.0,1922,0,0.0,92200.0,92200.0,-7800.0
3822,Roy Vance,flat,100.0,100000.0,50000.0,2005,0,0.0,100500.0,100500.0,500.0
3823,Maxine Gray,flat,100.0,100000.0,50000.0,1932,0,0.0,93200.0,93200.0,-6800.0
3824,Nicholas Morris,flat,100.0,100000.0,50000.0,1893,0,0.0,89300.0,89300.0,-10700.0
3825,Genesis Cooper,flat,100.0,100000.0,50000.0,1899,0,0.0,89900.0,89900.0,-10100.0
3826,Jonathan Sparks,flat,100.0,100000.0,50000.0,1896,0,0.0,89600.0,89600.0,-10400.0
3827,Aisha Costa,flat,100.0,100000.0,50000.0,1913,0,0.0,91300.0,91300.0,-8700.0
3828,Kenji Bryant,flat,100.0,100000.0,50000.0,1918,0,0.0,91800.0,91800.0,-8200.0
3829,Parker Fitzpatrick,flat,100.0,100000.0,50000.0,2019,0,0.0,101900.0,101900.0,1900.0
3830,Blaze Lin,flat,100.0,100000.0,50000.0,1950,0,0.0,95000.0,95000.0,-5000.0
3831,Makenna Pittman,flat,100.0,100000.0,50000.0,1893,0,0.0,89300.0,89300.0,-10700.0
3832,Valentino Jackson,flat,100.0,100000.0,50000.0,1998,0,0.0,99800.0,99800.0,-200.0
3833,Avery Moss,flat,100.0,100000.0,50000.0,1889,0,0.0,88900.0,88900.0,-11100.0
3834,Porter Booker,flat,100.0,100000.0,50000.0,1933,0,0.0,93300.0,93300.0,-6700.0
3835,Nataly Sheppard,flat,100.0,100000.0,50000.0,1972,0,0.0,97200.0,97200.0,-2800.0
3836,Trent Sharp,flat,100.0,100000.0,50000.0,1903,0,0.0,90300.0,90300.0,-9700.0
3837,Camryn Roth,flat,100.0,100000.0,50000.0,1912,0,0.0,91200.0,91200.0,-8800.0
3838,Roy Woods,flat,100.0,100000.0,50000.0,1949,0,0.0,94900.0,94900.0,-5100.0
3839,Reese Newton,flat,100.0,100000.0,50000.0,2032,0,0.0,103200.0,103200.0,3200.0
3840,Santino Giles,flat,100.0,100000.0,50000.0,1921,0,0.0,92100.0,92100.0,-7900.0
3841,Bailee Rich,flat,100.0,100000.0,50000.0,1838,0,0.0,83800.0,83800.0,-16200.0
3842,Miller Carey,flat,100.0,100000.0,50000.0,1950,0,0.0,95000.0,95000.0,-5000.0
3843,Alora Byrd,flat,100.0,100000.0,50000.0,1948,0,0.0,94800.0,94800.0,-5200.0
3844,Cristian Bradshaw,flat,100.0,100000.0,50000.0,1894,0,0.0,89400.0,89400.0,-10600.0
3845,Berkley Gilbert,flat,100.0,100000.0,50000.0,2013,0,0.0,101300.0,101300.0,1300.0
3846,Tobias Gillespie,flat,100.0,100000.0,50000.0,1940,0,0.0,94000.0,94000.0,-6000.0
3847,Alianna Wagner,flat,100.0,100000.0,50000.0,1916,0,0.0,91600.0,91600.0,-8400.0
3848,Enzo Yoder,flat,100.0,100000.0,50000.0,1932,0,0.0,93200.0,93200.0,-6800.0
3849,Emerie Porter,flat,100.0,100000.0,50000.0,1934,0,0.0,93400.0,93400.0,-6600.0
3850,Rhett Villarreal,flat,100.0,100000.0,50000.0,1992,0,0.0,99200.0,99200.0,-800.0
3851,Jazlyn Cherry,flat,100.0,100000.0,50000.0,1964,0,0.0,96400.0,96400.0,-3600.0
3852,Rome Carrillo,flat,100.0,100000.0,50000.0,1976,0,0.0,97600.0,97600.0,-2400.0
3853,Kaylani Church,flat,100.0,100000.0,50000.0,1973,0,0.0,97300.0,97300.0,-2700.0
3854,Terrance Hammond,flat,100.0,100000.0,50000.0,1849,0,0.0,84900.0,84900.0,-15100.0
3855,Holly Buchanan,flat,100.0,100000.0,50000.0,1961,0,0.0,96100.0,96100.0,-3900.0
3856,Enrique Newton,flat,100.0,100000.0,50000.0,1991,0,0.0,99100.0,99100.0,-900.0
3857,Braelynn Barrett,flat,100.0,100000.0,50000.0,1953,0,0.0,95300.0,95300.0,-4700.0
3858,Angelo Branch,flat,100.0,100000.0,50000.0,1878,0,0.0,87800.0,87800.0,-12200.0
3859,Luisa Allen,flat,100.0,100000.0,50000.0,1959,0,0.0,95900.0,95900.0,-4100.0
3860,Carter Berry,flat,100.0,100000.0,50000.0,1958,0,0.0,95800.0,95800.0,-4200.0
3861,Annabelle Matthews,flat,100.0,100000.0,50000.0,2041,0,0.0,104100.0,104100.0,4100.0
3862,Preston Benjamin,flat,100.0,100000.0,50000.0,1945,0,0.0,94500.0,94500.0,-5500.0
3863,Jianna Leon,flat,100.0,100000.0,50000.0,1909,0,0.0,90900.0,90900.0,-9100.0
3864,Marshall Hartman,flat,100.0,100000.0,50000.0,1909,0,0.0,90900.0,90900.0,-9100.0
3865,Kennedi Armstrong,flat,100.0,100000.0,50000.0,1964,0,0.0,96400.0,96400.0,-3600.0
3866,Grant Henderson,flat,100.0,100000.0,50000.0,2004,0,0.0,100400.0,100400.0,400.0
3867,Maria Vasquez,flat,100.0,100000.0,50000.0,1926,0,0.0,92600.0,92600.0,-7400.0
3868,Rowan Delgado,flat,100.0,100000.0,50000.0,1949,0,0.0,94900.0,94900.0,-5100.0
3869,Alani Dodson,flat,100.0,100000.0,50000.0,1916,0,0.0,91600.0,91600.0,-8400.0
3870,Seven Kline,flat,100.0,100000.0,50000.0,1968,0,0.0,96800.0,96800.0,-3200.0
3871,Sevyn Adkins,flat,100.0,100000.0,50000.0,1907,0,0.0,90700.0,90700.0,-9300.0
3872,Kylo McCormick,flat,100.0,100000.0,50000.0,1853,0,0.0,85300.0,85300.0,-14700.0
3873,Macie Horn,flat,100.0,100000.0,50000.0,1952,0,0.0,95200.0,95200.0,-4800.0
3874,Wilson George,flat,100.0,100000.0,50000.0,1952,0,0.0,95200.0,95200.0,-4800.0
3875,Adelyn Hughes,flat,100.0,100000.0,50000.0,2023,0,0.0,102300.0,102300.0,2300.0
3876,Everett Whitney,flat,100.0,100000.0,50000.0,1979,0,0.0,97900.0,97900.0,-2100.0
3877,Madalynn Mays,flat,100.0,100000.0,50000.0,1955,0,0.0,95500.0,95500.0,-4500.0
3878,Jadiel Norman,flat,100.0,100000.0,50000.0,1961,0,0.0,96100.0,96100.0,-3900.0
3879,Malani Jenkins,flat,100.0,100000.0,50000.0,1991,0,0.0,99100.0,99100.0,-900.0
3880,Declan Robertson,flat,100.0,100000.0,50000.0,1896,0,0.0,89600.0,89600.0,-10400.0
3881,Harmony Cole,flat,100.0,100000.0,50000.0,2000,0,0.0,100000.0,100000.0,0.0
3882,Nathaniel Walton,flat,100.0,100000.0,50000.0,1918,0,0.0,91800.0,91800.0,-8200.0
3883,Scarlet Bullock,flat,100.0,100000.0,50000.0,1930,0,0.0,93000.0,93000.0,-7000.0
3884,Ben Trevino,flat,100.0,100000.0,50000.0,1910,0,0.0,91000.0,91000.0,-9000.0
3885,Priscilla Leon,flat,100.0,100000.0,50000.0,1965,0,0.0,96500.0,96500.0,-3500.0
3886,Marshall Contreras,flat,100.0,100000.0,50000.0,1848,0,0.0,84800.0,84800.0,-15200.0
3887,Daniela Hendrix,flat,100.0,100000.0,50000.0,1978,0,0.0,97800.0,97800.0,-2200.0
3888,Korbyn Quintana,flat,100.0,100000.0,50000.0,1933,0,0.0,93300.0,93300.0,-6700.0
3889,Kenia Woodard,flat,100.0,100000.0,50000.0,2015,0,0.0,101500.0,101500.0,1500.0
3890,Westley Sweeney,flat,100.0,100000.0,50000.0,1924,0,0.0,92400.0,92400.0,-7600.0
3891,Yara Mayer,flat,100.0,100000.0,50000.0,1941,0,0.0,94100.0,94100.0,-5900.0
3892,Yahir Contreras,flat,100.0,100000.0,50000.0,1938,0,0.0,93800.0,93800.0,-6200.0
3893,Daniela Lam,flat,100.0,100000.0,50000.0,1948,0,0.0,94800.0,94800.0,-5200.0
3894,Bodie Carrillo,flat,100.0,100000.0,50000.0,1887,0,0.0,88700.0,88700.0,-11300.0
3895,Kaylani Blackburn,flat,100.0,100000.0,50000.0,1943,0,0.0,94300.0,94300.0,-5700.0
3896,Zahir Avalos,flat,100.0,100000.0,50000.0,1988,0,0.0,98800.0,98800.0,-1200.0
3897,Paloma Willis,flat,100.0,100000.0,50000.0,1985,0,0.0,98500.0,98500.0,-1500.0
3898,Remington Snyder,flat,100.0,100000.0,50000.0,1953,0,0.0,95300.0,95300.0,-4700.0
3899,Callie King,flat,100.0,100000.0,50000.0,1950,0,0.0,95000.0,95000.0,-5000.0
3900,Julian Leon,flat,100.0,100000.0,50000.0,2067,0,0.0,106700.0,106700.0,6700.0
3901,Amora Daniels,flat,100.0,100000.0,50000.0,1933,0,0.0,93300.0,93300.0,-6700.0
3902,Xander Schmitt,flat,100.0,100000.0,50000.0,1942,0,0.0,94200.0,94200.0,-5800.0
3903,Queen Beasley,flat,100.0,100000.0,50000.0,1945,0,0.0,94500.0,94500.0,-5500.0
3904,Stanley Santos,flat,100.0,100000.0,50000.0,2048,0,0.0,104800.0,104800.0,4800.0
3905,Alana Horn,flat,100.0,100000.0,50000.0,1905,0,0.0,90500.0,90500.0,-9500.0
3906,Wilson Harrison,flat,100.0,100000.0,50000.0,2046,0,0.0,104600.0,104600.0,4600.0
3907,Jasmine Villalobos,flat,100.0,100000.0,50000.0,1923,0,0.0,92300.0,92300.0,-7700.0
3908,Reuben Calhoun,flat,100.0,100000.0,50000.0,1940,0,0.0,94000.0,94000.0,-6000.0
3909,Thalia Solomon,flat,100.0,100000.0,50000.0,1922,0,0.0,92200.0,92200.0,-7800.0
3910,Musa Day,flat,100.0,100000.0,50000.0,1951,0,0.0,95100.0,95100.0,-4900.0
3911,Hayden Pierce,flat,100.0,100000.0,50000.0,1847,0,0.0,84700.0,84700.0,-15300.0
3912,Nicolas Berry,flat,100.0,100000.0,50000.0,1935,0,0.0,93500.0,93500.0,-6500.0
3913,Annabelle Correa,flat,100.0,100000.0,50000.0,1925,0,0.0,92500.0,92500.0,-7500.0
3914,Zakai Simmons,flat,100.0,100000.0,50000.0,1980,0,0.0,98000.0,98000.0,-2000.0
3915,Reagan Arellano,flat,100.0,100000.0,50000.0,2048,0,0.0,104800.0,104800.0,4800.0
3916,Kellan Noble,flat,100.0,100000.0,50000.0,1962,0,0.0,96200.0,96200.0,-3800.0
3917,Hunter Alexander,flat,100.0,100000.0,50000.0,1910,0,0.0,91000.0,91000.0,-9000.0
3918,Kingston Dickson,flat,100.0,100000.0,50000.0,1926,0,0.0,92600.0,92600.0,-7400.0
3919,Emmalynn Wyatt,flat,100.0,100000.0,50000.0,1964,0,0.0,96400.0,96400.0,-3600.0
3920,Sam McDowell,flat,100.0,100000.0,50000.0,1973,0,0.0,97300.0,97300.0,-2700.0
3921,Rayna Payne,flat,100.0,100000.0,50000.0,1975,0,0.0,97500.0,97500.0,-2500.0
3922,Edward Guerra,flat,100.0,100000.0,50000.0,1947,0,0.0,94700.0,94700.0,-5300.0
3923,Edith Duffy,flat,100.0,100000.0,50000.0,1943,0,0.0,94300.0,94300.0,-5700.0
3924,Kyng Bautista,flat,100.0,100000.0,50000.0,1906,0,0.0,90600.0,90600.0,-9400.0
3925,Antonella Nelson,flat,100.0,100000.0,50000.0,1913,0,0.0,91300.0,91300.0,-8700.0
3926,Dylan Cross,flat,100.0,100000.0,50000.0,1901,0,0.0,90100.0,90100.0,-9900.0
3927,Nayeli Rojas,flat,100.0,100000.0,50000.0,1907,0,0.0,90700.0,90700.0,-9300.0
3928,Colin Case,flat,100.0,100000.0,50000.0,1947,0,0.0,94700.0,94700.0,-5300.0
3929,Cleo Graves,flat,100.0,100000.0,50000.0,1925,0,0.0,92500.0,92500.0,-7500.0
3930,Cesar Erickson,flat,100.0,100000.0,50000.0,1958,0,0.0,95800.0,95800.0,-4200.0
3931,Sabrina Melton,flat,100.0,100000.0,50000.0,1968,0,0.0,96800.0,96800.0,-3200.0
3932,Lennon Hayes,flat,100.0,100000.0,50000.0,1884,0,0.0,88400.0,88400.0,-11600.0
3933,Iris Bishop,flat,100.0,100000.0,50000.0,1957,0,0.0,95700.0,95700.0,-4300.0
3934,Paxton Castro,flat,100.0,100000.0,50000.0,1992,0,0.0,99200.0,99200.0,-800.0
3935,Eloise Harmon,flat,100.0,100000.0,50000.0,1965,0,0.0,96500.0,96500.0,-3500.0
3936,Roberto Rocha,flat,100.0,100000.0,50000.0,2046,0,0.0,104600.0,104600.0,4600.0
3937,Emmie Shah,flat,100.0,100000.0,50000.0,1957,0,0.0,95700.0,95700.0,-4300.0
3938,Zain Silva,flat,100.0,100000.0,50000.0,1996,0,0.0,99600.0,99600.0,-400.0
3939,Lucia Barajas,flat,100.0,100000.0,50000.0,1938,0,0.0,93800.0,93800.0,-6200.0
3940,Brennan Gutierrez,flat,100.0,100000.0,50000.0,1923,0,0.0,92300.0,92300.0,-7700.0
3941,Savannah Gonzalez,flat,100.0,100000.0,50000.0,1919,0,0.0,91900.0,91900.0,-8100.0
3942,Ethan Esquivel,flat,100.0,100000.0,50000.0,1912,0,0.0,91200.0,91200.0,-8800.0
3943,Jaylee McMahon,flat,100.0,100000.0,50000.0,1860,0,0.0,86000.0,86000.0,-14000.0
3944,Jakob Aguilar,flat,100.0,100000.0,50000.0,1923,0,0.0,92300.0,92300.0,-7700.0
3945,Josie Estes,flat,100.0,100000.0,50000.0,1864,0,0.0,86400.0,86400.0,-13600.0
3946,Hakeem Patterson,flat,100.0,100000.0,50000.0,2004,0,0.0,100400.0,100400.0,400.0
3947,Kaylee Dixon,flat,100.0,100000.0,50000.0,1983,0,0.0,98300.0,98300.0,-1700.0
3948,Camden Butler,flat,100.0,100000.0,50000.0,1908,0,0.0,90800.0,90800.0,-9200.0
3949,Athena Harding,flat,100.0,100000.0,50000.0,1964,0,0.0,96400.0,96400.0,-3600.0
3950,Brodie Beil,flat,100.0,100000.0,50000.0,1952,0,0.0,95200.0,95200.0,-4800.0
3951,Itzel Rowland,flat,100.0,100000.0,50000.0,1976,0,0.0,97600.0,97600.0,-2400.0
3952,Eliezer Medrano,flat,100.0,100000.0,50000.0,1941,0,0.0,94100.0,94100.0,-5900.0
3953,Halle Kramer,flat,100.0,100000.0,50000.0,1897,0,0.0,89700.0,89700.0,-10300.0
3954,Kylan Holmes,flat,100.0,100000.0,50000.0,1994,0,0.0,99400.0,99400.0,-600.0
3955,Bailey Ross,flat,100.0,100000.0,50000.0,2006,0,0.0,100600.0,100600.0,600.0
3956,Wesley Greer,flat,100.0,100000.0,50000.0,1882,0,0.0,88200.0,88200.0,-11800.0
3957,Reina Quintana,flat,100.0,100000.0,50000.0,1949,0,0.0,94900.0,94900.0,-5100.0
3958,Kelvin Simpson,flat,100.0,100000.0,50000.0,1929,0,0.0,92900.0,92900.0,-7100.0
3959,Anastasia Keller,flat,100.0,100000.0,50000.0,1945,0,0.0,94500.0,94500.0,-5500.0
3960,Nico Guerra,flat,100.0,100000.0,50000.0,1995,0,0.0,99500.0,99500.0,-500.0
3961,Edith Monroe,flat,100.0,100000.0,50000.0,1965,0,0.0,96500.0,96500.0,-3500.0
3962,Colby Calhoun,flat,100.0,100000.0,50000.0,1958,0,0.0,95800.0,95800.0,-4200.0
3963,Thalia Dyer,flat,100.0,100000.0,50000.0,1920,0,0.0,92000.0,92000.0,-8000.0
3964,Atreus Leach,flat,100.0,100000.0,50000.0,1963,0,0.0,96300.0,96300.0,-3700.0
3965,Martha Terry,flat,100.0,100000.0,50000.0,1969,0,0.0,96900.0,96900.0,-3100.0
3966,Armani Barrett,flat,100.0,100000.0,50000.0,2058,0,0.0,105800.0,105800.0,5800.0
3967,Kendall Barber,flat,100.0,100000.0,50000.0,1942,0,0.0,94200.0,94200.0,-5800.0
3968,Solomon Roberson,flat,100.0,100000.0,50000.0,1961,0,0.0,96100.0,96100.0,-3900.0
3969,Sasha Barton,flat,100.0,100000.0,50000.0,1991,0,0.0,99100.0,99100.0,-900.0
3970,Cassius Carson,flat,100.0,100000.0,50000.0,1937,0,0.0,93700.0,93700.0,-6300.0
3971,Nalani Flowers,flat,100.0,100000.0,50000.0,1934,0,0.0,93400.0,93400.0,-6600.0
3972,Saul Walls,flat,100.0,100000.0,50000.0,1942,0,0.0,94200.0,94200.0,-5800.0
3973,Lilianna Leal,flat,100.0,100000.0,50000.0,1973,0,0.0,97300.0,97300.0,-2700.0
3974,Cedric Gilmore,flat,100.0,100000.0,50000.0,1933,0,0.0,93300.0,93300.0,-6700.0
3975,Chanel Higgins,flat,100.0,100000.0,50000.0,1895,0,0.0,89500.0,89500.0,-10500.0
3976,Sterling Simmons,flat,100.0,100000.0,50000.0,1917,0,0.0,91700.0,91700.0,-8300.0
3977,Reagan Donovan,flat,100.0,100000.0,50000.0,1884,0,0.0,88400.0,88400.0,-11600.0
3978,Brayan Hess,flat,100.0,100000.0,50000.0,1895,0,0.0,89500.0,89500.0,-10500.0
3979,Kaliyah Herman,flat,100.0,100000.0,50000.0,2016,0,0.0,101600.0,101600.0,1600.0
3980,Juelz Harmon,flat,100.0,100000.0,50000.0,1946,0,0.0,94600.0,94600.0,-5400.0
3981,Maren Sanford,flat,100.0,100000.0,50000.0,1899,0,0.0,89900.0,89900.0,-10100.0
3982,Truett Horn,flat,100.0,100000.0,50000.0,1916,0,0.0,91600.0,91600.0,-8400.0
3983,Avah Morrison,flat,100.0,100000.0,50000.0,1918,0,0.0,91800.0,91800.0,-8200.0
3984,Maximus Buckley,flat,100.0,100000.0,50000.0,1901,0,0.0,90100.0,90100.0,-9900.0
3985,Theodora Good,flat,100.0,100000.0,50000.0,1915,0,0.0,91500.0,91500.0,-8500.0
3986,Davian Diaz,flat,100.0,100000.0,50000.0,1953,0,0.0,95300.0,95300.0,-4700.0
3987,Elena Liu,flat,100.0,100000.0,50000.0,1892,0,0.0,89200.0,89200.0,-10800.0
3988,Pedro Walter,flat,100.0,100000.0,50000.0,1947,0,0.0,94700.0,94700.0,-5300.0
3989,Penny Bryant,flat,100.0,100000.0,50000.0,2024,0,0.0,102400.0,102400.0,2400.0
3990,Jonah Deleon,flat,100.0,100000.0,50000.0,1998,0,0.0,99800.0,99800.0,-200.0
3991,Gabrielle Maldonado,flat,100.0,100000.0,50000.0,1936,0,0.0,93600.0,93600.0,-6400.0
3992,Javier Patton,flat,100.0,100000.0,50000.0,1886,0,0.0,88600.0,88600.0,-11400.0
3993,Lorelei Jackson,flat,100.0,100000.0,50000.0,2010,0,0.0,101000.0,101000.0,1000.0
3994,Sebastian Huffman,flat,100.0,100000.0,50000.0,1875,0,0.0,87500.0,87500.0,-12500.0
3995,Hayley Alvarez,flat,100.0,100000.0,50000.0,1935,0,0.0,93500.0,93500.0,-6500.0
3996,Xavier Salgado,flat,100.0,100000.0,50000.0,1906,0,0.0,90600.0,90600.0,-9400.0
3997,Avalynn Newton,flat,100.0,100000.0,50000.0,1978,0,0.0,97800.0,97800.0,-2200.0
3998,Santino Bravo,flat,100.0,100000.0,50000.0,1963,0,0.0,96300.0,96300.0,-3700.0
3999,Amoura Gilbert,flat,100.0,100000.0,50000.0,1944,0,0.0,94400.0,94400.0,-5600.0
4000,Tobias Bowers,flat,100.0,100000.0,50000.0,2007,0,0.0,100700.0,100700.0,700.0
4001,Rosalie Montgomery,flat,100.0,100000.0,50000.0,1905,0,0.0,90500.0,90500.0,-9500.0
4002,Maximiliano Huang,flat,100.0,100000.0,50000.0,1973,0,0.0,97300.0,97300.0,-2700.0
4003,Francesca Browning,flat,100.0,100000.0,50000.0,1989,0,0.0,98900.0,98900.0,-1100.0
4004,Rohan Johns,flat,100.0,100000.0,50000.0,1978,0,0.0,97800.0,97800.0,-2200.0
4005,Giovanna Small,flat,100.0,100000.0,50000.0,1933,0,0.0,93300.0,93300.0,-6700.0
4006,Rudy Carr,flat,100.0,100000.0,50000.0,1973,0,0.0,97300.0,97300.0,-2700.0
4007,Rowan Martinez,flat,100.0,100000.0,50000.0,1983,0,0.0,98300.0,98300.0,-1700.0
4008,Alexander Gates,flat,100.0,100000.0,50000.0,1929,0,0.0,92900.0,92900.0,-7100.0
4009,Melina Stevenson,flat,100.0,100000.0,50000.0,1900,0,0.0,90000.0,90000.0,-10000.0
4010,Callan Francis,flat,100.0,100000.0,50000.0,2050,0,0.0,105000.0,105000.0,5000.0
4011,Daniella Benton,flat,100.0,100000.0,50000.0,1970,0,0.0,97000.0,97000.0,-3000.0
4012,Jamal Lozano,flat,100.0,100000.0,50000.0,1981,0,0.0,98100.0,98100.0,-1900.0
4013,Cecelia Mahoney,flat,100.0,100000.0,50000.0,1973,0,0.0,97300.0,97300.0,-2700.0
4014,Kamryn Phillips,flat,100.0,100000.0,50000.0,1960,0,0.0,96000.0,96000.0,-4000.0
4015,Naomi Bailey,flat,100.0,100000.0,50000.0,1966,0,0.0,96600.0,96600.0,-3400.0
4016,Axel Myers,flat,100.0,100000.0,50000.0,1843,0,0.0,84300.0,84300.0,-15700.0
4017,Lydia McCann,flat,100.0,100000.0,50000.0,1923,0,0.0,92300.0,92300.0,-7700.0
4018,Heath Castro,flat,100.0,100000.0,50000.0,1956,0,0.0,95600.0,95600.0,-4400.0
4019,Eloise Sellers,flat,100.0,100000.0,50000.0,1960,0,0.0,96000.0,96000.0,-4000.0
4020,Madden McClure,flat,100.0,100000.0,50000.0,1875,0,0.0,87500.0,87500.0,-12500.0
4021,Estella Blevins,flat,100.0,100000.0,50000.0,1907,0,0.0,90700.0,90700.0,-9300.0
4022,Avi Christensen,flat,100.0,100000.0,50000.0,1902,0,0.0,90200.0,90200.0,-9800.0
4023,Carmen Andersen,flat,100.0,100000.0,50000.0,1962,0,0.0,96200.0,96200.0,-3800.0
4024,Alistair McIntosh,flat,100.0,100000.0,50000.0,1989,0,0.0,98900.0,98900.0,-1100.0
4025,Gwen Shaw,flat,100.0,100000.0,50000.0,1904,0,0.0,90400.0,90400.0,-9600.0
4026,Elliot Carson,flat,100.0,100000.0,50000.0,1991,0,0.0,99100.0,99100.0,-900.0
4027,Nalani Chavez,flat,100.0,100000.0,50000.0,1920,0,0.0,92000.0,92000.0,-8000.0
4028,Ian Frederick,flat,100.0,100000.0,50000.0,2043,0,0.0,104300.0,104300.0,4300.0
4029,Sariyah Hickman,flat,100.0,100000.0,50000.0,1925,0,0.0,92500.0,92500.0,-7500.0
4030,Jakobe Jensen,flat,100.0,100000.0,50000.0,1944,0,0.0,94400.0,94400.0,-5600.0
4031,Jane Nichols,flat,100.0,100000.0,50000.0,2003,0,0.0,100300.0,100300.0,300.0
4032,Atlas Pitts,flat,100.0,100000.0,50000.0,1911,0,0.0,91100.0,91100.0,-8900.0
4033,Nala Guzman,flat,100.0,100000.0,50000.0,1922,0,0.0,92200.0,92200.0,-7800.0
4034,Jude Floyd,flat,100.0,100000.0,50000.0,1937,0,0.0,93700.0,93700.0,-6300.0
4035,Yaretzi Fitzgerald,flat,100.0,100000.0,50000.0,1900,0,0.0,90000.0,90000.0,-10000.0
4036,Peyton Roy,flat,100.0,100000.0,50000.0,1889,0,0.0,88900.0,88900.0,-11100.0
4037,Savanna Hancock,flat,100.0,100000.0,50000.0,1913,0,0.0,91300.0,91300.0,-8700.0
4038,Rex Austin,flat,100.0,100000.0,50000.0,1961,0,0.0,96100.0,96100.0,-3900.0
4039,Alivia Tang,flat,100.0,100000.0,50000.0,1923,0,0.0,92300.0,92300.0,-7700.0
4040,Rogelio Wang,flat,100.0,100000.0,50000.0,1905,0,0.0,90500.0,90500.0,-9500.0
4041,Kailani Herman,flat,100.0,100000.0,50000.0,1970,0,0.0,97000.0,97000.0,-3000.0
4042,Juelz Blankenship,flat,100.0,100000.0,50000.0,1880,0,0.0,88000.0,88000.0,-12000.0
4043,Rosalee Atkins,flat,100.0,100000.0,50000.0,1957,0,0.0,95700.0,95700.0,-4300.0
4044,Cason Houston,flat,100.0,100000.0,50000.0,1981,0,0.0,98100.0,98100.0,-1900.0
4045,Lylah Valencia,flat,100.0,100000.0,50000.0,2019,0,0.0,101900.0,101900.0,1900.0
4046,Dax Santos,flat,100.0,100000.0,50000.0,1940,0,0.0,94000.0,94000.0,-6000.0
4047,Alana Castaneda,flat,100.0,100000.0,50000.0,1876,0,0.0,87600.0,87600.0,-12400.0
4048,Collin Beard,flat,100.0,100000.0,50000.0,1934,0,0.0,93400.0,93400.0,-6600.0
4049,Ezra Dougherty,flat,100.0,100000.0,50000.0,2032,0,0.0,103200.0,103200.0,3200.0
4050,Brett Kaur,flat,100.0,100000.0,50000.0,1912,0,0.0,91200.0,91200.0,-8800.0
4051,Holland Boone,flat,100.0,100000.0,50000.0,1971,0,0.0,97100.0,97100.0,-2900.0
4052,Mauricio Kirby,flat,100.0,100000.0,50000.0,1970,0,0.0,97000.0,97000.0,-3000.0
4053,Skyla Blanchard,flat,100.0,100000.0,50000.0,1937,0,0.0,93700.0,93700.0,-6300.0
4054,Adler Spears,flat,100.0,100000.0,50000.0,1940,0,0.0,94000.0,94000.0,-6000.0
4055,Isabela Pittman,flat,100.0,100000.0,50000.0,2023,0,0.0,102300.0,102300.0,2300.0
4056,Valentino Brady,flat,100.0,100000.0,50000.0,1904,0,0.0,90400.0,90400.0,-9600.0
4057,Ryan Herring,flat,100.0,100000.0,50000.0,1935,0,0.0,93500.0,93500.0,-6500.0
4058,Henrik Maldonado,flat,100.0,100000.0,50000.0,1929,0,0.0,92900.0,92900.0,-7100.0
4059,Elaina Malone,flat,100.0,100000.0,50000.0,1913,0,0.0,91300.0,91300.0,-8700.0
4060,Ruben Morales,flat,100.0,100000.0,50000.0,1955,0,0.0,95500.0,95500.0,-4500.0
4061,Skylar Olson,flat,100.0,100000.0,50000.0,1857,0,0.0,85700.0,85700.0,-14300.0
4062,Malachi Murillo,flat,100.0,100000.0,50000.0,1975,0,0.0,97500.0,97500.0,-2500.0
4063,Mikaela Preston,flat,100.0,100000.0,50000.0,1919,0,0.0,91900.0,91900.0,-8100.0
4064,Vincenzo Conley,flat,100.0,100000.0,50000.0,1922,0,0.0,92200.0,92200.0,-7800.0
4065,Salem Cline,flat,100.0,100000.0,50000.0,1926,0,0.0,92600.0,92600.0,-7400.0
4066,Cullen Fields,flat,100.0,100000.0,50000.0,1991,0,0.0,99100.0,99100.0,-900.0
4067,Annie Smith,flat,100.0,100000.0,50000.0,1952,0,0.0,95200.0,95200.0,-4800.0
4068,Liam Hardy,flat,100.0,100000.0,50000.0,1928,0,0.0,92800.0,92800.0,-7200.0
4069,Jessica Gillespie,flat,100.0,100000.0,50000.0,1915,0,0.0,91500.0,91500.0,-8500.0
4070,Forest Torres,flat,100.0,100000.0,50000.0,1986,0,0.0,98600.0,98600.0,-1400.0
4071,Violet Archer,flat,100.0,100000.0,50000.0,1943,0,0.0,94300.0,94300.0,-5700.0
4072,Ephraim Reyna,flat,100.0,100000.0,50000.0,1951,0,0.0,95100.0,95100.0,-4900.0
4073,Luella Bass,flat,100.0,100000.0,50000.0,2004,0,0.0,100400.0,100400.0,400.0
4074,Landen Mills,flat,100.0,100000.0,50000.0,1981,0,0.0,98100.0,98100.0,-1900.0
4075,June Jensen,flat,100.0,100000.0,50000.0,1979,0,0.0,97900.0,97900.0,-2100.0
4076,Cash Sweeney,flat,100.0,100000.0,50000.0,1988,0,0.0,98800.0,98800.0,-1200.0
4077,Yara Casey,flat,100.0,100000.0,50000.0,1952,0,0.0,95200.0,95200.0,-4800.0
4078,Armando Palmer,flat,100.0,100000.0,50000.0,1911,0,0.0,91100.0,91100.0,-8900.0
4079,Juniper Mays,flat,100.0,100000.0,50000.0,1984,0,0.0,98400.0,98400.0,-1600.0
4080,Jadiel Neal,flat,100.0,100000.0,50000.0,2020,0,0.0,102000.0,102000.0,2000.0
4081,Talia Harding,flat,100.0,100000.0,50000.0,1926,0,0.0,92600.0,92600.0,-7400.0
4082,Brodie Gould,flat,100.0,100000.0,50000.0,1952,0,0.0,95200.0,95200.0,-4800.0
4083,Violeta Peck,flat,100.0,100000.0,50000.0,1959,0,0.0,95900.0,95900.0,-4100.0
4084,Yousef Valentine,flat,100.0,100000.0,50000.0,1912,0,0.0,91200.0,91200.0,-8800.0
4085,August Reyes,flat,100.0,100000.0,50000.0,1942,0,0.0,94200.0,94200.0,-5800.0
4086,Eli Strickland,flat,100.0,100000.0,50000.0,1993,0,0.0,99300.0,99300.0,-700.0
4087,Nia Whitaker,flat,100.0,100000.0,50000.0,1998,0,0.0,99800.0,99800.0,-200.0
4088,Keith Chambers,flat,100.0,100000.0,50000.0,2057,0,0.0,105700.0,105700.0,5700.0
4089,Makayla Hansen,flat,100.0,100000.0,50000.0,1973,0,0.0,97300.0,97300.0,-2700.0
4090,Charlie Donovan,flat,100.0,100000.0,50000.0,1992,0,0.0,99200.0,99200.0,-800.0
4091,Azariah French,flat,100.0,100000.0,50000.0,1955,0,0.0,95500.0,95500.0,-4500.0
4092,Corey Oliver,flat,100.0,100000.0,50000.0,1907,0,0.0,90700.0,90700.0,-9300.0
4093,Camille Hoover,flat,100.0,100000.0,50000.0,1964,0,0.0,96400.0,96400.0,-3600.0
4094,Jaziel Cunningham,flat,100.0,100000.0,50000.0,1970,0,0.0,97000.0,97000.0,-3000.0
4095,Marley Hardin,flat,100.0,100000.0,50000.0,1991,0,0.0,99100.0,99100.0,-900.0
4096,Hassan Macdonald,flat,100.0,100000.0,50000.0,1872,0,0.0,87200.0,87200.0,-12800.0
4097,Rosalia Williams,flat,100.0,100000.0,50000.0,1940,0,0.0,94000.0,94000.0,-6000.0
4098,Oliver Bernal,flat,100.0,100000.0,50000.0,1910,0,0.0,91000.0,91000.0,-9000.0
4099,Emmeline Robertson,flat,100.0,100000.0,50000.0,1888,0,0.0,88800.0,88800.0,-11200.0
4100,Emiliano Douglas,flat,100.0,100000.0,50000.0,2033,0,0.0,103300.0,103300.0,3300.0
4101,Aniyah Roy,flat,100.0,100000.0,50000.0,1954,0,0.0,95400.0,95400.0,-4600.0
4102,Marcelo Noble,flat,100.0,100000.0,50000.0,1950,0,0.0,95000.0,95000.0,-5000.0
4103,Hunter Stevenson,flat,100.0,100000.0,50000.0,1946,0,0.0,94600.0,94600.0,-5400.0
4104,Callan Evans,flat,100.0,100000.0,50000.0,2004,0,0.0,100400.0,100400.0,400.0
4105,Eliana Mason,flat,100.0,100000.0,50000.0,1906,0,0.0,90600.0,90600.0,-9400.0
4106,Brandon Freeman,flat,100.0,100000.0,50000.0,1879,0,0.0,87900.0,87900.0,-12100.0
4107,Norah Shelton,flat,100.0,100000.0,50000.0,2027,0,0.0,102700.0,102700.0,2700.0
4108,Leonel Leon,flat,100.0,100000.0,50000.0,1965,0,0.0,96500.0,96500.0,-3500.0
4109,Amora Ochoa,flat,100.0,100000.0,50000.0,1908,0,0.0,90800.0,90800.0,-9200.0
4110,Winston Roberts,flat,100.0,100000.0,50000.0,1971,0,0.0,97100.0,97100.0,-2900.0
4111,Paisley Ruiz,flat,100.0,100000.0,50000.0,1917,0,0.0,91700.0,91700.0,-8300.0
4112,Austin Wolf,flat,100.0,100000.0,50000.0,1980,0,0.0,98000.0,98000.0,-2000.0
4113,Jolene Beasley,flat,100.0,100000.0,50000.0,1924,0,0.0,92400.0,92400.0,-7600.0
4114,Stanley Barrett,flat,100.0,100000.0,50000.0,1970,0,0.0,97000.0,97000.0,-3000.0
4115,Kendall Hudson,flat,100.0,100000.0,50000.0,1898,0,0.0,89800.0,89800.0,-10200.0
4116,Peter Duarte,flat,100.0,100000.0,50000.0,1927,0,0.0,92700.0,92700.0,-7300.0
4117,Kynlee Osborne,flat,100.0,100000.0,50000.0,1986,0,0.0,98600.0,98600.0,-1400.0
4118,Augustus Bowers,flat,100.0,100000.0,50000.0,1947,0,0.0,94700.0,94700.0,-5300.0
4119,Elisa Arias,flat,100.0,100000.0,50000.0,1898,0,0.0,89800.0,89800.0,-10200.0
4120,Alec Hail,flat,100.0,100000.0,50000.0,1926,0,0.0,92600.0,92600.0,-7400.0
4121,Lainey Barnett,flat,100.0,100000.0,50000.0,2015,0,0.0,101500.0,101500.0,1500.0
4122,Stephen Figueroa,flat,100.0,100000.0,50000.0,1926,0,0.0,92600.0,92600.0,-7400.0
4123,Lilith McCoy,flat,100.0,100000.0,50000.0,1946,0,0.0,94600.0,94600.0,-5400.0
4124,Jett Gonzales,flat,100.0,100000.0,50000.0,1956,0,0.0,95600.0,95600.0,-4400.0
4125,Hadley Cano,flat,100.0,100000.0,50000.0,1951,0,0.0,95100.0,95100.0,-4900.0
4126,Terry Kim,flat,100.0,100000.0,50000.0,1980,0,0.0,98000.0,98000.0,-2000.0
4127,Gabriella Bruce,flat,100.0,100000.0,50000.0,2014,0,0.0,101400.0,101400.0,1400.0
4128,Uriah Greer,flat,100.0,100000.0,50000.0,1982,0,0.0,98200.0,98200.0,-1800.0
4129,Reina English,flat,100.0,100000.0,50000.0,1988,0,0.0,98800.0,98800.0,-1200.0
4130,Junior Leblanc,flat,100.0,100000.0,50000.0,1979,0,0.0,97900.0,97900.0,-2100.0
4131,Novalee Conner,flat,100.0,100000.0,50000.0,2020,0,0.0,102000.0,102000.0,2000.0
4132,Phillip Mayer,flat,100.0,100000.0,50000.0,2015,0,0.0,101500.0,101500.0,1500.0
4133,Ainhoa Franklin,flat,100.0,100000.0,50000.0,1898,0,0.0,89800.0,89800.0,-10200.0
4134,Simon Sutton,flat,100.0,100000.0,50000.0,1943,0,0.0,94300.0,94300.0,-5700.0
4135,Izabella Carrillo,flat,100.0,100000.0,50000.0,1971,0,0.0,97100.0,97100.0,-2900.0
4136,Wade Santana,flat,100.0,100000.0,50000.0,2057,0,0.0,105700.0,105700.0,5700.0
4137,Myra Stevenson,flat,100.0,100000.0,50000.0,1968,0,0.0,96800.0,96800.0,-3200.0
4138,Callan Acosta,flat,100.0,100000.0,50000.0,1946,0,0.0,94600.0,94600.0,-5400.0
4139,Kaia Guerra,flat,100.0,100000.0,50000.0,1957,0,0.0,95700.0,95700.0,-4300.0
4140,Leland Curry,flat,100.0,100000.0,50000.0,1934,0,0.0,93400.0,93400.0,-6600.0
4141,Alison Gordon,flat,100.0,100000.0,50000.0,1984,0,0.0,98400.0,98400.0,-1600.0
4142,Karter Sloan,flat,100.0,100000.0,50000.0,1972,0,0.0,97200.0,97200.0,-2800.0
4143,Selene Andersen,flat,100.0,100000.0,50000.0,1974,0,0.0,97400.0,97400.0,-2600.0
4144,Alistair Shaffer,flat,100.0,100000.0,50000.0,1904,0,0.0,90400.0,90400.0,-9600.0
4145,Alanna Glover,flat,100.0,100000.0,50000.0,1905,0,0.0,90500.0,90500.0,-9500.0
4146,Mack Reyna,flat,100.0,100000.0,50000.0,1953,0,0.0,95300.0,95300.0,-4700.0
4147,Luella Hester,flat,100.0,100000.0,50000.0,1955,0,0.0,95500.0,95500.0,-4500.0
4148,Rene Dodson,flat,100.0,100000.0,50000.0,2006,0,0.0,100600.0,100600.0,600.0
4149,Etta Frank,flat,100.0,100000.0,50000.0,1928,0,0.0,92800.0,92800.0,-7200.0
4150,Braylen Saunders,flat,100.0,100000.0,50000.0,1918,0,0.0,91800.0,91800.0,-8200.0
4151,Meadow Collins,flat,100.0,100000.0,50000.0,1889,0,0.0,88900.0,88900.0,-11100.0
4152,Miles Santana,flat,100.0,100000.0,50000.0,1869,0,0.0,86900.0,86900.0,-13100.0
4153,Myra Booker,flat,100.0,100000.0,50000.0,1913,0,0.0,91300.0,91300.0,-8700.0
4154,Dominik Montoya,flat,100.0,100000.0,50000.0,1853,0,0.0,85300.0,85300.0,-14700.0
4155,Kamryn Jacobs,flat,100.0,100000.0,50000.0,1951,0,0.0,95100.0,95100.0,-4900.0
4156,Bryan Bryant,flat,100.0,100000.0,50000.0,2043,0,0.0,104300.0,104300.0,4300.0
4157,Parker Willis,flat,100.0,100000.0,50000.0,2005,0,0.0,100500.0,100500.0,500.0
4158,Remington Trujillo,flat,100.0,100000.0,50000.0,1957,0,0.0,95700.0,95700.0,-4300.0
4159,Danielle Gill,flat,100.0,100000.0,50000.0,2015,0,0.0,101500.0,101500.0,1500.0
4160,Matthias Noble,flat,100.0,100000.0,50000.0,1891,0,0.0,89100.0,89100.0,-10900.0
4161,Hunter Tanner,flat,100.0,100000.0,50000.0,1879,0,0.0,87900.0,87900.0,-12100.0
4162,Bruno Dodson,flat,100.0,100000.0,50000.0,1920,0,0.0,92000.0,92000.0,-8000.0
4163,Etta Strong,flat,100.0,100000.0,50000.0,1924,0,0.0,92400.0,92400.0,-7600.0
4164,Axl Robbins,flat,100.0,100000.0,50000.0,2027,0,0.0,102700.0,102700.0,2700.0
4165,Stevie Johns,flat,100.0,100000.0,50000.0,1921,0,0.0,92100.0,92100.0,-7900.0
4166,Joziah Leonard,flat,100.0,100000.0,50000.0,1889,0,0.0,88900.0,88900.0,-11100.0
4167,Demi Blanchard,flat,100.0,100000.0,50000.0,1898,0,0.0,89800.0,89800.0,-10200.0
4168,Adler Villarreal,flat,100.0,100000.0,50000.0,1912,0,0.0,91200.0,91200.0,-8800.0
4169,Jazlyn Vang,flat,100.0,100000.0,50000.0,1931,0,0.0,93100.0,93100.0,-6900.0
4170,Jimmy Everett,flat,100.0,100000.0,50000.0,1881,0,0.0,88100.0,88100.0,-11900.0
4171,Noah Meyer,flat,100.0,100000.0,50000.0,2002,0,0.0,100200.0,100200.0,200.0
4172,Tristan Cruz,flat,100.0,100000.0,50000.0,1881,0,0.0,88100.0,88100.0,-11900.0
4173,Claire Adkins,flat,100.0,100000.0,50000.0,2001,0,0.0,100100.0,100100.0,100.0
4174,Kylo Gallegos,flat,100.0,100000.0,50000.0,1928,0,0.0,92800.0,92800.0,-7200.0
4175,Ari Chase,flat,100.0,100000.0,50000.0,1998,0,0.0,99800.0,99800.0,-200.0
4176,Otis McCullough,flat,100.0,100000.0,50000.0,1946,0,0.0,94600.0,94600.0,-5400.0
4177,Hana Duffy,flat,100.0,100000.0,50000.0,1883,0,0.0,88300.0,88300.0,-11700.0
4178,Kyng Conley,flat,100.0,100000.0,50000.0,1897,0,0.0,89700.0,89700.0,-10300.0
4179,Salem Brooks,flat,100.0,100000.0,50000.0,1809,0,0.0,80900.0,80900.0,-19100.0
4180,Jordan Bryant,flat,100.0,100000.0,50000.0,1930,0,0.0,93000.0,93000.0,-7000.0
4181,Parker Barajas,flat,100.0,100000.0,50000.0,1896,0,0.0,89600.0,89600.0,-10400.0
4182,Brennan Person,flat,100.0,100000.0,50000.0,1938,0,0.0,93800.0,93800.0,-6200.0
4183,Dylan Shelton,flat,100.0,100000.0,50000.0,1931,0,0.0,93100.0,93100.0,-6900.0
4184,Leonel Carroll,flat,100.0,100000.0,50000.0,1915,0,0.0,91500.0,91500.0,-8500.0
4185,Zara Mullins,flat,100.0,100000.0,50000.0,1892,0,0.0,89200.0,89200.0,-10800.0
4186,Allen Walters,flat,100.0,100000.0,50000.0,1878,0,0.0,87800.0,87800.0,-12200.0
4187,Samara Barry,flat,100.0,100000.0,50000.0,1860,0,0.0,86000.0,86000.0,-14000.0
4188,Emery Horton,flat,100.0,100000.0,50000.0,1930,0,0.0,93000.0,93000.0,-7000.0
4189,Aitana Shepherd,flat,100.0,100000.0,50000.0,1975,0,0.0,97500.0,97500.0,-2500.0
4190,Ronald Gross,flat,100.0,100000.0,50000.0,1965,0,0.0,96500.0,96500.0,-3500.0
4191,Angel Michael,flat,100.0,100000.0,50000.0,1866,0,0.0,86600.0,86600.0,-13400.0
4192,Bronson Michael,flat,100.0,100000.0,50000.0,1946,0,0.0,94600.0,94600.0,-5400.0
4193,Aubriella Duke,flat,100.0,100000.0,50000.0,1931,0,0.0,93100.0,93100.0,-6900.0
4194,Kalel Salazar,flat,100.0,100000.0,50000.0,2026,0,0.0,102600.0,102600.0,2600.0
4195,Freya Nash,flat,100.0,100000.0,50000.0,1892,0,0.0,89200.0,89200.0,-10800.0
4196,Chandler Hendricks,flat,100.0,100000.0,50000.0,1988,0,0.0,98800.0,98800.0,-1200.0
4197,Dani Boone,flat,100.0,100000.0,50000.0,1874,0,0.0,87400.0,87400.0,-12600.0
4198,Mauricio Day,flat,100.0,100000.0,50000.0,1980,0,0.0,98000.0,98000.0,-2000.0
4199,Hayden Jones,flat,100.0,100000.0,50000.0,1950,0,0.0,95000.0,95000.0,-5000.0
4200,William Little,flat,100.0,100000.0,50000.0,1879,0,0.0,87900.0,87900.0,-12100.0
4201,Harley Lindsey,flat,100.0,100000.0,50000.0,1932,0,0.0,93200.0,93200.0,-6800.0
4202,Jayson Sullivan,flat,100.0,100000.0,50000.0,1946,0,0.0,94600.0,94600.0,-5400.0
4203,Melanie Campbell,flat,100.0,100000.0,50000.0,1920,0,0.0,92000.0,92000.0,-8000.0
4204,Christopher Lozano,flat,100.0,100000.0,50000.0,1918,0,0.0,91800.0,91800.0,-8200.0
4205,Cecelia Parks,flat,100.0,100000.0,50000.0,1909,0,0.0,90900.0,90900.0,-9100.0
4206,Gianni Clements,flat,100.0,100000.0,50000.0,1883,0,0.0,88300.0,88300.0,-11700.0
4207,Cara Knox,flat,100.0,100000.0,50000.0,1936,0,0.0,93600.0,93600.0,-6400.0
4208,Valentin Simon,flat,100.0,100000.0,50000.0,1873,0,0.0,87300.0,87300.0,-12700.0
4209,Kalani Contreras,flat,100.0,100000.0,50000.0,1942,0,0.0,94200.0,94200.0,-5800.0
4210,Emilio Acevedo,flat,100.0,100000.0,50000.0,1948,0,0.0,94800.0,94800.0,-5200.0
4211,Ashlynn Peterson,flat,100.0,100000.0,50000.0,1948,0,0.0,94800.0,94800.0,-5200.0
4212,Santiago Randolph,flat,100.0,100000.0,50000.0,1936,0,0.0,93600.0,93600.0,-6400.0
4213,Kailey Crawford,flat,100.0,100000.0,50000.0,1962,0,0.0,96200.0,96200.0,-3800.0
4214,Kevin Tucker,flat,100.0,100000.0,50000.0,1904,0,0.0,90400.0,90400.0,-9600.0
4215,Esther Collier,flat,100.0,100000.0,50000.0,1914,0,0.0,91400.0,91400.0,-8600.0
4216,Edison Aguirre,flat,100.0,100000.0,50000.0,1989,0,0.0,98900.0,98900.0,-1100.0
4217,Ariah McCullough,flat,100.0,100000.0,50000.0,1998,0,0.0,99800.0,99800.0,-200.0
4218,Briar Bowman,flat,100.0,100000.0,50000.0,1948,0,0.0,94800.0,94800.0,-5200.0
4219,Fiona Guzman,flat,100.0,100000.0,50000.0,1923,0,0.0,92300.0,92300.0,-7700.0
4220,Jude Rhodes,flat,100.0,100000.0,50000.0,1999,0,0.0,99900.0,99900.0,-100.0
4221,Tatum Shepard,flat,100.0,100000.0,50000.0,1902,0,0.0,90200.0,90200.0,-9800.0
4222,Damari Douglas,flat,100.0,100000.0,50000.0,1996,0,0.0,99600.0,99600.0,-400.0
4223,Aniyah Montgomery,flat,100.0,100000.0,50000.0,1901,0,0.0,90100.0,90100.0,-9900.0
4224,Maximiliano Ramirez,flat,100.0,100000.0,50000.0,2039,0,0.0,103900.0,103900.0,3900.0
4225,Grace Collins,flat,100.0,100000.0,50000.0,1902,0,0.0,90200.0,90200.0,-9800.0
4226,Miles Lynch,flat,100.0,100000.0,50000.0,2011,0,0.0,101100.0,101100.0,1100.0
4227,Malia Whitney,flat,100.0,100000.0,50000.0,1889,0,0.0,88900.0,88900.0,-11100.0
4228,Jeffery Lopez,flat,100.0,100000.0,50000.0,2017,0,0.0,101700.0,101700.0,1700.0
4229,Gianna Brandt,flat,100.0,100000.0,50000.0,1933,0,0.0,93300.0,93300.0,-6700.0
4230,Damir Leon,flat,100.0,100000.0,50000.0,1977,0,0.0,97700.0,97700.0,-2300.0
4231,Amora Maynard,flat,100.0,100000.0,50000.0,1992,0,0.0,99200.0,99200.0,-800.0
4232,Landry Norman,flat,100.0,100000.0,50000.0,2008,0,0.0,100800.0,100800.0,800.0
4233,Malani Robertson,flat,100.0,100000.0,50000.0,1931,0,0.0,93100.0,93100.0,-6900.0
4234,Emiliano Mills,flat,100.0,100000.0,50000.0,1900,0,0.0,90000.0,90000.0,-10000.0
4235,June Warren,flat,100.0,100000.0,50000.0,2052,0,0.0,105200.0,105200.0,5200.0
4236,Abel Bautista,flat,100.0,100000.0,50000.0,1947,0,0.0,94700.0,94700.0,-5300.0
4237,Antonella Ruiz,flat,100.0,100000.0,50000.0,2020,0,0.0,102000.0,102000.0,2000.0
4238,Austin Ellison,flat,100.0,100000.0,50000.0,1908,0,0.0,90800.0,90800.0,-9200.0
4239,Raina Rangel,flat,100.0,100000.0,50000.0,1863,0,0.0,86300.0,86300.0,-13700.0
4240,Saint Tapia,flat,100.0,100000.0,50000.0,1963,0,0.0,96300.0,96300.0,-3700.0
4241,Michaela Davenport,flat,100.0,100000.0,50000.0,1966,0,0.0,96600.0,96600.0,-3400.0
4242,Dariel Garner,flat,100.0,100000.0,50000.0,1966,0,0.0,96600.0,96600.0,-3400.0
4243,Jacqueline Brooks,flat,100.0,100000.0,50000.0,1899,0,0.0,89900.0,89900.0,-10100.0
4244,Jordan Montes,flat,100.0,100000.0,50000.0,1969,0,0.0,96900.0,96900.0,-3100.0
4245,Roselyn Miles,flat,100.0,100000.0,50000.0,1951,0,0.0,95100.0,95100.0,-4900.0
4246,Jared Lin,flat,100.0,100000.0,50000.0,1946,0,0.0,94600.0,94600.0,-5400.0
4247,Makenna Gray,flat,100.0,100000.0,50000.0,1966,0,0.0,96600.0,96600.0,-3400.0
4248,Nicholas Pruitt,flat,100.0,100000.0,50000.0,1941,0,0.0,94100.0,94100.0,-5900.0
4249,Brylee Sanford,flat,100.0,100000.0,50000.0,1962,0,0.0,96200.0,96200.0,-3800.0
4250,Truett Reyes,flat,100.0,100000.0,50000.0,1998,0,0.0,99800.0,99800.0,-200.0
4251,Audrey Ingram,flat,100.0,100000.0,50000.0,1981,0,0.0,98100.0,98100.0,-1900.0
4252,Tripp McCarty,flat,100.0,100000.0,50000.0,1921,0,0.0,92100.0,92100.0,-7900.0
4253,Halo Nunez,flat,100.0,100000.0,50000.0,1809,0,0.0,80900.0,80900.0,-19100.0
4254,Caden Buck,flat,100.0,100000.0,50000.0,2003,0,0.0,100300.0,100300.0,300.0
4255,Livia Maldonado,flat,100.0,100000.0,50000.0,1930,0,0.0,93000.0,93000.0,-7000.0
4256,Javier Cervantes,flat,100.0,100000.0,50000.0,1907,0,0.0,90700.0,90700.0,-9300.0
4257,Aylin Dejesus,flat,100.0,100000.0,50000.0,1990,0,0.0,99000.0,99000.0,-1000.0
4258,Rio Brewer,flat,100.0,100000.0,50000.0,1993,0,0.0,99300.0,99300.0,-700.0
4259,Thea Galvan,flat,100.0,100000.0,50000.0,1955,0,0.0,95500.0,95500.0,-4500.0
4260,Kingsley Arroyo,flat,100.0,100000.0,50000.0,1932,0,0.0,93200.0,93200.0,-6800.0
4261,Kyra Baldwin,flat,100.0,100000.0,50000.0,1995,0,0.0,99500.0,99500.0,-500.0
4262,Jaiden McCann,flat,100.0,100000.0,50000.0,1946,0,0.0,94600.0,94600.0,-5400.0
4263,Joyce Davenport,flat,100.0,100000.0,50000.0,1929,0,0.0,92900.0,92900.0,-7100.0
4264,Dariel Cross,flat,100.0,100000.0,50000.0,1976,0,0.0,97600.0,97600.0,-2400.0
4265,Nayeli Salazar,flat,100.0,100000.0,50000.0,1999,0,0.0,99900.0,99900.0,-100.0
4266,Brody Walton,flat,100.0,100000.0,50000.0,1955,0,0.0,95500.0,95500.0,-4500.0
4267,Scarlet Nolan,flat,100.0,100000.0,50000.0,1942,0,0.0,94200.0,94200.0,-5800.0
4268,Maximo Yoder,flat,100.0,100000.0,50000.0,1922,0,0.0,92200.0,92200.0,-7800.0
4269,Emerie Vazquez,flat,100.0,100000.0,50000.0,1893,0,0.0,89300.0,89300.0,-10700.0
4270,Jesse Valdez,flat,100.0,100000.0,50000.0,1996,0,0.0,99600.0,99600.0,-400.0
4271,Diana Michael,flat,100.0,100000.0,50000.0,2034,0,0.0,103400.0,103400.0,3400.0
4272,Bronson Daniels,flat,100.0,100000.0,50000.0,1969,0,0.0,96900.0,96900.0,-3100.0
4273,Ember Xiong,flat,100.0,100000.0,50000.0,2011,0,0.0,101100.0,101100.0,1100.0
4274,Azrael Sparks,flat,100.0,100000.0,50000.0,1907,0,0.0,90700.0,90700.0,-9300.0
4275,Aisha Carson,flat,100.0,100000.0,50000.0,2027,0,0.0,102700.0,102700.0,2700.0
4276,Ares Jaramillo,flat,100.0,100000.0,50000.0,1973,0,0.0,97300.0,97300.0,-2700.0
4277,Guadalupe Garrison,flat,100.0,100000.0,50000.0,1900,0,0.0,90000.0,90000.0,-10000.0
4278,Noe Castillo,flat,100.0,100000.0,50000.0,1878,0,0.0,87800.0,87800.0,-12200.0
4279,Eva Holt,flat,100.0,100000.0,50000.0,2028,0,0.0,102800.0,102800.0,2800.0
4280,Niko Lugo,flat,100.0,100000.0,50000.0,1926,0,0.0,92600.0,92600.0,-7400.0
4281,Kaylie Bradshaw,flat,100.0,100000.0,50000.0,1971,0,0.0,97100.0,97100.0,-2900.0
4282,Emory Randall,flat,100.0,100000.0,50000.0,1871,0,0.0,87100.0,87100.0,-12900.0
4283,Christina Shannon,flat,100.0,100000.0,50000.0,1934,0,0.0,93400.0,93400.0,-6600.0
4284,Eliel Cabrera,flat,100.0,100000.0,50000.0,1936,0,0.0,93600.0,93600.0,-6400.0
4285,Daleyza Ventura,flat,100.0,100000.0,50000.0,1938,0,0.0,93800.0,93800.0,-6200.0
4286,Branson Horne,flat,100.0,100000.0,50000.0,1877,0,0.0,87700.0,87700.0,-12300.0
4287,Marlowe Wolf,flat,100.0,100000.0,50000.0,1944,0,0.0,94400.0,94400.0,-5600.0
4288,Jase Goodwin,flat,100.0,100000.0,50000.0,1980,0,0.0,98000.0,98000.0,-2000.0
4289,Shiloh Phillips,flat,100.0,100000.0,50000.0,2036,0,0.0,103600.0,103600.0,3600.0
4290,Andrew Stewart,flat,100.0,100000.0,50000.0,1939,0,0.0,93900.0,93900.0,-6100.0
4291,Maya Person,flat,100.0,100000.0,50000.0,1979,0,0.0,97900.0,97900.0,-2100.0
4292,Moses Hill,flat,100.0,100000.0,50000.0,1930,0,0.0,93000.0,93000.0,-7000.0
4293,Hannah Anderson,flat,100.0,100000.0,50000.0,1949,0,0.0,94900.0,94900.0,-5100.0
4294,Jacob Mays,flat,100.0,100000.0,50000.0,1944,0,0.0,94400.0,94400.0,-5600.0
4295,Denisse Simpson,flat,100.0,100000.0,50000.0,1844,0,0.0,84400.0,84400.0,-15600.0
4296,Elliott Dalton,flat,100.0,100000.0,50000.0,1885,0,0.0,88500.0,88500.0,-11500.0
4297,Lilian Freeman,flat,100.0,100000.0,50000.0,1884,0,0.0,88400.0,88400.0,-11600.0
4298,Jayce Nelson,flat,100.0,100000.0,50000.0,1943,0,0.0,94300.0,94300.0,-5700.0
4299,Everly Acosta,flat,100.0,100000.0,50000.0,1900,0,0.0,90000.0,90000.0,-10000.0
4300,Jensen Horn,flat,100.0,100000.0,50000.0,1861,0,0.0,86100.0,86100.0,-13900.0
4301,Avah David,flat,100.0,100000.0,50000.0,1867,0,0.0,86700.0,86700.0,-13300.0
4302,Alonso Christensen,flat,100.0,100000.0,50000.0,1988,0,0.0,98800.0,98800.0,-1200.0
4303,Carmen Flores,flat,100.0,100000.0,50000.0,1937,0,0.0,93700.0,93700.0,-6300.0
4304,Lincoln Garza,flat,100.0,100000.0,50000.0,1931,0,0.0,93100.0,93100.0,-6900.0
4305,River Price,flat,100.0,100000.0,50000.0,1962,0,0.0,96200.0,96200.0,-3800.0
4306,Brooks Williams,flat,100.0,100000.0,50000.0,1943,0,0.0,94300.0,94300.0,-5700.0
4307,Ava Hammond,flat,100.0,100000.0,50000.0,1923,0,0.0,92300.0,92300.0,-7700.0
4308,Francis Malone,flat,100.0,100000.0,50000.0,1914,0,0.0,91400.0,91400.0,-8600.0
4309,Skyler Monroe,flat,100.0,100000.0,50000.0,1901,0,0.0,90100.0,90100.0,-9900.0
4310,Colby Reese,flat,100.0,100000.0,50000.0,1983,0,0.0,98300.0,98300.0,-1700.0
4311,Rosemary Browning,flat,100.0,100000.0,50000.0,1960,0,0.0,96000.0,96000.0,-4000.0
4312,Rohan Vu,flat,100.0,100000.0,50000.0,1908,0,0.0,90800.0,90800.0,-9200.0
4313,Kimora Crawford,flat,100.0,100000.0,50000.0,1950,0,0.0,95000.0,95000.0,-5000.0
4314,Kevin Glass,flat,100.0,100000.0,50000.0,2002,0,0.0,100200.0,100200.0,200.0
4315,Clare Bowers,flat,100.0,100000.0,50000.0,1915,0,0.0,91500.0,91500.0,-8500.0
4316,Dorian Conway,flat,100.0,100000.0,50000.0,1916,0,0.0,91600.0,91600.0,-8400.0
4317,Ryann Hartman,flat,100.0,100000.0,50000.0,1878,0,0.0,87800.0,87800.0,-12200.0
4318,Baker Austin,flat,100.0,100000.0,50000.0,1989,0,0.0,98900.0,98900.0,-1100.0
4319,Alivia Villegas,flat,100.0,100000.0,50000.0,1909,0,0.0,90900.0,90900.0,-9100.0
4320,Clyde Valdez,flat,100.0,100000.0,50000.0,1919,0,0.0,91900.0,91900.0,-8100.0
4321,Diana Whitaker,flat,100.0,100000.0,50000.0,1907,0,0.0,90700.0,90700.0,-9300.0
4322,Keith Burnett,flat,100.0,100000.0,50000.0,1895,0,0.0,89500.0,89500.0,-10500.0
4323,Emberly Myers,flat,100.0,100000.0,50000.0,1887,0,0.0,88700.0,88700.0,-11300.0
4324,Adam Romero,flat,100.0,100000.0,50000.0,1951,0,0.0,95100.0,95100.0,-4900.0
4325,Eliza Herring,flat,100.0,100000.0,50000.0,2002,0,0.0,100200.0,100200.0,200.0
4326,Henrik Hodges,flat,100.0,100000.0,50000.0,1935,0,0.0,93500.0,93500.0,-6500.0
4327,Eve Sims,flat,100.0,100000.0,50000.0,1835,0,0.0,83500.0,83500.0,-16500.0
4328,Brian Potter,flat,100.0,100000.0,50000.0,2031,0,0.0,103100.0,103100.0,3100.0
4329,Rory Miles,flat,100.0,100000.0,50000.0,1913,0,0.0,91300.0,91300.0,-8700.0
4330,Jared Davidson,flat,100.0,100000.0,50000.0,1929,0,0.0,92900.0,92900.0,-7100.0
4331,Jayla Galindo,flat,100.0,100000.0,50000.0,1958,0,0.0,95800.0,95800.0,-4200.0
4332,Salvatore Gray,flat,100.0,100000.0,50000.0,1944,0,0.0,94400.0,94400.0,-5600.0
4333,Sarah Molina,flat,100.0,100000.0,50000.0,1977,0,0.0,97700.0,97700.0,-2300.0
4334,Prince Ramsey,flat,100.0,100000.0,50000.0,1979,0,0.0,97900.0,97900.0,-2100.0
4335,Lyric Richardson,flat,100.0,100000.0,50000.0,1846,0,0.0,84600.0,84600.0,-15400.0
4336,Robert Schmidt,flat,100.0,100000.0,50000.0,1986,0,0.0,98600.0,98600.0,-1400.0
4337,Kimberly Walton,flat,100.0,100000.0,50000.0,2018,0,0.0,101800.0,101800.0,1800.0
4338,Dominick Yoder,flat,100.0,100000.0,50000.0,1986,0,0.0,98600.0,98600.0,-1400.0
4339,Emerie Kelley,flat,100.0,100000.0,50000.0,1975,0,0.0,97500.0,97500.0,-2500.0
4340,Eric Manning,flat,100.0,100000.0,50000.0,2018,0,0.0,101800.0,101800.0,1800.0
4341,Jennifer Curry,flat,100.0,100000.0,50000.0,2023,0,0.0,102300.0,102300.0,2300.0
4342,Briggs Johnson,flat,100.0,100000.0,50000.0,2000,0,0.0,100000.0,100000.0,0.0
4343,Emma Clayton,flat,100.0,100000.0,50000.0,1972,0,0.0,97200.0,97200.0,-2800.0
4344,Boston Walsh,flat,100.0,100000.0,50000.0,2006,0,0.0,100600.0,100600.0,600.0
4345,Leia Rivas,flat,100.0,100000.0,50000.0,1943,0,0.0,94300.0,94300.0,-5700.0
4346,Damon Villegas,flat,100.0,100000.0,50000.0,1896,0,0.0,89600.0,89600.0,-10400.0
4347,Jessie McCann,flat,100.0,100000.0,50000.0,1874,0,0.0,87400.0,87400.0,-12600.0
4348,Heath Dunlap,flat,100.0,100000.0,50000.0,1947,0,0.0,94700.0,94700.0,-5300.0
4349,Iliana Cooper,flat,100.0,100000.0,50000.0,1979,0,0.0,97900.0,97900.0,-2100.0
4350,Jonathan Dougherty,flat,100.0,100000.0,50000.0,1970,0,0.0,97000.0,97000.0,-3000.0
4351,Alisson Clements,flat,100.0,100000.0,50000.0,1937,0,0.0,93700.0,93700.0,-6300.0
4352,Fisher Acevedo,flat,100.0,100000.0,50000.0,1935,0,0.0,93500.0,93500.0,-6500.0
4353,Ashlynn Lang,flat,100.0,100000.0,50000.0,1976,0,0.0,97600.0,97600.0,-2400.0
4354,Wells Dunlap,flat,100.0,100000.0,50000.0,1925,0,0.0,92500.0,92500.0,-7500.0
4355,Iliana Calderon,flat,100.0,100000.0,50000.0,1975,0,0.0,97500.0,97500.0,-2500.0
4356,Oakley Becker,flat,100.0,100000.0,50000.0,1923,0,0.0,92300.0,92300.0,-7700.0
4357,Laura Fields,flat,100.0,100000.0,50000.0,1936,0,0.0,93600.0,93600.0,-6400.0
4358,Clayton Austin,flat,100.0,100000.0,50000.0,1968,0,0.0,96800.0,96800.0,-3200.0
4359,Alivia McIntosh,flat,100.0,100000.0,50000.0,1949,0,0.0,94900.0,94900.0,-5100.0
4360,Kristian Owen,flat,100.0,100000.0,50000.0,1963,0,0.0,96300.0,96300.0,-3700.0
4361,Mikayla Myers,flat,100.0,100000.0,50000.0,1962,0,0.0,96200.0,96200.0,-3800.0
4362,Adam Lugo,flat,100.0,100000.0,50000.0,2000,0,0.0,100000.0,100000.0,0.0
4363,Kaylie Booker,flat,100.0,100000.0,50000.0,1963,0,0.0,96300.0,96300.0,-3700.0
4364,Dominik Ortega,flat,100.0,100000.0,50000.0,1977,0,0.0,97700.0,97700.0,-2300.0
4365,Lilah Ross,flat,100.0,100000.0,50000.0,1975,0,0.0,97500.0,97500.0,-2500.0
4366,Wesley Friedman,flat,100.0,100000.0,50000.0,1899,0,0.0,89900.0,89900.0,-10100.0
4367,Aspyn Ruiz,flat,100.0,100000.0,50000.0,2000,0,0.0,100000.0,100000.0,0.0
4368,Austin Foster,flat,100.0,100000.0,50000.0,1886,0,0.0,88600.0,88600.0,-11400.0
4369,Brielle Rocha,flat,100.0,100000.0,50000.0,1947,0,0.0,94700.0,94700.0,-5300.0
4370,Onyx Juarez,flat,100.0,100000.0,50000.0,1941,0,0.0,94100.0,94100.0,-5900.0
4371,Juliet Morris,flat,100.0,100000.0,50000.0,1999,0,0.0,99900.0,99900.0,-100.0
4372,Christian Ayala,flat,100.0,100000.0,50000.0,1868,0,0.0,86800.0,86800.0,-13200.0
4373,Blair Webster,flat,100.0,100000.0,50000.0,2003,0,0.0,100300.0,100300.0,300.0
4374,Shawn Roth,flat,100.0,100000.0,50000.0,1913,0,0.0,91300.0,91300.0,-8700.0
4375,Elliot Logan,flat,100.0,100000.0,50000.0,1966,0,0.0,96600.0,96600.0,-3400.0
4376,Rocco Vu,flat,100.0,100000.0,50000.0,2015,0,0.0,101500.0,101500.0,1500.0
4377,Kimora Flowers,flat,100.0,100000.0,50000.0,1958,0,0.0,95800.0,95800.0,-4200.0
4378,Saul Contreras,flat,100.0,100000.0,50000.0,1883,0,0.0,88300.0,88300.0,-11700.0
4379,Daniela Russo,flat,100.0,100000.0,50000.0,2007,0,0.0,100700.0,100700.0,700.0
4380,Jamie Solis,flat,100.0,100000.0,50000.0,1933,0,0.0,93300.0,93300.0,-6700.0
4381,Miracle Simon,flat,100.0,100000.0,50000.0,1977,0,0.0,97700.0,97700.0,-2300.0
4382,Zayne Harrington,flat,100.0,100000.0,50000.0,1901,0,0.0,90100.0,90100.0,-9900.0
4383,Legacy Hickman,flat,100.0,100000.0,50000.0,1920,0,0.0,92000.0,92000.0,-8000.0
4384,Jakobe Ellison,flat,100.0,100000.0,50000.0,1964,0,0.0,96400.0,96400.0,-3600.0
4385,Raina Pena,flat,100.0,100000.0,50000.0,1965,0,0.0,96500.0,96500.0,-3500.0
4386,Marcus Sparks,flat,100.0,100000.0,50000.0,1991,0,0.0,99100.0,99100.0,-900.0
4387,Aisha Robinson,flat,100.0,100000.0,50000.0,1965,0,0.0,96500.0,96500.0,-3500.0
4388,Matthew Meza,flat,100.0,100000.0,50000.0,1957,0,0.0,95700.0,95700.0,-4300.0
4389,Rosa Lang,flat,100.0,100000.0,50000.0,1966,0,0.0,96600.0,96600.0,-3400.0
4390,Wells Woodward,flat,100.0,100000.0,50000.0,1900,0,0.0,90000.0,90000.0,-10000.0
4391,Drew Trejo,flat,100.0,100000.0,50000.0,1887,0,0.0,88700.0,88700.0,-11300.0
4392,Wesson Smith,flat,100.0,100000.0,50000.0,1957,0,0.0,95700.0,95700.0,-4300.0
4393,Olivia Oliver,flat,100.0,100000.0,50000.0,1932,0,0.0,93200.0,93200.0,-6800.0
4394,Karson Walker,flat,100.0,100000.0,50000.0,1939,0,0.0,93900.0,93900.0,-6100.0
4395,Hazel Harding,flat,100.0,100000.0,50000.0,1950,0,0.0,95000.0,95000.0,-5000.0
4396,Brodie Casey,flat,100.0,100000.0,50000.0,1950,0,0.0,95000.0,95000.0,-5000.0
4397,Sylvia Melendez,flat,100.0,100000.0,50000.0,1929,0,0.0,92900.0,92900.0,-7100.0
4398,Nikolas Jensen,flat,100.0,100000.0,50000.0,1936,0,0.0,93600.0,93600.0,-6400.0
4399,Jane Hammond,flat,100.0,100000.0,50000.0,1903,0,0.0,90300.0,90300.0,-9700.0
4400,Francis Esquivel,flat,100.0,100000.0,50000.0,1900,0,0.0,90000.0,90000.0,-10000.0
4401,Jaylee Gilmore,flat,100.0,100000.0,50000.0,2003,0,0.0,100300.0,100300.0,300.0
4402,Vihaan Mejia,flat,100.0,100000.0,50000.0,1893,0,0.0,89300.0,89300.0,-10700.0
4403,Saylor Gomez,flat,100.0,100000.0,50000.0,1967,0,0.0,96700.0,96700.0,-3300.0
4404,Isaiah Hanna,flat,100.0,100000.0,50000.0,2050,0,0.0,105000.0,105000.0,5000.0
4405,Cynthia Soto,flat,100.0,100000.0,50000.0,1988,0,0.0,98800.0,98800.0,-1200.0
4406,Barrett Olson,flat,100.0,100000.0,50000.0,2026,0,0.0,102600.0,102600.0,2600.0
4407,Isabel Mann,flat,100.0,100000.0,50000.0,1899,0,0.0,89900.0,89900.0,-10100.0
4408,Nehemiah Navarro,flat,100.0,100000.0,50000.0,1969,0,0.0,96900.0,96900.0,-3100.0
4409,Winter Pierce,flat,100.0,100000.0,50000.0,1949,0,0.0,94900.0,94900.0,-5100.0
4410,Nicolas Arnold,flat,100.0,100000.0,50000.0,1905,0,0.0,90500.0,90500.0,-9500.0
4411,Finley Dudley,flat,100.0,100000.0,50000.0,1913,0,0.0,91300.0,91300.0,-8700.0
4412,Colter Shelton,flat,100.0,100000.0,50000.0,2007,0,0.0,100700.0,100700.0,700.0
4413,Makenzie Farrell,flat,100.0,100000.0,50000.0,1891,0,0.0,89100.0,89100.0,-10900.0
4414,Ty Miles,flat,100.0,100000.0,50000.0,1890,0,0.0,89000.0,89000.0,-11000.0
4415,Alessandra Potts,flat,100.0,100000.0,50000.0,1941,0,0.0,94100.0,94100.0,-5900.0
4416,Alfred Mata,flat,100.0,100000.0,50000.0,1923,0,0.0,92300.0,92300.0,-7700.0
4417,Lillie Michael,flat,100.0,100000.0,50000.0,1926,0,0.0,92600.0,92600.0,-7400.0
4418,Bronson Hart,flat,100.0,100000.0,50000.0,1938,0,0.0,93800.0,93800.0,-6200.0
4419,Gemma Knight,flat,100.0,100000.0,50000.0,1931,0,0.0,93100.0,93100.0,-6900.0
4420,Beckett Ruiz,flat,100.0,100000.0,50000.0,1979,0,0.0,97900.0,97900.0,-2100.0
4421,Emery Cooper,flat,100.0,100000.0,50000.0,1935,0,0.0,93500.0,93500.0,-6500.0
4422,Jonathan Larson,flat,100.0,100000.0,50000.0,1938,0,0.0,93800.0,93800.0,-6200.0
4423,Alayna Jaramillo,flat,100.0,100000.0,50000.0,1922,0,0.0,92200.0,92200.0,-7800.0
4424,Riggs Felix,flat,100.0,100000.0,50000.0,1937,0,0.0,93700.0,93700.0,-6300.0
4425,Paisleigh Carson,flat,100.0,100000.0,50000.0,1887,0,0.0,88700.0,88700.0,-11300.0
4426,Ares Walsh,flat,100.0,100000.0,50000.0,1956,0,0.0,95600.0,95600.0,-4400.0
4427,Leia Abbott,flat,100.0,100000.0,50000.0,1889,0,0.0,88900.0,88900.0,-11100.0
4428,Kohen Odom,flat,100.0,100000.0,50000.0,1987,0,0.0,98700.0,98700.0,-1300.0
4429,Laylani Bentley,flat,100.0,100000.0,50000.0,1921,0,0.0,92100.0,92100.0,-7900.0
4430,Randy Alvarado,flat,100.0,100000.0,50000.0,2011,0,0.0,101100.0,101100.0,1100.0
4431,Blake Cook,flat,100.0,100000.0,50000.0,1946,0,0.0,94600.0,94600.0,-5400.0
4432,Ezekiel Mason,flat,100.0,100000.0,50000.0,1905,0,0.0,90500.0,90500.0,-9500.0
4433,Sienna Norton,flat,100.0,100000.0,50000.0,1971,0,0.0,97100.0,97100.0,-2900.0
4434,Callen McCann,flat,100.0,100000.0,50000.0,1934,0,0.0,93400.0,93400.0,-6600.0
4435,Joyce Duncan,flat,100.0,100000.0,50000.0,1971,0,0.0,97100.0,97100.0,-2900.0
4436,Avery Bond,flat,100.0,100000.0,50000.0,1916,0,0.0,91600.0,91600.0,-8400.0
4437,Alena Todd,flat,100.0,100000.0,50000.0,1964,0,0.0,96400.0,96400.0,-3600.0
4438,Baylor Ventura,flat,100.0,100000.0,50000.0,1924,0,0.0,92400.0,92400.0,-7600.0
4439,Zora Gilmore,flat,100.0,100000.0,50000.0,1859,0,0.0,85900.0,85900.0,-14100.0
4440,Vihaan Stuart,flat,100.0,100000.0,50000.0,1905,0,0.0,90500.0,90500.0,-9500.0
4441,Stormi Villanueva,flat,100.0,100000.0,50000.0,1994,0,0.0,99400.0,99400.0,-600.0
4442,Huxley Bruce,flat,100.0,100000.0,50000.0,2032,0,0.0,103200.0,103200.0,3200.0
4443,Marilyn Spence,flat,100.0,100000.0,50000.0,1999,0,0.0,99900.0,99900.0,-100.0
4444,Cillian Poole,flat,100.0,100000.0,50000.0,1901,0,0.0,90100.0,90100.0,-9900.0
4445,Bonnie McGuire,flat,100.0,100000.0,50000.0,1868,0,0.0,86800.0,86800.0,-13200.0
4446,Casey Medina,flat,100.0,100000.0,50000.0,1900,0,0.0,90000.0,90000.0,-10000.0
4447,Elliana Randolph,flat,100.0,100000.0,50000.0,1942,0,0.0,94200.0,94200.0,-5800.0
4448,Eugene Khan,flat,100.0,100000.0,50000.0,1964,0,0.0,96400.0,96400.0,-3600.0
4449,Mabel Fuller,flat,100.0,100000.0,50000.0,1905,0,0.0,90500.0,90500.0,-9500.0
4450,Andre Stafford,flat,100.0,100000.0,50000.0,1900,0,0.0,90000.0,90000.0,-10000.0
4451,Bridget Cortez,flat,100.0,100000.0,50000.0,1972,0,0.0,97200.0,97200.0,-2800.0
4452,Zayn Fisher,flat,100.0,100000.0,50000.0,1892,0,0.0,89200.0,89200.0,-10800.0
4453,Arya Pruitt,flat,100.0,100000.0,50000.0,1931,0,0.0,93100.0,93100.0,-6900.0
4454,Gatlin Schultz,flat,100.0,100000.0,50000.0,1998,0,0.0,99800.0,99800.0,-200.0
4455,Briella Duke,flat,100.0,100000.0,50000.0,2002,0,0.0,100200.0,100200.0,200.0
4456,Kalel Rogers,flat,100.0,100000.0,50000.0,1969,0,0.0,96900.0,96900.0,-3100.0
4457,Madelyn Aguirre,flat,100.0,100000.0,50000.0,1999,0,0.0,99900.0,99900.0,-100.0
4458,Andy Decker,flat,100.0,100000.0,50000.0,2033,0,0.0,103300.0,103300.0,3300.0
4459,Aleena McLaughlin,flat,100.0,100000.0,50000.0,1993,0,0.0,99300.0,99300.0,-700.0
4460,Ibrahim Rubio,flat,100.0,100000.0,50000.0,2001,0,0.0,100100.0,100100.0,100.0
4461,Hadassah Garner,flat,100.0,100000.0,50000.0,1923,0,0.0,92300.0,92300.0,-7700.0
4462,Sage Avery,flat,100.0,100000.0,50000.0,1882,0,0.0,88200.0,88200.0,-11800.0
4463,Meghan Sexton,flat,100.0,100000.0,50000.0,1939,0,0.0,93900.0,93900.0,-6100.0
4464,Mylo Paul,flat,100.0,100000.0,50000.0,2021,0,0.0,102100.0,102100.0,2100.0
4465,Daphne Petersen,flat,100.0,100000.0,50000.0,1923,0,0.0,92300.0,92300.0,-7700.0
4466,Samson Saunders,flat,100.0,100000.0,50000.0,1965,0,0.0,96500.0,96500.0,-3500.0
4467,Meadow Vu,flat,100.0,100000.0,50000.0,1925,0,0.0,92500.0,92500.0,-7500.0
4468,Kamdyn Gibbs,flat,100.0,100000.0,50000.0,1926,0,0.0,92600.0,92600.0,-7400.0
4469,Carter Harding,flat,100.0,100000.0,50000.0,1996,0,0.0,99600.0,99600.0,-400.0
4470,Brodie Case,flat,100.0,100000.0,50000.0,1999,0,0.0,99900.0,99900.0,-100.0
4471,Cleo Bishop,flat,100.0,100000.0,50000.0,1994,0,0.0,99400.0,99400.0,-600.0
4472,Paxton Corona,flat,100.0,100000.0,50000.0,1974,0,0.0,97400.0,97400.0,-2600.0
4473,Marianna Beck,flat,100.0,100000.0,50000.0,1930,0,0.0,93000.0,93000.0,-7000.0
4474,Eduardo Reyna,flat,100.0,100000.0,50000.0,1920,0,0.0,92000.0,92000.0,-8000.0
4475,Luella Kelley,flat,100.0,100000.0,50000.0,1956,0,0.0,95600.0,95600.0,-4400.0
4476,Eric Alvarado,flat,100.0,100000.0,50000.0,2005,0,0.0,100500.0,100500.0,500.0
4477,Blake Mercado,flat,100.0,100000.0,50000.0,1894,0,0.0,89400.0,89400.0,-10600.0
4478,Abram Leonard,flat,100.0,100000.0,50000.0,2006,0,0.0,100600.0,100600.0,600.0
4479,Demi Miranda,flat,100.0,100000.0,50000.0,1980,0,0.0,98000.0,98000.0,-2000.0
4480,Rory Ahmed,flat,100.0,100000.0,50000.0,1940,0,0.0,94000.0,94000.0,-6000.0
4481,Jolie Reese,flat,100.0,100000.0,50000.0,1930,0,0.0,93000.0,93000.0,-7000.0
4482,Alijah Vang,flat,100.0,100000.0,50000.0,1943,0,0.0,94300.0,94300.0,-5700.0
4483,Madisyn Patton,flat,100.0,100000.0,50000.0,1870,0,0.0,87000.0,87000.0,-13000.0
4484,Moises Blevins,flat,100.0,100000.0,50000.0,1886,0,0.0,88600.0,88600.0,-11400.0
4485,Aila Douglas,flat,100.0,100000.0,50000.0,1961,0,0.0,96100.0,96100.0,-3900.0
4486,Derek Moreno,flat,100.0,100000.0,50000.0,1969,0,0.0,96900.0,96900.0,-3100.0
4487,Mary Soto,flat,100.0,100000.0,50000.0,1944,0,0.0,94400.0,94400.0,-5600.0
4488,Barrett Trevino,flat,100.0,100000.0,50000.0,2069,0,0.0,106900.0,106900.0,6900.0
4489,Priscilla Ramsey,flat,100.0,100000.0,50000.0,1919,0,0.0,91900.0,91900.0,-8100.0
4490,Luciano Klein,flat,100.0,100000.0,50000.0,1940,0,0.0,94000.0,94000.0,-6000.0
4491,Elianna Gaines,flat,100.0,100000.0,50000.0,1925,0,0.0,92500.0,92500.0,-7500.0
4492,Talon Walls,flat,100.0,100000.0,50000.0,1959,0,0.0,95900.0,95900.0,-4100.0
4493,Lilianna Bailey,flat,100.0,100000.0,50000.0,1933,0,0.0,93300.0,93300.0,-6700.0
4494,Axel Bell,flat,100.0,100000.0,50000.0,1937,0,0.0,93700.0,93700.0,-6300.0
4495,Melody Simpson,flat,100.0,100000.0,50000.0,2051,0,0.0,105100.0,105100.0,5100.0
4496,Elliott Lawson,flat,100.0,100000.0,50000.0,1991,0,0.0,99100.0,99100.0,-900.0
4497,Phoebe Garrison,flat,100.0,100000.0,50000.0,1955,0,0.0,95500.0,95500.0,-4500.0
4498,Noe Parker,flat,100.0,100000.0,50000.0,1953,0,0.0,95300.0,95300.0,-4700.0
4499,Aubrey Pittman,flat,100.0,100000.0,50000.0,1996,0,0.0,99600.0,99600.0,-400.0
4500,Valentino Compton,flat,100.0,100000.0,50000.0,1990,0,0.0,99000.0,99000.0,-1000.0
4501,Elina Cabrera,flat,100.0,100000.0,50000.0,1930,0,0.0,93000.0,93000.0,-7000.0
4502,Cade Trejo,flat,100.0,100000.0,50000.0,1911,0,0.0,91100.0,91100.0,-8900.0
4503,Rosalyn Wade,flat,100.0,100000.0,50000.0,1899,0,0.0,89900.0,89900.0,-10100.0
4504,Jake Lim,flat,100.0,100000.0,50000.0,1911,0,0.0,91100.0,91100.0,-8900.0
4505,Giavanna Navarro,flat,100.0,100000.0,50000.0,1961,0,0.0,96100.0,96100.0,-3900.0
4506,Reid Yates,flat,100.0,100000.0,50000.0,2000,0,0.0,100000.0,100000.0,0.0
4507,Charley Sawyer,flat,100.0,100000.0,50000.0,1933,0,0.0,93300.0,93300.0,-6700.0
4508,Jefferson Blackwell,flat,100.0,100000.0,50000.0,1990,0,0.0,99000.0,99000.0,-1000.0
4509,Saoirse Davenport,flat,100.0,100000.0,50000.0,1955,0,0.0,95500.0,95500.0,-4500.0
4510,Dariel Pope,flat,100.0,100000.0,50000.0,1971,0,0.0,97100.0,97100.0,-2900.0
4511,Aurelia Tucker,flat,100.0,100000.0,50000.0,1916,0,0.0,91600.0,91600.0,-8400.0
4512,Ivan Benton,flat,100.0,100000.0,50000.0,1978,0,0.0,97800.0,97800.0,-2200.0
4513,Anais Erickson,flat,100.0,100000.0,50000.0,2021,0,0.0,102100.0,102100.0,2100.0
4514,Johnny Shelton,flat,100.0,100000.0,50000.0,1987,0,0.0,98700.0,98700.0,-1300.0
4515,Makenzie Burke,flat,100.0,100000.0,50000.0,1928,0,0.0,92800.0,92800.0,-7200.0
4516,Jax Winters,flat,100.0,100000.0,50000.0,1856,0,0.0,85600.0,85600.0,-14400.0
4517,Kataleya Valencia,flat,100.0,100000.0,50000.0,1902,0,0.0,90200.0,90200.0,-9800.0
4518,Dax Lowe,flat,100.0,100000.0,50000.0,2024,0,0.0,102400.0,102400.0,2400.0
4519,Amari Johns,flat,100.0,100000.0,50000.0,1951,0,0.0,95100.0,95100.0,-4900.0
4520,Joziah Crane,flat,100.0,100000.0,50000.0,1948,0,0.0,94800.0,94800.0,-5200.0
4521,Della Snow,flat,100.0,100000.0,50000.0,1970,0,0.0,97000.0,97000.0,-3000.0
4522,Houston Rojas,flat,100.0,100000.0,50000.0,1931,0,0.0,93100.0,93100.0,-6900.0
4523,Adaline Francis,flat,100.0,100000.0,50000.0,2013,0,0.0,101300.0,101300.0,1300.0
4524,Harvey Wall,flat,100.0,100000.0,50000.0,1942,0,0.0,94200.0,94200.0,-5800.0
4525,Jayda Quintana,flat,100.0,100000.0,50000.0,1976,0,0.0,97600.0,97600.0,-2400.0
4526,Kelvin Moss,flat,100.0,100000.0,50000.0,1974,0,0.0,97400.0,97400.0,-2600.0
4527,Bianca Glover,flat,100.0,100000.0,50000.0,1917,0,0.0,91700.0,91700.0,-8300.0
4528,Mack Merritt,flat,100.0,100000.0,50000.0,1929,0,0.0,92900.0,92900.0,-7100.0
4529,Kaisley Crane,flat,100.0,100000.0,50000.0,1902,0,0.0,90200.0,90200.0,-9800.0
4530,Fox Salgado,flat,100.0,100000.0,50000.0,1936,0,0.0,93600.0,93600.0,-6400.0
4531,Avalynn Erickson,flat,100.0,100000.0,50000.0,1940,0,0.0,94000.0,94000.0,-6000.0
4532,Johnny Ramos,flat,100.0,100000.0,50000.0,1941,0,0.0,94100.0,94100.0,-5900.0
4533,Alice Houston,flat,100.0,100000.0,50000.0,1910,0,0.0,91000.0,91000.0,-9000.0
4534,Sylas Wise,flat,100.0,100000.0,50000.0,1941,0,0.0,94100.0,94100.0,-5900.0
4535,Mira Ingram,flat,100.0,100000.0,50000.0,1921,0,0.0,92100.0,92100.0,-7900.0
4536,Tripp Gutierrez,flat,100.0,100000.0,50000.0,1888,0,0.0,88800.0,88800.0,-11200.0
4537,Savannah Perez,flat,100.0,100000.0,50000.0,1943,0,0.0,94300.0,94300.0,-5700.0
4538,Owen Vo,flat,100.0,100000.0,50000.0,1936,0,0.0,93600.0,93600.0,-6400.0
4539,Artemis Dixon,flat,100.0,100000.0,50000.0,1916,0,0.0,91600.0,91600.0,-8400.0
4540,Camden Charles,flat,100.0,100000.0,50000.0,1888,0,0.0,88800.0,88800.0,-11200.0
4541,Jenna Morrison,flat,100.0,100000.0,50000.0,2003,0,0.0,100300.0,100300.0,300.0
4542,Maximus Brady,flat,100.0,100000.0,50000.0,1940,0,0.0,94000.0,94000.0,-6000.0
4543,Ryan Sampson,flat,100.0,100000.0,50000.0,2061,0,0.0,106100.0,106100.0,6100.0
4544,Cain Aguilar,flat,100.0,100000.0,50000.0,1953,0,0.0,95300.0,95300.0,-4700.0
4545,Josie Cortes,flat,100.0,100000.0,50000.0,1956,0,0.0,95600.0,95600.0,-4400.0
4546,Banks Cano,flat,100.0,100000.0,50000.0,1913,0,0.0,91300.0,91300.0,-8700.0
4547,Egypt Mason,flat,100.0,100000.0,50000.0,2019,0,0.0,101900.0,101900.0,1900.0
4548,Brandon Molina,flat,100.0,100000.0,50000.0,1916,0,0.0,91600.0,91600.0,-8400.0
4549,Alexandria Baldwin,flat,100.0,100000.0,50000.0,1917,0,0.0,91700.0,91700.0,-8300.0
4550,Jaiden Alfaro,flat,100.0,100000.0,50000.0,1955,0,0.0,95500.0,95500.0,-4500.0
4551,Yasmin English,flat,100.0,100000.0,50000.0,1928,0,0.0,92800.0,92800.0,-7200.0
4552,Junior Ahmed,flat,100.0,100000.0,50000.0,1901,0,0.0,90100.0,90100.0,-9900.0
4553,Jolie Lara,flat,100.0,100000.0,50000.0,1876,0,0.0,87600.0,87600.0,-12400.0
4554,Caiden Barrett,flat,100.0,100000.0,50000.0,1939,0,0.0,93900.0,93900.0,-6100.0
4555,Kendall Armstrong,flat,100.0,100000.0,50000.0,1873,0,0.0,87300.0,87300.0,-12700.0
4556,Grant Manning,flat,100.0,100000.0,50000.0,1987,0,0.0,98700.0,98700.0,-1300.0
4557,Jennifer Warren,flat,100.0,100000.0,50000.0,1983,0,0.0,98300.0,98300.0,-1700.0
4558,Abel Rowe,flat,100.0,100000.0,50000.0,1933,0,0.0,93300.0,93300.0,-6700.0
4559,Matilda Foley,flat,100.0,100000.0,50000.0,1912,0,0.0,91200.0,91200.0,-8800.0
4560,Mohammad Hurley,flat,100.0,100000.0,50000.0,1955,0,0.0,95500.0,95500.0,-4500.0
4561,Rylan Bernal,flat,100.0,100000.0,50000.0,1952,0,0.0,95200.0,95200.0,-4800.0
4562,Eithan Carson,flat,100.0,100000.0,50000.0,1888,0,0.0,88800.0,88800.0,-11200.0
4563,Nalani Kaur,flat,100.0,100000.0,50000.0,2032,0,0.0,103200.0,103200.0,3200.0
4564,Augustine Pacheco,flat,100.0,100000.0,50000.0,1920,0,0.0,92000.0,92000.0,-8000.0
4565,Paris Moyer,flat,100.0,100000.0,50000.0,1929,0,0.0,92900.0,92900.0,-7100.0
4566,Ahmir Clark,flat,100.0,100000.0,50000.0,1897,0,0.0,89700.0,89700.0,-10300.0
4567,Chloe Stevenson,flat,100.0,100000.0,50000.0,1938,0,0.0,93800.0,93800.0,-6200.0
4568,Callan Chang,flat,100.0,100000.0,50000.0,1899,0,0.0,89900.0,89900.0,-10100.0
4569,Ophelia Stafford,flat,100.0,100000.0,50000.0,1956,0,0.0,95600.0,95600.0,-4400.0
4570,Alfredo Petersen,flat,100.0,100000.0,50000.0,1974,0,0.0,97400.0,97400.0,-2600.0
4571,Fernanda Giles,flat,100.0,100000.0,50000.0,1993,0,0.0,99300.0,99300.0,-700.0
4572,Kole Collins,flat,100.0,100000.0,50000.0,1950,0,0.0,95000.0,95000.0,-5000.0
4573,Kinsley Trujillo,flat,100.0,100000.0,50000.0,1896,0,0.0,89600.0,89600.0,-10400.0
4574,Apollo Doyle,flat,100.0,100000.0,50000.0,1933,0,0.0,93300.0,93300.0,-6700.0
4575,Annalise Hunt,flat,100.0,100000.0,50000.0,1975,0,0.0,97500.0,97500.0,-2500.0
4576,Jesus Griffin,flat,100.0,100000.0,50000.0,1893,0,0.0,89300.0,89300.0,-10700.0
4577,Charlie Benjamin,flat,100.0,100000.0,50000.0,1871,0,0.0,87100.0,87100.0,-12900.0
4578,Kyro Moody,flat,100.0,100000.0,50000.0,1932,0,0.0,93200.0,93200.0,-6800.0
4579,Elaine Jefferson,flat,100.0,100000.0,50000.0,1912,0,0.0,91200.0,91200.0,-8800.0
4580,Raylan Zimmerman,flat,100.0,100000.0,50000.0,2001,0,0.0,100100.0,100100.0,100.0
4581,Ariyah Whitney,flat,100.0,100000.0,50000.0,1997,0,0.0,99700.0,99700.0,-300.0
4582,Jeffery Santiago,flat,100.0,100000.0,50000.0,1895,0,0.0,89500.0,89500.0,-10500.0
4583,Nyla Foster,flat,100.0,100000.0,50000.0,1938,0,0.0,93800.0,93800.0,-6200.0
4584,Kayden Kerr,flat,100.0,100000.0,50000.0,2006,0,0.0,100600.0,100600.0,600.0
4585,Baylee Ahmed,flat,100.0,100000.0,50000.0,1922,0,0.0,92200.0,92200.0,-7800.0
4586,Harry Rocha,flat,100.0,100000.0,50000.0,1980,0,0.0,98000.0,98000.0,-2000.0
4587,Emmie Vargas,flat,100.0,100000.0,50000.0,1909,0,0.0,90900.0,90900.0,-9100.0
4588,Ryker Peck,flat,100.0,100000.0,50000.0,1916,0,0.0,91600.0,91600.0,-8400.0
4589,Crystal Frank,flat,100.0,100000.0,50000.0,1954,0,0.0,95400.0,95400.0,-4600.0
4590,Braylen Coleman,flat,100.0,100000.0,50000.0,1986,0,0.0,98600.0,98600.0,-1400.0
4591,Julia Howe,flat,100.0,100000.0,50000.0,1871,0,0.0,87100.0,87100.0,-12900.0
4592,Alaric Bernard,flat,100.0,100000.0,50000.0,1966,0,0.0,96600.0,96600.0,-3400.0
4593,Barbara Sullivan,flat,100.0,100000.0,50000.0,1940,0,0.0,94000.0,94000.0,-6000.0
4594,Evan Wallace,flat,100.0,100000.0,50000.0,1913,0,0.0,91300.0,91300.0,-8700.0
4595,Arianna Gibson,flat,100.0,100000.0,50000.0,1985,0,0.0,98500.0,98500.0,-1500.0
4596,Tyler Kline,flat,100.0,100000.0,50000.0,1936,0,0.0,93600.0,93600.0,-6400.0
4597,Sevyn Daniel,flat,100.0,100000.0,50000.0,1869,0,0.0,86900.0,86900.0,-13100.0
4598,Grady Donovan,flat,100.0,100000.0,50000.0,1975,0,0.0,97500.0,97500.0,-2500.0
4599,Azariah Hoffman,flat,100.0,100000.0,50000.0,1987,0,0.0,98700.0,98700.0,-1300.0
4600,Steven Costa,flat,100.0,100000.0,50000.0,1964,0,0.0,96400.0,96400.0,-3600.0
4601,Robin Salas,flat,100.0,100000.0,50000.0,1971,0,0.0,97100.0,97100.0,-2900.0
4602,Zaiden Elliott,flat,100.0,100000.0,50000.0,1964,0,0.0,96400.0,96400.0,-3600.0
4603,Noelle Cortes,flat,100.0,100000.0,50000.0,2011,0,0.0,101100.0,101100.0,1100.0
4604,Banks Ochoa,flat,100.0,100000.0,50000.0,1952,0,0.0,95200.0,95200.0,-4800.0
4605,Luciana Watts,flat,100.0,100000.0,50000.0,2017,0,0.0,101700.0,101700.0,1700.0
4606,Dakota Dixon,flat,100.0,100000.0,50000.0,1989,0,0.0,98900.0,98900.0,-1100.0
4607,Blakely Moreno,flat,100.0,100000.0,50000.0,1929,0,0.0,92900.0,92900.0,-7100.0
4608,Myles Garcia,flat,100.0,100000.0,50000.0,1954,0,0.0,95400.0,95400.0,-4600.0
4609,Amelia Jacobson,flat,100.0,100000.0,50000.0,1897,0,0.0,89700.0,89700.0,-10300.0
4610,Legacy Ramos,flat,100.0,100000.0,50000.0,1965,0,0.0,96500.0,96500.0,-3500.0
4611,Alice Coffey,flat,100.0,100000.0,50000.0,1946,0,0.0,94600.0,94600.0,-5400.0
4612,Kody Travis,flat,100.0,100000.0,50000.0,1933,0,0.0,93300.0,93300.0,-6700.0
4613,Mazikee O’Donnell,flat,100.0,100000.0,50000.0,1923,0,0.0,92300.0,92300.0,-7700.0
4614,Lian Hughes,flat,100.0,100000.0,50000.0,1979,0,0.0,97900.0,97900.0,-2100.0
4615,Samantha Castro,flat,100.0,100000.0,50000.0,1936,0,0.0,93600.0,93600.0,-6400.0
4616,Jasper Meyers,flat,100.0,100000.0,50000.0,1866,0,0.0,86600.0,86600.0,-13400.0
4617,Leyla Moon,flat,100.0,100000.0,50000.0,1918,0,0.0,91800.0,91800.0,-8200.0
4618,Nova Heath,flat,100.0,100000.0,50000.0,1929,0,0.0,92900.0,92900.0,-7100.0
4619,Amani Ford,flat,100.0,100000.0,50000.0,1956,0,0.0,95600.0,95600.0,-4400.0
4620,Luis Nicholson,flat,100.0,100000.0,50000.0,1956,0,0.0,95600.0,95600.0,-4400.0
4621,Justice Farmer,flat,100.0,100000.0,50000.0,1926,0,0.0,92600.0,92600.0,-7400.0
4622,Jamison Shaffer,flat,100.0,100000.0,50000.0,1994,0,0.0,99400.0,99400.0,-600.0
4623,Alanna Fleming,flat,100.0,100000.0,50000.0,1910,0,0.0,91000.0,91000.0,-9000.0
4624,Fernando Blake,flat,100.0,100000.0,50000.0,1954,0,0.0,95400.0,95400.0,-4600.0
4625,Amanda Thomas,flat,100.0,100000.0,50000.0,1877,0,0.0,87700.0,87700.0,-12300.0
4626,Logan Watson,flat,100.0,100000.0,50000.0,2060,0,0.0,106000.0,106000.0,6000.0
4627,Hailey Santiago,flat,100.0,100000.0,50000.0,1989,0,0.0,98900.0,98900.0,-1100.0
4628,Beckham Schneider,flat,100.0,100000.0,50000.0,2011,0,0.0,101100.0,101100.0,1100.0
4629,Delaney Sharp,flat,100.0,100000.0,50000.0,2042,0,0.0,104200.0,104200.0,4200.0
4630,Royce David,flat,100.0,100000.0,50000.0,1986,0,0.0,98600.0,98600.0,-1400.0
4631,Haylee McClain,flat,100.0,100000.0,50000.0,1937,0,0.0,93700.0,93700.0,-6300.0
4632,Mitchell Nixon,flat,100.0,100000.0,50000.0,1904,0,0.0,90400.0,90400.0,-9600.0
4633,Deborah Mueller,flat,100.0,100000.0,50000.0,1876,0,0.0,87600.0,87600.0,-12400.0
4634,Albert Gates,flat,100.0,100000.0,50000.0,1881,0,0.0,88100.0,88100.0,-11900.0
4635,Melina Odom,flat,100.0,100000.0,50000.0,1928,0,0.0,92800.0,92800.0,-7200.0
4636,Kylian Velez,flat,100.0,100000.0,50000.0,1971,0,0.0,97100.0,97100.0,-2900.0
4637,Megan Villegas,flat,100.0,100000.0,50000.0,1919,0,0.0,91900.0,91900.0,-8100.0
4638,Clyde McMahon,flat,100.0,100000.0,50000.0,2001,0,0.0,100100.0,100100.0,100.0
4639,Belen Hinton,flat,100.0,100000.0,50000.0,2074,0,0.0,107400.0,107400.0,7400.0
4640,Frankie Ferguson,flat,100.0,100000.0,50000.0,1958,0,0.0,95800.0,95800.0,-4200.0
4641,Juliana Villalobos,flat,100.0,100000.0,50000.0,1949,0,0.0,94900.0,94900.0,-5100.0
4642,Reuben Vasquez,flat,100.0,100000.0,50000.0,1960,0,0.0,96000.0,96000.0,-4000.0
4643,Rose Padilla,flat,100.0,100000.0,50000.0,1994,0,0.0,99400.0,99400.0,-600.0
4644,Jaden Cortez,flat,100.0,100000.0,50000.0,1862,0,0.0,86200.0,86200.0,-13800.0
4645,Haven Morrow,flat,100.0,100000.0,50000.0,1894,0,0.0,89400.0,89400.0,-10600.0
4646,Kyree Roberson,flat,100.0,100000.0,50000.0,1941,0,0.0,94100.0,94100.0,-5900.0
4647,Sasha Gilmore,flat,100.0,100000.0,50000.0,1923,0,0.0,92300.0,92300.0,-7700.0
4648,Vihaan McKay,flat,100.0,100000.0,50000.0,1952,0,0.0,95200.0,95200.0,-4800.0
4649,Leanna Moreno,flat,100.0,100000.0,50000.0,1940,0,0.0,94000.0,94000.0,-6000.0
4650,Myles Frazier,flat,100.0,100000.0,50000.0,1968,0,0.0,96800.0,96800.0,-3200.0
4651,Octavia Nielsen,flat,100.0,100000.0,50000.0,1884,0,0.0,88400.0,88400.0,-11600.0
4652,Tru Ward,flat,100.0,100000.0,50000.0,1869,0,0.0,86900.0,86900.0,-13100.0
4653,Ariana Peters,flat,100.0,100000.0,50000.0,1898,0,0.0,89800.0,89800.0,-10200.0
4654,Patrick Walton,flat,100.0,100000.0,50000.0,2014,0,0.0,101400.0,101400.0,1400.0
4655,Scarlet Tucker,flat,100.0,100000.0,50000.0,1971,0,0.0,97100.0,97100.0,-2900.0
4656,Ivan Williamson,flat,100.0,100000.0,50000.0,1949,0,0.0,94900.0,94900.0,-5100.0
4657,Catherine Cummings,flat,100.0,100000.0,50000.0,1934,0,0.0,93400.0,93400.0,-6600.0
4658,Raiden Drake,flat,100.0,100000.0,50000.0,1972,0,0.0,97200.0,97200.0,-2800.0
4659,Jayleen Goodwin,flat,100.0,100000.0,50000.0,1900,0,0.0,90000.0,90000.0,-10000.0
4660,Kaison Cunningham,flat,100.0,100000.0,50000.0,1900,0,0.0,90000.0,90000.0,-10000.0
4661,Marley Esquivel,flat,100.0,100000.0,50000.0,1908,0,0.0,90800.0,90800.0,-9200.0
4662,Bridger Stevens,flat,100.0,100000.0,50000.0,1998,0,0.0,99800.0,99800.0,-200.0
4663,Katherine Sweeney,flat,100.0,100000.0,50000.0,1929,0,0.0,92900.0,92900.0,-7100.0
4664,Nixon Freeman,flat,100.0,100000.0,50000.0,2003,0,0.0,100300.0,100300.0,300.0
4665,Norah Kelley,flat,100.0,100000.0,50000.0,1933,0,0.0,93300.0,93300.0,-6700.0
4666,Eric McCarty,flat,100.0,100000.0,50000.0,1957,0,0.0,95700.0,95700.0,-4300.0
4667,Halo Lin,flat,100.0,100000.0,50000.0,1910,0,0.0,91000.0,91000.0,-9000.0
4668,Conor Prince,flat,100.0,100000.0,50000.0,1919,0,0.0,91900.0,91900.0,-8100.0
4669,Greta Collier,flat,100.0,100000.0,50000.0,1901,0,0.0,90100.0,90100.0,-9900.0
4670,Edison Gallagher,flat,100.0,100000.0,50000.0,1866,0,0.0,86600.0,86600.0,-13400.0
4671,Elliott Houston,flat,100.0,100000.0,50000.0,2043,0,0.0,104300.0,104300.0,4300.0
4672,Sylas Ali,flat,100.0,100000.0,50000.0,1905,0,0.0,90500.0,90500.0,-9500.0
4673,Zelda Warner,flat,100.0,100000.0,50000.0,1947,0,0.0,94700.0,94700.0,-5300.0
4674,Jaxton Tyler,flat,100.0,100000.0,50000.0,1866,0,0.0,86600.0,86600.0,-13400.0
4675,Helena Kane,flat,100.0,100000.0,50000.0,2035,0,0.0,103500.0,103500.0,3500.0
4676,Brock Gomez,flat,100.0,100000.0,50000.0,1898,0,0.0,89800.0,89800.0,-10200.0
4677,Natalie Petersen,flat,100.0,100000.0,50000.0,1952,0,0.0,95200.0,95200.0,-4800.0
4678,Samson Orozco,flat,100.0,100000.0,50000.0,1947,0,0.0,94700.0,94700.0,-5300.0
4679,Renata Hanna,flat,100.0,100000.0,50000.0,1980,0,0.0,98000.0,98000.0,-2000.0
4680,Aydin Baxter,flat,100.0,100000.0,50000.0,1944,0,0.0,94400.0,94400.0,-5600.0
4681,Lara Shah,flat,100.0,100000.0,50000.0,1987,0,0.0,98700.0,98700.0,-1300.0
4682,Zain Sosa,flat,100.0,100000.0,50000.0,1914,0,0.0,91400.0,91400.0,-8600.0
4683,Cassandra Magana,flat,100.0,100000.0,50000.0,1999,0,0.0,99900.0,99900.0,-100.0
4684,Rey Porter,flat,100.0,100000.0,50000.0,1928,0,0.0,92800.0,92800.0,-7200.0
4685,Ryleigh Lopez,flat,100.0,100000.0,50000.0,1953,0,0.0,95300.0,95300.0,-4700.0
4686,Michael Nixon,flat,100.0,100000.0,50000.0,2000,0,0.0,100000.0,100000.0,0.0
4687,Deborah Cano,flat,100.0,100000.0,50000.0,1881,0,0.0,88100.0,88100.0,-11900.0
4688,Terry Willis,flat,100.0,100000.0,50000.0,1897,0,0.0,89700.0,89700.0,-10300.0
4689,Alexa Noble,flat,100.0,100000.0,50000.0,1832,0,0.0,83200.0,83200.0,-16800.0
4690,Idris Stewart,flat,100.0,100000.0,50000.0,1978,0,0.0,97800.0,97800.0,-2200.0
4691,Maya Atkinson,flat,100.0,100000.0,50000.0,1957,0,0.0,95700.0,95700.0,-4300.0
4692,Duke Ryan,flat,100.0,100000.0,50000.0,1945,0,0.0,94500.0,94500.0,-5500.0
4693,Morgan Vaughn,flat,100.0,100000.0,50000.0,1981,0,0.0,98100.0,98100.0,-1900.0
4694,Remy Martinez,flat,100.0,100000.0,50000.0,1912,0,0.0,91200.0,91200.0,-8800.0
4695,Harper McGee,flat,100.0,100000.0,50000.0,1965,0,0.0,96500.0,96500.0,-3500.0
4696,Conner Novak,flat,100.0,100000.0,50000.0,1988,0,0.0,98800.0,98800.0,-1200.0
4697,Kaiya Terry,flat,100.0,100000.0,50000.0,1871,0,0.0,87100.0,87100.0,-12900.0
4698,Armani Franklin,flat,100.0,100000.0,50000.0,1981,0,0.0,98100.0,98100.0,-1900.0
4699,Angela Thomas,flat,100.0,100000.0,50000.0,1899,0,0.0,89900.0,89900.0,-10100.0
4700,Logan Long,flat,100.0,100000.0,50000.0,1945,0,0.0,94500.0,94500.0,-5500.0
4701,Jade Wilcox,flat,100.0,100000.0,50000.0,1973,0,0.0,97300.0,97300.0,-2700.0
4702,Jerry Sherman,flat,100.0,100000.0,50000.0,1966,0,0.0,96600.0,96600.0,-3400.0
4703,Addilyn Schmidt,flat,100.0,100000.0,50000.0,1976,0,0.0,97600.0,97600.0,-2400.0
4704,Zayden Chung,flat,100.0,100000.0,50000.0,1964,0,0.0,96400.0,96400.0,-3600.0
4705,Rivka Carter,flat,100.0,100000.0,50000.0,1889,0,0.0,88900.0,88900.0,-11100.0
4706,Maverick Jennings,flat,100.0,100000.0,50000.0,1884,0,0.0,88400.0,88400.0,-11600.0
4707,Palmer Callahan,flat,100.0,100000.0,50000.0,1949,0,0.0,94900.0,94900.0,-5100.0
4708,Quinton Brooks,flat,100.0,100000.0,50000.0,2002,0,0.0,100200.0,100200.0,200.0
4709,Autumn Shannon,flat,100.0,100000.0,50000.0,2028,0,0.0,102800.0,102800.0,2800.0
4710,Eliel Stanton,flat,100.0,100000.0,50000.0,1983,0,0.0,98300.0,98300.0,-1700.0
4711,Jaycee Patterson,flat,100.0,100000.0,50000.0,2002,0,0.0,100200.0,100200.0,200.0
4712,Amir Velazquez,flat,100.0,100000.0,50000.0,1957,0,0.0,95700.0,95700.0,-4300.0
4713,Jaliyah Calderon,flat,100.0,100000.0,50000.0,1981,0,0.0,98100.0,98100.0,-1900.0
4714,Oakley Peters,flat,100.0,100000.0,50000.0,1932,0,0.0,93200.0,93200.0,-6800.0
4715,Leila Orr,flat,100.0,100000.0,50000.0,1973,0,0.0,97300.0,97300.0,-2700.0
4716,Benicio Byrd,flat,100.0,100000.0,50000.0,1881,0,0.0,88100.0,88100.0,-11900.0
4717,Giselle Kaur,flat,100.0,100000.0,50000.0,1966,0,0.0,96600.0,96600.0,-3400.0
4718,Augustine Graham,flat,100.0,100000.0,50000.0,1933,0,0.0,93300.0,93300.0,-6700.0
4719,Alaia Gordon,flat,100.0,100000.0,50000.0,1924,0,0.0,92400.0,92400.0,-7600.0
4720,Karter Ho,flat,100.0,100000.0,50000.0,1938,0,0.0,93800.0,93800.0,-6200.0
4721,Calliope Padilla,flat,100.0,100000.0,50000.0,1956,0,0.0,95600.0,95600.0,-4400.0
4722,Jaden Fry,flat,100.0,100000.0,50000.0,2026,0,0.0,102600.0,102600.0,2600.0
4723,Clarissa Joseph,flat,100.0,100000.0,50000.0,1960,0,0.0,96000.0,96000.0,-4000.0
4724,Kyle Cantrell,flat,100.0,100000.0,50000.0,1936,0,0.0,93600.0,93600.0,-6400.0
4725,Yamileth Tate,flat,100.0,100000.0,50000.0,1987,0,0.0,98700.0,98700.0,-1300.0
4726,Dalton Zamora,flat,100.0,100000.0,50000.0,1928,0,0.0,92800.0,92800.0,-7200.0
4727,Sierra Moody,flat,100.0,100000.0,50000.0,1942,0,0.0,94200.0,94200.0,-5800.0
4728,Ryland Mercado,flat,100.0,100000.0,50000.0,1973,0,0.0,97300.0,97300.0,-2700.0
4729,Mckinley Xiong,flat,100.0,100000.0,50000.0,1939,0,0.0,93900.0,93900.0,-6100.0
4730,Azrael Hendrix,flat,100.0,100000.0,50000.0,1938,0,0.0,93800.0,93800.0,-6200.0
4731,Zhuri Cantu,flat,100.0,100000.0,50000.0,1947,0,0.0,94700.0,94700.0,-5300.0
4732,Anakin Cortes,flat,100.0,100000.0,50000.0,1846,0,0.0,84600.0,84600.0,-15400.0
4733,Lea Stanton,flat,100.0,100000.0,50000.0,1979,0,0.0,97900.0,97900.0,-2100.0
4734,Zyair Rodriguez,flat,100.0,100000.0,50000.0,1898,0,0.0,89800.0,89800.0,-10200.0
4735,Evelyn Newman,flat,100.0,100000.0,50000.0,2041,0,0.0,104100.0,104100.0,4100.0
4736,Anderson Ballard,flat,100.0,100000.0,50000.0,1936,0,0.0,93600.0,93600.0,-6400.0
4737,Alejandra Villarreal,flat,100.0,100000.0,50000.0,1996,0,0.0,99600.0,99600.0,-400.0
4738,Nikolai Parker,flat,100.0,100000.0,50000.0,1988,0,0.0,98800.0,98800.0,-1200.0
4739,Aubrey Castro,flat,100.0,100000.0,50000.0,1935,0,0.0,93500.0,93500.0,-6500.0
4740,Jasper O’Connell,flat,100.0,100000.0,50000.0,1944,0,0.0,94400.0,94400.0,-5600.0
4741,Jillian Hale,flat,100.0,100000.0,50000.0,1989,0,0.0,98900.0,98900.0,-1100.0
4742,Ezequiel Owen,flat,100.0,100000.0,50000.0,1978,0,0.0,97800.0,97800.0,-2200.0
4743,Mikayla Salgado,flat,100.0,100000.0,50000.0,1816,0,0.0,81600.0,81600.0,-18400.0
4744,Trace Mendez,flat,100.0,100000.0,50000.0,1915,0,0.0,91500.0,91500.0,-8500.0
4745,Londyn Galvan,flat,100.0,100000.0,50000.0,1962,0,0.0,96200.0,96200.0,-3800.0
4746,Kingsley Mays,flat,100.0,100000.0,50000.0,1915,0,0.0,91500.0,91500.0,-8500.0
4747,Denisse Golden,flat,100.0,100000.0,50000.0,2005,0,0.0,100500.0,100500.0,500.0
4748,Amias Lewis,flat,100.0,100000.0,50000.0,1940,0,0.0,94000.0,94000.0,-6000.0
4749,Ellie Salazar,flat,100.0,100000.0,50000.0,1982,0,0.0,98200.0,98200.0,-1800.0
4750,Brody Yates,flat,100.0,100000.0,50000.0,1896,0,0.0,89600.0,89600.0,-10400.0
4751,Charley Crawford,flat,100.0,100000.0,50000.0,1910,0,0.0,91000.0,91000.0,-9000.0
4752,Kevin McKee,flat,100.0,100000.0,50000.0,1907,0,0.0,90700.0,90700.0,-9300.0
4753,Kori Rosales,flat,100.0,100000.0,50000.0,1940,0,0.0,94000.0,94000.0,-6000.0
4754,Wilder Montes,flat,100.0,100000.0,50000.0,1922,0,0.0,92200.0,92200.0,-7800.0
4755,Roselyn Garrison,flat,100.0,100000.0,50000.0,1979,0,0.0,97900.0,97900.0,-2100.0
4756,Noe Martin,flat,100.0,100000.0,50000.0,1876,0,0.0,87600.0,87600.0,-12400.0
4757,Mila Small,flat,100.0,100000.0,50000.0,1934,0,0.0,93400.0,93400.0,-6600.0
4758,Rudy Bautista,flat,100.0,100000.0,50000.0,1903,0,0.0,90300.0,90300.0,-9700.0
4759,Antonella Espinosa,flat,100.0,100000.0,50000.0,1853,0,0.0,85300.0,85300.0,-14700.0
4760,Khalid Bean,flat,100.0,100000.0,50000.0,1915,0,0.0,91500.0,91500.0,-8500.0
4761,Jenesis Hodges,flat,100.0,100000.0,50000.0,1907,0,0.0,90700.0,90700.0,-9300.0
4762,Alonzo Shaw,flat,100.0,100000.0,50000.0,1936,0,0.0,93600.0,93600.0,-6400.0
4763,Emersyn Davis,flat,100.0,100000.0,50000.0,1930,0,0.0,93000.0,93000.0,-7000.0
4764,Lucas Buckley,flat,100.0,100000.0,50000.0,1973,0,0.0,97300.0,97300.0,-2700.0
4765,Theodora Montoya,flat,100.0,100000.0,50000.0,2000,0,0.0,100000.0,100000.0,0.0
4766,Ford Estrada,flat,100.0,100000.0,50000.0,1996,0,0.0,99600.0,99600.0,-400.0
4767,Sawyer McCann,flat,100.0,100000.0,50000.0,1909,0,0.0,90900.0,90900.0,-9100.0
4768,Heath Henderson,flat,100.0,100000.0,50000.0,1911,0,0.0,91100.0,91100.0,-8900.0
4769,Maria Barrett,flat,100.0,100000.0,50000.0,1954,0,0.0,95400.0,95400.0,-4600.0
4770,Angelo Phan,flat,100.0,100000.0,50000.0,1936,0,0.0,93600.0,93600.0,-6400.0
4771,Elsa Peters,flat,100.0,100000.0,50000.0,2010,0,0.0,101000.0,101000.0,1000.0
4772,Patrick Potter,flat,100.0,100000.0,50000.0,1911,0,0.0,91100.0,91100.0,-8900.0
4773,Rory Sandoval,flat,100.0,100000.0,50000.0,1996,0,0.0,99600.0,99600.0,-400.0
4774,Brantley Choi,flat,100.0,100000.0,50000.0,2001,0,0.0,100100.0,100100.0,100.0
4775,Karla Newton,flat,100.0,100000.0,50000.0,1942,0,0.0,94200.0,94200.0,-5800.0
4776,Santino Trejo,flat,100.0,100000.0,50000.0,1989,0,0.0,98900.0,98900.0,-1100.0
4777,Rosalyn Liu,flat,100.0,100000.0,50000.0,1895,0,0.0,89500.0,89500.0,-10500.0
4778,Pedro Sims,flat,100.0,100000.0,50000.0,1915,0,0.0,91500.0,91500.0,-8500.0
4779,Lena Baker,flat,100.0,100000.0,50000.0,1959,0,0.0,95900.0,95900.0,-4100.0
4780,Ezra Cantu,flat,100.0,100000.0,50000.0,1953,0,0.0,95300.0,95300.0,-4700.0
4781,Galilea Franco,flat,100.0,100000.0,50000.0,1912,0,0.0,91200.0,91200.0,-8800.0
4782,Gage Day,flat,100.0,100000.0,50000.0,1941,0,0.0,94100.0,94100.0,-5900.0
4783,Hayden Francis,flat,100.0,100000.0,50000.0,1962,0,0.0,96200.0,96200.0,-3800.0
4784,Harvey Waters,flat,100.0,100000.0,50000.0,1989,0,0.0,98900.0,98900.0,-1100.0
4785,Bristol Carr,flat,100.0,100000.0,50000.0,1961,0,0.0,96100.0,96100.0,-3900.0
4786,Kash Huber,flat,100.0,100000.0,50000.0,1980,0,0.0,98000.0,98000.0,-2000.0
4787,Raquel Trejo,flat,100.0,100000.0,50000.0,2026,0,0.0,102600.0,102600.0,2600.0
4788,Wesson Howe,flat,100.0,100000.0,50000.0,1879,0,0.0,87900.0,87900.0,-12100.0
4789,Persephone Singh,flat,100.0,100000.0,50000.0,1953,0,0.0,95300.0,95300.0,-4700.0
4790,Louis Li,flat,100.0,100000.0,50000.0,1953,0,0.0,95300.0,95300.0,-4700.0
4791,Paige Joseph,flat,100.0,100000.0,50000.0,1873,0,0.0,87300.0,87300.0,-12700.0
4792,Kyle Quintana,flat,100.0,100000.0,50000.0,1893,0,0.0,89300.0,89300.0,-10700.0
4793,Kenia Roth,flat,100.0,100000.0,50000.0,1996,0,0.0,99600.0,99600.0,-400.0
4794,Roy Singleton,flat,100.0,100000.0,50000.0,1963,0,0.0,96300.0,96300.0,-3700.0
4795,Malaysia Chapman,flat,100.0,100000.0,50000.0,1959,0,0.0,95900.0,95900.0,-4100.0
4796,Knox Riley,flat,100.0,100000.0,50000.0,1922,0,0.0,92200.0,92200.0,-7800.0
4797,Kayla Liu,flat,100.0,100000.0,50000.0,1895,0,0.0,89500.0,89500.0,-10500.0
4798,Pedro Harvey,flat,100.0,100000.0,50000.0,1871,0,0.0,87100.0,87100.0,-12900.0
4799,Nicole Owens,flat,100.0,100000.0,50000.0,1935,0,0.0,93500.0,93500.0,-6500.0
4800,Adriel Leon,flat,100.0,100000.0,50000.0,1901,0,0.0,90100.0,90100.0,-9900.0
4801,Amora Rowe,flat,100.0,100000.0,50000.0,1931,0,0.0,93100.0,93100.0,-6900.0
4802,Kamden Harrington,flat,100.0,100000.0,50000.0,1890,0,0.0,89000.0,89000.0,-11000.0
4803,Legacy Fitzgerald,flat,100.0,100000.0,50000.0,1940,0,0.0,94000.0,94000.0,-6000.0
4804,Peyton Trejo,flat,100.0,100000.0,50000.0,1973,0,0.0,97300.0,97300.0,-2700.0
4805,Rosalyn Martinez,flat,100.0,100000.0,50000.0,1895,0,0.0,89500.0,89500.0,-10500.0
4806,Alexander Velasquez,flat,100.0,100000.0,50000.0,1911,0,0.0,91100.0,91100.0,-8900.0
4807,Esme Fowler,flat,100.0,100000.0,50000.0,1973,0,0.0,97300.0,97300.0,-2700.0
4808,Kameron Dudley,flat,100.0,100000.0,50000.0,1966,0,0.0,96600.0,96600.0,-3400.0
4809,Hadleigh Sierra,flat,100.0,100000.0,50000.0,1973,0,0.0,97300.0,97300.0,-2700.0
4810,Dayton Herman,flat,100.0,100000.0,50000.0,1956,0,0.0,95600.0,95600.0,-4400.0
4811,Paulina Vega,flat,100.0,100000.0,50000.0,1943,0,0.0,94300.0,94300.0,-5700.0
4812,Aidan Mendez,flat,100.0,100000.0,50000.0,1973,0,0.0,97300.0,97300.0,-2700.0
4813,Londyn Guerra,flat,100.0,100000.0,50000.0,1904,0,0.0,90400.0,90400.0,-9600.0
4814,Leland Chase,flat,100.0,100000.0,50000.0,1966,0,0.0,96600.0,96600.0,-3400.0
4815,Angie Gentry,flat,100.0,100000.0,50000.0,2023,0,0.0,102300.0,102300.0,2300.0
4816,Magnus Ward,flat,100.0,100000.0,50000.0,1963,0,0.0,96300.0,96300.0,-3700.0
4817,Ariana Reilly,flat,100.0,100000.0,50000.0,1878,0,0.0,87800.0,87800.0,-12200.0
4818,Alvaro Cline,flat,100.0,100000.0,50000.0,1959,0,0.0,95900.0,95900.0,-4100.0
4819,Lina Kent,flat,100.0,100000.0,50000.0,1969,0,0.0,96900.0,96900.0,-3100.0
4820,Mekhi Bass,flat,100.0,100000.0,50000.0,1957,0,0.0,95700.0,95700.0,-4300.0
4821,Zahra Stewart,flat,100.0,100000.0,50000.0,1916,0,0.0,91600.0,91600.0,-8400.0
4822,Nolan Shaffer,flat,100.0,100000.0,50000.0,1914,0,0.0,91400.0,91400.0,-8600.0
4823,Alanna Hammond,flat,100.0,100000.0,50000.0,1843,0,0.0,84300.0,84300.0,-15700.0
4824,Francis Gilbert,flat,100.0,100000.0,50000.0,2058,0,0.0,105800.0,105800.0,5800.0
4825,Jocelyn Luna,flat,100.0,100000.0,50000.0,1945,0,0.0,94500.0,94500.0,-5500.0
4826,Erick Washington,flat,100.0,100000.0,50000.0,1892,0,0.0,89200.0,89200.0,-10800.0
4827,Valerie Hurley,flat,100.0,100000.0,50000.0,1833,0,0.0,83300.0,83300.0,-16700.0
4828,Van Grant,flat,100.0,100000.0,50000.0,1948,0,0.0,94800.0,94800.0,-5200.0
4829,Alaina Conrad,flat,100.0,100000.0,50000.0,1942,0,0.0,94200.0,94200.0,-5800.0
4830,Dilan Grimes,flat,100.0,100000.0,50000.0,1955,0,0.0,95500.0,95500.0,-4500.0
4831,Braelyn Rodgers,flat,100.0,100000.0,50000.0,1977,0,0.0,97700.0,97700.0,-2300.0
4832,Mathias Hobbs,flat,100.0,100000.0,50000.0,1922,0,0.0,92200.0,92200.0,-7800.0
4833,Lacey Tapia,flat,100.0,100000.0,50000.0,1916,0,0.0,91600.0,91600.0,-8400.0
4834,Samir Kirby,flat,100.0,100000.0,50000.0,1971,0,0.0,97100.0,97100.0,-2900.0
4835,Skyla Jones,flat,100.0,100000.0,50000.0,1901,0,0.0,90100.0,90100.0,-9900.0
4836,William Collins,flat,100.0,100000.0,50000.0,2020,0,0.0,102000.0,102000.0,2000.0
4837,Kinsley Reese,flat,100.0,100000.0,50000.0,1959,0,0.0,95900.0,95900.0,-4100.0
4838,Alijah Bond,flat,100.0,100000.0,50000.0,1945,0,0.0,94500.0,94500.0,-5500.0
4839,Alena Murillo,flat,100.0,100000.0,50000.0,1963,0,0.0,96300.0,96300.0,-3700.0
4840,Lance Escobar,flat,100.0,100000.0,50000.0,1978,0,0.0,97800.0,97800.0,-2200.0
4841,Erin Powell,flat,100.0,100000.0,50000.0,1948,0,0.0,94800.0,94800.0,-5200.0
4842,Bennett McDonald,flat,100.0,100000.0,50000.0,2012,0,0.0,101200.0,101200.0,1200.0
4843,Daisy Fischer,flat,100.0,100000.0,50000.0,1914,0,0.0,91400.0,91400.0,-8600.0
4844,Leonidas Leal,flat,100.0,100000.0,50000.0,1955,0,0.0,95500.0,95500.0,-4500.0
4845,Murphy Cruz,flat,100.0,100000.0,50000.0,1959,0,0.0,95900.0,95900.0,-4100.0
4846,Ryan Serrano,flat,100.0,100000.0,50000.0,1898,0,0.0,89800.0,89800.0,-10200.0
4847,Allie Klein,flat,100.0,100000.0,50000.0,2003,0,0.0,100300.0,100300.0,300.0
4848,Marco Rojas,flat,100.0,100000.0,50000.0,1987,0,0.0,98700.0,98700.0,-1300.0
4849,Adaline Wright,flat,100.0,100000.0,50000.0,2000,0,0.0,100000.0,100000.0,0.0
4850,Grayson Duffy,flat,100.0,100000.0,50000.0,1981,0,0.0,98100.0,98100.0,-1900.0
4851,Addisyn Beil,flat,100.0,100000.0,50000.0,1982,0,0.0,98200.0,98200.0,-1800.0
4852,Ariel Gonzales,flat,100.0,100000.0,50000.0,1957,0,0.0,95700.0,95700.0,-4300.0
4853,Hadley Villanueva,flat,100.0,100000.0,50000.0,1912,0,0.0,91200.0,91200.0,-8800.0
4854,Huxley Armstrong,flat,100.0,100000.0,50000.0,1947,0,0.0,94700.0,94700.0,-5300.0
4855,Presley Giles,flat,100.0,100000.0,50000.0,1995,0,0.0,99500.0,99500.0,-500.0
4856,Kole Ibarra,flat,100.0,100000.0,50000.0,1960,0,0.0,96000.0,96000.0,-4000.0
4857,Madilynn Dunlap,flat,100.0,100000.0,50000.0,1973,0,0.0,97300.0,97300.0,-2700.0
4858,Aries Fitzpatrick,flat,100.0,100000.0,50000.0,1927,0,0.0,92700.0,92700.0,-7300.0
4859,Annabella Roach,flat,100.0,100000.0,50000.0,1959,0,0.0,95900.0,95900.0,-4100.0
4860,Caspian Hail,flat,100.0,100000.0,50000.0,1915,0,0.0,91500.0,91500.0,-8500.0
4861,Lainey Lynch,flat,100.0,100000.0,50000.0,1897,0,0.0,89700.0,89700.0,-10300.0
4862,Zane Atkinson,flat,100.0,100000.0,50000.0,1991,0,0.0,99100.0,99100.0,-900.0
4863,Jazmin Ali,flat,100.0,100000.0,50000.0,1991,0,0.0,99100.0,99100.0,-900.0
4864,Arjun Curry,flat,100.0,100000.0,50000.0,1918,0,0.0,91800.0,91800.0,-8200.0
4865,Alison Pearson,flat,100.0,100000.0,50000.0,1945,0,0.0,94500.0,94500.0,-5500.0
4866,Gunner Hendricks,flat,100.0,100000.0,50000.0,1968,0,0.0,96800.0,96800.0,-3200.0
4867,Dani Hodges,flat,100.0,100000.0,50000.0,1967,0,0.0,96700.0,96700.0,-3300.0
4868,Alonzo Phillips,flat,100.0,100000.0,50000.0,1927,0,0.0,92700.0,92700.0,-7300.0
4869,Naomi Macias,flat,100.0,100000.0,50000.0,1967,0,0.0,96700.0,96700.0,-3300.0
4870,Moshe Williamson,flat,100.0,100000.0,50000.0,1973,0,0.0,97300.0,97300.0,-2700.0
4871,Catherine Moran,flat,100.0,100000.0,50000.0,1967,0,0.0,96700.0,96700.0,-3300.0
4872,Tate Erickson,flat,100.0,100000.0,50000.0,1945,0,0.0,94500.0,94500.0,-5500.0
4873,Sabrina Guevara,flat,100.0,100000.0,50000.0,2021,0,0.0,102100.0,102100.0,2100.0
4874,Tommy Rowland,flat,100.0,100000.0,50000.0,2021,0,0.0,102100.0,102100.0,2100.0
4875,Harleigh Hartman,flat,100.0,100000.0,50000.0,1954,0,0.0,95400.0,95400.0,-4600.0
4876,Baker Nguyen,flat,100.0,100000.0,50000.0,1937,0,0.0,93700.0,93700.0,-6300.0
4877,Nova Foley,flat,100.0,100000.0,50000.0,1855,0,0.0,85500.0,85500.0,-14500.0
4878,Mohammad Grimes,flat,100.0,100000.0,50000.0,1932,0,0.0,93200.0,93200.0,-6800.0
4879,Braelyn Cabrera,flat,100.0,100000.0,50000.0,1938,0,0.0,93800.0,93800.0,-6200.0
4880,Cade Nava,flat,100.0,100000.0,50000.0,1989,0,0.0,98900.0,98900.0,-1100.0
4881,Scout Hansen,flat,100.0,100000.0,50000.0,1964,0,0.0,96400.0,96400.0,-3600.0
4882,Charlie Villegas,flat,100.0,100000.0,50000.0,1978,0,0.0,97800.0,97800.0,-2200.0
4883,Jessie Nicholson,flat,100.0,100000.0,50000.0,1931,0,0.0,93100.0,93100.0,-6900.0
4884,Rodrigo Henry,flat,100.0,100000.0,50000.0,1933,0,0.0,93300.0,93300.0,-6700.0
4885,Summer Huber,flat,100.0,100000.0,50000.0,1913,0,0.0,91300.0,91300.0,-8700.0
4886,Mac Novak,flat,100.0,100000.0,50000.0,1913,0,0.0,91300.0,91300.0,-8700.0
4887,Kaiya Medrano,flat,100.0,100000.0,50000.0,1955,0,0.0,95500.0,95500.0,-4500.0
4888,Arian Castillo,flat,100.0,100000.0,50000.0,1919,0,0.0,91900.0,91900.0,-8100.0
4889,Eva Harmon,flat,100.0,100000.0,50000.0,1969,0,0.0,96900.0,96900.0,-3100.0
4890,Roberto McCarthy,flat,100.0,100000.0,50000.0,1921,0,0.0,92100.0,92100.0,-7900.0
4891,Kira Gates,flat,100.0,100000.0,50000.0,1927,0,0.0,92700.0,92700.0,-7300.0
4892,Ermias Page,flat,100.0,100000.0,50000.0,1947,0,0.0,94700.0,94700.0,-5300.0
4893,Cataleya Maxwell,flat,100.0,100000.0,50000.0,1940,0,0.0,94000.0,94000.0,-6000.0
4894,Eden Ahmed,flat,100.0,100000.0,50000.0,1938,0,0.0,93800.0,93800.0,-6200.0
4895,Jolie Woodard,flat,100.0,100000.0,50000.0,1904,0,0.0,90400.0,90400.0,-9600.0
4896,Westley Shepard,flat,100.0,100000.0,50000.0,1910,0,0.0,91000.0,91000.0,-9000.0
4897,Noor Schneider,flat,100.0,100000.0,50000.0,1946,0,0.0,94600.0,94600.0,-5400.0
4898,Raymond Norman,flat,100.0,100000.0,50000.0,1931,0,0.0,93100.0,93100.0,-6900.0
4899,Malani Enriquez,flat,100.0,100000.0,50000.0,1960,0,0.0,96000.0,96000.0,-4000.0
4900,Elisha Singleton,flat,100.0,100000.0,50000.0,1873,0,0.0,87300.0,87300.0,-12700.0
4901,Malaysia Krueger,flat,100.0,100000.0,50000.0,1882,0,0.0,88200.0,88200.0,-11800.0
4902,Jones Butler,flat,100.0,100000.0,50000.0,1953,0,0.0,95300.0,95300.0,-4700.0
4903,Athena Whitaker,flat,100.0,100000.0,50000.0,1968,0,0.0,96800.0,96800.0,-3200.0
4904,Keith Hoffman,flat,100.0,100000.0,50000.0,1940,0,0.0,94000.0,94000.0,-6000.0
4905,Aspen Johnston,flat,100.0,100000.0,50000.0,1921,0,0.0,92100.0,92100.0,-7900.0
4906,Felix Rosales,flat,100.0,100000.0,50000.0,1942,0,0.0,94200.0,94200.0,-5800.0
4907,Kinley Jones,flat,100.0,100000.0,50000.0,2005,0,0.0,100500.0,100500.0,500.0
4908,William Craig,flat,100.0,100000.0,50000.0,1920,0,0.0,92000.0,92000.0,-8000.0
4909,Brynn Hoffman,flat,100.0,100000.0,50000.0,2018,0,0.0,101800.0,101800.0,1800.0
4910,Steven Garrison,flat,100.0,100000.0,50000.0,1923,0,0.0,92300.0,92300.0,-7700.0
4911,Cadence Christensen,flat,100.0,100000.0,50000.0,1887,0,0.0,88700.0,88700.0,-11300.0
4912,Gregory Gilmore,flat,100.0,100000.0,50000.0,2024,0,0.0,102400.0,102400.0,2400.0
4913,Chanel Williamson,flat,100.0,100000.0,50000.0,2000,0,0.0,100000.0,100000.0,0.0
4914,Emerson Berry,flat,100.0,100000.0,50000.0,1889,0,0.0,88900.0,88900.0,-11100.0
4915,Annabelle Herrera,flat,100.0,100000.0,50000.0,2021,0,0.0,102100.0,102100.0,2100.0
4916,River Thomas,flat,100.0,100000.0,50000.0,1957,0,0.0,95700.0,95700.0,-4300.0
4917,Elizabeth Washington,flat,100.0,100000.0,50000.0,1887,0,0.0,88700.0,88700.0,-11300.0
4918,Juan McGee,flat,100.0,100000.0,50000.0,1924,0,0.0,92400.0,92400.0,-7600.0
4919,Kayleigh Wade,flat,100.0,100000.0,50000.0,1951,0,0.0,95100.0,95100.0,-4900.0
4920,Jake Ashley,flat,100.0,100000.0,50000.0,1964,0,0.0,96400.0,96400.0,-3600.0
4921,Khalani Costa,flat,100.0,100000.0,50000.0,1948,0,0.0,94800.0,94800.0,-5200.0
4922,Kenji Huerta,flat,100.0,100000.0,50000.0,1950,0,0.0,95000.0,95000.0,-5000.0
4923,Dulce Sheppard,flat,100.0,100000.0,50000.0,1983,0,0.0,98300.0,98300.0,-1700.0
4924,Trent Walker,flat,100.0,100000.0,50000.0,1919,0,0.0,91900.0,91900.0,-8100.0
4925,Hazel Shannon,flat,100.0,100000.0,50000.0,1933,0,0.0,93300.0,93300.0,-6700.0
4926,Eliel Foster,flat,100.0,100000.0,50000.0,1981,0,0.0,98100.0,98100.0,-1900.0
4927,Brielle Chavez,flat,100.0,100000.0,50000.0,1972,0,0.0,97200.0,97200.0,-2800.0
4928,Ian Acevedo,flat,100.0,100000.0,50000.0,1915,0,0.0,91500.0,91500.0,-8500.0
4929,Ashlynn Browning,flat,100.0,100000.0,50000.0,1960,0,0.0,96000.0,96000.0,-4000.0
4930,Rohan Drake,flat,100.0,100000.0,50000.0,1949,0,0.0,94900.0,94900.0,-5100.0
4931,Jayleen Mercado,flat,100.0,100000.0,50000.0,1956,0,0.0,95600.0,95600.0,-4400.0
4932,Abram Landry,flat,100.0,100000.0,50000.0,1926,0,0.0,92600.0,92600.0,-7400.0
4933,Brynleigh Banks,flat,100.0,100000.0,50000.0,1907,0,0.0,90700.0,90700.0,-9300.0
4934,Martin Brandt,flat,100.0,100000.0,50000.0,1896,0,0.0,89600.0,89600.0,-10400.0
4935,Loretta Zamora,flat,100.0,100000.0,50000.0,1970,0,0.0,97000.0,97000.0,-3000.0
4936,Quentin Mendoza,flat,100.0,100000.0,50000.0,1957,0,0.0,95700.0,95700.0,-4300.0
4937,Cora Patton,flat,100.0,100000.0,50000.0,1928,0,0.0,92800.0,92800.0,-7200.0
4938,Moises Hood,flat,100.0,100000.0,50000.0,1915,0,0.0,91500.0,91500.0,-8500.0
4939,Briana Portillo,flat,100.0,100000.0,50000.0,1926,0,0.0,92600.0,92600.0,-7400.0
4940,Wallace Atkinson,flat,100.0,100000.0,50000.0,1992,0,0.0,99200.0,99200.0,-800.0
4941,Jazmin Frazier,flat,100.0,100000.0,50000.0,2005,0,0.0,100500.0,100500.0,500.0
4942,Callum Dunn,flat,100.0,100000.0,50000.0,1978,0,0.0,97800.0,97800.0,-2200.0
4943,Olive Liu,flat,100.0,100000.0,50000.0,1999,0,0.0,99900.0,99900.0,-100.0
4944,Pedro Huffman,flat,100.0,100000.0,50000.0,1953,0,0.0,95300.0,95300.0,-4700.0
4945,Hayley Vincent,flat,100.0,100000.0,50000.0,1904,0,0.0,90400.0,90400.0,-9600.0
4946,Aarav Walter,flat,100.0,100000.0,50000.0,1934,0,0.0,93400.0,93400.0,-6600.0
4947,Penny Malone,flat,100.0,100000.0,50000.0,1986,0,0.0,98600.0,98600.0,-1400.0
4948,Ruben Hamilton,flat,100.0,100000.0,50000.0,1975,0,0.0,97500.0,97500.0,-2500.0
4949,Mackenzie Lawson,flat,100.0,100000.0,50000.0,1944,0,0.0,94400.0,94400.0,-5600.0
4950,Lane Best,flat,100.0,100000.0,50000.0,1920,0,0.0,92000.0,92000.0,-8000.0
4951,Lexie Johns,flat,100.0,100000.0,50000.0,1887,0,0.0,88700.0,88700.0,-11300.0
4952,Joziah Gates,flat,100.0,100000.0,50000.0,1983,0,0.0,98300.0,98300.0,-1700.0
4953,Melina Campos,flat,100.0,100000.0,50000.0,1943,0,0.0,94300.0,94300.0,-5700.0
4954,Gideon Esquivel,flat,100.0,100000.0,50000.0,1915,0,0.0,91500.0,91500.0,-8500.0
4955,Jaylee Hansen,flat,100.0,100000.0,50000.0,1918,0,0.0,91800.0,91800.0,-8200.0
4956,Charlie Bell,flat,100.0,100000.0,50000.0,2003,0,0.0,100300.0,100300.0,300.0
4957,Melody Griffith,flat,100.0,100000.0,50000.0,1895,0,0.0,89500.0,89500.0,-10500.0
4958,Franklin McCormick,flat,100.0,100000.0,50000.0,1988,0,0.0,98800.0,98800.0,-1200.0
4959,Macie Molina,flat,100.0,100000.0,50000.0,1919,0,0.0,91900.0,91900.0,-8100.0
4960,Prince David,flat,100.0,100000.0,50000.0,1948,0,0.0,94800.0,94800.0,-5200.0
4961,Haylee Schwartz,flat,100.0,100000.0,50000.0,2037,0,0.0,103700.0,103700.0,3700.0
4962,Edwin Ryan,flat,100.0,100000.0,50000.0,1995,0,0.0,99500.0,99500.0,-500.0
4963,Morgan Walker,flat,100.0,100000.0,50000.0,1900,0,0.0,90000.0,90000.0,-10000.0
4964,Luke Pace,flat,100.0,100000.0,50000.0,2011,0,0.0,101100.0,101100.0,1100.0
4965,Giana Jones,flat,100.0,100000.0,50000.0,1933,0,0.0,93300.0,93300.0,-6700.0
4966,William Hardin,flat,100.0,100000.0,50000.0,2010,0,0.0,101000.0,101000.0,1000.0
4967,Vada Matthews,flat,100.0,100000.0,50000.0,2017,0,0.0,101700.0,101700.0,1700.0
4968,Preston Martin,flat,100.0,100000.0,50000.0,1955,0,0.0,95500.0,95500.0,-4500.0
4969,Mila Patel,flat,100.0,100000.0,50000.0,1986,0,0.0,98600.0,98600.0,-1400.0
4970,Parker Callahan,flat,100.0,100000.0,50000.0,1946,0,0.0,94600.0,94600.0,-5400.0
4971,Kimber Donovan,flat,100.0,100000.0,50000.0,1940,0,0.0,94000.0,94000.0,-6000.0
4972,Brayan Burton,flat,100.0,100000.0,50000.0,1941,0,0.0,94100.0,94100.0,-5900.0
4973,Miriam Zavala,flat,100.0,100000.0,50000.0,1976,0,0.0,97600.0,97600.0,-2400.0
4974,Dillon Smith,flat,100.0,100000.0,50000.0,2019,0,0.0,101900.0,101900.0,1900.0
4975,Olivia Ho,flat,100.0,100000.0,50000.0,1956,0,0.0,95600.0,95600.0,-4400.0
4976,Morgan Vega,flat,100.0,100000.0,50000.0,1962,0,0.0,96200.0,96200.0,-3800.0
4977,Dakota Bender,flat,100.0,100000.0,50000.0,1940,0,0.0,94000.0,94000.0,-6000.0
4978,Zavier Walker,flat,100.0,100000.0,50000.0,1946,0,0.0,94600.0,94600.0,-5400.0
4979,Hazel McCall,flat,100.0,100000.0,50000.0,1893,0,0.0,89300.0,89300.0,-10700.0
4980,Kiaan Huang,flat,100.0,100000.0,50000.0,1948,0,0.0,94800.0,94800.0,-5200.0
4981,Francesca McKenzie,flat,100.0,100000.0,50000.0,1914,0,0.0,91400.0,91400.0,-8600.0
4982,Scott Weiss,flat,100.0,100000.0,50000.0,1854,0,0.0,85400.0,85400.0,-14600.0
4983,Lennox Hall,flat,100.0,100000.0,50000.0,1851,0,0.0,85100.0,85100.0,-14900.0
4984,Thomas Singh,flat,100.0,100000.0,50000.0,1901,0,0.0,90100.0,90100.0,-9900.0
4985,Vivienne Dudley,flat,100.0,100000.0,50000.0,2033,0,0.0,103300.0,103300.0,3300.0
4986,Colter Collier,flat,100.0,100000.0,50000.0,1901,0,0.0,90100.0,90100.0,-9900.0
4987,Ivory Lester,flat,100.0,100000.0,50000.0,1980,0,0.0,98000.0,98000.0,-2000.0
4988,Lee Curtis,flat,100.0,100000.0,50000.0,2049,0,0.0,104900.0,104900.0,4900.0
4989,Alexis Schneider,flat,100.0,100000.0,50000.0,1957,0,0.0,95700.0,95700.0,-4300.0
4990,Raymond Vang,flat,100.0,100000.0,50000.0,1915,0,0.0,91500.0,91500.0,-8500.0
4991,Madisyn Chavez,flat,100.0,100000.0,50000.0,1947,0,0.0,94700.0,94700.0,-5300.0
4992,Ian Lozano,flat,100.0,100000.0,50000.0,1854,0,0.0,85400.0,85400.0,-14600.0
4993,Cecelia Hood,flat,100.0,100000.0,50000.0,1943,0,0.0,94300.0,94300.0,-5700.0
4994,Brixton Stephenson,flat,100.0,100000.0,50000.0,1975,0,0.0,97500.0,97500.0,-2500.0
4995,Khaleesi Chavez,flat,100.0,100000.0,50000.0,1978,0,0.0,97800.0,97800.0,-2200.0
4996,Ian Washington,flat,100.0,100000.0,50000.0,1999,0,0.0,99900.0,99900.0,-100.0
4997,Valerie Berg,flat,100.0,100000.0,50000.0,1939,0,0.0,93900.0,93900.0,-6100.0
4998,Cayson Reid,flat,100.0,100000.0,50000.0,2000,0,0.0,100000.0,100000.0,0.0
4999,Charlee Hicks,flat,100.0,100000.0,50000.0,1974,0,0.0,97400.0,97400.0,-2600.0
5000,Maddox Sanchez,flat,100.0,100000.0,50000.0,1936,0,0.0,93600.0,93600.0,-6400.0
5001,Amaya Levy,flat,100.0,100000.0,50000.0,1957,0,0.0,95700.0,95700.0,-4300.0
5002,Harold Bailey,flat,100.0,100000.0,50000.0,1914,0,0.0,91400.0,91400.0,-8600.0
5003,Kennedy Houston,flat,100.0,100000.0,50000.0,1996,0,0.0,99600.0,99600.0,-400.0
5004,Sylas Joseph,flat,100.0,100000.0,50000.0,1825,0,0.0,82500.0,82500.0,-17500.0
5005,Gracelynn Ingram,flat,100.0,100000.0,50000.0,1925,0,0.0,92500.0,92500.0,-7500.0
5006,Tripp Carrillo,flat,100.0,100000.0,50000.0,1963,0,0.0,96300.0,96300.0,-3700.0
5007,Kaylani Berry,flat,100.0,100000.0,50000.0,1950,0,0.0,95000.0,95000.0,-5000.0
5008,Adonis Shaw,flat,100.0,100000.0,50000.0,1883,0,0.0,88300.0,88300.0,-11700.0
5009,Emersyn Delarosa,flat,100.0,100000.0,50000.0,1943,0,0.0,94300.0,94300.0,-5700.0
5010,Osiris Frederick,flat,100.0,100000.0,50000.0,1951,0,0.0,95100.0,95100.0,-4900.0
5011,Sariyah Murillo,flat,100.0,100000.0,50000.0,1984,0,0.0,98400.0,98400.0,-1600.0
5012,Lance Sims,flat,100.0,100000.0,50000.0,1975,0,0.0,97500.0,97500.0,-2500.0
5013,Lena Christian,flat,100.0,100000.0,50000.0,2017,0,0.0,101700.0,101700.0,1700.0
5014,Ledger Meadows,flat,100.0,100000.0,50000.0,1919,0,0.0,91900.0,91900.0,-8100.0
5015,Pearl Rios,flat,100.0,100000.0,50000.0,1893,0,0.0,89300.0,89300.0,-10700.0
5016,Israel Peterson,flat,100.0,100000.0,50000.0,2028,0,0.0,102800.0,102800.0,2800.0
5017,Caroline Enriquez,flat,100.0,100000.0,50000.0,1993,0,0.0,99300.0,99300.0,-700.0
5018,Elisha Raymond,flat,100.0,100000.0,50000.0,1853,0,0.0,85300.0,85300.0,-14700.0
5019,Hadlee Suarez,flat,100.0,100000.0,50000.0,1886,0,0.0,88600.0,88600.0,-11400.0
5020,Soren Soto,flat,100.0,100000.0,50000.0,2028,0,0.0,102800.0,102800.0,2800.0
5021,Brynlee McCarty,flat,100.0,100000.0,50000.0,1987,0,0.0,98700.0,98700.0,-1300.0
5022,Blaise Ortega,flat,100.0,100000.0,50000.0,1878,0,0.0,87800.0,87800.0,-12200.0
5023,Lilah Bender,flat,100.0,100000.0,50000.0,1948,0,0.0,94800.0,94800.0,-5200.0
5024,Zavier Jordan,flat,100.0,100000.0,50000.0,2017,0,0.0,101700.0,101700.0,1700.0
5025,Adalynn Valenzuela,flat,100.0,100000.0,50000.0,1979,0,0.0,97900.0,97900.0,-2100.0
5026,Jamari Leach,flat,100.0,100000.0,50000.0,2000,0,0.0,100000.0,100000.0,0.0
5027,Martha Ayala,flat,100.0,100000.0,50000.0,2020,0,0.0,102000.0,102000.0,2000.0
5028,Tanner Holland,flat,100.0,100000.0,50000.0,1914,0,0.0,91400.0,91400.0,-8600.0
5029,Mariah Torres,flat,100.0,100000.0,50000.0,1929,0,0.0,92900.0,92900.0,-7100.0
5030,Jayden Drake,flat,100.0,100000.0,50000.0,1896,0,0.0,89600.0,89600.0,-10400.0
5031,Jayleen Kelly,flat,100.0,100000.0,50000.0,1891,0,0.0,89100.0,89100.0,-10900.0
5032,Cooper Burgess,flat,100.0,100000.0,50000.0,1940,0,0.0,94000.0,94000.0,-6000.0
5033,Emory Jennings,flat,100.0,100000.0,50000.0,1935,0,0.0,93500.0,93500.0,-6500.0
5034,Corbin Bennett,flat,100.0,100000.0,50000.0,1871,0,0.0,87100.0,87100.0,-12900.0
5035,Josephine Villegas,flat,100.0,100000.0,50000.0,1888,0,0.0,88800.0,88800.0,-11200.0
5036,Clyde Nicholson,flat,100.0,100000.0,50000.0,1925,0,0.0,92500.0,92500.0,-7500.0
5037,Justice Dennis,flat,100.0,100000.0,50000.0,1973,0,0.0,97300.0,97300.0,-2700.0
5038,Emanuel George,flat,100.0,100000.0,50000.0,1999,0,0.0,99900.0,99900.0,-100.0
5039,Adelyn Maldonado,flat,100.0,100000.0,50000.0,1952,0,0.0,95200.0,95200.0,-4800.0
5040,Javier Jacobs,flat,100.0,100000.0,50000.0,1935,0,0.0,93500.0,93500.0,-6500.0
5041,Camilla French,flat,100.0,100000.0,50000.0,1970,0,0.0,97000.0,97000.0,-3000.0
5042,Corey Berry,flat,100.0,100000.0,50000.0,1927,0,0.0,92700.0,92700.0,-7300.0
5043,Annabelle Avila,flat,100.0,100000.0,50000.0,1961,0,0.0,96100.0,96100.0,-3900.0
5044,Jaylen Miranda,flat,100.0,100000.0,50000.0,1949,0,0.0,94900.0,94900.0,-5100.0
5045,Amina Bowers,flat,100.0,100000.0,50000.0,1923,0,0.0,92300.0,92300.0,-7700.0
5046,Dorian Wood,flat,100.0,100000.0,50000.0,1969,0,0.0,96900.0,96900.0,-3100.0
5047,Natalia Best,flat,100.0,100000.0,50000.0,1936,0,0.0,93600.0,93600.0,-6400.0
5048,Harlem Norton,flat,100.0,100000.0,50000.0,1901,0,0.0,90100.0,90100.0,-9900.0
5049,Kylee Pruitt,flat,100.0,100000.0,50000.0,1944,0,0.0,94400.0,94400.0,-5600.0
5050,Gatlin Santos,flat,100.0,100000.0,50000.0,1948,0,0.0,94800.0,94800.0,-5200.0
5051,Alana Whitaker,flat,100.0,100000.0,50000.0,1939,0,0.0,93900.0,93900.0,-6100.0
5052,Keith Benson,flat,100.0,100000.0,50000.0,1930,0,0.0,93000.0,93000.0,-7000.0
5053,Collins Santana,flat,100.0,100000.0,50000.0,1892,0,0.0,89200.0,89200.0,-10800.0
5054,Mohamed Davidson,flat,100.0,100000.0,50000.0,1933,0,0.0,93300.0,93300.0,-6700.0
5055,Jayla Hunter,flat,100.0,100000.0,50000.0,1840,0,0.0,84000.0,84000.0,-16000.0
5056,Archer Truong,flat,100.0,100000.0,50000.0,1962,0,0.0,96200.0,96200.0,-3800.0
5057,Judith Gates,flat,100.0,100000.0,50000.0,1958,0,0.0,95800.0,95800.0,-4200.0
5058,Ermias Simon,flat,100.0,100000.0,50000.0,1953,0,0.0,95300.0,95300.0,-4700.0
5059,Kalani Hayes,flat,100.0,100000.0,50000.0,1874,0,0.0,87400.0,87400.0,-12600.0
5060,Legend Sandoval,flat,100.0,100000.0,50000.0,1993,0,0.0,99300.0,99300.0,-700.0
5061,Elsie Young,flat,100.0,100000.0,50000.0,1931,0,0.0,93100.0,93100.0,-6900.0
5062,Asher Hayden,flat,100.0,100000.0,50000.0,1902,0,0.0,90200.0,90200.0,-9800.0
5063,Avayah Lewis,flat,100.0,100000.0,50000.0,1875,0,0.0,87500.0,87500.0,-12500.0
5064,Wyatt Raymond,flat,100.0,100000.0,50000.0,1938,0,0.0,93800.0,93800.0,-6200.0
5065,Hadlee Wilcox,flat,100.0,100000.0,50000.0,2030,0,0.0,103000.0,103000.0,3000.0
5066,Jerry Riley,flat,100.0,100000.0,50000.0,1912,0,0.0,91200.0,91200.0,-8800.0
5067,Kayla Day,flat,100.0,100000.0,50000.0,1992,0,0.0,99200.0,99200.0,-800.0
5068,Kayson Chang,flat,100.0,100000.0,50000.0,1918,0,0.0,91800.0,91800.0,-8200.0
5069,Ophelia Holloway,flat,100.0,100000.0,50000.0,1976,0,0.0,97600.0,97600.0,-2400.0
5070,Sutton Villegas,flat,100.0,100000.0,50000.0,1986,0,0.0,98600.0,98600.0,-1400.0
5071,Jessie Wolf,flat,100.0,100000.0,50000.0,1954,0,0.0,95400.0,95400.0,-4600.0
5072,Jase Keller,flat,100.0,100000.0,50000.0,1931,0,0.0,93100.0,93100.0,-6900.0
5073,Logan Barton,flat,100.0,100000.0,50000.0,1936,0,0.0,93600.0,93600.0,-6400.0
5074,Cassius Blake,flat,100.0,100000.0,50000.0,1922,0,0.0,92200.0,92200.0,-7800.0
5075,Amanda Snyder,flat,100.0,100000.0,50000.0,1940,0,0.0,94000.0,94000.0,-6000.0
5076,Thiago Castaneda,flat,100.0,100000.0,50000.0,1967,0,0.0,96700.0,96700.0,-3300.0
5077,Keira Ramirez,flat,100.0,100000.0,50000.0,1989,0,0.0,98900.0,98900.0,-1100.0
5078,David Schmitt,flat,100.0,100000.0,50000.0,1965,0,0.0,96500.0,96500.0,-3500.0
5079,Queen Andrews,flat,100.0,100000.0,50000.0,2005,0,0.0,100500.0,100500.0,500.0
5080,Lukas Lucero,flat,100.0,100000.0,50000.0,2012,0,0.0,101200.0,101200.0,1200.0
5081,Ila Wells,flat,100.0,100000.0,50000.0,2035,0,0.0,103500.0,103500.0,3500.0
5082,Max Perkins,flat,100.0,100000.0,50000.0,1989,0,0.0,98900.0,98900.0,-1100.0
5083,Sage Montgomery,flat,100.0,100000.0,50000.0,1951,0,0.0,95100.0,95100.0,-4900.0
5084,Maximiliano Sandoval,flat,100.0,100000.0,50000.0,2006,0,0.0,100600.0,100600.0,600.0
5085,Elsie Lambert,flat,100.0,100000.0,50000.0,1926,0,0.0,92600.0,92600.0,-7400.0
5086,Mario Pierce,flat,100.0,100000.0,50000.0,1934,0,0.0,93400.0,93400.0,-6600.0
5087,Arabella Gibson,flat,100.0,100000.0,50000.0,1944,0,0.0,94400.0,94400.0,-5600.0
5088,Tyler Griffin,flat,100.0,100000.0,50000.0,1910,0,0.0,91000.0,91000.0,-9000.0
5089,Charlie Valdez,flat,100.0,100000.0,50000.0,1976,0,0.0,97600.0,97600.0,-2400.0
5090,Kyler Hobbs,flat,100.0,100000.0,50000.0,1814,0,0.0,81400.0,81400.0,-18600.0
5091,Lacey Blair,flat,100.0,100000.0,50000.0,1913,0,0.0,91300.0,91300.0,-8700.0
5092,Troy Jarvis,flat,100.0,100000.0,50000.0,2012,0,0.0,101200.0,101200.0,1200.0
5093,Elisabeth Rubio,flat,100.0,100000.0,50000.0,1962,0,0.0,96200.0,96200.0,-3800.0
5094,Titan Frye,flat,100.0,100000.0,50000.0,1930,0,0.0,93000.0,93000.0,-7000.0
5095,Raya Maldonado,flat,100.0,100000.0,50000.0,2002,0,0.0,100200.0,100200.0,200.0
5096,Javier Morse,flat,100.0,100000.0,50000.0,1916,0,0.0,91600.0,91600.0,-8400.0
5097,Kairi Person,flat,100.0,100000.0,50000.0,1995,0,0.0,99500.0,99500.0,-500.0
5098,Moses Yang,flat,100.0,100000.0,50000.0,1900,0,0.0,90000.0,90000.0,-10000.0
5099,Angelina Short,flat,100.0,100000.0,50000.0,1875,0,0.0,87500.0,87500.0,-12500.0
5100,Hezekiah Rush,flat,100.0,100000.0,50000.0,1977,0,0.0,97700.0,97700.0,-2300.0
5101,Maleah Glenn,flat,100.0,100000.0,50000.0,1971,0,0.0,97100.0,97100.0,-2900.0
5102,Zaid Herrera,flat,100.0,100000.0,50000.0,1977,0,0.0,97700.0,97700.0,-2300.0
5103,Ximena Glass,flat,100.0,100000.0,50000.0,1934,0,0.0,93400.0,93400.0,-6600.0
5104,Allan Lucero,flat,100.0,100000.0,50000.0,1896,0,0.0,89600.0,89600.0,-10400.0
5105,Ila Foster,flat,100.0,100000.0,50000.0,1910,0,0.0,91000.0,91000.0,-9000.0
5106,Kayden Ryan,flat,100.0,100000.0,50000.0,1959,0,0.0,95900.0,95900.0,-4100.0
5107,Morgan Hess,flat,100.0,100000.0,50000.0,2004,0,0.0,100400.0,100400.0,400.0
5108,Lawrence Ruiz,flat,100.0,100000.0,50000.0,2007,0,0.0,100700.0,100700.0,700.0
5109,Emery Sosa,flat,100.0,100000.0,50000.0,1939,0,0.0,93900.0,93900.0,-6100.0
5110,Emir Goodwin,flat,100.0,100000.0,50000.0,1979,0,0.0,97900.0,97900.0,-2100.0
5111,Shiloh Krueger,flat,100.0,100000.0,50000.0,1933,0,0.0,93300.0,93300.0,-6700.0
5112,Jones Cobb,flat,100.0,100000.0,50000.0,1924,0,0.0,92400.0,92400.0,-7600.0
5113,Aviana Sheppard,flat,100.0,100000.0,50000.0,1995,0,0.0,99500.0,99500.0,-500.0
5114,Trent Greer,flat,100.0,100000.0,50000.0,2014,0,0.0,101400.0,101400.0,1400.0
5115,Reina Williams,flat,100.0,100000.0,50000.0,2018,0,0.0,101800.0,101800.0,1800.0
5116,Oliver Trejo,flat,100.0,100000.0,50000.0,1928,0,0.0,92800.0,92800.0,-7200.0
5117,Rosalyn Frederick,flat,100.0,100000.0,50000.0,1869,0,0.0,86900.0,86900.0,-13100.0
5118,Kase Costa,flat,100.0,100000.0,50000.0,1904,0,0.0,90400.0,90400.0,-9600.0
5119,Robin Simpson,flat,100.0,100000.0,50000.0,1942,0,0.0,94200.0,94200.0,-5800.0
5120,Elliott Malone,flat,100.0,100000.0,50000.0,1959,0,0.0,95900.0,95900.0,-4100.0
5121,Skyler Delarosa,flat,100.0,100000.0,50000.0,1885,0,0.0,88500.0,88500.0,-11500.0
5122,Osiris Ortega,flat,100.0,100000.0,50000.0,1926,0,0.0,92600.0,92600.0,-7400.0
5123,Lilah Cline,flat,100.0,100000.0,50000.0,1948,0,0.0,94800.0,94800.0,-5200.0
5124,Cullen Shaffer,flat,100.0,100000.0,50000.0,1942,0,0.0,94200.0,94200.0,-5800.0
5125,Alanna Brown,flat,100.0,100000.0,50000.0,1885,0,0.0,88500.0,88500.0,-11500.0
5126,Elijah Murillo,flat,100.0,100000.0,50000.0,1980,0,0.0,98000.0,98000.0,-2000.0
5127,Mikaela Bernard,flat,100.0,100000.0,50000.0,1852,0,0.0,85200.0,85200.0,-14800.0
5128,Jair Dickson,flat,100.0,100000.0,50000.0,1938,0,0.0,93800.0,93800.0,-6200.0
5129,Emmalynn White,flat,100.0,100000.0,50000.0,1992,0,0.0,99200.0,99200.0,-800.0
5130,Aiden Johns,flat,100.0,100000.0,50000.0,1944,0,0.0,94400.0,94400.0,-5600.0
5131,Giovanna Abbott,flat,100.0,100000.0,50000.0,1923,0,0.0,92300.0,92300.0,-7700.0
5132,Kohen Rich,flat,100.0,100000.0,50000.0,2004,0,0.0,100400.0,100400.0,400.0
5133,Sunny Ramos,flat,100.0,100000.0,50000.0,1977,0,0.0,97700.0,97700.0,-2300.0
5134,Angel Krueger,flat,100.0,100000.0,50000.0,1988,0,0.0,98800.0,98800.0,-1200.0
5135,Kamari Lamb,flat,100.0,100000.0,50000.0,1917,0,0.0,91700.0,91700.0,-8300.0
5136,Kaysen Peterson,flat,100.0,100000.0,50000.0,1966,0,0.0,96600.0,96600.0,-3400.0
5137,Caroline Nielsen,flat,100.0,100000.0,50000.0,1934,0,0.0,93400.0,93400.0,-6600.0
5138,Tru Wade,flat,100.0,100000.0,50000.0,1874,0,0.0,87400.0,87400.0,-12600.0
5139,Evie Vaughan,flat,100.0,100000.0,50000.0,2015,0,0.0,101500.0,101500.0,1500.0
5140,Castiel Andrews,flat,100.0,100000.0,50000.0,1963,0,0.0,96300.0,96300.0,-3700.0
5141,Payton Norman,flat,100.0,100000.0,50000.0,1937,0,0.0,93700.0,93700.0,-6300.0
5142,Aziel Perry,flat,100.0,100000.0,50000.0,1947,0,0.0,94700.0,94700.0,-5300.0
5143,Clara Orr,flat,100.0,100000.0,50000.0,1955,0,0.0,95500.0,95500.0,-4500.0
5144,Benicio Sandoval,flat,100.0,100000.0,50000.0,2013,0,0.0,101300.0,101300.0,1300.0
5145,Elsie Hayes,flat,100.0,100000.0,50000.0,1977,0,0.0,97700.0,97700.0,-2300.0
5146,Legend Schaefer,flat,100.0,100000.0,50000.0,1908,0,0.0,90800.0,90800.0,-9200.0
5147,Mavis Bernard,flat,100.0,100000.0,50000.0,1974,0,0.0,97400.0,97400.0,-2600.0
5148,Jair Bass,flat,100.0,100000.0,50000.0,2013,0,0.0,101300.0,101300.0,1300.0
5149,Zahra Serrano,flat,100.0,100000.0,50000.0,1902,0,0.0,90200.0,90200.0,-9800.0
5150,Milan Poole,flat,100.0,100000.0,50000.0,1895,0,0.0,89500.0,89500.0,-10500.0
5151,Bonnie Mason,flat,100.0,100000.0,50000.0,1893,0,0.0,89300.0,89300.0,-10700.0
5152,Brandon Hines,flat,100.0,100000.0,50000.0,1931,0,0.0,93100.0,93100.0,-6900.0
5153,Poppy Hanna,flat,100.0,100000.0,50000.0,1900,0,0.0,90000.0,90000.0,-10000.0
5154,Aydin Ware,flat,100.0,100000.0,50000.0,1912,0,0.0,91200.0,91200.0,-8800.0
5155,Eileen Stephenson,flat,100.0,100000.0,50000.0,1956,0,0.0,95600.0,95600.0,-4400.0
5156,Joe Cross,flat,100.0,100000.0,50000.0,1992,0,0.0,99200.0,99200.0,-800.0
5157,Nayeli Espinoza,flat,100.0,100000.0,50000.0,1928,0,0.0,92800.0,92800.0,-7200.0
5158,Dallas Grant,flat,100.0,100000.0,50000.0,1863,0,0.0,86300.0,86300.0,-13700.0
5159,Alaina Huynh,flat,100.0,100000.0,50000.0,1906,0,0.0,90600.0,90600.0,-9400.0
5160,Layton Sutton,flat,100.0,100000.0,50000.0,1927,0,0.0,92700.0,92700.0,-7300.0
5161,Izabella Reyes,flat,100.0,100000.0,50000.0,2005,0,0.0,100500.0,100500.0,500.0
5162,Eli Le,flat,100.0,100000.0,50000.0,1967,0,0.0,96700.0,96700.0,-3300.0
5163,Myla Dillon,flat,100.0,100000.0,50000.0,2037,0,0.0,103700.0,103700.0,3700.0
5164,Alvin Pena,flat,100.0,100000.0,50000.0,2002,0,0.0,100200.0,100200.0,200.0
5165,Rachel Barnett,flat,100.0,100000.0,50000.0,1967,0,0.0,96700.0,96700.0,-3300.0
5166,Stephen Christensen,flat,100.0,100000.0,50000.0,1958,0,0.0,95800.0,95800.0,-4200.0
5167,Carmen Barnes,flat,100.0,100000.0,50000.0,1965,0,0.0,96500.0,96500.0,-3500.0
5168,Damian Beck,flat,100.0,100000.0,50000.0,1999,0,0.0,99900.0,99900.0,-100.0
5169,Gia Beard,flat,100.0,100000.0,50000.0,1948,0,0.0,94800.0,94800.0,-5200.0
5170,Nathanael Wong,flat,100.0,100000.0,50000.0,1970,0,0.0,97000.0,97000.0,-3000.0
5171,Adelaide Hayes,flat,100.0,100000.0,50000.0,1926,0,0.0,92600.0,92600.0,-7400.0
5172,Legend Hunter,flat,100.0,100000.0,50000.0,1936,0,0.0,93600.0,93600.0,-6400.0
5173,Khloe Benitez,flat,100.0,100000.0,50000.0,1953,0,0.0,95300.0,95300.0,-4700.0
5174,Justice Garcia,flat,100.0,100000.0,50000.0,1946,0,0.0,94600.0,94600.0,-5400.0
5175,Amelia Nicholson,flat,100.0,100000.0,50000.0,1938,0,0.0,93800.0,93800.0,-6200.0
5176,Rodrigo Watts,flat,100.0,100000.0,50000.0,1954,0,0.0,95400.0,95400.0,-4600.0
5177,Melissa Peters,flat,100.0,100000.0,50000.0,2005,0,0.0,100500.0,100500.0,500.0
5178,Patrick Newman,flat,100.0,100000.0,50000.0,1919,0,0.0,91900.0,91900.0,-8100.0
5179,Oaklynn Sweeney,flat,100.0,100000.0,50000.0,1895,0,0.0,89500.0,89500.0,-10500.0
5180,Nixon Browning,flat,100.0,100000.0,50000.0,1914,0,0.0,91400.0,91400.0,-8600.0
5181,Princess McKay,flat,100.0,100000.0,50000.0,1988,0,0.0,98800.0,98800.0,-1200.0
5182,Joey Rosario,flat,100.0,100000.0,50000.0,1983,0,0.0,98300.0,98300.0,-1700.0
5183,Louisa Blanchard,flat,100.0,100000.0,50000.0,1996,0,0.0,99600.0,99600.0,-400.0
5184,Adler Wall,flat,100.0,100000.0,50000.0,1965,0,0.0,96500.0,96500.0,-3500.0
5185,Jayda Aguirre,flat,100.0,100000.0,50000.0,1946,0,0.0,94600.0,94600.0,-5400.0
5186,Andy Huerta,flat,100.0,100000.0,50000.0,1939,0,0.0,93900.0,93900.0,-6100.0
5187,Dulce Hurley,flat,100.0,100000.0,50000.0,1987,0,0.0,98700.0,98700.0,-1300.0
5188,Van Escobar,flat,100.0,100000.0,50000.0,1951,0,0.0,95100.0,95100.0,-4900.0
5189,Erin Grant,flat,100.0,100000.0,50000.0,1889,0,0.0,88900.0,88900.0,-11100.0
5190,Leon Gilmore,flat,100.0,100000.0,50000.0,1971,0,0.0,97100.0,97100.0,-2900.0
5191,Chanel Griffith,flat,100.0,100000.0,50000.0,1898,0,0.0,89800.0,89800.0,-10200.0
5192,Franklin Mays,flat,100.0,100000.0,50000.0,1988,0,0.0,98800.0,98800.0,-1200.0
5193,Denisse Flowers,flat,100.0,100000.0,50000.0,1926,0,0.0,92600.0,92600.0,-7400.0
5194,Saul Davis,flat,100.0,100000.0,50000.0,1949,0,0.0,94900.0,94900.0,-5100.0
5195,Mia Wilkins,flat,100.0,100000.0,50000.0,1930,0,0.0,93000.0,93000.0,-7000.0
5196,Yusuf Shepherd,flat,100.0,100000.0,50000.0,1948,0,0.0,94800.0,94800.0,-5200.0
5197,Katalina Hurley,flat,100.0,100000.0,50000.0,1990,0,0.0,99000.0,99000.0,-1000.0
5198,Van Richards,flat,100.0,100000.0,50000.0,1979,0,0.0,97900.0,97900.0,-2100.0
5199,Trinity Rodriguez,flat,100.0,100000.0,50000.0,1984,0,0.0,98400.0,98400.0,-1600.0
5200,Henry Lim,flat,100.0,100000.0,50000.0,1912,0,0.0,91200.0,91200.0,-8800.0
5201,Giavanna Pope,flat,100.0,100000.0,50000.0,2035,0,0.0,103500.0,103500.0,3500.0
5202,Gunnar Farrell,flat,100.0,100000.0,50000.0,1929,0,0.0,92900.0,92900.0,-7100.0
5203,Kassidy Villa,flat,100.0,100000.0,50000.0,1927,0,0.0,92700.0,92700.0,-7300.0
5204,Clay Schultz,flat,100.0,100000.0,50000.0,1922,0,0.0,92200.0,92200.0,-7800.0
5205,Briella Bowers,flat,100.0,100000.0,50000.0,2007,0,0.0,100700.0,100700.0,700.0
5206,Dorian Cabrera,flat,100.0,100000.0,50000.0,2021,0,0.0,102100.0,102100.0,2100.0
5207,Daleyza Phelps,flat,100.0,100000.0,50000.0,1968,0,0.0,96800.0,96800.0,-3200.0
5208,Hamza Moreno,flat,100.0,100000.0,50000.0,1900,0,0.0,90000.0,90000.0,-10000.0
5209,Mary Maddox,flat,100.0,100000.0,50000.0,1926,0,0.0,92600.0,92600.0,-7400.0
5210,Lyric Blake,flat,100.0,100000.0,50000.0,1970,0,0.0,97000.0,97000.0,-3000.0
5211,Amanda Huerta,flat,100.0,100000.0,50000.0,1942,0,0.0,94200.0,94200.0,-5800.0
5212,Douglas Guerrero,flat,100.0,100000.0,50000.0,1936,0,0.0,93600.0,93600.0,-6400.0
5213,Margot Sharp,flat,100.0,100000.0,50000.0,1884,0,0.0,88400.0,88400.0,-11600.0
5214,Royce Vaughn,flat,100.0,100000.0,50000.0,1939,0,0.0,93900.0,93900.0,-6100.0
5215,Reign Khan,flat,100.0,100000.0,50000.0,1983,0,0.0,98300.0,98300.0,-1700.0
5216,Kendrick Stuart,flat,100.0,100000.0,50000.0,1918,0,0.0,91800.0,91800.0,-8200.0
5217,Stormi Vo,flat,100.0,100000.0,50000.0,1922,0,0.0,92200.0,92200.0,-7800.0
5218,Gordon Hendricks,flat,100.0,100000.0,50000.0,1942,0,0.0,94200.0,94200.0,-5800.0
5219,Dani Flowers,flat,100.0,100000.0,50000.0,1932,0,0.0,93200.0,93200.0,-6800.0
5220,Saul Wolfe,flat,100.0,100000.0,50000.0,1929,0,0.0,92900.0,92900.0,-7100.0
5221,Hallie McClure,flat,100.0,100000.0,50000.0,1929,0,0.0,92900.0,92900.0,-7100.0
5222,Reese Collins,flat,100.0,100000.0,50000.0,2021,0,0.0,102100.0,102100.0,2100.0
5223,Kinsley Brock,flat,100.0,100000.0,50000.0,2033,0,0.0,103300.0,103300.0,3300.0
5224,Julio Villarreal,flat,100.0,100000.0,50000.0,1972,0,0.0,97200.0,97200.0,-2800.0
5225,Jazlyn Arroyo,flat,100.0,100000.0,50000.0,1940,0,0.0,94000.0,94000.0,-6000.0
5226,Alberto Hensley,flat,100.0,100000.0,50000.0,1922,0,0.0,92200.0,92200.0,-7800.0
5227,Malaya Valentine,flat,100.0,100000.0,50000.0,1979,0,0.0,97900.0,97900.0,-2100.0
5228,Demetrius Freeman,flat,100.0,100000.0,50000.0,1884,0,0.0,88400.0,88400.0,-11600.0
5229,Norah Ramos,flat,100.0,100000.0,50000.0,1915,0,0.0,91500.0,91500.0,-8500.0
5230,Angel Morales,flat,100.0,100000.0,50000.0,1851,0,0.0,85100.0,85100.0,-14900.0
5231,Skylar Xiong,flat,100.0,100000.0,50000.0,1930,0,0.0,93000.0,93000.0,-7000.0
5232,Azrael Beck,flat,100.0,100000.0,50000.0,1849,0,0.0,84900.0,84900.0,-15100.0
5233,Gia Santos,flat,100.0,100000.0,50000.0,1942,0,0.0,94200.0,94200.0,-5800.0
5234,Walker Dean,flat,100.0,100000.0,50000.0,1930,0,0.0,93000.0,93000.0,-7000.0
5235,Julianna Morales,flat,100.0,100000.0,50000.0,1934,0,0.0,93400.0,93400.0,-6600.0
5236,Aaron Olsen,flat,100.0,100000.0,50000.0,1904,0,0.0,90400.0,90400.0,-9600.0
5237,Oaklyn Reese,flat,100.0,100000.0,50000.0,1867,0,0.0,86700.0,86700.0,-13300.0
5238,Alijah Le,flat,100.0,100000.0,50000.0,1938,0,0.0,93800.0,93800.0,-6200.0
5239,Myla Maxwell,flat,100.0,100000.0,50000.0,1984,0,0.0,98400.0,98400.0,-1600.0
5240,Eden Drake,flat,100.0,100000.0,50000.0,1916,0,0.0,91600.0,91600.0,-8400.0
5241,Jayleen Moran,flat,100.0,100000.0,50000.0,1960,0,0.0,96000.0,96000.0,-4000.0
5242,Tate Hahn,flat,100.0,100000.0,50000.0,1966,0,0.0,96600.0,96600.0,-3400.0
5243,Fallon Cantu,flat,100.0,100000.0,50000.0,1985,0,0.0,98500.0,98500.0,-1500.0
5244,Anakin Garner,flat,100.0,100000.0,50000.0,1982,0,0.0,98200.0,98200.0,-1800.0
5245,Jacqueline Solis,flat,100.0,100000.0,50000.0,2023,0,0.0,102300.0,102300.0,2300.0
5246,Ronin Jaramillo,flat,100.0,100000.0,50000.0,1889,0,0.0,88900.0,88900.0,-11100.0
5247,Guadalupe McCall,flat,100.0,100000.0,50000.0,1975,0,0.0,97500.0,97500.0,-2500.0
5248,Kiaan Howell,flat,100.0,100000.0,50000.0,1960,0,0.0,96000.0,96000.0,-4000.0
5249,Mckenna Chandler,flat,100.0,100000.0,50000.0,1932,0,0.0,93200.0,93200.0,-6800.0
5250,Royal Harrington,flat,100.0,100000.0,50000.0,2006,0,0.0,100600.0,100600.0,600.0
5251,Legacy Villarreal,flat,100.0,100000.0,50000.0,1944,0,0.0,94400.0,94400.0,-5600.0
5252,Nikolai Arroyo,flat,100.0,100000.0,50000.0,1998,0,0.0,99800.0,99800.0,-200.0
5253,Kyra Kennedy,flat,100.0,100000.0,50000.0,1888,0,0.0,88800.0,88800.0,-11200.0
5254,Maxwell Duarte,flat,100.0,100000.0,50000.0,1919,0,0.0,91900.0,91900.0,-8100.0
5255,Kynlee Cummings,flat,100.0,100000.0,50000.0,1945,0,0.0,94500.0,94500.0,-5500.0
5256,Raiden Jackson,flat,100.0,100000.0,50000.0,1869,0,0.0,86900.0,86900.0,-13100.0
5257,Avery Grimes,flat,100.0,100000.0,50000.0,2021,0,0.0,102100.0,102100.0,2100.0
5258,Harlan Logan,flat,100.0,100000.0,50000.0,1947,0,0.0,94700.0,94700.0,-5300.0
5259,Kora Elliott,flat,100.0,100000.0,50000.0,1982,0,0.0,98200.0,98200.0,-1800.0
5260,Blake Lin,flat,100.0,100000.0,50000.0,1927,0,0.0,92700.0,92700.0,-7300.0
5261,Makenna Strong,flat,100.0,100000.0,50000.0,1995,0,0.0,99500.0,99500.0,-500.0
5262,Axl McClain,flat,100.0,100000.0,50000.0,1978,0,0.0,97800.0,97800.0,-2200.0
5263,Marleigh Joseph,flat,100.0,100000.0,50000.0,1971,0,0.0,97100.0,97100.0,-2900.0
5264,Kyle Bruce,flat,100.0,100000.0,50000.0,1973,0,0.0,97300.0,97300.0,-2700.0
5265,Marilyn Campos,flat,100.0,100000.0,50000.0,1942,0,0.0,94200.0,94200.0,-5800.0
5266,Gideon Avila,flat,100.0,100000.0,50000.0,2025,0,0.0,102500.0,102500.0,2500.0
5267,Amiyah Hopkins,flat,100.0,100000.0,50000.0,1927,0,0.0,92700.0,92700.0,-7300.0
5268,Ali Jennings,flat,100.0,100000.0,50000.0,2033,0,0.0,103300.0,103300.0,3300.0
5269,Palmer Knight,flat,100.0,100000.0,50000.0,1939,0,0.0,93900.0,93900.0,-6100.0
5270,Beckett Morgan,flat,100.0,100000.0,50000.0,2021,0,0.0,102100.0,102100.0,2100.0
5271,Delilah Cantrell,flat,100.0,100000.0,50000.0,1939,0,0.0,93900.0,93900.0,-6100.0
5272,Harris Hobbs,flat,100.0,100000.0,50000.0,1938,0,0.0,93800.0,93800.0,-6200.0
5273,Lacey Dunn,flat,100.0,100000.0,50000.0,1987,0,0.0,98700.0,98700.0,-1300.0
5274,Dawson Jacobson,flat,100.0,100000.0,50000.0,1968,0,0.0,96800.0,96800.0,-3200.0
5275,Royal Armstrong,flat,100.0,100000.0,50000.0,1926,0,0.0,92600.0,92600.0,-7400.0
5276,Grant Simon,flat,100.0,100000.0,50000.0,1998,0,0.0,99800.0,99800.0,-200.0
5277,Kalani Hull,flat,100.0,100000.0,50000.0,1975,0,0.0,97500.0,97500.0,-2500.0
5278,Salem Wells,flat,100.0,100000.0,50000.0,1943,0,0.0,94300.0,94300.0,-5700.0
5279,Cecilia Becker,flat,100.0,100000.0,50000.0,1938,0,0.0,93800.0,93800.0,-6200.0
5280,Lawson Blair,flat,100.0,100000.0,50000.0,1997,0,0.0,99700.0,99700.0,-300.0
5281,Frances Rich,flat,100.0,100000.0,50000.0,1927,0,0.0,92700.0,92700.0,-7300.0
5282,Miller Burton,flat,100.0,100000.0,50000.0,1932,0,0.0,93200.0,93200.0,-6800.0
5283,Miriam Bartlett,flat,100.0,100000.0,50000.0,1951,0,0.0,95100.0,95100.0,-4900.0
5284,Kace Pace,flat,100.0,100000.0,50000.0,1968,0,0.0,96800.0,96800.0,-3200.0
5285,Giana Guerrero,flat,100.0,100000.0,50000.0,1950,0,0.0,95000.0,95000.0,-5000.0
5286,Bryce Young,flat,100.0,100000.0,50000.0,1940,0,0.0,94000.0,94000.0,-6000.0
5287,Zoey Herring,flat,100.0,100000.0,50000.0,1867,0,0.0,86700.0,86700.0,-13300.0
5288,Henrik Russo,flat,100.0,100000.0,50000.0,1905,0,0.0,90500.0,90500.0,-9500.0
5289,Tinsley Thompson,flat,100.0,100000.0,50000.0,1944,0,0.0,94400.0,94400.0,-5600.0
5290,Theodore Mack,flat,100.0,100000.0,50000.0,1937,0,0.0,93700.0,93700.0,-6300.0
5291,Nadia Sutton,flat,100.0,100000.0,50000.0,1973,0,0.0,97300.0,97300.0,-2700.0
5292,Warren Everett,flat,100.0,100000.0,50000.0,1880,0,0.0,88000.0,88000.0,-12000.0
5293,Noah Gill,flat,100.0,100000.0,50000.0,1947,0,0.0,94700.0,94700.0,-5300.0
5294,Matthias Drake,flat,100.0,100000.0,50000.0,1899,0,0.0,89900.0,89900.0,-10100.0
5295,Jayleen Ahmed,flat,100.0,100000.0,50000.0,1951,0,0.0,95100.0,95100.0,-4900.0
5296,Harry Liu,flat,100.0,100000.0,50000.0,1927,0,0.0,92700.0,92700.0,-7300.0
5297,Kate Waller,flat,100.0,100000.0,50000.0,1938,0,0.0,93800.0,93800.0,-6200.0
5298,Marley Proctor,flat,100.0,100000.0,50000.0,2054,0,0.0,105400.0,105400.0,5400.0
5299,Chandler Spears,flat,100.0,100000.0,50000.0,1890,0,0.0,89000.0,89000.0,-11000.0
5300,Ameer Petersen,flat,100.0,100000.0,50000.0,1979,0,0.0,97900.0,97900.0,-2100.0
5301,Fernanda Medina,flat,100.0,100000.0,50000.0,1973,0,0.0,97300.0,97300.0,-2700.0
5302,George Rhodes,flat,100.0,100000.0,50000.0,1893,0,0.0,89300.0,89300.0,-10700.0
5303,Tatum Hines,flat,100.0,100000.0,50000.0,1916,0,0.0,91600.0,91600.0,-8400.0
5304,Uriel Sherman,flat,100.0,100000.0,50000.0,1919,0,0.0,91900.0,91900.0,-8100.0
5305,Addilyn Choi,flat,100.0,100000.0,50000.0,1962,0,0.0,96200.0,96200.0,-3800.0
5306,Khari Villarreal,flat,100.0,100000.0,50000.0,1971,0,0.0,97100.0,97100.0,-2900.0
5307,Jazlyn Bond,flat,100.0,100000.0,50000.0,1861,0,0.0,86100.0,86100.0,-13900.0
5308,Roger Stanley,flat,100.0,100000.0,50000.0,1890,0,0.0,89000.0,89000.0,-11000.0
5309,Gracelyn Huang,flat,100.0,100000.0,50000.0,1890,0,0.0,89000.0,89000.0,-11000.0
5310,Ayaan Xiong,flat,100.0,100000.0,50000.0,1924,0,0.0,92400.0,92400.0,-7600.0
5311,Amayah Nash,flat,100.0,100000.0,50000.0,1935,0,0.0,93500.0,93500.0,-6500.0
5312,Chandler Roach,flat,100.0,100000.0,50000.0,2010,0,0.0,101000.0,101000.0,1000.0
5313,Lyanna Beard,flat,100.0,100000.0,50000.0,1902,0,0.0,90200.0,90200.0,-9800.0
5314,Nathanael Simon,flat,100.0,100000.0,50000.0,1926,0,0.0,92600.0,92600.0,-7400.0
5315,Kalani Le,flat,100.0,100000.0,50000.0,1962,0,0.0,96200.0,96200.0,-3800.0
5316,Damien Pearson,flat,100.0,100000.0,50000.0,1907,0,0.0,90700.0,90700.0,-9300.0
5317,Kiara Lowery,flat,100.0,100000.0,50000.0,1851,0,0.0,85100.0,85100.0,-14900.0
5318,Jaxxon Cordova,flat,100.0,100000.0,50000.0,1924,0,0.0,92400.0,92400.0,-7600.0
5319,Florence Page,flat,100.0,100000.0,50000.0,1913,0,0.0,91300.0,91300.0,-8700.0
5320,Pablo Jacobson,flat,100.0,100000.0,50000.0,1966,0,0.0,96600.0,96600.0,-3400.0
5321,Royal Roberson,flat,100.0,100000.0,50000.0,1933,0,0.0,93300.0,93300.0,-6700.0
5322,Shepherd Garza,flat,100.0,100000.0,50000.0,1989,0,0.0,98900.0,98900.0,-1100.0
5323,River Rubio,flat,100.0,100000.0,50000.0,1945,0,0.0,94500.0,94500.0,-5500.0
5324,Titan Huffman,flat,100.0,100000.0,50000.0,1976,0,0.0,97600.0,97600.0,-2400.0
5325,Hayley Bautista,flat,100.0,100000.0,50000.0,1956,0,0.0,95600.0,95600.0,-4400.0
5326,Raul Boyer,flat,100.0,100000.0,50000.0,1898,0,0.0,89800.0,89800.0,-10200.0
5327,Chaya Fields,flat,100.0,100000.0,50000.0,1952,0,0.0,95200.0,95200.0,-4800.0
5328,Clayton Cunningham,flat,100.0,100000.0,50000.0,1981,0,0.0,98100.0,98100.0,-1900.0
5329,Marley Enriquez,flat,100.0,100000.0,50000.0,1911,0,0.0,91100.0,91100.0,-8900.0
5330,Elisha Finley,flat,100.0,100000.0,50000.0,1958,0,0.0,95800.0,95800.0,-4200.0
5331,Jovie Garner,flat,100.0,100000.0,50000.0,1950,0,0.0,95000.0,95000.0,-5000.0
5332,Sage Bass,flat,100.0,100000.0,50000.0,1916,0,0.0,91600.0,91600.0,-8400.0
5333,Zahra Arias,flat,100.0,100000.0,50000.0,1911,0,0.0,91100.0,91100.0,-8900.0
5334,Alec Casey,flat,100.0,100000.0,50000.0,1990,0,0.0,99000.0,99000.0,-1000.0
5335,Sylvia Bender,flat,100.0,100000.0,50000.0,1944,0,0.0,94400.0,94400.0,-5600.0
5336,Zavier Weeks,flat,100.0,100000.0,50000.0,1927,0,0.0,92700.0,92700.0,-7300.0
5337,Karen Odom,flat,100.0,100000.0,50000.0,2010,0,0.0,101000.0,101000.0,1000.0
5338,Kylian Myers,flat,100.0,100000.0,50000.0,1945,0,0.0,94500.0,94500.0,-5500.0
5339,Lydia Herring,flat,100.0,100000.0,50000.0,1893,0,0.0,89300.0,89300.0,-10700.0
5340,Henrik Hansen,flat,100.0,100000.0,50000.0,1957,0,0.0,95700.0,95700.0,-4300.0
5341,Hope Hogan,flat,100.0,100000.0,50000.0,1944,0,0.0,94400.0,94400.0,-5600.0
5342,Sonny Le,flat,100.0,100000.0,50000.0,1922,0,0.0,92200.0,92200.0,-7800.0
5343,Myla Contreras,flat,100.0,100000.0,50000.0,1972,0,0.0,97200.0,97200.0,-2800.0
5344,Emilio Herman,flat,100.0,100000.0,50000.0,1958,0,0.0,95800.0,95800.0,-4200.0
5345,Paulina Pruitt,flat,100.0,100000.0,50000.0,1941,0,0.0,94100.0,94100.0,-5900.0
5346,Gatlin Sullivan,flat,100.0,100000.0,50000.0,1922,0,0.0,92200.0,92200.0,-7800.0
5347,Melanie Golden,flat,100.0,100000.0,50000.0,1981,0,0.0,98100.0,98100.0,-1900.0
5348,Amias Richard,flat,100.0,100000.0,50000.0,1966,0,0.0,96600.0,96600.0,-3400.0
5349,Davina Kane,flat,100.0,100000.0,50000.0,1895,0,0.0,89500.0,89500.0,-10500.0
5350,Brock Petersen,flat,100.0,100000.0,50000.0,1957,0,0.0,95700.0,95700.0,-4300.0
5351,Fernanda Crosby,flat,100.0,100000.0,50000.0,1945,0,0.0,94500.0,94500.0,-5500.0
5352,Tristen Zavala,flat,100.0,100000.0,50000.0,1898,0,0.0,89800.0,89800.0,-10200.0
5353,Liv Gillespie,flat,100.0,100000.0,50000.0,1896,0,0.0,89600.0,89600.0,-10400.0
5354,Forest Pittman,flat,100.0,100000.0,50000.0,1953,0,0.0,95300.0,95300.0,-4700.0
5355,Marie Clark,flat,100.0,100000.0,50000.0,1963,0,0.0,96300.0,96300.0,-3700.0
5356,John Benton,flat,100.0,100000.0,50000.0,1838,0,0.0,83800.0,83800.0,-16200.0
5357,Anais Wood,flat,100.0,100000.0,50000.0,1968,0,0.0,96800.0,96800.0,-3200.0
5358,Carson Cohen,flat,100.0,100000.0,50000.0,2040,0,0.0,104000.0,104000.0,4000.0
5359,Destiny Cummings,flat,100.0,100000.0,50000.0,1994,0,0.0,99400.0,99400.0,-600.0
5360,Raiden Gill,flat,100.0,100000.0,50000.0,1971,0,0.0,97100.0,97100.0,-2900.0
5361,Jordan Dodson,flat,100.0,100000.0,50000.0,1983,0,0.0,98300.0,98300.0,-1700.0
5362,Seven Mendoza,flat,100.0,100000.0,50000.0,2047,0,0.0,104700.0,104700.0,4700.0
5363,Cora Howell,flat,100.0,100000.0,50000.0,1986,0,0.0,98600.0,98600.0,-1400.0
5364,Bradley Nichols,flat,100.0,100000.0,50000.0,1952,0,0.0,95200.0,95200.0,-4800.0
5365,Aliyah Richards,flat,100.0,100000.0,50000.0,1904,0,0.0,90400.0,90400.0,-9600.0
5366,Holden Haley,flat,100.0,100000.0,50000.0,1958,0,0.0,95800.0,95800.0,-4200.0
5367,Addilynn Mays,flat,100.0,100000.0,50000.0,1901,0,0.0,90100.0,90100.0,-9900.0
5368,Jadiel Daugherty,flat,100.0,100000.0,50000.0,1994,0,0.0,99400.0,99400.0,-600.0
5369,Magdalena Holt,flat,100.0,100000.0,50000.0,1893,0,0.0,89300.0,89300.0,-10700.0
5370,Niko Sullivan,flat,100.0,100000.0,50000.0,2015,0,0.0,101500.0,101500.0,1500.0
5371,Melanie Conrad,flat,100.0,100000.0,50000.0,1960,0,0.0,96000.0,96000.0,-4000.0
5372,Dilan French,flat,100.0,100000.0,50000.0,1865,0,0.0,86500.0,86500.0,-13500.0
5373,Lorelai Newton,flat,100.0,100000.0,50000.0,1908,0,0.0,90800.0,90800.0,-9200.0
5374,Santino Hensley,flat,100.0,100000.0,50000.0,1998,0,0.0,99800.0,99800.0,-200.0
5375,Malaya Stevenson,flat,100.0,100000.0,50000.0,1956,0,0.0,95600.0,95600.0,-4400.0
5376,Callan Dennis,flat,100.0,100000.0,50000.0,2038,0,0.0,103800.0,103800.0,3800.0
5377,Maisie McDaniel,flat,100.0,100000.0,50000.0,1924,0,0.0,92400.0,92400.0,-7600.0
5378,Major Horton,flat,100.0,100000.0,50000.0,1954,0,0.0,95400.0,95400.0,-4600.0
5379,Aitana Levy,flat,100.0,100000.0,50000.0,1956,0,0.0,95600.0,95600.0,-4400.0
5380,Harold Gallegos,flat,100.0,100000.0,50000.0,1892,0,0.0,89200.0,89200.0,-10800.0
5381,Ari Fry,flat,100.0,100000.0,50000.0,1944,0,0.0,94400.0,94400.0,-5600.0
5382,Jacoby Roman,flat,100.0,100000.0,50000.0,1971,0,0.0,97100.0,97100.0,-2900.0
5383,Astrid Graham,flat,100.0,100000.0,50000.0,1932,0,0.0,93200.0,93200.0,-6800.0
5384,Giovanni Cantrell,flat,100.0,100000.0,50000.0,1895,0,0.0,89500.0,89500.0,-10500.0
5385,Yamileth Lowery,flat,100.0,100000.0,50000.0,1977,0,0.0,97700.0,97700.0,-2300.0
5386,Jaxxon Hendrix,flat,100.0,100000.0,50000.0,1908,0,0.0,90800.0,90800.0,-9200.0
5387,Zhuri Hood,flat,100.0,100000.0,50000.0,1906,0,0.0,90600.0,90600.0,-9400.0
5388,Brixton Burnett,flat,100.0,100000.0,50000.0,1991,0,0.0,99100.0,99100.0,-900.0
5389,Emberly Romero,flat,100.0,100000.0,50000.0,1973,0,0.0,97300.0,97300.0,-2700.0
5390,Bryson Washington,flat,100.0,100000.0,50000.0,1951,0,0.0,95100.0,95100.0,-4900.0
5391,Valerie McCullough,flat,100.0,100000.0,50000.0,1917,0,0.0,91700.0,91700.0,-8300.0
5392,Briar Norton,flat,100.0,100000.0,50000.0,1942,0,0.0,94200.0,94200.0,-5800.0
5393,Kylee Espinosa,flat,100.0,100000.0,50000.0,1978,0,0.0,97800.0,97800.0,-2200.0
5394,Khalid McKinney,flat,100.0,100000.0,50000.0,1999,0,0.0,99900.0,99900.0,-100.0
5395,Gwendolyn Wilcox,flat,100.0,100000.0,50000.0,2067,0,0.0,106700.0,106700.0,6700.0
5396,Jerry Ryan,flat,100.0,100000.0,50000.0,1977,0,0.0,97700.0,97700.0,-2300.0
5397,Morgan McConnell,flat,100.0,100000.0,50000.0,1912,0,0.0,91200.0,91200.0,-8800.0
5398,London Harvey,flat,100.0,100000.0,50000.0,1953,0,0.0,95300.0,95300.0,-4700.0
5399,Nicole Harding,flat,100.0,100000.0,50000.0,1849,0,0.0,84900.0,84900.0,-15100.0
5400,Brodie Fuller,flat,100.0,100000.0,50000.0,1896,0,0.0,89600.0,89600.0,-10400.0
5401,Oakley Hernandez,flat,100.0,100000.0,50000.0,2041,0,0.0,104100.0,104100.0,4100.0
5402,Mason Baldwin,flat,100.0,100000.0,50000.0,2044,0,0.0,104400.0,104400.0,4400.0
5403,Esmeralda Fitzgerald,flat,100.0,100000.0,50000.0,1921,0,0.0,92100.0,92100.0,-7900.0
5404,Peyton Perez,flat,100.0,100000.0,50000.0,1929,0,0.0,92900.0,92900.0,-7100.0
5405,Eleanor Washington,flat,100.0,100000.0,50000.0,1969,0,0.0,96900.0,96900.0,-3100.0
5406,Juan Vaughn,flat,100.0,100000.0,50000.0,1906,0,0.0,90600.0,90600.0,-9400.0
5407,Reign Dorsey,flat,100.0,100000.0,50000.0,1887,0,0.0,88700.0,88700.0,-11300.0
5408,Enoch Taylor,flat,100.0,100000.0,50000.0,1985,0,0.0,98500.0,98500.0,-1500.0
5409,Sofia Kelly,flat,100.0,100000.0,50000.0,2008,0,0.0,100800.0,100800.0,800.0
5410,Cooper Tran,flat,100.0,100000.0,50000.0,2008,0,0.0,100800.0,100800.0,800.0
5411,Kylie West,flat,100.0,100000.0,50000.0,1907,0,0.0,90700.0,90700.0,-9300.0
5412,Diego Weber,flat,100.0,100000.0,50000.0,1966,0,0.0,96600.0,96600.0,-3400.0
5413,Alayah Robinson,flat,100.0,100000.0,50000.0,1871,0,0.0,87100.0,87100.0,-12900.0
5414,Matthew Leblanc,flat,100.0,100000.0,50000.0,2009,0,0.0,100900.0,100900.0,900.0
5415,Novalee Reese,flat,100.0,100000.0,50000.0,1940,0,0.0,94000.0,94000.0,-6000.0
5416,Alijah Black,flat,100.0,100000.0,50000.0,2011,0,0.0,101100.0,101100.0,1100.0
5417,Molly Allen,flat,100.0,100000.0,50000.0,1979,0,0.0,97900.0,97900.0,-2100.0
5418,Carter Small,flat,100.0,100000.0,50000.0,1900,0,0.0,90000.0,90000.0,-10000.0
5419,Zaria Vincent,flat,100.0,100000.0,50000.0,1946,0,0.0,94600.0,94600.0,-5400.0
5420,Aarav Gonzales,flat,100.0,100000.0,50000.0,1948,0,0.0,94800.0,94800.0,-5200.0
5421,Hadley Osborne,flat,100.0,100000.0,50000.0,1953,0,0.0,95300.0,95300.0,-4700.0
5422,Augustus Moyer,flat,100.0,100000.0,50000.0,1991,0,0.0,99100.0,99100.0,-900.0
5423,Zola Benitez,flat,100.0,100000.0,50000.0,1996,0,0.0,99600.0,99600.0,-400.0
5424,Justice Hensley,flat,100.0,100000.0,50000.0,1866,0,0.0,86600.0,86600.0,-13400.0
5425,Malaya Shaffer,flat,100.0,100000.0,50000.0,1944,0,0.0,94400.0,94400.0,-5600.0
5426,Dexter Waters,flat,100.0,100000.0,50000.0,1920,0,0.0,92000.0,92000.0,-8000.0
5427,Bristol Person,flat,100.0,100000.0,50000.0,1961,0,0.0,96100.0,96100.0,-3900.0
5428,Moses Barrett,flat,100.0,100000.0,50000.0,1863,0,0.0,86300.0,86300.0,-13700.0
5429,Kendall Alvarez,flat,100.0,100000.0,50000.0,1940,0,0.0,94000.0,94000.0,-6000.0
5430,Xavier Montgomery,flat,100.0,100000.0,50000.0,1903,0,0.0,90300.0,90300.0,-9700.0
5431,Evangeline Murray,flat,100.0,100000.0,50000.0,2005,0,0.0,100500.0,100500.0,500.0
5432,Ashton Chase,flat,100.0,100000.0,50000.0,1936,0,0.0,93600.0,93600.0,-6400.0
5433,Angie Lang,flat,100.0,100000.0,50000.0,1932,0,0.0,93200.0,93200.0,-6800.0
5434,Wells Best,flat,100.0,100000.0,50000.0,1915,0,0.0,91500.0,91500.0,-8500.0
5435,Lexie Stein,flat,100.0,100000.0,50000.0,2017,0,0.0,101700.0,101700.0,1700.0
5436,Creed Spencer,flat,100.0,100000.0,50000.0,1950,0,0.0,95000.0,95000.0,-5000.0
5437,Alyssa Melendez,flat,100.0,100000.0,50000.0,1944,0,0.0,94400.0,94400.0,-5600.0
5438,Nikolas Robles,flat,100.0,100000.0,50000.0,1894,0,0.0,89400.0,89400.0,-10600.0
5439,Felicity Briggs,flat,100.0,100000.0,50000.0,1857,0,0.0,85700.0,85700.0,-14300.0
5440,Case Krueger,flat,100.0,100000.0,50000.0,1955,0,0.0,95500.0,95500.0,-4500.0
5441,Kamari Holt,flat,100.0,100000.0,50000.0,2043,0,0.0,104300.0,104300.0,4300.0
5442,Niko Norris,flat,100.0,100000.0,50000.0,1924,0,0.0,92400.0,92400.0,-7600.0
5443,Arielle Salgado,flat,100.0,100000.0,50000.0,1980,0,0.0,98000.0,98000.0,-2000.0
5444,Trace Sherman,flat,100.0,100000.0,50000.0,2053,0,0.0,105300.0,105300.0,5300.0
5445,Addilyn Douglas,flat,100.0,100000.0,50000.0,1953,0,0.0,95300.0,95300.0,-4700.0
5446,Derek Escobar,flat,100.0,100000.0,50000.0,1952,0,0.0,95200.0,95200.0,-4800.0
5447,Erin House,flat,100.0,100000.0,50000.0,1937,0,0.0,93700.0,93700.0,-6300.0
5448,Yehuda Ho,flat,100.0,100000.0,50000.0,2009,0,0.0,100900.0,100900.0,900.0
5449,Calliope Fernandez,flat,100.0,100000.0,50000.0,1859,0,0.0,85900.0,85900.0,-14100.0
5450,Bentley Miranda,flat,100.0,100000.0,50000.0,1960,0,0.0,96000.0,96000.0,-4000.0
5451,Amina Bryan,flat,100.0,100000.0,50000.0,1925,0,0.0,92500.0,92500.0,-7500.0
5452,Jaxtyn Williams,flat,100.0,100000.0,50000.0,2047,0,0.0,104700.0,104700.0,4700.0
5453,Ava Gates,flat,100.0,100000.0,50000.0,1934,0,0.0,93400.0,93400.0,-6600.0
5454,Ermias Carson,flat,100.0,100000.0,50000.0,1937,0,0.0,93700.0,93700.0,-6300.0
5455,Nalani Coleman,flat,100.0,100000.0,50000.0,1932,0,0.0,93200.0,93200.0,-6800.0
5456,Micah Benitez,flat,100.0,100000.0,50000.0,1930,0,0.0,93000.0,93000.0,-7000.0
5457,Aliza Vang,flat,100.0,100000.0,50000.0,1964,0,0.0,96400.0,96400.0,-3600.0
5458,Jimmy McGee,flat,100.0,100000.0,50000.0,1855,0,0.0,85500.0,85500.0,-14500.0
5459,Kayleigh Reyes,flat,100.0,100000.0,50000.0,2032,0,0.0,103200.0,103200.0,3200.0
5460,Eli King,flat,100.0,100000.0,50000.0,1980,0,0.0,98000.0,98000.0,-2000.0
5461,Victoria Kline,flat,100.0,100000.0,50000.0,1992,0,0.0,99200.0,99200.0,-800.0
5462,Ramon Carson,flat,100.0,100000.0,50000.0,2013,0,0.0,101300.0,101300.0,1300.0
5463,Nalani Blanchard,flat,100.0,100000.0,50000.0,1966,0,0.0,96600.0,96600.0,-3400.0
5464,Adler Joseph,flat,100.0,100000.0,50000.0,1916,0,0.0,91600.0,91600.0,-8400.0
5465,Gracelynn Turner,flat,100.0,100000.0,50000.0,1924,0,0.0,92400.0,92400.0,-7600.0
5466,Joshua Mays,flat,100.0,100000.0,50000.0,1882,0,0.0,88200.0,88200.0,-11800.0
5467,Denisse Hogan,flat,100.0,100000.0,50000.0,1924,0,0.0,92400.0,92400.0,-7600.0
5468,Sonny Neal,flat,100.0,100000.0,50000.0,1954,0,0.0,95400.0,95400.0,-4600.0
5469,Talia Knox,flat,100.0,100000.0,50000.0,1963,0,0.0,96300.0,96300.0,-3700.0
5470,Valentin McConnell,flat,100.0,100000.0,50000.0,1987,0,0.0,98700.0,98700.0,-1300.0
5471,Denise Koch,flat,100.0,100000.0,50000.0,1906,0,0.0,90600.0,90600.0,-9400.0
5472,Salvador Beasley,flat,100.0,100000.0,50000.0,1930,0,0.0,93000.0,93000.0,-7000.0
5473,Jaylah Bryant,flat,100.0,100000.0,50000.0,1907,0,0.0,90700.0,90700.0,-9300.0
5474,Jonah Rivas,flat,100.0,100000.0,50000.0,1922,0,0.0,92200.0,92200.0,-7800.0
5475,Averie Bernal,flat,100.0,100000.0,50000.0,1945,0,0.0,94500.0,94500.0,-5500.0
5476,Eithan Garrett,flat,100.0,100000.0,50000.0,2086,0,0.0,108600.0,108600.0,8600.0
5477,Tessa Maynard,flat,100.0,100000.0,50000.0,1910,0,0.0,91000.0,91000.0,-9000.0
5478,Landry Becker,flat,100.0,100000.0,50000.0,1909,0,0.0,90900.0,90900.0,-9100.0
5479,Laura O’Neal,flat,100.0,100000.0,50000.0,1922,0,0.0,92200.0,92200.0,-7800.0
5480,Eddie Osborne,flat,100.0,100000.0,50000.0,1986,0,0.0,98600.0,98600.0,-1400.0
5481,Shelby Bowen,flat,100.0,100000.0,50000.0,2006,0,0.0,100600.0,100600.0,600.0
5482,Trevor Rios,flat,100.0,100000.0,50000.0,2005,0,0.0,100500.0,100500.0,500.0
5483,Brooke Hebert,flat,100.0,100000.0,50000.0,1937,0,0.0,93700.0,93700.0,-6300.0
5484,Guillermo Shepherd,flat,100.0,100000.0,50000.0,1929,0,0.0,92900.0,92900.0,-7100.0
5485,Katalina Travis,flat,100.0,100000.0,50000.0,1918,0,0.0,91800.0,91800.0,-8200.0
5486,Willie Spears,flat,100.0,100000.0,50000.0,1963,0,0.0,96300.0,96300.0,-3700.0
5487,Isabela Case,flat,100.0,100000.0,50000.0,1930,0,0.0,93000.0,93000.0,-7000.0
5488,Bentlee Hernandez,flat,100.0,100000.0,50000.0,2028,0,0.0,102800.0,102800.0,2800.0
5489,Camila Lozano,flat,100.0,100000.0,50000.0,1930,0,0.0,93000.0,93000.0,-7000.0
5490,Boone Lin,flat,100.0,100000.0,50000.0,1975,0,0.0,97500.0,97500.0,-2500.0
5491,Makenna Velez,flat,100.0,100000.0,50000.0,1974,0,0.0,97400.0,97400.0,-2600.0
5492,Kareem Cuevas,flat,100.0,100000.0,50000.0,1881,0,0.0,88100.0,88100.0,-11900.0
5493,Adele Chan,flat,100.0,100000.0,50000.0,1913,0,0.0,91300.0,91300.0,-8700.0
5494,Frank Mercado,flat,100.0,100000.0,50000.0,1881,0,0.0,88100.0,88100.0,-11900.0
5495,Mckinley Herring,flat,100.0,100000.0,50000.0,1875,0,0.0,87500.0,87500.0,-12500.0
5496,Henrik James,flat,100.0,100000.0,50000.0,1946,0,0.0,94600.0,94600.0,-5400.0
5497,Quinn Coleman,flat,100.0,100000.0,50000.0,1958,0,0.0,95800.0,95800.0,-4200.0
5498,Micah Walters,flat,100.0,100000.0,50000.0,2031,0,0.0,103100.0,103100.0,3100.0
5499,Samara Stein,flat,100.0,100000.0,50000.0,1902,0,0.0,90200.0,90200.0,-9800.0
5500,Creed Reid,flat,100.0,100000.0,50000.0,1893,0,0.0,89300.0,89300.0,-10700.0
5501,Charlee Rivas,flat,100.0,100000.0,50000.0,2000,0,0.0,100000.0,100000.0,0.0
5502,Damon Wilkerson,flat,100.0,100000.0,50000.0,1912,0,0.0,91200.0,91200.0,-8800.0
5503,Janiyah Dean,flat,100.0,100000.0,50000.0,1943,0,0.0,94300.0,94300.0,-5700.0
5504,Ronan Wade,flat,100.0,100000.0,50000.0,2087,0,0.0,108700.0,108700.0,8700.0
5505,Evie Villarreal,flat,100.0,100000.0,50000.0,1994,0,0.0,99400.0,99400.0,-600.0
5506,Nikolai Johnson,flat,100.0,100000.0,50000.0,1925,0,0.0,92500.0,92500.0,-7500.0
5507,Emma Nava,flat,100.0,100000.0,50000.0,1949,0,0.0,94900.0,94900.0,-5100.0
5508,Stefan Cuevas,flat,100.0,100000.0,50000.0,1971,0,0.0,97100.0,97100.0,-2900.0
5509,Adele O’Connor,flat,100.0,100000.0,50000.0,1858,0,0.0,85800.0,85800.0,-14200.0
5510,Princeton O’Connell,flat,100.0,100000.0,50000.0,1954,0,0.0,95400.0,95400.0,-4600.0
5511,Jillian Ball,flat,100.0,100000.0,50000.0,2033,0,0.0,103300.0,103300.0,3300.0
5512,Shane George,flat,100.0,100000.0,50000.0,1913,0,0.0,91300.0,91300.0,-8700.0
5513,Adelyn Nicholson,flat,100.0,100000.0,50000.0,1967,0,0.0,96700.0,96700.0,-3300.0
5514,Rodrigo Caldwell,flat,100.0,100000.0,50000.0,1913,0,0.0,91300.0,91300.0,-8700.0
5515,Evelynn Grant,flat,100.0,100000.0,50000.0,1983,0,0.0,98300.0,98300.0,-1700.0
5516,Leon Burton,flat,100.0,100000.0,50000.0,1909,0,0.0,90900.0,90900.0,-9100.0
5517,Miriam Cohen,flat,100.0,100000.0,50000.0,1905,0,0.0,90500.0,90500.0,-9500.0
5518,Killian Sullivan,flat,100.0,100000.0,50000.0,1923,0,0.0,92300.0,92300.0,-7700.0
5519,Melanie Pearson,flat,100.0,100000.0,50000.0,1995,0,0.0,99500.0,99500.0,-500.0
5520,Gunner Gallagher,flat,100.0,100000.0,50000.0,2012,0,0.0,101200.0,101200.0,1200.0
5521,Elliott Payne,flat,100.0,100000.0,50000.0,1907,0,0.0,90700.0,90700.0,-9300.0
5522,Edward Benton,flat,100.0,100000.0,50000.0,1924,0,0.0,92400.0,92400.0,-7600.0
5523,Anais Figueroa,flat,100.0,100000.0,50000.0,1902,0,0.0,90200.0,90200.0,-9800.0
5524,Spencer Tang,flat,100.0,100000.0,50000.0,1887,0,0.0,88700.0,88700.0,-11300.0
5525,Belle Case,flat,100.0,100000.0,50000.0,2012,0,0.0,101200.0,101200.0,1200.0
5526,Bentlee Hoffman,flat,100.0,100000.0,50000.0,1956,0,0.0,95600.0,95600.0,-4400.0
5527,Aspen Cole,flat,100.0,100000.0,50000.0,1859,0,0.0,85900.0,85900.0,-14100.0
5528,Nathaniel Lowe,flat,100.0,100000.0,50000.0,1931,0,0.0,93100.0,93100.0,-6900.0
5529,Amari Spencer,flat,100.0,100000.0,50000.0,1937,0,0.0,93700.0,93700.0,-6300.0
5530,Ace Anthony,flat,100.0,100000.0,50000.0,1955,0,0.0,95500.0,95500.0,-4500.0
5531,Macy Sellers,flat,100.0,100000.0,50000.0,2014,0,0.0,101400.0,101400.0,1400.0
5532,Madden Hinton,flat,100.0,100000.0,50000.0,1982,0,0.0,98200.0,98200.0,-1800.0
5533,Jaelynn Marsh,flat,100.0,100000.0,50000.0,1839,0,0.0,83900.0,83900.0,-16100.0
5534,Bo Barnett,flat,100.0,100000.0,50000.0,1913,0,0.0,91300.0,91300.0,-8700.0
5535,Harlow Perry,flat,100.0,100000.0,50000.0,1922,0,0.0,92200.0,92200.0,-7800.0
5536,Waylon Christensen,flat,100.0,100000.0,50000.0,1976,0,0.0,97600.0,97600.0,-2400.0
5537,Carmen Stark,flat,100.0,100000.0,50000.0,1966,0,0.0,96600.0,96600.0,-3400.0
5538,Kristopher Pham,flat,100.0,100000.0,50000.0,1974,0,0.0,97400.0,97400.0,-2600.0
5539,Raelyn Barajas,flat,100.0,100000.0,50000.0,1946,0,0.0,94600.0,94600.0,-5400.0
5540,Brennan Powers,flat,100.0,100000.0,50000.0,2002,0,0.0,100200.0,100200.0,200.0
5541,Michelle Montgomery,flat,100.0,100000.0,50000.0,1946,0,0.0,94600.0,94600.0,-5400.0
5542,Maximiliano Jefferson,flat,100.0,100000.0,50000.0,1910,0,0.0,91000.0,91000.0,-9000.0
5543,Julieta Hurley,flat,100.0,100000.0,50000.0,1927,0,0.0,92700.0,92700.0,-7300.0
5544,Van Kemp,flat,100.0,100000.0,50000.0,1969,0,0.0,96900.0,96900.0,-3100.0
5545,Anika Blair,flat,100.0,100000.0,50000.0,2030,0,0.0,103000.0,103000.0,3000.0
5546,Troy Sampson,flat,100.0,100000.0,50000.0,1923,0,0.0,92300.0,92300.0,-7700.0
5547,Meilani Truong,flat,100.0,100000.0,50000.0,1934,0,0.0,93400.0,93400.0,-6600.0
5548,Ayan Hess,flat,100.0,100000.0,50000.0,1945,0,0.0,94500.0,94500.0,-5500.0
5549,Kaliyah Lu,flat,100.0,100000.0,50000.0,2009,0,0.0,100900.0,100900.0,900.0
5550,Duncan Spence,flat,100.0,100000.0,50000.0,1977,0,0.0,97700.0,97700.0,-2300.0
5551,Aislinn Paul,flat,100.0,100000.0,50000.0,2047,0,0.0,104700.0,104700.0,4700.0
5552,Noel Waters,flat,100.0,100000.0,50000.0,1932,0,0.0,93200.0,93200.0,-6800.0
5553,Bristol Ramos,flat,100.0,100000.0,50000.0,1861,0,0.0,86100.0,86100.0,-13900.0
5554,Angel Sosa,flat,100.0,100000.0,50000.0,1994,0,0.0,99400.0,99400.0,-600.0
5555,Cassandra Fernandez,flat,100.0,100000.0,50000.0,1956,0,0.0,95600.0,95600.0,-4400.0
5556,Bentley Castro,flat,100.0,100000.0,50000.0,1983,0,0.0,98300.0,98300.0,-1700.0
5557,Eloise Christensen,flat,100.0,100000.0,50000.0,1976,0,0.0,97600.0,97600.0,-2400.0
5558,Gregory Davila,flat,100.0,100000.0,50000.0,1920,0,0.0,92000.0,92000.0,-8000.0
5559,Rayne Moses,flat,100.0,100000.0,50000.0,1927,0,0.0,92700.0,92700.0,-7300.0
5560,Niklaus Branch,flat,100.0,100000.0,50000.0,2014,0,0.0,101400.0,101400.0,1400.0
5561,Luisa Fry,flat,100.0,100000.0,50000.0,1888,0,0.0,88800.0,88800.0,-11200.0
5562,Jacoby Chambers,flat,100.0,100000.0,50000.0,1959,0,0.0,95900.0,95900.0,-4100.0
5563,Makayla Hicks,flat,100.0,100000.0,50000.0,1983,0,0.0,98300.0,98300.0,-1700.0
5564,Maddox Hensley,flat,100.0,100000.0,50000.0,1932,0,0.0,93200.0,93200.0,-6800.0
5565,Malaya Mullins,flat,100.0,100000.0,50000.0,1906,0,0.0,90600.0,90600.0,-9400.0
5566,Allen Rubio,flat,100.0,100000.0,50000.0,1992,0,0.0,99200.0,99200.0,-800.0
5567,Hadassah Trejo,flat,100.0,100000.0,50000.0,1816,0,0.0,81600.0,81600.0,-18400.0
5568,Wesson Gallegos,flat,100.0,100000.0,50000.0,1934,0,0.0,93400.0,93400.0,-6600.0
5569,Ari Barker,flat,100.0,100000.0,50000.0,2009,0,0.0,100900.0,100900.0,900.0
5570,Kade Henson,flat,100.0,100000.0,50000.0,1939,0,0.0,93900.0,93900.0,-6100.0
5571,Kinslee Alfaro,flat,100.0,100000.0,50000.0,1971,0,0.0,97100.0,97100.0,-2900.0
5572,Xzavier Bautista,flat,100.0,100000.0,50000.0,1995,0,0.0,99500.0,99500.0,-500.0
5573,Antonella Reese,flat,100.0,100000.0,50000.0,1925,0,0.0,92500.0,92500.0,-7500.0
5574,Alijah Fowler,flat,100.0,100000.0,50000.0,1950,0,0.0,95000.0,95000.0,-5000.0
5575,Lennon Rivera,flat,100.0,100000.0,50000.0,1939,0,0.0,93900.0,93900.0,-6100.0
5576,Charles Burton,flat,100.0,100000.0,50000.0,1945,0,0.0,94500.0,94500.0,-5500.0
5577,Miriam Cooper,flat,100.0,100000.0,50000.0,2017,0,0.0,101700.0,101700.0,1700.0
5578,Jonathan Shah,flat,100.0,100000.0,50000.0,1935,0,0.0,93500.0,93500.0,-6500.0
5579,Angelica Klein,flat,100.0,100000.0,50000.0,1963,0,0.0,96300.0,96300.0,-3700.0
5580,Marco Fields,flat,100.0,100000.0,50000.0,1926,0,0.0,92600.0,92600.0,-7400.0
5581,Annie Villa,flat,100.0,100000.0,50000.0,1876,0,0.0,87600.0,87600.0,-12400.0
5582,Clay McKee,flat,100.0,100000.0,50000.0,1933,0,0.0,93300.0,93300.0,-6700.0
5583,Kori Brewer,flat,100.0,100000.0,50000.0,1907,0,0.0,90700.0,90700.0,-9300.0
5584,Cruz Good,flat,100.0,100000.0,50000.0,1990,0,0.0,99000.0,99000.0,-1000.0
5585,Nathalia Jaramillo,flat,100.0,100000.0,50000.0,1977,0,0.0,97700.0,97700.0,-2300.0
5586,Riggs Dudley,flat,100.0,100000.0,50000.0,1919,0,0.0,91900.0,91900.0,-8100.0
5587,Hadleigh Hutchinson,flat,100.0,100000.0,50000.0,2013,0,0.0,101300.0,101300.0,1300.0
5588,Korbin Peralta,flat,100.0,100000.0,50000.0,1956,0,0.0,95600.0,95600.0,-4400.0
5589,Malayah Strickland,flat,100.0,100000.0,50000.0,1984,0,0.0,98400.0,98400.0,-1600.0
5590,Keegan Casey,flat,100.0,100000.0,50000.0,2000,0,0.0,100000.0,100000.0,0.0
5591,Sylvia Cantrell,flat,100.0,100000.0,50000.0,1903,0,0.0,90300.0,90300.0,-9700.0
5592,Harris Hudson,flat,100.0,100000.0,50000.0,1913,0,0.0,91300.0,91300.0,-8700.0
5593,Kamila Barber,flat,100.0,100000.0,50000.0,1917,0,0.0,91700.0,91700.0,-8300.0
5594,Solomon Weiss,flat,100.0,100000.0,50000.0,1948,0,0.0,94800.0,94800.0,-5200.0
5595,Lennox Doyle,flat,100.0,100000.0,50000.0,2011,0,0.0,101100.0,101100.0,1100.0
5596,Kashton Donovan,flat,100.0,100000.0,50000.0,1959,0,0.0,95900.0,95900.0,-4100.0
5597,Azariah Morris,flat,100.0,100000.0,50000.0,1926,0,0.0,92600.0,92600.0,-7400.0
5598,Christian Vaughan,flat,100.0,100000.0,50000.0,1949,0,0.0,94900.0,94900.0,-5100.0
5599,Nancy Walton,flat,100.0,100000.0,50000.0,1950,0,0.0,95000.0,95000.0,-5000.0
5600,Dominick Aguirre,flat,100.0,100000.0,50000.0,1992,0,0.0,99200.0,99200.0,-800.0
5601,Ariah Nixon,flat,100.0,100000.0,50000.0,1951,0,0.0,95100.0,95100.0,-4900.0
5602,Cory Ford,flat,100.0,100000.0,50000.0,1970,0,0.0,97000.0,97000.0,-3000.0
5603,Alexandra Hopkins,flat,100.0,100000.0,50000.0,2007,0,0.0,100700.0,100700.0,700.0
5604,Ali Beard,flat,100.0,100000.0,50000.0,1917,0,0.0,91700.0,91700.0,-8300.0
5605,Ezra Patel,flat,100.0,100000.0,50000.0,1955,0,0.0,95500.0,95500.0,-4500.0
5606,Parker O’Connell,flat,100.0,100000.0,50000.0,1941,0,0.0,94100.0,94100.0,-5900.0
5607,Jillian Coffey,flat,100.0,100000.0,50000.0,1916,0,0.0,91600.0,91600.0,-8400.0
5608,Kody Farmer,flat,100.0,100000.0,50000.0,1889,0,0.0,88900.0,88900.0,-11100.0
5609,Madelynn Hart,flat,100.0,100000.0,50000.0,1990,0,0.0,99000.0,99000.0,-1000.0
5610,Joel Juarez,flat,100.0,100000.0,50000.0,1911,0,0.0,91100.0,91100.0,-8900.0
5611,Juliet Huff,flat,100.0,100000.0,50000.0,1901,0,0.0,90100.0,90100.0,-9900.0
5612,Finnley Hampton,flat,100.0,100000.0,50000.0,1985,0,0.0,98500.0,98500.0,-1500.0
5613,Leona Bowers,flat,100.0,100000.0,50000.0,1872,0,0.0,87200.0,87200.0,-12800.0
5614,Dorian Wolfe,flat,100.0,100000.0,50000.0,1888,0,0.0,88800.0,88800.0,-11200.0
5615,Hallie Marquez,flat,100.0,100000.0,50000.0,1898,0,0.0,89800.0,89800.0,-10200.0
5616,Malakai Harvey,flat,100.0,100000.0,50000.0,1917,0,0.0,91700.0,91700.0,-8300.0
5617,Nicole Washington,flat,100.0,100000.0,50000.0,1956,0,0.0,95600.0,95600.0,-4400.0
5618,Juan James,flat,100.0,100000.0,50000.0,1925,0,0.0,92500.0,92500.0,-7500.0
5619,Quinn Ryan,flat,100.0,100000.0,50000.0,1925,0,0.0,92500.0,92500.0,-7500.0
5620,Timothy Nava,flat,100.0,100000.0,50000.0,1933,0,0.0,93300.0,93300.0,-6700.0
5621,Scout Ochoa,flat,100.0,100000.0,50000.0,1949,0,0.0,94900.0,94900.0,-5100.0
5622,Winston Jimenez,flat,100.0,100000.0,50000.0,1955,0,0.0,95500.0,95500.0,-4500.0
5623,Adeline Lowery,flat,100.0,100000.0,50000.0,1986,0,0.0,98600.0,98600.0,-1400.0
5624,Jaxxon Ahmed,flat,100.0,100000.0,50000.0,1985,0,0.0,98500.0,98500.0,-1500.0
5625,Jolie McCullough,flat,100.0,100000.0,50000.0,1980,0,0.0,98000.0,98000.0,-2000.0
5626,Briar Alfaro,flat,100.0,100000.0,50000.0,1915,0,0.0,91500.0,91500.0,-8500.0
5627,Yasmin Salas,flat,100.0,100000.0,50000.0,2002,0,0.0,100200.0,100200.0,200.0
5628,Zaiden Hunter,flat,100.0,100000.0,50000.0,1903,0,0.0,90300.0,90300.0,-9700.0
5629,Khloe Marin,flat,100.0,100000.0,50000.0,1922,0,0.0,92200.0,92200.0,-7800.0
5630,Aldo Osborne,flat,100.0,100000.0,50000.0,1933,0,0.0,93300.0,93300.0,-6700.0
5631,Shelby Beil,flat,100.0,100000.0,50000.0,1936,0,0.0,93600.0,93600.0,-6400.0
5632,Ariel Hawkins,flat,100.0,100000.0,50000.0,2002,0,0.0,100200.0,100200.0,200.0
5633,Ariel Elliott,flat,100.0,100000.0,50000.0,1888,0,0.0,88800.0,88800.0,-11200.0
5634,Blake Garcia,flat,100.0,100000.0,50000.0,1952,0,0.0,95200.0,95200.0,-4800.0
5635,Amelia Villa,flat,100.0,100000.0,50000.0,1912,0,0.0,91200.0,91200.0,-8800.0
5636,Clay McCullough,flat,100.0,100000.0,50000.0,1902,0,0.0,90200.0,90200.0,-9800.0
5637,Hana Chandler,flat,100.0,100000.0,50000.0,1945,0,0.0,94500.0,94500.0,-5500.0
5638,Royal Grant,flat,100.0,100000.0,50000.0,1977,0,0.0,97700.0,97700.0,-2300.0
5639,Alaina Reynolds,flat,100.0,100000.0,50000.0,1923,0,0.0,92300.0,92300.0,-7700.0
5640,Vincent McKee,flat,100.0,100000.0,50000.0,1964,0,0.0,96400.0,96400.0,-3600.0
5641,Kori Tanner,flat,100.0,100000.0,50000.0,1941,0,0.0,94100.0,94100.0,-5900.0
5642,Bruno Vu,flat,100.0,100000.0,50000.0,1951,0,0.0,95100.0,95100.0,-4900.0
5643,Kimora Taylor,flat,100.0,100000.0,50000.0,1902,0,0.0,90200.0,90200.0,-9800.0
5644,Jackson Hartman,flat,100.0,100000.0,50000.0,1924,0,0.0,92400.0,92400.0,-7600.0
5645,Kennedi Cherry,flat,100.0,100000.0,50000.0,1962,0,0.0,96200.0,96200.0,-3800.0
5646,Rome Ryan,flat,100.0,100000.0,50000.0,1948,0,0.0,94800.0,94800.0,-5200.0
5647,Morgan Curtis,flat,100.0,100000.0,50000.0,1945,0,0.0,94500.0,94500.0,-5500.0
5648,Muhammad Wolfe,flat,100.0,100000.0,50000.0,1926,0,0.0,92600.0,92600.0,-7400.0
5649,Hallie Rowland,flat,100.0,100000.0,50000.0,1916,0,0.0,91600.0,91600.0,-8400.0
5650,Eliezer McKee,flat,100.0,100000.0,50000.0,1928,0,0.0,92800.0,92800.0,-7200.0
5651,Kori Terry,flat,100.0,100000.0,50000.0,1988,0,0.0,98800.0,98800.0,-1200.0
5652,Armani Cross,flat,100.0,100000.0,50000.0,2004,0,0.0,100400.0,100400.0,400.0
5653,Nayeli Zamora,flat,100.0,100000.0,50000.0,1918,0,0.0,91800.0,91800.0,-8200.0
5654,Quentin Tyler,flat,100.0,100000.0,50000.0,1875,0,0.0,87500.0,87500.0,-12500.0
5655,Helena Terrell,flat,100.0,100000.0,50000.0,1909,0,0.0,90900.0,90900.0,-9100.0
5656,Jaxen Parra,flat,100.0,100000.0,50000.0,1943,0,0.0,94300.0,94300.0,-5700.0
5657,Dalary Franklin,flat,100.0,100000.0,50000.0,1922,0,0.0,92200.0,92200.0,-7800.0
5658,Simon Sweeney,flat,100.0,100000.0,50000.0,1932,0,0.0,93200.0,93200.0,-6800.0
5659,Yara Wilkins,flat,100.0,100000.0,50000.0,1929,0,0.0,92900.0,92900.0,-7100.0
5660,Yusuf Clay,flat,100.0,100000.0,50000.0,1933,0,0.0,93300.0,93300.0,-6700.0
5661,Aliana Abbott,flat,100.0,100000.0,50000.0,1914,0,0.0,91400.0,91400.0,-8600.0
5662,Kohen Bailey,flat,100.0,100000.0,50000.0,1949,0,0.0,94900.0,94900.0,-5100.0
5663,Kennedy Foley,flat,100.0,100000.0,50000.0,2022,0,0.0,102200.0,102200.0,2200.0
5664,Mohammad Singleton,flat,100.0,100000.0,50000.0,1940,0,0.0,94000.0,94000.0,-6000.0
5665,Malaysia Pennington,flat,100.0,100000.0,50000.0,1949,0,0.0,94900.0,94900.0,-5100.0
5666,Bobby O’Connor,flat,100.0,100000.0,50000.0,1959,0,0.0,95900.0,95900.0,-4100.0
5667,Charli Elliott,flat,100.0,100000.0,50000.0,1990,0,0.0,99000.0,99000.0,-1000.0
5668,Blake Grimes,flat,100.0,100000.0,50000.0,2020,0,0.0,102000.0,102000.0,2000.0
5669,Braelyn Logan,flat,100.0,100000.0,50000.0,1929,0,0.0,92900.0,92900.0,-7100.0
5670,Rocco Webster,flat,100.0,100000.0,50000.0,1931,0,0.0,93100.0,93100.0,-6900.0
5671,Kensley Sellers,flat,100.0,100000.0,50000.0,2026,0,0.0,102600.0,102600.0,2600.0
5672,Madden Mejia,flat,100.0,100000.0,50000.0,1981,0,0.0,98100.0,98100.0,-1900.0
5673,Saylor Castillo,flat,100.0,100000.0,50000.0,1915,0,0.0,91500.0,91500.0,-8500.0
5674,Kai Meyers,flat,100.0,100000.0,50000.0,1925,0,0.0,92500.0,92500.0,-7500.0
5675,Leyla Pierce,flat,100.0,100000.0,50000.0,1961,0,0.0,96100.0,96100.0,-3900.0
5676,Nicolas Jarvis,flat,100.0,100000.0,50000.0,2052,0,0.0,105200.0,105200.0,5200.0
5677,Elisabeth Robinson,flat,100.0,100000.0,50000.0,1982,0,0.0,98200.0,98200.0,-1800.0
5678,Matthew Delarosa,flat,100.0,100000.0,50000.0,2001,0,0.0,100100.0,100100.0,100.0
5679,Iyla English,flat,100.0,100000.0,50000.0,1986,0,0.0,98600.0,98600.0,-1400.0
5680,Junior Richards,flat,100.0,100000.0,50000.0,1908,0,0.0,90800.0,90800.0,-9200.0
5681,Trinity Pittman,flat,100.0,100000.0,50000.0,1938,0,0.0,93800.0,93800.0,-6200.0
5682,Valentino Alfaro,flat,100.0,100000.0,50000.0,1933,0,0.0,93300.0,93300.0,-6700.0
5683,Yasmin Mora,flat,100.0,100000.0,50000.0,1923,0,0.0,92300.0,92300.0,-7700.0
5684,Arturo Ramirez,flat,100.0,100000.0,50000.0,2001,0,0.0,100100.0,100100.0,100.0
5685,Grace Carrillo,flat,100.0,100000.0,50000.0,1906,0,0.0,90600.0,90600.0,-9400.0
5686,Wade Esquivel,flat,100.0,100000.0,50000.0,1984,0,0.0,98400.0,98400.0,-1600.0
5687,Jaylee Jackson,flat,100.0,100000.0,50000.0,1992,0,0.0,99200.0,99200.0,-800.0
5688,Sebastian Ramirez,flat,100.0,100000.0,50000.0,1907,0,0.0,90700.0,90700.0,-9300.0
5689,Grace Rivers,flat,100.0,100000.0,50000.0,1872,0,0.0,87200.0,87200.0,-12800.0
5690,Bear Castro,flat,100.0,100000.0,50000.0,2028,0,0.0,102800.0,102800.0,2800.0
5691,Eloise Cortez,flat,100.0,100000.0,50000.0,1928,0,0.0,92800.0,92800.0,-7200.0
5692,Zayn Klein,flat,100.0,100000.0,50000.0,1938,0,0.0,93800.0,93800.0,-6200.0
5693,Elianna Duarte,flat,100.0,100000.0,50000.0,1982,0,0.0,98200.0,98200.0,-1800.0
5694,Abdullah Beck,flat,100.0,100000.0,50000.0,1957,0,0.0,95700.0,95700.0,-4300.0
5695,Gia Massey,flat,100.0,100000.0,50000.0,2014,0,0.0,101400.0,101400.0,1400.0
5696,Donald Potts,flat,100.0,100000.0,50000.0,1882,0,0.0,88200.0,88200.0,-11800.0
5697,Ellison Reilly,flat,100.0,100000.0,50000.0,1994,0,0.0,99400.0,99400.0,-600.0
5698,Alvaro Vazquez,flat,100.0,100000.0,50000.0,1868,0,0.0,86800.0,86800.0,-13200.0
5699,Journee Molina,flat,100.0,100000.0,50000.0,1903,0,0.0,90300.0,90300.0,-9700.0
5700,Prince McCullough,flat,100.0,100000.0,50000.0,1919,0,0.0,91900.0,91900.0,-8100.0
5701,Hana Johns,flat,100.0,100000.0,50000.0,2018,0,0.0,101800.0,101800.0,1800.0
5702,Joziah Parks,flat,100.0,100000.0,50000.0,1917,0,0.0,91700.0,91700.0,-8300.0
5703,Ainsley Garza,flat,100.0,100000.0,50000.0,1849,0,0.0,84900.0,84900.0,-15100.0
5704,Judah Farrell,flat,100.0,100000.0,50000.0,1998,0,0.0,99800.0,99800.0,-200.0
5705,Kassidy Grimes,flat,100.0,100000.0,50000.0,1913,0,0.0,91300.0,91300.0,-8700.0
5706,Harlan Huff,flat,100.0,100000.0,50000.0,2001,0,0.0,100100.0,100100.0,100.0
5707,Karsyn Randall,flat,100.0,100000.0,50000.0,1931,0,0.0,93100.0,93100.0,-6900.0
5708,Trenton Cummings,flat,100.0,100000.0,50000.0,1934,0,0.0,93400.0,93400.0,-6600.0
5709,Nylah Duran,flat,100.0,100000.0,50000.0,1915,0,0.0,91500.0,91500.0,-8500.0
5710,Ismael Rocha,flat,100.0,100000.0,50000.0,1941,0,0.0,94100.0,94100.0,-5900.0
5711,Emmie Drake,flat,100.0,100000.0,50000.0,1917,0,0.0,91700.0,91700.0,-8300.0
5712,Jalen Yang,flat,100.0,100000.0,50000.0,1896,0,0.0,89600.0,89600.0,-10400.0
5713,Angelina Vazquez,flat,100.0,100000.0,50000.0,1857,0,0.0,85700.0,85700.0,-14300.0
5714,Jesse Richard,flat,100.0,100000.0,50000.0,1874,0,0.0,87400.0,87400.0,-12600.0
5715,Davina Stout,flat,100.0,100000.0,50000.0,1921,0,0.0,92100.0,92100.0,-7900.0
5716,Callahan Rowe,flat,100.0,100000.0,50000.0,1895,0,0.0,89500.0,89500.0,-10500.0
5717,Matilda Kim,flat,100.0,100000.0,50000.0,1985,0,0.0,98500.0,98500.0,-1500.0
5718,Roman Bowman,flat,100.0,100000.0,50000.0,1993,0,0.0,99300.0,99300.0,-700.0
5719,Fiona Montes,flat,100.0,100000.0,50000.0,2016,0,0.0,101600.0,101600.0,1600.0
5720,Darren Rich,flat,100.0,100000.0,50000.0,1879,0,0.0,87900.0,87900.0,-12100.0
5721,Sunny Barron,flat,100.0,100000.0,50000.0,1935,0,0.0,93500.0,93500.0,-6500.0
5722,Dustin Lawson,flat,100.0,100000.0,50000.0,1908,0,0.0,90800.0,90800.0,-9200.0
5723,Phoebe Duncan,flat,100.0,100000.0,50000.0,1952,0,0.0,95200.0,95200.0,-4800.0
5724,Avery Bowman,flat,100.0,100000.0,50000.0,1925,0,0.0,92500.0,92500.0,-7500.0
5725,Fiona York,flat,100.0,100000.0,50000.0,1928,0,0.0,92800.0,92800.0,-7200.0
5726,Leandro Vega,flat,100.0,100000.0,50000.0,1925,0,0.0,92500.0,92500.0,-7500.0
5727,Dakota Hurley,flat,100.0,100000.0,50000.0,1960,0,0.0,96000.0,96000.0,-4000.0
5728,Van O’Connell,flat,100.0,100000.0,50000.0,1965,0,0.0,96500.0,96500.0,-3500.0
5729,Jillian Cantu,flat,100.0,100000.0,50000.0,1923,0,0.0,92300.0,92300.0,-7700.0
5730,Anakin Rocha,flat,100.0,100000.0,50000.0,1869,0,0.0,86900.0,86900.0,-13100.0
5731,Emmie Zamora,flat,100.0,100000.0,50000.0,1899,0,0.0,89900.0,89900.0,-10100.0
5732,Quentin Moon,flat,100.0,100000.0,50000.0,1920,0,0.0,92000.0,92000.0,-8000.0
5733,Naya Rush,flat,100.0,100000.0,50000.0,1940,0,0.0,94000.0,94000.0,-6000.0
5734,Kaiser Ware,flat,100.0,100000.0,50000.0,2024,0,0.0,102400.0,102400.0,2400.0
5735,Eileen Carter,flat,100.0,100000.0,50000.0,1947,0,0.0,94700.0,94700.0,-5300.0
5736,Maverick Johnston,flat,100.0,100000.0,50000.0,1911,0,0.0,91100.0,91100.0,-8900.0
5737,Laila Calhoun,flat,100.0,100000.0,50000.0,1995,0,0.0,99500.0,99500.0,-500.0
5738,Gary Booker,flat,100.0,100000.0,50000.0,1961,0,0.0,96100.0,96100.0,-3900.0
5739,Nataly McLean,flat,100.0,100000.0,50000.0,1947,0,0.0,94700.0,94700.0,-5300.0
5740,Crosby Castaneda,flat,100.0,100000.0,50000.0,1970,0,0.0,97000.0,97000.0,-3000.0
5741,Keira Alvarez,flat,100.0,100000.0,50000.0,2019,0,0.0,101900.0,101900.0,1900.0
5742,Xavier Villanueva,flat,100.0,100000.0,50000.0,1920,0,0.0,92000.0,92000.0,-8000.0
5743,Monroe Robbins,flat,100.0,100000.0,50000.0,1928,0,0.0,92800.0,92800.0,-7200.0
5744,Finnegan Barrett,flat,100.0,100000.0,50000.0,1996,0,0.0,99600.0,99600.0,-400.0
5745,Kendall McIntosh,flat,100.0,100000.0,50000.0,2045,0,0.0,104500.0,104500.0,4500.0
5746,Kristian Garner,flat,100.0,100000.0,50000.0,1973,0,0.0,97300.0,97300.0,-2700.0
5747,Jacqueline Johns,flat,100.0,100000.0,50000.0,1957,0,0.0,95700.0,95700.0,-4300.0
5748,Joziah Shaw,flat,100.0,100000.0,50000.0,1892,0,0.0,89200.0,89200.0,-10800.0
5749,Emersyn Buckley,flat,100.0,100000.0,50000.0,2052,0,0.0,105200.0,105200.0,5200.0
5750,Aryan Mayer,flat,100.0,100000.0,50000.0,2051,0,0.0,105100.0,105100.0,5100.0
5751,Ainhoa Rubio,flat,100.0,100000.0,50000.0,2018,0,0.0,101800.0,101800.0,1800.0
5752,Titan McConnell,flat,100.0,100000.0,50000.0,2004,0,0.0,100400.0,100400.0,400.0
5753,Denise Waller,flat,100.0,100000.0,50000.0,1981,0,0.0,98100.0,98100.0,-1900.0
5754,Marley Weber,flat,100.0,100000.0,50000.0,1944,0,0.0,94400.0,94400.0,-5600.0
5755,Alayah Aguirre,flat,100.0,100000.0,50000.0,1919,0,0.0,91900.0,91900.0,-8100.0
5756,Andy Daniels,flat,100.0,100000.0,50000.0,2004,0,0.0,100400.0,100400.0,400.0
5757,Ember Hoffman,flat,100.0,100000.0,50000.0,1936,0,0.0,93600.0,93600.0,-6400.0
5758,Steven Alvarez,flat,100.0,100000.0,50000.0,1961,0,0.0,96100.0,96100.0,-3900.0
5759,Leilani Walls,flat,100.0,100000.0,50000.0,1924,0,0.0,92400.0,92400.0,-7600.0
5760,Larry Waters,flat,100.0,100000.0,50000.0,1894,0,0.0,89400.0,89400.0,-10600.0
5761,Bristol Cruz,flat,100.0,100000.0,50000.0,1929,0,0.0,92900.0,92900.0,-7100.0
5762,Ryan McFarland,flat,100.0,100000.0,50000.0,1907,0,0.0,90700.0,90700.0,-9300.0
5763,Annika Henson,flat,100.0,100000.0,50000.0,1932,0,0.0,93200.0,93200.0,-6800.0
5764,Bellamy Brady,flat,100.0,100000.0,50000.0,2021,0,0.0,102100.0,102100.0,2100.0
5765,Ryan Sosa,flat,100.0,100000.0,50000.0,1886,0,0.0,88600.0,88600.0,-11400.0
5766,Emir Schmitt,flat,100.0,100000.0,50000.0,1909,0,0.0,90900.0,90900.0,-9100.0
5767,Queen Woodard,flat,100.0,100000.0,50000.0,1893,0,0.0,89300.0,89300.0,-10700.0
5768,Westley Macias,flat,100.0,100000.0,50000.0,1914,0,0.0,91400.0,91400.0,-8600.0
5769,Adley Steele,flat,100.0,100000.0,50000.0,1867,0,0.0,86700.0,86700.0,-13300.0
5770,Elian Leonard,flat,100.0,100000.0,50000.0,2051,0,0.0,105100.0,105100.0,5100.0
5771,Demi Solis,flat,100.0,100000.0,50000.0,1971,0,0.0,97100.0,97100.0,-2900.0
5772,Ronin Copeland,flat,100.0,100000.0,50000.0,1937,0,0.0,93700.0,93700.0,-6300.0
5773,Dayana Shaw,flat,100.0,100000.0,50000.0,1968,0,0.0,96800.0,96800.0,-3200.0
5774,Elliot Maynard,flat,100.0,100000.0,50000.0,1922,0,0.0,92200.0,92200.0,-7800.0
5775,Carolyn Brewer,flat,100.0,100000.0,50000.0,1952,0,0.0,95200.0,95200.0,-4800.0
5776,Cruz Hobbs,flat,100.0,100000.0,50000.0,1880,0,0.0,88000.0,88000.0,-12000.0
5777,Lacey Bauer,flat,100.0,100000.0,50000.0,1979,0,0.0,97900.0,97900.0,-2100.0
5778,Kieran Morales,flat,100.0,100000.0,50000.0,1903,0,0.0,90300.0,90300.0,-9700.0
5779,Skylar Buchanan,flat,100.0,100000.0,50000.0,1995,0,0.0,99500.0,99500.0,-500.0
5780,Enrique Bruce,flat,100.0,100000.0,50000.0,1912,0,0.0,91200.0,91200.0,-8800.0
5781,Marilyn Shaffer,flat,100.0,100000.0,50000.0,1960,0,0.0,96000.0,96000.0,-4000.0
5782,Dexter Rush,flat,100.0,100000.0,50000.0,1911,0,0.0,91100.0,91100.0,-8900.0
5783,Maleah Vaughn,flat,100.0,100000.0,50000.0,1937,0,0.0,93700.0,93700.0,-6300.0
5784,Remy Chase,flat,100.0,100000.0,50000.0,1930,0,0.0,93000.0,93000.0,-7000.0
5785,Angie Hull,flat,100.0,100000.0,50000.0,1947,0,0.0,94700.0,94700.0,-5300.0
5786,Salem Duffy,flat,100.0,100000.0,50000.0,1923,0,0.0,92300.0,92300.0,-7700.0
5787,Addisyn Bradley,flat,100.0,100000.0,50000.0,1871,0,0.0,87100.0,87100.0,-12900.0
5788,Richard Little,flat,100.0,100000.0,50000.0,1971,0,0.0,97100.0,97100.0,-2900.0
5789,Harley Dudley,flat,100.0,100000.0,50000.0,1946,0,0.0,94600.0,94600.0,-5400.0
5790,Colter Baldwin,flat,100.0,100000.0,50000.0,1916,0,0.0,91600.0,91600.0,-8400.0
5791,Esmeralda Holmes,flat,100.0,100000.0,50000.0,1992,0,0.0,99200.0,99200.0,-800.0
5792,King Anthony,flat,100.0,100000.0,50000.0,1947,0,0.0,94700.0,94700.0,-5300.0
5793,Macy Sharp,flat,100.0,100000.0,50000.0,2063,0,0.0,106300.0,106300.0,6300.0
5794,Royce Moore,flat,100.0,100000.0,50000.0,1974,0,0.0,97400.0,97400.0,-2600.0
5795,Emily Conway,flat,100.0,100000.0,50000.0,1876,0,0.0,87600.0,87600.0,-12400.0
5796,Orlando Branch,flat,100.0,100000.0,50000.0,1951,0,0.0,95100.0,95100.0,-4900.0
5797,Luisa Fitzpatrick,flat,100.0,100000.0,50000.0,1997,0,0.0,99700.0,99700.0,-300.0
5798,Blaze Guerra,flat,100.0,100000.0,50000.0,1943,0,0.0,94300.0,94300.0,-5700.0
5799,Edith Delgado,flat,100.0,100000.0,50000.0,1916,0,0.0,91600.0,91600.0,-8400.0
5800,Colt Salinas,flat,100.0,100000.0,50000.0,1951,0,0.0,95100.0,95100.0,-4900.0
5801,Royalty Norman,flat,100.0,100000.0,50000.0,1967,0,0.0,96700.0,96700.0,-3300.0
5802,Aziel Ramos,flat,100.0,100000.0,50000.0,2014,0,0.0,101400.0,101400.0,1400.0
5803,Alice Carpenter,flat,100.0,100000.0,50000.0,1987,0,0.0,98700.0,98700.0,-1300.0
5804,Jeremy McCullough,flat,100.0,100000.0,50000.0,1975,0,0.0,97500.0,97500.0,-2500.0
5805,Hana House,flat,100.0,100000.0,50000.0,1947,0,0.0,94700.0,94700.0,-5300.0
5806,Yehuda Wilson,flat,100.0,100000.0,50000.0,1911,0,0.0,91100.0,91100.0,-8900.0
5807,Luna Merritt,flat,100.0,100000.0,50000.0,1933,0,0.0,93300.0,93300.0,-6700.0
5808,Colten Khan,flat,100.0,100000.0,50000.0,1940,0,0.0,94000.0,94000.0,-6000.0
5809,Mabel Calderon,flat,100.0,100000.0,50000.0,1933,0,0.0,93300.0,93300.0,-6700.0
5810,Oakley Phan,flat,100.0,100000.0,50000.0,1859,0,0.0,85900.0,85900.0,-14100.0
5811,Elsa Silva,flat,100.0,100000.0,50000.0,1945,0,0.0,94500.0,94500.0,-5500.0
5812,Luka Cervantes,flat,100.0,100000.0,50000.0,1945,0,0.0,94500.0,94500.0,-5500.0
5813,Aylin Snow,flat,100.0,100000.0,50000.0,2003,0,0.0,100300.0,100300.0,300.0
5814,Houston Wu,flat,100.0,100000.0,50000.0,1977,0,0.0,97700.0,97700.0,-2300.0
5815,Liana Escobar,flat,100.0,100000.0,50000.0,1883,0,0.0,88300.0,88300.0,-11700.0
5816,Zachariah Roy,flat,100.0,100000.0,50000.0,1919,0,0.0,91900.0,91900.0,-8100.0
5817,Savanna Yoder,flat,100.0,100000.0,50000.0,1978,0,0.0,97800.0,97800.0,-2200.0
5818,Johan Morrison,flat,100.0,100000.0,50000.0,1940,0,0.0,94000.0,94000.0,-6000.0
5819,Rebecca Figueroa,flat,100.0,100000.0,50000.0,1963,0,0.0,96300.0,96300.0,-3700.0
5820,Spencer Ware,flat,100.0,100000.0,50000.0,1975,0,0.0,97500.0,97500.0,-2500.0
5821,Eileen Porter,flat,100.0,100000.0,50000.0,1902,0,0.0,90200.0,90200.0,-9800.0
5822,Rhett Parks,flat,100.0,100000.0,50000.0,1848,0,0.0,84800.0,84800.0,-15200.0
5823,Ainsley Henry,flat,100.0,100000.0,50000.0,1973,0,0.0,97300.0,97300.0,-2700.0
5824,Carlos Strickland,flat,100.0,100000.0,50000.0,1981,0,0.0,98100.0,98100.0,-1900.0
5825,Nia Duarte,flat,100.0,100000.0,50000.0,1922,0,0.0,92200.0,92200.0,-7800.0
5826,Abdullah Perry,flat,100.0,100000.0,50000.0,1899,0,0.0,89900.0,89900.0,-10100.0
5827,Clara Roy,flat,100.0,100000.0,50000.0,1916,0,0.0,91600.0,91600.0,-8400.0
5828,Marcelo Larsen,flat,100.0,100000.0,50000.0,1869,0,0.0,86900.0,86900.0,-13100.0
5829,Xiomara Best,flat,100.0,100000.0,50000.0,1937,0,0.0,93700.0,93700.0,-6300.0
5830,Harlem Flynn,flat,100.0,100000.0,50000.0,1894,0,0.0,89400.0,89400.0,-10600.0
5831,Dorothy Howard,flat,100.0,100000.0,50000.0,1938,0,0.0,93800.0,93800.0,-6200.0
5832,Jeremiah Hale,flat,100.0,100000.0,50000.0,1984,0,0.0,98400.0,98400.0,-1600.0
5833,Brinley Moreno,flat,100.0,100000.0,50000.0,1951,0,0.0,95100.0,95100.0,-4900.0
5834,Myles Hansen,flat,100.0,100000.0,50000.0,1921,0,0.0,92100.0,92100.0,-7900.0
5835,Hope Ellis,flat,100.0,100000.0,50000.0,1920,0,0.0,92000.0,92000.0,-8000.0
5836,Cole Owen,flat,100.0,100000.0,50000.0,1933,0,0.0,93300.0,93300.0,-6700.0
5837,Mikayla Sheppard,flat,100.0,100000.0,50000.0,1993,0,0.0,99300.0,99300.0,-700.0
5838,Trent Garrett,flat,100.0,100000.0,50000.0,1993,0,0.0,99300.0,99300.0,-700.0
5839,Tessa Manning,flat,100.0,100000.0,50000.0,1930,0,0.0,93000.0,93000.0,-7000.0
5840,Seth Brooks,flat,100.0,100000.0,50000.0,1974,0,0.0,97400.0,97400.0,-2600.0
5841,Autumn Novak,flat,100.0,100000.0,50000.0,2015,0,0.0,101500.0,101500.0,1500.0
5842,Bishop Walters,flat,100.0,100000.0,50000.0,1938,0,0.0,93800.0,93800.0,-6200.0
5843,Samara Lawrence,flat,100.0,100000.0,50000.0,1935,0,0.0,93500.0,93500.0,-6500.0
5844,Kaleb Sellers,flat,100.0,100000.0,50000.0,1997,0,0.0,99700.0,99700.0,-300.0
5845,Mercy Schmitt,flat,100.0,100000.0,50000.0,1997,0,0.0,99700.0,99700.0,-300.0
5846,Murphy Frost,flat,100.0,100000.0,50000.0,2017,0,0.0,101700.0,101700.0,1700.0
5847,Paula Petersen,flat,100.0,100000.0,50000.0,1965,0,0.0,96500.0,96500.0,-3500.0
5848,Samson Summers,flat,100.0,100000.0,50000.0,1908,0,0.0,90800.0,90800.0,-9200.0
5849,Frankie Rodgers,flat,100.0,100000.0,50000.0,1950,0,0.0,95000.0,95000.0,-5000.0
5850,Mathias Hill,flat,100.0,100000.0,50000.0,2000,0,0.0,100000.0,100000.0,0.0
5851,Hannah Valencia,flat,100.0,100000.0,50000.0,1965,0,0.0,96500.0,96500.0,-3500.0
5852,Dax Chavez,flat,100.0,100000.0,50000.0,1982,0,0.0,98200.0,98200.0,-1800.0
5853,Nevaeh Olsen,flat,100.0,100000.0,50000.0,1895,0,0.0,89500.0,89500.0,-10500.0
5854,Skyler Douglas,flat,100.0,100000.0,50000.0,1970,0,0.0,97000.0,97000.0,-3000.0
5855,Aniyah Jarvis,flat,100.0,100000.0,50000.0,2033,0,0.0,103300.0,103300.0,3300.0
5856,Marlon Gentry,flat,100.0,100000.0,50000.0,1894,0,0.0,89400.0,89400.0,-10600.0
5857,Amelie Santana,flat,100.0,100000.0,50000.0,1960,0,0.0,96000.0,96000.0,-4000.0
5858,Mohamed Hodge,flat,100.0,100000.0,50000.0,1959,0,0.0,95900.0,95900.0,-4100.0
5859,Coraline Velasquez,flat,100.0,100000.0,50000.0,1951,0,0.0,95100.0,95100.0,-4900.0
5860,Sullivan Dennis,flat,100.0,100000.0,50000.0,1866,0,0.0,86600.0,86600.0,-13400.0
5861,Maisie Willis,flat,100.0,100000.0,50000.0,1908,0,0.0,90800.0,90800.0,-9200.0
5862,Remington Maddox,flat,100.0,100000.0,50000.0,1923,0,0.0,92300.0,92300.0,-7700.0
5863,Zainab Armstrong,flat,100.0,100000.0,50000.0,1964,0,0.0,96400.0,96400.0,-3600.0
5864,Grant Jenkins,flat,100.0,100000.0,50000.0,1894,0,0.0,89400.0,89400.0,-10600.0
5865,Rylee Malone,flat,100.0,100000.0,50000.0,1916,0,0.0,91600.0,91600.0,-8400.0
5866,Ruben House,flat,100.0,100000.0,50000.0,1916,0,0.0,91600.0,91600.0,-8400.0
5867,Sariah McIntosh,flat,100.0,100000.0,50000.0,1878,0,0.0,87800.0,87800.0,-12200.0
5868,Kristian Avalos,flat,100.0,100000.0,50000.0,1967,0,0.0,96700.0,96700.0,-3300.0
5869,Paloma Henry,flat,100.0,100000.0,50000.0,2000,0,0.0,100000.0,100000.0,0.0
5870,Carlos Li,flat,100.0,100000.0,50000.0,1941,0,0.0,94100.0,94100.0,-5900.0
5871,Paige Villanueva,flat,100.0,100000.0,50000.0,2004,0,0.0,100400.0,100400.0,400.0
5872,Huxley Sellers,flat,100.0,100000.0,50000.0,1976,0,0.0,97600.0,97600.0,-2400.0
5873,Mercy Benson,flat,100.0,100000.0,50000.0,1938,0,0.0,93800.0,93800.0,-6200.0
5874,Desmond Casey,flat,100.0,100000.0,50000.0,1967,0,0.0,96700.0,96700.0,-3300.0
5875,Sylvia Alexander,flat,100.0,100000.0,50000.0,1947,0,0.0,94700.0,94700.0,-5300.0
5876,Kingston Espinosa,flat,100.0,100000.0,50000.0,1896,0,0.0,89600.0,89600.0,-10400.0
5877,Braylee Rice,flat,100.0,100000.0,50000.0,1893,0,0.0,89300.0,89300.0,-10700.0
5878,Graham Keller,flat,100.0,100000.0,50000.0,1977,0,0.0,97700.0,97700.0,-2300.0
5879,Logan Hansen,flat,100.0,100000.0,50000.0,1957,0,0.0,95700.0,95700.0,-4300.0
5880,Charlie Summers,flat,100.0,100000.0,50000.0,1967,0,0.0,96700.0,96700.0,-3300.0
5881,Frankie Fisher,flat,100.0,100000.0,50000.0,1898,0,0.0,89800.0,89800.0,-10200.0
5882,Gael Allison,flat,100.0,100000.0,50000.0,1891,0,0.0,89100.0,89100.0,-10900.0
5883,Chelsea Shaw,flat,100.0,100000.0,50000.0,1953,0,0.0,95300.0,95300.0,-4700.0
5884,Elliot Harvey,flat,100.0,100000.0,50000.0,2029,0,0.0,102900.0,102900.0,2900.0
5885,Nicole McDaniel,flat,100.0,100000.0,50000.0,1908,0,0.0,90800.0,90800.0,-9200.0
5886,Major Randolph,flat,100.0,100000.0,50000.0,1968,0,0.0,96800.0,96800.0,-3200.0
5887,Kailey Walker,flat,100.0,100000.0,50000.0,1968,0,0.0,96800.0,96800.0,-3200.0
5888,Luke Quinn,flat,100.0,100000.0,50000.0,1933,0,0.0,93300.0,93300.0,-6700.0
5889,Heaven Glass,flat,100.0,100000.0,50000.0,1937,0,0.0,93700.0,93700.0,-6300.0
5890,Allan Booker,flat,100.0,100000.0,50000.0,1963,0,0.0,96300.0,96300.0,-3700.0
5891,Nataly Dunn,flat,100.0,100000.0,50000.0,2006,0,0.0,100600.0,100600.0,600.0
5892,Dawson Cameron,flat,100.0,100000.0,50000.0,1979,0,0.0,97900.0,97900.0,-2100.0
5893,Julie Sims,flat,100.0,100000.0,50000.0,1994,0,0.0,99400.0,99400.0,-600.0
5894,Brian Hood,flat,100.0,100000.0,50000.0,1945,0,0.0,94500.0,94500.0,-5500.0
5895,Briana Meyers,flat,100.0,100000.0,50000.0,1979,0,0.0,97900.0,97900.0,-2100.0
5896,Julien Moses,flat,100.0,100000.0,50000.0,1867,0,0.0,86700.0,86700.0,-13300.0
5897,Karter Rose,flat,100.0,100000.0,50000.0,1988,0,0.0,98800.0,98800.0,-1200.0
5898,Hayden Wise,flat,100.0,100000.0,50000.0,1969,0,0.0,96900.0,96900.0,-3100.0
5899,Mira Scott,flat,100.0,100000.0,50000.0,1886,0,0.0,88600.0,88600.0,-11400.0
5900,Leo Aguilar,flat,100.0,100000.0,50000.0,1932,0,0.0,93200.0,93200.0,-6800.0
5901,Josie Thompson,flat,100.0,100000.0,50000.0,1881,0,0.0,88100.0,88100.0,-11900.0
5902,Theodore Saunders,flat,100.0,100000.0,50000.0,1923,0,0.0,92300.0,92300.0,-7700.0
5903,Meadow Pope,flat,100.0,100000.0,50000.0,1965,0,0.0,96500.0,96500.0,-3500.0
5904,Gunnar Lowery,flat,100.0,100000.0,50000.0,1932,0,0.0,93200.0,93200.0,-6800.0
5905,Estelle Bond,flat,100.0,100000.0,50000.0,2009,0,0.0,100900.0,100900.0,900.0
5906,Roger Woods,flat,100.0,100000.0,50000.0,1916,0,0.0,91600.0,91600.0,-8400.0
5907,Reese Gray,flat,100.0,100000.0,50000.0,1993,0,0.0,99300.0,99300.0,-700.0
5908,Nicholas Glover,flat,100.0,100000.0,50000.0,1992,0,0.0,99200.0,99200.0,-800.0
5909,Alessia McKay,flat,100.0,100000.0,50000.0,1943,0,0.0,94300.0,94300.0,-5700.0
5910,Joey Wu,flat,100.0,100000.0,50000.0,1992,0,0.0,99200.0,99200.0,-800.0
5911,Liana Ingram,flat,100.0,100000.0,50000.0,1901,0,0.0,90100.0,90100.0,-9900.0
5912,Tripp Lynch,flat,100.0,100000.0,50000.0,1996,0,0.0,99600.0,99600.0,-400.0
5913,Malia Avalos,flat,100.0,100000.0,50000.0,1907,0,0.0,90700.0,90700.0,-9300.0
5914,Coen Powell,flat,100.0,100000.0,50000.0,1971,0,0.0,97100.0,97100.0,-2900.0
5915,Vivian Pugh,flat,100.0,100000.0,50000.0,1966,0,0.0,96600.0,96600.0,-3400.0
5916,Judson Schultz,flat,100.0,100000.0,50000.0,1931,0,0.0,93100.0,93100.0,-6900.0
5917,Briella Bowen,flat,100.0,100000.0,50000.0,1913,0,0.0,91300.0,91300.0,-8700.0
5918,Trevor Villanueva,flat,100.0,100000.0,50000.0,1980,0,0.0,98000.0,98000.0,-2000.0
5919,Monroe Humphrey,flat,100.0,100000.0,50000.0,1848,0,0.0,84800.0,84800.0,-15200.0
5920,Krew Stevens,flat,100.0,100000.0,50000.0,2003,0,0.0,100300.0,100300.0,300.0
5921,Katherine Parsons,flat,100.0,100000.0,50000.0,1870,0,0.0,87000.0,87000.0,-13000.0
5922,Lewis Spencer,flat,100.0,100000.0,50000.0,1953,0,0.0,95300.0,95300.0,-4700.0
5923,Alyssa Jefferson,flat,100.0,100000.0,50000.0,1916,0,0.0,91600.0,91600.0,-8400.0
5924,Raylan Hayes,flat,100.0,100000.0,50000.0,1965,0,0.0,96500.0,96500.0,-3500.0
5925,Iris Cortez,flat,100.0,100000.0,50000.0,2019,0,0.0,101900.0,101900.0,1900.0
5926,Zayn Lewis,flat,100.0,100000.0,50000.0,1941,0,0.0,94100.0,94100.0,-5900.0
5927,Ellie Park,flat,100.0,100000.0,50000.0,2037,0,0.0,103700.0,103700.0,3700.0
5928,Daxton Howell,flat,100.0,100000.0,50000.0,1990,0,0.0,99000.0,99000.0,-1000.0
5929,Mckenna Blake,flat,100.0,100000.0,50000.0,1906,0,0.0,90600.0,90600.0,-9400.0
5930,Zyaire Farrell,flat,100.0,100000.0,50000.0,1981,0,0.0,98100.0,98100.0,-1900.0
5931,Kassidy Ford,flat,100.0,100000.0,50000.0,1978,0,0.0,97800.0,97800.0,-2200.0
5932,Luis Barrett,flat,100.0,100000.0,50000.0,2014,0,0.0,101400.0,101400.0,1400.0
5933,Kendall Knapp,flat,100.0,100000.0,50000.0,1887,0,0.0,88700.0,88700.0,-11300.0
5934,Boden Sweeney,flat,100.0,100000.0,50000.0,1939,0,0.0,93900.0,93900.0,-6100.0
5935,Yara Michael,flat,100.0,100000.0,50000.0,2030,0,0.0,103000.0,103000.0,3000.0
5936,Bronson Berger,flat,100.0,100000.0,50000.0,1932,0,0.0,93200.0,93200.0,-6800.0
5937,Laylah Ferguson,flat,100.0,100000.0,50000.0,1935,0,0.0,93500.0,93500.0,-6500.0
5938,Miguel Vo,flat,100.0,100000.0,50000.0,1892,0,0.0,89200.0,89200.0,-10800.0
5939,Artemis Good,flat,100.0,100000.0,50000.0,1955,0,0.0,95500.0,95500.0,-4500.0
5940,Davian Bailey,flat,100.0,100000.0,50000.0,1902,0,0.0,90200.0,90200.0,-9800.0
5941,Kennedy Bean,flat,100.0,100000.0,50000.0,1942,0,0.0,94200.0,94200.0,-5800.0
5942,Mccoy McGee,flat,100.0,100000.0,50000.0,1955,0,0.0,95500.0,95500.0,-4500.0
5943,Kayleigh Bush,flat,100.0,100000.0,50000.0,1963,0,0.0,96300.0,96300.0,-3700.0
5944,Tyson Bell,flat,100.0,100000.0,50000.0,2016,0,0.0,101600.0,101600.0,1600.0
5945,Melody Clarke,flat,100.0,100000.0,50000.0,1907,0,0.0,90700.0,90700.0,-9300.0
5946,Stetson Terrell,flat,100.0,100000.0,50000.0,2001,0,0.0,100100.0,100100.0,100.0
5947,Paityn Leach,flat,100.0,100000.0,50000.0,2045,0,0.0,104500.0,104500.0,4500.0
5948,Westin Ho,flat,100.0,100000.0,50000.0,1982,0,0.0,98200.0,98200.0,-1800.0
5949,Calliope Richmond,flat,100.0,100000.0,50000.0,1977,0,0.0,97700.0,97700.0,-2300.0
5950,Mordechai Montgomery,flat,100.0,100000.0,50000.0,1971,0,0.0,97100.0,97100.0,-2900.0
5951,Evangeline Strong,flat,100.0,100000.0,50000.0,1951,0,0.0,95100.0,95100.0,-4900.0
5952,Axl Black,flat,100.0,100000.0,50000.0,1986,0,0.0,98600.0,98600.0,-1400.0
5953,Molly Gill,flat,100.0,100000.0,50000.0,1926,0,0.0,92600.0,92600.0,-7400.0
5954,Matthias Boone,flat,100.0,100000.0,50000.0,1897,0,0.0,89700.0,89700.0,-10300.0
5955,Mariam Farrell,flat,100.0,100000.0,50000.0,1949,0,0.0,94900.0,94900.0,-5100.0
5956,Ty Bentley,flat,100.0,100000.0,50000.0,1959,0,0.0,95900.0,95900.0,-4100.0
5957,Jaylin Pierce,flat,100.0,100000.0,50000.0,1921,0,0.0,92100.0,92100.0,-7900.0
5958,Nicolas Robles,flat,100.0,100000.0,50000.0,1950,0,0.0,95000.0,95000.0,-5000.0
5959,Felicity Harrell,flat,100.0,100000.0,50000.0,1964,0,0.0,96400.0,96400.0,-3600.0
5960,Nelson Felix,flat,100.0,100000.0,50000.0,1937,0,0.0,93700.0,93700.0,-6300.0
5961,Paisleigh Donovan,flat,100.0,100000.0,50000.0,1972,0,0.0,97200.0,97200.0,-2800.0
5962,Brayan Barajas,flat,100.0,100000.0,50000.0,1934,0,0.0,93400.0,93400.0,-6600.0
5963,Keilani Wood,flat,100.0,100000.0,50000.0,1907,0,0.0,90700.0,90700.0,-9300.0
5964,Carson Enriquez,flat,100.0,100000.0,50000.0,1972,0,0.0,97200.0,97200.0,-2800.0
5965,Nellie Cohen,flat,100.0,100000.0,50000.0,1961,0,0.0,96100.0,96100.0,-3900.0
5966,Killian Meyer,flat,100.0,100000.0,50000.0,2009,0,0.0,100900.0,100900.0,900.0
5967,Sara Haley,flat,100.0,100000.0,50000.0,1949,0,0.0,94900.0,94900.0,-5100.0
5968,Leif Murphy,flat,100.0,100000.0,50000.0,1946,0,0.0,94600.0,94600.0,-5400.0
5969,Bella Rocha,flat,100.0,100000.0,50000.0,1943,0,0.0,94300.0,94300.0,-5700.0
5970,Onyx Randall,flat,100.0,100000.0,50000.0,1950,0,0.0,95000.0,95000.0,-5000.0
5971,Christina Ahmed,flat,100.0,100000.0,50000.0,1998,0,0.0,99800.0,99800.0,-200.0
5972,Harry Bowman,flat,100.0,100000.0,50000.0,1942,0,0.0,94200.0,94200.0,-5800.0
5973,Fiona Ware,flat,100.0,100000.0,50000.0,1908,0,0.0,90800.0,90800.0,-9200.0
5974,Tadeo Gallagher,flat,100.0,100000.0,50000.0,1951,0,0.0,95100.0,95100.0,-4900.0
5975,Elliott Burgess,flat,100.0,100000.0,50000.0,1883,0,0.0,88300.0,88300.0,-11700.0
5976,Kolton Fry,flat,100.0,100000.0,50000.0,1923,0,0.0,92300.0,92300.0,-7700.0
5977,Clarissa Ramirez,flat,100.0,100000.0,50000.0,1911,0,0.0,91100.0,91100.0,-8900.0
5978,David Ellis,flat,100.0,100000.0,50000.0,1945,0,0.0,94500.0,94500.0,-5500.0
5979,Ayla Cochran,flat,100.0,100000.0,50000.0,1969,0,0.0,96900.0,96900.0,-3100.0
5980,Danny Santos,flat,100.0,100000.0,50000.0,1997,0,0.0,99700.0,99700.0,-300.0
5981,Alana Mahoney,flat,100.0,100000.0,50000.0,1932,0,0.0,93200.0,93200.0,-6800.0
5982,Kamryn Galindo,flat,100.0,100000.0,50000.0,1919,0,0.0,91900.0,91900.0,-8100.0
5983,Corinne McBride,flat,100.0,100000.0,50000.0,2025,0,0.0,102500.0,102500.0,2500.0
5984,Denver Henderson,flat,100.0,100000.0,50000.0,1887,0,0.0,88700.0,88700.0,-11300.0
5985,Maria Solis,flat,100.0,100000.0,50000.0,1906,0,0.0,90600.0,90600.0,-9400.0
5986,Ronin Levy,flat,100.0,100000.0,50000.0,2027,0,0.0,102700.0,102700.0,2700.0
5987,Flora Montoya,flat,100.0,100000.0,50000.0,1975,0,0.0,97500.0,97500.0,-2500.0
5988,Ford Whitehead,flat,100.0,100000.0,50000.0,1927,0,0.0,92700.0,92700.0,-7300.0
5989,Sylvie Roman,flat,100.0,100000.0,50000.0,1907,0,0.0,90700.0,90700.0,-9300.0
5990,Kian Portillo,flat,100.0,100000.0,50000.0,1918,0,0.0,91800.0,91800.0,-8200.0
5991,Nathalie Castillo,flat,100.0,100000.0,50000.0,1888,0,0.0,88800.0,88800.0,-11200.0
5992,Kai Dean,flat,100.0,100000.0,50000.0,1900,0,0.0,90000.0,90000.0,-10000.0
5993,Julianna Weiss,flat,100.0,100000.0,50000.0,1951,0,0.0,95100.0,95100.0,-4900.0
5994,Koa Preston,flat,100.0,100000.0,50000.0,1921,0,0.0,92100.0,92100.0,-7900.0
5995,Indie Hernandez,flat,100.0,100000.0,50000.0,1942,0,0.0,94200.0,94200.0,-5800.0
5996,Mason Crane,flat,100.0,100000.0,50000.0,1950,0,0.0,95000.0,95000.0,-5000.0
5997,Della Leal,flat,100.0,100000.0,50000.0,1960,0,0.0,96000.0,96000.0,-4000.0
5998,Cedric Best,flat,100.0,100000.0,50000.0,1956,0,0.0,95600.0,95600.0,-4400.0
5999,Lexie Ross,flat,100.0,100000.0,50000.0,1992,0,0.0,99200.0,99200.0,-800.0
6000,Wesley Brennan,flat,100.0,100000.0,50000.0,1953,0,0.0,95300.0,95300.0,-4700.0
6001,Chanel Page,flat,100.0,100000.0,50000.0,1874,0,0.0,87400.0,87400.0,-12600.0
6002,Pablo Campos,flat,100.0,100000.0,50000.0,1928,0,0.0,92800.0,92800.0,-7200.0
6003,Sutton Sanford,flat,100.0,100000.0,50000.0,1909,0,0.0,90900.0,90900.0,-9100.0
6004,Truett Mayo,flat,100.0,100000.0,50000.0,1952,0,0.0,95200.0,95200.0,-4800.0
6005,Aarya House,flat,100.0,100000.0,50000.0,1943,0,0.0,94300.0,94300.0,-5700.0
6006,Yehuda Duncan,flat,100.0,100000.0,50000.0,1908,0,0.0,90800.0,90800.0,-9200.0
6007,Elise Beasley,flat,100.0,100000.0,50000.0,1949,0,0.0,94900.0,94900.0,-5100.0
6008,Stanley Aguirre,flat,100.0,100000.0,50000.0,1938,0,0.0,93800.0,93800.0,-6200.0
6009,Ariah Atkinson,flat,100.0,100000.0,50000.0,1931,0,0.0,93100.0,93100.0,-6900.0
6010,Duke Howard,flat,100.0,100000.0,50000.0,1962,0,0.0,96200.0,96200.0,-3800.0
6011,Sophie Olsen,flat,100.0,100000.0,50000.0,1933,0,0.0,93300.0,93300.0,-6700.0
6012,Skyler Francis,flat,100.0,100000.0,50000.0,1984,0,0.0,98400.0,98400.0,-1600.0
6013,Daniella O’Neill,flat,100.0,100000.0,50000.0,2014,0,0.0,101400.0,101400.0,1400.0
6014,Marcel Rowe,flat,100.0,100000.0,50000.0,1865,0,0.0,86500.0,86500.0,-13500.0
6015,Matilda Holloway,flat,100.0,100000.0,50000.0,1915,0,0.0,91500.0,91500.0,-8500.0
6016,Sutton Skinner,flat,100.0,100000.0,50000.0,1895,0,0.0,89500.0,89500.0,-10500.0
6017,Mara Hebert,flat,100.0,100000.0,50000.0,1937,0,0.0,93700.0,93700.0,-6300.0
6018,Guillermo Ochoa,flat,100.0,100000.0,50000.0,1970,0,0.0,97000.0,97000.0,-3000.0
6019,Luciana Blair,flat,100.0,100000.0,50000.0,1970,0,0.0,97000.0,97000.0,-3000.0
6020,Troy Crane,flat,100.0,100000.0,50000.0,1955,0,0.0,95500.0,95500.0,-4500.0
6021,Della Patton,flat,100.0,100000.0,50000.0,1959,0,0.0,95900.0,95900.0,-4100.0
6022,Moises Rodriguez,flat,100.0,100000.0,50000.0,1978,0,0.0,97800.0,97800.0,-2200.0
6023,Evelyn Cole,flat,100.0,100000.0,50000.0,1925,0,0.0,92500.0,92500.0,-7500.0
6024,Nathaniel Matthews,flat,100.0,100000.0,50000.0,1949,0,0.0,94900.0,94900.0,-5100.0
6025,Lila Booker,flat,100.0,100000.0,50000.0,1949,0,0.0,94900.0,94900.0,-5100.0
6026,Dominik Lucas,flat,100.0,100000.0,50000.0,1988,0,0.0,98800.0,98800.0,-1200.0
6027,Phoenix Arroyo,flat,100.0,100000.0,50000.0,1927,0,0.0,92700.0,92700.0,-7300.0
6028,Alberto Davis,flat,100.0,100000.0,50000.0,1864,0,0.0,86400.0,86400.0,-13600.0
6029,Mia Payne,flat,100.0,100000.0,50000.0,1941,0,0.0,94100.0,94100.0,-5900.0
6030,Edward Strong,flat,100.0,100000.0,50000.0,1864,0,0.0,86400.0,86400.0,-13600.0
6031,Margo Farmer,flat,100.0,100000.0,50000.0,1950,0,0.0,95000.0,95000.0,-5000.0
6032,Jamison Wiggins,flat,100.0,100000.0,50000.0,1877,0,0.0,87700.0,87700.0,-12300.0
6033,Capri Fields,flat,100.0,100000.0,50000.0,1925,0,0.0,92500.0,92500.0,-7500.0
6034,Clayton Wilkins,flat,100.0,100000.0,50000.0,1975,0,0.0,97500.0,97500.0,-2500.0
6035,Amalia McGuire,flat,100.0,100000.0,50000.0,1929,0,0.0,92900.0,92900.0,-7100.0
6036,Casey Buchanan,flat,100.0,100000.0,50000.0,1929,0,0.0,92900.0,92900.0,-7100.0
6037,Maryam Gill,flat,100.0,100000.0,50000.0,1954,0,0.0,95400.0,95400.0,-4600.0
6038,Matthias Jefferson,flat,100.0,100000.0,50000.0,1968,0,0.0,96800.0,96800.0,-3200.0
6039,Julieta Sexton,flat,100.0,100000.0,50000.0,1887,0,0.0,88700.0,88700.0,-11300.0
6040,Mylo Meza,flat,100.0,100000.0,50000.0,1960,0,0.0,96000.0,96000.0,-4000.0
6041,Rosa Hebert,flat,100.0,100000.0,50000.0,1914,0,0.0,91400.0,91400.0,-8600.0
6042,Guillermo Barron,flat,100.0,100000.0,50000.0,1936,0,0.0,93600.0,93600.0,-6400.0
6043,Anya Melton,flat,100.0,100000.0,50000.0,1960,0,0.0,96000.0,96000.0,-4000.0
6044,Lennon Leal,flat,100.0,100000.0,50000.0,1933,0,0.0,93300.0,93300.0,-6700.0
6045,Murphy Rocha,flat,100.0,100000.0,50000.0,1937,0,0.0,93700.0,93700.0,-6300.0
6046,Onyx Haynes,flat,100.0,100000.0,50000.0,1996,0,0.0,99600.0,99600.0,-400.0
6047,Lexi Valdez,flat,100.0,100000.0,50000.0,1999,0,0.0,99900.0,99900.0,-100.0
6048,Kyler Nelson,flat,100.0,100000.0,50000.0,1905,0,0.0,90500.0,90500.0,-9500.0
6049,Everly Powell,flat,100.0,100000.0,50000.0,2001,0,0.0,100100.0,100100.0,100.0
6050,Bennett Brewer,flat,100.0,100000.0,50000.0,1904,0,0.0,90400.0,90400.0,-9600.0
6051,Thea Beck,flat,100.0,100000.0,50000.0,1943,0,0.0,94300.0,94300.0,-5700.0
6052,Eduardo Sutton,flat,100.0,100000.0,50000.0,1897,0,0.0,89700.0,89700.0,-10300.0
6053,Izabella Hubbard,flat,100.0,100000.0,50000.0,1878,0,0.0,87800.0,87800.0,-12200.0
6054,Forrest Moran,flat,100.0,100000.0,50000.0,1956,0,0.0,95600.0,95600.0,-4400.0
6055,Celeste Dickson,flat,100.0,100000.0,50000.0,2096,0,0.0,109600.0,109600.0,9600.0
6056,Maxton Roy,flat,100.0,100000.0,50000.0,1917,0,0.0,91700.0,91700.0,-8300.0
6057,Savanna Orozco,flat,100.0,100000.0,50000.0,1930,0,0.0,93000.0,93000.0,-7000.0
6058,Keanu Hawkins,flat,100.0,100000.0,50000.0,2009,0,0.0,100900.0,100900.0,900.0
6059,Ariel Waller,flat,100.0,100000.0,50000.0,2000,0,0.0,100000.0,100000.0,0.0
6060,Marley Chambers,flat,100.0,100000.0,50000.0,1951,0,0.0,95100.0,95100.0,-4900.0
6061,Makayla Rowe,flat,100.0,100000.0,50000.0,1947,0,0.0,94700.0,94700.0,-5300.0
6062,Kamden Clay,flat,100.0,100000.0,50000.0,1999,0,0.0,99900.0,99900.0,-100.0
6063,Aliana Duarte,flat,100.0,100000.0,50000.0,1961,0,0.0,96100.0,96100.0,-3900.0
6064,Abdullah Cantu,flat,100.0,100000.0,50000.0,1976,0,0.0,97600.0,97600.0,-2400.0
6065,Galilea Eaton,flat,100.0,100000.0,50000.0,1939,0,0.0,93900.0,93900.0,-6100.0
6066,Leighton Pham,flat,100.0,100000.0,50000.0,1922,0,0.0,92200.0,92200.0,-7800.0
6067,Raelyn Koch,flat,100.0,100000.0,50000.0,1884,0,0.0,88400.0,88400.0,-11600.0
6068,Salvador Ramirez,flat,100.0,100000.0,50000.0,1967,0,0.0,96700.0,96700.0,-3300.0
6069,Grace Harris,flat,100.0,100000.0,50000.0,1989,0,0.0,98900.0,98900.0,-1100.0
6070,Samuel Malone,flat,100.0,100000.0,50000.0,1910,0,0.0,91000.0,91000.0,-9000.0
6071,Skyler Freeman,flat,100.0,100000.0,50000.0,1956,0,0.0,95600.0,95600.0,-4400.0
6072,Jayce Hancock,flat,100.0,100000.0,50000.0,1943,0,0.0,94300.0,94300.0,-5700.0
6073,Katelyn White,flat,100.0,100000.0,50000.0,1963,0,0.0,96300.0,96300.0,-3700.0
6074,Aiden Moody,flat,100.0,100000.0,50000.0,1816,0,0.0,81600.0,81600.0,-18400.0
6075,Elaine Parks,flat,100.0,100000.0,50000.0,1950,0,0.0,95000.0,95000.0,-5000.0
6076,Gianni Farmer,flat,100.0,100000.0,50000.0,1878,0,0.0,87800.0,87800.0,-12200.0
6077,Madelynn Gilmore,flat,100.0,100000.0,50000.0,1940,0,0.0,94000.0,94000.0,-6000.0
6078,Vihaan Maldonado,flat,100.0,100000.0,50000.0,1938,0,0.0,93800.0,93800.0,-6200.0
6079,Elaina Massey,flat,100.0,100000.0,50000.0,1990,0,0.0,99000.0,99000.0,-1000.0
6080,Donald Hill,flat,100.0,100000.0,50000.0,1988,0,0.0,98800.0,98800.0,-1200.0
6081,Hannah Brandt,flat,100.0,100000.0,50000.0,1999,0,0.0,99900.0,99900.0,-100.0
6082,Damir Yu,flat,100.0,100000.0,50000.0,1970,0,0.0,97000.0,97000.0,-3000.0
6083,Navy Brown,flat,100.0,100000.0,50000.0,1912,0,0.0,91200.0,91200.0,-8800.0
6084,Elijah Bailey,flat,100.0,100000.0,50000.0,1971,0,0.0,97100.0,97100.0,-2900.0
6085,Kennedy Barajas,flat,100.0,100000.0,50000.0,1965,0,0.0,96500.0,96500.0,-3500.0
6086,Brennan Henderson,flat,100.0,100000.0,50000.0,1929,0,0.0,92900.0,92900.0,-7100.0
6087,Maria Estes,flat,100.0,100000.0,50000.0,1954,0,0.0,95400.0,95400.0,-4600.0
6088,Hakeem Bates,flat,100.0,100000.0,50000.0,1980,0,0.0,98000.0,98000.0,-2000.0
6089,Madilyn Mathews,flat,100.0,100000.0,50000.0,1916,0,0.0,91600.0,91600.0,-8400.0
6090,Jamir Norris,flat,100.0,100000.0,50000.0,1954,0,0.0,95400.0,95400.0,-4600.0
6091,Arielle Gill,flat,100.0,100000.0,50000.0,2038,0,0.0,103800.0,103800.0,3800.0
6092,Matthias Deleon,flat,100.0,100000.0,50000.0,1951,0,0.0,95100.0,95100.0,-4900.0
6093,Gabrielle Beck,flat,100.0,100000.0,50000.0,1928,0,0.0,92800.0,92800.0,-7200.0
6094,Eduardo David,flat,100.0,100000.0,50000.0,1844,0,0.0,84400.0,84400.0,-15600.0
6095,Haylee Brewer,flat,100.0,100000.0,50000.0,2007,0,0.0,100700.0,100700.0,700.0
6096,Cruz Fields,flat,100.0,100000.0,50000.0,2064,0,0.0,106400.0,106400.0,6400.0
6097,Annie Black,flat,100.0,100000.0,50000.0,2006,0,0.0,100600.0,100600.0,600.0
6098,Matteo Park,flat,100.0,100000.0,50000.0,1936,0,0.0,93600.0,93600.0,-6400.0
6099,Lia Morton,flat,100.0,100000.0,50000.0,1899,0,0.0,89900.0,89900.0,-10100.0
6100,Roland Barton,flat,100.0,100000.0,50000.0,1964,0,0.0,96400.0,96400.0,-3600.0
6101,Danna Arnold,flat,100.0,100000.0,50000.0,1948,0,0.0,94800.0,94800.0,-5200.0
6102,Abraham Friedman,flat,100.0,100000.0,50000.0,1964,0,0.0,96400.0,96400.0,-3600.0
6103,Aspyn David,flat,100.0,100000.0,50000.0,1947,0,0.0,94700.0,94700.0,-5300.0
6104,Alonso Hodge,flat,100.0,100000.0,50000.0,1953,0,0.0,95300.0,95300.0,-4700.0
6105,Coraline Rodgers,flat,100.0,100000.0,50000.0,1900,0,0.0,90000.0,90000.0,-10000.0
6106,Mathias Vazquez,flat,100.0,100000.0,50000.0,2030,0,0.0,103000.0,103000.0,3000.0
6107,Journee Moore,flat,100.0,100000.0,50000.0,1857,0,0.0,85700.0,85700.0,-14300.0
6108,Levi Hinton,flat,100.0,100000.0,50000.0,1956,0,0.0,95600.0,95600.0,-4400.0
6109,Jaelynn Meadows,flat,100.0,100000.0,50000.0,1978,0,0.0,97800.0,97800.0,-2200.0
6110,Wayne Bernard,flat,100.0,100000.0,50000.0,1919,0,0.0,91900.0,91900.0,-8100.0
6111,Barbara Harmon,flat,100.0,100000.0,50000.0,1881,0,0.0,88100.0,88100.0,-11900.0
6112,Roberto Li,flat,100.0,100000.0,50000.0,1964,0,0.0,96400.0,96400.0,-3600.0
6113,Paige Mora,flat,100.0,100000.0,50000.0,1894,0,0.0,89400.0,89400.0,-10600.0
6114,Arturo Griffith,flat,100.0,100000.0,50000.0,1961,0,0.0,96100.0,96100.0,-3900.0
6115,Alicia Peterson,flat,100.0,100000.0,50000.0,1902,0,0.0,90200.0,90200.0,-9800.0
6116,Santiago Villegas,flat,100.0,100000.0,50000.0,1976,0,0.0,97600.0,97600.0,-2400.0
6117,Jessie Wilcox,flat,100.0,100000.0,50000.0,2021,0,0.0,102100.0,102100.0,2100.0
6118,Jerry McIntyre,flat,100.0,100000.0,50000.0,1988,0,0.0,98800.0,98800.0,-1200.0
6119,Rebekah Simmons,flat,100.0,100000.0,50000.0,1960,0,0.0,96000.0,96000.0,-4000.0
6120,Harrison Boyd,flat,100.0,100000.0,50000.0,1939,0,0.0,93900.0,93900.0,-6100.0
6121,Georgia Hogan,flat,100.0,100000.0,50000.0,1929,0,0.0,92900.0,92900.0,-7100.0
6122,Sonny Cobb,flat,100.0,100000.0,50000.0,1958,0,0.0,95800.0,95800.0,-4200.0
6123,Aviana Copeland,flat,100.0,100000.0,50000.0,1894,0,0.0,89400.0,89400.0,-10600.0
6124,Axton Gillespie,flat,100.0,100000.0,50000.0,1959,0,0.0,95900.0,95900.0,-4100.0
6125,Alianna Black,flat,100.0,100000.0,50000.0,1977,0,0.0,97700.0,97700.0,-2300.0
6126,Matteo Ashley,flat,100.0,100000.0,50000.0,1962,0,0.0,96200.0,96200.0,-3800.0
6127,Khalani Nielsen,flat,100.0,100000.0,50000.0,1842,0,0.0,84200.0,84200.0,-15800.0
6128,Tru Golden,flat,100.0,100000.0,50000.0,2050,0,0.0,105000.0,105000.0,5000.0
6129,Giuliana Hernandez,flat,100.0,100000.0,50000.0,1946,0,0.0,94600.0,94600.0,-5400.0
6130,Mason Carpenter,flat,100.0,100000.0,50000.0,1892,0,0.0,89200.0,89200.0,-10800.0
6131,Lilly Sanford,flat,100.0,100000.0,50000.0,1852,0,0.0,85200.0,85200.0,-14800.0
6132,Truett Brooks,flat,100.0,100000.0,50000.0,1933,0,0.0,93300.0,93300.0,-6700.0
6133,Autumn Sullivan,flat,100.0,100000.0,50000.0,1990,0,0.0,99000.0,99000.0,-1000.0
6134,Evan Fox,flat,100.0,100000.0,50000.0,1894,0,0.0,89400.0,89400.0,-10600.0
6135,Juliette Stark,flat,100.0,100000.0,50000.0,1950,0,0.0,95000.0,95000.0,-5000.0
6136,Kristopher Ramirez,flat,100.0,100000.0,50000.0,2017,0,0.0,101700.0,101700.0,1700.0
6137,Grace Hoover,flat,100.0,100000.0,50000.0,1905,0,0.0,90500.0,90500.0,-9500.0
6138,Jaziel Cabrera,flat,100.0,100000.0,50000.0,1976,0,0.0,97600.0,97600.0,-2400.0
6139,Daleyza Harper,flat,100.0,100000.0,50000.0,1952,0,0.0,95200.0,95200.0,-4800.0
6140,Hayes Orr,flat,100.0,100000.0,50000.0,1934,0,0.0,93400.0,93400.0,-6600.0
6141,Alaiya Stewart,flat,100.0,100000.0,50000.0,1929,0,0.0,92900.0,92900.0,-7100.0
6142,Nolan Barrett,flat,100.0,100000.0,50000.0,1933,0,0.0,93300.0,93300.0,-6700.0
6143,Kendall House,flat,100.0,100000.0,50000.0,1881,0,0.0,88100.0,88100.0,-11900.0
6144,Yehuda Phan,flat,100.0,100000.0,50000.0,1939,0,0.0,93900.0,93900.0,-6100.0
6145,Elsa Nash,flat,100.0,100000.0,50000.0,1924,0,0.0,92400.0,92400.0,-7600.0
6146,Chandler Lam,flat,100.0,100000.0,50000.0,1932,0,0.0,93200.0,93200.0,-6800.0
6147,Karina Barber,flat,100.0,100000.0,50000.0,1963,0,0.0,96300.0,96300.0,-3700.0
6148,Solomon Shepherd,flat,100.0,100000.0,50000.0,1898,0,0.0,89800.0,89800.0,-10200.0
6149,Katalina Velazquez,flat,100.0,100000.0,50000.0,1931,0,0.0,93100.0,93100.0,-6900.0
6150,Drew Harris,flat,100.0,100000.0,50000.0,1920,0,0.0,92000.0,92000.0,-8000.0
6151,Penelope Faulkner,flat,100.0,100000.0,50000.0,1974,0,0.0,97400.0,97400.0,-2600.0
6152,Jabari Brock,flat,100.0,100000.0,50000.0,1999,0,0.0,99900.0,99900.0,-100.0
6153,Jada Ramirez,flat,100.0,100000.0,50000.0,1967,0,0.0,96700.0,96700.0,-3300.0
6154,David Hutchinson,flat,100.0,100000.0,50000.0,1928,0,0.0,92800.0,92800.0,-7200.0
6155,Jamie Wiggins,flat,100.0,100000.0,50000.0,1969,0,0.0,96900.0,96900.0,-3100.0
6156,Azariah Villa,flat,100.0,100000.0,50000.0,1904,0,0.0,90400.0,90400.0,-9600.0
6157,Johanna Carroll,flat,100.0,100000.0,50000.0,1987,0,0.0,98700.0,98700.0,-1300.0
6158,Oscar Hogan,flat,100.0,100000.0,50000.0,1959,0,0.0,95900.0,95900.0,-4100.0
6159,Kathryn Spence,flat,100.0,100000.0,50000.0,1899,0,0.0,89900.0,89900.0,-10100.0
6160,Cillian Cox,flat,100.0,100000.0,50000.0,1961,0,0.0,96100.0,96100.0,-3900.0
6161,Sadie McDowell,flat,100.0,100000.0,50000.0,1966,0,0.0,96600.0,96600.0,-3400.0
6162,Lachlan Dunn,flat,100.0,100000.0,50000.0,1901,0,0.0,90100.0,90100.0,-9900.0
6163,Olive Arias,flat,100.0,100000.0,50000.0,1985,0,0.0,98500.0,98500.0,-1500.0
6164,Alec Pittman,flat,100.0,100000.0,50000.0,1994,0,0.0,99400.0,99400.0,-600.0
6165,Marie Stephenson,flat,100.0,100000.0,50000.0,2014,0,0.0,101400.0,101400.0,1400.0
6166,Joe Morse,flat,100.0,100000.0,50000.0,1975,0,0.0,97500.0,97500.0,-2500.0
6167,Kairi Armstrong,flat,100.0,100000.0,50000.0,1988,0,0.0,98800.0,98800.0,-1200.0
6168,Grant Guerra,flat,100.0,100000.0,50000.0,2042,0,0.0,104200.0,104200.0,4200.0
6169,Edith Hammond,flat,100.0,100000.0,50000.0,1986,0,0.0,98600.0,98600.0,-1400.0
6170,Francis Shelton,flat,100.0,100000.0,50000.0,1912,0,0.0,91200.0,91200.0,-8800.0
6171,Makenzie Marsh,flat,100.0,100000.0,50000.0,1922,0,0.0,92200.0,92200.0,-7800.0
6172,Bo Aguirre,flat,100.0,100000.0,50000.0,1912,0,0.0,91200.0,91200.0,-8800.0
6173,Ariah Stokes,flat,100.0,100000.0,50000.0,1945,0,0.0,94500.0,94500.0,-5500.0
6174,Santana Wright,flat,100.0,100000.0,50000.0,1850,0,0.0,85000.0,85000.0,-15000.0
6175,Lily Scott,flat,100.0,100000.0,50000.0,1967,0,0.0,96700.0,96700.0,-3300.0
6176,Leo Warren,flat,100.0,100000.0,50000.0,1950,0,0.0,95000.0,95000.0,-5000.0
6177,Sloane Lamb,flat,100.0,100000.0,50000.0,1904,0,0.0,90400.0,90400.0,-9600.0
6178,Kaysen Wiley,flat,100.0,100000.0,50000.0,1956,0,0.0,95600.0,95600.0,-4400.0
6179,Lauryn Arnold,flat,100.0,100000.0,50000.0,1953,0,0.0,95300.0,95300.0,-4700.0
6180,Abraham Nguyen,flat,100.0,100000.0,50000.0,1988,0,0.0,98800.0,98800.0,-1200.0
6181,Nova Powers,flat,100.0,100000.0,50000.0,2015,0,0.0,101500.0,101500.0,1500.0
6182,Sean Escobar,flat,100.0,100000.0,50000.0,1892,0,0.0,89200.0,89200.0,-10800.0
6183,Erin Powers,flat,100.0,100000.0,50000.0,2028,0,0.0,102800.0,102800.0,2800.0
6184,Sean Baldwin,flat,100.0,100000.0,50000.0,1919,0,0.0,91900.0,91900.0,-8100.0
6185,Esmeralda Kirby,flat,100.0,100000.0,50000.0,2003,0,0.0,100300.0,100300.0,300.0
6186,Tony Griffin,flat,100.0,100000.0,50000.0,1911,0,0.0,91100.0,91100.0,-8900.0
6187,Charlie Stone,flat,100.0,100000.0,50000.0,1938,0,0.0,93800.0,93800.0,-6200.0
6188,Finn Watkins,flat,100.0,100000.0,50000.0,2003,0,0.0,100300.0,100300.0,300.0
6189,Lola Golden,flat,100.0,100000.0,50000.0,1886,0,0.0,88600.0,88600.0,-11400.0
6190,Amias Farmer,flat,100.0,100000.0,50000.0,1957,0,0.0,95700.0,95700.0,-4300.0
6191,Madelynn Woods,flat,100.0,100000.0,50000.0,1970,0,0.0,97000.0,97000.0,-3000.0
6192,Zion Pennington,flat,100.0,100000.0,50000.0,1897,0,0.0,89700.0,89700.0,-10300.0
6193,Yareli Gallagher,flat,100.0,100000.0,50000.0,1972,0,0.0,97200.0,97200.0,-2800.0
6194,Marcos Rangel,flat,100.0,100000.0,50000.0,1932,0,0.0,93200.0,93200.0,-6800.0
6195,Gloria Alvarado,flat,100.0,100000.0,50000.0,1900,0,0.0,90000.0,90000.0,-10000.0
6196,Andres Vincent,flat,100.0,100000.0,50000.0,1985,0,0.0,98500.0,98500.0,-1500.0
6197,Allyson Garcia,flat,100.0,100000.0,50000.0,2003,0,0.0,100300.0,100300.0,300.0
6198,James Weiss,flat,100.0,100000.0,50000.0,1987,0,0.0,98700.0,98700.0,-1300.0
6199,Lennox Little,flat,100.0,100000.0,50000.0,2007,0,0.0,100700.0,100700.0,700.0
6200,Lennox Valdez,flat,100.0,100000.0,50000.0,1980,0,0.0,98000.0,98000.0,-2000.0
6201,Diana Foley,flat,100.0,100000.0,50000.0,2031,0,0.0,103100.0,103100.0,3100.0
6202,Mohammad Roy,flat,100.0,100000.0,50000.0,1939,0,0.0,93900.0,93900.0,-6100.0
6203,Savanna Schmitt,flat,100.0,100000.0,50000.0,1875,0,0.0,87500.0,87500.0,-12500.0
6204,Murphy Griffith,flat,100.0,100000.0,50000.0,1993,0,0.0,99300.0,99300.0,-700.0
6205,Alicia Dalton,flat,100.0,100000.0,50000.0,1987,0,0.0,98700.0,98700.0,-1300.0
6206,Fletcher Rivers,flat,100.0,100000.0,50000.0,1955,0,0.0,95500.0,95500.0,-4500.0
6207,Kiana Jacobson,flat,100.0,100000.0,50000.0,1995,0,0.0,99500.0,99500.0,-500.0
6208,Legacy Scott,flat,100.0,100000.0,50000.0,1982,0,0.0,98200.0,98200.0,-1800.0
6209,Aurora Pace,flat,100.0,100000.0,50000.0,1966,0,0.0,96600.0,96600.0,-3400.0
6210,Dior White,flat,100.0,100000.0,50000.0,1935,0,0.0,93500.0,93500.0,-6500.0
6211,Layla Little,flat,100.0,100000.0,50000.0,1839,0,0.0,83900.0,83900.0,-16100.0
6212,Lennox Mosley,flat,100.0,100000.0,50000.0,1885,0,0.0,88500.0,88500.0,-11500.0
6213,Zaniyah Nixon,flat,100.0,100000.0,50000.0,1930,0,0.0,93000.0,93000.0,-7000.0
6214,Cory Hobbs,flat,100.0,100000.0,50000.0,1950,0,0.0,95000.0,95000.0,-5000.0
6215,Lacey Leach,flat,100.0,100000.0,50000.0,1984,0,0.0,98400.0,98400.0,-1600.0
6216,Westin Nixon,flat,100.0,100000.0,50000.0,1899,0,0.0,89900.0,89900.0,-10100.0
6217,Deborah Harvey,flat,100.0,100000.0,50000.0,1920,0,0.0,92000.0,92000.0,-8000.0
6218,Cayden Williams,flat,100.0,100000.0,50000.0,1905,0,0.0,90500.0,90500.0,-9500.0
6219,Ava Boyd,flat,100.0,100000.0,50000.0,1942,0,0.0,94200.0,94200.0,-5800.0
6220,Dean Salas,flat,100.0,100000.0,50000.0,1984,0,0.0,98400.0,98400.0,-1600.0
6221,Amber Armstrong,flat,100.0,100000.0,50000.0,1977,0,0.0,97700.0,97700.0,-2300.0
6222,Grant Trujillo,flat,100.0,100000.0,50000.0,1918,0,0.0,91800.0,91800.0,-8200.0
6223,Danielle Sanchez,flat,100.0,100000.0,50000.0,1971,0,0.0,97100.0,97100.0,-2900.0
6224,Joseph Faulkner,flat,100.0,100000.0,50000.0,1914,0,0.0,91400.0,91400.0,-8600.0
6225,Ansley Wright,flat,100.0,100000.0,50000.0,1956,0,0.0,95600.0,95600.0,-4400.0
6226,Grayson Atkins,flat,100.0,100000.0,50000.0,2011,0,0.0,101100.0,101100.0,1100.0
6227,Mina Padilla,flat,100.0,100000.0,50000.0,1948,0,0.0,94800.0,94800.0,-5200.0
6228,Jaden Hughes,flat,100.0,100000.0,50000.0,1913,0,0.0,91300.0,91300.0,-8700.0
6229,Samantha Beard,flat,100.0,100000.0,50000.0,1994,0,0.0,99400.0,99400.0,-600.0
6230,Nathanael Sexton,flat,100.0,100000.0,50000.0,1927,0,0.0,92700.0,92700.0,-7300.0
6231,Ellen Day,flat,100.0,100000.0,50000.0,1892,0,0.0,89200.0,89200.0,-10800.0
6232,Kayson Sherman,flat,100.0,100000.0,50000.0,1940,0,0.0,94000.0,94000.0,-6000.0
6233,Addilyn Fields,flat,100.0,100000.0,50000.0,1846,0,0.0,84600.0,84600.0,-15400.0
6234,Clayton Donovan,flat,100.0,100000.0,50000.0,1943,0,0.0,94300.0,94300.0,-5700.0
6235,Azariah Casey,flat,100.0,100000.0,50000.0,1933,0,0.0,93300.0,93300.0,-6700.0
6236,Armando Burnett,flat,100.0,100000.0,50000.0,1960,0,0.0,96000.0,96000.0,-4000.0
6237,Emberly Nicholson,flat,100.0,100000.0,50000.0,1940,0,0.0,94000.0,94000.0,-6000.0
6238,Rodrigo Daugherty,flat,100.0,100000.0,50000.0,1913,0,0.0,91300.0,91300.0,-8700.0
6239,Magdalena Arroyo,flat,100.0,100000.0,50000.0,1977,0,0.0,97700.0,97700.0,-2300.0
6240,Alberto Cummings,flat,100.0,100000.0,50000.0,1992,0,0.0,99200.0,99200.0,-800.0
6241,Nylah Preston,flat,100.0,100000.0,50000.0,1974,0,0.0,97400.0,97400.0,-2600.0
6242,Vincenzo Summers,flat,100.0,100000.0,50000.0,1975,0,0.0,97500.0,97500.0,-2500.0
6243,Frankie Truong,flat,100.0,100000.0,50000.0,1909,0,0.0,90900.0,90900.0,-9100.0
6244,Ayan Day,flat,100.0,100000.0,50000.0,1970,0,0.0,97000.0,97000.0,-3000.0
6245,Hayden Pearson,flat,100.0,100000.0,50000.0,1955,0,0.0,95500.0,95500.0,-4500.0
6246,Gunner Mayer,flat,100.0,100000.0,50000.0,1942,0,0.0,94200.0,94200.0,-5800.0
6247,Ainhoa Tucker,flat,100.0,100000.0,50000.0,1988,0,0.0,98800.0,98800.0,-1200.0
6248,Ivan Moreno,flat,100.0,100000.0,50000.0,1937,0,0.0,93700.0,93700.0,-6300.0
6249,Mary Huff,flat,100.0,100000.0,50000.0,1931,0,0.0,93100.0,93100.0,-6900.0
6250,Finnley Burgess,flat,100.0,100000.0,50000.0,2009,0,0.0,100900.0,100900.0,900.0
6251,Emory Archer,flat,100.0,100000.0,50000.0,1888,0,0.0,88800.0,88800.0,-11200.0
6252,Ephraim McCarty,flat,100.0,100000.0,50000.0,1899,0,0.0,89900.0,89900.0,-10100.0
6253,Halo Lowe,flat,100.0,100000.0,50000.0,1905,0,0.0,90500.0,90500.0,-9500.0
6254,Julius Duran,flat,100.0,100000.0,50000.0,1943,0,0.0,94300.0,94300.0,-5700.0
6255,Willa Stafford,flat,100.0,100000.0,50000.0,1951,0,0.0,95100.0,95100.0,-4900.0
6256,Alfredo Mercado,flat,100.0,100000.0,50000.0,1931,0,0.0,93100.0,93100.0,-6900.0
6257,Mckinley Wood,flat,100.0,100000.0,50000.0,1934,0,0.0,93400.0,93400.0,-6600.0
6258,Carson Lucas,flat,100.0,100000.0,50000.0,1949,0,0.0,94900.0,94900.0,-5100.0
6259,Phoenix Moyer,flat,100.0,100000.0,50000.0,1931,0,0.0,93100.0,93100.0,-6900.0
6260,Ahmir Wiley,flat,100.0,100000.0,50000.0,1960,0,0.0,96000.0,96000.0,-4000.0
6261,Lauryn Vance,flat,100.0,100000.0,50000.0,1915,0,0.0,91500.0,91500.0,-8500.0
6262,Casen Salgado,flat,100.0,100000.0,50000.0,2001,0,0.0,100100.0,100100.0,100.0
6263,Avalynn Gomez,flat,100.0,100000.0,50000.0,1909,0,0.0,90900.0,90900.0,-9100.0
6264,Isaiah Pham,flat,100.0,100000.0,50000.0,2011,0,0.0,101100.0,101100.0,1100.0
6265,Raelyn Lane,flat,100.0,100000.0,50000.0,2028,0,0.0,102800.0,102800.0,2800.0
6266,Matias Cuevas,flat,100.0,100000.0,50000.0,1958,0,0.0,95800.0,95800.0,-4200.0
6267,Adele Benitez,flat,100.0,100000.0,50000.0,1894,0,0.0,89400.0,89400.0,-10600.0
6268,Justice McCall,flat,100.0,100000.0,50000.0,1909,0,0.0,90900.0,90900.0,-9100.0
6269,Kai Beck,flat,100.0,100000.0,50000.0,1951,0,0.0,95100.0,95100.0,-4900.0
6270,Eduardo Haley,flat,100.0,100000.0,50000.0,1933,0,0.0,93300.0,93300.0,-6700.0
6271,Addilynn Turner,flat,100.0,100000.0,50000.0,1986,0,0.0,98600.0,98600.0,-1400.0
6272,Joshua McClain,flat,100.0,100000.0,50000.0,1916,0,0.0,91600.0,91600.0,-8400.0
6273,Marleigh Salinas,flat,100.0,100000.0,50000.0,1919,0,0.0,91900.0,91900.0,-8100.0
6274,Edgar Terry,flat,100.0,100000.0,50000.0,1874,0,0.0,87400.0,87400.0,-12600.0
6275,Wren Lugo,flat,100.0,100000.0,50000.0,1967,0,0.0,96700.0,96700.0,-3300.0
6276,Santos Jordan,flat,100.0,100000.0,50000.0,1913,0,0.0,91300.0,91300.0,-8700.0
6277,Adalynn Nolan,flat,100.0,100000.0,50000.0,1985,0,0.0,98500.0,98500.0,-1500.0
6278,Maximo Burns,flat,100.0,100000.0,50000.0,1901,0,0.0,90100.0,90100.0,-9900.0
6279,Emerson Madden,flat,100.0,100000.0,50000.0,2028,0,0.0,102800.0,102800.0,2800.0
6280,Everest Lewis,flat,100.0,100000.0,50000.0,1920,0,0.0,92000.0,92000.0,-8000.0
6281,Ellie Stanton,flat,100.0,100000.0,50000.0,1956,0,0.0,95600.0,95600.0,-4400.0
6282,Zyair Valdez,flat,100.0,100000.0,50000.0,1963,0,0.0,96300.0,96300.0,-3700.0
6283,Diana Buckley,flat,100.0,100000.0,50000.0,1956,0,0.0,95600.0,95600.0,-4400.0
6284,Aryan Jefferson,flat,100.0,100000.0,50000.0,1906,0,0.0,90600.0,90600.0,-9400.0
6285,Julieta Le,flat,100.0,100000.0,50000.0,1947,0,0.0,94700.0,94700.0,-5300.0
6286,Damien Taylor,flat,100.0,100000.0,50000.0,1899,0,0.0,89900.0,89900.0,-10100.0
6287,Sofia Booth,flat,100.0,100000.0,50000.0,1944,0,0.0,94400.0,94400.0,-5600.0
6288,Chaim Pacheco,flat,100.0,100000.0,50000.0,2040,0,0.0,104000.0,104000.0,4000.0
6289,Paris Frank,flat,100.0,100000.0,50000.0,1944,0,0.0,94400.0,94400.0,-5600.0
6290,Braylen Hess,flat,100.0,100000.0,50000.0,1920,0,0.0,92000.0,92000.0,-8000.0
6291,Kaliyah Allen,flat,100.0,100000.0,50000.0,1908,0,0.0,90800.0,90800.0,-9200.0
6292,Carter Shah,flat,100.0,100000.0,50000.0,1958,0,0.0,95800.0,95800.0,-4200.0
6293,Angelica Sloan,flat,100.0,100000.0,50000.0,1875,0,0.0,87500.0,87500.0,-12500.0
6294,Ocean Huerta,flat,100.0,100000.0,50000.0,1947,0,0.0,94700.0,94700.0,-5300.0
6295,Dulce Mata,flat,100.0,100000.0,50000.0,1980,0,0.0,98000.0,98000.0,-2000.0
6296,Ray Gilmore,flat,100.0,100000.0,50000.0,1890,0,0.0,89000.0,89000.0,-11000.0
6297,Chanel Sanders,flat,100.0,100000.0,50000.0,1913,0,0.0,91300.0,91300.0,-8700.0
6298,Jose Mercado,flat,100.0,100000.0,50000.0,1926,0,0.0,92600.0,92600.0,-7400.0
6299,Mckinley Richard,flat,100.0,100000.0,50000.0,1906,0,0.0,90600.0,90600.0,-9400.0
6300,Ahmed Raymond,flat,100.0,100000.0,50000.0,1916,0,0.0,91600.0,91600.0,-8400.0
6301,Hadlee Jarvis,flat,100.0,100000.0,50000.0,1904,0,0.0,90400.0,90400.0,-9600.0
6302,Marlon McGee,flat,100.0,100000.0,50000.0,1983,0,0.0,98300.0,98300.0,-1700.0
6303,Kayleigh Jordan,flat,100.0,100000.0,50000.0,2034,0,0.0,103400.0,103400.0,3400.0
6304,Sawyer Waters,flat,100.0,100000.0,50000.0,1942,0,0.0,94200.0,94200.0,-5800.0
6305,Bristol Hail,flat,100.0,100000.0,50000.0,2018,0,0.0,101800.0,101800.0,1800.0
6306,Hector Kelley,flat,100.0,100000.0,50000.0,1992,0,0.0,99200.0,99200.0,-800.0
6307,Rosalie Farmer,flat,100.0,100000.0,50000.0,2056,0,0.0,105600.0,105600.0,5600.0
6308,Jamison Walter,flat,100.0,100000.0,50000.0,2017,0,0.0,101700.0,101700.0,1700.0
6309,Penny Rush,flat,100.0,100000.0,50000.0,1976,0,0.0,97600.0,97600.0,-2400.0
6310,Kaiser Brown,flat,100.0,100000.0,50000.0,1912,0,0.0,91200.0,91200.0,-8800.0
6311,Charlotte Hobbs,flat,100.0,100000.0,50000.0,1912,0,0.0,91200.0,91200.0,-8800.0
6312,Brendan Thornton,flat,100.0,100000.0,50000.0,1966,0,0.0,96600.0,96600.0,-3400.0
6313,Haisley Olsen,flat,100.0,100000.0,50000.0,1976,0,0.0,97600.0,97600.0,-2400.0
6314,Skyler Cortez,flat,100.0,100000.0,50000.0,1944,0,0.0,94400.0,94400.0,-5600.0
6315,Haven Travis,flat,100.0,100000.0,50000.0,1964,0,0.0,96400.0,96400.0,-3600.0
6316,Willie McCarthy,flat,100.0,100000.0,50000.0,1950,0,0.0,95000.0,95000.0,-5000.0
6317,Kira Stone,flat,100.0,100000.0,50000.0,1907,0,0.0,90700.0,90700.0,-9300.0
6318,Finn Foster,flat,100.0,100000.0,50000.0,1923,0,0.0,92300.0,92300.0,-7700.0
6319,Brielle Carpenter,flat,100.0,100000.0,50000.0,1883,0,0.0,88300.0,88300.0,-11700.0
6320,Jeremy Lucero,flat,100.0,100000.0,50000.0,1852,0,0.0,85200.0,85200.0,-14800.0
6321,Ila Silva,flat,100.0,100000.0,50000.0,1967,0,0.0,96700.0,96700.0,-3300.0
6322,Luka Booth,flat,100.0,100000.0,50000.0,1954,0,0.0,95400.0,95400.0,-4600.0
6323,Zariyah Simon,flat,100.0,100000.0,50000.0,1957,0,0.0,95700.0,95700.0,-4300.0
6324,Zayne Osborne,flat,100.0,100000.0,50000.0,1850,0,0.0,85000.0,85000.0,-15000.0
6325,Shelby Silva,flat,100.0,100000.0,50000.0,1998,0,0.0,99800.0,99800.0,-200.0
6326,Luka Duke,flat,100.0,100000.0,50000.0,2007,0,0.0,100700.0,100700.0,700.0
6327,Melani Decker,flat,100.0,100000.0,50000.0,1987,0,0.0,98700.0,98700.0,-1300.0
6328,Taylor Hahn,flat,100.0,100000.0,50000.0,1962,0,0.0,96200.0,96200.0,-3800.0
6329,Fallon Shields,flat,100.0,100000.0,50000.0,1974,0,0.0,97400.0,97400.0,-2600.0
6330,Devon Solis,flat,100.0,100000.0,50000.0,1846,0,0.0,84600.0,84600.0,-15400.0
6331,Miracle Shannon,flat,100.0,100000.0,50000.0,1987,0,0.0,98700.0,98700.0,-1300.0
6332,Eliel Richards,flat,100.0,100000.0,50000.0,1870,0,0.0,87000.0,87000.0,-13000.0
6333,Trinity Fitzpatrick,flat,100.0,100000.0,50000.0,1980,0,0.0,98000.0,98000.0,-2000.0
6334,Blaze Guerrero,flat,100.0,100000.0,50000.0,1959,0,0.0,95900.0,95900.0,-4100.0
6335,Margot Nicholson,flat,100.0,100000.0,50000.0,2015,0,0.0,101500.0,101500.0,1500.0
6336,Rodrigo Ingram,flat,100.0,100000.0,50000.0,1928,0,0.0,92800.0,92800.0,-7200.0
6337,Katie Parrish,flat,100.0,100000.0,50000.0,2002,0,0.0,100200.0,100200.0,200.0
6338,Karsyn Barton,flat,100.0,100000.0,50000.0,1881,0,0.0,88100.0,88100.0,-11900.0
6339,Danna Gregory,flat,100.0,100000.0,50000.0,1880,0,0.0,88000.0,88000.0,-12000.0
6340,Travis Burgess,flat,100.0,100000.0,50000.0,1894,0,0.0,89400.0,89400.0,-10600.0
6341,Emory Palacios,flat,100.0,100000.0,50000.0,1955,0,0.0,95500.0,95500.0,-4500.0
6342,Thaddeus Ali,flat,100.0,100000.0,50000.0,1951,0,0.0,95100.0,95100.0,-4900.0
6343,Zelda Small,flat,100.0,100000.0,50000.0,1928,0,0.0,92800.0,92800.0,-7200.0
6344,Rudy House,flat,100.0,100000.0,50000.0,1985,0,0.0,98500.0,98500.0,-1500.0
6345,Sariah Richmond,flat,100.0,100000.0,50000.0,1982,0,0.0,98200.0,98200.0,-1800.0
6346,Mordechai McCoy,flat,100.0,100000.0,50000.0,1949,0,0.0,94900.0,94900.0,-5100.0
6347,Mckenzie Skinner,flat,100.0,100000.0,50000.0,1960,0,0.0,96000.0,96000.0,-4000.0
6348,Ridge Krueger,flat,100.0,100000.0,50000.0,1930,0,0.0,93000.0,93000.0,-7000.0
6349,Kamari Osborne,flat,100.0,100000.0,50000.0,1929,0,0.0,92900.0,92900.0,-7100.0
6350,Augustus Ellison,flat,100.0,100000.0,50000.0,1884,0,0.0,88400.0,88400.0,-11600.0
6351,Raina Molina,flat,100.0,100000.0,50000.0,2006,0,0.0,100600.0,100600.0,600.0
6352,Prince Roach,flat,100.0,100000.0,50000.0,1923,0,0.0,92300.0,92300.0,-7700.0
6353,Lyanna Dorsey,flat,100.0,100000.0,50000.0,1992,0,0.0,99200.0,99200.0,-800.0
6354,Enoch Lowery,flat,100.0,100000.0,50000.0,1944,0,0.0,94400.0,94400.0,-5600.0
6355,Estelle Gray,flat,100.0,100000.0,50000.0,1955,0,0.0,95500.0,95500.0,-4500.0
6356,Nicholas Bruce,flat,100.0,100000.0,50000.0,1935,0,0.0,93500.0,93500.0,-6500.0
6357,Marilyn Cortes,flat,100.0,100000.0,50000.0,1893,0,0.0,89300.0,89300.0,-10700.0
6358,Banks Jaramillo,flat,100.0,100000.0,50000.0,1921,0,0.0,92100.0,92100.0,-7900.0
6359,Guadalupe Maxwell,flat,100.0,100000.0,50000.0,1926,0,0.0,92600.0,92600.0,-7400.0
6360,Eden Booker,flat,100.0,100000.0,50000.0,1919,0,0.0,91900.0,91900.0,-8100.0
6361,Nataly Long,flat,100.0,100000.0,50000.0,1915,0,0.0,91500.0,91500.0,-8500.0
6362,Jace Molina,flat,100.0,100000.0,50000.0,1925,0,0.0,92500.0,92500.0,-7500.0
6363,Alexandria Chang,flat,100.0,100000.0,50000.0,1991,0,0.0,99100.0,99100.0,-900.0
6364,Ari Beil,flat,100.0,100000.0,50000.0,1972,0,0.0,97200.0,97200.0,-2800.0
6365,Itzel Owens,flat,100.0,100000.0,50000.0,2003,0,0.0,100300.0,100300.0,300.0
6366,Adriel Fleming,flat,100.0,100000.0,50000.0,1965,0,0.0,96500.0,96500.0,-3500.0
6367,Fatima Randall,flat,100.0,100000.0,50000.0,1902,0,0.0,90200.0,90200.0,-9800.0
6368,Trenton McFarland,flat,100.0,100000.0,50000.0,1928,0,0.0,92800.0,92800.0,-7200.0
6369,Annika Henson,flat,100.0,100000.0,50000.0,1942,0,0.0,94200.0,94200.0,-5800.0
6370,Bellamy Warner,flat,100.0,100000.0,50000.0,1980,0,0.0,98000.0,98000.0,-2000.0
6371,Wynter Barry,flat,100.0,100000.0,50000.0,1843,0,0.0,84300.0,84300.0,-15700.0
6372,Emery Snow,flat,100.0,100000.0,50000.0,1938,0,0.0,93800.0,93800.0,-6200.0
6373,Alexia Hall,flat,100.0,100000.0,50000.0,1951,0,0.0,95100.0,95100.0,-4900.0
6374,Thomas Coffey,flat,100.0,100000.0,50000.0,1915,0,0.0,91500.0,91500.0,-8500.0
6375,Paola Rosales,flat,100.0,100000.0,50000.0,2010,0,0.0,101000.0,101000.0,1000.0
6376,Wilder Hoover,flat,100.0,100000.0,50000.0,2007,0,0.0,100700.0,100700.0,700.0
6377,Virginia Fischer,flat,100.0,100000.0,50000.0,1929,0,0.0,92900.0,92900.0,-7100.0
6378,Leonidas Cuevas,flat,100.0,100000.0,50000.0,1843,0,0.0,84300.0,84300.0,-15700.0
6379,Adele Brock,flat,100.0,100000.0,50000.0,1926,0,0.0,92600.0,92600.0,-7400.0
6380,Julio Warren,flat,100.0,100000.0,50000.0,1884,0,0.0,88400.0,88400.0,-11600.0
6381,Sloane Mays,flat,100.0,100000.0,50000.0,1974,0,0.0,97400.0,97400.0,-2600.0
6382,Jadiel Faulkner,flat,100.0,100000.0,50000.0,1919,0,0.0,91900.0,91900.0,-8100.0
6383,Ansley Espinosa,flat,100.0,100000.0,50000.0,1931,0,0.0,93100.0,93100.0,-6900.0
6384,Khalid Barajas,flat,100.0,100000.0,50000.0,1960,0,0.0,96000.0,96000.0,-4000.0
6385,Keilani Richards,flat,100.0,100000.0,50000.0,1961,0,0.0,96100.0,96100.0,-3900.0
6386,Holden Ali,flat,100.0,100000.0,50000.0,1958,0,0.0,95800.0,95800.0,-4200.0
6387,Zelda Joseph,flat,100.0,100000.0,50000.0,1903,0,0.0,90300.0,90300.0,-9700.0
6388,Kyle Blair,flat,100.0,100000.0,50000.0,1851,0,0.0,85100.0,85100.0,-14900.0
6389,Frances Whitaker,flat,100.0,100000.0,50000.0,1972,0,0.0,97200.0,97200.0,-2800.0
6390,Keith Benson,flat,100.0,100000.0,50000.0,1961,0,0.0,96100.0,96100.0,-3900.0
6391,Collins Douglas,flat,100.0,100000.0,50000.0,1998,0,0.0,99800.0,99800.0,-200.0
6392,Derek Merritt,flat,100.0,100000.0,50000.0,1934,0,0.0,93400.0,93400.0,-6600.0
6393,Kaisley Cervantes,flat,100.0,100000.0,50000.0,1914,0,0.0,91400.0,91400.0,-8600.0
6394,Kamari McClure,flat,100.0,100000.0,50000.0,1975,0,0.0,97500.0,97500.0,-2500.0
6395,Estella Castillo,flat,100.0,100000.0,50000.0,1912,0,0.0,91200.0,91200.0,-8800.0
6396,Kai Schultz,flat,100.0,100000.0,50000.0,1986,0,0.0,98600.0,98600.0,-1400.0
6397,Briella Gregory,flat,100.0,100000.0,50000.0,2004,0,0.0,100400.0,100400.0,400.0
6398,Travis Shepherd,flat,100.0,100000.0,50000.0,1940,0,0.0,94000.0,94000.0,-6000.0
6399,Katalina Whitaker,flat,100.0,100000.0,50000.0,1923,0,0.0,92300.0,92300.0,-7700.0
6400,Keith Price,flat,100.0,100000.0,50000.0,1963,0,0.0,96300.0,96300.0,-3700.0
6401,Piper Summers,flat,100.0,100000.0,50000.0,1930,0,0.0,93000.0,93000.0,-7000.0
6402,Darius Simon,flat,100.0,100000.0,50000.0,2011,0,0.0,101100.0,101100.0,1100.0
6403,Kalani Stein,flat,100.0,100000.0,50000.0,1937,0,0.0,93700.0,93700.0,-6300.0
6404,Creed Wilcox,flat,100.0,100000.0,50000.0,1860,0,0.0,86000.0,86000.0,-14000.0
6405,Ashlyn Perez,flat,100.0,100000.0,50000.0,1847,0,0.0,84700.0,84700.0,-15300.0
6406,Owen Campbell,flat,100.0,100000.0,50000.0,1988,0,0.0,98800.0,98800.0,-1200.0
6407,Addison George,flat,100.0,100000.0,50000.0,1966,0,0.0,96600.0,96600.0,-3400.0
6408,Mark Duke,flat,100.0,100000.0,50000.0,1952,0,0.0,95200.0,95200.0,-4800.0
6409,Melani Benton,flat,100.0,100000.0,50000.0,1958,0,0.0,95800.0,95800.0,-4200.0
6410,Jamal Reed,flat,100.0,100000.0,50000.0,1975,0,0.0,97500.0,97500.0,-2500.0
6411,Valentina Keller,flat,100.0,100000.0,50000.0,1942,0,0.0,94200.0,94200.0,-5800.0
6412,Nico Smith,flat,100.0,100000.0,50000.0,2002,0,0.0,100200.0,100200.0,200.0
6413,Olivia Perez,flat,100.0,100000.0,50000.0,1908,0,0.0,90800.0,90800.0,-9200.0
6414,Owen Magana,flat,100.0,100000.0,50000.0,1913,0,0.0,91300.0,91300.0,-8700.0
6415,Amaris Hurley,flat,100.0,100000.0,50000.0,1986,0,0.0,98600.0,98600.0,-1400.0
6416,Van Fleming,flat,100.0,100000.0,50000.0,1908,0,0.0,90800.0,90800.0,-9200.0
6417,Fatima McClure,flat,100.0,100000.0,50000.0,1937,0,0.0,93700.0,93700.0,-6300.0
6418,Reese Eaton,flat,100.0,100000.0,50000.0,1863,0,0.0,86300.0,86300.0,-13700.0
6419,Miley Weeks,flat,100.0,100000.0,50000.0,1954,0,0.0,95400.0,95400.0,-4600.0
6420,Anders Benjamin,flat,100.0,100000.0,50000.0,1968,0,0.0,96800.0,96800.0,-3200.0
6421,Jianna Brock,flat,100.0,100000.0,50000.0,1940,0,0.0,94000.0,94000.0,-6000.0
6422,Julio Saunders,flat,100.0,100000.0,50000.0,1882,0,0.0,88200.0,88200.0,-11800.0
6423,Meadow Carey,flat,100.0,100000.0,50000.0,1917,0,0.0,91700.0,91700.0,-8300.0
6424,Watson Hickman,flat,100.0,100000.0,50000.0,1980,0,0.0,98000.0,98000.0,-2000.0
6425,Scarlette McCormick,flat,100.0,100000.0,50000.0,1945,0,0.0,94500.0,94500.0,-5500.0
6426,Jasiah Brady,flat,100.0,100000.0,50000.0,1923,0,0.0,92300.0,92300.0,-7700.0
6427,Ryan Valencia,flat,100.0,100000.0,50000.0,1986,0,0.0,98600.0,98600.0,-1400.0
6428,Dax Rodgers,flat,100.0,100000.0,50000.0,1973,0,0.0,97300.0,97300.0,-2700.0
6429,Selah Barton,flat,100.0,100000.0,50000.0,1907,0,0.0,90700.0,90700.0,-9300.0
6430,Cassius Camacho,flat,100.0,100000.0,50000.0,1991,0,0.0,99100.0,99100.0,-900.0
6431,Armani Fitzpatrick,flat,100.0,100000.0,50000.0,1946,0,0.0,94600.0,94600.0,-5400.0
6432,Blaze Esparza,flat,100.0,100000.0,50000.0,1924,0,0.0,92400.0,92400.0,-7600.0
6433,Ramona Castaneda,flat,100.0,100000.0,50000.0,1878,0,0.0,87800.0,87800.0,-12200.0
6434,Collin Walton,flat,100.0,100000.0,50000.0,1964,0,0.0,96400.0,96400.0,-3600.0
6435,Scarlet Taylor,flat,100.0,100000.0,50000.0,1970,0,0.0,97000.0,97000.0,-3000.0
6436,Jackson Wang,flat,100.0,100000.0,50000.0,1954,0,0.0,95400.0,95400.0,-4600.0
6437,Kailani Rowe,flat,100.0,100000.0,50000.0,1927,0,0.0,92700.0,92700.0,-7300.0
6438,Kamden McCullough,flat,100.0,100000.0,50000.0,1915,0,0.0,91500.0,91500.0,-8500.0
6439,Hana Sosa,flat,100.0,100000.0,50000.0,1983,0,0.0,98300.0,98300.0,-1700.0
6440,Emir Garrett,flat,100.0,100000.0,50000.0,1989,0,0.0,98900.0,98900.0,-1100.0
6441,Tessa Mullen,flat,100.0,100000.0,50000.0,1964,0,0.0,96400.0,96400.0,-3600.0
6442,Shepard Patrick,flat,100.0,100000.0,50000.0,1883,0,0.0,88300.0,88300.0,-11700.0
6443,Lyra Jenkins,flat,100.0,100000.0,50000.0,2003,0,0.0,100300.0,100300.0,300.0
6444,Declan Sims,flat,100.0,100000.0,50000.0,1947,0,0.0,94700.0,94700.0,-5300.0
6445,Lena Thompson,flat,100.0,100000.0,50000.0,1946,0,0.0,94600.0,94600.0,-5400.0
6446,Theodore Raymond,flat,100.0,100000.0,50000.0,2024,0,0.0,102400.0,102400.0,2400.0
6447,Hadlee Cabrera,flat,100.0,100000.0,50000.0,1911,0,0.0,91100.0,91100.0,-8900.0
6448,Cade Woodward,flat,100.0,100000.0,50000.0,1970,0,0.0,97000.0,97000.0,-3000.0
6449,Drew Bullock,flat,100.0,100000.0,50000.0,1964,0,0.0,96400.0,96400.0,-3600.0
6450,Ben Vance,flat,100.0,100000.0,50000.0,1917,0,0.0,91700.0,91700.0,-8300.0
6451,Maxine Hensley,flat,100.0,100000.0,50000.0,1928,0,0.0,92800.0,92800.0,-7200.0
6452,Layne Cox,flat,100.0,100000.0,50000.0,1924,0,0.0,92400.0,92400.0,-7600.0
6453,Sadie Sweeney,flat,100.0,100000.0,50000.0,1940,0,0.0,94000.0,94000.0,-6000.0
6454,Nixon McLaughlin,flat,100.0,100000.0,50000.0,1945,0,0.0,94500.0,94500.0,-5500.0
6455,Stephanie Dixon,flat,100.0,100000.0,50000.0,1902,0,0.0,90200.0,90200.0,-9800.0
6456,Camden Person,flat,100.0,100000.0,50000.0,1902,0,0.0,90200.0,90200.0,-9800.0
6457,Dylan Ortega,flat,100.0,100000.0,50000.0,1910,0,0.0,91000.0,91000.0,-9000.0
6458,Kobe Sherman,flat,100.0,100000.0,50000.0,1967,0,0.0,96700.0,96700.0,-3300.0
6459,Addilyn Curtis,flat,100.0,100000.0,50000.0,1918,0,0.0,91800.0,91800.0,-8200.0
6460,Muhammad Wells,flat,100.0,100000.0,50000.0,1955,0,0.0,95500.0,95500.0,-4500.0
6461,Cecilia Castro,flat,100.0,100000.0,50000.0,1963,0,0.0,96300.0,96300.0,-3700.0
6462,Jasper Weiss,flat,100.0,100000.0,50000.0,1917,0,0.0,91700.0,91700.0,-8300.0
6463,Lennox George,flat,100.0,100000.0,50000.0,2021,0,0.0,102100.0,102100.0,2100.0
6464,Mark Barrera,flat,100.0,100000.0,50000.0,1982,0,0.0,98200.0,98200.0,-1800.0
6465,Beatrice Odom,flat,100.0,100000.0,50000.0,2038,0,0.0,103800.0,103800.0,3800.0
6466,Kylian Huynh,flat,100.0,100000.0,50000.0,1987,0,0.0,98700.0,98700.0,-1300.0
6467,Oaklee Mejia,flat,100.0,100000.0,50000.0,2005,0,0.0,100500.0,100500.0,500.0
6468,Atticus Mack,flat,100.0,100000.0,50000.0,1946,0,0.0,94600.0,94600.0,-5400.0
6469,Nadia Evans,flat,100.0,100000.0,50000.0,1905,0,0.0,90500.0,90500.0,-9500.0
6470,Elias Velasquez,flat,100.0,100000.0,50000.0,1927,0,0.0,92700.0,92700.0,-7300.0
6471,Esme Patterson,flat,100.0,100000.0,50000.0,1986,0,0.0,98600.0,98600.0,-1400.0
6472,Amir Macias,flat,100.0,100000.0,50000.0,2029,0,0.0,102900.0,102900.0,2900.0
6473,Adley Hunt,flat,100.0,100000.0,50000.0,1981,0,0.0,98100.0,98100.0,-1900.0
6474,Jesus Flynn,flat,100.0,100000.0,50000.0,1930,0,0.0,93000.0,93000.0,-7000.0
6475,Dorothy Ayers,flat,100.0,100000.0,50000.0,1980,0,0.0,98000.0,98000.0,-2000.0
6476,Ulises Bullock,flat,100.0,100000.0,50000.0,1886,0,0.0,88600.0,88600.0,-11400.0
6477,Winnie Truong,flat,100.0,100000.0,50000.0,1880,0,0.0,88000.0,88000.0,-12000.0
6478,Ayan Taylor,flat,100.0,100000.0,50000.0,2025,0,0.0,102500.0,102500.0,2500.0
6479,Sofia Caldwell,flat,100.0,100000.0,50000.0,1893,0,0.0,89300.0,89300.0,-10700.0
6480,Rylan Rosas,flat,100.0,100000.0,50000.0,1947,0,0.0,94700.0,94700.0,-5300.0
6481,Joelle Correa,flat,100.0,100000.0,50000.0,1976,0,0.0,97600.0,97600.0,-2400.0
6482,Zakai Dougherty,flat,100.0,100000.0,50000.0,1927,0,0.0,92700.0,92700.0,-7300.0
6483,Alisson Curry,flat,100.0,100000.0,50000.0,1884,0,0.0,88400.0,88400.0,-11600.0
6484,Briggs Duke,flat,100.0,100000.0,50000.0,1939,0,0.0,93900.0,93900.0,-6100.0
6485,Melani Preston,flat,100.0,100000.0,50000.0,1936,0,0.0,93600.0,93600.0,-6400.0
6486,Vincenzo Rosales,flat,100.0,100000.0,50000.0,1928,0,0.0,92800.0,92800.0,-7200.0
6487,Kinley Matthews,flat,100.0,100000.0,50000.0,1921,0,0.0,92100.0,92100.0,-7900.0
6488,Preston Barker,flat,100.0,100000.0,50000.0,1942,0,0.0,94200.0,94200.0,-5800.0
6489,Remington Paul,flat,100.0,100000.0,50000.0,1976,0,0.0,97600.0,97600.0,-2400.0
6490,Noel Trejo,flat,100.0,100000.0,50000.0,1981,0,0.0,98100.0,98100.0,-1900.0
6491,Rosalyn Suarez,flat,100.0,100000.0,50000.0,1921,0,0.0,92100.0,92100.0,-7900.0
6492,Soren Wagner,flat,100.0,100000.0,50000.0,1908,0,0.0,90800.0,90800.0,-9200.0
6493,Maeve Fletcher,flat,100.0,100000.0,50000.0,1919,0,0.0,91900.0,91900.0,-8100.0
6494,Jay Hensley,flat,100.0,100000.0,50000.0,1869,0,0.0,86900.0,86900.0,-13100.0
6495,Malaya Walter,flat,100.0,100000.0,50000.0,1907,0,0.0,90700.0,90700.0,-9300.0
6496,Lochlan Weber,flat,100.0,100000.0,50000.0,1999,0,0.0,99900.0,99900.0,-100.0
6497,Alayah Pope,flat,100.0,100000.0,50000.0,1920,0,0.0,92000.0,92000.0,-8000.0
6498,Gunnar Jacobs,flat,100.0,100000.0,50000.0,1971,0,0.0,97100.0,97100.0,-2900.0
6499,Camilla Merritt,flat,100.0,100000.0,50000.0,1993,0,0.0,99300.0,99300.0,-700.0
6500,Colten Doyle,flat,100.0,100000.0,50000.0,1974,0,0.0,97400.0,97400.0,-2600.0
6501,Annalise David,flat,100.0,100000.0,50000.0,1855,0,0.0,85500.0,85500.0,-14500.0
6502,Alonso Robinson,flat,100.0,100000.0,50000.0,1933,0,0.0,93300.0,93300.0,-6700.0
6503,Nora Patton,flat,100.0,100000.0,50000.0,1905,0,0.0,90500.0,90500.0,-9500.0
6504,Moises Wolfe,flat,100.0,100000.0,50000.0,1944,0,0.0,94400.0,94400.0,-5600.0
6505,Hallie Nguyen,flat,100.0,100000.0,50000.0,1981,0,0.0,98100.0,98100.0,-1900.0
6506,Gabriel Sawyer,flat,100.0,100000.0,50000.0,1883,0,0.0,88300.0,88300.0,-11700.0
6507,Marina Cortes,flat,100.0,100000.0,50000.0,1971,0,0.0,97100.0,97100.0,-2900.0
6508,Banks Sheppard,flat,100.0,100000.0,50000.0,1923,0,0.0,92300.0,92300.0,-7700.0
6509,Veda Berry,flat,100.0,100000.0,50000.0,2008,0,0.0,100800.0,100800.0,800.0
6510,Adonis Robinson,flat,100.0,100000.0,50000.0,1939,0,0.0,93900.0,93900.0,-6100.0
6511,Nora Stuart,flat,100.0,100000.0,50000.0,1869,0,0.0,86900.0,86900.0,-13100.0
6512,Dion Brady,flat,100.0,100000.0,50000.0,1916,0,0.0,91600.0,91600.0,-8400.0
6513,Ryan Valencia,flat,100.0,100000.0,50000.0,1956,0,0.0,95600.0,95600.0,-4400.0
6514,Dax Hogan,flat,100.0,100000.0,50000.0,1963,0,0.0,96300.0,96300.0,-3700.0
6515,Kathryn Boyer,flat,100.0,100000.0,50000.0,1959,0,0.0,95900.0,95900.0,-4100.0
6516,Zeke Trejo,flat,100.0,100000.0,50000.0,1902,0,0.0,90200.0,90200.0,-9800.0
6517,Rosalyn Jarvis,flat,100.0,100000.0,50000.0,1930,0,0.0,93000.0,93000.0,-7000.0
6518,Marlon Wolfe,flat,100.0,100000.0,50000.0,1937,0,0.0,93700.0,93700.0,-6300.0
6519,Hallie Becker,flat,100.0,100000.0,50000.0,1905,0,0.0,90500.0,90500.0,-9500.0
6520,Lawson Willis,flat,100.0,100000.0,50000.0,1925,0,0.0,92500.0,92500.0,-7500.0
6521,Alexa Phan,flat,100.0,100000.0,50000.0,1998,0,0.0,99800.0,99800.0,-200.0
6522,Maison Friedman,flat,100.0,100000.0,50000.0,1857,0,0.0,85700.0,85700.0,-14300.0
6523,Aspyn Molina,flat,100.0,100000.0,50000.0,1914,0,0.0,91400.0,91400.0,-8600.0
6524,Prince Shaffer,flat,100.0,100000.0,50000.0,1893,0,0.0,89300.0,89300.0,-10700.0
6525,Alanna Carrillo,flat,100.0,100000.0,50000.0,1840,0,0.0,84000.0,84000.0,-16000.0
6526,Wade Chavez,flat,100.0,100000.0,50000.0,1963,0,0.0,96300.0,96300.0,-3700.0
6527,Nevaeh Stewart,flat,100.0,100000.0,50000.0,1902,0,0.0,90200.0,90200.0,-9800.0
6528,Nolan Costa,flat,100.0,100000.0,50000.0,1994,0,0.0,99400.0,99400.0,-600.0
6529,Robin Potts,flat,100.0,100000.0,50000.0,1950,0,0.0,95000.0,95000.0,-5000.0
6530,Alfred McKenzie,flat,100.0,100000.0,50000.0,1914,0,0.0,91400.0,91400.0,-8600.0
6531,Briar Carey,flat,100.0,100000.0,50000.0,1954,0,0.0,95400.0,95400.0,-4600.0
6532,Watson Stewart,flat,100.0,100000.0,50000.0,1948,0,0.0,94800.0,94800.0,-5200.0
6533,Maya Cantu,flat,100.0,100000.0,50000.0,1932,0,0.0,93200.0,93200.0,-6800.0
6534,Anakin Schultz,flat,100.0,100000.0,50000.0,1906,0,0.0,90600.0,90600.0,-9400.0
6535,Briella Best,flat,100.0,100000.0,50000.0,1921,0,0.0,92100.0,92100.0,-7900.0
6536,Harlem Rose,flat,100.0,100000.0,50000.0,2035,0,0.0,103500.0,103500.0,3500.0
6537,Magnolia Becker,flat,100.0,100000.0,50000.0,1898,0,0.0,89800.0,89800.0,-10200.0
6538,Lawson Vincent,flat,100.0,100000.0,50000.0,2018,0,0.0,101800.0,101800.0,1800.0
6539,Allyson Foley,flat,100.0,100000.0,50000.0,1925,0,0.0,92500.0,92500.0,-7500.0
6540,Mohammad Manning,flat,100.0,100000.0,50000.0,1932,0,0.0,93200.0,93200.0,-6800.0
6541,Jennifer McDonald,flat,100.0,100000.0,50000.0,1981,0,0.0,98100.0,98100.0,-1900.0
6542,Calvin Daniel,flat,100.0,100000.0,50000.0,2046,0,0.0,104600.0,104600.0,4600.0
6543,Joy O’Connell,flat,100.0,100000.0,50000.0,1949,0,0.0,94900.0,94900.0,-5100.0
6544,Jovanni Phan,flat,100.0,100000.0,50000.0,1969,0,0.0,96900.0,96900.0,-3100.0
6545,Elsa Poole,flat,100.0,100000.0,50000.0,1904,0,0.0,90400.0,90400.0,-9600.0
6546,Quincy Shields,flat,100.0,100000.0,50000.0,1920,0,0.0,92000.0,92000.0,-8000.0
6547,Analia Dominguez,flat,100.0,100000.0,50000.0,1936,0,0.0,93600.0,93600.0,-6400.0
6548,Kaden Holloway,flat,100.0,100000.0,50000.0,1995,0,0.0,99500.0,99500.0,-500.0
6549,Mae Keith,flat,100.0,100000.0,50000.0,1941,0,0.0,94100.0,94100.0,-5900.0
6550,Jagger Monroe,flat,100.0,100000.0,50000.0,1940,0,0.0,94000.0,94000.0,-6000.0
6551,Carly Keller,flat,100.0,100000.0,50000.0,1972,0,0.0,97200.0,97200.0,-2800.0
6552,Nico Glenn,flat,100.0,100000.0,50000.0,1964,0,0.0,96400.0,96400.0,-3600.0
6553,Blaire Stone,flat,100.0,100000.0,50000.0,1935,0,0.0,93500.0,93500.0,-6500.0
6554,Finn Frazier,flat,100.0,100000.0,50000.0,1917,0,0.0,91700.0,91700.0,-8300.0
6555,Octavia Moody,flat,100.0,100000.0,50000.0,1901,0,0.0,90100.0,90100.0,-9900.0
6556,Ryland Lucero,flat,100.0,100000.0,50000.0,1938,0,0.0,93800.0,93800.0,-6200.0
6557,Ila Mills,flat,100.0,100000.0,50000.0,2015,0,0.0,101500.0,101500.0,1500.0
6558,Alex Barrera,flat,100.0,100000.0,50000.0,1858,0,0.0,85800.0,85800.0,-14200.0
6559,Beatrice Horne,flat,100.0,100000.0,50000.0,2002,0,0.0,100200.0,100200.0,200.0
6560,Zev Boyd,flat,100.0,100000.0,50000.0,1936,0,0.0,93600.0,93600.0,-6400.0
6561,Georgia Hull,flat,100.0,100000.0,50000.0,1897,0,0.0,89700.0,89700.0,-10300.0
6562,Salem Rios,flat,100.0,100000.0,50000.0,1890,0,0.0,89000.0,89000.0,-11000.0
6563,Brooke Curry,flat,100.0,100000.0,50000.0,1846,0,0.0,84600.0,84600.0,-15400.0
6564,Briggs Spears,flat,100.0,100000.0,50000.0,1963,0,0.0,96300.0,96300.0,-3700.0
6565,Isabela Wu,flat,100.0,100000.0,50000.0,1896,0,0.0,89600.0,89600.0,-10400.0
6566,Kyson Meadows,flat,100.0,100000.0,50000.0,1952,0,0.0,95200.0,95200.0,-4800.0
6567,Pearl Summers,flat,100.0,100000.0,50000.0,2033,0,0.0,103300.0,103300.0,3300.0
6568,Darius Cantrell,flat,100.0,100000.0,50000.0,1952,0,0.0,95200.0,95200.0,-4800.0
6569,Yamileth Kim,flat,100.0,100000.0,50000.0,1932,0,0.0,93200.0,93200.0,-6800.0
6570,Roman Valentine,flat,100.0,100000.0,50000.0,1991,0,0.0,99100.0,99100.0,-900.0
6571,August McIntosh,flat,100.0,100000.0,50000.0,1914,0,0.0,91400.0,91400.0,-8600.0
6572,Kristian Duffy,flat,100.0,100000.0,50000.0,1975,0,0.0,97500.0,97500.0,-2500.0
6573,Addisyn Armstrong,flat,100.0,100000.0,50000.0,1988,0,0.0,98800.0,98800.0,-1200.0
6574,Grant Buchanan,flat,100.0,100000.0,50000.0,1992,0,0.0,99200.0,99200.0,-800.0
6575,Maryam Kerr,flat,100.0,100000.0,50000.0,1851,0,0.0,85100.0,85100.0,-14900.0
6576,Louie Tucker,flat,100.0,100000.0,50000.0,2004,0,0.0,100400.0,100400.0,400.0
6577,Esther Haynes,flat,100.0,100000.0,50000.0,2004,0,0.0,100400.0,100400.0,400.0
6578,Kason Sharp,flat,100.0,100000.0,50000.0,1967,0,0.0,96700.0,96700.0,-3300.0
6579,Camryn Douglas,flat,100.0,100000.0,50000.0,1986,0,0.0,98600.0,98600.0,-1400.0
6580,Derek Cano,flat,100.0,100000.0,50000.0,1928,0,0.0,92800.0,92800.0,-7200.0
6581,Egypt Barry,flat,100.0,100000.0,50000.0,1965,0,0.0,96500.0,96500.0,-3500.0
6582,Emery Swanson,flat,100.0,100000.0,50000.0,2064,0,0.0,106400.0,106400.0,6400.0
6583,Helen Everett,flat,100.0,100000.0,50000.0,1864,0,0.0,86400.0,86400.0,-13600.0
6584,Camilo Bartlett,flat,100.0,100000.0,50000.0,1917,0,0.0,91700.0,91700.0,-8300.0
6585,Aubrielle McDowell,flat,100.0,100000.0,50000.0,1885,0,0.0,88500.0,88500.0,-11500.0
6586,Lachlan Morales,flat,100.0,100000.0,50000.0,1923,0,0.0,92300.0,92300.0,-7700.0
6587,Skylar Logan,flat,100.0,100000.0,50000.0,1926,0,0.0,92600.0,92600.0,-7400.0
6588,Rocco Moss,flat,100.0,100000.0,50000.0,1936,0,0.0,93600.0,93600.0,-6400.0
6589,Bianca Russo,flat,100.0,100000.0,50000.0,1977,0,0.0,97700.0,97700.0,-2300.0
6590,Jamie Barton,flat,100.0,100000.0,50000.0,1929,0,0.0,92900.0,92900.0,-7100.0
6591,Danna Beasley,flat,100.0,100000.0,50000.0,1918,0,0.0,91800.0,91800.0,-8200.0
6592,Stanley Munoz,flat,100.0,100000.0,50000.0,1990,0,0.0,99000.0,99000.0,-1000.0
6593,Kehlani Barnett,flat,100.0,100000.0,50000.0,1992,0,0.0,99200.0,99200.0,-800.0
6594,Stephen Norton,flat,100.0,100000.0,50000.0,1937,0,0.0,93700.0,93700.0,-6300.0
6595,Kylee Page,flat,100.0,100000.0,50000.0,1975,0,0.0,97500.0,97500.0,-2500.0
6596,Pablo Bernard,flat,100.0,100000.0,50000.0,1975,0,0.0,97500.0,97500.0,-2500.0
6597,Barbara Lozano,flat,100.0,100000.0,50000.0,1983,0,0.0,98300.0,98300.0,-1700.0
6598,Boone Graham,flat,100.0,100000.0,50000.0,1986,0,0.0,98600.0,98600.0,-1400.0
6599,Alaia Edwards,flat,100.0,100000.0,50000.0,1985,0,0.0,98500.0,98500.0,-1500.0
6600,Adrian Cooper,flat,100.0,100000.0,50000.0,1937,0,0.0,93700.0,93700.0,-6300.0
6601,Serenity Holloway,flat,100.0,100000.0,50000.0,2015,0,0.0,101500.0,101500.0,1500.0
6602,Sutton Ponce,flat,100.0,100000.0,50000.0,1932,0,0.0,93200.0,93200.0,-6800.0
6603,Aileen Barajas,flat,100.0,100000.0,50000.0,1929,0,0.0,92900.0,92900.0,-7100.0
6604,Brennan Bentley,flat,100.0,100000.0,50000.0,1922,0,0.0,92200.0,92200.0,-7800.0
6605,Jaylin McKee,flat,100.0,100000.0,50000.0,1949,0,0.0,94900.0,94900.0,-5100.0
6606,Bjorn Tran,flat,100.0,100000.0,50000.0,1882,0,0.0,88200.0,88200.0,-11800.0
6607,Kylie Campbell,flat,100.0,100000.0,50000.0,1908,0,0.0,90800.0,90800.0,-9200.0
6608,Christopher Cameron,flat,100.0,100000.0,50000.0,1913,0,0.0,91300.0,91300.0,-8700.0
6609,Julie McCann,flat,100.0,100000.0,50000.0,1963,0,0.0,96300.0,96300.0,-3700.0
6610,Heath Hawkins,flat,100.0,100000.0,50000.0,1942,0,0.0,94200.0,94200.0,-5800.0
6611,Ariel Webster,flat,100.0,100000.0,50000.0,1942,0,0.0,94200.0,94200.0,-5800.0
6612,Shawn Rangel,flat,100.0,100000.0,50000.0,1919,0,0.0,91900.0,91900.0,-8100.0
6613,Gloria Doyle,flat,100.0,100000.0,50000.0,1977,0,0.0,97700.0,97700.0,-2300.0
6614,Kashton Esquivel,flat,100.0,100000.0,50000.0,1894,0,0.0,89400.0,89400.0,-10600.0
6615,Jaylee Salas,flat,100.0,100000.0,50000.0,1957,0,0.0,95700.0,95700.0,-4300.0
6616,Zaiden Best,flat,100.0,100000.0,50000.0,1970,0,0.0,97000.0,97000.0,-3000.0
6617,Lexie Lucas,flat,100.0,100000.0,50000.0,1981,0,0.0,98100.0,98100.0,-1900.0
6618,Chance White,flat,100.0,100000.0,50000.0,1966,0,0.0,96600.0,96600.0,-3400.0
6619,Layla Bowman,flat,100.0,100000.0,50000.0,2040,0,0.0,104000.0,104000.0,4000.0
6620,Francisco Li,flat,100.0,100000.0,50000.0,1980,0,0.0,98000.0,98000.0,-2000.0
6621,Paige Dawson,flat,100.0,100000.0,50000.0,2002,0,0.0,100200.0,100200.0,200.0
6622,Iker Galvan,flat,100.0,100000.0,50000.0,1953,0,0.0,95300.0,95300.0,-4700.0
6623,Dallas Rasmussen,flat,100.0,100000.0,50000.0,1917,0,0.0,91700.0,91700.0,-8300.0
6624,Will Dalton,flat,100.0,100000.0,50000.0,1985,0,0.0,98500.0,98500.0,-1500.0
6625,Lilian Benjamin,flat,100.0,100000.0,50000.0,1909,0,0.0,90900.0,90900.0,-9100.0
6626,Kyro Wyatt,flat,100.0,100000.0,50000.0,1999,0,0.0,99900.0,99900.0,-100.0
6627,Liberty Bell,flat,100.0,100000.0,50000.0,1941,0,0.0,94100.0,94100.0,-5900.0
6628,Emmett Magana,flat,100.0,100000.0,50000.0,1985,0,0.0,98500.0,98500.0,-1500.0
6629,Amaris Powers,flat,100.0,100000.0,50000.0,1930,0,0.0,93000.0,93000.0,-7000.0
6630,Sean Alfaro,flat,100.0,100000.0,50000.0,1942,0,0.0,94200.0,94200.0,-5800.0
6631,Yasmin Murillo,flat,100.0,100000.0,50000.0,1927,0,0.0,92700.0,92700.0,-7300.0
6632,Lance Skinner,flat,100.0,100000.0,50000.0,1898,0,0.0,89800.0,89800.0,-10200.0
6633,Mara Snyder,flat,100.0,100000.0,50000.0,1953,0,0.0,95300.0,95300.0,-4700.0
6634,Thiago McBride,flat,100.0,100000.0,50000.0,1886,0,0.0,88600.0,88600.0,-11400.0
6635,Kelsey Lin,flat,100.0,100000.0,50000.0,1898,0,0.0,89800.0,89800.0,-10200.0
6636,Conor Vance,flat,100.0,100000.0,50000.0,1925,0,0.0,92500.0,92500.0,-7500.0
6637,Maxine Fry,flat,100.0,100000.0,50000.0,1915,0,0.0,91500.0,91500.0,-8500.0
6638,Jacoby Chandler,flat,100.0,100000.0,50000.0,1940,0,0.0,94000.0,94000.0,-6000.0
6639,Viviana Marks,flat,100.0,100000.0,50000.0,1928,0,0.0,92800.0,92800.0,-7200.0
6640,Amos Potter,flat,100.0,100000.0,50000.0,2009,0,0.0,100900.0,100900.0,900.0
6641,Rory Fisher,flat,100.0,100000.0,50000.0,1951,0,0.0,95100.0,95100.0,-4900.0
6642,Gael Salazar,flat,100.0,100000.0,50000.0,1932,0,0.0,93200.0,93200.0,-6800.0
6643,Freya Klein,flat,100.0,100000.0,50000.0,1959,0,0.0,95900.0,95900.0,-4100.0
6644,Marco Hunter,flat,100.0,100000.0,50000.0,1888,0,0.0,88800.0,88800.0,-11200.0
6645,Khloe Brandt,flat,100.0,100000.0,50000.0,2013,0,0.0,101300.0,101300.0,1300.0
6646,Damir Page,flat,100.0,100000.0,50000.0,1977,0,0.0,97700.0,97700.0,-2300.0
6647,Cataleya Solis,flat,100.0,100000.0,50000.0,1957,0,0.0,95700.0,95700.0,-4300.0
6648,Ronin Christian,flat,100.0,100000.0,50000.0,1947,0,0.0,94700.0,94700.0,-5300.0
6649,Anahi Ryan,flat,100.0,100000.0,50000.0,2022,0,0.0,102200.0,102200.0,2200.0
6650,Timothy Bailey,flat,100.0,100000.0,50000.0,2032,0,0.0,103200.0,103200.0,3200.0
6651,Kennedy Erickson,flat,100.0,100000.0,50000.0,1877,0,0.0,87700.0,87700.0,-12300.0
6652,Johnny Marquez,flat,100.0,100000.0,50000.0,1961,0,0.0,96100.0,96100.0,-3900.0
6653,Milani Skinner,flat,100.0,100000.0,50000.0,1915,0,0.0,91500.0,91500.0,-8500.0
6654,Ridge Rhodes,flat,100.0,100000.0,50000.0,1980,0,0.0,98000.0,98000.0,-2000.0
6655,Tatum Pruitt,flat,100.0,100000.0,50000.0,1931,0,0.0,93100.0,93100.0,-6900.0
6656,Gatlin Gray,flat,100.0,100000.0,50000.0,1920,0,0.0,92000.0,92000.0,-8000.0
6657,Sarah Brooks,flat,100.0,100000.0,50000.0,1929,0,0.0,92900.0,92900.0,-7100.0
6658,Jordan Meyer,flat,100.0,100000.0,50000.0,1955,0,0.0,95500.0,95500.0,-4500.0
6659,Sara Gordon,flat,100.0,100000.0,50000.0,1845,0,0.0,84500.0,84500.0,-15500.0
6660,Karter Mack,flat,100.0,100000.0,50000.0,2042,0,0.0,104200.0,104200.0,4200.0
6661,Nadia French,flat,100.0,100000.0,50000.0,1871,0,0.0,87100.0,87100.0,-12900.0
6662,Corey Bravo,flat,100.0,100000.0,50000.0,1938,0,0.0,93800.0,93800.0,-6200.0
6663,Amoura Cabrera,flat,100.0,100000.0,50000.0,1862,0,0.0,86200.0,86200.0,-13800.0
6664,Cade Hardy,flat,100.0,100000.0,50000.0,2001,0,0.0,100100.0,100100.0,100.0
6665,Jessica Ventura,flat,100.0,100000.0,50000.0,1957,0,0.0,95700.0,95700.0,-4300.0
6666,Branson Rangel,flat,100.0,100000.0,50000.0,1980,0,0.0,98000.0,98000.0,-2000.0
6667,Gloria Moran,flat,100.0,100000.0,50000.0,1879,0,0.0,87900.0,87900.0,-12100.0
6668,Tate Schmidt,flat,100.0,100000.0,50000.0,1965,0,0.0,96500.0,96500.0,-3500.0
6669,Kimberly Cummings,flat,100.0,100000.0,50000.0,2007,0,0.0,100700.0,100700.0,700.0
6670,Raiden O’brien,flat,100.0,100000.0,50000.0,1940,0,0.0,94000.0,94000.0,-6000.0
6671,Joanna Stanton,flat,100.0,100000.0,50000.0,1956,0,0.0,95600.0,95600.0,-4400.0
6672,Zyair Reynolds,flat,100.0,100000.0,50000.0,2017,0,0.0,101700.0,101700.0,1700.0
6673,Isabelle Walls,flat,100.0,100000.0,50000.0,1930,0,0.0,93000.0,93000.0,-7000.0
6674,Larry Graves,flat,100.0,100000.0,50000.0,1951,0,0.0,95100.0,95100.0,-4900.0
6675,Elle Rodgers,flat,100.0,100000.0,50000.0,1923,0,0.0,92300.0,92300.0,-7700.0
6676,Mathias Cantu,flat,100.0,100000.0,50000.0,2012,0,0.0,101200.0,101200.0,1200.0
6677,Galilea Blair,flat,100.0,100000.0,50000.0,2007,0,0.0,100700.0,100700.0,700.0
6678,Troy Choi,flat,100.0,100000.0,50000.0,1811,0,0.0,81100.0,81100.0,-18900.0
6679,Karla Ward,flat,100.0,100000.0,50000.0,1954,0,0.0,95400.0,95400.0,-4600.0
6680,Jameson Reyna,flat,100.0,100000.0,50000.0,1868,0,0.0,86800.0,86800.0,-13200.0
6681,Luella Burke,flat,100.0,100000.0,50000.0,1935,0,0.0,93500.0,93500.0,-6500.0
6682,Jax Sullivan,flat,100.0,100000.0,50000.0,1921,0,0.0,92100.0,92100.0,-7900.0
6683,Melanie Escobar,flat,100.0,100000.0,50000.0,1866,0,0.0,86600.0,86600.0,-13400.0
6684,Zachariah Smith,flat,100.0,100000.0,50000.0,2005,0,0.0,100500.0,100500.0,500.0
6685,Olivia Brooks,flat,100.0,100000.0,50000.0,1976,0,0.0,97600.0,97600.0,-2400.0
6686,Jordan Rosales,flat,100.0,100000.0,50000.0,1932,0,0.0,93200.0,93200.0,-6800.0
6687,Kinley Hamilton,flat,100.0,100000.0,50000.0,1907,0,0.0,90700.0,90700.0,-9300.0
6688,Jason Schmitt,flat,100.0,100000.0,50000.0,1976,0,0.0,97600.0,97600.0,-2400.0
6689,Queen Estes,flat,100.0,100000.0,50000.0,1976,0,0.0,97600.0,97600.0,-2400.0
6690,Hakeem Kerr,flat,100.0,100000.0,50000.0,1988,0,0.0,98800.0,98800.0,-1200.0
6691,Baylee Macias,flat,100.0,100000.0,50000.0,2015,0,0.0,101500.0,101500.0,1500.0
6692,Moshe Cobb,flat,100.0,100000.0,50000.0,1900,0,0.0,90000.0,90000.0,-10000.0
6693,Aviana Wade,flat,100.0,100000.0,50000.0,1939,0,0.0,93900.0,93900.0,-6100.0
6694,Jake Houston,flat,100.0,100000.0,50000.0,1912,0,0.0,91200.0,91200.0,-8800.0
6695,Lylah Vu,flat,100.0,100000.0,50000.0,1912,0,0.0,91200.0,91200.0,-8800.0
6696,Kamdyn Boyd,flat,100.0,100000.0,50000.0,1970,0,0.0,97000.0,97000.0,-3000.0
6697,Georgia Benton,flat,100.0,100000.0,50000.0,1849,0,0.0,84900.0,84900.0,-15100.0
6698,Jamal Edwards,flat,100.0,100000.0,50000.0,1944,0,0.0,94400.0,94400.0,-5600.0
6699,Ivy Mullins,flat,100.0,100000.0,50000.0,1896,0,0.0,89600.0,89600.0,-10400.0
6700,Allen Morrow,flat,100.0,100000.0,50000.0,1956,0,0.0,95600.0,95600.0,-4400.0
6701,Reyna Cano,flat,100.0,100000.0,50000.0,1945,0,0.0,94500.0,94500.0,-5500.0
6702,Terry Nunez,flat,100.0,100000.0,50000.0,1953,0,0.0,95300.0,95300.0,-4700.0
6703,Mya Pace,flat,100.0,100000.0,50000.0,1936,0,0.0,93600.0,93600.0,-6400.0
6704,Dior Johns,flat,100.0,100000.0,50000.0,1914,0,0.0,91400.0,91400.0,-8600.0
6705,Giovanna Burgess,flat,100.0,100000.0,50000.0,2032,0,0.0,103200.0,103200.0,3200.0
6706,Kolton Ball,flat,100.0,100000.0,50000.0,2017,0,0.0,101700.0,101700.0,1700.0
6707,Abby Shaffer,flat,100.0,100000.0,50000.0,1908,0,0.0,90800.0,90800.0,-9200.0
6708,Dexter Gallegos,flat,100.0,100000.0,50000.0,1974,0,0.0,97400.0,97400.0,-2600.0
6709,Ari Clayton,flat,100.0,100000.0,50000.0,1947,0,0.0,94700.0,94700.0,-5300.0
6710,Boston Yoder,flat,100.0,100000.0,50000.0,1935,0,0.0,93500.0,93500.0,-6500.0
6711,Emerie Ellis,flat,100.0,100000.0,50000.0,1968,0,0.0,96800.0,96800.0,-3200.0
6712,Cole Ferguson,flat,100.0,100000.0,50000.0,2012,0,0.0,101200.0,101200.0,1200.0
6713,Juliana Curry,flat,100.0,100000.0,50000.0,2047,0,0.0,104700.0,104700.0,4700.0
6714,Briggs Arnold,flat,100.0,100000.0,50000.0,1916,0,0.0,91600.0,91600.0,-8400.0
6715,Finley Moreno,flat,100.0,100000.0,50000.0,1942,0,0.0,94200.0,94200.0,-5800.0
6716,Myles Calhoun,flat,100.0,100000.0,50000.0,1880,0,0.0,88000.0,88000.0,-12000.0
6717,Thalia Horne,flat,100.0,100000.0,50000.0,1954,0,0.0,95400.0,95400.0,-4600.0
6718,Zev Burke,flat,100.0,100000.0,50000.0,1926,0,0.0,92600.0,92600.0,-7400.0
6719,Vera Schmitt,flat,100.0,100000.0,50000.0,2039,0,0.0,103900.0,103900.0,3900.0
6720,Murphy Gonzales,flat,100.0,100000.0,50000.0,2022,0,0.0,102200.0,102200.0,2200.0
6721,Hadley Novak,flat,100.0,100000.0,50000.0,1882,0,0.0,88200.0,88200.0,-11800.0
6722,Bishop Lindsey,flat,100.0,100000.0,50000.0,1921,0,0.0,92100.0,92100.0,-7900.0
6723,Colette Spears,flat,100.0,100000.0,50000.0,1984,0,0.0,98400.0,98400.0,-1600.0
6724,Ameer Walter,flat,100.0,100000.0,50000.0,1845,0,0.0,84500.0,84500.0,-15500.0
6725,Penny Nichols,flat,100.0,100000.0,50000.0,1989,0,0.0,98900.0,98900.0,-1100.0
6726,Atlas Jennings,flat,100.0,100000.0,50000.0,1962,0,0.0,96200.0,96200.0,-3800.0
6727,Palmer Herring,flat,100.0,100000.0,50000.0,1912,0,0.0,91200.0,91200.0,-8800.0
6728,Henrik McClain,flat,100.0,100000.0,50000.0,1938,0,0.0,93800.0,93800.0,-6200.0
6729,Marleigh Melendez,flat,100.0,100000.0,50000.0,1910,0,0.0,91000.0,91000.0,-9000.0
6730,Nikolas Pace,flat,100.0,100000.0,50000.0,1992,0,0.0,99200.0,99200.0,-800.0
6731,Giana Zimmerman,flat,100.0,100000.0,50000.0,1957,0,0.0,95700.0,95700.0,-4300.0
6732,Sergio Durham,flat,100.0,100000.0,50000.0,2014,0,0.0,101400.0,101400.0,1400.0
6733,Tiffany Rosas,flat,100.0,100000.0,50000.0,1985,0,0.0,98500.0,98500.0,-1500.0
6734,Remi Guerra,flat,100.0,100000.0,50000.0,1957,0,0.0,95700.0,95700.0,-4300.0
6735,Edith Rosas,flat,100.0,100000.0,50000.0,1921,0,0.0,92100.0,92100.0,-7900.0
6736,Remi Burns,flat,100.0,100000.0,50000.0,1914,0,0.0,91400.0,91400.0,-8600.0
6737,Emerson Whitehead,flat,100.0,100000.0,50000.0,1957,0,0.0,95700.0,95700.0,-4300.0
6738,Zayd Lloyd,flat,100.0,100000.0,50000.0,1903,0,0.0,90300.0,90300.0,-9700.0
6739,Emely Atkinson,flat,100.0,100000.0,50000.0,1930,0,0.0,93000.0,93000.0,-7000.0
6740,Duke Lewis,flat,100.0,100000.0,50000.0,1953,0,0.0,95300.0,95300.0,-4700.0
6741,Ellie Peterson,flat,100.0,100000.0,50000.0,1931,0,0.0,93100.0,93100.0,-6900.0
6742,Santiago Bond,flat,100.0,100000.0,50000.0,2001,0,0.0,100100.0,100100.0,100.0
6743,Alena Kerr,flat,100.0,100000.0,50000.0,1909,0,0.0,90900.0,90900.0,-9100.0
6744,Louie Walter,flat,100.0,100000.0,50000.0,1946,0,0.0,94600.0,94600.0,-5400.0
6745,Penny Velasquez,flat,100.0,100000.0,50000.0,1906,0,0.0,90600.0,90600.0,-9400.0
6746,Sullivan Andrade,flat,100.0,100000.0,50000.0,1869,0,0.0,86900.0,86900.0,-13100.0
6747,Emmy Nixon,flat,100.0,100000.0,50000.0,1901,0,0.0,90100.0,90100.0,-9900.0
6748,Cory Simpson,flat,100.0,100000.0,50000.0,1899,0,0.0,89900.0,89900.0,-10100.0
6749,Anastasia McIntyre,flat,100.0,100000.0,50000.0,1954,0,0.0,95400.0,95400.0,-4600.0
6750,Eliseo Rojas,flat,100.0,100000.0,50000.0,1946,0,0.0,94600.0,94600.0,-5400.0
6751,Adaline Parsons,flat,100.0,100000.0,50000.0,1997,0,0.0,99700.0,99700.0,-300.0
6752,Lewis Taylor,flat,100.0,100000.0,50000.0,2022,0,0.0,102200.0,102200.0,2200.0
6753,Sofia Peck,flat,100.0,100000.0,50000.0,1877,0,0.0,87700.0,87700.0,-12300.0
6754,Yousef Reese,flat,100.0,100000.0,50000.0,1833,0,0.0,83300.0,83300.0,-16700.0
6755,Rosemary Doyle,flat,100.0,100000.0,50000.0,1968,0,0.0,96800.0,96800.0,-3200.0
6756,Kashton Boyer,flat,100.0,100000.0,50000.0,1955,0,0.0,95500.0,95500.0,-4500.0
6757,Chaya Shepherd,flat,100.0,100000.0,50000.0,1960,0,0.0,96000.0,96000.0,-4000.0
6758,Ronald Serrano,flat,100.0,100000.0,50000.0,1952,0,0.0,95200.0,95200.0,-4800.0
6759,Allie Benjamin,flat,100.0,100000.0,50000.0,1928,0,0.0,92800.0,92800.0,-7200.0
6760,Kyro Vargas,flat,100.0,100000.0,50000.0,1938,0,0.0,93800.0,93800.0,-6200.0
6761,Andrea Stafford,flat,100.0,100000.0,50000.0,1960,0,0.0,96000.0,96000.0,-4000.0
6762,Alfredo Whitney,flat,100.0,100000.0,50000.0,1974,0,0.0,97400.0,97400.0,-2600.0
6763,Madalynn Rocha,flat,100.0,100000.0,50000.0,2021,0,0.0,102100.0,102100.0,2100.0
6764,Onyx Carpenter,flat,100.0,100000.0,50000.0,1934,0,0.0,93400.0,93400.0,-6600.0
6765,Lilly Buck,flat,100.0,100000.0,50000.0,1920,0,0.0,92000.0,92000.0,-8000.0
6766,Jon Whitney,flat,100.0,100000.0,50000.0,1963,0,0.0,96300.0,96300.0,-3700.0
6767,Madalynn Horton,flat,100.0,100000.0,50000.0,1982,0,0.0,98200.0,98200.0,-1800.0
6768,Garrett Bravo,flat,100.0,100000.0,50000.0,1915,0,0.0,91500.0,91500.0,-8500.0
6769,Amoura Vincent,flat,100.0,100000.0,50000.0,1969,0,0.0,96900.0,96900.0,-3100.0
6770,Aarav Bautista,flat,100.0,100000.0,50000.0,2026,0,0.0,102600.0,102600.0,2600.0
6771,Antonella Berger,flat,100.0,100000.0,50000.0,1959,0,0.0,95900.0,95900.0,-4100.0
6772,Byron Cameron,flat,100.0,100000.0,50000.0,1943,0,0.0,94300.0,94300.0,-5700.0
6773,Julie Noble,flat,100.0,100000.0,50000.0,1912,0,0.0,91200.0,91200.0,-8800.0
6774,Idris Camacho,flat,100.0,100000.0,50000.0,1966,0,0.0,96600.0,96600.0,-3400.0
6775,Armani Ryan,flat,100.0,100000.0,50000.0,1881,0,0.0,88100.0,88100.0,-11900.0
6776,Timothy Butler,flat,100.0,100000.0,50000.0,1984,0,0.0,98400.0,98400.0,-1600.0
6777,Athena Potts,flat,100.0,100000.0,50000.0,1895,0,0.0,89500.0,89500.0,-10500.0
6778,Alfred Strickland,flat,100.0,100000.0,50000.0,1896,0,0.0,89600.0,89600.0,-10400.0
6779,Nia Skinner,flat,100.0,100000.0,50000.0,1897,0,0.0,89700.0,89700.0,-10300.0
6780,Ridge Hendricks,flat,100.0,100000.0,50000.0,1937,0,0.0,93700.0,93700.0,-6300.0
6781,Dani Escobar,flat,100.0,100000.0,50000.0,1899,0,0.0,89900.0,89900.0,-10100.0
6782,Zachariah Washington,flat,100.0,100000.0,50000.0,1858,0,0.0,85800.0,85800.0,-14200.0
6783,Valerie Valenzuela,flat,100.0,100000.0,50000.0,1901,0,0.0,90100.0,90100.0,-9900.0
6784,Jamari Mayo,flat,100.0,100000.0,50000.0,2030,0,0.0,103000.0,103000.0,3000.0
6785,Aarya Collins,flat,100.0,100000.0,50000.0,2008,0,0.0,100800.0,100800.0,800.0
6786,Miles Rodriguez,flat,100.0,100000.0,50000.0,1975,0,0.0,97500.0,97500.0,-2500.0
6787,Evelyn Edwards,flat,100.0,100000.0,50000.0,2005,0,0.0,100500.0,100500.0,500.0
6788,Adrian Lowe,flat,100.0,100000.0,50000.0,1935,0,0.0,93500.0,93500.0,-6500.0
6789,Amari Barajas,flat,100.0,100000.0,50000.0,2001,0,0.0,100100.0,100100.0,100.0
6790,Brennan Waller,flat,100.0,100000.0,50000.0,1917,0,0.0,91700.0,91700.0,-8300.0
6791,Whitley Daugherty,flat,100.0,100000.0,50000.0,1936,0,0.0,93600.0,93600.0,-6400.0
6792,Turner Jarvis,flat,100.0,100000.0,50000.0,1920,0,0.0,92000.0,92000.0,-8000.0
6793,Elisabeth Little,flat,100.0,100000.0,50000.0,1889,0,0.0,88900.0,88900.0,-11100.0
6794,Lennox Berry,flat,100.0,100000.0,50000.0,1935,0,0.0,93500.0,93500.0,-6500.0
6795,Annabelle Maldonado,flat,100.0,100000.0,50000.0,1851,0,0.0,85100.0,85100.0,-14900.0
6796,Javier Colon,flat,100.0,100000.0,50000.0,1965,0,0.0,96500.0,96500.0,-3500.0
6797,Remy Petersen,flat,100.0,100000.0,50000.0,1952,0,0.0,95200.0,95200.0,-4800.0
6798,Samson Pratt,flat,100.0,100000.0,50000.0,1964,0,0.0,96400.0,96400.0,-3600.0
6799,Ailani Bush,flat,100.0,100000.0,50000.0,1952,0,0.0,95200.0,95200.0,-4800.0
6800,Tyson Howard,flat,100.0,100000.0,50000.0,1964,0,0.0,96400.0,96400.0,-3600.0
6801,Sophie Nash,flat,100.0,100000.0,50000.0,1986,0,0.0,98600.0,98600.0,-1400.0
6802,Chandler Davila,flat,100.0,100000.0,50000.0,1927,0,0.0,92700.0,92700.0,-7300.0
6803,Rayne Lowery,flat,100.0,100000.0,50000.0,1925,0,0.0,92500.0,92500.0,-7500.0
6804,Jaxxon Duncan,flat,100.0,100000.0,50000.0,1924,0,0.0,92400.0,92400.0,-7600.0
6805,Elise Fox,flat,100.0,100000.0,50000.0,1943,0,0.0,94300.0,94300.0,-5700.0
6806,Antonio Alfaro,flat,100.0,100000.0,50000.0,1931,0,0.0,93100.0,93100.0,-6900.0
6807,Yasmin Esparza,flat,100.0,100000.0,50000.0,1873,0,0.0,87300.0,87300.0,-12700.0
6808,Carl Meyers,flat,100.0,100000.0,50000.0,1971,0,0.0,97100.0,97100.0,-2900.0
6809,Leyla Schneider,flat,100.0,100000.0,50000.0,1915,0,0.0,91500.0,91500.0,-8500.0
6810,Raymond Holloway,flat,100.0,100000.0,50000.0,1906,0,0.0,90600.0,90600.0,-9400.0
6811,Mae Cunningham,flat,100.0,100000.0,50000.0,1876,0,0.0,87600.0,87600.0,-12400.0
6812,Alejandro McDowell,flat,100.0,100000.0,50000.0,1973,0,0.0,97300.0,97300.0,-2700.0
6813,Rayna Dawson,flat,100.0,100000.0,50000.0,1950,0,0.0,95000.0,95000.0,-5000.0
6814,Iker Shelton,flat,100.0,100000.0,50000.0,1882,0,0.0,88200.0,88200.0,-11800.0
6815,Makenzie Levy,flat,100.0,100000.0,50000.0,1960,0,0.0,96000.0,96000.0,-4000.0
6816,Harold Lindsey,flat,100.0,100000.0,50000.0,1986,0,0.0,98600.0,98600.0,-1400.0
6817,Colette Reese,flat,100.0,100000.0,50000.0,1898,0,0.0,89800.0,89800.0,-10200.0
6818,Alijah Payne,flat,100.0,100000.0,50000.0,1927,0,0.0,92700.0,92700.0,-7300.0
6819,London Ho,flat,100.0,100000.0,50000.0,1934,0,0.0,93400.0,93400.0,-6600.0
6820,Morgan Mathews,flat,100.0,100000.0,50000.0,1955,0,0.0,95500.0,95500.0,-4500.0
6821,Sloan Harrington,flat,100.0,100000.0,50000.0,1865,0,0.0,86500.0,86500.0,-13500.0
6822,Omari McCarty,flat,100.0,100000.0,50000.0,2004,0,0.0,100400.0,100400.0,400.0
6823,Halo Cordova,flat,100.0,100000.0,50000.0,1974,0,0.0,97400.0,97400.0,-2600.0
6824,Vicente Franklin,flat,100.0,100000.0,50000.0,1932,0,0.0,93200.0,93200.0,-6800.0
6825,Angela Solis,flat,100.0,100000.0,50000.0,2017,0,0.0,101700.0,101700.0,1700.0
6826,Ronin Hansen,flat,100.0,100000.0,50000.0,1997,0,0.0,99700.0,99700.0,-300.0
6827,Hope Mason,flat,100.0,100000.0,50000.0,1949,0,0.0,94900.0,94900.0,-5100.0
6828,Brandon French,flat,100.0,100000.0,50000.0,1880,0,0.0,88000.0,88000.0,-12000.0
6829,Lorelai Aguilar,flat,100.0,100000.0,50000.0,1886,0,0.0,88600.0,88600.0,-11400.0
6830,Milo Barrera,flat,100.0,100000.0,50000.0,1953,0,0.0,95300.0,95300.0,-4700.0
6831,Beatrice Felix,flat,100.0,100000.0,50000.0,1988,0,0.0,98800.0,98800.0,-1200.0
6832,Rodney Sanford,flat,100.0,100000.0,50000.0,1930,0,0.0,93000.0,93000.0,-7000.0
6833,Emerald Benjamin,flat,100.0,100000.0,50000.0,1970,0,0.0,97000.0,97000.0,-3000.0
6834,Kyro Watts,flat,100.0,100000.0,50000.0,1917,0,0.0,91700.0,91700.0,-8300.0
6835,Melissa Buckley,flat,100.0,100000.0,50000.0,2047,0,0.0,104700.0,104700.0,4700.0
6836,Aryan Stark,flat,100.0,100000.0,50000.0,1955,0,0.0,95500.0,95500.0,-4500.0
6837,Kamilah Fuller,flat,100.0,100000.0,50000.0,1907,0,0.0,90700.0,90700.0,-9300.0
6838,Andre Simon,flat,100.0,100000.0,50000.0,1928,0,0.0,92800.0,92800.0,-7200.0
6839,Kalani Martinez,flat,100.0,100000.0,50000.0,1924,0,0.0,92400.0,92400.0,-7600.0
6840,Alexander Meza,flat,100.0,100000.0,50000.0,1948,0,0.0,94800.0,94800.0,-5200.0
6841,Rosa Hail,flat,100.0,100000.0,50000.0,1943,0,0.0,94300.0,94300.0,-5700.0
6842,Hector Livingston,flat,100.0,100000.0,50000.0,2033,0,0.0,103300.0,103300.0,3300.0
6843,Milena Lloyd,flat,100.0,100000.0,50000.0,2036,0,0.0,103600.0,103600.0,3600.0
6844,Zaire Valdez,flat,100.0,100000.0,50000.0,2026,0,0.0,102600.0,102600.0,2600.0
6845,Diana Beard,flat,100.0,100000.0,50000.0,1898,0,0.0,89800.0,89800.0,-10200.0
6846,Nathanael Lara,flat,100.0,100000.0,50000.0,1924,0,0.0,92400.0,92400.0,-7600.0
6847,Heidi Gregory,flat,100.0,100000.0,50000.0,1974,0,0.0,97400.0,97400.0,-2600.0
6848,Travis Silva,flat,100.0,100000.0,50000.0,1951,0,0.0,95100.0,95100.0,-4900.0
6849,Lucia Reyes,flat,100.0,100000.0,50000.0,1931,0,0.0,93100.0,93100.0,-6900.0
6850,Eli Avalos,flat,100.0,100000.0,50000.0,2018,0,0.0,101800.0,101800.0,1800.0
6851,Paloma Cuevas,flat,100.0,100000.0,50000.0,2004,0,0.0,100400.0,100400.0,400.0
6852,Brecken Gilmore,flat,100.0,100000.0,50000.0,1931,0,0.0,93100.0,93100.0,-6900.0
6853,Chanel Tran,flat,100.0,100000.0,50000.0,1934,0,0.0,93400.0,93400.0,-6600.0
6854,Braxton Boyle,flat,100.0,100000.0,50000.0,1954,0,0.0,95400.0,95400.0,-4600.0
6855,Aliya Rodgers,flat,100.0,100000.0,50000.0,1941,0,0.0,94100.0,94100.0,-5900.0
6856,Mathias Esparza,flat,100.0,100000.0,50000.0,2013,0,0.0,101300.0,101300.0,1300.0
6857,Ramona Peralta,flat,100.0,100000.0,50000.0,1978,0,0.0,97800.0,97800.0,-2200.0
6858,Dangelo Browning,flat,100.0,100000.0,50000.0,1928,0,0.0,92800.0,92800.0,-7200.0
6859,Princess Lang,flat,100.0,100000.0,50000.0,1972,0,0.0,97200.0,97200.0,-2800.0
6860,Wells Russell,flat,100.0,100000.0,50000.0,1972,0,0.0,97200.0,97200.0,-2800.0
6861,Raelynn Short,flat,100.0,100000.0,50000.0,1977,0,0.0,97700.0,97700.0,-2300.0
6862,Hezekiah Carr,flat,100.0,100000.0,50000.0,1975,0,0.0,97500.0,97500.0,-2500.0
6863,Rowan Atkins,flat,100.0,100000.0,50000.0,1914,0,0.0,91400.0,91400.0,-8600.0
6864,Cason Carroll,flat,100.0,100000.0,50000.0,1898,0,0.0,89800.0,89800.0,-10200.0
6865,Zara Miller,flat,100.0,100000.0,50000.0,1919,0,0.0,91900.0,91900.0,-8100.0
6866,Benjamin Flynn,flat,100.0,100000.0,50000.0,1897,0,0.0,89700.0,89700.0,-10300.0
6867,Dorothy Gentry,flat,100.0,100000.0,50000.0,1859,0,0.0,85900.0,85900.0,-14100.0
6868,Magnus Parsons,flat,100.0,100000.0,50000.0,1908,0,0.0,90800.0,90800.0,-9200.0
6869,Maia Dominguez,flat,100.0,100000.0,50000.0,2003,0,0.0,100300.0,100300.0,300.0
6870,Kaden Person,flat,100.0,100000.0,50000.0,1955,0,0.0,95500.0,95500.0,-4500.0
6871,Dylan Tang,flat,100.0,100000.0,50000.0,1869,0,0.0,86900.0,86900.0,-13100.0
6872,Rogelio Aguirre,flat,100.0,100000.0,50000.0,1968,0,0.0,96800.0,96800.0,-3200.0
6873,Ariah Burnett,flat,100.0,100000.0,50000.0,2026,0,0.0,102600.0,102600.0,2600.0
6874,Davis Duncan,flat,100.0,100000.0,50000.0,1990,0,0.0,99000.0,99000.0,-1000.0
6875,Elise Booth,flat,100.0,100000.0,50000.0,1882,0,0.0,88200.0,88200.0,-11800.0
6876,Chaim Castaneda,flat,100.0,100000.0,50000.0,2004,0,0.0,100400.0,100400.0,400.0
6877,Keira Huber,flat,100.0,100000.0,50000.0,1970,0,0.0,97000.0,97000.0,-3000.0
6878,Mac McCarthy,flat,100.0,100000.0,50000.0,1899,0,0.0,89900.0,89900.0,-10100.0
6879,Kira Conner,flat,100.0,100000.0,50000.0,1961,0,0.0,96100.0,96100.0,-3900.0
6880,Phillip Marin,flat,100.0,100000.0,50000.0,1996,0,0.0,99600.0,99600.0,-400.0
6881,Celia Lin,flat,100.0,100000.0,50000.0,1910,0,0.0,91000.0,91000.0,-9000.0
6882,Conor Le,flat,100.0,100000.0,50000.0,1953,0,0.0,95300.0,95300.0,-4700.0
6883,Myla Yu,flat,100.0,100000.0,50000.0,1981,0,0.0,98100.0,98100.0,-1900.0
6884,Bryant Vasquez,flat,100.0,100000.0,50000.0,1953,0,0.0,95300.0,95300.0,-4700.0
6885,Rose Wheeler,flat,100.0,100000.0,50000.0,1962,0,0.0,96200.0,96200.0,-3800.0
6886,Kenneth Butler,flat,100.0,100000.0,50000.0,1954,0,0.0,95400.0,95400.0,-4600.0
6887,Athena Spence,flat,100.0,100000.0,50000.0,1939,0,0.0,93900.0,93900.0,-6100.0
6888,Cillian Taylor,flat,100.0,100000.0,50000.0,1919,0,0.0,91900.0,91900.0,-8100.0
6889,Sofia Doyle,flat,100.0,100000.0,50000.0,1941,0,0.0,94100.0,94100.0,-5900.0
6890,Kashton McFarland,flat,100.0,100000.0,50000.0,1916,0,0.0,91600.0,91600.0,-8400.0
6891,Annika Bernal,flat,100.0,100000.0,50000.0,1915,0,0.0,91500.0,91500.0,-8500.0
6892,Eithan Meadows,flat,100.0,100000.0,50000.0,1907,0,0.0,90700.0,90700.0,-9300.0
6893,Pearl Valdez,flat,100.0,100000.0,50000.0,1964,0,0.0,96400.0,96400.0,-3600.0
6894,Kyler O’Connell,flat,100.0,100000.0,50000.0,2016,0,0.0,101600.0,101600.0,1600.0
6895,Jillian Frank,flat,100.0,100000.0,50000.0,1998,0,0.0,99800.0,99800.0,-200.0
6896,Braylen Ball,flat,100.0,100000.0,50000.0,2001,0,0.0,100100.0,100100.0,100.0
6897,Abby Holmes,flat,100.0,100000.0,50000.0,1967,0,0.0,96700.0,96700.0,-3300.0
6898,King Rosales,flat,100.0,100000.0,50000.0,1965,0,0.0,96500.0,96500.0,-3500.0
6899,Kinley Yang,flat,100.0,100000.0,50000.0,1975,0,0.0,97500.0,97500.0,-2500.0
6900,Malcolm Boyer,flat,100.0,100000.0,50000.0,1930,0,0.0,93000.0,93000.0,-7000.0
6901,Chaya Soto,flat,100.0,100000.0,50000.0,1912,0,0.0,91200.0,91200.0,-8800.0
6902,Barrett Townsend,flat,100.0,100000.0,50000.0,1843,0,0.0,84300.0,84300.0,-15700.0
6903,Azalea French,flat,100.0,100000.0,50000.0,1884,0,0.0,88400.0,88400.0,-11600.0
6904,Corey Carson,flat,100.0,100000.0,50000.0,1968,0,0.0,96800.0,96800.0,-3200.0
6905,Nalani Vaughn,flat,100.0,100000.0,50000.0,1894,0,0.0,89400.0,89400.0,-10600.0
6906,Remy Meza,flat,100.0,100000.0,50000.0,1952,0,0.0,95200.0,95200.0,-4800.0
6907,Rosa Armstrong,flat,100.0,100000.0,50000.0,1999,0,0.0,99900.0,99900.0,-100.0
6908,Grant Bryan,flat,100.0,100000.0,50000.0,1926,0,0.0,92600.0,92600.0,-7400.0
6909,Meredith Cantrell,flat,100.0,100000.0,50000.0,1979,0,0.0,97900.0,97900.0,-2100.0
6910,Harris Reese,flat,100.0,100000.0,50000.0,1965,0,0.0,96500.0,96500.0,-3500.0
6911,Rosemary Rosales,flat,100.0,100000.0,50000.0,2000,0,0.0,100000.0,100000.0,0.0
6912,Wilder Bailey,flat,100.0,100000.0,50000.0,2003,0,0.0,100300.0,100300.0,300.0
6913,Kennedy Gates,flat,100.0,100000.0,50000.0,1970,0,0.0,97000.0,97000.0,-3000.0
6914,Ermias Gonzales,flat,100.0,100000.0,50000.0,1969,0,0.0,96900.0,96900.0,-3100.0
6915,Hadley Beltran,flat,100.0,100000.0,50000.0,1907,0,0.0,90700.0,90700.0,-9300.0
6916,Ricky Moreno,flat,100.0,100000.0,50000.0,1934,0,0.0,93400.0,93400.0,-6600.0
6917,Mary McCoy,flat,100.0,100000.0,50000.0,1994,0,0.0,99400.0,99400.0,-600.0
6918,Jett Norris,flat,100.0,100000.0,50000.0,1905,0,0.0,90500.0,90500.0,-9500.0
6919,Arielle Chandler,flat,100.0,100000.0,50000.0,2013,0,0.0,101300.0,101300.0,1300.0
6920,Royal Conley,flat,100.0,100000.0,50000.0,1945,0,0.0,94500.0,94500.0,-5500.0
6921,Salem Stuart,flat,100.0,100000.0,50000.0,1968,0,0.0,96800.0,96800.0,-3200.0
6922,Dion Olson,flat,100.0,100000.0,50000.0,1964,0,0.0,96400.0,96400.0,-3600.0
6923,Isabel Hale,flat,100.0,100000.0,50000.0,1978,0,0.0,97800.0,97800.0,-2200.0
6924,Ezequiel Dickerson,flat,100.0,100000.0,50000.0,1877,0,0.0,87700.0,87700.0,-12300.0
6925,Opal Pearson,flat,100.0,100000.0,50000.0,1929,0,0.0,92900.0,92900.0,-7100.0
6926,Gunner Rocha,flat,100.0,100000.0,50000.0,1970,0,0.0,97000.0,97000.0,-3000.0
6927,Emmie Gilbert,flat,100.0,100000.0,50000.0,1969,0,0.0,96900.0,96900.0,-3100.0
6928,Tobias Barr,flat,100.0,100000.0,50000.0,1982,0,0.0,98200.0,98200.0,-1800.0
6929,Noemi Trevino,flat,100.0,100000.0,50000.0,1966,0,0.0,96600.0,96600.0,-3400.0
6930,Jaime Chavez,flat,100.0,100000.0,50000.0,1980,0,0.0,98000.0,98000.0,-2000.0
6931,Nevaeh Beasley,flat,100.0,100000.0,50000.0,2002,0,0.0,100200.0,100200.0,200.0
6932,Stanley Compton,flat,100.0,100000.0,50000.0,2001,0,0.0,100100.0,100100.0,100.0
6933,Elina Simpson,flat,100.0,100000.0,50000.0,1854,0,0.0,85400.0,85400.0,-14600.0
6934,Elliott Hartman,flat,100.0,100000.0,50000.0,1915,0,0.0,91500.0,91500.0,-8500.0
6935,Kennedi Patel,flat,100.0,100000.0,50000.0,2000,0,0.0,100000.0,100000.0,0.0
6936,Parker Hayden,flat,100.0,100000.0,50000.0,1899,0,0.0,89900.0,89900.0,-10100.0
6937,Avayah Atkins,flat,100.0,100000.0,50000.0,1883,0,0.0,88300.0,88300.0,-11700.0
6938,Cason Bowman,flat,100.0,100000.0,50000.0,1934,0,0.0,93400.0,93400.0,-6600.0
6939,Fiona Howell,flat,100.0,100000.0,50000.0,1988,0,0.0,98800.0,98800.0,-1200.0
6940,Bradley Moreno,flat,100.0,100000.0,50000.0,1985,0,0.0,98500.0,98500.0,-1500.0
6941,Mary Shelton,flat,100.0,100000.0,50000.0,1916,0,0.0,91600.0,91600.0,-8400.0
6942,Leonel Hartman,flat,100.0,100000.0,50000.0,1987,0,0.0,98700.0,98700.0,-1300.0
6943,Kennedi Conley,flat,100.0,100000.0,50000.0,1992,0,0.0,99200.0,99200.0,-800.0
6944,Marvin Willis,flat,100.0,100000.0,50000.0,1991,0,0.0,99100.0,99100.0,-900.0
6945,Alexa Bernard,flat,100.0,100000.0,50000.0,1859,0,0.0,85900.0,85900.0,-14100.0
6946,Jair David,flat,100.0,100000.0,50000.0,1957,0,0.0,95700.0,95700.0,-4300.0
6947,Haylee Watkins,flat,100.0,100000.0,50000.0,2009,0,0.0,100900.0,100900.0,900.0
6948,Nash Dickerson,flat,100.0,100000.0,50000.0,1962,0,0.0,96200.0,96200.0,-3800.0
6949,Opal Ball,flat,100.0,100000.0,50000.0,2011,0,0.0,101100.0,101100.0,1100.0
6950,Shane Vaughn,flat,100.0,100000.0,50000.0,1983,0,0.0,98300.0,98300.0,-1700.0
6951,Reign Snow,flat,100.0,100000.0,50000.0,1917,0,0.0,91700.0,91700.0,-8300.0
6952,Houston Pena,flat,100.0,100000.0,50000.0,1951,0,0.0,95100.0,95100.0,-4900.0
6953,Rachel Gill,flat,100.0,100000.0,50000.0,1913,0,0.0,91300.0,91300.0,-8700.0
6954,Matthias Wood,flat,100.0,100000.0,50000.0,1904,0,0.0,90400.0,90400.0,-9600.0
6955,Natalia Holloway,flat,100.0,100000.0,50000.0,1857,0,0.0,85700.0,85700.0,-14300.0
6956,Sutton Keith,flat,100.0,100000.0,50000.0,1943,0,0.0,94300.0,94300.0,-5700.0
6957,Elyse Taylor,flat,100.0,100000.0,50000.0,1961,0,0.0,96100.0,96100.0,-3900.0
6958,Jackson Sanchez,flat,100.0,100000.0,50000.0,1885,0,0.0,88500.0,88500.0,-11500.0
6959,Aria Savage,flat,100.0,100000.0,50000.0,2009,0,0.0,100900.0,100900.0,900.0
6960,Keaton Benitez,flat,100.0,100000.0,50000.0,1890,0,0.0,89000.0,89000.0,-11000.0
6961,Aliza Morales,flat,100.0,100000.0,50000.0,1980,0,0.0,98000.0,98000.0,-2000.0
6962,Aaron Madden,flat,100.0,100000.0,50000.0,1940,0,0.0,94000.0,94000.0,-6000.0
6963,Violette Beck,flat,100.0,100000.0,50000.0,1926,0,0.0,92600.0,92600.0,-7400.0
6964,Eduardo Harrell,flat,100.0,100000.0,50000.0,1953,0,0.0,95300.0,95300.0,-4700.0
6965,Kara Guerrero,flat,100.0,100000.0,50000.0,1950,0,0.0,95000.0,95000.0,-5000.0
6966,Bryce Barker,flat,100.0,100000.0,50000.0,1899,0,0.0,89900.0,89900.0,-10100.0
6967,Remington Stephens,flat,100.0,100000.0,50000.0,1874,0,0.0,87400.0,87400.0,-12600.0
6968,Messiah Peralta,flat,100.0,100000.0,50000.0,2011,0,0.0,101100.0,101100.0,1100.0
6969,Malayah Mathis,flat,100.0,100000.0,50000.0,1958,0,0.0,95800.0,95800.0,-4200.0
6970,Gustavo Arellano,flat,100.0,100000.0,50000.0,1930,0,0.0,93000.0,93000.0,-7000.0
6971,Faye Good,flat,100.0,100000.0,50000.0,1886,0,0.0,88600.0,88600.0,-11400.0
6972,Davian Berg,flat,100.0,100000.0,50000.0,2006,0,0.0,100600.0,100600.0,600.0
6973,Emmalyn Moss,flat,100.0,100000.0,50000.0,1898,0,0.0,89800.0,89800.0,-10200.0
6974,Porter Lee,flat,100.0,100000.0,50000.0,1949,0,0.0,94900.0,94900.0,-5100.0
6975,Scarlett Cabrera,flat,100.0,100000.0,50000.0,1950,0,0.0,95000.0,95000.0,-5000.0
6976,Cade Chandler,flat,100.0,100000.0,50000.0,1969,0,0.0,96900.0,96900.0,-3100.0
6977,Viviana Cunningham,flat,100.0,100000.0,50000.0,1934,0,0.0,93400.0,93400.0,-6600.0
6978,Alejandro Pierce,flat,100.0,100000.0,50000.0,1890,0,0.0,89000.0,89000.0,-11000.0
6979,Arabella Harrison,flat,100.0,100000.0,50000.0,1973,0,0.0,97300.0,97300.0,-2700.0
6980,Gavin Deleon,flat,100.0,100000.0,50000.0,1902,0,0.0,90200.0,90200.0,-9800.0
6981,Gabrielle Snow,flat,100.0,100000.0,50000.0,1944,0,0.0,94400.0,94400.0,-5600.0
6982,Houston Blackwell,flat,100.0,100000.0,50000.0,1954,0,0.0,95400.0,95400.0,-4600.0
6983,Saoirse Owen,flat,100.0,100000.0,50000.0,1956,0,0.0,95600.0,95600.0,-4400.0
6984,Cannon Turner,flat,100.0,100000.0,50000.0,1927,0,0.0,92700.0,92700.0,-7300.0
6985,Brooklyn Hines,flat,100.0,100000.0,50000.0,1911,0,0.0,91100.0,91100.0,-8900.0
6986,Uriel Pineda,flat,100.0,100000.0,50000.0,1972,0,0.0,97200.0,97200.0,-2800.0
6987,Nola Adkins,flat,100.0,100000.0,50000.0,1950,0,0.0,95000.0,95000.0,-5000.0
6988,Kylo Brandt,flat,100.0,100000.0,50000.0,1930,0,0.0,93000.0,93000.0,-7000.0
6989,Loretta Alvarez,flat,100.0,100000.0,50000.0,1967,0,0.0,96700.0,96700.0,-3300.0
6990,Xavier Frye,flat,100.0,100000.0,50000.0,1925,0,0.0,92500.0,92500.0,-7500.0
6991,Raya Guerra,flat,100.0,100000.0,50000.0,1921,0,0.0,92100.0,92100.0,-7900.0
6992,Leland Jimenez,flat,100.0,100000.0,50000.0,1929,0,0.0,92900.0,92900.0,-7100.0
6993,Adeline Arroyo,flat,100.0,100000.0,50000.0,1916,0,0.0,91600.0,91600.0,-8400.0
6994,Alberto Lamb,flat,100.0,100000.0,50000.0,1967,0,0.0,96700.0,96700.0,-3300.0
6995,Amaia Patrick,flat,100.0,100000.0,50000.0,1908,0,0.0,90800.0,90800.0,-9200.0
6996,Derrick Vu,flat,100.0,100000.0,50000.0,1969,0,0.0,96900.0,96900.0,-3100.0
6997,Kimora Frost,flat,100.0,100000.0,50000.0,1880,0,0.0,88000.0,88000.0,-12000.0
6998,Dario Buckley,flat,100.0,100000.0,50000.0,1919,0,0.0,91900.0,91900.0,-8100.0
6999,Theodora Vaughn,flat,100.0,100000.0,50000.0,1952,0,0.0,95200.0,95200.0,-4800.0
7000,Remy Potts,flat,100.0,100000.0,50000.0,1885,0,0.0,88500.0,88500.0,-11500.0
7001,Angelica Walker,flat,100.0,100000.0,50000.0,1894,0,0.0,89400.0,89400.0,-10600.0
7002,Luke Roberts,flat,100.0,100000.0,50000.0,1993,0,0.0,99300.0,99300.0,-700.0
7003,Paisley McGee,flat,100.0,100000.0,50000.0,1952,0,0.0,95200.0,95200.0,-4800.0
7004,Conner Fleming,flat,100.0,100000.0,50000.0,2007,0,0.0,100700.0,100700.0,700.0
7005,Fatima Rosario,flat,100.0,100000.0,50000.0,1975,0,0.0,97500.0,97500.0,-2500.0
7006,Jedidiah Estrada,flat,100.0,100000.0,50000.0,1955,0,0.0,95500.0,95500.0,-4500.0
7007,Sawyer Vaughan,flat,100.0,100000.0,50000.0,1923,0,0.0,92300.0,92300.0,-7700.0
7008,Castiel Cohen,flat,100.0,100000.0,50000.0,1924,0,0.0,92400.0,92400.0,-7600.0
7009,Destiny Wall,flat,100.0,100000.0,50000.0,1892,0,0.0,89200.0,89200.0,-10800.0
7010,Issac Bush,flat,100.0,100000.0,50000.0,1921,0,0.0,92100.0,92100.0,-7900.0
7011,Everlee Peralta,flat,100.0,100000.0,50000.0,1916,0,0.0,91600.0,91600.0,-8400.0
7012,Dangelo Johnson,flat,100.0,100000.0,50000.0,1934,0,0.0,93400.0,93400.0,-6600.0
7013,Emma Baker,flat,100.0,100000.0,50000.0,1977,0,0.0,97700.0,97700.0,-2300.0
7014,Ezra Browning,flat,100.0,100000.0,50000.0,1928,0,0.0,92800.0,92800.0,-7200.0
7015,Princess Hickman,flat,100.0,100000.0,50000.0,1928,0,0.0,92800.0,92800.0,-7200.0
7016,Jakobe Howard,flat,100.0,100000.0,50000.0,1949,0,0.0,94900.0,94900.0,-5100.0
7017,Sophie O’Connell,flat,100.0,100000.0,50000.0,2015,0,0.0,101500.0,101500.0,1500.0
7018,Jovanni French,flat,100.0,100000.0,50000.0,1888,0,0.0,88800.0,88800.0,-11200.0
7019,Lorelai Blanchard,flat,100.0,100000.0,50000.0,1884,0,0.0,88400.0,88400.0,-11600.0
7020,Adler Hickman,flat,100.0,100000.0,50000.0,1933,0,0.0,93300.0,93300.0,-6700.0
7021,Scarlette McKenzie,flat,100.0,100000.0,50000.0,1973,0,0.0,97300.0,97300.0,-2700.0
7022,Scott Haley,flat,100.0,100000.0,50000.0,1981,0,0.0,98100.0,98100.0,-1900.0
7023,Addilynn Sierra,flat,100.0,100000.0,50000.0,1885,0,0.0,88500.0,88500.0,-11500.0
7024,Dayton Medina,flat,100.0,100000.0,50000.0,2009,0,0.0,100900.0,100900.0,900.0
7025,Elliana Glenn,flat,100.0,100000.0,50000.0,1939,0,0.0,93900.0,93900.0,-6100.0
7026,Zaid Velasquez,flat,100.0,100000.0,50000.0,2034,0,0.0,103400.0,103400.0,3400.0
7027,Esme Villalobos,flat,100.0,100000.0,50000.0,2020,0,0.0,102000.0,102000.0,2000.0
7028,Reuben Wood,flat,100.0,100000.0,50000.0,1935,0,0.0,93500.0,93500.0,-6500.0
7029,Natalia Gilbert,flat,100.0,100000.0,50000.0,1848,0,0.0,84800.0,84800.0,-15200.0
7030,Tobias Jackson,flat,100.0,100000.0,50000.0,2019,0,0.0,101900.0,101900.0,1900.0
7031,Avery Montgomery,flat,100.0,100000.0,50000.0,1957,0,0.0,95700.0,95700.0,-4300.0
7032,Maximiliano Trejo,flat,100.0,100000.0,50000.0,1970,0,0.0,97000.0,97000.0,-3000.0
7033,Rosalyn Sandoval,flat,100.0,100000.0,50000.0,2048,0,0.0,104800.0,104800.0,4800.0
7034,Brantley Esquivel,flat,100.0,100000.0,50000.0,1957,0,0.0,95700.0,95700.0,-4300.0
7035,Jaylee Figueroa,flat,100.0,100000.0,50000.0,1902,0,0.0,90200.0,90200.0,-9800.0
7036,Spencer Owen,flat,100.0,100000.0,50000.0,1888,0,0.0,88800.0,88800.0,-11200.0
7037,Mikayla Hudson,flat,100.0,100000.0,50000.0,1950,0,0.0,95000.0,95000.0,-5000.0
7038,Peter Holt,flat,100.0,100000.0,50000.0,1914,0,0.0,91400.0,91400.0,-8600.0
7039,Adelynn Rhodes,flat,100.0,100000.0,50000.0,1914,0,0.0,91400.0,91400.0,-8600.0
7040,Titus Dyer,flat,100.0,100000.0,50000.0,1945,0,0.0,94500.0,94500.0,-5500.0
7041,Estrella Lane,flat,100.0,100000.0,50000.0,1951,0,0.0,95100.0,95100.0,-4900.0
7042,Matias Leal,flat,100.0,100000.0,50000.0,1920,0,0.0,92000.0,92000.0,-8000.0
7043,Murphy Townsend,flat,100.0,100000.0,50000.0,1956,0,0.0,95600.0,95600.0,-4400.0
7044,Alexis McCarthy,flat,100.0,100000.0,50000.0,1937,0,0.0,93700.0,93700.0,-6300.0
7045,Kira Maldonado,flat,100.0,100000.0,50000.0,1945,0,0.0,94500.0,94500.0,-5500.0
7046,Javier Marks,flat,100.0,100000.0,50000.0,1917,0,0.0,91700.0,91700.0,-8300.0
7047,Monica Diaz,flat,100.0,100000.0,50000.0,1998,0,0.0,99800.0,99800.0,-200.0
7048,Nathan Anthony,flat,100.0,100000.0,50000.0,1975,0,0.0,97500.0,97500.0,-2500.0
7049,Macy Burns,flat,100.0,100000.0,50000.0,1906,0,0.0,90600.0,90600.0,-9400.0
7050,August Dickerson,flat,100.0,100000.0,50000.0,1942,0,0.0,94200.0,94200.0,-5800.0
7051,Opal Horton,flat,100.0,100000.0,50000.0,1952,0,0.0,95200.0,95200.0,-4800.0
7052,Garrett Morales,flat,100.0,100000.0,50000.0,1963,0,0.0,96300.0,96300.0,-3700.0
7053,Skylar Houston,flat,100.0,100000.0,50000.0,2009,0,0.0,100900.0,100900.0,900.0
7054,Sylas Hodge,flat,100.0,100000.0,50000.0,1951,0,0.0,95100.0,95100.0,-4900.0
7055,Coraline Porter,flat,100.0,100000.0,50000.0,1855,0,0.0,85500.0,85500.0,-14500.0
7056,Rhett Holloway,flat,100.0,100000.0,50000.0,1935,0,0.0,93500.0,93500.0,-6500.0
7057,Mae Landry,flat,100.0,100000.0,50000.0,1932,0,0.0,93200.0,93200.0,-6800.0
7058,Jaxx Barron,flat,100.0,100000.0,50000.0,1927,0,0.0,92700.0,92700.0,-7300.0
7059,Anya Hahn,flat,100.0,100000.0,50000.0,1874,0,0.0,87400.0,87400.0,-12600.0
7060,Kabir Gaines,flat,100.0,100000.0,50000.0,1971,0,0.0,97100.0,97100.0,-2900.0
7061,Aya Brown,flat,100.0,100000.0,50000.0,1960,0,0.0,96000.0,96000.0,-4000.0
7062,Elijah Peters,flat,100.0,100000.0,50000.0,1967,0,0.0,96700.0,96700.0,-3300.0
7063,Leila Palmer,flat,100.0,100000.0,50000.0,1920,0,0.0,92000.0,92000.0,-8000.0
7064,Theo May,flat,100.0,100000.0,50000.0,1910,0,0.0,91000.0,91000.0,-9000.0
7065,Adriana Hebert,flat,100.0,100000.0,50000.0,1991,0,0.0,99100.0,99100.0,-900.0
7066,Guillermo Galindo,flat,100.0,100000.0,50000.0,1886,0,0.0,88600.0,88600.0,-11400.0
7067,Corinne Anderson,flat,100.0,100000.0,50000.0,2000,0,0.0,100000.0,100000.0,0.0
7068,Jacob Walters,flat,100.0,100000.0,50000.0,1910,0,0.0,91000.0,91000.0,-9000.0
7069,Samara Ashley,flat,100.0,100000.0,50000.0,1947,0,0.0,94700.0,94700.0,-5300.0
7070,Kylen Kirk,flat,100.0,100000.0,50000.0,1941,0,0.0,94100.0,94100.0,-5900.0
7071,Ellis Esparza,flat,100.0,100000.0,50000.0,1877,0,0.0,87700.0,87700.0,-12300.0
7072,Carl Villa,flat,100.0,100000.0,50000.0,1949,0,0.0,94900.0,94900.0,-5100.0
7073,Johanna Henry,flat,100.0,100000.0,50000.0,1928,0,0.0,92800.0,92800.0,-7200.0
7074,Carlos David,flat,100.0,100000.0,50000.0,2002,0,0.0,100200.0,100200.0,200.0
7075,Haylee Hall,flat,100.0,100000.0,50000.0,1999,0,0.0,99900.0,99900.0,-100.0
7076,Thomas Levy,flat,100.0,100000.0,50000.0,1916,0,0.0,91600.0,91600.0,-8400.0
7077,Flora Deleon,flat,100.0,100000.0,50000.0,2001,0,0.0,100100.0,100100.0,100.0
7078,Nasir Pennington,flat,100.0,100000.0,50000.0,1898,0,0.0,89800.0,89800.0,-10200.0
7079,Yareli Mack,flat,100.0,100000.0,50000.0,1939,0,0.0,93900.0,93900.0,-6100.0
7080,Esteban Atkinson,flat,100.0,100000.0,50000.0,2015,0,0.0,101500.0,101500.0,1500.0
7081,Jazmin McCarty,flat,100.0,100000.0,50000.0,1921,0,0.0,92100.0,92100.0,-7900.0
7082,Blaise Rodriguez,flat,100.0,100000.0,50000.0,1898,0,0.0,89800.0,89800.0,-10200.0
7083,Evelyn Coffey,flat,100.0,100000.0,50000.0,2002,0,0.0,100200.0,100200.0,200.0
7084,Kody Estrada,flat,100.0,100000.0,50000.0,1924,0,0.0,92400.0,92400.0,-7600.0
7085,Sawyer Lucas,flat,100.0,100000.0,50000.0,1945,0,0.0,94500.0,94500.0,-5500.0
7086,Chance Michael,flat,100.0,100000.0,50000.0,1933,0,0.0,93300.0,93300.0,-6700.0
7087,Aubriella Washington,flat,100.0,100000.0,50000.0,1987,0,0.0,98700.0,98700.0,-1300.0
7088,Juan Sellers,flat,100.0,100000.0,50000.0,1877,0,0.0,87700.0,87700.0,-12300.0
7089,Mercy Hendrix,flat,100.0,100000.0,50000.0,1982,0,0.0,98200.0,98200.0,-1800.0
7090,Korbyn Proctor,flat,100.0,100000.0,50000.0,1973,0,0.0,97300.0,97300.0,-2700.0
7091,Chandler Morton,flat,100.0,100000.0,50000.0,2028,0,0.0,102800.0,102800.0,2800.0
7092,Roland Cisneros,flat,100.0,100000.0,50000.0,1946,0,0.0,94600.0,94600.0,-5400.0
7093,Janelle Graham,flat,100.0,100000.0,50000.0,1915,0,0.0,91500.0,91500.0,-8500.0
7094,Giovanni Bush,flat,100.0,100000.0,50000.0,2021,0,0.0,102100.0,102100.0,2100.0
7095,Everlee Huerta,flat,100.0,100000.0,50000.0,1906,0,0.0,90600.0,90600.0,-9400.0
7096,Douglas Weiss,flat,100.0,100000.0,50000.0,1907,0,0.0,90700.0,90700.0,-9300.0
7097,Lennox Lloyd,flat,100.0,100000.0,50000.0,1944,0,0.0,94400.0,94400.0,-5600.0
7098,Zaire Greene,flat,100.0,100000.0,50000.0,1961,0,0.0,96100.0,96100.0,-3900.0
7099,Selena Kirby,flat,100.0,100000.0,50000.0,1934,0,0.0,93400.0,93400.0,-6600.0
7100,Tony O’Donnell,flat,100.0,100000.0,50000.0,1957,0,0.0,95700.0,95700.0,-4300.0
7101,Bellamy Wong,flat,100.0,100000.0,50000.0,1931,0,0.0,93100.0,93100.0,-6900.0
7102,Walter Hanna,flat,100.0,100000.0,50000.0,1918,0,0.0,91800.0,91800.0,-8200.0
7103,Cynthia Freeman,flat,100.0,100000.0,50000.0,1905,0,0.0,90500.0,90500.0,-9500.0
7104,Jayce Crawford,flat,100.0,100000.0,50000.0,2025,0,0.0,102500.0,102500.0,2500.0
7105,Aubree Meyer,flat,100.0,100000.0,50000.0,1917,0,0.0,91700.0,91700.0,-8300.0
7106,Tristan Xiong,flat,100.0,100000.0,50000.0,1955,0,0.0,95500.0,95500.0,-4500.0
7107,Amayah Velazquez,flat,100.0,100000.0,50000.0,1935,0,0.0,93500.0,93500.0,-6500.0
7108,Drew Cross,flat,100.0,100000.0,50000.0,1982,0,0.0,98200.0,98200.0,-1800.0
7109,Nayeli Bryant,flat,100.0,100000.0,50000.0,1947,0,0.0,94700.0,94700.0,-5300.0
7110,Jonah Ballard,flat,100.0,100000.0,50000.0,1978,0,0.0,97800.0,97800.0,-2200.0
7111,Alejandra Dudley,flat,100.0,100000.0,50000.0,1962,0,0.0,96200.0,96200.0,-3800.0
7112,Colter Huerta,flat,100.0,100000.0,50000.0,1936,0,0.0,93600.0,93600.0,-6400.0
7113,Dulce Bowers,flat,100.0,100000.0,50000.0,1882,0,0.0,88200.0,88200.0,-11800.0
7114,Dorian Velez,flat,100.0,100000.0,50000.0,1927,0,0.0,92700.0,92700.0,-7300.0
7115,Megan Dickson,flat,100.0,100000.0,50000.0,1953,0,0.0,95300.0,95300.0,-4700.0
7116,Maxton Munoz,flat,100.0,100000.0,50000.0,1870,0,0.0,87000.0,87000.0,-13000.0
7117,Kehlani Wallace,flat,100.0,100000.0,50000.0,1893,0,0.0,89300.0,89300.0,-10700.0
7118,Chase McFarland,flat,100.0,100000.0,50000.0,1978,0,0.0,97800.0,97800.0,-2200.0
7119,Annika Rose,flat,100.0,100000.0,50000.0,1905,0,0.0,90500.0,90500.0,-9500.0
7120,Hayden Calhoun,flat,100.0,100000.0,50000.0,2012,0,0.0,101200.0,101200.0,1200.0
7121,Thalia Hickman,flat,100.0,100000.0,50000.0,2020,0,0.0,102000.0,102000.0,2000.0
7122,Jakobe Villarreal,flat,100.0,100000.0,50000.0,1937,0,0.0,93700.0,93700.0,-6300.0
7123,Jazlyn Massey,flat,100.0,100000.0,50000.0,1860,0,0.0,86000.0,86000.0,-14000.0
7124,Donald Brock,flat,100.0,100000.0,50000.0,1932,0,0.0,93200.0,93200.0,-6800.0
7125,Jada Farmer,flat,100.0,100000.0,50000.0,1982,0,0.0,98200.0,98200.0,-1800.0
7126,Jamison McClure,flat,100.0,100000.0,50000.0,1978,0,0.0,97800.0,97800.0,-2200.0
7127,Estella Duncan,flat,100.0,100000.0,50000.0,1999,0,0.0,99900.0,99900.0,-100.0
7128,Avery Summers,flat,100.0,100000.0,50000.0,1952,0,0.0,95200.0,95200.0,-4800.0
7129,Frankie Patton,flat,100.0,100000.0,50000.0,2011,0,0.0,101100.0,101100.0,1100.0
7130,Moises Stanley,flat,100.0,100000.0,50000.0,1873,0,0.0,87300.0,87300.0,-12700.0
7131,Gracelyn Costa,flat,100.0,100000.0,50000.0,2031,0,0.0,103100.0,103100.0,3100.0
7132,Kenji Lowery,flat,100.0,100000.0,50000.0,1983,0,0.0,98300.0,98300.0,-1700.0
7133,Estelle Kane,flat,100.0,100000.0,50000.0,1963,0,0.0,96300.0,96300.0,-3700.0
7134,Brock Carr,flat,100.0,100000.0,50000.0,1945,0,0.0,94500.0,94500.0,-5500.0
7135,Rowan Hanna,flat,100.0,100000.0,50000.0,1915,0,0.0,91500.0,91500.0,-8500.0
7136,Aydin Houston,flat,100.0,100000.0,50000.0,1906,0,0.0,90600.0,90600.0,-9400.0
7137,Lylah Huber,flat,100.0,100000.0,50000.0,1938,0,0.0,93800.0,93800.0,-6200.0
7138,Mac Hughes,flat,100.0,100000.0,50000.0,1953,0,0.0,95300.0,95300.0,-4700.0
7139,Samantha Dejesus,flat,100.0,100000.0,50000.0,1939,0,0.0,93900.0,93900.0,-6100.0
7140,Rio Felix,flat,100.0,100000.0,50000.0,2002,0,0.0,100200.0,100200.0,200.0
7141,Paisleigh Hahn,flat,100.0,100000.0,50000.0,1931,0,0.0,93100.0,93100.0,-6900.0
7142,Kabir Wang,flat,100.0,100000.0,50000.0,1946,0,0.0,94600.0,94600.0,-5400.0
7143,Kailani Hurley,flat,100.0,100000.0,50000.0,1862,0,0.0,86200.0,86200.0,-13800.0
7144,Van Kline,flat,100.0,100000.0,50000.0,1969,0,0.0,96900.0,96900.0,-3100.0
7145,Sevyn Hoover,flat,100.0,100000.0,50000.0,1920,0,0.0,92000.0,92000.0,-8000.0
7146,Jaziel Lowery,flat,100.0,100000.0,50000.0,1833,0,0.0,83300.0,83300.0,-16700.0
7147,Estelle O’Connor,flat,100.0,100000.0,50000.0,1920,0,0.0,92000.0,92000.0,-8000.0
7148,Princeton Hughes,flat,100.0,100000.0,50000.0,1907,0,0.0,90700.0,90700.0,-9300.0
7149,Samantha Terrell,flat,100.0,100000.0,50000.0,1908,0,0.0,90800.0,90800.0,-9200.0
7150,Jaxen Cox,flat,100.0,100000.0,50000.0,1989,0,0.0,98900.0,98900.0,-1100.0
7151,Sadie McDowell,flat,100.0,100000.0,50000.0,1925,0,0.0,92500.0,92500.0,-7500.0
7152,Lachlan Holmes,flat,100.0,100000.0,50000.0,1893,0,0.0,89300.0,89300.0,-10700.0
7153,Bailey Rojas,flat,100.0,100000.0,50000.0,1971,0,0.0,97100.0,97100.0,-2900.0
7154,Colin Bush,flat,100.0,100000.0,50000.0,1966,0,0.0,96600.0,96600.0,-3400.0
7155,Everlee Willis,flat,100.0,100000.0,50000.0,2013,0,0.0,101300.0,101300.0,1300.0
7156,Remington Douglas,flat,100.0,100000.0,50000.0,1903,0,0.0,90300.0,90300.0,-9700.0
7157,Aniyah Knight,flat,100.0,100000.0,50000.0,1941,0,0.0,94100.0,94100.0,-5900.0
7158,Beckett Farley,flat,100.0,100000.0,50000.0,1923,0,0.0,92300.0,92300.0,-7700.0
7159,Wrenley Johns,flat,100.0,100000.0,50000.0,1950,0,0.0,95000.0,95000.0,-5000.0
7160,Joziah Rasmussen,flat,100.0,100000.0,50000.0,1967,0,0.0,96700.0,96700.0,-3300.0
7161,Esperanza Mills,flat,100.0,100000.0,50000.0,1976,0,0.0,97600.0,97600.0,-2400.0
7162,Alex Vargas,flat,100.0,100000.0,50000.0,1889,0,0.0,88900.0,88900.0,-11100.0
7163,Andrea Walter,flat,100.0,100000.0,50000.0,1896,0,0.0,89600.0,89600.0,-10400.0
7164,Lochlan Ford,flat,100.0,100000.0,50000.0,1868,0,0.0,86800.0,86800.0,-13200.0
7165,Alexandra Clayton,flat,100.0,100000.0,50000.0,1943,0,0.0,94300.0,94300.0,-5700.0
7166,Boston Chandler,flat,100.0,100000.0,50000.0,2013,0,0.0,101300.0,101300.0,1300.0
7167,Viviana Welch,flat,100.0,100000.0,50000.0,1986,0,0.0,98600.0,98600.0,-1400.0
7168,Hendrix Cisneros,flat,100.0,100000.0,50000.0,1995,0,0.0,99500.0,99500.0,-500.0
7169,Janelle Lucero,flat,100.0,100000.0,50000.0,1907,0,0.0,90700.0,90700.0,-9300.0
7170,Felipe Case,flat,100.0,100000.0,50000.0,1899,0,0.0,89900.0,89900.0,-10100.0
7171,Cleo Banks,flat,100.0,100000.0,50000.0,1852,0,0.0,85200.0,85200.0,-14800.0
7172,Martin White,flat,100.0,100000.0,50000.0,1829,0,0.0,82900.0,82900.0,-17100.0
7173,Layla Morse,flat,100.0,100000.0,50000.0,1879,0,0.0,87900.0,87900.0,-12100.0
7174,Bode Weber,flat,100.0,100000.0,50000.0,1877,0,0.0,87700.0,87700.0,-12300.0
7175,Alayah Abbott,flat,100.0,100000.0,50000.0,1954,0,0.0,95400.0,95400.0,-4600.0
7176,Kohen Schroeder,flat,100.0,100000.0,50000.0,1998,0,0.0,99800.0,99800.0,-200.0
7177,Cameron Burgess,flat,100.0,100000.0,50000.0,1946,0,0.0,94600.0,94600.0,-5400.0
7178,Kolton Travis,flat,100.0,100000.0,50000.0,1958,0,0.0,95800.0,95800.0,-4200.0
7179,Mazikee Frazier,flat,100.0,100000.0,50000.0,1916,0,0.0,91600.0,91600.0,-8400.0
7180,Callum Horn,flat,100.0,100000.0,50000.0,2009,0,0.0,100900.0,100900.0,900.0
7181,Avah Knapp,flat,100.0,100000.0,50000.0,1972,0,0.0,97200.0,97200.0,-2800.0
7182,Boden Kim,flat,100.0,100000.0,50000.0,1936,0,0.0,93600.0,93600.0,-6400.0
7183,Gabriella Carson,flat,100.0,100000.0,50000.0,1959,0,0.0,95900.0,95900.0,-4100.0
7184,Ares Wang,flat,100.0,100000.0,50000.0,1951,0,0.0,95100.0,95100.0,-4900.0
7185,Kailani Le,flat,100.0,100000.0,50000.0,1967,0,0.0,96700.0,96700.0,-3300.0
7186,Damien Peralta,flat,100.0,100000.0,50000.0,1934,0,0.0,93400.0,93400.0,-6600.0
7187,Malayah Sellers,flat,100.0,100000.0,50000.0,1937,0,0.0,93700.0,93700.0,-6300.0
7188,Madden Terry,flat,100.0,100000.0,50000.0,1970,0,0.0,97000.0,97000.0,-3000.0
7189,Wren Howe,flat,100.0,100000.0,50000.0,1963,0,0.0,96300.0,96300.0,-3700.0
7190,Alaric Tran,flat,100.0,100000.0,50000.0,1930,0,0.0,93000.0,93000.0,-7000.0
7191,Kylie Jimenez,flat,100.0,100000.0,50000.0,1851,0,0.0,85100.0,85100.0,-14900.0
7192,Silas Wiley,flat,100.0,100000.0,50000.0,1912,0,0.0,91200.0,91200.0,-8800.0
7193,Lauryn Miranda,flat,100.0,100000.0,50000.0,1966,0,0.0,96600.0,96600.0,-3400.0
7194,Rory Ho,flat,100.0,100000.0,50000.0,1905,0,0.0,90500.0,90500.0,-9500.0
7195,Calliope Ross,flat,100.0,100000.0,50000.0,1893,0,0.0,89300.0,89300.0,-10700.0
7196,Wesley McFarland,flat,100.0,100000.0,50000.0,1925,0,0.0,92500.0,92500.0,-7500.0
7197,Annika Gould,flat,100.0,100000.0,50000.0,1887,0,0.0,88700.0,88700.0,-11300.0
7198,Blaine Johns,flat,100.0,100000.0,50000.0,1940,0,0.0,94000.0,94000.0,-6000.0
7199,Giovanna Hayes,flat,100.0,100000.0,50000.0,1978,0,0.0,97800.0,97800.0,-2200.0
7200,Legend Nava,flat,100.0,100000.0,50000.0,1935,0,0.0,93500.0,93500.0,-6500.0
7201,Scout Franco,flat,100.0,100000.0,50000.0,1982,0,0.0,98200.0,98200.0,-1800.0
7202,Gage Bryant,flat,100.0,100000.0,50000.0,1894,0,0.0,89400.0,89400.0,-10600.0
7203,Parker Cantu,flat,100.0,100000.0,50000.0,1914,0,0.0,91400.0,91400.0,-8600.0
7204,Anakin McDaniel,flat,100.0,100000.0,50000.0,1987,0,0.0,98700.0,98700.0,-1300.0
7205,Dahlia Nichols,flat,100.0,100000.0,50000.0,1958,0,0.0,95800.0,95800.0,-4200.0
7206,Atlas Yang,flat,100.0,100000.0,50000.0,1977,0,0.0,97700.0,97700.0,-2300.0
7207,Angelina Bentley,flat,100.0,100000.0,50000.0,1973,0,0.0,97300.0,97300.0,-2700.0
7208,Randy Davidson,flat,100.0,100000.0,50000.0,1998,0,0.0,99800.0,99800.0,-200.0
7209,Jayla Schmidt,flat,100.0,100000.0,50000.0,1992,0,0.0,99200.0,99200.0,-800.0
7210,Zayden Hancock,flat,100.0,100000.0,50000.0,1974,0,0.0,97400.0,97400.0,-2600.0
7211,Katelyn Parks,flat,100.0,100000.0,50000.0,1920,0,0.0,92000.0,92000.0,-8000.0
7212,Gianni Bryant,flat,100.0,100000.0,50000.0,1982,0,0.0,98200.0,98200.0,-1800.0
7213,Parker Herring,flat,100.0,100000.0,50000.0,1943,0,0.0,94300.0,94300.0,-5700.0
7214,Henrik Dudley,flat,100.0,100000.0,50000.0,1898,0,0.0,89800.0,89800.0,-10200.0
7215,Hadleigh Lang,flat,100.0,100000.0,50000.0,1917,0,0.0,91700.0,91700.0,-8300.0
7216,Wells Reed,flat,100.0,100000.0,50000.0,2028,0,0.0,102800.0,102800.0,2800.0
7217,Valentina Melendez,flat,100.0,100000.0,50000.0,1978,0,0.0,97800.0,97800.0,-2200.0
7218,Nikolas Hamilton,flat,100.0,100000.0,50000.0,1953,0,0.0,95300.0,95300.0,-4700.0
7219,Mackenzie Beard,flat,100.0,100000.0,50000.0,1914,0,0.0,91400.0,91400.0,-8600.0
7220,Nathanael Shelton,flat,100.0,100000.0,50000.0,1915,0,0.0,91500.0,91500.0,-8500.0
7221,Makenzie Mercado,flat,100.0,100000.0,50000.0,1922,0,0.0,92200.0,92200.0,-7800.0
7222,Abram McCormick,flat,100.0,100000.0,50000.0,1980,0,0.0,98000.0,98000.0,-2000.0
7223,Macie Hensley,flat,100.0,100000.0,50000.0,1935,0,0.0,93500.0,93500.0,-6500.0
7224,Layne Hensley,flat,100.0,100000.0,50000.0,1957,0,0.0,95700.0,95700.0,-4300.0
7225,Malaya Bryan,flat,100.0,100000.0,50000.0,2020,0,0.0,102000.0,102000.0,2000.0
7226,Jaxtyn Shepard,flat,100.0,100000.0,50000.0,1976,0,0.0,97600.0,97600.0,-2400.0
7227,Noor Contreras,flat,100.0,100000.0,50000.0,1913,0,0.0,91300.0,91300.0,-8700.0
7228,Emilio Ahmed,flat,100.0,100000.0,50000.0,1966,0,0.0,96600.0,96600.0,-3400.0
7229,Jolie Leal,flat,100.0,100000.0,50000.0,1966,0,0.0,96600.0,96600.0,-3400.0
7230,Cedric Sherman,flat,100.0,100000.0,50000.0,1919,0,0.0,91900.0,91900.0,-8100.0
7231,Addilyn Sosa,flat,100.0,100000.0,50000.0,1968,0,0.0,96800.0,96800.0,-3200.0
7232,Emir Yu,flat,100.0,100000.0,50000.0,1961,0,0.0,96100.0,96100.0,-3900.0
7233,Navy Newman,flat,100.0,100000.0,50000.0,1990,0,0.0,99000.0,99000.0,-1000.0
7234,Anderson Waters,flat,100.0,100000.0,50000.0,1911,0,0.0,91100.0,91100.0,-8900.0
7235,Bristol McCoy,flat,100.0,100000.0,50000.0,1936,0,0.0,93600.0,93600.0,-6400.0
7236,Jett Rich,flat,100.0,100000.0,50000.0,2013,0,0.0,101300.0,101300.0,1300.0
7237,Sunny Dominguez,flat,100.0,100000.0,50000.0,1977,0,0.0,97700.0,97700.0,-2300.0
7238,Kaden Barrera,flat,100.0,100000.0,50000.0,2016,0,0.0,101600.0,101600.0,1600.0
7239,Beatrice McCoy,flat,100.0,100000.0,50000.0,1945,0,0.0,94500.0,94500.0,-5500.0
7240,Jett Morse,flat,100.0,100000.0,50000.0,1891,0,0.0,89100.0,89100.0,-10900.0
7241,Kairi Craig,flat,100.0,100000.0,50000.0,1960,0,0.0,96000.0,96000.0,-4000.0
7242,Odin Ashley,flat,100.0,100000.0,50000.0,1975,0,0.0,97500.0,97500.0,-2500.0
7243,Khalani Hammond,flat,100.0,100000.0,50000.0,1938,0,0.0,93800.0,93800.0,-6200.0
7244,Francis Ramirez,flat,100.0,100000.0,50000.0,1879,0,0.0,87900.0,87900.0,-12100.0
7245,Grace Kane,flat,100.0,100000.0,50000.0,1963,0,0.0,96300.0,96300.0,-3700.0
7246,Brock Richards,flat,100.0,100000.0,50000.0,1920,0,0.0,92000.0,92000.0,-8000.0
7247,Trinity Hicks,flat,100.0,100000.0,50000.0,1954,0,0.0,95400.0,95400.0,-4600.0
7248,Maddox Maddox,flat,100.0,100000.0,50000.0,1901,0,0.0,90100.0,90100.0,-9900.0
7249,Zainab Carroll,flat,100.0,100000.0,50000.0,1874,0,0.0,87400.0,87400.0,-12600.0
7250,Oscar Brock,flat,100.0,100000.0,50000.0,1981,0,0.0,98100.0,98100.0,-1900.0
7251,Jada Lawson,flat,100.0,100000.0,50000.0,2006,0,0.0,100600.0,100600.0,600.0
7252,Lane Crane,flat,100.0,100000.0,50000.0,1930,0,0.0,93000.0,93000.0,-7000.0
7253,Della Cobb,flat,100.0,100000.0,50000.0,1905,0,0.0,90500.0,90500.0,-9500.0
7254,Raphael Mosley,flat,100.0,100000.0,50000.0,1979,0,0.0,97900.0,97900.0,-2100.0
7255,Zaniyah McCann,flat,100.0,100000.0,50000.0,1912,0,0.0,91200.0,91200.0,-8800.0
7256,Heath Kemp,flat,100.0,100000.0,50000.0,1922,0,0.0,92200.0,92200.0,-7800.0
7257,Anika Dorsey,flat,100.0,100000.0,50000.0,1973,0,0.0,97300.0,97300.0,-2700.0
7258,Enoch Oliver,flat,100.0,100000.0,50000.0,1937,0,0.0,93700.0,93700.0,-6300.0
7259,Camille Perkins,flat,100.0,100000.0,50000.0,1901,0,0.0,90100.0,90100.0,-9900.0
7260,Kyrie Stanley,flat,100.0,100000.0,50000.0,1980,0,0.0,98000.0,98000.0,-2000.0
7261,Gracelyn Christian,flat,100.0,100000.0,50000.0,1971,0,0.0,97100.0,97100.0,-2900.0
7262,Ledger Rodgers,flat,100.0,100000.0,50000.0,1975,0,0.0,97500.0,97500.0,-2500.0
7263,Selah Guerrero,flat,100.0,100000.0,50000.0,1985,0,0.0,98500.0,98500.0,-1500.0
7264,Bryce Barry,flat,100.0,100000.0,50000.0,1968,0,0.0,96800.0,96800.0,-3200.0
7265,Waverly Walker,flat,100.0,100000.0,50000.0,1941,0,0.0,94100.0,94100.0,-5900.0
7266,Luke Elliott,flat,100.0,100000.0,50000.0,1992,0,0.0,99200.0,99200.0,-800.0
7267,Noelle Guevara,flat,100.0,100000.0,50000.0,1978,0,0.0,97800.0,97800.0,-2200.0
7268,Tommy Hester,flat,100.0,100000.0,50000.0,1968,0,0.0,96800.0,96800.0,-3200.0
7269,Zendaya Davidson,flat,100.0,100000.0,50000.0,1964,0,0.0,96400.0,96400.0,-3600.0
7270,Dante Burnett,flat,100.0,100000.0,50000.0,1928,0,0.0,92800.0,92800.0,-7200.0
7271,Emberly Wolfe,flat,100.0,100000.0,50000.0,1929,0,0.0,92900.0,92900.0,-7100.0
7272,Donovan Beck,flat,100.0,100000.0,50000.0,1912,0,0.0,91200.0,91200.0,-8800.0
7273,Gia McLean,flat,100.0,100000.0,50000.0,1984,0,0.0,98400.0,98400.0,-1600.0
7274,Crosby Ramsey,flat,100.0,100000.0,50000.0,1946,0,0.0,94600.0,94600.0,-5400.0
7275,Lyric Brewer,flat,100.0,100000.0,50000.0,1926,0,0.0,92600.0,92600.0,-7400.0
7276,Cruz Wood,flat,100.0,100000.0,50000.0,1924,0,0.0,92400.0,92400.0,-7600.0
7277,Natalia Rocha,flat,100.0,100000.0,50000.0,1979,0,0.0,97900.0,97900.0,-2100.0
7278,Onyx Fischer,flat,100.0,100000.0,50000.0,2009,0,0.0,100900.0,100900.0,900.0
7279,Maci Vincent,flat,100.0,100000.0,50000.0,1966,0,0.0,96600.0,96600.0,-3400.0
7280,Aarav Wiggins,flat,100.0,100000.0,50000.0,1937,0,0.0,93700.0,93700.0,-6300.0
7281,Capri Calhoun,flat,100.0,100000.0,50000.0,1943,0,0.0,94300.0,94300.0,-5700.0
7282,Gary Terry,flat,100.0,100000.0,50000.0,1957,0,0.0,95700.0,95700.0,-4300.0
7283,Wren Phelps,flat,100.0,100000.0,50000.0,1969,0,0.0,96900.0,96900.0,-3100.0
7284,Hamza Benitez,flat,100.0,100000.0,50000.0,1915,0,0.0,91500.0,91500.0,-8500.0
7285,Aliza Cantu,flat,100.0,100000.0,50000.0,1860,0,0.0,86000.0,86000.0,-14000.0
7286,Anakin Allison,flat,100.0,100000.0,50000.0,2016,0,0.0,101600.0,101600.0,1600.0
7287,Chelsea Wyatt,flat,100.0,100000.0,50000.0,2024,0,0.0,102400.0,102400.0,2400.0
7288,Sam Cain,flat,100.0,100000.0,50000.0,1958,0,0.0,95800.0,95800.0,-4200.0
7289,Kendra Mahoney,flat,100.0,100000.0,50000.0,1923,0,0.0,92300.0,92300.0,-7700.0
7290,Kamryn Vaughn,flat,100.0,100000.0,50000.0,1936,0,0.0,93600.0,93600.0,-6400.0
7291,Reign Barnett,flat,100.0,100000.0,50000.0,1946,0,0.0,94600.0,94600.0,-5400.0
7292,Stephen Navarro,flat,100.0,100000.0,50000.0,2008,0,0.0,100800.0,100800.0,800.0
7293,Winter Macdonald,flat,100.0,100000.0,50000.0,1979,0,0.0,97900.0,97900.0,-2100.0
7294,Hugh Macias,flat,100.0,100000.0,50000.0,1986,0,0.0,98600.0,98600.0,-1400.0
7295,Adley Valencia,flat,100.0,100000.0,50000.0,1983,0,0.0,98300.0,98300.0,-1700.0
7296,Dax Andrade,flat,100.0,100000.0,50000.0,1947,0,0.0,94700.0,94700.0,-5300.0
7297,Emmy McDaniel,flat,100.0,100000.0,50000.0,1925,0,0.0,92500.0,92500.0,-7500.0
7298,Major Preston,flat,100.0,100000.0,50000.0,1882,0,0.0,88200.0,88200.0,-11800.0
7299,Indie Powers,flat,100.0,100000.0,50000.0,1931,0,0.0,93100.0,93100.0,-6900.0
7300,Sean Harmon,flat,100.0,100000.0,50000.0,1917,0,0.0,91700.0,91700.0,-8300.0
7301,Maren Walsh,flat,100.0,100000.0,50000.0,2000,0,0.0,100000.0,100000.0,0.0
7302,Bodhi Ortiz,flat,100.0,100000.0,50000.0,1899,0,0.0,89900.0,89900.0,-10100.0
7303,Anna Castaneda,flat,100.0,100000.0,50000.0,1906,0,0.0,90600.0,90600.0,-9400.0
7304,Collin Peralta,flat,100.0,100000.0,50000.0,1934,0,0.0,93400.0,93400.0,-6600.0
7305,Malayah Fischer,flat,100.0,100000.0,50000.0,1930,0,0.0,93000.0,93000.0,-7000.0
7306,Leonidas Rogers,flat,100.0,100000.0,50000.0,1977,0,0.0,97700.0,97700.0,-2300.0
7307,Madelyn Henson,flat,100.0,100000.0,50000.0,1980,0,0.0,98000.0,98000.0,-2000.0
7308,Bellamy Jenkins,flat,100.0,100000.0,50000.0,1957,0,0.0,95700.0,95700.0,-4300.0
7309,Rylee Cain,flat,100.0,100000.0,50000.0,1953,0,0.0,95300.0,95300.0,-4700.0
7310,Benson Shaw,flat,100.0,100000.0,50000.0,1963,0,0.0,96300.0,96300.0,-3700.0
7311,Emersyn Martinez,flat,100.0,100000.0,50000.0,1859,0,0.0,85900.0,85900.0,-14100.0
7312,Alexander Hall,flat,100.0,100000.0,50000.0,1936,0,0.0,93600.0,93600.0,-6400.0
7313,Leah Harrison,flat,100.0,100000.0,50000.0,1975,0,0.0,97500.0,97500.0,-2500.0
7314,Gavin Cervantes,flat,100.0,100000.0,50000.0,1910,0,0.0,91000.0,91000.0,-9000.0
7315,Aylin Juarez,flat,100.0,100000.0,50000.0,1957,0,0.0,95700.0,95700.0,-4300.0
7316,Joaquin Huynh,flat,100.0,100000.0,50000.0,1940,0,0.0,94000.0,94000.0,-6000.0
7317,Oaklee Newton,flat,100.0,100000.0,50000.0,1906,0,0.0,90600.0,90600.0,-9400.0
7318,Santino Phelps,flat,100.0,100000.0,50000.0,2053,0,0.0,105300.0,105300.0,5300.0
7319,Laney Bullock,flat,100.0,100000.0,50000.0,1907,0,0.0,90700.0,90700.0,-9300.0
7320,Ben Gallegos,flat,100.0,100000.0,50000.0,1949,0,0.0,94900.0,94900.0,-5100.0
7321,Ari Moses,flat,100.0,100000.0,50000.0,1970,0,0.0,97000.0,97000.0,-3000.0
7322,Niklaus McCann,flat,100.0,100000.0,50000.0,2026,0,0.0,102600.0,102600.0,2600.0
7323,Joyce Adkins,flat,100.0,100000.0,50000.0,1959,0,0.0,95900.0,95900.0,-4100.0
7324,Kylo Hurley,flat,100.0,100000.0,50000.0,1935,0,0.0,93500.0,93500.0,-6500.0
7325,Rylan Ray,flat,100.0,100000.0,50000.0,1979,0,0.0,97900.0,97900.0,-2100.0
7326,Arlo Dalton,flat,100.0,100000.0,50000.0,1919,0,0.0,91900.0,91900.0,-8100.0
7327,Lilian Hardin,flat,100.0,100000.0,50000.0,1875,0,0.0,87500.0,87500.0,-12500.0
7328,Hassan Lowe,flat,100.0,100000.0,50000.0,1936,0,0.0,93600.0,93600.0,-6400.0
7329,Amari Webb,flat,100.0,100000.0,50000.0,1887,0,0.0,88700.0,88700.0,-11300.0
7330,Lorenzo Wilcox,flat,100.0,100000.0,50000.0,1986,0,0.0,98600.0,98600.0,-1400.0
7331,Ashlyn Bentley,flat,100.0,100000.0,50000.0,1974,0,0.0,97400.0,97400.0,-2600.0
7332,Randy McCarty,flat,100.0,100000.0,50000.0,1950,0,0.0,95000.0,95000.0,-5000.0
7333,Halo Aguilar,flat,100.0,100000.0,50000.0,1989,0,0.0,98900.0,98900.0,-1100.0
7334,Milo Pena,flat,100.0,100000.0,50000.0,1872,0,0.0,87200.0,87200.0,-12800.0
7335,Rachel Zavala,flat,100.0,100000.0,50000.0,1920,0,0.0,92000.0,92000.0,-8000.0
7336,Dillon Romero,flat,100.0,100000.0,50000.0,1995,0,0.0,99500.0,99500.0,-500.0
7337,Eliza Peterson,flat,100.0,100000.0,50000.0,1913,0,0.0,91300.0,91300.0,-8700.0
7338,Santiago Andrews,flat,100.0,100000.0,50000.0,1933,0,0.0,93300.0,93300.0,-6700.0
7339,Payton Vance,flat,100.0,100000.0,50000.0,1937,0,0.0,93700.0,93700.0,-6300.0
7340,Casen Aguirre,flat,100.0,100000.0,50000.0,1964,0,0.0,96400.0,96400.0,-3600.0
7341,Ariah Gordon,flat,100.0,100000.0,50000.0,1932,0,0.0,93200.0,93200.0,-6800.0
7342,Karter Rogers,flat,100.0,100000.0,50000.0,1974,0,0.0,97400.0,97400.0,-2600.0
7343,Madelyn Berry,flat,100.0,100000.0,50000.0,1975,0,0.0,97500.0,97500.0,-2500.0
7344,Adonis Carter,flat,100.0,100000.0,50000.0,1969,0,0.0,96900.0,96900.0,-3100.0
7345,Lucy Harper,flat,100.0,100000.0,50000.0,1911,0,0.0,91100.0,91100.0,-8900.0
7346,Hayes Andrade,flat,100.0,100000.0,50000.0,1971,0,0.0,97100.0,97100.0,-2900.0
7347,Emmy Lewis,flat,100.0,100000.0,50000.0,2021,0,0.0,102100.0,102100.0,2100.0
7348,Wyatt Miller,flat,100.0,100000.0,50000.0,1953,0,0.0,95300.0,95300.0,-4700.0
7349,Isabella Martin,flat,100.0,100000.0,50000.0,1906,0,0.0,90600.0,90600.0,-9400.0
7350,Mateo Leon,flat,100.0,100000.0,50000.0,1998,0,0.0,99800.0,99800.0,-200.0
7351,Amora Gill,flat,100.0,100000.0,50000.0,1907,0,0.0,90700.0,90700.0,-9300.0
7352,Matthias Howe,flat,100.0,100000.0,50000.0,1922,0,0.0,92200.0,92200.0,-7800.0
7353,Persephone Byrd,flat,100.0,100000.0,50000.0,1908,0,0.0,90800.0,90800.0,-9200.0
7354,Cristian O’Connor,flat,100.0,100000.0,50000.0,1948,0,0.0,94800.0,94800.0,-5200.0
7355,Charli Hansen,flat,100.0,100000.0,50000.0,1905,0,0.0,90500.0,90500.0,-9500.0
7356,Charlie Holt,flat,100.0,100000.0,50000.0,1906,0,0.0,90600.0,90600.0,-9400.0
7357,Adelynn Zimmerman,flat,100.0,100000.0,50000.0,1942,0,0.0,94200.0,94200.0,-5800.0
7358,Sergio Kane,flat,100.0,100000.0,50000.0,1974,0,0.0,97400.0,97400.0,-2600.0
7359,Ellianna Barry,flat,100.0,100000.0,50000.0,1960,0,0.0,96000.0,96000.0,-4000.0
7360,Emery Woodard,flat,100.0,100000.0,50000.0,1988,0,0.0,98800.0,98800.0,-1200.0
7361,Aubrie Madden,flat,100.0,100000.0,50000.0,1916,0,0.0,91600.0,91600.0,-8400.0
7362,Everest Galindo,flat,100.0,100000.0,50000.0,1937,0,0.0,93700.0,93700.0,-6300.0
7363,Corinne Stevenson,flat,100.0,100000.0,50000.0,1893,0,0.0,89300.0,89300.0,-10700.0
7364,Callan Love,flat,100.0,100000.0,50000.0,1979,0,0.0,97900.0,97900.0,-2100.0
7365,Avianna Montes,flat,100.0,100000.0,50000.0,1942,0,0.0,94200.0,94200.0,-5800.0
7366,Darren Meadows,flat,100.0,100000.0,50000.0,1934,0,0.0,93400.0,93400.0,-6600.0
7367,Pearl Barker,flat,100.0,100000.0,50000.0,1953,0,0.0,95300.0,95300.0,-4700.0
7368,Kade Chavez,flat,100.0,100000.0,50000.0,1956,0,0.0,95600.0,95600.0,-4400.0
7369,Nevaeh Weeks,flat,100.0,100000.0,50000.0,1943,0,0.0,94300.0,94300.0,-5700.0
7370,Anders Bernal,flat,100.0,100000.0,50000.0,1929,0,0.0,92900.0,92900.0,-7100.0
7371,Emmeline Goodwin,flat,100.0,100000.0,50000.0,1915,0,0.0,91500.0,91500.0,-8500.0
7372,Kaison Bartlett,flat,100.0,100000.0,50000.0,1980,0,0.0,98000.0,98000.0,-2000.0
7373,Aubrielle Case,flat,100.0,100000.0,50000.0,1942,0,0.0,94200.0,94200.0,-5800.0
7374,Bentlee Huerta,flat,100.0,100000.0,50000.0,1971,0,0.0,97100.0,97100.0,-2900.0
7375,Dulce Medrano,flat,100.0,100000.0,50000.0,1956,0,0.0,95600.0,95600.0,-4400.0
7376,Arian Galvan,flat,100.0,100000.0,50000.0,1907,0,0.0,90700.0,90700.0,-9300.0
7377,Dallas Poole,flat,100.0,100000.0,50000.0,1947,0,0.0,94700.0,94700.0,-5300.0
7378,Quincy Reilly,flat,100.0,100000.0,50000.0,1973,0,0.0,97300.0,97300.0,-2700.0
7379,Tori Moreno,flat,100.0,100000.0,50000.0,1974,0,0.0,97400.0,97400.0,-2600.0
7380,Myles Velasquez,flat,100.0,100000.0,50000.0,1926,0,0.0,92600.0,92600.0,-7400.0
7381,Esme Salgado,flat,100.0,100000.0,50000.0,1968,0,0.0,96800.0,96800.0,-3200.0
7382,Trace Marshall,flat,100.0,100000.0,50000.0,1956,0,0.0,95600.0,95600.0,-4400.0
7383,Adalyn Harrell,flat,100.0,100000.0,50000.0,1887,0,0.0,88700.0,88700.0,-11300.0
7384,Nelson Small,flat,100.0,100000.0,50000.0,1921,0,0.0,92100.0,92100.0,-7900.0
7385,Zaria Tanner,flat,100.0,100000.0,50000.0,1920,0,0.0,92000.0,92000.0,-8000.0
7386,Bruno Boyd,flat,100.0,100000.0,50000.0,1981,0,0.0,98100.0,98100.0,-1900.0
7387,Georgia Wallace,flat,100.0,100000.0,50000.0,1836,0,0.0,83600.0,83600.0,-16400.0
7388,Chase Randolph,flat,100.0,100000.0,50000.0,1981,0,0.0,98100.0,98100.0,-1900.0
7389,Kailey Wells,flat,100.0,100000.0,50000.0,1944,0,0.0,94400.0,94400.0,-5600.0
7390,Max Carey,flat,100.0,100000.0,50000.0,1904,0,0.0,90400.0,90400.0,-9600.0
7391,Alora Terrell,flat,100.0,100000.0,50000.0,2025,0,0.0,102500.0,102500.0,2500.0
7392,Jaxen Travis,flat,100.0,100000.0,50000.0,1981,0,0.0,98100.0,98100.0,-1900.0
7393,Mazikee Tang,flat,100.0,100000.0,50000.0,1920,0,0.0,92000.0,92000.0,-8000.0
7394,Rogelio Corona,flat,100.0,100000.0,50000.0,1885,0,0.0,88500.0,88500.0,-11500.0
7395,Marianna Henderson,flat,100.0,100000.0,50000.0,1845,0,0.0,84500.0,84500.0,-15500.0
7396,Beau Carroll,flat,100.0,100000.0,50000.0,2001,0,0.0,100100.0,100100.0,100.0
7397,Zara Chase,flat,100.0,100000.0,50000.0,1951,0,0.0,95100.0,95100.0,-4900.0
7398,Otis Cisneros,flat,100.0,100000.0,50000.0,1941,0,0.0,94100.0,94100.0,-5900.0
7399,Janelle Callahan,flat,100.0,100000.0,50000.0,1991,0,0.0,99100.0,99100.0,-900.0
7400,Quinton Waller,flat,100.0,100000.0,50000.0,1958,0,0.0,95800.0,95800.0,-4200.0
7401,Whitley Lindsey,flat,100.0,100000.0,50000.0,1951,0,0.0,95100.0,95100.0,-4900.0
7402,Jayson Bass,flat,100.0,100000.0,50000.0,1965,0,0.0,96500.0,96500.0,-3500.0
7403,Zahra Dawson,flat,100.0,100000.0,50000.0,1888,0,0.0,88800.0,88800.0,-11200.0
7404,Iker Dawson,flat,100.0,100000.0,50000.0,1974,0,0.0,97400.0,97400.0,-2600.0
7405,Veronica Raymond,flat,100.0,100000.0,50000.0,1961,0,0.0,96100.0,96100.0,-3900.0
7406,Maurice Sampson,flat,100.0,100000.0,50000.0,1968,0,0.0,96800.0,96800.0,-3200.0
7407,Meilani Erickson,flat,100.0,100000.0,50000.0,1943,0,0.0,94300.0,94300.0,-5700.0
7408,Johnny Kelly,flat,100.0,100000.0,50000.0,1892,0,0.0,89200.0,89200.0,-10800.0
7409,Ruby Weaver,flat,100.0,100000.0,50000.0,1950,0,0.0,95000.0,95000.0,-5000.0
7410,Tucker Medrano,flat,100.0,100000.0,50000.0,1895,0,0.0,89500.0,89500.0,-10500.0
7411,Halle Wolf,flat,100.0,100000.0,50000.0,1875,0,0.0,87500.0,87500.0,-12500.0
7412,Jase Maldonado,flat,100.0,100000.0,50000.0,1877,0,0.0,87700.0,87700.0,-12300.0
7413,Elaina Roberson,flat,100.0,100000.0,50000.0,1900,0,0.0,90000.0,90000.0,-10000.0
7414,Shepherd Macdonald,flat,100.0,100000.0,50000.0,1978,0,0.0,97800.0,97800.0,-2200.0
7415,Rosalia Cox,flat,100.0,100000.0,50000.0,1900,0,0.0,90000.0,90000.0,-10000.0
7416,Connor Hawkins,flat,100.0,100000.0,50000.0,1999,0,0.0,99900.0,99900.0,-100.0
7417,Ariel Watson,flat,100.0,100000.0,50000.0,1905,0,0.0,90500.0,90500.0,-9500.0
7418,Greyson Hernandez,flat,100.0,100000.0,50000.0,1996,0,0.0,99600.0,99600.0,-400.0
7419,Camila Charles,flat,100.0,100000.0,50000.0,1957,0,0.0,95700.0,95700.0,-4300.0
7420,Conrad Maldonado,flat,100.0,100000.0,50000.0,1999,0,0.0,99900.0,99900.0,-100.0
7421,Elaina Perry,flat,100.0,100000.0,50000.0,1932,0,0.0,93200.0,93200.0,-6800.0
7422,Waylon Huynh,flat,100.0,100000.0,50000.0,1969,0,0.0,96900.0,96900.0,-3100.0
7423,Oaklee Lee,flat,100.0,100000.0,50000.0,1840,0,0.0,84000.0,84000.0,-16000.0
7424,Jack Villa,flat,100.0,100000.0,50000.0,1881,0,0.0,88100.0,88100.0,-11900.0
7425,Johanna Calderon,flat,100.0,100000.0,50000.0,1949,0,0.0,94900.0,94900.0,-5100.0
7426,Oakley Beck,flat,100.0,100000.0,50000.0,1976,0,0.0,97600.0,97600.0,-2400.0
7427,Gia Hobbs,flat,100.0,100000.0,50000.0,1820,0,0.0,82000.0,82000.0,-18000.0
7428,Brendan Hines,flat,100.0,100000.0,50000.0,1953,0,0.0,95300.0,95300.0,-4700.0
7429,Poppy Cordova,flat,100.0,100000.0,50000.0,1888,0,0.0,88800.0,88800.0,-11200.0
7430,Vicente Petersen,flat,100.0,100000.0,50000.0,1956,0,0.0,95600.0,95600.0,-4400.0
7431,Fernanda Barnes,flat,100.0,100000.0,50000.0,2001,0,0.0,100100.0,100100.0,100.0
7432,Damian Lloyd,flat,100.0,100000.0,50000.0,1851,0,0.0,85100.0,85100.0,-14900.0
7433,Emely Hopkins,flat,100.0,100000.0,50000.0,1894,0,0.0,89400.0,89400.0,-10600.0
7434,Ali Lindsey,flat,100.0,100000.0,50000.0,1951,0,0.0,95100.0,95100.0,-4900.0
7435,Colette Rhodes,flat,100.0,100000.0,50000.0,1952,0,0.0,95200.0,95200.0,-4800.0
7436,Titus Clarke,flat,100.0,100000.0,50000.0,1902,0,0.0,90200.0,90200.0,-9800.0
7437,Kaitlyn Vance,flat,100.0,100000.0,50000.0,2032,0,0.0,103200.0,103200.0,3200.0
7438,Casen Hopkins,flat,100.0,100000.0,50000.0,1975,0,0.0,97500.0,97500.0,-2500.0
7439,Gabriela Lester,flat,100.0,100000.0,50000.0,1923,0,0.0,92300.0,92300.0,-7700.0
7440,Lee Gilbert,flat,100.0,100000.0,50000.0,1976,0,0.0,97600.0,97600.0,-2400.0
7441,Jocelyn Campos,flat,100.0,100000.0,50000.0,2026,0,0.0,102600.0,102600.0,2600.0
7442,Gideon Bowers,flat,100.0,100000.0,50000.0,1925,0,0.0,92500.0,92500.0,-7500.0
7443,Elisa Montes,flat,100.0,100000.0,50000.0,1870,0,0.0,87000.0,87000.0,-13000.0
7444,Darren Cameron,flat,100.0,100000.0,50000.0,1936,0,0.0,93600.0,93600.0,-6400.0
7445,Julie McCarthy,flat,100.0,100000.0,50000.0,1946,0,0.0,94600.0,94600.0,-5400.0
7446,Devin Navarro,flat,100.0,100000.0,50000.0,1915,0,0.0,91500.0,91500.0,-8500.0
7447,Winter Simpson,flat,100.0,100000.0,50000.0,1951,0,0.0,95100.0,95100.0,-4900.0
7448,Elliott Barber,flat,100.0,100000.0,50000.0,2055,0,0.0,105500.0,105500.0,5500.0
7449,Cassidy Rangel,flat,100.0,100000.0,50000.0,1960,0,0.0,96000.0,96000.0,-4000.0
7450,Saint Larson,flat,100.0,100000.0,50000.0,1946,0,0.0,94600.0,94600.0,-5400.0
7451,Alayna Singh,flat,100.0,100000.0,50000.0,1933,0,0.0,93300.0,93300.0,-6700.0
7452,Louis Solis,flat,100.0,100000.0,50000.0,1984,0,0.0,98400.0,98400.0,-1600.0
7453,Miracle Taylor,flat,100.0,100000.0,50000.0,1938,0,0.0,93800.0,93800.0,-6200.0
7454,Jackson Macias,flat,100.0,100000.0,50000.0,1986,0,0.0,98600.0,98600.0,-1400.0
7455,Adley Cooper,flat,100.0,100000.0,50000.0,1895,0,0.0,89500.0,89500.0,-10500.0
7456,Jonathan Curtis,flat,100.0,100000.0,50000.0,1881,0,0.0,88100.0,88100.0,-11900.0
7457,Alexis Raymond,flat,100.0,100000.0,50000.0,1880,0,0.0,88000.0,88000.0,-12000.0
7458,Maurice Griffith,flat,100.0,100000.0,50000.0,2032,0,0.0,103200.0,103200.0,3200.0
7459,Alicia Petersen,flat,100.0,100000.0,50000.0,1970,0,0.0,97000.0,97000.0,-3000.0
7460,Samson Chang,flat,100.0,100000.0,50000.0,1935,0,0.0,93500.0,93500.0,-6500.0
7461,Ophelia Ryan,flat,100.0,100000.0,50000.0,1897,0,0.0,89700.0,89700.0,-10300.0
7462,Timothy Noble,flat,100.0,100000.0,50000.0,1945,0,0.0,94500.0,94500.0,-5500.0
7463,Hunter Huerta,flat,100.0,100000.0,50000.0,1929,0,0.0,92900.0,92900.0,-7100.0
7464,Douglas Maynard,flat,100.0,100000.0,50000.0,1954,0,0.0,95400.0,95400.0,-4600.0
7465,Carolyn Flowers,flat,100.0,100000.0,50000.0,1968,0,0.0,96800.0,96800.0,-3200.0
7466,Saul Good,flat,100.0,100000.0,50000.0,1946,0,0.0,94600.0,94600.0,-5400.0
7467,Nathalia Keller,flat,100.0,100000.0,50000.0,1936,0,0.0,93600.0,93600.0,-6400.0
7468,Nico Deleon,flat,100.0,100000.0,50000.0,1949,0,0.0,94900.0,94900.0,-5100.0
7469,Gabrielle Corona,flat,100.0,100000.0,50000.0,1954,0,0.0,95400.0,95400.0,-4600.0
7470,Darian Sloan,flat,100.0,100000.0,50000.0,2020,0,0.0,102000.0,102000.0,2000.0
7471,Selene Ray,flat,100.0,100000.0,50000.0,1895,0,0.0,89500.0,89500.0,-10500.0
7472,Arlo Williamson,flat,100.0,100000.0,50000.0,1995,0,0.0,99500.0,99500.0,-500.0
7473,Catherine Branch,flat,100.0,100000.0,50000.0,2041,0,0.0,104100.0,104100.0,4100.0
7474,Keenan Blair,flat,100.0,100000.0,50000.0,2004,0,0.0,100400.0,100400.0,400.0
7475,Frances Hampton,flat,100.0,100000.0,50000.0,1965,0,0.0,96500.0,96500.0,-3500.0
7476,Hank Palmer,flat,100.0,100000.0,50000.0,1981,0,0.0,98100.0,98100.0,-1900.0
7477,Juniper Adkins,flat,100.0,100000.0,50000.0,1995,0,0.0,99500.0,99500.0,-500.0
7478,Kylo Zavala,flat,100.0,100000.0,50000.0,1931,0,0.0,93100.0,93100.0,-6900.0
7479,Liv Bernard,flat,100.0,100000.0,50000.0,1974,0,0.0,97400.0,97400.0,-2600.0
7480,Jair Phelps,flat,100.0,100000.0,50000.0,1920,0,0.0,92000.0,92000.0,-8000.0
7481,Laney Ferguson,flat,100.0,100000.0,50000.0,1946,0,0.0,94600.0,94600.0,-5400.0
7482,Miguel Pearson,flat,100.0,100000.0,50000.0,2025,0,0.0,102500.0,102500.0,2500.0
7483,Kiara Scott,flat,100.0,100000.0,50000.0,1964,0,0.0,96400.0,96400.0,-3600.0
7484,Leo Cano,flat,100.0,100000.0,50000.0,1962,0,0.0,96200.0,96200.0,-3800.0
7485,Egypt Huynh,flat,100.0,100000.0,50000.0,1978,0,0.0,97800.0,97800.0,-2200.0
7486,Layton Rose,flat,100.0,100000.0,50000.0,1972,0,0.0,97200.0,97200.0,-2800.0
7487,Magnolia Thornton,flat,100.0,100000.0,50000.0,1852,0,0.0,85200.0,85200.0,-14800.0
7488,Malik Atkinson,flat,100.0,100000.0,50000.0,1914,0,0.0,91400.0,91400.0,-8600.0
7489,Jazmin Liu,flat,100.0,100000.0,50000.0,1970,0,0.0,97000.0,97000.0,-3000.0
7490,Pedro Frazier,flat,100.0,100000.0,50000.0,1879,0,0.0,87900.0,87900.0,-12100.0
7491,Octavia Anderson,flat,100.0,100000.0,50000.0,1949,0,0.0,94900.0,94900.0,-5100.0
7492,Jacob Bartlett,flat,100.0,100000.0,50000.0,2004,0,0.0,100400.0,100400.0,400.0
7493,Aubrielle Hahn,flat,100.0,100000.0,50000.0,1957,0,0.0,95700.0,95700.0,-4300.0
7494,Kabir Charles,flat,100.0,100000.0,50000.0,1998,0,0.0,99800.0,99800.0,-200.0
7495,Jenna Galindo,flat,100.0,100000.0,50000.0,1979,0,0.0,97900.0,97900.0,-2100.0
7496,Salvatore Everett,flat,100.0,100000.0,50000.0,1930,0,0.0,93000.0,93000.0,-7000.0
7497,Noah Jimenez,flat,100.0,100000.0,50000.0,1946,0,0.0,94600.0,94600.0,-5400.0
7498,Silas Greene,flat,100.0,100000.0,50000.0,1972,0,0.0,97200.0,97200.0,-2800.0
7499,Selena Berg,flat,100.0,100000.0,50000.0,2061,0,0.0,106100.0,106100.0,6100.0
7500,Cayson Friedman,flat,100.0,100000.0,50000.0,1984,0,0.0,98400.0,98400.0,-1600.0
7501,Aspyn Huff,flat,100.0,100000.0,50000.0,1904,0,0.0,90400.0,90400.0,-9600.0
7502,Finnley Phillips,flat,100.0,100000.0,50000.0,1923,0,0.0,92300.0,92300.0,-7700.0
7503,Naomi Reid,flat,100.0,100000.0,50000.0,1981,0,0.0,98100.0,98100.0,-1900.0
7504,Josue Craig,flat,100.0,100000.0,50000.0,1888,0,0.0,88800.0,88800.0,-11200.0
7505,Brynn Santos,flat,100.0,100000.0,50000.0,1963,0,0.0,96300.0,96300.0,-3700.0
7506,Walker Velazquez,flat,100.0,100000.0,50000.0,1963,0,0.0,96300.0,96300.0,-3700.0
7507,Jaliyah Henson,flat,100.0,100000.0,50000.0,1914,0,0.0,91400.0,91400.0,-8600.0
7508,Bellamy Chandler,flat,100.0,100000.0,50000.0,1882,0,0.0,88200.0,88200.0,-11800.0
7509,Viviana Gallegos,flat,100.0,100000.0,50000.0,1907,0,0.0,90700.0,90700.0,-9300.0
7510,Jonas Graves,flat,100.0,100000.0,50000.0,2058,0,0.0,105800.0,105800.0,5800.0
7511,Elle Crosby,flat,100.0,100000.0,50000.0,1969,0,0.0,96900.0,96900.0,-3100.0
7512,Tristen Bernal,flat,100.0,100000.0,50000.0,1914,0,0.0,91400.0,91400.0,-8600.0
7513,Emmeline Weaver,flat,100.0,100000.0,50000.0,1927,0,0.0,92700.0,92700.0,-7300.0
7514,Tucker Frederick,flat,100.0,100000.0,50000.0,1925,0,0.0,92500.0,92500.0,-7500.0
7515,Sariyah Lester,flat,100.0,100000.0,50000.0,1973,0,0.0,97300.0,97300.0,-2700.0
7516,Lee Wilkerson,flat,100.0,100000.0,50000.0,1901,0,0.0,90100.0,90100.0,-9900.0
7517,Janiyah Castillo,flat,100.0,100000.0,50000.0,2009,0,0.0,100900.0,100900.0,900.0
7518,Kai Everett,flat,100.0,100000.0,50000.0,1947,0,0.0,94700.0,94700.0,-5300.0
7519,Noah Ventura,flat,100.0,100000.0,50000.0,1962,0,0.0,96200.0,96200.0,-3800.0
7520,Branson Bean,flat,100.0,100000.0,50000.0,1966,0,0.0,96600.0,96600.0,-3400.0
7521,Jenesis Bullock,flat,100.0,100000.0,50000.0,1917,0,0.0,91700.0,91700.0,-8300.0
7522,Ben Guzman,flat,100.0,100000.0,50000.0,1919,0,0.0,91900.0,91900.0,-8100.0
7523,Ashley Lowery,flat,100.0,100000.0,50000.0,1899,0,0.0,89900.0,89900.0,-10100.0
7524,Jaxxon Osborne,flat,100.0,100000.0,50000.0,1853,0,0.0,85300.0,85300.0,-14700.0
7525,Shelby Meadows,flat,100.0,100000.0,50000.0,1969,0,0.0,96900.0,96900.0,-3100.0
7526,Wayne Kane,flat,100.0,100000.0,50000.0,1982,0,0.0,98200.0,98200.0,-1800.0
7527,Ellianna Espinosa,flat,100.0,100000.0,50000.0,1965,0,0.0,96500.0,96500.0,-3500.0
7528,Khalid Pittman,flat,100.0,100000.0,50000.0,1958,0,0.0,95800.0,95800.0,-4200.0
7529,Marie Blackwell,flat,100.0,100000.0,50000.0,1922,0,0.0,92200.0,92200.0,-7800.0
7530,Marcellus Ford,flat,100.0,100000.0,50000.0,1909,0,0.0,90900.0,90900.0,-9100.0
7531,Alexandra Miller,flat,100.0,100000.0,50000.0,1944,0,0.0,94400.0,94400.0,-5600.0
7532,Benjamin Patterson,flat,100.0,100000.0,50000.0,1957,0,0.0,95700.0,95700.0,-4300.0
7533,Kaylee Marshall,flat,100.0,100000.0,50000.0,1939,0,0.0,93900.0,93900.0,-6100.0
7534,Kaiden Lloyd,flat,100.0,100000.0,50000.0,1858,0,0.0,85800.0,85800.0,-14200.0
7535,Emely Newman,flat,100.0,100000.0,50000.0,1932,0,0.0,93200.0,93200.0,-6800.0
7536,Anderson Guerra,flat,100.0,100000.0,50000.0,2001,0,0.0,100100.0,100100.0,100.0
7537,Edith Hodges,flat,100.0,100000.0,50000.0,1968,0,0.0,96800.0,96800.0,-3200.0
7538,Alonzo Day,flat,100.0,100000.0,50000.0,1950,0,0.0,95000.0,95000.0,-5000.0
7539,Hayden Church,flat,100.0,100000.0,50000.0,1970,0,0.0,97000.0,97000.0,-3000.0
7540,Terrance Roy,flat,100.0,100000.0,50000.0,2000,0,0.0,100000.0,100000.0,0.0
7541,Savanna Anderson,flat,100.0,100000.0,50000.0,1970,0,0.0,97000.0,97000.0,-3000.0
7542,Jacob Anderson,flat,100.0,100000.0,50000.0,1943,0,0.0,94300.0,94300.0,-5700.0
7543,Ella Cobb,flat,100.0,100000.0,50000.0,1919,0,0.0,91900.0,91900.0,-8100.0
7544,Raphael Warren,flat,100.0,100000.0,50000.0,2029,0,0.0,102900.0,102900.0,2900.0
7545,Sloane Haynes,flat,100.0,100000.0,50000.0,2003,0,0.0,100300.0,100300.0,300.0
7546,Kason Lloyd,flat,100.0,100000.0,50000.0,2020,0,0.0,102000.0,102000.0,2000.0
7547,Emely Frank,flat,100.0,100000.0,50000.0,2014,0,0.0,101400.0,101400.0,1400.0
7548,Braylen Castro,flat,100.0,100000.0,50000.0,1961,0,0.0,96100.0,96100.0,-3900.0
7549,Eloise Fitzgerald,flat,100.0,100000.0,50000.0,1964,0,0.0,96400.0,96400.0,-3600.0
7550,Peyton Moon,flat,100.0,100000.0,50000.0,1972,0,0.0,97200.0,97200.0,-2800.0
7551,Naya Espinoza,flat,100.0,100000.0,50000.0,1945,0,0.0,94500.0,94500.0,-5500.0
7552,Dallas Stein,flat,100.0,100000.0,50000.0,2004,0,0.0,100400.0,100400.0,400.0
7553,Leilany Moreno,flat,100.0,100000.0,50000.0,1937,0,0.0,93700.0,93700.0,-6300.0
7554,Myles Wright,flat,100.0,100000.0,50000.0,1961,0,0.0,96100.0,96100.0,-3900.0
7555,Lily Hahn,flat,100.0,100000.0,50000.0,1889,0,0.0,88900.0,88900.0,-11100.0
7556,Kabir Preston,flat,100.0,100000.0,50000.0,1901,0,0.0,90100.0,90100.0,-9900.0
7557,Indie Clarke,flat,100.0,100000.0,50000.0,1883,0,0.0,88300.0,88300.0,-11700.0
7558,Stetson Ayala,flat,100.0,100000.0,50000.0,1981,0,0.0,98100.0,98100.0,-1900.0
7559,Blair Jennings,flat,100.0,100000.0,50000.0,1961,0,0.0,96100.0,96100.0,-3900.0
7560,Corbin Archer,flat,100.0,100000.0,50000.0,1907,0,0.0,90700.0,90700.0,-9300.0
7561,Kadence Golden,flat,100.0,100000.0,50000.0,1932,0,0.0,93200.0,93200.0,-6800.0
7562,Amias Owens,flat,100.0,100000.0,50000.0,2016,0,0.0,101600.0,101600.0,1600.0
7563,Amaya Hanson,flat,100.0,100000.0,50000.0,1959,0,0.0,95900.0,95900.0,-4100.0
7564,Khalil Merritt,flat,100.0,100000.0,50000.0,1918,0,0.0,91800.0,91800.0,-8200.0
7565,Kaisley Leach,flat,100.0,100000.0,50000.0,1903,0,0.0,90300.0,90300.0,-9700.0
7566,Westin Ashley,flat,100.0,100000.0,50000.0,1916,0,0.0,91600.0,91600.0,-8400.0
7567,Khalani Henson,flat,100.0,100000.0,50000.0,1953,0,0.0,95300.0,95300.0,-4700.0
7568,Bellamy Schwartz,flat,100.0,100000.0,50000.0,1927,0,0.0,92700.0,92700.0,-7300.0
7569,Lilliana Cruz,flat,100.0,100000.0,50000.0,1915,0,0.0,91500.0,91500.0,-8500.0
7570,Ryan Frye,flat,100.0,100000.0,50000.0,1956,0,0.0,95600.0,95600.0,-4400.0
7571,Raya Morrison,flat,100.0,100000.0,50000.0,1984,0,0.0,98400.0,98400.0,-1600.0
7572,Maximus Hancock,flat,100.0,100000.0,50000.0,1939,0,0.0,93900.0,93900.0,-6100.0
7573,Katelyn Briggs,flat,100.0,100000.0,50000.0,1929,0,0.0,92900.0,92900.0,-7100.0
7574,Case Wilson,flat,100.0,100000.0,50000.0,1856,0,0.0,85600.0,85600.0,-14400.0
7575,Luna French,flat,100.0,100000.0,50000.0,1834,0,0.0,83400.0,83400.0,-16600.0
7576,Corey Enriquez,flat,100.0,100000.0,50000.0,1984,0,0.0,98400.0,98400.0,-1600.0
7577,Nellie McDonald,flat,100.0,100000.0,50000.0,1958,0,0.0,95800.0,95800.0,-4200.0
7578,Calvin Pace,flat,100.0,100000.0,50000.0,1967,0,0.0,96700.0,96700.0,-3300.0
7579,Giana Warren,flat,100.0,100000.0,50000.0,1973,0,0.0,97300.0,97300.0,-2700.0
7580,Abel Livingston,flat,100.0,100000.0,50000.0,1948,0,0.0,94800.0,94800.0,-5200.0
7581,Milena Middleton,flat,100.0,100000.0,50000.0,2006,0,0.0,100600.0,100600.0,600.0
7582,Misael Wheeler,flat,100.0,100000.0,50000.0,1945,0,0.0,94500.0,94500.0,-5500.0
7583,Sydney Truong,flat,100.0,100000.0,50000.0,1905,0,0.0,90500.0,90500.0,-9500.0
7584,Ayan David,flat,100.0,100000.0,50000.0,1847,0,0.0,84700.0,84700.0,-15300.0
7585,Haylee Tyler,flat,100.0,100000.0,50000.0,1941,0,0.0,94100.0,94100.0,-5900.0
7586,Emmitt Brandt,flat,100.0,100000.0,50000.0,1917,0,0.0,91700.0,91700.0,-8300.0
7587,Loretta Truong,flat,100.0,100000.0,50000.0,1950,0,0.0,95000.0,95000.0,-5000.0
7588,Ayan Goodwin,flat,100.0,100000.0,50000.0,1966,0,0.0,96600.0,96600.0,-3400.0
7589,Shiloh Jackson,flat,100.0,100000.0,50000.0,1919,0,0.0,91900.0,91900.0,-8100.0
7590,Sebastian Meadows,flat,100.0,100000.0,50000.0,1899,0,0.0,89900.0,89900.0,-10100.0
7591,Pearl Bravo,flat,100.0,100000.0,50000.0,1892,0,0.0,89200.0,89200.0,-10800.0
7592,Genesis Winters,flat,100.0,100000.0,50000.0,1965,0,0.0,96500.0,96500.0,-3500.0
7593,Kataleya Howard,flat,100.0,100000.0,50000.0,1958,0,0.0,95800.0,95800.0,-4200.0
7594,Jeremiah Gates,flat,100.0,100000.0,50000.0,1953,0,0.0,95300.0,95300.0,-4700.0
7595,Melina Lowe,flat,100.0,100000.0,50000.0,1940,0,0.0,94000.0,94000.0,-6000.0
7596,Julius Tang,flat,100.0,100000.0,50000.0,1958,0,0.0,95800.0,95800.0,-4200.0
7597,Belle Porter,flat,100.0,100000.0,50000.0,1885,0,0.0,88500.0,88500.0,-11500.0
7598,Rhett Schultz,flat,100.0,100000.0,50000.0,1963,0,0.0,96300.0,96300.0,-3700.0
7599,Briella Holmes,flat,100.0,100000.0,50000.0,1852,0,0.0,85200.0,85200.0,-14800.0
7600,King Dyer,flat,100.0,100000.0,50000.0,1953,0,0.0,95300.0,95300.0,-4700.0
7601,Estrella O’brien,flat,100.0,100000.0,50000.0,1928,0,0.0,92800.0,92800.0,-7200.0
7602,Riley Hicks,flat,100.0,100000.0,50000.0,1888,0,0.0,88800.0,88800.0,-11200.0
7603,Alina Green,flat,100.0,100000.0,50000.0,1906,0,0.0,90600.0,90600.0,-9400.0
7604,Anthony Moore,flat,100.0,100000.0,50000.0,1958,0,0.0,95800.0,95800.0,-4200.0
7605,Emily Shepard,flat,100.0,100000.0,50000.0,2006,0,0.0,100600.0,100600.0,600.0
7606,Damari Manning,flat,100.0,100000.0,50000.0,1952,0,0.0,95200.0,95200.0,-4800.0
7607,Jennifer Moon,flat,100.0,100000.0,50000.0,2078,0,0.0,107800.0,107800.0,7800.0
7608,Nova Dodson,flat,100.0,100000.0,50000.0,1968,0,0.0,96800.0,96800.0,-3200.0
7609,Etta Shepard,flat,100.0,100000.0,50000.0,1886,0,0.0,88600.0,88600.0,-11400.0
7610,Damari Zimmerman,flat,100.0,100000.0,50000.0,1888,0,0.0,88800.0,88800.0,-11200.0
7611,Ariyah Brewer,flat,100.0,100000.0,50000.0,2007,0,0.0,100700.0,100700.0,700.0
7612,Cruz Banks,flat,100.0,100000.0,50000.0,1920,0,0.0,92000.0,92000.0,-8000.0
7613,Cali Morrow,flat,100.0,100000.0,50000.0,1928,0,0.0,92800.0,92800.0,-7200.0
7614,Kyree Zamora,flat,100.0,100000.0,50000.0,1857,0,0.0,85700.0,85700.0,-14300.0
7615,Sierra Sanchez,flat,100.0,100000.0,50000.0,1923,0,0.0,92300.0,92300.0,-7700.0
7616,Joseph Galvan,flat,100.0,100000.0,50000.0,1909,0,0.0,90900.0,90900.0,-9100.0
7617,Dallas Calhoun,flat,100.0,100000.0,50000.0,1975,0,0.0,97500.0,97500.0,-2500.0
7618,Gary Roberson,flat,100.0,100000.0,50000.0,1986,0,0.0,98600.0,98600.0,-1400.0
7619,Sasha Clarke,flat,100.0,100000.0,50000.0,1972,0,0.0,97200.0,97200.0,-2800.0
7620,Stetson Wong,flat,100.0,100000.0,50000.0,1889,0,0.0,88900.0,88900.0,-11100.0
7621,Adelaide Wilson,flat,100.0,100000.0,50000.0,1975,0,0.0,97500.0,97500.0,-2500.0
7622,Daniel Coleman,flat,100.0,100000.0,50000.0,2004,0,0.0,100400.0,100400.0,400.0
7623,Julia Allison,flat,100.0,100000.0,50000.0,1960,0,0.0,96000.0,96000.0,-4000.0
7624,Dennis Shannon,flat,100.0,100000.0,50000.0,1882,0,0.0,88200.0,88200.0,-11800.0
7625,Harlee Ventura,flat,100.0,100000.0,50000.0,1959,0,0.0,95900.0,95900.0,-4100.0
7626,Branson Ward,flat,100.0,100000.0,50000.0,1897,0,0.0,89700.0,89700.0,-10300.0
7627,Ariana Simon,flat,100.0,100000.0,50000.0,1967,0,0.0,96700.0,96700.0,-3300.0
7628,Zayne Gilbert,flat,100.0,100000.0,50000.0,1835,0,0.0,83500.0,83500.0,-16500.0
7629,Jocelyn Gross,flat,100.0,100000.0,50000.0,1929,0,0.0,92900.0,92900.0,-7100.0
7630,Quinn Atkins,flat,100.0,100000.0,50000.0,1942,0,0.0,94200.0,94200.0,-5800.0
7631,Mina Villarreal,flat,100.0,100000.0,50000.0,2050,0,0.0,105000.0,105000.0,5000.0
7632,Nikolai Kirk,flat,100.0,100000.0,50000.0,2000,0,0.0,100000.0,100000.0,0.0
7633,Ellis Palmer,flat,100.0,100000.0,50000.0,1935,0,0.0,93500.0,93500.0,-6500.0
7634,Theo Woodard,flat,100.0,100000.0,50000.0,1888,0,0.0,88800.0,88800.0,-11200.0
7635,Aubrie Lang,flat,100.0,100000.0,50000.0,2014,0,0.0,101400.0,101400.0,1400.0
7636,Wells Long,flat,100.0,100000.0,50000.0,1994,0,0.0,99400.0,99400.0,-600.0
7637,Jade Leal,flat,100.0,100000.0,50000.0,1979,0,0.0,97900.0,97900.0,-2100.0
7638,Cedric Walters,flat,100.0,100000.0,50000.0,1953,0,0.0,95300.0,95300.0,-4700.0
7639,Samara Potts,flat,100.0,100000.0,50000.0,1928,0,0.0,92800.0,92800.0,-7200.0
7640,Alfred White,flat,100.0,100000.0,50000.0,1965,0,0.0,96500.0,96500.0,-3500.0
7641,Layla Ashley,flat,100.0,100000.0,50000.0,1975,0,0.0,97500.0,97500.0,-2500.0
7642,Kylen Good,flat,100.0,100000.0,50000.0,1911,0,0.0,91100.0,91100.0,-8900.0
7643,Nathalia O’Neal,flat,100.0,100000.0,50000.0,1930,0,0.0,93000.0,93000.0,-7000.0
7644,Eddie McClure,flat,100.0,100000.0,50000.0,1886,0,0.0,88600.0,88600.0,-11400.0
7645,Estella Swanson,flat,100.0,100000.0,50000.0,1936,0,0.0,93600.0,93600.0,-6400.0
7646,Hugo Wells,flat,100.0,100000.0,50000.0,1932,0,0.0,93200.0,93200.0,-6800.0
7647,Cecilia Morris,flat,100.0,100000.0,50000.0,1934,0,0.0,93400.0,93400.0,-6600.0
7648,Christian Larsen,flat,100.0,100000.0,50000.0,1999,0,0.0,99900.0,99900.0,-100.0
7649,Xiomara West,flat,100.0,100000.0,50000.0,1915,0,0.0,91500.0,91500.0,-8500.0
7650,Diego Olsen,flat,100.0,100000.0,50000.0,1995,0,0.0,99500.0,99500.0,-500.0
7651,Oaklyn Roy,flat,100.0,100000.0,50000.0,1970,0,0.0,97000.0,97000.0,-3000.0
7652,Marcelo Dawson,flat,100.0,100000.0,50000.0,1963,0,0.0,96300.0,96300.0,-3700.0
7653,Veronica McCoy,flat,100.0,100000.0,50000.0,2052,0,0.0,105200.0,105200.0,5200.0
7654,Jett Huang,flat,100.0,100000.0,50000.0,1928,0,0.0,92800.0,92800.0,-7200.0
7655,Francesca Bender,flat,100.0,100000.0,50000.0,1922,0,0.0,92200.0,92200.0,-7800.0
7656,Zavier Duffy,flat,100.0,100000.0,50000.0,1852,0,0.0,85200.0,85200.0,-14800.0
7657,Addisyn Glass,flat,100.0,100000.0,50000.0,1975,0,0.0,97500.0,97500.0,-2500.0
7658,Allan Steele,flat,100.0,100000.0,50000.0,1954,0,0.0,95400.0,95400.0,-4600.0
7659,Rylie Drake,flat,100.0,100000.0,50000.0,1976,0,0.0,97600.0,97600.0,-2400.0
7660,Jalen Daniels,flat,100.0,100000.0,50000.0,1980,0,0.0,98000.0,98000.0,-2000.0
7661,Ember Long,flat,100.0,100000.0,50000.0,1913,0,0.0,91300.0,91300.0,-8700.0
7662,Jace Ray,flat,100.0,100000.0,50000.0,1859,0,0.0,85900.0,85900.0,-14100.0
7663,Ruth Cunningham,flat,100.0,100000.0,50000.0,1894,0,0.0,89400.0,89400.0,-10600.0
7664,Alejandro Wise,flat,100.0,100000.0,50000.0,1897,0,0.0,89700.0,89700.0,-10300.0
7665,Mira Ayers,flat,100.0,100000.0,50000.0,1967,0,0.0,96700.0,96700.0,-3300.0
7666,Ulises Hudson,flat,100.0,100000.0,50000.0,1938,0,0.0,93800.0,93800.0,-6200.0
7667,Kamila Patterson,flat,100.0,100000.0,50000.0,1927,0,0.0,92700.0,92700.0,-7300.0
7668,Amir Chan,flat,100.0,100000.0,50000.0,1964,0,0.0,96400.0,96400.0,-3600.0
7669,Hattie Smith,flat,100.0,100000.0,50000.0,1880,0,0.0,88000.0,88000.0,-12000.0
7670,Liam Burke,flat,100.0,100000.0,50000.0,1969,0,0.0,96900.0,96900.0,-3100.0
7671,Vera Truong,flat,100.0,100000.0,50000.0,1915,0,0.0,91500.0,91500.0,-8500.0
7672,Ayan Dennis,flat,100.0,100000.0,50000.0,2010,0,0.0,101000.0,101000.0,1000.0
7673,Maisie Ford,flat,100.0,100000.0,50000.0,1961,0,0.0,96100.0,96100.0,-3900.0
7674,Luis Giles,flat,100.0,100000.0,50000.0,1924,0,0.0,92400.0,92400.0,-7600.0
7675,Bailee Bravo,flat,100.0,100000.0,50000.0,1953,0,0.0,95300.0,95300.0,-4700.0
7676,Genesis O’Connell,flat,100.0,100000.0,50000.0,1884,0,0.0,88400.0,88400.0,-11600.0
7677,Jillian Ellison,flat,100.0,100000.0,50000.0,1966,0,0.0,96600.0,96600.0,-3400.0
7678,Kye Acevedo,flat,100.0,100000.0,50000.0,1944,0,0.0,94400.0,94400.0,-5600.0
7679,Ashlynn Moore,flat,100.0,100000.0,50000.0,1932,0,0.0,93200.0,93200.0,-6800.0
7680,Levi Rivas,flat,100.0,100000.0,50000.0,1939,0,0.0,93900.0,93900.0,-6100.0
7681,Averie Mata,flat,100.0,100000.0,50000.0,1869,0,0.0,86900.0,86900.0,-13100.0
7682,Ray Vang,flat,100.0,100000.0,50000.0,1891,0,0.0,89100.0,89100.0,-10900.0
7683,Madisyn Howe,flat,100.0,100000.0,50000.0,1963,0,0.0,96300.0,96300.0,-3700.0
7684,Alaric Lugo,flat,100.0,100000.0,50000.0,2007,0,0.0,100700.0,100700.0,700.0
7685,Kaylie Hoffman,flat,100.0,100000.0,50000.0,1908,0,0.0,90800.0,90800.0,-9200.0
7686,Steven Dean,flat,100.0,100000.0,50000.0,2023,0,0.0,102300.0,102300.0,2300.0
7687,Julianna Huang,flat,100.0,100000.0,50000.0,2002,0,0.0,100200.0,100200.0,200.0
7688,Ayaan Banks,flat,100.0,100000.0,50000.0,1888,0,0.0,88800.0,88800.0,-11200.0
7689,Cali Krueger,flat,100.0,100000.0,50000.0,2030,0,0.0,103000.0,103000.0,3000.0
7690,Jones Wallace,flat,100.0,100000.0,50000.0,1932,0,0.0,93200.0,93200.0,-6800.0
7691,Arianna Spears,flat,100.0,100000.0,50000.0,2008,0,0.0,100800.0,100800.0,800.0
7692,Ameer Rodgers,flat,100.0,100000.0,50000.0,1909,0,0.0,90900.0,90900.0,-9100.0
7693,Selah Colon,flat,100.0,100000.0,50000.0,1865,0,0.0,86500.0,86500.0,-13500.0
7694,Bruce Phillips,flat,100.0,100000.0,50000.0,1989,0,0.0,98900.0,98900.0,-1100.0
7695,Naomi Tyler,flat,100.0,100000.0,50000.0,1987,0,0.0,98700.0,98700.0,-1300.0
7696,Emmitt Russo,flat,100.0,100000.0,50000.0,1976,0,0.0,97600.0,97600.0,-2400.0
7697,Tinsley Hull,flat,100.0,100000.0,50000.0,1960,0,0.0,96000.0,96000.0,-4000.0
7698,Salem Anderson,flat,100.0,100000.0,50000.0,2004,0,0.0,100400.0,100400.0,400.0
7699,Ella Krueger,flat,100.0,100000.0,50000.0,1961,0,0.0,96100.0,96100.0,-3900.0
7700,Jones Faulkner,flat,100.0,100000.0,50000.0,2017,0,0.0,101700.0,101700.0,1700.0
7701,Ansley Briggs,flat,100.0,100000.0,50000.0,1978,0,0.0,97800.0,97800.0,-2200.0
7702,Case Martin,flat,100.0,100000.0,50000.0,1908,0,0.0,90800.0,90800.0,-9200.0
7703,Mila Spence,flat,100.0,100000.0,50000.0,1936,0,0.0,93600.0,93600.0,-6400.0
7704,Cillian Morgan,flat,100.0,100000.0,50000.0,1887,0,0.0,88700.0,88700.0,-11300.0
7705,Delilah Harris,flat,100.0,100000.0,50000.0,1922,0,0.0,92200.0,92200.0,-7800.0
7706,Samuel Golden,flat,100.0,100000.0,50000.0,1932,0,0.0,93200.0,93200.0,-6800.0
7707,Giuliana Ventura,flat,100.0,100000.0,50000.0,1885,0,0.0,88500.0,88500.0,-11500.0
7708,Branson Conway,flat,100.0,100000.0,50000.0,1938,0,0.0,93800.0,93800.0,-6200.0
7709,Ryann O’Donnell,flat,100.0,100000.0,50000.0,1950,0,0.0,95000.0,95000.0,-5000.0
7710,Lian Rojas,flat,100.0,100000.0,50000.0,1933,0,0.0,93300.0,93300.0,-6700.0
7711,Adaline Booth,flat,100.0,100000.0,50000.0,2009,0,0.0,100900.0,100900.0,900.0
7712,Chaim Bullock,flat,100.0,100000.0,50000.0,1951,0,0.0,95100.0,95100.0,-4900.0
7713,Winnie Valentine,flat,100.0,100000.0,50000.0,1867,0,0.0,86700.0,86700.0,-13300.0
7714,Demetrius Crosby,flat,100.0,100000.0,50000.0,1969,0,0.0,96900.0,96900.0,-3100.0
7715,Keily Sherman,flat,100.0,100000.0,50000.0,1983,0,0.0,98300.0,98300.0,-1700.0
7716,Adan Daniel,flat,100.0,100000.0,50000.0,2005,0,0.0,100500.0,100500.0,500.0
7717,Joy Hess,flat,100.0,100000.0,50000.0,1899,0,0.0,89900.0,89900.0,-10100.0
7718,Lawrence Arroyo,flat,100.0,100000.0,50000.0,1941,0,0.0,94100.0,94100.0,-5900.0
7719,Kyra Horn,flat,100.0,100000.0,50000.0,1896,0,0.0,89600.0,89600.0,-10400.0
7720,Wilson Gray,flat,100.0,100000.0,50000.0,1976,0,0.0,97600.0,97600.0,-2400.0
7721,Sarah Aguilar,flat,100.0,100000.0,50000.0,1924,0,0.0,92400.0,92400.0,-7600.0
7722,Milo Randall,flat,100.0,100000.0,50000.0,1975,0,0.0,97500.0,97500.0,-2500.0
7723,Christina Christensen,flat,100.0,100000.0,50000.0,1969,0,0.0,96900.0,96900.0,-3100.0
7724,Gregory Lang,flat,100.0,100000.0,50000.0,1986,0,0.0,98600.0,98600.0,-1400.0
7725,Amirah Walton,flat,100.0,100000.0,50000.0,1952,0,0.0,95200.0,95200.0,-4800.0
7726,Dominick Good,flat,100.0,100000.0,50000.0,1976,0,0.0,97600.0,97600.0,-2400.0
7727,Nathalia Cherry,flat,100.0,100000.0,50000.0,1908,0,0.0,90800.0,90800.0,-9200.0
7728,Rome Parks,flat,100.0,100000.0,50000.0,1930,0,0.0,93000.0,93000.0,-7000.0
7729,Ainsley Haynes,flat,100.0,100000.0,50000.0,2030,0,0.0,103000.0,103000.0,3000.0
7730,Kason Ahmed,flat,100.0,100000.0,50000.0,1951,0,0.0,95100.0,95100.0,-4900.0
7731,Jolie Moses,flat,100.0,100000.0,50000.0,1953,0,0.0,95300.0,95300.0,-4700.0
7732,Niklaus Velasquez,flat,100.0,100000.0,50000.0,1942,0,0.0,94200.0,94200.0,-5800.0
7733,Esme Wilkins,flat,100.0,100000.0,50000.0,1896,0,0.0,89600.0,89600.0,-10400.0
7734,Yusuf Rocha,flat,100.0,100000.0,50000.0,1935,0,0.0,93500.0,93500.0,-6500.0
7735,Emmie Rocha,flat,100.0,100000.0,50000.0,1887,0,0.0,88700.0,88700.0,-11300.0
7736,Onyx Pittman,flat,100.0,100000.0,50000.0,1956,0,0.0,95600.0,95600.0,-4400.0
7737,Marie Allison,flat,100.0,100000.0,50000.0,1869,0,0.0,86900.0,86900.0,-13100.0
7738,Dennis Crosby,flat,100.0,100000.0,50000.0,1980,0,0.0,98000.0,98000.0,-2000.0
7739,Keily Fernandez,flat,100.0,100000.0,50000.0,1893,0,0.0,89300.0,89300.0,-10700.0
7740,Bentley Hill,flat,100.0,100000.0,50000.0,1987,0,0.0,98700.0,98700.0,-1300.0
7741,Hannah Blake,flat,100.0,100000.0,50000.0,1953,0,0.0,95300.0,95300.0,-4700.0
7742,Zyaire Johns,flat,100.0,100000.0,50000.0,1989,0,0.0,98900.0,98900.0,-1100.0
7743,Giovanna Garrison,flat,100.0,100000.0,50000.0,1949,0,0.0,94900.0,94900.0,-5100.0
7744,Noe Martinez,flat,100.0,100000.0,50000.0,1976,0,0.0,97600.0,97600.0,-2400.0
7745,Harper Walter,flat,100.0,100000.0,50000.0,1879,0,0.0,87900.0,87900.0,-12100.0
7746,Lochlan Powell,flat,100.0,100000.0,50000.0,2000,0,0.0,100000.0,100000.0,0.0
7747,Vivian Thomas,flat,100.0,100000.0,50000.0,2006,0,0.0,100600.0,100600.0,600.0
7748,Logan Moran,flat,100.0,100000.0,50000.0,1952,0,0.0,95200.0,95200.0,-4800.0
7749,Celeste Church,flat,100.0,100000.0,50000.0,1889,0,0.0,88900.0,88900.0,-11100.0
7750,Terrance Barr,flat,100.0,100000.0,50000.0,1976,0,0.0,97600.0,97600.0,-2400.0
7751,Noemi Arroyo,flat,100.0,100000.0,50000.0,1943,0,0.0,94300.0,94300.0,-5700.0
7752,Alberto Dyer,flat,100.0,100000.0,50000.0,1873,0,0.0,87300.0,87300.0,-12700.0
7753,Estrella Brooks,flat,100.0,100000.0,50000.0,1972,0,0.0,97200.0,97200.0,-2800.0
7754,Jordan Gibson,flat,100.0,100000.0,50000.0,1898,0,0.0,89800.0,89800.0,-10200.0
7755,Eden Miles,flat,100.0,100000.0,50000.0,1975,0,0.0,97500.0,97500.0,-2500.0
7756,Jared Duffy,flat,100.0,100000.0,50000.0,1945,0,0.0,94500.0,94500.0,-5500.0
7757,Addisyn Page,flat,100.0,100000.0,50000.0,1924,0,0.0,92400.0,92400.0,-7600.0
7758,Pablo Christensen,flat,100.0,100000.0,50000.0,2007,0,0.0,100700.0,100700.0,700.0
7759,Carmen Rodgers,flat,100.0,100000.0,50000.0,1969,0,0.0,96900.0,96900.0,-3100.0
7760,Mathias Cortez,flat,100.0,100000.0,50000.0,2050,0,0.0,105000.0,105000.0,5000.0
7761,Haven Hodge,flat,100.0,100000.0,50000.0,1927,0,0.0,92700.0,92700.0,-7300.0
7762,Reign Molina,flat,100.0,100000.0,50000.0,1962,0,0.0,96200.0,96200.0,-3800.0
7763,Alexandria Gould,flat,100.0,100000.0,50000.0,1945,0,0.0,94500.0,94500.0,-5500.0
7764,Blaine Benjamin,flat,100.0,100000.0,50000.0,1935,0,0.0,93500.0,93500.0,-6500.0
7765,Jianna Berg,flat,100.0,100000.0,50000.0,2054,0,0.0,105400.0,105400.0,5400.0
7766,Cayson Calhoun,flat,100.0,100000.0,50000.0,1918,0,0.0,91800.0,91800.0,-8200.0
7767,Thalia Sherman,flat,100.0,100000.0,50000.0,2017,0,0.0,101700.0,101700.0,1700.0
7768,Adan Schwartz,flat,100.0,100000.0,50000.0,1927,0,0.0,92700.0,92700.0,-7300.0
7769,Lilliana Wheeler,flat,100.0,100000.0,50000.0,1955,0,0.0,95500.0,95500.0,-4500.0
7770,Kenneth Sellers,flat,100.0,100000.0,50000.0,1927,0,0.0,92700.0,92700.0,-7300.0
7771,Mercy Perez,flat,100.0,100000.0,50000.0,1997,0,0.0,99700.0,99700.0,-300.0
7772,Owen Booker,flat,100.0,100000.0,50000.0,1901,0,0.0,90100.0,90100.0,-9900.0
7773,Nataly Chen,flat,100.0,100000.0,50000.0,1938,0,0.0,93800.0,93800.0,-6200.0
7774,Emmanuel Bennett,flat,100.0,100000.0,50000.0,1867,0,0.0,86700.0,86700.0,-13300.0
7775,Josephine Blair,flat,100.0,100000.0,50000.0,1988,0,0.0,98800.0,98800.0,-1200.0
7776,Troy Portillo,flat,100.0,100000.0,50000.0,1955,0,0.0,95500.0,95500.0,-4500.0
7777,Nathalie Hale,flat,100.0,100000.0,50000.0,1989,0,0.0,98900.0,98900.0,-1100.0
7778,Ezequiel Cobb,flat,100.0,100000.0,50000.0,1967,0,0.0,96700.0,96700.0,-3300.0
7779,Aviana Jarvis,flat,100.0,100000.0,50000.0,1934,0,0.0,93400.0,93400.0,-6600.0
7780,Marlon Barton,flat,100.0,100000.0,50000.0,1912,0,0.0,91200.0,91200.0,-8800.0
7781,Danna Lindsey,flat,100.0,100000.0,50000.0,2000,0,0.0,100000.0,100000.0,0.0
7782,Jayson Anderson,flat,100.0,100000.0,50000.0,1892,0,0.0,89200.0,89200.0,-10800.0
7783,Ella Wong,flat,100.0,100000.0,50000.0,1896,0,0.0,89600.0,89600.0,-10400.0
7784,Walter Wilkins,flat,100.0,100000.0,50000.0,1918,0,0.0,91800.0,91800.0,-8200.0
7785,Amalia McFarland,flat,100.0,100000.0,50000.0,2045,0,0.0,104500.0,104500.0,4500.0
7786,Dane Bridges,flat,100.0,100000.0,50000.0,1850,0,0.0,85000.0,85000.0,-15000.0
7787,Elora Blackwell,flat,100.0,100000.0,50000.0,1912,0,0.0,91200.0,91200.0,-8800.0
7788,Marcellus Lynn,flat,100.0,100000.0,50000.0,1859,0,0.0,85900.0,85900.0,-14100.0
7789,Samira Dougherty,flat,100.0,100000.0,50000.0,1977,0,0.0,97700.0,97700.0,-2300.0
7790,Brett Ventura,flat,100.0,100000.0,50000.0,1911,0,0.0,91100.0,91100.0,-8900.0
7791,Zora Perez,flat,100.0,100000.0,50000.0,1951,0,0.0,95100.0,95100.0,-4900.0
7792,Owen Diaz,flat,100.0,100000.0,50000.0,1954,0,0.0,95400.0,95400.0,-4600.0
7793,Elena Hall,flat,100.0,100000.0,50000.0,1930,0,0.0,93000.0,93000.0,-7000.0
7794,Thomas Chen,flat,100.0,100000.0,50000.0,2014,0,0.0,101400.0,101400.0,1400.0
7795,Valeria Wright,flat,100.0,100000.0,50000.0,1937,0,0.0,93700.0,93700.0,-6300.0
7796,Grayson Merritt,flat,100.0,100000.0,50000.0,1957,0,0.0,95700.0,95700.0,-4300.0
7797,Kaisley Ryan,flat,100.0,100000.0,50000.0,1868,0,0.0,86800.0,86800.0,-13200.0
7798,Timothy David,flat,100.0,100000.0,50000.0,1968,0,0.0,96800.0,96800.0,-3200.0
7799,Haylee Nichols,flat,100.0,100000.0,50000.0,1885,0,0.0,88500.0,88500.0,-11500.0
7800,Atlas Velasquez,flat,100.0,100000.0,50000.0,1887,0,0.0,88700.0,88700.0,-11300.0
7801,Esme Erickson,flat,100.0,100000.0,50000.0,1970,0,0.0,97000.0,97000.0,-3000.0
7802,Johnny Short,flat,100.0,100000.0,50000.0,1908,0,0.0,90800.0,90800.0,-9200.0
7803,Cheyenne Knox,flat,100.0,100000.0,50000.0,1909,0,0.0,90900.0,90900.0,-9100.0
7804,Valentin Carrillo,flat,100.0,100000.0,50000.0,1894,0,0.0,89400.0,89400.0,-10600.0
7805,Kaylani Hull,flat,100.0,100000.0,50000.0,1962,0,0.0,96200.0,96200.0,-3800.0
7806,Salem Reid,flat,100.0,100000.0,50000.0,1975,0,0.0,97500.0,97500.0,-2500.0
7807,Charlee Taylor,flat,100.0,100000.0,50000.0,1909,0,0.0,90900.0,90900.0,-9100.0
7808,Jackson Hahn,flat,100.0,100000.0,50000.0,1988,0,0.0,98800.0,98800.0,-1200.0
7809,Fallon Skinner,flat,100.0,100000.0,50000.0,1931,0,0.0,93100.0,93100.0,-6900.0
7810,Ridge Norton,flat,100.0,100000.0,50000.0,1961,0,0.0,96100.0,96100.0,-3900.0
7811,Kylee Shepard,flat,100.0,100000.0,50000.0,1963,0,0.0,96300.0,96300.0,-3700.0
7812,Damari Dunn,flat,100.0,100000.0,50000.0,2008,0,0.0,100800.0,100800.0,800.0
7813,Olive Bradley,flat,100.0,100000.0,50000.0,1994,0,0.0,99400.0,99400.0,-600.0
7814,Richard Johnston,flat,100.0,100000.0,50000.0,1964,0,0.0,96400.0,96400.0,-3600.0
7815,Laila Lawrence,flat,100.0,100000.0,50000.0,2002,0,0.0,100200.0,100200.0,200.0
7816,Kaleb Simmons,flat,100.0,100000.0,50000.0,1938,0,0.0,93800.0,93800.0,-6200.0
7817,Reagan Washington,flat,100.0,100000.0,50000.0,1993,0,0.0,99300.0,99300.0,-700.0
7818,Juan Hodge,flat,100.0,100000.0,50000.0,1956,0,0.0,95600.0,95600.0,-4400.0
7819,Coraline Mays,flat,100.0,100000.0,50000.0,1927,0,0.0,92700.0,92700.0,-7300.0
7820,Jadiel Marshall,flat,100.0,100000.0,50000.0,1947,0,0.0,94700.0,94700.0,-5300.0
7821,Adalyn Kirk,flat,100.0,100000.0,50000.0,1976,0,0.0,97600.0,97600.0,-2400.0
7822,Alessandro Nash,flat,100.0,100000.0,50000.0,2020,0,0.0,102000.0,102000.0,2000.0
7823,Novah Hodges,flat,100.0,100000.0,50000.0,1911,0,0.0,91100.0,91100.0,-8900.0
7824,Alonzo Matthews,flat,100.0,100000.0,50000.0,1901,0,0.0,90100.0,90100.0,-9900.0
7825,Lila Welch,flat,100.0,100000.0,50000.0,1982,0,0.0,98200.0,98200.0,-1800.0
7826,Hendrix Howe,flat,100.0,100000.0,50000.0,1929,0,0.0,92900.0,92900.0,-7100.0
7827,Persephone York,flat,100.0,100000.0,50000.0,1991,0,0.0,99100.0,99100.0,-900.0
7828,Leandro Holloway,flat,100.0,100000.0,50000.0,2032,0,0.0,103200.0,103200.0,3200.0
7829,Mae Raymond,flat,100.0,100000.0,50000.0,1941,0,0.0,94100.0,94100.0,-5900.0
7830,Maurice Nicholson,flat,100.0,100000.0,50000.0,1945,0,0.0,94500.0,94500.0,-5500.0
7831,Justice McLean,flat,100.0,100000.0,50000.0,1978,0,0.0,97800.0,97800.0,-2200.0
7832,Crosby Koch,flat,100.0,100000.0,50000.0,1976,0,0.0,97600.0,97600.0,-2400.0
7833,Milana Estes,flat,100.0,100000.0,50000.0,1910,0,0.0,91000.0,91000.0,-9000.0
7834,Hakeem Reed,flat,100.0,100000.0,50000.0,1939,0,0.0,93900.0,93900.0,-6100.0
7835,Valentina Campbell,flat,100.0,100000.0,50000.0,1846,0,0.0,84600.0,84600.0,-15400.0
7836,Christopher Wilcox,flat,100.0,100000.0,50000.0,1933,0,0.0,93300.0,93300.0,-6700.0
7837,Ashlyn Moody,flat,100.0,100000.0,50000.0,1947,0,0.0,94700.0,94700.0,-5300.0
7838,Ryland Stein,flat,100.0,100000.0,50000.0,1936,0,0.0,93600.0,93600.0,-6400.0
7839,Leilany Ford,flat,100.0,100000.0,50000.0,1947,0,0.0,94700.0,94700.0,-5300.0
7840,Luis Chan,flat,100.0,100000.0,50000.0,1952,0,0.0,95200.0,95200.0,-4800.0
7841,Hattie Santos,flat,100.0,100000.0,50000.0,1908,0,0.0,90800.0,90800.0,-9200.0
7842,Walker Corona,flat,100.0,100000.0,50000.0,1902,0,0.0,90200.0,90200.0,-9800.0
7843,Marianna English,flat,100.0,100000.0,50000.0,1950,0,0.0,95000.0,95000.0,-5000.0
7844,Junior Roberts,flat,100.0,100000.0,50000.0,1914,0,0.0,91400.0,91400.0,-8600.0
7845,Paisley Espinosa,flat,100.0,100000.0,50000.0,1994,0,0.0,99400.0,99400.0,-600.0
7846,Khalid Avery,flat,100.0,100000.0,50000.0,1864,0,0.0,86400.0,86400.0,-13600.0
7847,Meghan Boyle,flat,100.0,100000.0,50000.0,1962,0,0.0,96200.0,96200.0,-3800.0
7848,Robin Merritt,flat,100.0,100000.0,50000.0,1961,0,0.0,96100.0,96100.0,-3900.0
7849,Kaisley Ibarra,flat,100.0,100000.0,50000.0,1952,0,0.0,95200.0,95200.0,-4800.0
7850,Asa Schultz,flat,100.0,100000.0,50000.0,1966,0,0.0,96600.0,96600.0,-3400.0
7851,Briella Fox,flat,100.0,100000.0,50000.0,1961,0,0.0,96100.0,96100.0,-3900.0
7852,Antonio Eaton,flat,100.0,100000.0,50000.0,1906,0,0.0,90600.0,90600.0,-9400.0
7853,Miley French,flat,100.0,100000.0,50000.0,1961,0,0.0,96100.0,96100.0,-3900.0
7854,Corey Marshall,flat,100.0,100000.0,50000.0,1899,0,0.0,89900.0,89900.0,-10100.0
7855,Adalyn Griffin,flat,100.0,100000.0,50000.0,1993,0,0.0,99300.0,99300.0,-700.0
7856,Ayden Owens,flat,100.0,100000.0,50000.0,1992,0,0.0,99200.0,99200.0,-800.0
7857,Amaya Yang,flat,100.0,100000.0,50000.0,2036,0,0.0,103600.0,103600.0,3600.0
7858,Malcolm Mann,flat,100.0,100000.0,50000.0,1861,0,0.0,86100.0,86100.0,-13900.0
7859,Paislee Chen,flat,100.0,100000.0,50000.0,1932,0,0.0,93200.0,93200.0,-6800.0
7860,Emmanuel Hill,flat,100.0,100000.0,50000.0,1970,0,0.0,97000.0,97000.0,-3000.0
7861,Hannah Freeman,flat,100.0,100000.0,50000.0,1898,0,0.0,89800.0,89800.0,-10200.0
7862,Jayce Yang,flat,100.0,100000.0,50000.0,1980,0,0.0,98000.0,98000.0,-2000.0
7863,Angelina Vaughan,flat,100.0,100000.0,50000.0,1959,0,0.0,95900.0,95900.0,-4100.0
7864,Castiel Prince,flat,100.0,100000.0,50000.0,1923,0,0.0,92300.0,92300.0,-7700.0
7865,Greta Buchanan,flat,100.0,100000.0,50000.0,1970,0,0.0,97000.0,97000.0,-3000.0
7866,Enrique Soto,flat,100.0,100000.0,50000.0,1989,0,0.0,98900.0,98900.0,-1100.0
7867,Brynlee Kent,flat,100.0,100000.0,50000.0,1977,0,0.0,97700.0,97700.0,-2300.0
7868,Mekhi Ward,flat,100.0,100000.0,50000.0,2007,0,0.0,100700.0,100700.0,700.0
7869,Ariana Holloway,flat,100.0,100000.0,50000.0,1858,0,0.0,85800.0,85800.0,-14200.0
7870,Sutton Rogers,flat,100.0,100000.0,50000.0,2031,0,0.0,103100.0,103100.0,3100.0
7871,Madelyn Frazier,flat,100.0,100000.0,50000.0,2021,0,0.0,102100.0,102100.0,2100.0
7872,Callum Combs,flat,100.0,100000.0,50000.0,1965,0,0.0,96500.0,96500.0,-3500.0
7873,Irene Valencia,flat,100.0,100000.0,50000.0,1907,0,0.0,90700.0,90700.0,-9300.0
7874,Dax Garza,flat,100.0,100000.0,50000.0,1957,0,0.0,95700.0,95700.0,-4300.0
7875,River Reynolds,flat,100.0,100000.0,50000.0,1900,0,0.0,90000.0,90000.0,-10000.0
7876,Vincent Durham,flat,100.0,100000.0,50000.0,1972,0,0.0,97200.0,97200.0,-2800.0
7877,Tiffany Esquivel,flat,100.0,100000.0,50000.0,2033,0,0.0,103300.0,103300.0,3300.0
7878,Bridger Moore,flat,100.0,100000.0,50000.0,1984,0,0.0,98400.0,98400.0,-1600.0
7879,Emily Bowen,flat,100.0,100000.0,50000.0,1964,0,0.0,96400.0,96400.0,-3600.0
7880,Trevor Byrd,flat,100.0,100000.0,50000.0,2006,0,0.0,100600.0,100600.0,600.0
7881,Giselle Contreras,flat,100.0,100000.0,50000.0,2015,0,0.0,101500.0,101500.0,1500.0
7882,Emilio Waters,flat,100.0,100000.0,50000.0,1904,0,0.0,90400.0,90400.0,-9600.0
7883,Bristol Ferguson,flat,100.0,100000.0,50000.0,1932,0,0.0,93200.0,93200.0,-6800.0
7884,Miguel Sparks,flat,100.0,100000.0,50000.0,1948,0,0.0,94800.0,94800.0,-5200.0
7885,Aisha Rice,flat,100.0,100000.0,50000.0,1963,0,0.0,96300.0,96300.0,-3700.0
7886,Graham Combs,flat,100.0,100000.0,50000.0,1891,0,0.0,89100.0,89100.0,-10900.0
7887,Irene Gates,flat,100.0,100000.0,50000.0,1965,0,0.0,96500.0,96500.0,-3500.0
7888,Ermias Ho,flat,100.0,100000.0,50000.0,1977,0,0.0,97700.0,97700.0,-2300.0
7889,Calliope Hurst,flat,100.0,100000.0,50000.0,1935,0,0.0,93500.0,93500.0,-6500.0
7890,Neil Carson,flat,100.0,100000.0,50000.0,1898,0,0.0,89800.0,89800.0,-10200.0
7891,Nalani Fleming,flat,100.0,100000.0,50000.0,1944,0,0.0,94400.0,94400.0,-5600.0
7892,Fernando Duarte,flat,100.0,100000.0,50000.0,1982,0,0.0,98200.0,98200.0,-1800.0
7893,Kynlee Hendricks,flat,100.0,100000.0,50000.0,1957,0,0.0,95700.0,95700.0,-4300.0
7894,Dash Michael,flat,100.0,100000.0,50000.0,1959,0,0.0,95900.0,95900.0,-4100.0
7895,Aubriella Copeland,flat,100.0,100000.0,50000.0,1950,0,0.0,95000.0,95000.0,-5000.0
7896,Axton Guzman,flat,100.0,100000.0,50000.0,1964,0,0.0,96400.0,96400.0,-3600.0
7897,Ashley Wallace,flat,100.0,100000.0,50000.0,1999,0,0.0,99900.0,99900.0,-100.0
7898,Chase Hoover,flat,100.0,100000.0,50000.0,2025,0,0.0,102500.0,102500.0,2500.0
7899,Virginia Barnes,flat,100.0,100000.0,50000.0,1940,0,0.0,94000.0,94000.0,-6000.0
7900,Damian Dennis,flat,100.0,100000.0,50000.0,1954,0,0.0,95400.0,95400.0,-4600.0
7901,Maisie Schultz,flat,100.0,100000.0,50000.0,2018,0,0.0,101800.0,101800.0,1800.0
7902,Cody Burke,flat,100.0,100000.0,50000.0,1984,0,0.0,98400.0,98400.0,-1600.0
7903,Vera Vaughan,flat,100.0,100000.0,50000.0,1931,0,0.0,93100.0,93100.0,-6900.0
7904,Castiel Bravo,flat,100.0,100000.0,50000.0,1917,0,0.0,91700.0,91700.0,-8300.0
7905,Amoura Fuentes,flat,100.0,100000.0,50000.0,1864,0,0.0,86400.0,86400.0,-13600.0
7906,Bowen Cantrell,flat,100.0,100000.0,50000.0,1970,0,0.0,97000.0,97000.0,-3000.0
7907,Yamileth Frost,flat,100.0,100000.0,50000.0,1983,0,0.0,98300.0,98300.0,-1700.0
7908,Dario Eaton,flat,100.0,100000.0,50000.0,1948,0,0.0,94800.0,94800.0,-5200.0
7909,Miley Gallegos,flat,100.0,100000.0,50000.0,1951,0,0.0,95100.0,95100.0,-4900.0
7910,Jonas Norton,flat,100.0,100000.0,50000.0,2004,0,0.0,100400.0,100400.0,400.0
7911,Kylee Hanson,flat,100.0,100000.0,50000.0,2032,0,0.0,103200.0,103200.0,3200.0
7912,Khalil Conrad,flat,100.0,100000.0,50000.0,1917,0,0.0,91700.0,91700.0,-8300.0
7913,Bexley Heath,flat,100.0,100000.0,50000.0,1957,0,0.0,95700.0,95700.0,-4300.0
7914,Lionel Trevino,flat,100.0,100000.0,50000.0,1959,0,0.0,95900.0,95900.0,-4100.0
7915,Priscilla Spencer,flat,100.0,100000.0,50000.0,1949,0,0.0,94900.0,94900.0,-5100.0
7916,Ace Mercado,flat,100.0,100000.0,50000.0,1925,0,0.0,92500.0,92500.0,-7500.0
7917,Mckinley Cain,flat,100.0,100000.0,50000.0,1923,0,0.0,92300.0,92300.0,-7700.0
7918,Benson Lee,flat,100.0,100000.0,50000.0,2004,0,0.0,100400.0,100400.0,400.0
7919,Scarlett Lane,flat,100.0,100000.0,50000.0,1871,0,0.0,87100.0,87100.0,-12900.0
7920,Matias Felix,flat,100.0,100000.0,50000.0,1931,0,0.0,93100.0,93100.0,-6900.0
7921,Paisleigh Macdonald,flat,100.0,100000.0,50000.0,1886,0,0.0,88600.0,88600.0,-11400.0
7922,Hugh Blevins,flat,100.0,100000.0,50000.0,1960,0,0.0,96000.0,96000.0,-4000.0
7923,Aila Hobbs,flat,100.0,100000.0,50000.0,1940,0,0.0,94000.0,94000.0,-6000.0
7924,Brendan Shaffer,flat,100.0,100000.0,50000.0,1921,0,0.0,92100.0,92100.0,-7900.0
7925,Alanna McCarthy,flat,100.0,100000.0,50000.0,1846,0,0.0,84600.0,84600.0,-15400.0
7926,Devin Brown,flat,100.0,100000.0,50000.0,1928,0,0.0,92800.0,92800.0,-7200.0
7927,Charlotte Garrison,flat,100.0,100000.0,50000.0,1949,0,0.0,94900.0,94900.0,-5100.0
7928,Noe Savage,flat,100.0,100000.0,50000.0,1887,0,0.0,88700.0,88700.0,-11300.0
7929,Louise Brooks,flat,100.0,100000.0,50000.0,1959,0,0.0,95900.0,95900.0,-4100.0
7930,Jordan Drake,flat,100.0,100000.0,50000.0,1944,0,0.0,94400.0,94400.0,-5600.0
7931,Jayleen Truong,flat,100.0,100000.0,50000.0,1938,0,0.0,93800.0,93800.0,-6200.0
7932,Ayan Clements,flat,100.0,100000.0,50000.0,1960,0,0.0,96000.0,96000.0,-4000.0
7933,Cara Villanueva,flat,100.0,100000.0,50000.0,1873,0,0.0,87300.0,87300.0,-12700.0
7934,Huxley Scott,flat,100.0,100000.0,50000.0,1881,0,0.0,88100.0,88100.0,-11900.0
7935,Aurora Cline,flat,100.0,100000.0,50000.0,1928,0,0.0,92800.0,92800.0,-7200.0
7936,Cullen Montoya,flat,100.0,100000.0,50000.0,1925,0,0.0,92500.0,92500.0,-7500.0
7937,Kamryn Khan,flat,100.0,100000.0,50000.0,1940,0,0.0,94000.0,94000.0,-6000.0
7938,Kendrick Livingston,flat,100.0,100000.0,50000.0,1884,0,0.0,88400.0,88400.0,-11600.0
7939,Milena Cannon,flat,100.0,100000.0,50000.0,2068,0,0.0,106800.0,106800.0,6800.0
7940,Archie Pierce,flat,100.0,100000.0,50000.0,1952,0,0.0,95200.0,95200.0,-4800.0
7941,Arabella Kaur,flat,100.0,100000.0,50000.0,1943,0,0.0,94300.0,94300.0,-5700.0
7942,Augustine Faulkner,flat,100.0,100000.0,50000.0,1942,0,0.0,94200.0,94200.0,-5800.0
7943,Ansley Williamson,flat,100.0,100000.0,50000.0,2058,0,0.0,105800.0,105800.0,5800.0
7944,Emerson Arnold,flat,100.0,100000.0,50000.0,1894,0,0.0,89400.0,89400.0,-10600.0
7945,Finley Valdez,flat,100.0,100000.0,50000.0,1950,0,0.0,95000.0,95000.0,-5000.0
7946,Kyler Gallegos,flat,100.0,100000.0,50000.0,1898,0,0.0,89800.0,89800.0,-10200.0
7947,Ari Truong,flat,100.0,100000.0,50000.0,1917,0,0.0,91700.0,91700.0,-8300.0
7948,Ayan Peck,flat,100.0,100000.0,50000.0,1921,0,0.0,92100.0,92100.0,-7900.0
7949,Crystal Gilbert,flat,100.0,100000.0,50000.0,1938,0,0.0,93800.0,93800.0,-6200.0
7950,Tobias Houston,flat,100.0,100000.0,50000.0,1942,0,0.0,94200.0,94200.0,-5800.0
7951,Lylah Guzman,flat,100.0,100000.0,50000.0,1888,0,0.0,88800.0,88800.0,-11200.0
7952,Jude Cordova,flat,100.0,100000.0,50000.0,2002,0,0.0,100200.0,100200.0,200.0
7953,Florence Quintana,flat,100.0,100000.0,50000.0,1864,0,0.0,86400.0,86400.0,-13600.0
7954,Kelvin Zavala,flat,100.0,100000.0,50000.0,1951,0,0.0,95100.0,95100.0,-4900.0
7955,Liv Lu,flat,100.0,100000.0,50000.0,1992,0,0.0,99200.0,99200.0,-800.0
7956,Duncan Manning,flat,100.0,100000.0,50000.0,1983,0,0.0,98300.0,98300.0,-1700.0
7957,Jennifer Stephenson,flat,100.0,100000.0,50000.0,1990,0,0.0,99000.0,99000.0,-1000.0
7958,Joe Christian,flat,100.0,100000.0,50000.0,1923,0,0.0,92300.0,92300.0,-7700.0
7959,Anahi Gates,flat,100.0,100000.0,50000.0,1958,0,0.0,95800.0,95800.0,-4200.0
7960,Ermias Greer,flat,100.0,100000.0,50000.0,2055,0,0.0,105500.0,105500.0,5500.0
7961,Reina Reyna,flat,100.0,100000.0,50000.0,1932,0,0.0,93200.0,93200.0,-6800.0
7962,Reginald Cochran,flat,100.0,100000.0,50000.0,1919,0,0.0,91900.0,91900.0,-8100.0
7963,Alma Becker,flat,100.0,100000.0,50000.0,1956,0,0.0,95600.0,95600.0,-4400.0
7964,Lawson Cook,flat,100.0,100000.0,50000.0,1951,0,0.0,95100.0,95100.0,-4900.0
7965,Aaliyah Mitchell,flat,100.0,100000.0,50000.0,1933,0,0.0,93300.0,93300.0,-6700.0
7966,Jaxon Wood,flat,100.0,100000.0,50000.0,1937,0,0.0,93700.0,93700.0,-6300.0
7967,Natalia Barber,flat,100.0,100000.0,50000.0,1953,0,0.0,95300.0,95300.0,-4700.0
7968,Solomon Sandoval,flat,100.0,100000.0,50000.0,1975,0,0.0,97500.0,97500.0,-2500.0
7969,Elsie Serrano,flat,100.0,100000.0,50000.0,1959,0,0.0,95900.0,95900.0,-4100.0
7970,Milan Burch,flat,100.0,100000.0,50000.0,1978,0,0.0,97800.0,97800.0,-2200.0
7971,Freyja Fletcher,flat,100.0,100000.0,50000.0,1945,0,0.0,94500.0,94500.0,-5500.0
7972,Jay Wade,flat,100.0,100000.0,50000.0,1882,0,0.0,88200.0,88200.0,-11800.0
7973,Evie Carlson,flat,100.0,100000.0,50000.0,1967,0,0.0,96700.0,96700.0,-3300.0
7974,Paul Castillo,flat,100.0,100000.0,50000.0,1957,0,0.0,95700.0,95700.0,-4300.0
7975,Eva Hendrix,flat,100.0,100000.0,50000.0,1945,0,0.0,94500.0,94500.0,-5500.0
7976,Korbyn Montgomery,flat,100.0,100000.0,50000.0,2017,0,0.0,101700.0,101700.0,1700.0
7977,Evangeline Schmitt,flat,100.0,100000.0,50000.0,1913,0,0.0,91300.0,91300.0,-8700.0
7978,Murphy Calhoun,flat,100.0,100000.0,50000.0,1939,0,0.0,93900.0,93900.0,-6100.0
7979,Thalia Terrell,flat,100.0,100000.0,50000.0,1920,0,0.0,92000.0,92000.0,-8000.0
7980,Jaxen Gould,flat,100.0,100000.0,50000.0,1943,0,0.0,94300.0,94300.0,-5700.0
7981,Violeta Erickson,flat,100.0,100000.0,50000.0,1945,0,0.0,94500.0,94500.0,-5500.0
7982,Johnny George,flat,100.0,100000.0,50000.0,2004,0,0.0,100400.0,100400.0,400.0
7983,Adelyn Pearson,flat,100.0,100000.0,50000.0,1851,0,0.0,85100.0,85100.0,-14900.0
7984,Gunner Nicholson,flat,100.0,100000.0,50000.0,1953,0,0.0,95300.0,95300.0,-4700.0
7985,Justice Cobb,flat,100.0,100000.0,50000.0,1894,0,0.0,89400.0,89400.0,-10600.0
7986,Raphael Patel,flat,100.0,100000.0,50000.0,1908,0,0.0,90800.0,90800.0,-9200.0
7987,Madeline Logan,flat,100.0,100000.0,50000.0,1891,0,0.0,89100.0,89100.0,-10900.0
7988,Rocco Harrell,flat,100.0,100000.0,50000.0,1909,0,0.0,90900.0,90900.0,-9100.0
7989,Kara Dudley,flat,100.0,100000.0,50000.0,1968,0,0.0,96800.0,96800.0,-3200.0
7990,Colter Floyd,flat,100.0,100000.0,50000.0,1945,0,0.0,94500.0,94500.0,-5500.0
7991,Yaretzi Jensen,flat,100.0,100000.0,50000.0,1936,0,0.0,93600.0,93600.0,-6400.0
7992,Cash Ellis,flat,100.0,100000.0,50000.0,1946,0,0.0,94600.0,94600.0,-5400.0
7993,Ayla Sampson,flat,100.0,100000.0,50000.0,1911,0,0.0,91100.0,91100.0,-8900.0
7994,Cain Ventura,flat,100.0,100000.0,50000.0,2010,0,0.0,101000.0,101000.0,1000.0
7995,Zora Park,flat,100.0,100000.0,50000.0,1930,0,0.0,93000.0,93000.0,-7000.0
7996,Daxton Pham,flat,100.0,100000.0,50000.0,1979,0,0.0,97900.0,97900.0,-2100.0
7997,Raelyn Clark,flat,100.0,100000.0,50000.0,1991,0,0.0,99100.0,99100.0,-900.0
7998,John Christensen,flat,100.0,100000.0,50000.0,1896,0,0.0,89600.0,89600.0,-10400.0
7999,Carmen Spence,flat,100.0,100000.0,50000.0,1899,0,0.0,89900.0,89900.0,-10100.0
8000,Cillian Mason,flat,100.0,100000.0,50000.0,1962,0,0.0,96200.0,96200.0,-3800.0
8001,Magnolia Foster,flat,100.0,100000.0,50000.0,1985,0,0.0,98500.0,98500.0,-1500.0
8002,Kayden Cox,flat,100.0,100000.0,50000.0,1986,0,0.0,98600.0,98600.0,-1400.0
8003,Sadie Costa,flat,100.0,100000.0,50000.0,1950,0,0.0,95000.0,95000.0,-5000.0
8004,Kenji Person,flat,100.0,100000.0,50000.0,1990,0,0.0,99000.0,99000.0,-1000.0
8005,Dylan Webb,flat,100.0,100000.0,50000.0,1934,0,0.0,93400.0,93400.0,-6600.0
8006,Lorenzo Phan,flat,100.0,100000.0,50000.0,2011,0,0.0,101100.0,101100.0,1100.0
8007,Elsa Avalos,flat,100.0,100000.0,50000.0,1948,0,0.0,94800.0,94800.0,-5200.0
8008,Coen Whitehead,flat,100.0,100000.0,50000.0,1968,0,0.0,96800.0,96800.0,-3200.0
8009,Sylvie Richardson,flat,100.0,100000.0,50000.0,1974,0,0.0,97400.0,97400.0,-2600.0
8010,Robert George,flat,100.0,100000.0,50000.0,1930,0,0.0,93000.0,93000.0,-7000.0
8011,Adelyn Morales,flat,100.0,100000.0,50000.0,1934,0,0.0,93400.0,93400.0,-6600.0
8012,Aaron Horn,flat,100.0,100000.0,50000.0,1993,0,0.0,99300.0,99300.0,-700.0
8013,Avah Nelson,flat,100.0,100000.0,50000.0,1892,0,0.0,89200.0,89200.0,-10800.0
8014,Dylan Marsh,flat,100.0,100000.0,50000.0,1877,0,0.0,87700.0,87700.0,-12300.0
8015,Adelina Blankenship,flat,100.0,100000.0,50000.0,1894,0,0.0,89400.0,89400.0,-10600.0
8016,Ernesto Salazar,flat,100.0,100000.0,50000.0,1900,0,0.0,90000.0,90000.0,-10000.0
8017,Freya Kelly,flat,100.0,100000.0,50000.0,1954,0,0.0,95400.0,95400.0,-4600.0
8018,Cooper Wilcox,flat,100.0,100000.0,50000.0,1979,0,0.0,97900.0,97900.0,-2100.0
8019,Ashlyn Chase,flat,100.0,100000.0,50000.0,1925,0,0.0,92500.0,92500.0,-7500.0
8020,Otis Tran,flat,100.0,100000.0,50000.0,1941,0,0.0,94100.0,94100.0,-5900.0
8021,Kylie Hancock,flat,100.0,100000.0,50000.0,1932,0,0.0,93200.0,93200.0,-6800.0
8022,Rex Brewer,flat,100.0,100000.0,50000.0,1987,0,0.0,98700.0,98700.0,-1300.0
8023,Thea Barton,flat,100.0,100000.0,50000.0,1939,0,0.0,93900.0,93900.0,-6100.0
8024,Cassius Pacheco,flat,100.0,100000.0,50000.0,1945,0,0.0,94500.0,94500.0,-5500.0
8025,Paris Logan,flat,100.0,100000.0,50000.0,1859,0,0.0,85900.0,85900.0,-14100.0
8026,Rocco Spears,flat,100.0,100000.0,50000.0,1957,0,0.0,95700.0,95700.0,-4300.0
8027,Isabela Wright,flat,100.0,100000.0,50000.0,1951,0,0.0,95100.0,95100.0,-4900.0
8028,Grayson Oliver,flat,100.0,100000.0,50000.0,1968,0,0.0,96800.0,96800.0,-3200.0
8029,Camille Dejesus,flat,100.0,100000.0,50000.0,1930,0,0.0,93000.0,93000.0,-7000.0
8030,Rio Todd,flat,100.0,100000.0,50000.0,1930,0,0.0,93000.0,93000.0,-7000.0
8031,Zariah Mann,flat,100.0,100000.0,50000.0,1953,0,0.0,95300.0,95300.0,-4700.0
8032,Nehemiah Turner,flat,100.0,100000.0,50000.0,2017,0,0.0,101700.0,101700.0,1700.0
8033,Brooklyn Dawson,flat,100.0,100000.0,50000.0,2006,0,0.0,100600.0,100600.0,600.0
8034,Iker Galvan,flat,100.0,100000.0,50000.0,1915,0,0.0,91500.0,91500.0,-8500.0
8035,Dallas Henderson,flat,100.0,100000.0,50000.0,2045,0,0.0,104500.0,104500.0,4500.0
8036,Beau Keith,flat,100.0,100000.0,50000.0,1960,0,0.0,96000.0,96000.0,-4000.0
8037,Elyse Everett,flat,100.0,100000.0,50000.0,1881,0,0.0,88100.0,88100.0,-11900.0
8038,Camilo Kirk,flat,100.0,100000.0,50000.0,1996,0,0.0,99600.0,99600.0,-400.0
8039,Ellis Hoover,flat,100.0,100000.0,50000.0,1919,0,0.0,91900.0,91900.0,-8100.0
8040,Jaziel Porter,flat,100.0,100000.0,50000.0,1865,0,0.0,86500.0,86500.0,-13500.0
8041,Ryleigh Mendoza,flat,100.0,100000.0,50000.0,1925,0,0.0,92500.0,92500.0,-7500.0
8042,Dominic Morgan,flat,100.0,100000.0,50000.0,1935,0,0.0,93500.0,93500.0,-6500.0
8043,Delilah King,flat,100.0,100000.0,50000.0,1957,0,0.0,95700.0,95700.0,-4300.0
8044,Julian Rodriguez,flat,100.0,100000.0,50000.0,1918,0,0.0,91800.0,91800.0,-8200.0
8045,Evelyn Beasley,flat,100.0,100000.0,50000.0,1989,0,0.0,98900.0,98900.0,-1100.0
8046,Stanley Campos,flat,100.0,100000.0,50000.0,2019,0,0.0,101900.0,101900.0,1900.0
8047,Sutton Chung,flat,100.0,100000.0,50000.0,1966,0,0.0,96600.0,96600.0,-3400.0
8048,Ira Lugo,flat,100.0,100000.0,50000.0,2006,0,0.0,100600.0,100600.0,600.0
8049,Kaylie Evans,flat,100.0,100000.0,50000.0,1999,0,0.0,99900.0,99900.0,-100.0
8050,Elias Conrad,flat,100.0,100000.0,50000.0,1996,0,0.0,99600.0,99600.0,-400.0
8051,Bexley Bass,flat,100.0,100000.0,50000.0,1980,0,0.0,98000.0,98000.0,-2000.0
8052,Landen Cline,flat,100.0,100000.0,50000.0,2020,0,0.0,102000.0,102000.0,2000.0
8053,Lina Blake,flat,100.0,100000.0,50000.0,1874,0,0.0,87400.0,87400.0,-12600.0
8054,Zyaire Bryant,flat,100.0,100000.0,50000.0,1983,0,0.0,98300.0,98300.0,-1700.0
8055,Parker Horn,flat,100.0,100000.0,50000.0,1884,0,0.0,88400.0,88400.0,-11600.0
8056,Wilson Hansen,flat,100.0,100000.0,50000.0,2008,0,0.0,100800.0,100800.0,800.0
8057,Hope Santos,flat,100.0,100000.0,50000.0,1932,0,0.0,93200.0,93200.0,-6800.0
8058,Walker Chambers,flat,100.0,100000.0,50000.0,2009,0,0.0,100900.0,100900.0,900.0
8059,Makayla Love,flat,100.0,100000.0,50000.0,1960,0,0.0,96000.0,96000.0,-4000.0
8060,Jeffrey McIntosh,flat,100.0,100000.0,50000.0,1951,0,0.0,95100.0,95100.0,-4900.0
8061,Gwen Bennett,flat,100.0,100000.0,50000.0,2016,0,0.0,101600.0,101600.0,1600.0
8062,Leonardo Pena,flat,100.0,100000.0,50000.0,1913,0,0.0,91300.0,91300.0,-8700.0
8063,Rachel Meadows,flat,100.0,100000.0,50000.0,1943,0,0.0,94300.0,94300.0,-5700.0
8064,Wayne Compton,flat,100.0,100000.0,50000.0,1940,0,0.0,94000.0,94000.0,-6000.0
8065,Elina Davis,flat,100.0,100000.0,50000.0,1829,0,0.0,82900.0,82900.0,-17100.0
8066,Lucas Hinton,flat,100.0,100000.0,50000.0,1977,0,0.0,97700.0,97700.0,-2300.0
8067,Jaelynn Woodard,flat,100.0,100000.0,50000.0,1891,0,0.0,89100.0,89100.0,-10900.0
8068,Westley Roberts,flat,100.0,100000.0,50000.0,1945,0,0.0,94500.0,94500.0,-5500.0
8069,Paisley Camacho,flat,100.0,100000.0,50000.0,1952,0,0.0,95200.0,95200.0,-4800.0
8070,Tatum Choi,flat,100.0,100000.0,50000.0,1967,0,0.0,96700.0,96700.0,-3300.0
8071,Karla Andersen,flat,100.0,100000.0,50000.0,1957,0,0.0,95700.0,95700.0,-4300.0
8072,Alistair Blankenship,flat,100.0,100000.0,50000.0,1937,0,0.0,93700.0,93700.0,-6300.0
8073,Rosalee Ibarra,flat,100.0,100000.0,50000.0,1925,0,0.0,92500.0,92500.0,-7500.0
8074,Asa Odom,flat,100.0,100000.0,50000.0,1966,0,0.0,96600.0,96600.0,-3400.0
8075,Laylani Meyer,flat,100.0,100000.0,50000.0,2028,0,0.0,102800.0,102800.0,2800.0
8076,Tristan Hicks,flat,100.0,100000.0,50000.0,1857,0,0.0,85700.0,85700.0,-14300.0
8077,Alina Dunlap,flat,100.0,100000.0,50000.0,1916,0,0.0,91600.0,91600.0,-8400.0
8078,Aries Cline,flat,100.0,100000.0,50000.0,1929,0,0.0,92900.0,92900.0,-7100.0
8079,Lina Rowe,flat,100.0,100000.0,50000.0,1932,0,0.0,93200.0,93200.0,-6800.0
8080,Kamden Villegas,flat,100.0,100000.0,50000.0,1991,0,0.0,99100.0,99100.0,-900.0
8081,Jessie Maynard,flat,100.0,100000.0,50000.0,2060,0,0.0,106000.0,106000.0,6000.0
8082,Landry Benitez,flat,100.0,100000.0,50000.0,1942,0,0.0,94200.0,94200.0,-5800.0
8083,Aliza Hahn,flat,100.0,100000.0,50000.0,1875,0,0.0,87500.0,87500.0,-12500.0
8084,Kabir Morrison,flat,100.0,100000.0,50000.0,1953,0,0.0,95300.0,95300.0,-4700.0
8085,Rebecca Dodson,flat,100.0,100000.0,50000.0,1969,0,0.0,96900.0,96900.0,-3100.0
8086,Seven Wu,flat,100.0,100000.0,50000.0,1953,0,0.0,95300.0,95300.0,-4700.0
8087,Liana McKenzie,flat,100.0,100000.0,50000.0,2006,0,0.0,100600.0,100600.0,600.0
8088,Scott Conner,flat,100.0,100000.0,50000.0,1956,0,0.0,95600.0,95600.0,-4400.0
8089,Alondra Gonzales,flat,100.0,100000.0,50000.0,2003,0,0.0,100300.0,100300.0,300.0
8090,Brayden Shaw,flat,100.0,100000.0,50000.0,1907,0,0.0,90700.0,90700.0,-9300.0
8091,Emersyn Reyes,flat,100.0,100000.0,50000.0,1995,0,0.0,99500.0,99500.0,-500.0
8092,Eli Barron,flat,100.0,100000.0,50000.0,1934,0,0.0,93400.0,93400.0,-6600.0
8093,Anya Young,flat,100.0,100000.0,50000.0,1903,0,0.0,90300.0,90300.0,-9700.0
8094,Asher McIntyre,flat,100.0,100000.0,50000.0,1884,0,0.0,88400.0,88400.0,-11600.0
8095,Rebekah Tate,flat,100.0,100000.0,50000.0,1929,0,0.0,92900.0,92900.0,-7100.0
8096,Dalton Bryant,flat,100.0,100000.0,50000.0,1946,0,0.0,94600.0,94600.0,-5400.0
8097,Parker Callahan,flat,100.0,100000.0,50000.0,1967,0,0.0,96700.0,96700.0,-3300.0
8098,Quinton Sharp,flat,100.0,100000.0,50000.0,1987,0,0.0,98700.0,98700.0,-1300.0
8099,Camryn Cox,flat,100.0,100000.0,50000.0,1930,0,0.0,93000.0,93000.0,-7000.0
8100,Connor David,flat,100.0,100000.0,50000.0,2023,0,0.0,102300.0,102300.0,2300.0
8101,Haylee Hanson,flat,100.0,100000.0,50000.0,1977,0,0.0,97700.0,97700.0,-2300.0
8102,Khalil Adams,flat,100.0,100000.0,50000.0,1989,0,0.0,98900.0,98900.0,-1100.0
8103,Stella Roy,flat,100.0,100000.0,50000.0,1917,0,0.0,91700.0,91700.0,-8300.0
8104,Marcelo Esparza,flat,100.0,100000.0,50000.0,1918,0,0.0,91800.0,91800.0,-8200.0
8105,Ramona Barrera,flat,100.0,100000.0,50000.0,2038,0,0.0,103800.0,103800.0,3800.0
8106,Makai Hodge,flat,100.0,100000.0,50000.0,1945,0,0.0,94500.0,94500.0,-5500.0
8107,Coraline Avery,flat,100.0,100000.0,50000.0,1923,0,0.0,92300.0,92300.0,-7700.0
8108,Jakari Lugo,flat,100.0,100000.0,50000.0,1942,0,0.0,94200.0,94200.0,-5800.0
8109,Kaylie Hendricks,flat,100.0,100000.0,50000.0,1974,0,0.0,97400.0,97400.0,-2600.0
8110,Dash Blevins,flat,100.0,100000.0,50000.0,1982,0,0.0,98200.0,98200.0,-1800.0
8111,Aila Ho,flat,100.0,100000.0,50000.0,2014,0,0.0,101400.0,101400.0,1400.0
8112,Morgan Wilcox,flat,100.0,100000.0,50000.0,1954,0,0.0,95400.0,95400.0,-4600.0
8113,Ashlyn Moss,flat,100.0,100000.0,50000.0,1851,0,0.0,85100.0,85100.0,-14900.0
8114,Porter Day,flat,100.0,100000.0,50000.0,1942,0,0.0,94200.0,94200.0,-5800.0
8115,Hayden Dennis,flat,100.0,100000.0,50000.0,1950,0,0.0,95000.0,95000.0,-5000.0
8116,Emanuel Blevins,flat,100.0,100000.0,50000.0,1901,0,0.0,90100.0,90100.0,-9900.0
8117,Aila Morse,flat,100.0,100000.0,50000.0,1955,0,0.0,95500.0,95500.0,-4500.0
8118,Bode Sellers,flat,100.0,100000.0,50000.0,1991,0,0.0,99100.0,99100.0,-900.0
8119,Mercy Sheppard,flat,100.0,100000.0,50000.0,1892,0,0.0,89200.0,89200.0,-10800.0
8120,Trent Tate,flat,100.0,100000.0,50000.0,1939,0,0.0,93900.0,93900.0,-6100.0
8121,Skye Bartlett,flat,100.0,100000.0,50000.0,1972,0,0.0,97200.0,97200.0,-2800.0
8122,Kace Whitney,flat,100.0,100000.0,50000.0,1921,0,0.0,92100.0,92100.0,-7900.0
8123,Madalynn Galvan,flat,100.0,100000.0,50000.0,2043,0,0.0,104300.0,104300.0,4300.0
8124,Kingsley Owens,flat,100.0,100000.0,50000.0,1884,0,0.0,88400.0,88400.0,-11600.0
8125,Amaya Vance,flat,100.0,100000.0,50000.0,1927,0,0.0,92700.0,92700.0,-7300.0
8126,Casen Stevenson,flat,100.0,100000.0,50000.0,2008,0,0.0,100800.0,100800.0,800.0
8127,Regina Turner,flat,100.0,100000.0,50000.0,1945,0,0.0,94500.0,94500.0,-5500.0
8128,Joshua Stout,flat,100.0,100000.0,50000.0,1926,0,0.0,92600.0,92600.0,-7400.0
8129,Chana Valenzuela,flat,100.0,100000.0,50000.0,1963,0,0.0,96300.0,96300.0,-3700.0
8130,Jamari Freeman,flat,100.0,100000.0,50000.0,1949,0,0.0,94900.0,94900.0,-5100.0
8131,Norah Stein,flat,100.0,100000.0,50000.0,1896,0,0.0,89600.0,89600.0,-10400.0
8132,Creed Goodman,flat,100.0,100000.0,50000.0,1902,0,0.0,90200.0,90200.0,-9800.0
8133,Carolina Miles,flat,100.0,100000.0,50000.0,1916,0,0.0,91600.0,91600.0,-8400.0
8134,Jared Guzman,flat,100.0,100000.0,50000.0,1987,0,0.0,98700.0,98700.0,-1300.0
8135,Ashley Lawrence,flat,100.0,100000.0,50000.0,2002,0,0.0,100200.0,100200.0,200.0
8136,Kaleb Person,flat,100.0,100000.0,50000.0,1963,0,0.0,96300.0,96300.0,-3700.0
8137,Dylan Lugo,flat,100.0,100000.0,50000.0,1922,0,0.0,92200.0,92200.0,-7800.0
8138,Santos Leach,flat,100.0,100000.0,50000.0,1935,0,0.0,93500.0,93500.0,-6500.0
8139,Martha Pena,flat,100.0,100000.0,50000.0,1907,0,0.0,90700.0,90700.0,-9300.0
8140,Marcus Farley,flat,100.0,100000.0,50000.0,1954,0,0.0,95400.0,95400.0,-4600.0
8141,Wrenley Knight,flat,100.0,100000.0,50000.0,1952,0,0.0,95200.0,95200.0,-4800.0
8142,Beckett Armstrong,flat,100.0,100000.0,50000.0,2020,0,0.0,102000.0,102000.0,2000.0
8143,Presley O’Neill,flat,100.0,100000.0,50000.0,1927,0,0.0,92700.0,92700.0,-7300.0
8144,Marcel Shepherd,flat,100.0,100000.0,50000.0,2016,0,0.0,101600.0,101600.0,1600.0
8145,Katalina Scott,flat,100.0,100000.0,50000.0,1962,0,0.0,96200.0,96200.0,-3800.0
8146,Leo Wheeler,flat,100.0,100000.0,50000.0,1990,0,0.0,99000.0,99000.0,-1000.0
8147,Sydney Novak,flat,100.0,100000.0,50000.0,1986,0,0.0,98600.0,98600.0,-1400.0
8148,Bishop Leon,flat,100.0,100000.0,50000.0,1892,0,0.0,89200.0,89200.0,-10800.0
8149,Amora Madden,flat,100.0,100000.0,50000.0,1921,0,0.0,92100.0,92100.0,-7900.0
8150,Everest Evans,flat,100.0,100000.0,50000.0,1958,0,0.0,95800.0,95800.0,-4200.0
8151,Eliana Douglas,flat,100.0,100000.0,50000.0,1876,0,0.0,87600.0,87600.0,-12400.0
8152,Derek Spencer,flat,100.0,100000.0,50000.0,1873,0,0.0,87300.0,87300.0,-12700.0
8153,Alyssa Flowers,flat,100.0,100000.0,50000.0,1938,0,0.0,93800.0,93800.0,-6200.0
8154,Saul Gross,flat,100.0,100000.0,50000.0,1930,0,0.0,93000.0,93000.0,-7000.0
8155,Angel Ayers,flat,100.0,100000.0,50000.0,1863,0,0.0,86300.0,86300.0,-13700.0
8156,Ulises Farley,flat,100.0,100000.0,50000.0,1985,0,0.0,98500.0,98500.0,-1500.0
8157,Wrenley Holt,flat,100.0,100000.0,50000.0,1937,0,0.0,93700.0,93700.0,-6300.0
8158,Niko Johnson,flat,100.0,100000.0,50000.0,1862,0,0.0,86200.0,86200.0,-13800.0
8159,Emma Fleming,flat,100.0,100000.0,50000.0,1913,0,0.0,91300.0,91300.0,-8700.0
8160,Fernando Odom,flat,100.0,100000.0,50000.0,1968,0,0.0,96800.0,96800.0,-3200.0
8161,Laylani Mitchell,flat,100.0,100000.0,50000.0,2029,0,0.0,102900.0,102900.0,2900.0
8162,Jaxon Best,flat,100.0,100000.0,50000.0,1950,0,0.0,95000.0,95000.0,-5000.0
8163,Lexie Willis,flat,100.0,100000.0,50000.0,1938,0,0.0,93800.0,93800.0,-6200.0
8164,Remington Richard,flat,100.0,100000.0,50000.0,1903,0,0.0,90300.0,90300.0,-9700.0
8165,Davina O’brien,flat,100.0,100000.0,50000.0,1989,0,0.0,98900.0,98900.0,-1100.0
8166,Riley Robles,flat,100.0,100000.0,50000.0,1985,0,0.0,98500.0,98500.0,-1500.0
8167,Felicity Bravo,flat,100.0,100000.0,50000.0,1923,0,0.0,92300.0,92300.0,-7700.0
8168,Genesis Stokes,flat,100.0,100000.0,50000.0,1898,0,0.0,89800.0,89800.0,-10200.0
8169,Miranda Baker,flat,100.0,100000.0,50000.0,1887,0,0.0,88700.0,88700.0,-11300.0
8170,Ezra Rush,flat,100.0,100000.0,50000.0,1909,0,0.0,90900.0,90900.0,-9100.0
8171,Maleah Chapman,flat,100.0,100000.0,50000.0,1919,0,0.0,91900.0,91900.0,-8100.0
8172,Knox Stewart,flat,100.0,100000.0,50000.0,1975,0,0.0,97500.0,97500.0,-2500.0
8173,Maya Vega,flat,100.0,100000.0,50000.0,1968,0,0.0,96800.0,96800.0,-3200.0
8174,Aidan Norton,flat,100.0,100000.0,50000.0,1945,0,0.0,94500.0,94500.0,-5500.0
8175,Kylee Arnold,flat,100.0,100000.0,50000.0,1917,0,0.0,91700.0,91700.0,-8300.0
8176,Abraham Weiss,flat,100.0,100000.0,50000.0,1954,0,0.0,95400.0,95400.0,-4600.0
8177,Lennox Bentley,flat,100.0,100000.0,50000.0,1990,0,0.0,99000.0,99000.0,-1000.0
8178,Randy Cano,flat,100.0,100000.0,50000.0,1966,0,0.0,96600.0,96600.0,-3400.0
8179,Egypt Hicks,flat,100.0,100000.0,50000.0,1905,0,0.0,90500.0,90500.0,-9500.0
8180,Maddox Knight,flat,100.0,100000.0,50000.0,1941,0,0.0,94100.0,94100.0,-5900.0
8181,Gracie Carey,flat,100.0,100000.0,50000.0,2013,0,0.0,101300.0,101300.0,1300.0
8182,Watson Casey,flat,100.0,100000.0,50000.0,1950,0,0.0,95000.0,95000.0,-5000.0
8183,Sylvia Lam,flat,100.0,100000.0,50000.0,1870,0,0.0,87000.0,87000.0,-13000.0
8184,Bodie Avery,flat,100.0,100000.0,50000.0,1886,0,0.0,88600.0,88600.0,-11400.0
8185,Meghan Rivera,flat,100.0,100000.0,50000.0,1965,0,0.0,96500.0,96500.0,-3500.0
8186,Charles Moreno,flat,100.0,100000.0,50000.0,2029,0,0.0,102900.0,102900.0,2900.0
8187,Mary Norris,flat,100.0,100000.0,50000.0,1973,0,0.0,97300.0,97300.0,-2700.0
8188,Cairo Humphrey,flat,100.0,100000.0,50000.0,2015,0,0.0,101500.0,101500.0,1500.0
8189,Journi Gonzalez,flat,100.0,100000.0,50000.0,2029,0,0.0,102900.0,102900.0,2900.0
8190,Ethan Lin,flat,100.0,100000.0,50000.0,1948,0,0.0,94800.0,94800.0,-5200.0
8191,Makenna Fischer,flat,100.0,100000.0,50000.0,1937,0,0.0,93700.0,93700.0,-6300.0
8192,Leonidas Rivera,flat,100.0,100000.0,50000.0,1943,0,0.0,94300.0,94300.0,-5700.0
8193,Lillian Gallegos,flat,100.0,100000.0,50000.0,1910,0,0.0,91000.0,91000.0,-9000.0
8194,Jonas Daniels,flat,100.0,100000.0,50000.0,1932,0,0.0,93200.0,93200.0,-6800.0
8195,Ember Murphy,flat,100.0,100000.0,50000.0,1930,0,0.0,93000.0,93000.0,-7000.0
8196,Cameron Choi,flat,100.0,100000.0,50000.0,1916,0,0.0,91600.0,91600.0,-8400.0
8197,Karla Hahn,flat,100.0,100000.0,50000.0,2007,0,0.0,100700.0,100700.0,700.0
8198,Kabir Griffith,flat,100.0,100000.0,50000.0,1866,0,0.0,86600.0,86600.0,-13400.0
8199,Alicia West,flat,100.0,100000.0,50000.0,1944,0,0.0,94400.0,94400.0,-5600.0
8200,Diego Frye,flat,100.0,100000.0,50000.0,1916,0,0.0,91600.0,91600.0,-8400.0
8201,Raya Malone,flat,100.0,100000.0,50000.0,1943,0,0.0,94300.0,94300.0,-5700.0
8202,Ruben Odom,flat,100.0,100000.0,50000.0,1977,0,0.0,97700.0,97700.0,-2300.0
8203,Laylani Munoz,flat,100.0,100000.0,50000.0,1904,0,0.0,90400.0,90400.0,-9600.0
8204,Justin Cannon,flat,100.0,100000.0,50000.0,2011,0,0.0,101100.0,101100.0,1100.0
8205,Noa Lester,flat,100.0,100000.0,50000.0,1935,0,0.0,93500.0,93500.0,-6500.0
8206,Lee McIntosh,flat,100.0,100000.0,50000.0,1988,0,0.0,98800.0,98800.0,-1200.0
8207,Gwen Medina,flat,100.0,100000.0,50000.0,1988,0,0.0,98800.0,98800.0,-1200.0
8208,George Huang,flat,100.0,100000.0,50000.0,1946,0,0.0,94600.0,94600.0,-5400.0
8209,Francesca Zuniga,flat,100.0,100000.0,50000.0,1943,0,0.0,94300.0,94300.0,-5700.0
8210,Sincere Cantu,flat,100.0,100000.0,50000.0,1924,0,0.0,92400.0,92400.0,-7600.0
8211,Galilea Archer,flat,100.0,100000.0,50000.0,1945,0,0.0,94500.0,94500.0,-5500.0
8212,Ephraim Andrade,flat,100.0,100000.0,50000.0,1968,0,0.0,96800.0,96800.0,-3200.0
8213,Emmy Michael,flat,100.0,100000.0,50000.0,1986,0,0.0,98600.0,98600.0,-1400.0
8214,Bronson Fowler,flat,100.0,100000.0,50000.0,1994,0,0.0,99400.0,99400.0,-600.0
8215,Lennon Lewis,flat,100.0,100000.0,50000.0,1935,0,0.0,93500.0,93500.0,-6500.0
8216,Wyatt Eaton,flat,100.0,100000.0,50000.0,1931,0,0.0,93100.0,93100.0,-6900.0
8217,Miley Pacheco,flat,100.0,100000.0,50000.0,1942,0,0.0,94200.0,94200.0,-5800.0
8218,Erik Chase,flat,100.0,100000.0,50000.0,1871,0,0.0,87100.0,87100.0,-12900.0
8219,Angie Corona,flat,100.0,100000.0,50000.0,1932,0,0.0,93200.0,93200.0,-6800.0
8220,Darian Berry,flat,100.0,100000.0,50000.0,1979,0,0.0,97900.0,97900.0,-2100.0
8221,Annabelle Yates,flat,100.0,100000.0,50000.0,1960,0,0.0,96000.0,96000.0,-4000.0
8222,Braylon Bean,flat,100.0,100000.0,50000.0,1999,0,0.0,99900.0,99900.0,-100.0
8223,Jenesis Richmond,flat,100.0,100000.0,50000.0,1915,0,0.0,91500.0,91500.0,-8500.0
8224,Mordechai Kemp,flat,100.0,100000.0,50000.0,1904,0,0.0,90400.0,90400.0,-9600.0
8225,Anika Roy,flat,100.0,100000.0,50000.0,1927,0,0.0,92700.0,92700.0,-7300.0
8226,Marcelo Watts,flat,100.0,100000.0,50000.0,1906,0,0.0,90600.0,90600.0,-9400.0
8227,Melissa Rosas,flat,100.0,100000.0,50000.0,1897,0,0.0,89700.0,89700.0,-10300.0
8228,Remi Parra,flat,100.0,100000.0,50000.0,1931,0,0.0,93100.0,93100.0,-6900.0
8229,Dalary O’Neill,flat,100.0,100000.0,50000.0,1891,0,0.0,89100.0,89100.0,-10900.0
8230,Marcel Espinosa,flat,100.0,100000.0,50000.0,1951,0,0.0,95100.0,95100.0,-4900.0
8231,Braylee Bowers,flat,100.0,100000.0,50000.0,1952,0,0.0,95200.0,95200.0,-4800.0
8232,Dorian Dalton,flat,100.0,100000.0,50000.0,1914,0,0.0,91400.0,91400.0,-8600.0
8233,Lilian Dudley,flat,100.0,100000.0,50000.0,1934,0,0.0,93400.0,93400.0,-6600.0
8234,Colter Colon,flat,100.0,100000.0,50000.0,1918,0,0.0,91800.0,91800.0,-8200.0
8235,Remy McGee,flat,100.0,100000.0,50000.0,1963,0,0.0,96300.0,96300.0,-3700.0
8236,Conner Nguyen,flat,100.0,100000.0,50000.0,1958,0,0.0,95800.0,95800.0,-4200.0
8237,Nova Thornton,flat,100.0,100000.0,50000.0,1835,0,0.0,83500.0,83500.0,-16500.0
8238,Malik Lowe,flat,100.0,100000.0,50000.0,1971,0,0.0,97100.0,97100.0,-2900.0
8239,Amari Nelson,flat,100.0,100000.0,50000.0,2000,0,0.0,100000.0,100000.0,0.0
8240,Dylan Holt,flat,100.0,100000.0,50000.0,1989,0,0.0,98900.0,98900.0,-1100.0
8241,Adelynn Christensen,flat,100.0,100000.0,50000.0,1949,0,0.0,94900.0,94900.0,-5100.0
8242,Gregory Henry,flat,100.0,100000.0,50000.0,1907,0,0.0,90700.0,90700.0,-9300.0
8243,Summer Hutchinson,flat,100.0,100000.0,50000.0,1981,0,0.0,98100.0,98100.0,-1900.0
8244,Korbin Jennings,flat,100.0,100000.0,50000.0,1926,0,0.0,92600.0,92600.0,-7400.0
8245,Palmer Meyer,flat,100.0,100000.0,50000.0,1917,0,0.0,91700.0,91700.0,-8300.0
8246,Tristan McKay,flat,100.0,100000.0,50000.0,2001,0,0.0,100100.0,100100.0,100.0
8247,Leanna Kim,flat,100.0,100000.0,50000.0,1966,0,0.0,96600.0,96600.0,-3400.0
8248,Roman Lamb,flat,100.0,100000.0,50000.0,1932,0,0.0,93200.0,93200.0,-6800.0
8249,Amaia Lynch,flat,100.0,100000.0,50000.0,1971,0,0.0,97100.0,97100.0,-2900.0
8250,Zane Fuller,flat,100.0,100000.0,50000.0,1931,0,0.0,93100.0,93100.0,-6900.0
8251,Oakley Richardson,flat,100.0,100000.0,50000.0,1942,0,0.0,94200.0,94200.0,-5800.0
8252,Robert Correa,flat,100.0,100000.0,50000.0,1982,0,0.0,98200.0,98200.0,-1800.0
8253,Valery Neal,flat,100.0,100000.0,50000.0,1932,0,0.0,93200.0,93200.0,-6800.0
8254,Kane Hale,flat,100.0,100000.0,50000.0,1913,0,0.0,91300.0,91300.0,-8700.0
8255,Brinley Bender,flat,100.0,100000.0,50000.0,1946,0,0.0,94600.0,94600.0,-5400.0
8256,Zavier Donaldson,flat,100.0,100000.0,50000.0,1872,0,0.0,87200.0,87200.0,-12800.0
8257,Natasha Avalos,flat,100.0,100000.0,50000.0,2021,0,0.0,102100.0,102100.0,2100.0
8258,Coen Franco,flat,100.0,100000.0,50000.0,1971,0,0.0,97100.0,97100.0,-2900.0
8259,Charleigh Morrison,flat,100.0,100000.0,50000.0,1957,0,0.0,95700.0,95700.0,-4300.0
8260,Maximus Ellison,flat,100.0,100000.0,50000.0,1962,0,0.0,96200.0,96200.0,-3800.0
8261,Raina Stein,flat,100.0,100000.0,50000.0,1950,0,0.0,95000.0,95000.0,-5000.0
8262,Creed Lu,flat,100.0,100000.0,50000.0,1946,0,0.0,94600.0,94600.0,-5400.0
8263,Emani Villarreal,flat,100.0,100000.0,50000.0,2009,0,0.0,100900.0,100900.0,900.0
8264,Nikolai McDaniel,flat,100.0,100000.0,50000.0,1934,0,0.0,93400.0,93400.0,-6600.0
8265,Dahlia Noble,flat,100.0,100000.0,50000.0,1910,0,0.0,91000.0,91000.0,-9000.0
8266,Idris Holloway,flat,100.0,100000.0,50000.0,1958,0,0.0,95800.0,95800.0,-4200.0
8267,Mae Garrett,flat,100.0,100000.0,50000.0,2029,0,0.0,102900.0,102900.0,2900.0
8268,Kairo Christensen,flat,100.0,100000.0,50000.0,2017,0,0.0,101700.0,101700.0,1700.0
8269,Carmen Elliott,flat,100.0,100000.0,50000.0,1980,0,0.0,98000.0,98000.0,-2000.0
8270,Blake Knight,flat,100.0,100000.0,50000.0,2016,0,0.0,101600.0,101600.0,1600.0
8271,Gracie Bradshaw,flat,100.0,100000.0,50000.0,1955,0,0.0,95500.0,95500.0,-4500.0
8272,Emory Banks,flat,100.0,100000.0,50000.0,1931,0,0.0,93100.0,93100.0,-6900.0
8273,Cali Pittman,flat,100.0,100000.0,50000.0,1944,0,0.0,94400.0,94400.0,-5600.0
8274,Valentino McClain,flat,100.0,100000.0,50000.0,1989,0,0.0,98900.0,98900.0,-1100.0
8275,Marleigh Pham,flat,100.0,100000.0,50000.0,1848,0,0.0,84800.0,84800.0,-15200.0
8276,Russell Thomas,flat,100.0,100000.0,50000.0,1899,0,0.0,89900.0,89900.0,-10100.0
8277,Elizabeth Carey,flat,100.0,100000.0,50000.0,2010,0,0.0,101000.0,101000.0,1000.0
8278,Watson Gutierrez,flat,100.0,100000.0,50000.0,2017,0,0.0,101700.0,101700.0,1700.0
8279,Savannah Neal,flat,100.0,100000.0,50000.0,1893,0,0.0,89300.0,89300.0,-10700.0
8280,Kane Edwards,flat,100.0,100000.0,50000.0,1885,0,0.0,88500.0,88500.0,-11500.0
8281,Ivy Jarvis,flat,100.0,100000.0,50000.0,1911,0,0.0,91100.0,91100.0,-8900.0
8282,Marlon Campbell,flat,100.0,100000.0,50000.0,1943,0,0.0,94300.0,94300.0,-5700.0
8283,Addison Reeves,flat,100.0,100000.0,50000.0,1955,0,0.0,95500.0,95500.0,-4500.0
8284,Clark Meyer,flat,100.0,100000.0,50000.0,1987,0,0.0,98700.0,98700.0,-1300.0
8285,Sara Chavez,flat,100.0,100000.0,50000.0,1886,0,0.0,88600.0,88600.0,-11400.0
8286,Ian Gilbert,flat,100.0,100000.0,50000.0,2006,0,0.0,100600.0,100600.0,600.0
8287,Jocelyn Nicholson,flat,100.0,100000.0,50000.0,2011,0,0.0,101100.0,101100.0,1100.0
8288,Rodrigo Gutierrez,flat,100.0,100000.0,50000.0,1897,0,0.0,89700.0,89700.0,-10300.0
8289,Savannah Thornton,flat,100.0,100000.0,50000.0,1886,0,0.0,88600.0,88600.0,-11400.0
8290,Malik Hensley,flat,100.0,100000.0,50000.0,1994,0,0.0,99400.0,99400.0,-600.0
8291,Malaya Charles,flat,100.0,100000.0,50000.0,1972,0,0.0,97200.0,97200.0,-2800.0
8292,Conrad Ballard,flat,100.0,100000.0,50000.0,2051,0,0.0,105100.0,105100.0,5100.0
8293,Alejandra Washington,flat,100.0,100000.0,50000.0,1892,0,0.0,89200.0,89200.0,-10800.0
8294,Juan Kane,flat,100.0,100000.0,50000.0,1948,0,0.0,94800.0,94800.0,-5200.0
8295,Ellianna Grant,flat,100.0,100000.0,50000.0,1951,0,0.0,95100.0,95100.0,-4900.0
8296,Leon McDaniel,flat,100.0,100000.0,50000.0,1959,0,0.0,95900.0,95900.0,-4100.0
8297,Dahlia Kemp,flat,100.0,100000.0,50000.0,1956,0,0.0,95600.0,95600.0,-4400.0
8298,Melvin Richard,flat,100.0,100000.0,50000.0,1955,0,0.0,95500.0,95500.0,-4500.0
8299,Davina Mays,flat,100.0,100000.0,50000.0,1913,0,0.0,91300.0,91300.0,-8700.0
8300,Jadiel Maxwell,flat,100.0,100000.0,50000.0,1994,0,0.0,99400.0,99400.0,-600.0
8301,Kyla Gallegos,flat,100.0,100000.0,50000.0,2020,0,0.0,102000.0,102000.0,2000.0
8302,Jonas Truong,flat,100.0,100000.0,50000.0,1959,0,0.0,95900.0,95900.0,-4100.0
8303,Judith Palmer,flat,100.0,100000.0,50000.0,1969,0,0.0,96900.0,96900.0,-3100.0
8304,Theo House,flat,100.0,100000.0,50000.0,1917,0,0.0,91700.0,91700.0,-8300.0
8305,Sariah Mays,flat,100.0,100000.0,50000.0,1939,0,0.0,93900.0,93900.0,-6100.0
8306,Jadiel Spence,flat,100.0,100000.0,50000.0,1971,0,0.0,97100.0,97100.0,-2900.0
8307,Aislinn Reyes,flat,100.0,100000.0,50000.0,1923,0,0.0,92300.0,92300.0,-7700.0
8308,Eli Watson,flat,100.0,100000.0,50000.0,1941,0,0.0,94100.0,94100.0,-5900.0
8309,Hailey Hampton,flat,100.0,100000.0,50000.0,1948,0,0.0,94800.0,94800.0,-5200.0
8310,Hank Harrison,flat,100.0,100000.0,50000.0,1915,0,0.0,91500.0,91500.0,-8500.0
8311,Jasmine Sampson,flat,100.0,100000.0,50000.0,1915,0,0.0,91500.0,91500.0,-8500.0
8312,Cain Shepard,flat,100.0,100000.0,50000.0,1982,0,0.0,98200.0,98200.0,-1800.0
8313,Noor Velasquez,flat,100.0,100000.0,50000.0,1960,0,0.0,96000.0,96000.0,-4000.0
8314,Sullivan Montgomery,flat,100.0,100000.0,50000.0,1877,0,0.0,87700.0,87700.0,-12300.0
8315,Evangeline Garner,flat,100.0,100000.0,50000.0,1943,0,0.0,94300.0,94300.0,-5700.0
8316,Sage Melton,flat,100.0,100000.0,50000.0,1948,0,0.0,94800.0,94800.0,-5200.0
8317,Kamiyah Valentine,flat,100.0,100000.0,50000.0,1961,0,0.0,96100.0,96100.0,-3900.0
8318,Demetrius Olsen,flat,100.0,100000.0,50000.0,2006,0,0.0,100600.0,100600.0,600.0
8319,Oaklyn Bautista,flat,100.0,100000.0,50000.0,1926,0,0.0,92600.0,92600.0,-7400.0
8320,Raul Maddox,flat,100.0,100000.0,50000.0,1916,0,0.0,91600.0,91600.0,-8400.0
8321,Zainab Proctor,flat,100.0,100000.0,50000.0,1910,0,0.0,91000.0,91000.0,-9000.0
8322,Vance Bullock,flat,100.0,100000.0,50000.0,1946,0,0.0,94600.0,94600.0,-5400.0
8323,Winnie Walls,flat,100.0,100000.0,50000.0,1971,0,0.0,97100.0,97100.0,-2900.0
8324,Larry Montoya,flat,100.0,100000.0,50000.0,1883,0,0.0,88300.0,88300.0,-11700.0
8325,Kamryn Vincent,flat,100.0,100000.0,50000.0,1912,0,0.0,91200.0,91200.0,-8800.0
8326,Aarav Barker,flat,100.0,100000.0,50000.0,2046,0,0.0,104600.0,104600.0,4600.0
8327,Remington Gallagher,flat,100.0,100000.0,50000.0,1952,0,0.0,95200.0,95200.0,-4800.0
8328,Marcos Carrillo,flat,100.0,100000.0,50000.0,1950,0,0.0,95000.0,95000.0,-5000.0
8329,Kaylani McIntosh,flat,100.0,100000.0,50000.0,1984,0,0.0,98400.0,98400.0,-1600.0
8330,Kristian Mullins,flat,100.0,100000.0,50000.0,1886,0,0.0,88600.0,88600.0,-11400.0
8331,Maliyah Steele,flat,100.0,100000.0,50000.0,1953,0,0.0,95300.0,95300.0,-4700.0
8332,Elian Hester,flat,100.0,100000.0,50000.0,1994,0,0.0,99400.0,99400.0,-600.0
8333,Zendaya Christensen,flat,100.0,100000.0,50000.0,1982,0,0.0,98200.0,98200.0,-1800.0
8334,Gregory Blanchard,flat,100.0,100000.0,50000.0,1957,0,0.0,95700.0,95700.0,-4300.0
8335,Layne Valenzuela,flat,100.0,100000.0,50000.0,1891,0,0.0,89100.0,89100.0,-10900.0
8336,Jamari Le,flat,100.0,100000.0,50000.0,1961,0,0.0,96100.0,96100.0,-3900.0
8337,Myla Hill,flat,100.0,100000.0,50000.0,1924,0,0.0,92400.0,92400.0,-7600.0
8338,Isaac McBride,flat,100.0,100000.0,50000.0,1960,0,0.0,96000.0,96000.0,-4000.0
8339,Kelsey Watts,flat,100.0,100000.0,50000.0,1986,0,0.0,98600.0,98600.0,-1400.0
8340,Dakota Galvan,flat,100.0,100000.0,50000.0,1898,0,0.0,89800.0,89800.0,-10200.0
8341,Dallas Dean,flat,100.0,100000.0,50000.0,1952,0,0.0,95200.0,95200.0,-4800.0
8342,Ronan Brock,flat,100.0,100000.0,50000.0,1977,0,0.0,97700.0,97700.0,-2300.0
8343,Jada Adams,flat,100.0,100000.0,50000.0,1940,0,0.0,94000.0,94000.0,-6000.0
8344,Hudson Carey,flat,100.0,100000.0,50000.0,1995,0,0.0,99500.0,99500.0,-500.0
8345,Alora Rios,flat,100.0,100000.0,50000.0,1994,0,0.0,99400.0,99400.0,-600.0
8346,Israel Tucker,flat,100.0,100000.0,50000.0,1969,0,0.0,96900.0,96900.0,-3100.0
8347,Esther Swanson,flat,100.0,100000.0,50000.0,2016,0,0.0,101600.0,101600.0,1600.0
8348,Hugo Pearson,flat,100.0,100000.0,50000.0,1999,0,0.0,99900.0,99900.0,-100.0
8349,Kiara Galindo,flat,100.0,100000.0,50000.0,1918,0,0.0,91800.0,91800.0,-8200.0
8350,Salvatore Norton,flat,100.0,100000.0,50000.0,1903,0,0.0,90300.0,90300.0,-9700.0
8351,Kylee Roman,flat,100.0,100000.0,50000.0,1933,0,0.0,93300.0,93300.0,-6700.0
8352,Kian Mosley,flat,100.0,100000.0,50000.0,1943,0,0.0,94300.0,94300.0,-5700.0
8353,Zaniyah Guerra,flat,100.0,100000.0,50000.0,2015,0,0.0,101500.0,101500.0,1500.0
8354,Leland Burch,flat,100.0,100000.0,50000.0,1942,0,0.0,94200.0,94200.0,-5800.0
8355,Freyja Barrera,flat,100.0,100000.0,50000.0,1915,0,0.0,91500.0,91500.0,-8500.0
8356,Makai King,flat,100.0,100000.0,50000.0,1910,0,0.0,91000.0,91000.0,-9000.0
8357,Victoria Johnson,flat,100.0,100000.0,50000.0,1938,0,0.0,93800.0,93800.0,-6200.0
8358,Noah Ruiz,flat,100.0,100000.0,50000.0,1942,0,0.0,94200.0,94200.0,-5800.0
8359,Emery Pace,flat,100.0,100000.0,50000.0,2012,0,0.0,101200.0,101200.0,1200.0
8360,Dior Scott,flat,100.0,100000.0,50000.0,1978,0,0.0,97800.0,97800.0,-2200.0
8361,Aurora Esparza,flat,100.0,100000.0,50000.0,1940,0,0.0,94000.0,94000.0,-6000.0
8362,Carl Shepherd,flat,100.0,100000.0,50000.0,1966,0,0.0,96600.0,96600.0,-3400.0
8363,Katalina Khan,flat,100.0,100000.0,50000.0,1972,0,0.0,97200.0,97200.0,-2800.0
8364,Kendrick Stuart,flat,100.0,100000.0,50000.0,1971,0,0.0,97100.0,97100.0,-2900.0
8365,Stormi Arnold,flat,100.0,100000.0,50000.0,1954,0,0.0,95400.0,95400.0,-4600.0
8366,Abraham Schultz,flat,100.0,100000.0,50000.0,2039,0,0.0,103900.0,103900.0,3900.0
8367,Briella Huang,flat,100.0,100000.0,50000.0,2011,0,0.0,101100.0,101100.0,1100.0
8368,Ayaan Bernard,flat,100.0,100000.0,50000.0,1933,0,0.0,93300.0,93300.0,-6700.0
8369,Barbara English,flat,100.0,100000.0,50000.0,1885,0,0.0,88500.0,88500.0,-11500.0
8370,Junior Beard,flat,100.0,100000.0,50000.0,1977,0,0.0,97700.0,97700.0,-2300.0
8371,Ezra Carrillo,flat,100.0,100000.0,50000.0,1935,0,0.0,93500.0,93500.0,-6500.0
8372,Wade Fox,flat,100.0,100000.0,50000.0,1907,0,0.0,90700.0,90700.0,-9300.0
8373,Juliette Griffith,flat,100.0,100000.0,50000.0,1838,0,0.0,83800.0,83800.0,-16200.0
8374,Franklin Griffith,flat,100.0,100000.0,50000.0,1954,0,0.0,95400.0,95400.0,-4600.0
8375,Alicia Velez,flat,100.0,100000.0,50000.0,1916,0,0.0,91600.0,91600.0,-8400.0
8376,Kareem Mullins,flat,100.0,100000.0,50000.0,1970,0,0.0,97000.0,97000.0,-3000.0
8377,Maliyah Hess,flat,100.0,100000.0,50000.0,1918,0,0.0,91800.0,91800.0,-8200.0
8378,Lawrence Person,flat,100.0,100000.0,50000.0,1918,0,0.0,91800.0,91800.0,-8200.0
8379,Dylan Walls,flat,100.0,100000.0,50000.0,1979,0,0.0,97900.0,97900.0,-2100.0
8380,Larry Zavala,flat,100.0,100000.0,50000.0,1943,0,0.0,94300.0,94300.0,-5700.0
8381,Liv Floyd,flat,100.0,100000.0,50000.0,1946,0,0.0,94600.0,94600.0,-5400.0
8382,Pierce Bartlett,flat,100.0,100000.0,50000.0,1960,0,0.0,96000.0,96000.0,-4000.0
8383,Aubrielle Vo,flat,100.0,100000.0,50000.0,1913,0,0.0,91300.0,91300.0,-8700.0
8384,Gordon Harmon,flat,100.0,100000.0,50000.0,1970,0,0.0,97000.0,97000.0,-3000.0
8385,Maren Diaz,flat,100.0,100000.0,50000.0,1939,0,0.0,93900.0,93900.0,-6100.0
8386,Nathan Macdonald,flat,100.0,100000.0,50000.0,1973,0,0.0,97300.0,97300.0,-2700.0
8387,Rosalia Clements,flat,100.0,100000.0,50000.0,1977,0,0.0,97700.0,97700.0,-2300.0
8388,Fisher Rollins,flat,100.0,100000.0,50000.0,1865,0,0.0,86500.0,86500.0,-13500.0
8389,Araceli Dawson,flat,100.0,100000.0,50000.0,1933,0,0.0,93300.0,93300.0,-6700.0
8390,Iker Brennan,flat,100.0,100000.0,50000.0,1932,0,0.0,93200.0,93200.0,-6800.0
8391,Elodie Wiggins,flat,100.0,100000.0,50000.0,1925,0,0.0,92500.0,92500.0,-7500.0
8392,Azariah Chavez,flat,100.0,100000.0,50000.0,1940,0,0.0,94000.0,94000.0,-6000.0
8393,Nevaeh Kennedy,flat,100.0,100000.0,50000.0,1963,0,0.0,96300.0,96300.0,-3700.0
8394,Maxwell Kramer,flat,100.0,100000.0,50000.0,1896,0,0.0,89600.0,89600.0,-10400.0
8395,Hanna Bradley,flat,100.0,100000.0,50000.0,1965,0,0.0,96500.0,96500.0,-3500.0
8396,Richard Ramsey,flat,100.0,100000.0,50000.0,1890,0,0.0,89000.0,89000.0,-11000.0
8397,Lyric Buck,flat,100.0,100000.0,50000.0,1845,0,0.0,84500.0,84500.0,-15500.0
8398,Jon Wong,flat,100.0,100000.0,50000.0,1978,0,0.0,97800.0,97800.0,-2200.0
8399,Adelaide O’Neal,flat,100.0,100000.0,50000.0,1863,0,0.0,86300.0,86300.0,-13700.0
8400,Eddie Schroeder,flat,100.0,100000.0,50000.0,1933,0,0.0,93300.0,93300.0,-6700.0
8401,Cameron Hicks,flat,100.0,100000.0,50000.0,1938,0,0.0,93800.0,93800.0,-6200.0
8402,Maddox Corona,flat,100.0,100000.0,50000.0,1866,0,0.0,86600.0,86600.0,-13400.0
8403,Marianna Barajas,flat,100.0,100000.0,50000.0,2015,0,0.0,101500.0,101500.0,1500.0
8404,Brennan Mayer,flat,100.0,100000.0,50000.0,1971,0,0.0,97100.0,97100.0,-2900.0
8405,Ainhoa Holmes,flat,100.0,100000.0,50000.0,1868,0,0.0,86800.0,86800.0,-13200.0
8406,King Jackson,flat,100.0,100000.0,50000.0,1903,0,0.0,90300.0,90300.0,-9700.0
8407,Avery Bruce,flat,100.0,100000.0,50000.0,1956,0,0.0,95600.0,95600.0,-4400.0
8408,Uriah Sheppard,flat,100.0,100000.0,50000.0,1922,0,0.0,92200.0,92200.0,-7800.0
8409,Veda Valentine,flat,100.0,100000.0,50000.0,1988,0,0.0,98800.0,98800.0,-1200.0
8410,Demetrius Hutchinson,flat,100.0,100000.0,50000.0,1925,0,0.0,92500.0,92500.0,-7500.0
8411,Jamie Livingston,flat,100.0,100000.0,50000.0,1937,0,0.0,93700.0,93700.0,-6300.0
8412,Ambrose Hunter,flat,100.0,100000.0,50000.0,1981,0,0.0,98100.0,98100.0,-1900.0
8413,Khloe Waller,flat,100.0,100000.0,50000.0,1964,0,0.0,96400.0,96400.0,-3600.0
8414,Marley Barber,flat,100.0,100000.0,50000.0,1937,0,0.0,93700.0,93700.0,-6300.0
8415,Cassidy Salgado,flat,100.0,100000.0,50000.0,1993,0,0.0,99300.0,99300.0,-700.0
8416,Trace Robbins,flat,100.0,100000.0,50000.0,1871,0,0.0,87100.0,87100.0,-12900.0
8417,Stevie Boyer,flat,100.0,100000.0,50000.0,1929,0,0.0,92900.0,92900.0,-7100.0
8418,Zeke Bowers,flat,100.0,100000.0,50000.0,1900,0,0.0,90000.0,90000.0,-10000.0
8419,Elisa Conway,flat,100.0,100000.0,50000.0,1886,0,0.0,88600.0,88600.0,-11400.0
8420,Orlando Mann,flat,100.0,100000.0,50000.0,2005,0,0.0,100500.0,100500.0,500.0
8421,Paislee Glass,flat,100.0,100000.0,50000.0,1901,0,0.0,90100.0,90100.0,-9900.0
8422,Allan Spencer,flat,100.0,100000.0,50000.0,1926,0,0.0,92600.0,92600.0,-7400.0
8423,Alyssa McKee,flat,100.0,100000.0,50000.0,1920,0,0.0,92000.0,92000.0,-8000.0
8424,Bjorn Salgado,flat,100.0,100000.0,50000.0,1936,0,0.0,93600.0,93600.0,-6400.0
8425,Avalynn Lewis,flat,100.0,100000.0,50000.0,1900,0,0.0,90000.0,90000.0,-10000.0
8426,Wyatt Bishop,flat,100.0,100000.0,50000.0,1934,0,0.0,93400.0,93400.0,-6600.0
8427,Brooklynn Short,flat,100.0,100000.0,50000.0,1976,0,0.0,97600.0,97600.0,-2400.0
8428,Hezekiah Baker,flat,100.0,100000.0,50000.0,1896,0,0.0,89600.0,89600.0,-10400.0
8429,Isla Robbins,flat,100.0,100000.0,50000.0,1906,0,0.0,90600.0,90600.0,-9400.0
8430,Finnegan McKay,flat,100.0,100000.0,50000.0,1892,0,0.0,89200.0,89200.0,-10800.0
8431,Leanna Klein,flat,100.0,100000.0,50000.0,1963,0,0.0,96300.0,96300.0,-3700.0
8432,Marco Long,flat,100.0,100000.0,50000.0,1944,0,0.0,94400.0,94400.0,-5600.0
8433,Jade Horn,flat,100.0,100000.0,50000.0,1920,0,0.0,92000.0,92000.0,-8000.0
8434,Wilson Vaughan,flat,100.0,100000.0,50000.0,1963,0,0.0,96300.0,96300.0,-3700.0
8435,Nancy Beil,flat,100.0,100000.0,50000.0,1961,0,0.0,96100.0,96100.0,-3900.0
8436,Ariel Garrett,flat,100.0,100000.0,50000.0,1931,0,0.0,93100.0,93100.0,-6900.0
8437,Tessa Strickland,flat,100.0,100000.0,50000.0,1940,0,0.0,94000.0,94000.0,-6000.0
8438,Keegan Sherman,flat,100.0,100000.0,50000.0,1872,0,0.0,87200.0,87200.0,-12800.0
8439,Addilyn Banks,flat,100.0,100000.0,50000.0,1956,0,0.0,95600.0,95600.0,-4400.0
8440,Martin Gutierrez,flat,100.0,100000.0,50000.0,1867,0,0.0,86700.0,86700.0,-13300.0
8441,Savannah Norris,flat,100.0,100000.0,50000.0,1974,0,0.0,97400.0,97400.0,-2600.0
8442,Cairo Brennan,flat,100.0,100000.0,50000.0,1970,0,0.0,97000.0,97000.0,-3000.0
8443,Elodie Benitez,flat,100.0,100000.0,50000.0,1917,0,0.0,91700.0,91700.0,-8300.0
8444,Justice Waters,flat,100.0,100000.0,50000.0,1931,0,0.0,93100.0,93100.0,-6900.0
8445,Bristol Curry,flat,100.0,100000.0,50000.0,1992,0,0.0,99200.0,99200.0,-800.0
8446,Briggs Abbott,flat,100.0,100000.0,50000.0,1940,0,0.0,94000.0,94000.0,-6000.0
8447,Melany Jacobs,flat,100.0,100000.0,50000.0,1988,0,0.0,98800.0,98800.0,-1200.0
8448,Bryan Shelton,flat,100.0,100000.0,50000.0,1896,0,0.0,89600.0,89600.0,-10400.0
8449,Makenzie Henry,flat,100.0,100000.0,50000.0,1909,0,0.0,90900.0,90900.0,-9100.0
8450,Carlos Chen,flat,100.0,100000.0,50000.0,1908,0,0.0,90800.0,90800.0,-9200.0
8451,Valeria McDowell,flat,100.0,100000.0,50000.0,1937,0,0.0,93700.0,93700.0,-6300.0
8452,Lachlan Sparks,flat,100.0,100000.0,50000.0,1991,0,0.0,99100.0,99100.0,-900.0
8453,Aisha Figueroa,flat,100.0,100000.0,50000.0,1854,0,0.0,85400.0,85400.0,-14600.0
8454,Spencer Cantrell,flat,100.0,100000.0,50000.0,1956,0,0.0,95600.0,95600.0,-4400.0
8455,Yamileth Carter,flat,100.0,100000.0,50000.0,1926,0,0.0,92600.0,92600.0,-7400.0
8456,Maverick McMahon,flat,100.0,100000.0,50000.0,1974,0,0.0,97400.0,97400.0,-2600.0
8457,Belen Cummings,flat,100.0,100000.0,50000.0,1904,0,0.0,90400.0,90400.0,-9600.0
8458,Raiden Pace,flat,100.0,100000.0,50000.0,1952,0,0.0,95200.0,95200.0,-4800.0
8459,Giana Orr,flat,100.0,100000.0,50000.0,1936,0,0.0,93600.0,93600.0,-6400.0
8460,Benicio Hill,flat,100.0,100000.0,50000.0,1868,0,0.0,86800.0,86800.0,-13200.0
8461,Hannah Camacho,flat,100.0,100000.0,50000.0,1979,0,0.0,97900.0,97900.0,-2100.0
8462,Tatum Hill,flat,100.0,100000.0,50000.0,1913,0,0.0,91300.0,91300.0,-8700.0
8463,Hannah Hodge,flat,100.0,100000.0,50000.0,1902,0,0.0,90200.0,90200.0,-9800.0
8464,Reign Austin,flat,100.0,100000.0,50000.0,1914,0,0.0,91400.0,91400.0,-8600.0
8465,Alivia Garza,flat,100.0,100000.0,50000.0,1887,0,0.0,88700.0,88700.0,-11300.0
8466,Judah Austin,flat,100.0,100000.0,50000.0,1913,0,0.0,91300.0,91300.0,-8700.0
8467,Alivia Glenn,flat,100.0,100000.0,50000.0,1983,0,0.0,98300.0,98300.0,-1700.0
8468,Zaid Carrillo,flat,100.0,100000.0,50000.0,1860,0,0.0,86000.0,86000.0,-14000.0
8469,Kaylani Kaur,flat,100.0,100000.0,50000.0,1924,0,0.0,92400.0,92400.0,-7600.0
8470,Augustine Rogers,flat,100.0,100000.0,50000.0,1895,0,0.0,89500.0,89500.0,-10500.0
8471,Madelyn Vazquez,flat,100.0,100000.0,50000.0,1916,0,0.0,91600.0,91600.0,-8400.0
8472,Jesse King,flat,100.0,100000.0,50000.0,2005,0,0.0,100500.0,100500.0,500.0
8473,Victoria Sanford,flat,100.0,100000.0,50000.0,1881,0,0.0,88100.0,88100.0,-11900.0
8474,Truett Barber,flat,100.0,100000.0,50000.0,1901,0,0.0,90100.0,90100.0,-9900.0
8475,Cassidy Hansen,flat,100.0,100000.0,50000.0,2021,0,0.0,102100.0,102100.0,2100.0
8476,Charlie Whitehead,flat,100.0,100000.0,50000.0,2008,0,0.0,100800.0,100800.0,800.0
8477,Sylvie Mueller,flat,100.0,100000.0,50000.0,2000,0,0.0,100000.0,100000.0,0.0
8478,Albert Hampton,flat,100.0,100000.0,50000.0,1967,0,0.0,96700.0,96700.0,-3300.0
8479,Leona Bryant,flat,100.0,100000.0,50000.0,1854,0,0.0,85400.0,85400.0,-14600.0
8480,Jonah Pearson,flat,100.0,100000.0,50000.0,2002,0,0.0,100200.0,100200.0,200.0
8481,Kiara Reilly,flat,100.0,100000.0,50000.0,1933,0,0.0,93300.0,93300.0,-6700.0
8482,Alvaro Mason,flat,100.0,100000.0,50000.0,1944,0,0.0,94400.0,94400.0,-5600.0
8483,Sienna Cochran,flat,100.0,100000.0,50000.0,2016,0,0.0,101600.0,101600.0,1600.0
8484,Danny McPherson,flat,100.0,100000.0,50000.0,1982,0,0.0,98200.0,98200.0,-1800.0
8485,Emmaline Butler,flat,100.0,100000.0,50000.0,1961,0,0.0,96100.0,96100.0,-3900.0
8486,Ryder Hoffman,flat,100.0,100000.0,50000.0,1970,0,0.0,97000.0,97000.0,-3000.0
8487,Aspen Montgomery,flat,100.0,100000.0,50000.0,2013,0,0.0,101300.0,101300.0,1300.0
8488,Maximiliano Reese,flat,100.0,100000.0,50000.0,1892,0,0.0,89200.0,89200.0,-10800.0
8489,Rosemary Lawrence,flat,100.0,100000.0,50000.0,1994,0,0.0,99400.0,99400.0,-600.0
8490,Kaleb Sellers,flat,100.0,100000.0,50000.0,1974,0,0.0,97400.0,97400.0,-2600.0
8491,Mercy Reilly,flat,100.0,100000.0,50000.0,1916,0,0.0,91600.0,91600.0,-8400.0
8492,Alvaro Meza,flat,100.0,100000.0,50000.0,1901,0,0.0,90100.0,90100.0,-9900.0
8493,Rosa Novak,flat,100.0,100000.0,50000.0,1943,0,0.0,94300.0,94300.0,-5700.0
8494,Bishop Dougherty,flat,100.0,100000.0,50000.0,1990,0,0.0,99000.0,99000.0,-1000.0
8495,Alisson Mann,flat,100.0,100000.0,50000.0,1901,0,0.0,90100.0,90100.0,-9900.0
8496,Nehemiah Washington,flat,100.0,100000.0,50000.0,1978,0,0.0,97800.0,97800.0,-2200.0
8497,Valerie Walter,flat,100.0,100000.0,50000.0,1981,0,0.0,98100.0,98100.0,-1900.0
8498,Lochlan Tucker,flat,100.0,100000.0,50000.0,1967,0,0.0,96700.0,96700.0,-3300.0
8499,Esther Clayton,flat,100.0,100000.0,50000.0,1985,0,0.0,98500.0,98500.0,-1500.0
8500,Boston Melendez,flat,100.0,100000.0,50000.0,1838,0,0.0,83800.0,83800.0,-16200.0
8501,Bethany Lang,flat,100.0,100000.0,50000.0,2021,0,0.0,102100.0,102100.0,2100.0
8502,Wells Cook,flat,100.0,100000.0,50000.0,1937,0,0.0,93700.0,93700.0,-6300.0
8503,Aaliyah Dunn,flat,100.0,100000.0,50000.0,1893,0,0.0,89300.0,89300.0,-10700.0
8504,Dawson Reyes,flat,100.0,100000.0,50000.0,1948,0,0.0,94800.0,94800.0,-5200.0
8505,Audrey Gonzalez,flat,100.0,100000.0,50000.0,1899,0,0.0,89900.0,89900.0,-10100.0
8506,Ethan Lane,flat,100.0,100000.0,50000.0,1959,0,0.0,95900.0,95900.0,-4100.0
8507,Amy Meadows,flat,100.0,100000.0,50000.0,1945,0,0.0,94500.0,94500.0,-5500.0
8508,Wayne Ballard,flat,100.0,100000.0,50000.0,2032,0,0.0,103200.0,103200.0,3200.0
8509,Alejandra Owen,flat,100.0,100000.0,50000.0,1998,0,0.0,99800.0,99800.0,-200.0
8510,Cannon Leblanc,flat,100.0,100000.0,50000.0,1906,0,0.0,90600.0,90600.0,-9400.0
8511,Novalee Deleon,flat,100.0,100000.0,50000.0,1943,0,0.0,94300.0,94300.0,-5700.0
8512,Nasir Wiley,flat,100.0,100000.0,50000.0,1966,0,0.0,96600.0,96600.0,-3400.0
8513,Lauryn O’Connor,flat,100.0,100000.0,50000.0,1957,0,0.0,95700.0,95700.0,-4300.0
8514,Princeton Hess,flat,100.0,100000.0,50000.0,1894,0,0.0,89400.0,89400.0,-10600.0
8515,Kaliyah McMillan,flat,100.0,100000.0,50000.0,1909,0,0.0,90900.0,90900.0,-9100.0
8516,Rocky Cantu,flat,100.0,100000.0,50000.0,1956,0,0.0,95600.0,95600.0,-4400.0
8517,Galilea Shields,flat,100.0,100000.0,50000.0,1945,0,0.0,94500.0,94500.0,-5500.0
8518,Devon Rosario,flat,100.0,100000.0,50000.0,1847,0,0.0,84700.0,84700.0,-15300.0
8519,Louisa Frederick,flat,100.0,100000.0,50000.0,1911,0,0.0,91100.0,91100.0,-8900.0
8520,Kase Knox,flat,100.0,100000.0,50000.0,1912,0,0.0,91200.0,91200.0,-8800.0
8521,Kallie Andersen,flat,100.0,100000.0,50000.0,1885,0,0.0,88500.0,88500.0,-11500.0
8522,Alistair Kirby,flat,100.0,100000.0,50000.0,1830,0,0.0,83000.0,83000.0,-17000.0
8523,Skyla Murillo,flat,100.0,100000.0,50000.0,1877,0,0.0,87700.0,87700.0,-12300.0
8524,Lance Garza,flat,100.0,100000.0,50000.0,1895,0,0.0,89500.0,89500.0,-10500.0
8525,River Rivera,flat,100.0,100000.0,50000.0,1956,0,0.0,95600.0,95600.0,-4400.0
8526,Charles Garrett,flat,100.0,100000.0,50000.0,1902,0,0.0,90200.0,90200.0,-9800.0
8527,Tessa Neal,flat,100.0,100000.0,50000.0,1998,0,0.0,99800.0,99800.0,-200.0
8528,Kane Marks,flat,100.0,100000.0,50000.0,1980,0,0.0,98000.0,98000.0,-2000.0
8529,Monica Gardner,flat,100.0,100000.0,50000.0,1965,0,0.0,96500.0,96500.0,-3500.0
8530,Alan Anderson,flat,100.0,100000.0,50000.0,1892,0,0.0,89200.0,89200.0,-10800.0
8531,Ella Good,flat,100.0,100000.0,50000.0,1943,0,0.0,94300.0,94300.0,-5700.0
8532,Davian Figueroa,flat,100.0,100000.0,50000.0,1978,0,0.0,97800.0,97800.0,-2200.0
8533,Lilith Roy,flat,100.0,100000.0,50000.0,1950,0,0.0,95000.0,95000.0,-5000.0
8534,Marcelo Richard,flat,100.0,100000.0,50000.0,1827,0,0.0,82700.0,82700.0,-17300.0
8535,Davina Bravo,flat,100.0,100000.0,50000.0,1942,0,0.0,94200.0,94200.0,-5800.0
8536,Genesis Pugh,flat,100.0,100000.0,50000.0,1879,0,0.0,87900.0,87900.0,-12100.0
8537,Landry Ayers,flat,100.0,100000.0,50000.0,1900,0,0.0,90000.0,90000.0,-10000.0
8538,Ulises Castillo,flat,100.0,100000.0,50000.0,1921,0,0.0,92100.0,92100.0,-7900.0
8539,Eva Villanueva,flat,100.0,100000.0,50000.0,1986,0,0.0,98600.0,98600.0,-1400.0
8540,Huxley Gordon,flat,100.0,100000.0,50000.0,1871,0,0.0,87100.0,87100.0,-12900.0
8541,Taylor Waller,flat,100.0,100000.0,50000.0,1902,0,0.0,90200.0,90200.0,-9800.0
8542,Marley Johnson,flat,100.0,100000.0,50000.0,1996,0,0.0,99600.0,99600.0,-400.0
8543,Emma Carroll,flat,100.0,100000.0,50000.0,1988,0,0.0,98800.0,98800.0,-1200.0
8544,Oscar Peterson,flat,100.0,100000.0,50000.0,1916,0,0.0,91600.0,91600.0,-8400.0
8545,Caroline Herman,flat,100.0,100000.0,50000.0,1927,0,0.0,92700.0,92700.0,-7300.0
8546,Juelz Salazar,flat,100.0,100000.0,50000.0,2004,0,0.0,100400.0,100400.0,400.0
8547,Freya Arias,flat,100.0,100000.0,50000.0,1956,0,0.0,95600.0,95600.0,-4400.0
8548,Alec Fuentes,flat,100.0,100000.0,50000.0,1939,0,0.0,93900.0,93900.0,-6100.0
8549,Madeleine Hicks,flat,100.0,100000.0,50000.0,1869,0,0.0,86900.0,86900.0,-13100.0
8550,Maddox Petersen,flat,100.0,100000.0,50000.0,1961,0,0.0,96100.0,96100.0,-3900.0
8551,Fernanda Bernard,flat,100.0,100000.0,50000.0,1935,0,0.0,93500.0,93500.0,-6500.0
8552,Jair Morrow,flat,100.0,100000.0,50000.0,1905,0,0.0,90500.0,90500.0,-9500.0
8553,Reyna Ferguson,flat,100.0,100000.0,50000.0,1929,0,0.0,92900.0,92900.0,-7100.0
8554,Miguel Leblanc,flat,100.0,100000.0,50000.0,1949,0,0.0,94900.0,94900.0,-5100.0
8555,Novalee Campos,flat,100.0,100000.0,50000.0,1962,0,0.0,96200.0,96200.0,-3800.0
8556,Gideon Perry,flat,100.0,100000.0,50000.0,1989,0,0.0,98900.0,98900.0,-1100.0
8557,Clara Beard,flat,100.0,100000.0,50000.0,1924,0,0.0,92400.0,92400.0,-7600.0
8558,Nathanael Hughes,flat,100.0,100000.0,50000.0,1874,0,0.0,87400.0,87400.0,-12600.0
8559,Samantha Shaw,flat,100.0,100000.0,50000.0,1911,0,0.0,91100.0,91100.0,-8900.0
8560,Elliot Eaton,flat,100.0,100000.0,50000.0,1884,0,0.0,88400.0,88400.0,-11600.0
8561,Miley Yoder,flat,100.0,100000.0,50000.0,1899,0,0.0,89900.0,89900.0,-10100.0
8562,Johan Delacruz,flat,100.0,100000.0,50000.0,1968,0,0.0,96800.0,96800.0,-3200.0
8563,Celine Hunt,flat,100.0,100000.0,50000.0,1951,0,0.0,95100.0,95100.0,-4900.0
8564,Jesus Colon,flat,100.0,100000.0,50000.0,1949,0,0.0,94900.0,94900.0,-5100.0
8565,Remy Murray,flat,100.0,100000.0,50000.0,1991,0,0.0,99100.0,99100.0,-900.0
8566,Ashton Wells,flat,100.0,100000.0,50000.0,1897,0,0.0,89700.0,89700.0,-10300.0
8567,Cecilia Morgan,flat,100.0,100000.0,50000.0,1974,0,0.0,97400.0,97400.0,-2600.0
8568,Hunter Conner,flat,100.0,100000.0,50000.0,1938,0,0.0,93800.0,93800.0,-6200.0
8569,Alondra Mack,flat,100.0,100000.0,50000.0,1920,0,0.0,92000.0,92000.0,-8000.0
8570,Esteban Hess,flat,100.0,100000.0,50000.0,2023,0,0.0,102300.0,102300.0,2300.0
8571,Kaliyah Horne,flat,100.0,100000.0,50000.0,1945,0,0.0,94500.0,94500.0,-5500.0
8572,Zev Watkins,flat,100.0,100000.0,50000.0,1959,0,0.0,95900.0,95900.0,-4100.0
8573,Lola Logan,flat,100.0,100000.0,50000.0,1977,0,0.0,97700.0,97700.0,-2300.0
8574,Rocco Ali,flat,100.0,100000.0,50000.0,1907,0,0.0,90700.0,90700.0,-9300.0
8575,Zelda Cherry,flat,100.0,100000.0,50000.0,1899,0,0.0,89900.0,89900.0,-10100.0
8576,Rome Nunez,flat,100.0,100000.0,50000.0,1971,0,0.0,97100.0,97100.0,-2900.0
8577,Mya Rogers,flat,100.0,100000.0,50000.0,1973,0,0.0,97300.0,97300.0,-2700.0
8578,Colton Dawson,flat,100.0,100000.0,50000.0,1915,0,0.0,91500.0,91500.0,-8500.0
8579,Veronica Martin,flat,100.0,100000.0,50000.0,1901,0,0.0,90100.0,90100.0,-9900.0
8580,Mateo Deleon,flat,100.0,100000.0,50000.0,1885,0,0.0,88500.0,88500.0,-11500.0
8581,Gabrielle Hicks,flat,100.0,100000.0,50000.0,1871,0,0.0,87100.0,87100.0,-12900.0
8582,Maddox McIntosh,flat,100.0,100000.0,50000.0,1944,0,0.0,94400.0,94400.0,-5600.0
8583,Gwen Hubbard,flat,100.0,100000.0,50000.0,1945,0,0.0,94500.0,94500.0,-5500.0
8584,Forrest Navarro,flat,100.0,100000.0,50000.0,1967,0,0.0,96700.0,96700.0,-3300.0
8585,Winter Berg,flat,100.0,100000.0,50000.0,1966,0,0.0,96600.0,96600.0,-3400.0
8586,Cayson Arellano,flat,100.0,100000.0,50000.0,2068,0,0.0,106800.0,106800.0,6800.0
8587,Faye Navarro,flat,100.0,100000.0,50000.0,1952,0,0.0,95200.0,95200.0,-4800.0
8588,Reid Cardenas,flat,100.0,100000.0,50000.0,1957,0,0.0,95700.0,95700.0,-4300.0
8589,Raven Maynard,flat,100.0,100000.0,50000.0,1951,0,0.0,95100.0,95100.0,-4900.0
8590,Landry Guerra,flat,100.0,100000.0,50000.0,1953,0,0.0,95300.0,95300.0,-4700.0
8591,Edith Guerra,flat,100.0,100000.0,50000.0,1970,0,0.0,97000.0,97000.0,-3000.0
8592,Leland Long,flat,100.0,100000.0,50000.0,1932,0,0.0,93200.0,93200.0,-6800.0
8593,Jade Wu,flat,100.0,100000.0,50000.0,1968,0,0.0,96800.0,96800.0,-3200.0
8594,Kyson Clark,flat,100.0,100000.0,50000.0,1944,0,0.0,94400.0,94400.0,-5600.0
8595,Chloe Frazier,flat,100.0,100000.0,50000.0,1911,0,0.0,91100.0,91100.0,-8900.0
8596,Callum Singh,flat,100.0,100000.0,50000.0,1994,0,0.0,99400.0,99400.0,-600.0
8597,Vivienne Charles,flat,100.0,100000.0,50000.0,1932,0,0.0,93200.0,93200.0,-6800.0
8598,Conrad Hogan,flat,100.0,100000.0,50000.0,1952,0,0.0,95200.0,95200.0,-4800.0
8599,Kathryn Pollard,flat,100.0,100000.0,50000.0,1998,0,0.0,99800.0,99800.0,-200.0
8600,Jad Fry,flat,100.0,100000.0,50000.0,1918,0,0.0,91800.0,91800.0,-8200.0
8601,Clarissa Huang,flat,100.0,100000.0,50000.0,1904,0,0.0,90400.0,90400.0,-9600.0
8602,Ayaan Calhoun,flat,100.0,100000.0,50000.0,2017,0,0.0,101700.0,101700.0,1700.0
8603,Thalia Finley,flat,100.0,100000.0,50000.0,1898,0,0.0,89800.0,89800.0,-10200.0
8604,Calum Sharp,flat,100.0,100000.0,50000.0,1926,0,0.0,92600.0,92600.0,-7400.0
8605,Camryn Hayden,flat,100.0,100000.0,50000.0,1930,0,0.0,93000.0,93000.0,-7000.0
8606,Leroy Gallegos,flat,100.0,100000.0,50000.0,1988,0,0.0,98800.0,98800.0,-1200.0
8607,Ari Rose,flat,100.0,100000.0,50000.0,2062,0,0.0,106200.0,106200.0,6200.0
8608,Hayden Buckley,flat,100.0,100000.0,50000.0,1918,0,0.0,91800.0,91800.0,-8200.0
8609,Theodora Stanton,flat,100.0,100000.0,50000.0,1921,0,0.0,92100.0,92100.0,-7900.0
8610,Zyair Barrett,flat,100.0,100000.0,50000.0,1938,0,0.0,93800.0,93800.0,-6200.0
8611,Kendall Shelton,flat,100.0,100000.0,50000.0,1904,0,0.0,90400.0,90400.0,-9600.0
8612,Leonel Ayers,flat,100.0,100000.0,50000.0,1896,0,0.0,89600.0,89600.0,-10400.0
8613,Simone McLean,flat,100.0,100000.0,50000.0,1897,0,0.0,89700.0,89700.0,-10300.0
8614,Crosby Ochoa,flat,100.0,100000.0,50000.0,1946,0,0.0,94600.0,94600.0,-5400.0
8615,Luciana Hull,flat,100.0,100000.0,50000.0,1924,0,0.0,92400.0,92400.0,-7600.0
8616,Salem Ayers,flat,100.0,100000.0,50000.0,1886,0,0.0,88600.0,88600.0,-11400.0
8617,Simone Dorsey,flat,100.0,100000.0,50000.0,1935,0,0.0,93500.0,93500.0,-6500.0
8618,Enoch McConnell,flat,100.0,100000.0,50000.0,1949,0,0.0,94900.0,94900.0,-5100.0
8619,Denise Ballard,flat,100.0,100000.0,50000.0,1952,0,0.0,95200.0,95200.0,-4800.0
8620,Kenzo Cuevas,flat,100.0,100000.0,50000.0,1938,0,0.0,93800.0,93800.0,-6200.0
8621,Adele Wilkins,flat,100.0,100000.0,50000.0,1938,0,0.0,93800.0,93800.0,-6200.0
8622,Yusuf Lim,flat,100.0,100000.0,50000.0,1954,0,0.0,95400.0,95400.0,-4600.0
8623,Giavanna Johnston,flat,100.0,100000.0,50000.0,1912,0,0.0,91200.0,91200.0,-8800.0
8624,Felix Zimmerman,flat,100.0,100000.0,50000.0,2002,0,0.0,100200.0,100200.0,200.0
8625,Ariyah Haley,flat,100.0,100000.0,50000.0,1891,0,0.0,89100.0,89100.0,-10900.0
8626,Leif Sims,flat,100.0,100000.0,50000.0,1982,0,0.0,98200.0,98200.0,-1800.0
8627,Lena Ortiz,flat,100.0,100000.0,50000.0,1937,0,0.0,93700.0,93700.0,-6300.0
8628,Landon Saunders,flat,100.0,100000.0,50000.0,1843,0,0.0,84300.0,84300.0,-15700.0
8629,Meadow Ramsey,flat,100.0,100000.0,50000.0,1952,0,0.0,95200.0,95200.0,-4800.0
8630,Luciano Morton,flat,100.0,100000.0,50000.0,1994,0,0.0,99400.0,99400.0,-600.0
8631,Mallory Rowe,flat,100.0,100000.0,50000.0,1903,0,0.0,90300.0,90300.0,-9700.0
8632,Kamden Compton,flat,100.0,100000.0,50000.0,1929,0,0.0,92900.0,92900.0,-7100.0
8633,Elina Wagner,flat,100.0,100000.0,50000.0,1951,0,0.0,95100.0,95100.0,-4900.0
8634,Enzo Herman,flat,100.0,100000.0,50000.0,1927,0,0.0,92700.0,92700.0,-7300.0
8635,Paulina Rogers,flat,100.0,100000.0,50000.0,1923,0,0.0,92300.0,92300.0,-7700.0
8636,Colton Melton,flat,100.0,100000.0,50000.0,1922,0,0.0,92200.0,92200.0,-7800.0
8637,Kamiyah Hancock,flat,100.0,100000.0,50000.0,1955,0,0.0,95500.0,95500.0,-4500.0
8638,Rex McDowell,flat,100.0,100000.0,50000.0,1936,0,0.0,93600.0,93600.0,-6400.0
8639,Rayna McMillan,flat,100.0,100000.0,50000.0,1994,0,0.0,99400.0,99400.0,-600.0
8640,Rocky Wood,flat,100.0,100000.0,50000.0,1896,0,0.0,89600.0,89600.0,-10400.0
8641,Natalia Mora,flat,100.0,100000.0,50000.0,1934,0,0.0,93400.0,93400.0,-6600.0
8642,Arturo Francis,flat,100.0,100000.0,50000.0,1984,0,0.0,98400.0,98400.0,-1600.0
8643,Daniella Nolan,flat,100.0,100000.0,50000.0,2003,0,0.0,100300.0,100300.0,300.0
8644,Maximo Boone,flat,100.0,100000.0,50000.0,2040,0,0.0,104000.0,104000.0,4000.0
8645,Mariam Campos,flat,100.0,100000.0,50000.0,1905,0,0.0,90500.0,90500.0,-9500.0
8646,Gideon Jackson,flat,100.0,100000.0,50000.0,1976,0,0.0,97600.0,97600.0,-2400.0
8647,Avery Johnston,flat,100.0,100000.0,50000.0,1845,0,0.0,84500.0,84500.0,-15500.0
8648,Felix Knox,flat,100.0,100000.0,50000.0,1955,0,0.0,95500.0,95500.0,-4500.0
8649,Kallie Pollard,flat,100.0,100000.0,50000.0,1966,0,0.0,96600.0,96600.0,-3400.0
8650,Jad Welch,flat,100.0,100000.0,50000.0,1944,0,0.0,94400.0,94400.0,-5600.0
8651,Amira Donovan,flat,100.0,100000.0,50000.0,1977,0,0.0,97700.0,97700.0,-2300.0
8652,Brayan Moody,flat,100.0,100000.0,50000.0,1989,0,0.0,98900.0,98900.0,-1100.0
8653,Elaine Rivers,flat,100.0,100000.0,50000.0,1882,0,0.0,88200.0,88200.0,-11800.0
8654,Bear Lamb,flat,100.0,100000.0,50000.0,1959,0,0.0,95900.0,95900.0,-4100.0
8655,Amaia Daniel,flat,100.0,100000.0,50000.0,1907,0,0.0,90700.0,90700.0,-9300.0
8656,Grady Hoffman,flat,100.0,100000.0,50000.0,1946,0,0.0,94600.0,94600.0,-5400.0
8657,Aspen Dorsey,flat,100.0,100000.0,50000.0,2039,0,0.0,103900.0,103900.0,3900.0
8658,Enoch Boyer,flat,100.0,100000.0,50000.0,2057,0,0.0,105700.0,105700.0,5700.0
8659,Chaya Middleton,flat,100.0,100000.0,50000.0,1897,0,0.0,89700.0,89700.0,-10300.0
8660,Misael Holt,flat,100.0,100000.0,50000.0,1913,0,0.0,91300.0,91300.0,-8700.0
8661,Adelynn Hebert,flat,100.0,100000.0,50000.0,1942,0,0.0,94200.0,94200.0,-5800.0
8662,Guillermo Wells,flat,100.0,100000.0,50000.0,2046,0,0.0,104600.0,104600.0,4600.0
8663,Cecilia Dickson,flat,100.0,100000.0,50000.0,1983,0,0.0,98300.0,98300.0,-1700.0
8664,Maxton Blanchard,flat,100.0,100000.0,50000.0,1896,0,0.0,89600.0,89600.0,-10400.0
8665,Layne Anthony,flat,100.0,100000.0,50000.0,1944,0,0.0,94400.0,94400.0,-5600.0
8666,Shiloh Bruce,flat,100.0,100000.0,50000.0,2009,0,0.0,100900.0,100900.0,900.0
8667,Marilyn Berger,flat,100.0,100000.0,50000.0,1940,0,0.0,94000.0,94000.0,-6000.0
8668,Byron Meza,flat,100.0,100000.0,50000.0,1963,0,0.0,96300.0,96300.0,-3700.0
8669,Rosa Wilcox,flat,100.0,100000.0,50000.0,1994,0,0.0,99400.0,99400.0,-600.0
8670,Jerry Young,flat,100.0,100000.0,50000.0,1946,0,0.0,94600.0,94600.0,-5400.0
8671,Zoey Benitez,flat,100.0,100000.0,50000.0,1997,0,0.0,99700.0,99700.0,-300.0
8672,Justice Pratt,flat,100.0,100000.0,50000.0,1920,0,0.0,92000.0,92000.0,-8000.0
8673,Ailani Meza,flat,100.0,100000.0,50000.0,1944,0,0.0,94400.0,94400.0,-5600.0
8674,Lucian Chung,flat,100.0,100000.0,50000.0,1986,0,0.0,98600.0,98600.0,-1400.0
8675,Rivka Villarreal,flat,100.0,100000.0,50000.0,2015,0,0.0,101500.0,101500.0,1500.0
8676,Nikolai Nielsen,flat,100.0,100000.0,50000.0,1961,0,0.0,96100.0,96100.0,-3900.0
8677,Vienna Bennett,flat,100.0,100000.0,50000.0,1897,0,0.0,89700.0,89700.0,-10300.0
8678,Leonardo Mann,flat,100.0,100000.0,50000.0,1930,0,0.0,93000.0,93000.0,-7000.0
8679,Paislee Montes,flat,100.0,100000.0,50000.0,1969,0,0.0,96900.0,96900.0,-3100.0
8680,Darren Donaldson,flat,100.0,100000.0,50000.0,1954,0,0.0,95400.0,95400.0,-4600.0
8681,Natasha Lloyd,flat,100.0,100000.0,50000.0,1968,0,0.0,96800.0,96800.0,-3200.0
8682,Zaire Ayers,flat,100.0,100000.0,50000.0,1961,0,0.0,96100.0,96100.0,-3900.0
8683,Simone Mayer,flat,100.0,100000.0,50000.0,1954,0,0.0,95400.0,95400.0,-4600.0
8684,Yahir Patterson,flat,100.0,100000.0,50000.0,1970,0,0.0,97000.0,97000.0,-3000.0
8685,Kaylee Fernandez,flat,100.0,100000.0,50000.0,1987,0,0.0,98700.0,98700.0,-1300.0
8686,Bentley McLean,flat,100.0,100000.0,50000.0,1946,0,0.0,94600.0,94600.0,-5400.0
8687,Sky Pham,flat,100.0,100000.0,50000.0,1984,0,0.0,98400.0,98400.0,-1600.0
8688,Russell Pugh,flat,100.0,100000.0,50000.0,1939,0,0.0,93900.0,93900.0,-6100.0
8689,Landry Levy,flat,100.0,100000.0,50000.0,2007,0,0.0,100700.0,100700.0,700.0
8690,Harold Magana,flat,100.0,100000.0,50000.0,1932,0,0.0,93200.0,93200.0,-6800.0
8691,Amaris Frost,flat,100.0,100000.0,50000.0,1964,0,0.0,96400.0,96400.0,-3600.0
8692,Dario Norton,flat,100.0,100000.0,50000.0,1997,0,0.0,99700.0,99700.0,-300.0
8693,Kylee Green,flat,100.0,100000.0,50000.0,1949,0,0.0,94900.0,94900.0,-5100.0
8694,Anthony O’Donnell,flat,100.0,100000.0,50000.0,1865,0,0.0,86500.0,86500.0,-13500.0
8695,Bellamy Stanley,flat,100.0,100000.0,50000.0,1920,0,0.0,92000.0,92000.0,-8000.0
8696,Manuel Bishop,flat,100.0,100000.0,50000.0,1904,0,0.0,90400.0,90400.0,-9600.0
8697,Brooklynn Galvan,flat,100.0,100000.0,50000.0,1915,0,0.0,91500.0,91500.0,-8500.0
8698,Kingsley Rosales,flat,100.0,100000.0,50000.0,1918,0,0.0,91800.0,91800.0,-8200.0
8699,Kinley Murillo,flat,100.0,100000.0,50000.0,1925,0,0.0,92500.0,92500.0,-7500.0
8700,Lance Enriquez,flat,100.0,100000.0,50000.0,2007,0,0.0,100700.0,100700.0,700.0
8701,Nellie Michael,flat,100.0,100000.0,50000.0,1941,0,0.0,94100.0,94100.0,-5900.0
8702,Bronson Greer,flat,100.0,100000.0,50000.0,1952,0,0.0,95200.0,95200.0,-4800.0
8703,Reina Torres,flat,100.0,100000.0,50000.0,1904,0,0.0,90400.0,90400.0,-9600.0
8704,Jayden Sosa,flat,100.0,100000.0,50000.0,1902,0,0.0,90200.0,90200.0,-9800.0
8705,Cassandra Griffin,flat,100.0,100000.0,50000.0,1962,0,0.0,96200.0,96200.0,-3800.0
8706,Ayden Morris,flat,100.0,100000.0,50000.0,1957,0,0.0,95700.0,95700.0,-4300.0
8707,Genesis Guevara,flat,100.0,100000.0,50000.0,1909,0,0.0,90900.0,90900.0,-9100.0
8708,Tommy Meyers,flat,100.0,100000.0,50000.0,1966,0,0.0,96600.0,96600.0,-3400.0
8709,Leyla Kelly,flat,100.0,100000.0,50000.0,1980,0,0.0,98000.0,98000.0,-2000.0
8710,Cooper Cantu,flat,100.0,100000.0,50000.0,2009,0,0.0,100900.0,100900.0,900.0
8711,Galilea Manning,flat,100.0,100000.0,50000.0,1991,0,0.0,99100.0,99100.0,-900.0
8712,Seth Shaw,flat,100.0,100000.0,50000.0,2002,0,0.0,100200.0,100200.0,200.0
8713,Emersyn Erickson,flat,100.0,100000.0,50000.0,1908,0,0.0,90800.0,90800.0,-9200.0
8714,Johnny Atkins,flat,100.0,100000.0,50000.0,1914,0,0.0,91400.0,91400.0,-8600.0
8715,Mina Mora,flat,100.0,100000.0,50000.0,1966,0,0.0,96600.0,96600.0,-3400.0
8716,Arturo Espinosa,flat,100.0,100000.0,50000.0,1910,0,0.0,91000.0,91000.0,-9000.0
8717,Braylee Bowers,flat,100.0,100000.0,50000.0,1996,0,0.0,99600.0,99600.0,-400.0
8718,Dorian Hurst,flat,100.0,100000.0,50000.0,1967,0,0.0,96700.0,96700.0,-3300.0
8719,Adalee Vaughan,flat,100.0,100000.0,50000.0,1974,0,0.0,97400.0,97400.0,-2600.0
8720,Castiel Hanson,flat,100.0,100000.0,50000.0,1972,0,0.0,97200.0,97200.0,-2800.0
8721,Mariana Ali,flat,100.0,100000.0,50000.0,1912,0,0.0,91200.0,91200.0,-8800.0
8722,Arjun Hurst,flat,100.0,100000.0,50000.0,1965,0,0.0,96500.0,96500.0,-3500.0
8723,Adalee Klein,flat,100.0,100000.0,50000.0,1918,0,0.0,91800.0,91800.0,-8200.0
8724,Marco Spencer,flat,100.0,100000.0,50000.0,2049,0,0.0,104900.0,104900.0,4900.0
8725,Alyssa Rangel,flat,100.0,100000.0,50000.0,1918,0,0.0,91800.0,91800.0,-8200.0
8726,Saint Horn,flat,100.0,100000.0,50000.0,1929,0,0.0,92900.0,92900.0,-7100.0
8727,Avah Esquivel,flat,100.0,100000.0,50000.0,1895,0,0.0,89500.0,89500.0,-10500.0
8728,Bridger Berg,flat,100.0,100000.0,50000.0,1906,0,0.0,90600.0,90600.0,-9400.0
8729,Emmalyn Castillo,flat,100.0,100000.0,50000.0,1995,0,0.0,99500.0,99500.0,-500.0
8730,Kai Floyd,flat,100.0,100000.0,50000.0,2018,0,0.0,101800.0,101800.0,1800.0
8731,Yaretzi Burton,flat,100.0,100000.0,50000.0,1984,0,0.0,98400.0,98400.0,-1600.0
8732,Zander Fletcher,flat,100.0,100000.0,50000.0,2054,0,0.0,105400.0,105400.0,5400.0
8733,Anaya Luna,flat,100.0,100000.0,50000.0,1933,0,0.0,93300.0,93300.0,-6700.0
8734,Erick Francis,flat,100.0,100000.0,50000.0,1995,0,0.0,99500.0,99500.0,-500.0
8735,Daniella Short,flat,100.0,100000.0,50000.0,1910,0,0.0,91000.0,91000.0,-9000.0
8736,Hezekiah Novak,flat,100.0,100000.0,50000.0,2015,0,0.0,101500.0,101500.0,1500.0
8737,Kaiya O’brien,flat,100.0,100000.0,50000.0,1950,0,0.0,95000.0,95000.0,-5000.0
8738,Riley Pugh,flat,100.0,100000.0,50000.0,1950,0,0.0,95000.0,95000.0,-5000.0
8739,Landry Brewer,flat,100.0,100000.0,50000.0,1941,0,0.0,94100.0,94100.0,-5900.0
8740,Cruz Hendricks,flat,100.0,100000.0,50000.0,1861,0,0.0,86100.0,86100.0,-13900.0
8741,Dani Mays,flat,100.0,100000.0,50000.0,2022,0,0.0,102200.0,102200.0,2200.0
8742,Jadiel McDaniel,flat,100.0,100000.0,50000.0,1903,0,0.0,90300.0,90300.0,-9700.0
8743,Dahlia Larsen,flat,100.0,100000.0,50000.0,1989,0,0.0,98900.0,98900.0,-1100.0
8744,Brycen Archer,flat,100.0,100000.0,50000.0,1916,0,0.0,91600.0,91600.0,-8400.0
8745,Kadence House,flat,100.0,100000.0,50000.0,1878,0,0.0,87800.0,87800.0,-12200.0
8746,Yehuda Warner,flat,100.0,100000.0,50000.0,1862,0,0.0,86200.0,86200.0,-13800.0
8747,Wynter Anderson,flat,100.0,100000.0,50000.0,2003,0,0.0,100300.0,100300.0,300.0
8748,Jacob Moyer,flat,100.0,100000.0,50000.0,1979,0,0.0,97900.0,97900.0,-2100.0
8749,Zola Warren,flat,100.0,100000.0,50000.0,1946,0,0.0,94600.0,94600.0,-5400.0
8750,Abel Zuniga,flat,100.0,100000.0,50000.0,1940,0,0.0,94000.0,94000.0,-6000.0
8751,Leslie Banks,flat,100.0,100000.0,50000.0,1991,0,0.0,99100.0,99100.0,-900.0
8752,Martin Moon,flat,100.0,100000.0,50000.0,1950,0,0.0,95000.0,95000.0,-5000.0
8753,Naya Charles,flat,100.0,100000.0,50000.0,1941,0,0.0,94100.0,94100.0,-5900.0
8754,Conrad Vo,flat,100.0,100000.0,50000.0,1972,0,0.0,97200.0,97200.0,-2800.0
8755,Artemis Conrad,flat,100.0,100000.0,50000.0,1994,0,0.0,99400.0,99400.0,-600.0
8756,Dilan Bruce,flat,100.0,100000.0,50000.0,1904,0,0.0,90400.0,90400.0,-9600.0
8757,Marilyn Olson,flat,100.0,100000.0,50000.0,1864,0,0.0,86400.0,86400.0,-13600.0
8758,Malachi Webster,flat,100.0,100000.0,50000.0,1919,0,0.0,91900.0,91900.0,-8100.0
8759,Kensley Parsons,flat,100.0,100000.0,50000.0,2046,0,0.0,104600.0,104600.0,4600.0
8760,Lewis Winters,flat,100.0,100000.0,50000.0,1896,0,0.0,89600.0,89600.0,-10400.0
8761,Kataleya Freeman,flat,100.0,100000.0,50000.0,2016,0,0.0,101600.0,101600.0,1600.0
8762,Jayce Johnson,flat,100.0,100000.0,50000.0,1870,0,0.0,87000.0,87000.0,-13000.0
8763,Emma Washington,flat,100.0,100000.0,50000.0,1978,0,0.0,97800.0,97800.0,-2200.0
8764,Juan McLaughlin,flat,100.0,100000.0,50000.0,1887,0,0.0,88700.0,88700.0,-11300.0
8765,Stephanie Rich,flat,100.0,100000.0,50000.0,1944,0,0.0,94400.0,94400.0,-5600.0
8766,Miller Phillips,flat,100.0,100000.0,50000.0,1994,0,0.0,99400.0,99400.0,-600.0
8767,Naomi Larson,flat,100.0,100000.0,50000.0,1911,0,0.0,91100.0,91100.0,-8900.0
8768,Rafael Burnett,flat,100.0,100000.0,50000.0,1909,0,0.0,90900.0,90900.0,-9100.0
8769,Emberly Barber,flat,100.0,100000.0,50000.0,1894,0,0.0,89400.0,89400.0,-10600.0
8770,Solomon Vincent,flat,100.0,100000.0,50000.0,1978,0,0.0,97800.0,97800.0,-2200.0
8771,Allyson Quinn,flat,100.0,100000.0,50000.0,1996,0,0.0,99600.0,99600.0,-400.0
8772,Rhys Knox,flat,100.0,100000.0,50000.0,1968,0,0.0,96800.0,96800.0,-3200.0
8773,Kallie Mueller,flat,100.0,100000.0,50000.0,1967,0,0.0,96700.0,96700.0,-3300.0
8774,Albert Boone,flat,100.0,100000.0,50000.0,1934,0,0.0,93400.0,93400.0,-6600.0
8775,Mariam Horton,flat,100.0,100000.0,50000.0,1878,0,0.0,87800.0,87800.0,-12200.0
8776,Garrett Tanner,flat,100.0,100000.0,50000.0,1891,0,0.0,89100.0,89100.0,-10900.0
8777,Harmoni Morton,flat,100.0,100000.0,50000.0,1907,0,0.0,90700.0,90700.0,-9300.0
8778,Roland Meadows,flat,100.0,100000.0,50000.0,1901,0,0.0,90100.0,90100.0,-9900.0
8779,Pearl Colon,flat,100.0,100000.0,50000.0,1973,0,0.0,97300.0,97300.0,-2700.0
8780,Bruce Castro,flat,100.0,100000.0,50000.0,1955,0,0.0,95500.0,95500.0,-4500.0
8781,Eloise Valencia,flat,100.0,100000.0,50000.0,1910,0,0.0,91000.0,91000.0,-9000.0
8782,Dax McCann,flat,100.0,100000.0,50000.0,1937,0,0.0,93700.0,93700.0,-6300.0
8783,Joyce Pacheco,flat,100.0,100000.0,50000.0,1939,0,0.0,93900.0,93900.0,-6100.0
8784,Erik Parrish,flat,100.0,100000.0,50000.0,2002,0,0.0,100200.0,100200.0,200.0
8785,Tiana Arellano,flat,100.0,100000.0,50000.0,1858,0,0.0,85800.0,85800.0,-14200.0
8786,Kellan Wyatt,flat,100.0,100000.0,50000.0,1962,0,0.0,96200.0,96200.0,-3800.0
8787,Liberty Marin,flat,100.0,100000.0,50000.0,1973,0,0.0,97300.0,97300.0,-2700.0
8788,Aldo Snow,flat,100.0,100000.0,50000.0,2000,0,0.0,100000.0,100000.0,0.0
8789,Alexia Potter,flat,100.0,100000.0,50000.0,1921,0,0.0,92100.0,92100.0,-7900.0
8790,Lucca Saunders,flat,100.0,100000.0,50000.0,1931,0,0.0,93100.0,93100.0,-6900.0
8791,Meadow Lambert,flat,100.0,100000.0,50000.0,1994,0,0.0,99400.0,99400.0,-600.0
8792,Mario Gonzales,flat,100.0,100000.0,50000.0,1854,0,0.0,85400.0,85400.0,-14600.0
8793,Hadley Clements,flat,100.0,100000.0,50000.0,1943,0,0.0,94300.0,94300.0,-5700.0
8794,Fisher Decker,flat,100.0,100000.0,50000.0,1939,0,0.0,93900.0,93900.0,-6100.0
8795,Aleena Hodges,flat,100.0,100000.0,50000.0,1922,0,0.0,92200.0,92200.0,-7800.0
8796,Alonzo Bryan,flat,100.0,100000.0,50000.0,1949,0,0.0,94900.0,94900.0,-5100.0
8797,Meredith Tucker,flat,100.0,100000.0,50000.0,1931,0,0.0,93100.0,93100.0,-6900.0
8798,Ivan Allison,flat,100.0,100000.0,50000.0,1926,0,0.0,92600.0,92600.0,-7400.0
8799,Chelsea Schneider,flat,100.0,100000.0,50000.0,1888,0,0.0,88800.0,88800.0,-11200.0
8800,Raymond Robles,flat,100.0,100000.0,50000.0,1908,0,0.0,90800.0,90800.0,-9200.0
8801,Felicity Valencia,flat,100.0,100000.0,50000.0,1951,0,0.0,95100.0,95100.0,-4900.0
8802,Dax Ross,flat,100.0,100000.0,50000.0,1935,0,0.0,93500.0,93500.0,-6500.0
8803,Peyton Douglas,flat,100.0,100000.0,50000.0,1952,0,0.0,95200.0,95200.0,-4800.0
8804,Derek Thornton,flat,100.0,100000.0,50000.0,1961,0,0.0,96100.0,96100.0,-3900.0
8805,Haisley Blackburn,flat,100.0,100000.0,50000.0,1890,0,0.0,89000.0,89000.0,-11000.0
8806,Zahir Holland,flat,100.0,100000.0,50000.0,1913,0,0.0,91300.0,91300.0,-8700.0
8807,Mariah Peterson,flat,100.0,100000.0,50000.0,1964,0,0.0,96400.0,96400.0,-3600.0
8808,Santiago Solis,flat,100.0,100000.0,50000.0,1915,0,0.0,91500.0,91500.0,-8500.0
8809,Miracle Melton,flat,100.0,100000.0,50000.0,1974,0,0.0,97400.0,97400.0,-2600.0
8810,Lennon Hicks,flat,100.0,100000.0,50000.0,1917,0,0.0,91700.0,91700.0,-8300.0
8811,Alina Levy,flat,100.0,100000.0,50000.0,1947,0,0.0,94700.0,94700.0,-5300.0
8812,Harold Johns,flat,100.0,100000.0,50000.0,2015,0,0.0,101500.0,101500.0,1500.0
8813,Giovanna Doyle,flat,100.0,100000.0,50000.0,1902,0,0.0,90200.0,90200.0,-9800.0
8814,Kashton Bonilla,flat,100.0,100000.0,50000.0,1969,0,0.0,96900.0,96900.0,-3100.0
8815,Romina Harper,flat,100.0,100000.0,50000.0,1899,0,0.0,89900.0,89900.0,-10100.0
8816,Hayes Vang,flat,100.0,100000.0,50000.0,1906,0,0.0,90600.0,90600.0,-9400.0
8817,Madisyn Galindo,flat,100.0,100000.0,50000.0,1935,0,0.0,93500.0,93500.0,-6500.0
8818,Salvatore Manning,flat,100.0,100000.0,50000.0,1948,0,0.0,94800.0,94800.0,-5200.0
8819,Jennifer Burton,flat,100.0,100000.0,50000.0,2006,0,0.0,100600.0,100600.0,600.0
8820,Zander Robertson,flat,100.0,100000.0,50000.0,1917,0,0.0,91700.0,91700.0,-8300.0
8821,Harmony Evans,flat,100.0,100000.0,50000.0,1881,0,0.0,88100.0,88100.0,-11900.0
8822,Elias Poole,flat,100.0,100000.0,50000.0,1994,0,0.0,99400.0,99400.0,-600.0
8823,Bonnie Mendez,flat,100.0,100000.0,50000.0,1907,0,0.0,90700.0,90700.0,-9300.0
8824,Arthur Harrington,flat,100.0,100000.0,50000.0,1940,0,0.0,94000.0,94000.0,-6000.0
8825,Legacy Hill,flat,100.0,100000.0,50000.0,1935,0,0.0,93500.0,93500.0,-6500.0
8826,Isaac Burke,flat,100.0,100000.0,50000.0,1960,0,0.0,96000.0,96000.0,-4000.0
8827,Vera Finley,flat,100.0,100000.0,50000.0,1883,0,0.0,88300.0,88300.0,-11700.0
8828,Calum Dominguez,flat,100.0,100000.0,50000.0,1925,0,0.0,92500.0,92500.0,-7500.0
8829,Raegan Chung,flat,100.0,100000.0,50000.0,1952,0,0.0,95200.0,95200.0,-4800.0
8830,Ira Rojas,flat,100.0,100000.0,50000.0,1947,0,0.0,94700.0,94700.0,-5300.0
8831,Adaline Summers,flat,100.0,100000.0,50000.0,1917,0,0.0,91700.0,91700.0,-8300.0
8832,Darius Ali,flat,100.0,100000.0,50000.0,1956,0,0.0,95600.0,95600.0,-4400.0
8833,Zelda McFarland,flat,100.0,100000.0,50000.0,1977,0,0.0,97700.0,97700.0,-2300.0
8834,Dane Gibbs,flat,100.0,100000.0,50000.0,1969,0,0.0,96900.0,96900.0,-3100.0
8835,Carter Moore,flat,100.0,100000.0,50000.0,2016,0,0.0,101600.0,101600.0,1600.0
8836,Levi Gentry,flat,100.0,100000.0,50000.0,1982,0,0.0,98200.0,98200.0,-1800.0
8837,Amelie Thompson,flat,100.0,100000.0,50000.0,1976,0,0.0,97600.0,97600.0,-2400.0
8838,Theodore Jenkins,flat,100.0,100000.0,50000.0,1946,0,0.0,94600.0,94600.0,-5400.0
8839,Rylee McDaniel,flat,100.0,100000.0,50000.0,1918,0,0.0,91800.0,91800.0,-8200.0
8840,Major Simon,flat,100.0,100000.0,50000.0,1993,0,0.0,99300.0,99300.0,-700.0
8841,Kalani Tran,flat,100.0,100000.0,50000.0,1951,0,0.0,95100.0,95100.0,-4900.0
8842,Braxton Crosby,flat,100.0,100000.0,50000.0,1949,0,0.0,94900.0,94900.0,-5100.0
8843,Keily McIntosh,flat,100.0,100000.0,50000.0,1959,0,0.0,95900.0,95900.0,-4100.0
8844,Kristian Avila,flat,100.0,100000.0,50000.0,1960,0,0.0,96000.0,96000.0,-4000.0
8845,Amiyah Richmond,flat,100.0,100000.0,50000.0,1931,0,0.0,93100.0,93100.0,-6900.0
8846,Mordechai McFarland,flat,100.0,100000.0,50000.0,2024,0,0.0,102400.0,102400.0,2400.0
8847,Annika Atkinson,flat,100.0,100000.0,50000.0,1948,0,0.0,94800.0,94800.0,-5200.0
8848,Duke Ayers,flat,100.0,100000.0,50000.0,1843,0,0.0,84300.0,84300.0,-15700.0
8849,Simone Barber,flat,100.0,100000.0,50000.0,1895,0,0.0,89500.0,89500.0,-10500.0
8850,Solomon Webb,flat,100.0,100000.0,50000.0,1940,0,0.0,94000.0,94000.0,-6000.0
8851,Ariella Kaur,flat,100.0,100000.0,50000.0,1929,0,0.0,92900.0,92900.0,-7100.0
8852,Augustine Valentine,flat,100.0,100000.0,50000.0,1951,0,0.0,95100.0,95100.0,-4900.0
8853,August McCullough,flat,100.0,100000.0,50000.0,1870,0,0.0,87000.0,87000.0,-13000.0
8854,Briar Richmond,flat,100.0,100000.0,50000.0,1986,0,0.0,98600.0,98600.0,-1400.0
8855,Whitney Hodges,flat,100.0,100000.0,50000.0,1881,0,0.0,88100.0,88100.0,-11900.0
8856,Alonzo Lucas,flat,100.0,100000.0,50000.0,1997,0,0.0,99700.0,99700.0,-300.0
8857,Phoenix Potter,flat,100.0,100000.0,50000.0,1884,0,0.0,88400.0,88400.0,-11600.0
8858,Lucca Carson,flat,100.0,100000.0,50000.0,1949,0,0.0,94900.0,94900.0,-5100.0
8859,Nalani Howe,flat,100.0,100000.0,50000.0,1948,0,0.0,94800.0,94800.0,-5200.0
8860,Alaric Hogan,flat,100.0,100000.0,50000.0,1954,0,0.0,95400.0,95400.0,-4600.0
8861,Kathryn Riley,flat,100.0,100000.0,50000.0,1919,0,0.0,91900.0,91900.0,-8100.0
8862,Amari Rose,flat,100.0,100000.0,50000.0,1966,0,0.0,96600.0,96600.0,-3400.0
8863,Magnolia Valencia,flat,100.0,100000.0,50000.0,1951,0,0.0,95100.0,95100.0,-4900.0
8864,Dax Ingram,flat,100.0,100000.0,50000.0,1918,0,0.0,91800.0,91800.0,-8200.0
8865,Katie Eaton,flat,100.0,100000.0,50000.0,1938,0,0.0,93800.0,93800.0,-6200.0
8866,Leighton Hood,flat,100.0,100000.0,50000.0,1936,0,0.0,93600.0,93600.0,-6400.0
8867,Briana Velez,flat,100.0,100000.0,50000.0,2044,0,0.0,104400.0,104400.0,4400.0
8868,Kareem Raymond,flat,100.0,100000.0,50000.0,1972,0,0.0,97200.0,97200.0,-2800.0
8869,Hadlee Liu,flat,100.0,100000.0,50000.0,1941,0,0.0,94100.0,94100.0,-5900.0
8870,Pedro Wade,flat,100.0,100000.0,50000.0,1968,0,0.0,96800.0,96800.0,-3200.0
8871,Evie Hines,flat,100.0,100000.0,50000.0,1988,0,0.0,98800.0,98800.0,-1200.0
8872,Uriel Parra,flat,100.0,100000.0,50000.0,2011,0,0.0,101100.0,101100.0,1100.0
8873,Dalary Reese,flat,100.0,100000.0,50000.0,2002,0,0.0,100200.0,100200.0,200.0
8874,Alijah Velasquez,flat,100.0,100000.0,50000.0,1964,0,0.0,96400.0,96400.0,-3600.0
8875,Esme Patterson,flat,100.0,100000.0,50000.0,1912,0,0.0,91200.0,91200.0,-8800.0
8876,Amir Reyna,flat,100.0,100000.0,50000.0,1971,0,0.0,97100.0,97100.0,-2900.0
8877,Luella Shannon,flat,100.0,100000.0,50000.0,2036,0,0.0,103600.0,103600.0,3600.0
8878,Eliel McCann,flat,100.0,100000.0,50000.0,1937,0,0.0,93700.0,93700.0,-6300.0
8879,Joyce Chan,flat,100.0,100000.0,50000.0,1936,0,0.0,93600.0,93600.0,-6400.0
8880,Frank Perry,flat,100.0,100000.0,50000.0,1943,0,0.0,94300.0,94300.0,-5700.0
8881,Clara Massey,flat,100.0,100000.0,50000.0,1922,0,0.0,92200.0,92200.0,-7800.0
8882,Donald Jarvis,flat,100.0,100000.0,50000.0,1901,0,0.0,90100.0,90100.0,-9900.0
8883,Elisabeth Macdonald,flat,100.0,100000.0,50000.0,1847,0,0.0,84700.0,84700.0,-15300.0
8884,Hugh Beil,flat,100.0,100000.0,50000.0,2012,0,0.0,101200.0,101200.0,1200.0
8885,Itzel Carpenter,flat,100.0,100000.0,50000.0,1927,0,0.0,92700.0,92700.0,-7300.0
8886,Jeremy Barrera,flat,100.0,100000.0,50000.0,1916,0,0.0,91600.0,91600.0,-8400.0
8887,Beatrice Mayer,flat,100.0,100000.0,50000.0,1981,0,0.0,98100.0,98100.0,-1900.0
8888,Yahir Holt,flat,100.0,100000.0,50000.0,1901,0,0.0,90100.0,90100.0,-9900.0
8889,Adelynn Hoover,flat,100.0,100000.0,50000.0,2009,0,0.0,100900.0,100900.0,900.0
8890,Jaziel Harrison,flat,100.0,100000.0,50000.0,1921,0,0.0,92100.0,92100.0,-7900.0
8891,Jasmine Howell,flat,100.0,100000.0,50000.0,1932,0,0.0,93200.0,93200.0,-6800.0
8892,Bradley McClain,flat,100.0,100000.0,50000.0,1976,0,0.0,97600.0,97600.0,-2400.0
8893,Marleigh Dean,flat,100.0,100000.0,50000.0,1904,0,0.0,90400.0,90400.0,-9600.0
8894,Ronan Good,flat,100.0,100000.0,50000.0,1961,0,0.0,96100.0,96100.0,-3900.0
8895,Nathalia Kirby,flat,100.0,100000.0,50000.0,1920,0,0.0,92000.0,92000.0,-8000.0
8896,Tony Kim,flat,100.0,100000.0,50000.0,1951,0,0.0,95100.0,95100.0,-4900.0
8897,Gabriella Norris,flat,100.0,100000.0,50000.0,1937,0,0.0,93700.0,93700.0,-6300.0
8898,Cairo Walton,flat,100.0,100000.0,50000.0,1988,0,0.0,98800.0,98800.0,-1200.0
8899,Scarlet Turner,flat,100.0,100000.0,50000.0,1923,0,0.0,92300.0,92300.0,-7700.0
8900,Joshua McPherson,flat,100.0,100000.0,50000.0,1975,0,0.0,97500.0,97500.0,-2500.0
8901,Emmaline Mack,flat,100.0,100000.0,50000.0,1975,0,0.0,97500.0,97500.0,-2500.0
8902,Esteban James,flat,100.0,100000.0,50000.0,1933,0,0.0,93300.0,93300.0,-6700.0
8903,Quinn Atkinson,flat,100.0,100000.0,50000.0,1958,0,0.0,95800.0,95800.0,-4200.0
8904,Duke Gallagher,flat,100.0,100000.0,50000.0,1920,0,0.0,92000.0,92000.0,-8000.0
8905,Elliott Barrera,flat,100.0,100000.0,50000.0,1982,0,0.0,98200.0,98200.0,-1800.0
8906,Makai Lawson,flat,100.0,100000.0,50000.0,1990,0,0.0,99000.0,99000.0,-1000.0
8907,Phoebe Pace,flat,100.0,100000.0,50000.0,1921,0,0.0,92100.0,92100.0,-7900.0
8908,Dior Miller,flat,100.0,100000.0,50000.0,1955,0,0.0,95500.0,95500.0,-4500.0
8909,Isabella Rose,flat,100.0,100000.0,50000.0,1900,0,0.0,90000.0,90000.0,-10000.0
8910,Hayden Pearson,flat,100.0,100000.0,50000.0,1988,0,0.0,98800.0,98800.0,-1200.0
8911,Kiara Hammond,flat,100.0,100000.0,50000.0,1900,0,0.0,90000.0,90000.0,-10000.0
8912,Francis Fox,flat,100.0,100000.0,50000.0,1916,0,0.0,91600.0,91600.0,-8400.0
8913,Juliette Miller,flat,100.0,100000.0,50000.0,1924,0,0.0,92400.0,92400.0,-7600.0
8914,Benjamin Duarte,flat,100.0,100000.0,50000.0,1943,0,0.0,94300.0,94300.0,-5700.0
8915,Kynlee Robertson,flat,100.0,100000.0,50000.0,1962,0,0.0,96200.0,96200.0,-3800.0
8916,Emiliano Hodges,flat,100.0,100000.0,50000.0,1962,0,0.0,96200.0,96200.0,-3800.0
8917,Eve Wall,flat,100.0,100000.0,50000.0,1943,0,0.0,94300.0,94300.0,-5700.0
8918,Issac Tate,flat,100.0,100000.0,50000.0,2011,0,0.0,101100.0,101100.0,1100.0
8919,Skye O’brien,flat,100.0,100000.0,50000.0,1924,0,0.0,92400.0,92400.0,-7600.0
8920,Riley Greene,flat,100.0,100000.0,50000.0,1943,0,0.0,94300.0,94300.0,-5700.0
8921,Selena Boyle,flat,100.0,100000.0,50000.0,1943,0,0.0,94300.0,94300.0,-5700.0
8922,Robin Walter,flat,100.0,100000.0,50000.0,1943,0,0.0,94300.0,94300.0,-5700.0
8923,Penny Lynn,flat,100.0,100000.0,50000.0,1975,0,0.0,97500.0,97500.0,-2500.0
8924,Zechariah Berg,flat,100.0,100000.0,50000.0,1924,0,0.0,92400.0,92400.0,-7600.0
8925,Emmalyn Joseph,flat,100.0,100000.0,50000.0,1938,0,0.0,93800.0,93800.0,-6200.0
8926,Kyle Nixon,flat,100.0,100000.0,50000.0,1972,0,0.0,97200.0,97200.0,-2800.0
8927,Deborah Vang,flat,100.0,100000.0,50000.0,1938,0,0.0,93800.0,93800.0,-6200.0
8928,Jimmy Richardson,flat,100.0,100000.0,50000.0,1968,0,0.0,96800.0,96800.0,-3200.0
8929,Allison Chung,flat,100.0,100000.0,50000.0,1943,0,0.0,94300.0,94300.0,-5700.0
8930,Ira Blevins,flat,100.0,100000.0,50000.0,1892,0,0.0,89200.0,89200.0,-10800.0
8931,Aila Bartlett,flat,100.0,100000.0,50000.0,1974,0,0.0,97400.0,97400.0,-2600.0
8932,Kace Vargas,flat,100.0,100000.0,50000.0,1932,0,0.0,93200.0,93200.0,-6800.0
8933,Andrea Hahn,flat,100.0,100000.0,50000.0,1923,0,0.0,92300.0,92300.0,-7700.0
8934,Kabir Patterson,flat,100.0,100000.0,50000.0,1901,0,0.0,90100.0,90100.0,-9900.0
8935,Kaylee Norton,flat,100.0,100000.0,50000.0,1984,0,0.0,98400.0,98400.0,-1600.0
8936,Callen Holmes,flat,100.0,100000.0,50000.0,1971,0,0.0,97100.0,97100.0,-2900.0
8937,Bailey May,flat,100.0,100000.0,50000.0,1958,0,0.0,95800.0,95800.0,-4200.0
8938,Finley Shaw,flat,100.0,100000.0,50000.0,1942,0,0.0,94200.0,94200.0,-5800.0
8939,Emersyn Craig,flat,100.0,100000.0,50000.0,1962,0,0.0,96200.0,96200.0,-3800.0
8940,Odin Beck,flat,100.0,100000.0,50000.0,1920,0,0.0,92000.0,92000.0,-8000.0
8941,Gia Greene,flat,100.0,100000.0,50000.0,1930,0,0.0,93000.0,93000.0,-7000.0
8942,Griffin Parsons,flat,100.0,100000.0,50000.0,1923,0,0.0,92300.0,92300.0,-7700.0
8943,Maia Hodge,flat,100.0,100000.0,50000.0,1970,0,0.0,97000.0,97000.0,-3000.0
8944,Reign Hogan,flat,100.0,100000.0,50000.0,1980,0,0.0,98000.0,98000.0,-2000.0
8945,Kathryn Andrade,flat,100.0,100000.0,50000.0,1976,0,0.0,97600.0,97600.0,-2400.0
8946,Abdiel Ward,flat,100.0,100000.0,50000.0,1904,0,0.0,90400.0,90400.0,-9600.0
8947,Ariana Clements,flat,100.0,100000.0,50000.0,1855,0,0.0,85500.0,85500.0,-14500.0
8948,Fisher Estrada,flat,100.0,100000.0,50000.0,1866,0,0.0,86600.0,86600.0,-13400.0
8949,Sawyer Bonilla,flat,100.0,100000.0,50000.0,1877,0,0.0,87700.0,87700.0,-12300.0
8950,Aden Bennett,flat,100.0,100000.0,50000.0,1957,0,0.0,95700.0,95700.0,-4300.0
8951,Josephine Best,flat,100.0,100000.0,50000.0,1897,0,0.0,89700.0,89700.0,-10300.0
8952,Harlem O’Connell,flat,100.0,100000.0,50000.0,1977,0,0.0,97700.0,97700.0,-2300.0
8953,Jillian Reyna,flat,100.0,100000.0,50000.0,1968,0,0.0,96800.0,96800.0,-3200.0
8954,Reginald Long,flat,100.0,100000.0,50000.0,1877,0,0.0,87700.0,87700.0,-12300.0
8955,Jade Houston,flat,100.0,100000.0,50000.0,1855,0,0.0,85500.0,85500.0,-14500.0
8956,Sylas Brooks,flat,100.0,100000.0,50000.0,1978,0,0.0,97800.0,97800.0,-2200.0
8957,Autumn Alvarez,flat,100.0,100000.0,50000.0,1934,0,0.0,93400.0,93400.0,-6600.0
8958,Xavier Nielsen,flat,100.0,100000.0,50000.0,1933,0,0.0,93300.0,93300.0,-6700.0
8959,Vienna Kennedy,flat,100.0,100000.0,50000.0,1951,0,0.0,95100.0,95100.0,-4900.0
8960,Maxwell Castillo,flat,100.0,100000.0,50000.0,1985,0,0.0,98500.0,98500.0,-1500.0
8961,Eva Hartman,flat,100.0,100000.0,50000.0,2021,0,0.0,102100.0,102100.0,2100.0
8962,Baker Haley,flat,100.0,100000.0,50000.0,1933,0,0.0,93300.0,93300.0,-6700.0
8963,Addilynn Crane,flat,100.0,100000.0,50000.0,1969,0,0.0,96900.0,96900.0,-3100.0
8964,Fox Aguirre,flat,100.0,100000.0,50000.0,1976,0,0.0,97600.0,97600.0,-2400.0
8965,Ariah House,flat,100.0,100000.0,50000.0,2031,0,0.0,103100.0,103100.0,3100.0
8966,Yehuda Moody,flat,100.0,100000.0,50000.0,1924,0,0.0,92400.0,92400.0,-7600.0
8967,Elaine Henry,flat,100.0,100000.0,50000.0,1946,0,0.0,94600.0,94600.0,-5400.0
8968,Carlos Gallegos,flat,100.0,100000.0,50000.0,1962,0,0.0,96200.0,96200.0,-3800.0
8969,Ari Glover,flat,100.0,100000.0,50000.0,1899,0,0.0,89900.0,89900.0,-10100.0
8970,Mack Trujillo,flat,100.0,100000.0,50000.0,1987,0,0.0,98700.0,98700.0,-1300.0
8971,Danielle Rhodes,flat,100.0,100000.0,50000.0,1941,0,0.0,94100.0,94100.0,-5900.0
8972,Titus Hartman,flat,100.0,100000.0,50000.0,1921,0,0.0,92100.0,92100.0,-7900.0
8973,Kennedi Beard,flat,100.0,100000.0,50000.0,1995,0,0.0,99500.0,99500.0,-500.0
8974,Nathanael Floyd,flat,100.0,100000.0,50000.0,2050,0,0.0,105000.0,105000.0,5000.0
8975,Yaretzi Lu,flat,100.0,100000.0,50000.0,1920,0,0.0,92000.0,92000.0,-8000.0
8976,Duncan Waters,flat,100.0,100000.0,50000.0,1943,0,0.0,94300.0,94300.0,-5700.0
8977,Bristol Hickman,flat,100.0,100000.0,50000.0,1935,0,0.0,93500.0,93500.0,-6500.0
8978,Jakobe Moreno,flat,100.0,100000.0,50000.0,1978,0,0.0,97800.0,97800.0,-2200.0
8979,Mary Hutchinson,flat,100.0,100000.0,50000.0,1920,0,0.0,92000.0,92000.0,-8000.0
8980,Korbin Ho,flat,100.0,100000.0,50000.0,2010,0,0.0,101000.0,101000.0,1000.0
8981,Calliope Benitez,flat,100.0,100000.0,50000.0,1949,0,0.0,94900.0,94900.0,-5100.0
8982,Justice Hull,flat,100.0,100000.0,50000.0,1964,0,0.0,96400.0,96400.0,-3600.0
8983,Andi Houston,flat,100.0,100000.0,50000.0,1971,0,0.0,97100.0,97100.0,-2900.0
8984,Sylas Rojas,flat,100.0,100000.0,50000.0,1978,0,0.0,97800.0,97800.0,-2200.0
8985,Adaline Rosario,flat,100.0,100000.0,50000.0,1927,0,0.0,92700.0,92700.0,-7300.0
8986,Jedidiah Tucker,flat,100.0,100000.0,50000.0,1912,0,0.0,91200.0,91200.0,-8800.0
8987,Esther Reid,flat,100.0,100000.0,50000.0,1951,0,0.0,95100.0,95100.0,-4900.0
8988,Josue Jennings,flat,100.0,100000.0,50000.0,1972,0,0.0,97200.0,97200.0,-2800.0
8989,Palmer Juarez,flat,100.0,100000.0,50000.0,1988,0,0.0,98800.0,98800.0,-1200.0
8990,Joaquin Velazquez,flat,100.0,100000.0,50000.0,1963,0,0.0,96300.0,96300.0,-3700.0
8991,Jaliyah Benton,flat,100.0,100000.0,50000.0,1976,0,0.0,97600.0,97600.0,-2400.0
8992,Jamal Clark,flat,100.0,100000.0,50000.0,1946,0,0.0,94600.0,94600.0,-5400.0
8993,Chloe Frank,flat,100.0,100000.0,50000.0,1984,0,0.0,98400.0,98400.0,-1600.0
8994,Braylen Brandt,flat,100.0,100000.0,50000.0,2005,0,0.0,100500.0,100500.0,500.0
8995,Loretta Lang,flat,100.0,100000.0,50000.0,1972,0,0.0,97200.0,97200.0,-2800.0
8996,Wells Mays,flat,100.0,100000.0,50000.0,1950,0,0.0,95000.0,95000.0,-5000.0
8997,Denisse Ballard,flat,100.0,100000.0,50000.0,1940,0,0.0,94000.0,94000.0,-6000.0
8998,Kenzo Dillon,flat,100.0,100000.0,50000.0,1935,0,0.0,93500.0,93500.0,-6500.0
8999,Laurel Reid,flat,100.0,100000.0,50000.0,2018,0,0.0,101800.0,101800.0,1800.0
9000,Josue Hutchinson,flat,100.0,100000.0,50000.0,1898,0,0.0,89800.0,89800.0,-10200.0
9001,Martha Gonzales,flat,100.0,100000.0,50000.0,1959,0,0.0,95900.0,95900.0,-4100.0
9002,Brayden Atkins,flat,100.0,100000.0,50000.0,1946,0,0.0,94600.0,94600.0,-5400.0
9003,Mina Burgess,flat,100.0,100000.0,50000.0,1914,0,0.0,91400.0,91400.0,-8600.0
9004,Kolton Bates,flat,100.0,100000.0,50000.0,1977,0,0.0,97700.0,97700.0,-2300.0
9005,Madilyn Mathis,flat,100.0,100000.0,50000.0,1969,0,0.0,96900.0,96900.0,-3100.0
9006,Gustavo Petersen,flat,100.0,100000.0,50000.0,1943,0,0.0,94300.0,94300.0,-5700.0
9007,Fernanda Burton,flat,100.0,100000.0,50000.0,1884,0,0.0,88400.0,88400.0,-11600.0
9008,Zander Barton,flat,100.0,100000.0,50000.0,1923,0,0.0,92300.0,92300.0,-7700.0
9009,Danna Garrett,flat,100.0,100000.0,50000.0,1938,0,0.0,93800.0,93800.0,-6200.0
9010,Kairo Monroe,flat,100.0,100000.0,50000.0,1942,0,0.0,94200.0,94200.0,-5800.0
9011,Carly Santana,flat,100.0,100000.0,50000.0,1940,0,0.0,94000.0,94000.0,-6000.0
9012,Mohamed Whitaker,flat,100.0,100000.0,50000.0,1929,0,0.0,92900.0,92900.0,-7100.0
9013,Ivanna Moran,flat,100.0,100000.0,50000.0,1959,0,0.0,95900.0,95900.0,-4100.0
9014,Tate York,flat,100.0,100000.0,50000.0,1909,0,0.0,90900.0,90900.0,-9100.0
9015,Milan Shaw,flat,100.0,100000.0,50000.0,1937,0,0.0,93700.0,93700.0,-6300.0
9016,Elliot Miles,flat,100.0,100000.0,50000.0,1963,0,0.0,96300.0,96300.0,-3700.0
9017,Alessandra Abbott,flat,100.0,100000.0,50000.0,1941,0,0.0,94100.0,94100.0,-5900.0
9018,Kohen Lam,flat,100.0,100000.0,50000.0,1955,0,0.0,95500.0,95500.0,-4500.0
9019,Karina Zuniga,flat,100.0,100000.0,50000.0,1922,0,0.0,92200.0,92200.0,-7800.0
9020,Sincere Garrett,flat,100.0,100000.0,50000.0,1984,0,0.0,98400.0,98400.0,-1600.0
9021,Tessa Patterson,flat,100.0,100000.0,50000.0,1917,0,0.0,91700.0,91700.0,-8300.0
9022,Amir Hobbs,flat,100.0,100000.0,50000.0,1952,0,0.0,95200.0,95200.0,-4800.0
9023,Lacey Huang,flat,100.0,100000.0,50000.0,1932,0,0.0,93200.0,93200.0,-6800.0
9024,Ayaan Acosta,flat,100.0,100000.0,50000.0,1927,0,0.0,92700.0,92700.0,-7300.0
9025,Kaia Everett,flat,100.0,100000.0,50000.0,1971,0,0.0,97100.0,97100.0,-2900.0
9026,Camilo Pratt,flat,100.0,100000.0,50000.0,1883,0,0.0,88300.0,88300.0,-11700.0
9027,Ailani McPherson,flat,100.0,100000.0,50000.0,2004,0,0.0,100400.0,100400.0,400.0
9028,Foster Dyer,flat,100.0,100000.0,50000.0,1956,0,0.0,95600.0,95600.0,-4400.0
9029,Estrella Harding,flat,100.0,100000.0,50000.0,2002,0,0.0,100200.0,100200.0,200.0
9030,Brodie Sims,flat,100.0,100000.0,50000.0,1949,0,0.0,94900.0,94900.0,-5100.0
9031,Lena Jennings,flat,100.0,100000.0,50000.0,1916,0,0.0,91600.0,91600.0,-8400.0
9032,Corbin Blackwell,flat,100.0,100000.0,50000.0,2002,0,0.0,100200.0,100200.0,200.0
9033,Saoirse Morris,flat,100.0,100000.0,50000.0,1871,0,0.0,87100.0,87100.0,-12900.0
9034,Christian Jackson,flat,100.0,100000.0,50000.0,1940,0,0.0,94000.0,94000.0,-6000.0
9035,Avery Kelly,flat,100.0,100000.0,50000.0,2030,0,0.0,103000.0,103000.0,3000.0
9036,Cooper Barker,flat,100.0,100000.0,50000.0,1953,0,0.0,95300.0,95300.0,-4700.0
9037,Remington Richardson,flat,100.0,100000.0,50000.0,1941,0,0.0,94100.0,94100.0,-5900.0
9038,Robert Vo,flat,100.0,100000.0,50000.0,1919,0,0.0,91900.0,91900.0,-8100.0
9039,Artemis Jenkins,flat,100.0,100000.0,50000.0,1966,0,0.0,96600.0,96600.0,-3400.0
9040,Declan Castaneda,flat,100.0,100000.0,50000.0,1880,0,0.0,88000.0,88000.0,-12000.0
9041,Keira Brewer,flat,100.0,100000.0,50000.0,1964,0,0.0,96400.0,96400.0,-3600.0
9042,Cruz Cuevas,flat,100.0,100000.0,50000.0,1954,0,0.0,95400.0,95400.0,-4600.0
9043,Adele Pham,flat,100.0,100000.0,50000.0,1932,0,0.0,93200.0,93200.0,-6800.0
9044,Russell Giles,flat,100.0,100000.0,50000.0,1952,0,0.0,95200.0,95200.0,-4800.0
9045,Bailee Bowman,flat,100.0,100000.0,50000.0,1958,0,0.0,95800.0,95800.0,-4200.0
9046,Francisco Phan,flat,100.0,100000.0,50000.0,1896,0,0.0,89600.0,89600.0,-10400.0
9047,Elsa Ray,flat,100.0,100000.0,50000.0,1978,0,0.0,97800.0,97800.0,-2200.0
9048,Arlo Webb,flat,100.0,100000.0,50000.0,1876,0,0.0,87600.0,87600.0,-12400.0
9049,Ariella Palmer,flat,100.0,100000.0,50000.0,2028,0,0.0,102800.0,102800.0,2800.0
9050,Theo Fitzgerald,flat,100.0,100000.0,50000.0,1971,0,0.0,97100.0,97100.0,-2900.0
9051,Marlee Roy,flat,100.0,100000.0,50000.0,1921,0,0.0,92100.0,92100.0,-7900.0
9052,Marcelo Hale,flat,100.0,100000.0,50000.0,1931,0,0.0,93100.0,93100.0,-6900.0
9053,Brinley Becker,flat,100.0,100000.0,50000.0,1917,0,0.0,91700.0,91700.0,-8300.0
9054,Lawson Hogan,flat,100.0,100000.0,50000.0,1935,0,0.0,93500.0,93500.0,-6500.0
9055,Kathryn Grant,flat,100.0,100000.0,50000.0,1958,0,0.0,95800.0,95800.0,-4200.0
9056,Leon Black,flat,100.0,100000.0,50000.0,1927,0,0.0,92700.0,92700.0,-7300.0
9057,Molly Lugo,flat,100.0,100000.0,50000.0,1984,0,0.0,98400.0,98400.0,-1600.0
9058,Santos Truong,flat,100.0,100000.0,50000.0,1953,0,0.0,95300.0,95300.0,-4700.0
9059,Judith Webb,flat,100.0,100000.0,50000.0,1918,0,0.0,91800.0,91800.0,-8200.0
9060,Lorenzo Abbott,flat,100.0,100000.0,50000.0,1995,0,0.0,99500.0,99500.0,-500.0
9061,Melany Farrell,flat,100.0,100000.0,50000.0,1878,0,0.0,87800.0,87800.0,-12200.0
9062,Ty Coffey,flat,100.0,100000.0,50000.0,1893,0,0.0,89300.0,89300.0,-10700.0
9063,Paola Dalton,flat,100.0,100000.0,50000.0,1932,0,0.0,93200.0,93200.0,-6800.0
9064,Fletcher Washington,flat,100.0,100000.0,50000.0,1896,0,0.0,89600.0,89600.0,-10400.0
9065,Valerie Phelps,flat,100.0,100000.0,50000.0,1946,0,0.0,94600.0,94600.0,-5400.0
9066,Hamza Mack,flat,100.0,100000.0,50000.0,1884,0,0.0,88400.0,88400.0,-11600.0
9067,Nadia Sellers,flat,100.0,100000.0,50000.0,1987,0,0.0,98700.0,98700.0,-1300.0
9068,Madden Ellison,flat,100.0,100000.0,50000.0,1972,0,0.0,97200.0,97200.0,-2800.0
9069,Raina Bradshaw,flat,100.0,100000.0,50000.0,1970,0,0.0,97000.0,97000.0,-3000.0
9070,Emory York,flat,100.0,100000.0,50000.0,1966,0,0.0,96600.0,96600.0,-3400.0
9071,Milan Larsen,flat,100.0,100000.0,50000.0,2043,0,0.0,104300.0,104300.0,4300.0
9072,Brycen Correa,flat,100.0,100000.0,50000.0,1967,0,0.0,96700.0,96700.0,-3300.0
9073,Valery Guevara,flat,100.0,100000.0,50000.0,1851,0,0.0,85100.0,85100.0,-14900.0
9074,Tommy Villegas,flat,100.0,100000.0,50000.0,1961,0,0.0,96100.0,96100.0,-3900.0
9075,Jessie Pitts,flat,100.0,100000.0,50000.0,1998,0,0.0,99800.0,99800.0,-200.0
9076,Trey Wallace,flat,100.0,100000.0,50000.0,1960,0,0.0,96000.0,96000.0,-4000.0
9077,Arianna Ortega,flat,100.0,100000.0,50000.0,1965,0,0.0,96500.0,96500.0,-3500.0
9078,Kobe Simmons,flat,100.0,100000.0,50000.0,1943,0,0.0,94300.0,94300.0,-5700.0
9079,Reagan Luna,flat,100.0,100000.0,50000.0,2010,0,0.0,101000.0,101000.0,1000.0
9080,Erick Wall,flat,100.0,100000.0,50000.0,1898,0,0.0,89800.0,89800.0,-10200.0
9081,Jayda Dennis,flat,100.0,100000.0,50000.0,2031,0,0.0,103100.0,103100.0,3100.0
9082,Emanuel Spears,flat,100.0,100000.0,50000.0,1900,0,0.0,90000.0,90000.0,-10000.0
9083,Isabela Williamson,flat,100.0,100000.0,50000.0,1899,0,0.0,89900.0,89900.0,-10100.0
9084,Emerson Drake,flat,100.0,100000.0,50000.0,1925,0,0.0,92500.0,92500.0,-7500.0
9085,Jayleen Guerra,flat,100.0,100000.0,50000.0,1860,0,0.0,86000.0,86000.0,-14000.0
9086,Leland Durham,flat,100.0,100000.0,50000.0,1962,0,0.0,96200.0,96200.0,-3800.0
9087,Tiffany Schaefer,flat,100.0,100000.0,50000.0,1922,0,0.0,92200.0,92200.0,-7800.0
9088,Ishaan McKay,flat,100.0,100000.0,50000.0,1924,0,0.0,92400.0,92400.0,-7600.0
9089,Leanna Villalobos,flat,100.0,100000.0,50000.0,1972,0,0.0,97200.0,97200.0,-2800.0
9090,Reuben Sexton,flat,100.0,100000.0,50000.0,1948,0,0.0,94800.0,94800.0,-5200.0
9091,Ellen Lloyd,flat,100.0,100000.0,50000.0,1949,0,0.0,94900.0,94900.0,-5100.0
9092,Zaire Rich,flat,100.0,100000.0,50000.0,1989,0,0.0,98900.0,98900.0,-1100.0
9093,Sunny Beltran,flat,100.0,100000.0,50000.0,1965,0,0.0,96500.0,96500.0,-3500.0
9094,Ricky Vo,flat,100.0,100000.0,50000.0,1948,0,0.0,94800.0,94800.0,-5200.0
9095,Artemis Vargas,flat,100.0,100000.0,50000.0,1922,0,0.0,92200.0,92200.0,-7800.0
9096,Ryker David,flat,100.0,100000.0,50000.0,1993,0,0.0,99300.0,99300.0,-700.0
9097,Haylee Thompson,flat,100.0,100000.0,50000.0,1927,0,0.0,92700.0,92700.0,-7300.0
9098,Theodore Myers,flat,100.0,100000.0,50000.0,2009,0,0.0,100900.0,100900.0,900.0
9099,Lydia Armstrong,flat,100.0,100000.0,50000.0,1881,0,0.0,88100.0,88100.0,-11900.0
9100,Grant Goodwin,flat,100.0,100000.0,50000.0,2030,0,0.0,103000.0,103000.0,3000.0
9101,Shiloh Patton,flat,100.0,100000.0,50000.0,1966,0,0.0,96600.0,96600.0,-3400.0
9102,Moises Evans,flat,100.0,100000.0,50000.0,1956,0,0.0,95600.0,95600.0,-4400.0
9103,Eliana Fowler,flat,100.0,100000.0,50000.0,1884,0,0.0,88400.0,88400.0,-11600.0
9104,Kameron Wong,flat,100.0,100000.0,50000.0,1904,0,0.0,90400.0,90400.0,-9600.0
9105,Adelaide Mason,flat,100.0,100000.0,50000.0,1906,0,0.0,90600.0,90600.0,-9400.0
9106,Brandon Stephens,flat,100.0,100000.0,50000.0,2021,0,0.0,102100.0,102100.0,2100.0
9107,Millie Rollins,flat,100.0,100000.0,50000.0,1939,0,0.0,93900.0,93900.0,-6100.0
9108,Wes McBride,flat,100.0,100000.0,50000.0,1967,0,0.0,96700.0,96700.0,-3300.0
9109,Kelsey Mann,flat,100.0,100000.0,50000.0,1989,0,0.0,98900.0,98900.0,-1100.0
9110,Nehemiah Rush,flat,100.0,100000.0,50000.0,1910,0,0.0,91000.0,91000.0,-9000.0
9111,Maleah Knight,flat,100.0,100000.0,50000.0,1915,0,0.0,91500.0,91500.0,-8500.0
9112,Beckett Zamora,flat,100.0,100000.0,50000.0,1905,0,0.0,90500.0,90500.0,-9500.0
9113,Sierra Morales,flat,100.0,100000.0,50000.0,1934,0,0.0,93400.0,93400.0,-6600.0
9114,Aaron Keller,flat,100.0,100000.0,50000.0,1960,0,0.0,96000.0,96000.0,-4000.0
9115,Logan Hartman,flat,100.0,100000.0,50000.0,1909,0,0.0,90900.0,90900.0,-9100.0
9116,Baker Kane,flat,100.0,100000.0,50000.0,1903,0,0.0,90300.0,90300.0,-9700.0
9117,Ellianna Simpson,flat,100.0,100000.0,50000.0,1997,0,0.0,99700.0,99700.0,-300.0
9118,Elliott Marshall,flat,100.0,100000.0,50000.0,2005,0,0.0,100500.0,100500.0,500.0
9119,Adalyn Reese,flat,100.0,100000.0,50000.0,1918,0,0.0,91800.0,91800.0,-8200.0
9120,Alijah Lawrence,flat,100.0,100000.0,50000.0,1905,0,0.0,90500.0,90500.0,-9500.0
9121,Lauren Hoffman,flat,100.0,100000.0,50000.0,2018,0,0.0,101800.0,101800.0,1800.0
9122,Steven Matthews,flat,100.0,100000.0,50000.0,2036,0,0.0,103600.0,103600.0,3600.0
9123,Lila Rosales,flat,100.0,100000.0,50000.0,1860,0,0.0,86000.0,86000.0,-14000.0
9124,Wilder Mathews,flat,100.0,100000.0,50000.0,1943,0,0.0,94300.0,94300.0,-5700.0
9125,Sloan Walker,flat,100.0,100000.0,50000.0,1914,0,0.0,91400.0,91400.0,-8600.0
9126,Luke Strong,flat,100.0,100000.0,50000.0,1878,0,0.0,87800.0,87800.0,-12200.0
9127,Margo Pierce,flat,100.0,100000.0,50000.0,1947,0,0.0,94700.0,94700.0,-5300.0
9128,Nicolas Combs,flat,100.0,100000.0,50000.0,1966,0,0.0,96600.0,96600.0,-3400.0
9129,Irene Cunningham,flat,100.0,100000.0,50000.0,1955,0,0.0,95500.0,95500.0,-4500.0
9130,Alejandro Matthews,flat,100.0,100000.0,50000.0,1890,0,0.0,89000.0,89000.0,-11000.0
9131,Lila Weaver,flat,100.0,100000.0,50000.0,2022,0,0.0,102200.0,102200.0,2200.0
9132,Tucker Armstrong,flat,100.0,100000.0,50000.0,1911,0,0.0,91100.0,91100.0,-8900.0
9133,Presley Knight,flat,100.0,100000.0,50000.0,1933,0,0.0,93300.0,93300.0,-6700.0
9134,Beckett Murillo,flat,100.0,100000.0,50000.0,1942,0,0.0,94200.0,94200.0,-5800.0
9135,Mikaela Hunter,flat,100.0,100000.0,50000.0,1941,0,0.0,94100.0,94100.0,-5900.0
9136,Archer Ingram,flat,100.0,100000.0,50000.0,1946,0,0.0,94600.0,94600.0,-5400.0
9137,Katie Dorsey,flat,100.0,100000.0,50000.0,1938,0,0.0,93800.0,93800.0,-6200.0
9138,Enoch Medrano,flat,100.0,100000.0,50000.0,1962,0,0.0,96200.0,96200.0,-3800.0
9139,Halle Osborne,flat,100.0,100000.0,50000.0,2039,0,0.0,103900.0,103900.0,3900.0
9140,Augustus Gillespie,flat,100.0,100000.0,50000.0,2024,0,0.0,102400.0,102400.0,2400.0
9141,Alianna Dominguez,flat,100.0,100000.0,50000.0,1944,0,0.0,94400.0,94400.0,-5600.0
9142,Kaden Truong,flat,100.0,100000.0,50000.0,1912,0,0.0,91200.0,91200.0,-8800.0
9143,Judith McKee,flat,100.0,100000.0,50000.0,1998,0,0.0,99800.0,99800.0,-200.0
9144,Bjorn Golden,flat,100.0,100000.0,50000.0,1875,0,0.0,87500.0,87500.0,-12500.0
9145,Giuliana Moses,flat,100.0,100000.0,50000.0,2040,0,0.0,104000.0,104000.0,4000.0
9146,Niklaus Howard,flat,100.0,100000.0,50000.0,1940,0,0.0,94000.0,94000.0,-6000.0
9147,Sophie Woods,flat,100.0,100000.0,50000.0,1939,0,0.0,93900.0,93900.0,-6100.0
9148,Zion Gutierrez,flat,100.0,100000.0,50000.0,1946,0,0.0,94600.0,94600.0,-5400.0
9149,Savannah Jones,flat,100.0,100000.0,50000.0,1940,0,0.0,94000.0,94000.0,-6000.0
9150,William Whitaker,flat,100.0,100000.0,50000.0,1972,0,0.0,97200.0,97200.0,-2800.0
9151,Ivanna Macias,flat,100.0,100000.0,50000.0,1964,0,0.0,96400.0,96400.0,-3600.0
9152,Moshe Cunningham,flat,100.0,100000.0,50000.0,1974,0,0.0,97400.0,97400.0,-2600.0
9153,Marley Small,flat,100.0,100000.0,50000.0,1950,0,0.0,95000.0,95000.0,-5000.0
9154,Rudy Mueller,flat,100.0,100000.0,50000.0,1985,0,0.0,98500.0,98500.0,-1500.0
9155,Imani Felix,flat,100.0,100000.0,50000.0,2027,0,0.0,102700.0,102700.0,2700.0
9156,Rodney Williamson,flat,100.0,100000.0,50000.0,1924,0,0.0,92400.0,92400.0,-7600.0
9157,Catherine Tucker,flat,100.0,100000.0,50000.0,1994,0,0.0,99400.0,99400.0,-600.0
9158,Ivan Holt,flat,100.0,100000.0,50000.0,1906,0,0.0,90600.0,90600.0,-9400.0
9159,Adelynn Leach,flat,100.0,100000.0,50000.0,1975,0,0.0,97500.0,97500.0,-2500.0
9160,Westin Shah,flat,100.0,100000.0,50000.0,2006,0,0.0,100600.0,100600.0,600.0
9161,Angelica Hayden,flat,100.0,100000.0,50000.0,1908,0,0.0,90800.0,90800.0,-9200.0
9162,Leroy Bridges,flat,100.0,100000.0,50000.0,1952,0,0.0,95200.0,95200.0,-4800.0
9163,Elora Mosley,flat,100.0,100000.0,50000.0,1980,0,0.0,98000.0,98000.0,-2000.0
9164,Rayden McCormick,flat,100.0,100000.0,50000.0,1949,0,0.0,94900.0,94900.0,-5100.0
9165,Macie Bailey,flat,100.0,100000.0,50000.0,1923,0,0.0,92300.0,92300.0,-7700.0
9166,Axel Sloan,flat,100.0,100000.0,50000.0,1968,0,0.0,96800.0,96800.0,-3200.0
9167,Selene Drake,flat,100.0,100000.0,50000.0,2045,0,0.0,104500.0,104500.0,4500.0
9168,Jalen Gould,flat,100.0,100000.0,50000.0,1986,0,0.0,98600.0,98600.0,-1400.0
9169,Violeta Underwood,flat,100.0,100000.0,50000.0,1913,0,0.0,91300.0,91300.0,-8700.0
9170,Reece Newton,flat,100.0,100000.0,50000.0,1941,0,0.0,94100.0,94100.0,-5900.0
9171,Braelynn Lowery,flat,100.0,100000.0,50000.0,1981,0,0.0,98100.0,98100.0,-1900.0
9172,Jaxxon Rivas,flat,100.0,100000.0,50000.0,1974,0,0.0,97400.0,97400.0,-2600.0
9173,Averie Schaefer,flat,100.0,100000.0,50000.0,1945,0,0.0,94500.0,94500.0,-5500.0
9174,Ishaan Warren,flat,100.0,100000.0,50000.0,2020,0,0.0,102000.0,102000.0,2000.0
9175,Sloane McDaniel,flat,100.0,100000.0,50000.0,1814,0,0.0,81400.0,81400.0,-18600.0
9176,Major Payne,flat,100.0,100000.0,50000.0,2028,0,0.0,102800.0,102800.0,2800.0
9177,London Crosby,flat,100.0,100000.0,50000.0,2003,0,0.0,100300.0,100300.0,300.0
9178,Tristen Henson,flat,100.0,100000.0,50000.0,1949,0,0.0,94900.0,94900.0,-5100.0
9179,Kinslee Lewis,flat,100.0,100000.0,50000.0,1908,0,0.0,90800.0,90800.0,-9200.0
9180,Wyatt Stevens,flat,100.0,100000.0,50000.0,1899,0,0.0,89900.0,89900.0,-10100.0
9181,Katherine Graves,flat,100.0,100000.0,50000.0,1934,0,0.0,93400.0,93400.0,-6600.0
9182,Cesar Cohen,flat,100.0,100000.0,50000.0,1963,0,0.0,96300.0,96300.0,-3700.0
9183,Destiny Porter,flat,100.0,100000.0,50000.0,1934,0,0.0,93400.0,93400.0,-6600.0
9184,Rhett Maddox,flat,100.0,100000.0,50000.0,1962,0,0.0,96200.0,96200.0,-3800.0
9185,Zainab Holland,flat,100.0,100000.0,50000.0,1928,0,0.0,92800.0,92800.0,-7200.0
9186,Brady Rivers,flat,100.0,100000.0,50000.0,1874,0,0.0,87400.0,87400.0,-12600.0
9187,Kiana Michael,flat,100.0,100000.0,50000.0,1927,0,0.0,92700.0,92700.0,-7300.0
9188,Bronson McPherson,flat,100.0,100000.0,50000.0,1910,0,0.0,91000.0,91000.0,-9000.0
9189,Emmaline Burch,flat,100.0,100000.0,50000.0,1905,0,0.0,90500.0,90500.0,-9500.0
9190,Gerald Gould,flat,100.0,100000.0,50000.0,2002,0,0.0,100200.0,100200.0,200.0
9191,Violeta Meyers,flat,100.0,100000.0,50000.0,1987,0,0.0,98700.0,98700.0,-1300.0
9192,Julien Flynn,flat,100.0,100000.0,50000.0,2007,0,0.0,100700.0,100700.0,700.0
9193,Dorothy Poole,flat,100.0,100000.0,50000.0,1947,0,0.0,94700.0,94700.0,-5300.0
9194,Quincy Douglas,flat,100.0,100000.0,50000.0,1950,0,0.0,95000.0,95000.0,-5000.0
9195,Aniyah Pollard,flat,100.0,100000.0,50000.0,1923,0,0.0,92300.0,92300.0,-7700.0
9196,Jad Murphy,flat,100.0,100000.0,50000.0,1956,0,0.0,95600.0,95600.0,-4400.0
9197,Bella Dejesus,flat,100.0,100000.0,50000.0,1917,0,0.0,91700.0,91700.0,-8300.0
9198,Rio Parker,flat,100.0,100000.0,50000.0,2020,0,0.0,102000.0,102000.0,2000.0
9199,Aubrey Vasquez,flat,100.0,100000.0,50000.0,1899,0,0.0,89900.0,89900.0,-10100.0
9200,Rowan Brewer,flat,100.0,100000.0,50000.0,1990,0,0.0,99000.0,99000.0,-1000.0
9201,Thea Hinton,flat,100.0,100000.0,50000.0,1936,0,0.0,93600.0,93600.0,-6400.0
9202,Frankie Robinson,flat,100.0,100000.0,50000.0,1955,0,0.0,95500.0,95500.0,-4500.0
9203,Nora Taylor,flat,100.0,100000.0,50000.0,1931,0,0.0,93100.0,93100.0,-6900.0
9204,Jackson James,flat,100.0,100000.0,50000.0,1974,0,0.0,97400.0,97400.0,-2600.0
9205,Quinn Gonzalez,flat,100.0,100000.0,50000.0,1950,0,0.0,95000.0,95000.0,-5000.0
9206,Ethan Hudson,flat,100.0,100000.0,50000.0,1992,0,0.0,99200.0,99200.0,-800.0
9207,Kamila Tate,flat,100.0,100000.0,50000.0,1963,0,0.0,96300.0,96300.0,-3700.0
9208,Dalton Keith,flat,100.0,100000.0,50000.0,1907,0,0.0,90700.0,90700.0,-9300.0
9209,Elyse McKinney,flat,100.0,100000.0,50000.0,1974,0,0.0,97400.0,97400.0,-2600.0
9210,Romeo Galvan,flat,100.0,100000.0,50000.0,2012,0,0.0,101200.0,101200.0,1200.0
9211,Dallas Duran,flat,100.0,100000.0,50000.0,1949,0,0.0,94900.0,94900.0,-5100.0
9212,Ismael Holmes,flat,100.0,100000.0,50000.0,1860,0,0.0,86000.0,86000.0,-14000.0
9213,Bailey Galvan,flat,100.0,100000.0,50000.0,1876,0,0.0,87600.0,87600.0,-12400.0
9214,Kingsley Beil,flat,100.0,100000.0,50000.0,1972,0,0.0,97200.0,97200.0,-2800.0
9215,Itzel Chase,flat,100.0,100000.0,50000.0,1973,0,0.0,97300.0,97300.0,-2700.0
9216,Otis Pope,flat,100.0,100000.0,50000.0,1939,0,0.0,93900.0,93900.0,-6100.0
9217,Aurelia Novak,flat,100.0,100000.0,50000.0,1952,0,0.0,95200.0,95200.0,-4800.0
9218,Bishop Hubbard,flat,100.0,100000.0,50000.0,1889,0,0.0,88900.0,88900.0,-11100.0
9219,Rosie Frye,flat,100.0,100000.0,50000.0,1983,0,0.0,98300.0,98300.0,-1700.0
9220,Franco Terrell,flat,100.0,100000.0,50000.0,1983,0,0.0,98300.0,98300.0,-1700.0
9221,Paityn Hartman,flat,100.0,100000.0,50000.0,1929,0,0.0,92900.0,92900.0,-7100.0
9222,Baker Lowe,flat,100.0,100000.0,50000.0,1863,0,0.0,86300.0,86300.0,-13700.0
9223,Amari Sampson,flat,100.0,100000.0,50000.0,1890,0,0.0,89000.0,89000.0,-11000.0
9224,Cain Herman,flat,100.0,100000.0,50000.0,2043,0,0.0,104300.0,104300.0,4300.0
9225,Paulina Alvarez,flat,100.0,100000.0,50000.0,2008,0,0.0,100800.0,100800.0,800.0
9226,Xavier Doyle,flat,100.0,100000.0,50000.0,1913,0,0.0,91300.0,91300.0,-8700.0
9227,Annalise Mendoza,flat,100.0,100000.0,50000.0,1913,0,0.0,91300.0,91300.0,-8700.0
9228,Dominic Brewer,flat,100.0,100000.0,50000.0,1909,0,0.0,90900.0,90900.0,-9100.0
9229,Thea Pratt,flat,100.0,100000.0,50000.0,1913,0,0.0,91300.0,91300.0,-8700.0
9230,Rowen Hanna,flat,100.0,100000.0,50000.0,2056,0,0.0,105600.0,105600.0,5600.0
9231,Cynthia Rivas,flat,100.0,100000.0,50000.0,1955,0,0.0,95500.0,95500.0,-4500.0
9232,Damon Callahan,flat,100.0,100000.0,50000.0,1901,0,0.0,90100.0,90100.0,-9900.0
9233,Kimber Shaw,flat,100.0,100000.0,50000.0,1931,0,0.0,93100.0,93100.0,-6900.0
9234,Elliot McGuire,flat,100.0,100000.0,50000.0,1967,0,0.0,96700.0,96700.0,-3300.0
9235,April Hendricks,flat,100.0,100000.0,50000.0,1940,0,0.0,94000.0,94000.0,-6000.0
9236,Dash Prince,flat,100.0,100000.0,50000.0,1959,0,0.0,95900.0,95900.0,-4100.0
9237,Greta Weber,flat,100.0,100000.0,50000.0,2003,0,0.0,100300.0,100300.0,300.0
9238,Crew Garza,flat,100.0,100000.0,50000.0,1922,0,0.0,92200.0,92200.0,-7800.0
9239,River Graves,flat,100.0,100000.0,50000.0,1933,0,0.0,93300.0,93300.0,-6700.0
9240,Cesar Wilkerson,flat,100.0,100000.0,50000.0,2005,0,0.0,100500.0,100500.0,500.0
9241,Janiyah Zavala,flat,100.0,100000.0,50000.0,1901,0,0.0,90100.0,90100.0,-9900.0
9242,Dillon Peck,flat,100.0,100000.0,50000.0,1971,0,0.0,97100.0,97100.0,-2900.0
9243,Crystal Riley,flat,100.0,100000.0,50000.0,2041,0,0.0,104100.0,104100.0,4100.0
9244,Amari Foley,flat,100.0,100000.0,50000.0,1977,0,0.0,97700.0,97700.0,-2300.0
9245,Zaylee Mosley,flat,100.0,100000.0,50000.0,1974,0,0.0,97400.0,97400.0,-2600.0
9246,Rayden McKay,flat,100.0,100000.0,50000.0,1999,0,0.0,99900.0,99900.0,-100.0
9247,Leanna Pittman,flat,100.0,100000.0,50000.0,2030,0,0.0,103000.0,103000.0,3000.0
9248,Valentino Buchanan,flat,100.0,100000.0,50000.0,2090,0,0.0,109000.0,109000.0,9000.0
9249,Maryam Castillo,flat,100.0,100000.0,50000.0,2003,0,0.0,100300.0,100300.0,300.0
9250,Kai Mayer,flat,100.0,100000.0,50000.0,1977,0,0.0,97700.0,97700.0,-2300.0
9251,Ainhoa Keller,flat,100.0,100000.0,50000.0,1925,0,0.0,92500.0,92500.0,-7500.0
9252,Nico Fernandez,flat,100.0,100000.0,50000.0,1945,0,0.0,94500.0,94500.0,-5500.0
9253,Amara Day,flat,100.0,100000.0,50000.0,1985,0,0.0,98500.0,98500.0,-1500.0
9254,Kayson Wyatt,flat,100.0,100000.0,50000.0,1954,0,0.0,95400.0,95400.0,-4600.0
9255,Liberty Ware,flat,100.0,100000.0,50000.0,2013,0,0.0,101300.0,101300.0,1300.0
9256,Tadeo Maddox,flat,100.0,100000.0,50000.0,1982,0,0.0,98200.0,98200.0,-1800.0
9257,Zainab Schmidt,flat,100.0,100000.0,50000.0,1927,0,0.0,92700.0,92700.0,-7300.0
9258,Zayden Molina,flat,100.0,100000.0,50000.0,1931,0,0.0,93100.0,93100.0,-6900.0
9259,Alexandria McCall,flat,100.0,100000.0,50000.0,1949,0,0.0,94900.0,94900.0,-5100.0
9260,Kiaan Flynn,flat,100.0,100000.0,50000.0,1897,0,0.0,89700.0,89700.0,-10300.0
9261,Dorothy Guevara,flat,100.0,100000.0,50000.0,1939,0,0.0,93900.0,93900.0,-6100.0
9262,Tommy Meyer,flat,100.0,100000.0,50000.0,1961,0,0.0,96100.0,96100.0,-3900.0
9263,Sara Mayer,flat,100.0,100000.0,50000.0,1937,0,0.0,93700.0,93700.0,-6300.0
9264,Yahir Luna,flat,100.0,100000.0,50000.0,1938,0,0.0,93800.0,93800.0,-6200.0
9265,Journey Newton,flat,100.0,100000.0,50000.0,1971,0,0.0,97100.0,97100.0,-2900.0
9266,Santino Campbell,flat,100.0,100000.0,50000.0,1969,0,0.0,96900.0,96900.0,-3100.0
9267,Addison Knox,flat,100.0,100000.0,50000.0,1936,0,0.0,93600.0,93600.0,-6400.0
9268,Valentin Beltran,flat,100.0,100000.0,50000.0,1991,0,0.0,99100.0,99100.0,-900.0
9269,Kaydence Hopkins,flat,100.0,100000.0,50000.0,1992,0,0.0,99200.0,99200.0,-800.0
9270,Ali Mahoney,flat,100.0,100000.0,50000.0,1956,0,0.0,95600.0,95600.0,-4400.0
9271,Promise Allison,flat,100.0,100000.0,50000.0,1940,0,0.0,94000.0,94000.0,-6000.0
9272,Dennis Ochoa,flat,100.0,100000.0,50000.0,1941,0,0.0,94100.0,94100.0,-5900.0
9273,Luciana Bruce,flat,100.0,100000.0,50000.0,1967,0,0.0,96700.0,96700.0,-3300.0
9274,Uriah Dougherty,flat,100.0,100000.0,50000.0,1913,0,0.0,91300.0,91300.0,-8700.0
9275,Alisson Herrera,flat,100.0,100000.0,50000.0,1854,0,0.0,85400.0,85400.0,-14600.0
9276,River Hodge,flat,100.0,100000.0,50000.0,1956,0,0.0,95600.0,95600.0,-4400.0
9277,Coraline Roberts,flat,100.0,100000.0,50000.0,1978,0,0.0,97800.0,97800.0,-2200.0
9278,Josiah Perkins,flat,100.0,100000.0,50000.0,1923,0,0.0,92300.0,92300.0,-7700.0
9279,Sage Sherman,flat,100.0,100000.0,50000.0,1952,0,0.0,95200.0,95200.0,-4800.0
9280,Adan Chavez,flat,100.0,100000.0,50000.0,1879,0,0.0,87900.0,87900.0,-12100.0
9281,Nevaeh Lloyd,flat,100.0,100000.0,50000.0,1960,0,0.0,96000.0,96000.0,-4000.0
9282,Zaire Proctor,flat,100.0,100000.0,50000.0,1889,0,0.0,88900.0,88900.0,-11100.0
9283,Chandler Guerra,flat,100.0,100000.0,50000.0,1933,0,0.0,93300.0,93300.0,-6700.0
9284,Leland Hancock,flat,100.0,100000.0,50000.0,1989,0,0.0,98900.0,98900.0,-1100.0
9285,Katelyn Underwood,flat,100.0,100000.0,50000.0,1988,0,0.0,98800.0,98800.0,-1200.0
9286,Reece Sellers,flat,100.0,100000.0,50000.0,2020,0,0.0,102000.0,102000.0,2000.0
9287,Mercy Chapman,flat,100.0,100000.0,50000.0,1920,0,0.0,92000.0,92000.0,-8000.0
9288,Knox Mercado,flat,100.0,100000.0,50000.0,1921,0,0.0,92100.0,92100.0,-7900.0
9289,Mckinley Hancock,flat,100.0,100000.0,50000.0,1938,0,0.0,93800.0,93800.0,-6200.0
9290,Rex Bond,flat,100.0,100000.0,50000.0,1983,0,0.0,98300.0,98300.0,-1700.0
9291,Alena Salazar,flat,100.0,100000.0,50000.0,1935,0,0.0,93500.0,93500.0,-6500.0
9292,Brody Bruce,flat,100.0,100000.0,50000.0,1956,0,0.0,95600.0,95600.0,-4400.0
9293,Marilyn Hood,flat,100.0,100000.0,50000.0,1956,0,0.0,95600.0,95600.0,-4400.0
9294,Brixton Walton,flat,100.0,100000.0,50000.0,1925,0,0.0,92500.0,92500.0,-7500.0
9295,Scarlet Huerta,flat,100.0,100000.0,50000.0,1917,0,0.0,91700.0,91700.0,-8300.0
9296,Douglas Reese,flat,100.0,100000.0,50000.0,1866,0,0.0,86600.0,86600.0,-13400.0
9297,Rosemary Cano,flat,100.0,100000.0,50000.0,1972,0,0.0,97200.0,97200.0,-2800.0
9298,Terry James,flat,100.0,100000.0,50000.0,1954,0,0.0,95400.0,95400.0,-4600.0
9299,Quinn Calhoun,flat,100.0,100000.0,50000.0,1926,0,0.0,92600.0,92600.0,-7400.0
9300,Gary Collier,flat,100.0,100000.0,50000.0,1934,0,0.0,93400.0,93400.0,-6600.0
9301,Ivory Fisher,flat,100.0,100000.0,50000.0,1965,0,0.0,96500.0,96500.0,-3500.0
9302,Gael Osborne,flat,100.0,100000.0,50000.0,1915,0,0.0,91500.0,91500.0,-8500.0
9303,Shelby Conner,flat,100.0,100000.0,50000.0,1989,0,0.0,98900.0,98900.0,-1100.0
9304,Phillip Glenn,flat,100.0,100000.0,50000.0,1872,0,0.0,87200.0,87200.0,-12800.0
9305,Blaire Blackburn,flat,100.0,100000.0,50000.0,1913,0,0.0,91300.0,91300.0,-8700.0
9306,Zahir Blackburn,flat,100.0,100000.0,50000.0,1966,0,0.0,96600.0,96600.0,-3400.0
9307,Frida Mann,flat,100.0,100000.0,50000.0,2030,0,0.0,103000.0,103000.0,3000.0
9308,Nehemiah Gibbs,flat,100.0,100000.0,50000.0,1925,0,0.0,92500.0,92500.0,-7500.0
9309,Carter Graham,flat,100.0,100000.0,50000.0,1928,0,0.0,92800.0,92800.0,-7200.0
9310,Giovanni Moran,flat,100.0,100000.0,50000.0,1951,0,0.0,95100.0,95100.0,-4900.0
9311,Celeste Hurst,flat,100.0,100000.0,50000.0,1961,0,0.0,96100.0,96100.0,-3900.0
9312,Neil Parra,flat,100.0,100000.0,50000.0,1961,0,0.0,96100.0,96100.0,-3900.0
9313,Dalary Neal,flat,100.0,100000.0,50000.0,1916,0,0.0,91600.0,91600.0,-8400.0
9314,Kane Compton,flat,100.0,100000.0,50000.0,1930,0,0.0,93000.0,93000.0,-7000.0
9315,Elina Yang,flat,100.0,100000.0,50000.0,1932,0,0.0,93200.0,93200.0,-6800.0
9316,Malcolm Peralta,flat,100.0,100000.0,50000.0,1946,0,0.0,94600.0,94600.0,-5400.0
9317,Malayah Fletcher,flat,100.0,100000.0,50000.0,1936,0,0.0,93600.0,93600.0,-6400.0
9318,Jay Nunez,flat,100.0,100000.0,50000.0,1911,0,0.0,91100.0,91100.0,-8900.0
9319,Mya Wade,flat,100.0,100000.0,50000.0,1942,0,0.0,94200.0,94200.0,-5800.0
9320,Jake Brock,flat,100.0,100000.0,50000.0,1911,0,0.0,91100.0,91100.0,-8900.0
9321,Jada Solomon,flat,100.0,100000.0,50000.0,1934,0,0.0,93400.0,93400.0,-6600.0
9322,Musa Kline,flat,100.0,100000.0,50000.0,1896,0,0.0,89600.0,89600.0,-10400.0
9323,Sevyn Terry,flat,100.0,100000.0,50000.0,1870,0,0.0,87000.0,87000.0,-13000.0
9324,Armani Kemp,flat,100.0,100000.0,50000.0,2005,0,0.0,100500.0,100500.0,500.0
9325,Anika McMillan,flat,100.0,100000.0,50000.0,1899,0,0.0,89900.0,89900.0,-10100.0
9326,Rocky Santos,flat,100.0,100000.0,50000.0,2023,0,0.0,102300.0,102300.0,2300.0
9327,Alana Anthony,flat,100.0,100000.0,50000.0,1948,0,0.0,94800.0,94800.0,-5200.0
9328,Shiloh Garza,flat,100.0,100000.0,50000.0,1899,0,0.0,89900.0,89900.0,-10100.0
9329,River Ford,flat,100.0,100000.0,50000.0,1911,0,0.0,91100.0,91100.0,-8900.0
9330,Luis Mueller,flat,100.0,100000.0,50000.0,1969,0,0.0,96900.0,96900.0,-3100.0
9331,Imani Barrera,flat,100.0,100000.0,50000.0,1964,0,0.0,96400.0,96400.0,-3600.0
9332,Makai Roy,flat,100.0,100000.0,50000.0,1935,0,0.0,93500.0,93500.0,-6500.0
9333,Savanna Wade,flat,100.0,100000.0,50000.0,1939,0,0.0,93900.0,93900.0,-6100.0
9334,Jake Moses,flat,100.0,100000.0,50000.0,1901,0,0.0,90100.0,90100.0,-9900.0
9335,Karter Webb,flat,100.0,100000.0,50000.0,1919,0,0.0,91900.0,91900.0,-8100.0
9336,Lorenzo Estes,flat,100.0,100000.0,50000.0,1963,0,0.0,96300.0,96300.0,-3700.0
9337,Brittany Villalobos,flat,100.0,100000.0,50000.0,1945,0,0.0,94500.0,94500.0,-5500.0
9338,Reuben Wood,flat,100.0,100000.0,50000.0,1989,0,0.0,98900.0,98900.0,-1100.0
9339,Natalia Wallace,flat,100.0,100000.0,50000.0,1965,0,0.0,96500.0,96500.0,-3500.0
9340,Chase Christensen,flat,100.0,100000.0,50000.0,2076,0,0.0,107600.0,107600.0,7600.0
9341,Carmen Esquivel,flat,100.0,100000.0,50000.0,1914,0,0.0,91400.0,91400.0,-8600.0
9342,Bridger Miller,flat,100.0,100000.0,50000.0,1944,0,0.0,94400.0,94400.0,-5600.0
9343,Isabella Stephens,flat,100.0,100000.0,50000.0,1948,0,0.0,94800.0,94800.0,-5200.0
9344,Messiah Dougherty,flat,100.0,100000.0,50000.0,1907,0,0.0,90700.0,90700.0,-9300.0
9345,Alisson Blake,flat,100.0,100000.0,50000.0,1923,0,0.0,92300.0,92300.0,-7700.0
9346,Zyaire Dorsey,flat,100.0,100000.0,50000.0,1900,0,0.0,90000.0,90000.0,-10000.0
9347,Addyson Torres,flat,100.0,100000.0,50000.0,1929,0,0.0,92900.0,92900.0,-7100.0
9348,Jayden House,flat,100.0,100000.0,50000.0,1955,0,0.0,95500.0,95500.0,-4500.0
9349,Sariah Hendricks,flat,100.0,100000.0,50000.0,1967,0,0.0,96700.0,96700.0,-3300.0
9350,Dash Prince,flat,100.0,100000.0,50000.0,1943,0,0.0,94300.0,94300.0,-5700.0
9351,Greta Curtis,flat,100.0,100000.0,50000.0,1932,0,0.0,93200.0,93200.0,-6800.0
9352,Muhammad Schultz,flat,100.0,100000.0,50000.0,1979,0,0.0,97900.0,97900.0,-2100.0
9353,Briella Duncan,flat,100.0,100000.0,50000.0,1934,0,0.0,93400.0,93400.0,-6600.0
9354,Avery McCarthy,flat,100.0,100000.0,50000.0,1956,0,0.0,95600.0,95600.0,-4400.0
9355,Kira Bradford,flat,100.0,100000.0,50000.0,1957,0,0.0,95700.0,95700.0,-4300.0
9356,Ander Gonzales,flat,100.0,100000.0,50000.0,2022,0,0.0,102200.0,102200.0,2200.0
9357,Hadley Corona,flat,100.0,100000.0,50000.0,2050,0,0.0,105000.0,105000.0,5000.0
9358,Darian Peralta,flat,100.0,100000.0,50000.0,1984,0,0.0,98400.0,98400.0,-1600.0
9359,Malayah Chung,flat,100.0,100000.0,50000.0,1951,0,0.0,95100.0,95100.0,-4900.0
9360,Ira Montoya,flat,100.0,100000.0,50000.0,1963,0,0.0,96300.0,96300.0,-3700.0
9361,Kamryn Camacho,flat,100.0,100000.0,50000.0,1896,0,0.0,89600.0,89600.0,-10400.0
9362,Tatum Wise,flat,100.0,100000.0,50000.0,1917,0,0.0,91700.0,91700.0,-8300.0
9363,Mira Walls,flat,100.0,100000.0,50000.0,1851,0,0.0,85100.0,85100.0,-14900.0
9364,Larry Acosta,flat,100.0,100000.0,50000.0,2004,0,0.0,100400.0,100400.0,400.0
9365,Kaia Gonzales,flat,100.0,100000.0,50000.0,1898,0,0.0,89800.0,89800.0,-10200.0
9366,Brayden Proctor,flat,100.0,100000.0,50000.0,1921,0,0.0,92100.0,92100.0,-7900.0
9367,Chandler Villanueva,flat,100.0,100000.0,50000.0,1989,0,0.0,98900.0,98900.0,-1100.0
9368,Huxley Flowers,flat,100.0,100000.0,50000.0,1910,0,0.0,91000.0,91000.0,-9000.0
9369,Ariya Davidson,flat,100.0,100000.0,50000.0,1955,0,0.0,95500.0,95500.0,-4500.0
9370,Dante Romero,flat,100.0,100000.0,50000.0,1961,0,0.0,96100.0,96100.0,-3900.0
9371,Eliza Carter,flat,100.0,100000.0,50000.0,1938,0,0.0,93800.0,93800.0,-6200.0
9372,Maverick Smith,flat,100.0,100000.0,50000.0,1946,0,0.0,94600.0,94600.0,-5400.0
9373,Olivia Leblanc,flat,100.0,100000.0,50000.0,1938,0,0.0,93800.0,93800.0,-6200.0
9374,Braden McIntyre,flat,100.0,100000.0,50000.0,1933,0,0.0,93300.0,93300.0,-6700.0
9375,Rebekah O’Connell,flat,100.0,100000.0,50000.0,1954,0,0.0,95400.0,95400.0,-4600.0
9376,Jovanni Duarte,flat,100.0,100000.0,50000.0,1899,0,0.0,89900.0,89900.0,-10100.0
9377,Kynlee Riley,flat,100.0,100000.0,50000.0,1955,0,0.0,95500.0,95500.0,-4500.0
9378,Amari McPherson,flat,100.0,100000.0,50000.0,1922,0,0.0,92200.0,92200.0,-7800.0
9379,Emmaline Fuentes,flat,100.0,100000.0,50000.0,1958,0,0.0,95800.0,95800.0,-4200.0
9380,Bowen Holt,flat,100.0,100000.0,50000.0,1966,0,0.0,96600.0,96600.0,-3400.0
9381,Adelynn Rich,flat,100.0,100000.0,50000.0,1992,0,0.0,99200.0,99200.0,-800.0
9382,Miller Jenkins,flat,100.0,100000.0,50000.0,2041,0,0.0,104100.0,104100.0,4100.0
9383,Rylee Melendez,flat,100.0,100000.0,50000.0,1923,0,0.0,92300.0,92300.0,-7700.0
9384,Nikolas Walls,flat,100.0,100000.0,50000.0,1974,0,0.0,97400.0,97400.0,-2600.0
9385,Lilianna Schwartz,flat,100.0,100000.0,50000.0,1861,0,0.0,86100.0,86100.0,-13900.0
9386,Edwin Huber,flat,100.0,100000.0,50000.0,1968,0,0.0,96800.0,96800.0,-3200.0
9387,Raquel Vazquez,flat,100.0,100000.0,50000.0,1841,0,0.0,84100.0,84100.0,-15900.0
9388,Jesse Bradford,flat,100.0,100000.0,50000.0,1968,0,0.0,96800.0,96800.0,-3200.0
9389,Rhea Adams,flat,100.0,100000.0,50000.0,1905,0,0.0,90500.0,90500.0,-9500.0
9390,Hudson Liu,flat,100.0,100000.0,50000.0,2019,0,0.0,101900.0,101900.0,1900.0
9391,Kate McCarthy,flat,100.0,100000.0,50000.0,1983,0,0.0,98300.0,98300.0,-1700.0
9392,Devin Howe,flat,100.0,100000.0,50000.0,2061,0,0.0,106100.0,106100.0,6100.0
9393,Persephone Gross,flat,100.0,100000.0,50000.0,1857,0,0.0,85700.0,85700.0,-14300.0
9394,Quinn Williams,flat,100.0,100000.0,50000.0,1952,0,0.0,95200.0,95200.0,-4800.0
9395,Ava Young,flat,100.0,100000.0,50000.0,1948,0,0.0,94800.0,94800.0,-5200.0
9396,Asher Sherman,flat,100.0,100000.0,50000.0,1992,0,0.0,99200.0,99200.0,-800.0
9397,Addilyn Rojas,flat,100.0,100000.0,50000.0,1960,0,0.0,96000.0,96000.0,-4000.0
9398,Colin Espinosa,flat,100.0,100000.0,50000.0,1967,0,0.0,96700.0,96700.0,-3300.0
9399,Braylee Pacheco,flat,100.0,100000.0,50000.0,1987,0,0.0,98700.0,98700.0,-1300.0
9400,Erik Frye,flat,100.0,100000.0,50000.0,1981,0,0.0,98100.0,98100.0,-1900.0
9401,Raya Schmitt,flat,100.0,100000.0,50000.0,1931,0,0.0,93100.0,93100.0,-6900.0
9402,Murphy Kemp,flat,100.0,100000.0,50000.0,1913,0,0.0,91300.0,91300.0,-8700.0
9403,Anika Shah,flat,100.0,100000.0,50000.0,1958,0,0.0,95800.0,95800.0,-4200.0
9404,Zain Sanders,flat,100.0,100000.0,50000.0,1962,0,0.0,96200.0,96200.0,-3800.0
9405,Everleigh Vang,flat,100.0,100000.0,50000.0,1948,0,0.0,94800.0,94800.0,-5200.0
9406,Jimmy Hammond,flat,100.0,100000.0,50000.0,1836,0,0.0,83600.0,83600.0,-16400.0
9407,Holly Barber,flat,100.0,100000.0,50000.0,1981,0,0.0,98100.0,98100.0,-1900.0
9408,Solomon Bennett,flat,100.0,100000.0,50000.0,1988,0,0.0,98800.0,98800.0,-1200.0
9409,Josephine Wells,flat,100.0,100000.0,50000.0,1928,0,0.0,92800.0,92800.0,-7200.0
9410,Max McKenzie,flat,100.0,100000.0,50000.0,1943,0,0.0,94300.0,94300.0,-5700.0
9411,Briar Pierce,flat,100.0,100000.0,50000.0,1955,0,0.0,95500.0,95500.0,-4500.0
9412,Nicolas Matthews,flat,100.0,100000.0,50000.0,1938,0,0.0,93800.0,93800.0,-6200.0
9413,Lila Bailey,flat,100.0,100000.0,50000.0,2045,0,0.0,104500.0,104500.0,4500.0
9414,Axel Hayes,flat,100.0,100000.0,50000.0,1898,0,0.0,89800.0,89800.0,-10200.0
9415,Iris David,flat,100.0,100000.0,50000.0,1917,0,0.0,91700.0,91700.0,-8300.0
9416,Alonso Cain,flat,100.0,100000.0,50000.0,1960,0,0.0,96000.0,96000.0,-4000.0
9417,Kendra Norris,flat,100.0,100000.0,50000.0,1914,0,0.0,91400.0,91400.0,-8600.0
9418,Cairo Parker,flat,100.0,100000.0,50000.0,2001,0,0.0,100100.0,100100.0,100.0
9419,Aubrey Davidson,flat,100.0,100000.0,50000.0,1923,0,0.0,92300.0,92300.0,-7700.0
9420,Dante Salgado,flat,100.0,100000.0,50000.0,1913,0,0.0,91300.0,91300.0,-8700.0
9421,Avalynn Love,flat,100.0,100000.0,50000.0,1934,0,0.0,93400.0,93400.0,-6600.0
9422,Jeffrey Jennings,flat,100.0,100000.0,50000.0,1935,0,0.0,93500.0,93500.0,-6500.0
9423,Palmer Moody,flat,100.0,100000.0,50000.0,1957,0,0.0,95700.0,95700.0,-4300.0
9424,Ryland Kane,flat,100.0,100000.0,50000.0,1940,0,0.0,94000.0,94000.0,-6000.0
9425,Ellianna Chambers,flat,100.0,100000.0,50000.0,1903,0,0.0,90300.0,90300.0,-9700.0
9426,Orion Melendez,flat,100.0,100000.0,50000.0,1927,0,0.0,92700.0,92700.0,-7300.0
9427,Bethany Carson,flat,100.0,100000.0,50000.0,1886,0,0.0,88600.0,88600.0,-11400.0
9428,Ares Vega,flat,100.0,100000.0,50000.0,1958,0,0.0,95800.0,95800.0,-4200.0
9429,Dakota Salgado,flat,100.0,100000.0,50000.0,1905,0,0.0,90500.0,90500.0,-9500.0
9430,Trace Espinosa,flat,100.0,100000.0,50000.0,1937,0,0.0,93700.0,93700.0,-6300.0
9431,Braylee Morrow,flat,100.0,100000.0,50000.0,1917,0,0.0,91700.0,91700.0,-8300.0
9432,Kyree Roman,flat,100.0,100000.0,50000.0,1995,0,0.0,99500.0,99500.0,-500.0
9433,Astrid Schneider,flat,100.0,100000.0,50000.0,1922,0,0.0,92200.0,92200.0,-7800.0
9434,Raymond Wright,flat,100.0,100000.0,50000.0,1973,0,0.0,97300.0,97300.0,-2700.0
9435,Lily Daniels,flat,100.0,100000.0,50000.0,1892,0,0.0,89200.0,89200.0,-10800.0
9436,Xander Thomas,flat,100.0,100000.0,50000.0,1990,0,0.0,99000.0,99000.0,-1000.0
9437,Elizabeth Rangel,flat,100.0,100000.0,50000.0,1901,0,0.0,90100.0,90100.0,-9900.0
9438,Saint Miranda,flat,100.0,100000.0,50000.0,1946,0,0.0,94600.0,94600.0,-5400.0
9439,Amina Lane,flat,100.0,100000.0,50000.0,1912,0,0.0,91200.0,91200.0,-8800.0
9440,Matias Mays,flat,100.0,100000.0,50000.0,2005,0,0.0,100500.0,100500.0,500.0
9441,Denisse McLean,flat,100.0,100000.0,50000.0,1918,0,0.0,91800.0,91800.0,-8200.0
9442,Crosby McCarty,flat,100.0,100000.0,50000.0,1943,0,0.0,94300.0,94300.0,-5700.0
9443,Halo Short,flat,100.0,100000.0,50000.0,1882,0,0.0,88200.0,88200.0,-11800.0
9444,Hezekiah Hanson,flat,100.0,100000.0,50000.0,1905,0,0.0,90500.0,90500.0,-9500.0
9445,Mariana Barber,flat,100.0,100000.0,50000.0,1934,0,0.0,93400.0,93400.0,-6600.0
9446,Solomon Gillespie,flat,100.0,100000.0,50000.0,1962,0,0.0,96200.0,96200.0,-3800.0
9447,Alianna Salas,flat,100.0,100000.0,50000.0,1971,0,0.0,97100.0,97100.0,-2900.0
9448,Zaiden Huynh,flat,100.0,100000.0,50000.0,1954,0,0.0,95400.0,95400.0,-4600.0
9449,Oaklee Lin,flat,100.0,100000.0,50000.0,1903,0,0.0,90300.0,90300.0,-9700.0
9450,Conor Cross,flat,100.0,100000.0,50000.0,1933,0,0.0,93300.0,93300.0,-6700.0
9451,Nayeli Felix,flat,100.0,100000.0,50000.0,1871,0,0.0,87100.0,87100.0,-12900.0
9452,Rodney Barajas,flat,100.0,100000.0,50000.0,1988,0,0.0,98800.0,98800.0,-1200.0
9453,Keilani Gentry,flat,100.0,100000.0,50000.0,2012,0,0.0,101200.0,101200.0,1200.0
9454,Magnus Zavala,flat,100.0,100000.0,50000.0,1962,0,0.0,96200.0,96200.0,-3800.0
9455,Liv Gonzales,flat,100.0,100000.0,50000.0,1827,0,0.0,82700.0,82700.0,-17300.0
9456,Brayden Ayala,flat,100.0,100000.0,50000.0,1998,0,0.0,99800.0,99800.0,-200.0
9457,Blair Jones,flat,100.0,100000.0,50000.0,1942,0,0.0,94200.0,94200.0,-5800.0
9458,William Gutierrez,flat,100.0,100000.0,50000.0,1897,0,0.0,89700.0,89700.0,-10300.0
9459,Savannah Green,flat,100.0,100000.0,50000.0,1986,0,0.0,98600.0,98600.0,-1400.0
9460,Anthony Walton,flat,100.0,100000.0,50000.0,1899,0,0.0,89900.0,89900.0,-10100.0
9461,Scarlet Paul,flat,100.0,100000.0,50000.0,1889,0,0.0,88900.0,88900.0,-11100.0
9462,Noel Hood,flat,100.0,100000.0,50000.0,1963,0,0.0,96300.0,96300.0,-3700.0
9463,Briana Davidson,flat,100.0,100000.0,50000.0,1844,0,0.0,84400.0,84400.0,-15600.0
9464,Dante Vargas,flat,100.0,100000.0,50000.0,1944,0,0.0,94400.0,94400.0,-5600.0
9465,Andrea Gaines,flat,100.0,100000.0,50000.0,2015,0,0.0,101500.0,101500.0,1500.0
9466,Talon Bautista,flat,100.0,100000.0,50000.0,1942,0,0.0,94200.0,94200.0,-5800.0
9467,Antonella Casey,flat,100.0,100000.0,50000.0,1863,0,0.0,86300.0,86300.0,-13700.0
9468,Armando McCann,flat,100.0,100000.0,50000.0,1995,0,0.0,99500.0,99500.0,-500.0
9469,Joyce Buck,flat,100.0,100000.0,50000.0,1950,0,0.0,95000.0,95000.0,-5000.0
9470,Jon Trejo,flat,100.0,100000.0,50000.0,1974,0,0.0,97400.0,97400.0,-2600.0
9471,Rosalyn Flowers,flat,100.0,100000.0,50000.0,2012,0,0.0,101200.0,101200.0,1200.0
9472,Saul Ball,flat,100.0,100000.0,50000.0,1998,0,0.0,99800.0,99800.0,-200.0
9473,Abby Jenkins,flat,100.0,100000.0,50000.0,1903,0,0.0,90300.0,90300.0,-9700.0
9474,Declan Hicks,flat,100.0,100000.0,50000.0,1983,0,0.0,98300.0,98300.0,-1700.0
9475,Alina Harmon,flat,100.0,100000.0,50000.0,1985,0,0.0,98500.0,98500.0,-1500.0
9476,Roberto Lindsey,flat,100.0,100000.0,50000.0,1867,0,0.0,86700.0,86700.0,-13300.0
9477,Colette Andrews,flat,100.0,100000.0,50000.0,1986,0,0.0,98600.0,98600.0,-1400.0
9478,Lukas Goodman,flat,100.0,100000.0,50000.0,1990,0,0.0,99000.0,99000.0,-1000.0
9479,Carolina Santana,flat,100.0,100000.0,50000.0,1902,0,0.0,90200.0,90200.0,-9800.0
9480,Mohamed Parsons,flat,100.0,100000.0,50000.0,1925,0,0.0,92500.0,92500.0,-7500.0
9481,Maia Delgado,flat,100.0,100000.0,50000.0,1947,0,0.0,94700.0,94700.0,-5300.0
9482,Colt Kaur,flat,100.0,100000.0,50000.0,1932,0,0.0,93200.0,93200.0,-6800.0
9483,Holland Odom,flat,100.0,100000.0,50000.0,1975,0,0.0,97500.0,97500.0,-2500.0
9484,Kylian Aguilar,flat,100.0,100000.0,50000.0,1937,0,0.0,93700.0,93700.0,-6300.0
9485,Josie Greene,flat,100.0,100000.0,50000.0,1846,0,0.0,84600.0,84600.0,-15400.0
9486,Griffin Maddox,flat,100.0,100000.0,50000.0,1902,0,0.0,90200.0,90200.0,-9800.0
9487,Zainab Marks,flat,100.0,100000.0,50000.0,1880,0,0.0,88000.0,88000.0,-12000.0
9488,Amos Mack,flat,100.0,100000.0,50000.0,1959,0,0.0,95900.0,95900.0,-4100.0
9489,Nadia McKenzie,flat,100.0,100000.0,50000.0,1989,0,0.0,98900.0,98900.0,-1100.0
9490,Scott Reyes,flat,100.0,100000.0,50000.0,1931,0,0.0,93100.0,93100.0,-6900.0
9491,Audrey Sexton,flat,100.0,100000.0,50000.0,1938,0,0.0,93800.0,93800.0,-6200.0
9492,Mylo Calderon,flat,100.0,100000.0,50000.0,1975,0,0.0,97500.0,97500.0,-2500.0
9493,Serena Zuniga,flat,100.0,100000.0,50000.0,1894,0,0.0,89400.0,89400.0,-10600.0
9494,Sincere Lugo,flat,100.0,100000.0,50000.0,1920,0,0.0,92000.0,92000.0,-8000.0
9495,Kaylie Mason,flat,100.0,100000.0,50000.0,1911,0,0.0,91100.0,91100.0,-8900.0
9496,Brandon Bradshaw,flat,100.0,100000.0,50000.0,1918,0,0.0,91800.0,91800.0,-8200.0
9497,Berkley Garrison,flat,100.0,100000.0,50000.0,2030,0,0.0,103000.0,103000.0,3000.0
9498,Noe Bauer,flat,100.0,100000.0,50000.0,1899,0,0.0,89900.0,89900.0,-10100.0
9499,Haley Contreras,flat,100.0,100000.0,50000.0,1976,0,0.0,97600.0,97600.0,-2400.0
9500,Emilio Duffy,flat,100.0,100000.0,50000.0,1949,0,0.0,94900.0,94900.0,-5100.0
9501,Addisyn Frost,flat,100.0,100000.0,50000.0,1986,0,0.0,98600.0,98600.0,-1400.0
9502,Dario Hartman,flat,100.0,100000.0,50000.0,1930,0,0.0,93000.0,93000.0,-7000.0
9503,Kennedi Rhodes,flat,100.0,100000.0,50000.0,1943,0,0.0,94300.0,94300.0,-5700.0
9504,Titus Snow,flat,100.0,100000.0,50000.0,1982,0,0.0,98200.0,98200.0,-1800.0
9505,Alexia Leonard,flat,100.0,100000.0,50000.0,2000,0,0.0,100000.0,100000.0,0.0
9506,Ricardo Stout,flat,100.0,100000.0,50000.0,1889,0,0.0,88900.0,88900.0,-11100.0
9507,Chana Madden,flat,100.0,100000.0,50000.0,1983,0,0.0,98300.0,98300.0,-1700.0
9508,Everest Williams,flat,100.0,100000.0,50000.0,1911,0,0.0,91100.0,91100.0,-8900.0
9509,Ava Morton,flat,100.0,100000.0,50000.0,1997,0,0.0,99700.0,99700.0,-300.0
9510,Roland Rich,flat,100.0,100000.0,50000.0,1997,0,0.0,99700.0,99700.0,-300.0
9511,Sunny Roberson,flat,100.0,100000.0,50000.0,1962,0,0.0,96200.0,96200.0,-3800.0
9512,Shepherd Bullock,flat,100.0,100000.0,50000.0,1932,0,0.0,93200.0,93200.0,-6800.0
9513,Winnie Clements,flat,100.0,100000.0,50000.0,1927,0,0.0,92700.0,92700.0,-7300.0
9514,Fisher Greene,flat,100.0,100000.0,50000.0,1937,0,0.0,93700.0,93700.0,-6300.0
9515,Selena Salazar,flat,100.0,100000.0,50000.0,1955,0,0.0,95500.0,95500.0,-4500.0
9516,Brody Sherman,flat,100.0,100000.0,50000.0,2033,0,0.0,103300.0,103300.0,3300.0
9517,Addilyn Wyatt,flat,100.0,100000.0,50000.0,1960,0,0.0,96000.0,96000.0,-4000.0
9518,Sam Potts,flat,100.0,100000.0,50000.0,1942,0,0.0,94200.0,94200.0,-5800.0
9519,Ellison Serrano,flat,100.0,100000.0,50000.0,1980,0,0.0,98000.0,98000.0,-2000.0
9520,Milan Rice,flat,100.0,100000.0,50000.0,1982,0,0.0,98200.0,98200.0,-1800.0
9521,Ada Whitaker,flat,100.0,100000.0,50000.0,1920,0,0.0,92000.0,92000.0,-8000.0
9522,Keith Norman,flat,100.0,100000.0,50000.0,1962,0,0.0,96200.0,96200.0,-3800.0
9523,Malani Heath,flat,100.0,100000.0,50000.0,1981,0,0.0,98100.0,98100.0,-1900.0
9524,Lionel Snyder,flat,100.0,100000.0,50000.0,1999,0,0.0,99900.0,99900.0,-100.0
9525,Callie Carey,flat,100.0,100000.0,50000.0,1921,0,0.0,92100.0,92100.0,-7900.0
9526,Watson Andersen,flat,100.0,100000.0,50000.0,1883,0,0.0,88300.0,88300.0,-11700.0
9527,Zoie Sloan,flat,100.0,100000.0,50000.0,1909,0,0.0,90900.0,90900.0,-9100.0
9528,Ocean Chan,flat,100.0,100000.0,50000.0,1925,0,0.0,92500.0,92500.0,-7500.0
9529,Hattie Huerta,flat,100.0,100000.0,50000.0,2011,0,0.0,101100.0,101100.0,1100.0
9530,Douglas Hudson,flat,100.0,100000.0,50000.0,1988,0,0.0,98800.0,98800.0,-1200.0
9531,Kamila Pace,flat,100.0,100000.0,50000.0,1970,0,0.0,97000.0,97000.0,-3000.0
9532,Dior Weber,flat,100.0,100000.0,50000.0,1962,0,0.0,96200.0,96200.0,-3800.0
9533,Alayah Parker,flat,100.0,100000.0,50000.0,2025,0,0.0,102500.0,102500.0,2500.0
9534,Caleb Blanchard,flat,100.0,100000.0,50000.0,1911,0,0.0,91100.0,91100.0,-8900.0
9535,Layne Chapman,flat,100.0,100000.0,50000.0,1930,0,0.0,93000.0,93000.0,-7000.0
9536,Knox Berry,flat,100.0,100000.0,50000.0,1938,0,0.0,93800.0,93800.0,-6200.0
9537,Annabelle Garcia,flat,100.0,100000.0,50000.0,1906,0,0.0,90600.0,90600.0,-9400.0
9538,James Lamb,flat,100.0,100000.0,50000.0,1880,0,0.0,88000.0,88000.0,-12000.0
9539,Amaia Vang,flat,100.0,100000.0,50000.0,1859,0,0.0,85900.0,85900.0,-14100.0
9540,Jimmy Martin,flat,100.0,100000.0,50000.0,1954,0,0.0,95400.0,95400.0,-4600.0
9541,Mila Sanders,flat,100.0,100000.0,50000.0,1938,0,0.0,93800.0,93800.0,-6200.0
9542,Jose Harrell,flat,100.0,100000.0,50000.0,1933,0,0.0,93300.0,93300.0,-6700.0
9543,Kara Sloan,flat,100.0,100000.0,50000.0,1890,0,0.0,89000.0,89000.0,-11000.0
9544,Ocean Trevino,flat,100.0,100000.0,50000.0,1894,0,0.0,89400.0,89400.0,-10600.0
9545,Priscilla Cannon,flat,100.0,100000.0,50000.0,1896,0,0.0,89600.0,89600.0,-10400.0
9546,Archie McKay,flat,100.0,100000.0,50000.0,1971,0,0.0,97100.0,97100.0,-2900.0
9547,Leanna Fuentes,flat,100.0,100000.0,50000.0,1886,0,0.0,88600.0,88600.0,-11400.0
9548,Bowen Cabrera,flat,100.0,100000.0,50000.0,1899,0,0.0,89900.0,89900.0,-10100.0
9549,Daleyza Marquez,flat,100.0,100000.0,50000.0,1875,0,0.0,87500.0,87500.0,-12500.0
9550,Malakai Chambers,flat,100.0,100000.0,50000.0,1934,0,0.0,93400.0,93400.0,-6600.0
9551,Makayla Herring,flat,100.0,100000.0,50000.0,1918,0,0.0,91800.0,91800.0,-8200.0
9552,Henrik Alvarado,flat,100.0,100000.0,50000.0,2010,0,0.0,101000.0,101000.0,1000.0
9553,Blake Ford,flat,100.0,100000.0,50000.0,1927,0,0.0,92700.0,92700.0,-7300.0
9554,Luis Dawson,flat,100.0,100000.0,50000.0,1956,0,0.0,95600.0,95600.0,-4400.0
9555,Veronica Moss,flat,100.0,100000.0,50000.0,1921,0,0.0,92100.0,92100.0,-7900.0
9556,Porter Cross,flat,100.0,100000.0,50000.0,1932,0,0.0,93200.0,93200.0,-6800.0
9557,Nayeli Ellison,flat,100.0,100000.0,50000.0,1895,0,0.0,89500.0,89500.0,-10500.0
9558,Kye Byrd,flat,100.0,100000.0,50000.0,1945,0,0.0,94500.0,94500.0,-5500.0
9559,Giselle Mitchell,flat,100.0,100000.0,50000.0,1911,0,0.0,91100.0,91100.0,-8900.0
9560,Jaxon Wade,flat,100.0,100000.0,50000.0,1929,0,0.0,92900.0,92900.0,-7100.0
9561,Evie Richard,flat,100.0,100000.0,50000.0,1945,0,0.0,94500.0,94500.0,-5500.0
9562,Ahmed Ingram,flat,100.0,100000.0,50000.0,1960,0,0.0,96000.0,96000.0,-4000.0
9563,Katie Boyle,flat,100.0,100000.0,50000.0,1952,0,0.0,95200.0,95200.0,-4800.0
9564,Robin Fox,flat,100.0,100000.0,50000.0,1988,0,0.0,98800.0,98800.0,-1200.0
9565,Juliette Olson,flat,100.0,100000.0,50000.0,2014,0,0.0,101400.0,101400.0,1400.0
9566,Malachi Le,flat,100.0,100000.0,50000.0,2007,0,0.0,100700.0,100700.0,700.0
9567,Myla Carr,flat,100.0,100000.0,50000.0,1920,0,0.0,92000.0,92000.0,-8000.0
9568,Kash Rich,flat,100.0,100000.0,50000.0,1916,0,0.0,91600.0,91600.0,-8400.0
9569,Sunny Scott,flat,100.0,100000.0,50000.0,1990,0,0.0,99000.0,99000.0,-1000.0
9570,Leo Gaines,flat,100.0,100000.0,50000.0,1873,0,0.0,87300.0,87300.0,-12700.0
9571,Aya Horn,flat,100.0,100000.0,50000.0,1895,0,0.0,89500.0,89500.0,-10500.0
9572,Wilson Bates,flat,100.0,100000.0,50000.0,2023,0,0.0,102300.0,102300.0,2300.0
9573,Madilyn Clements,flat,100.0,100000.0,50000.0,1942,0,0.0,94200.0,94200.0,-5800.0
9574,Fisher Kennedy,flat,100.0,100000.0,50000.0,1902,0,0.0,90200.0,90200.0,-9800.0
9575,Brianna Pace,flat,100.0,100000.0,50000.0,1944,0,0.0,94400.0,94400.0,-5600.0
9576,Dior Steele,flat,100.0,100000.0,50000.0,2000,0,0.0,100000.0,100000.0,0.0
9577,Rylie Schwartz,flat,100.0,100000.0,50000.0,1984,0,0.0,98400.0,98400.0,-1600.0
9578,Edwin Barker,flat,100.0,100000.0,50000.0,1957,0,0.0,95700.0,95700.0,-4300.0
9579,Remington Parker,flat,100.0,100000.0,50000.0,1857,0,0.0,85700.0,85700.0,-14300.0
9580,Caleb Galindo,flat,100.0,100000.0,50000.0,1968,0,0.0,96800.0,96800.0,-3200.0
9581,Corinne Patel,flat,100.0,100000.0,50000.0,1982,0,0.0,98200.0,98200.0,-1800.0
9582,Parker Jordan,flat,100.0,100000.0,50000.0,1955,0,0.0,95500.0,95500.0,-4500.0
9583,Adalynn Peck,flat,100.0,100000.0,50000.0,1911,0,0.0,91100.0,91100.0,-8900.0
9584,Yousef Burgess,flat,100.0,100000.0,50000.0,1944,0,0.0,94400.0,94400.0,-5600.0
9585,Emory Valdez,flat,100.0,100000.0,50000.0,1931,0,0.0,93100.0,93100.0,-6900.0
9586,Kyler Pennington,flat,100.0,100000.0,50000.0,1915,0,0.0,91500.0,91500.0,-8500.0
9587,Yareli Ross,flat,100.0,100000.0,50000.0,1957,0,0.0,95700.0,95700.0,-4300.0
9588,Wesley Boyer,flat,100.0,100000.0,50000.0,1981,0,0.0,98100.0,98100.0,-1900.0
9589,Chaya Wilkins,flat,100.0,100000.0,50000.0,1883,0,0.0,88300.0,88300.0,-11700.0
9590,Yusuf Mejia,flat,100.0,100000.0,50000.0,2040,0,0.0,104000.0,104000.0,4000.0
9591,Saylor Cantu,flat,100.0,100000.0,50000.0,1931,0,0.0,93100.0,93100.0,-6900.0
9592,Anakin Best,flat,100.0,100000.0,50000.0,1908,0,0.0,90800.0,90800.0,-9200.0
9593,Lexie Dudley,flat,100.0,100000.0,50000.0,1955,0,0.0,95500.0,95500.0,-4500.0
9594,Colter Young,flat,100.0,100000.0,50000.0,1902,0,0.0,90200.0,90200.0,-9800.0
9595,Zoey Curtis,flat,100.0,100000.0,50000.0,1911,0,0.0,91100.0,91100.0,-8900.0
9596,Muhammad Humphrey,flat,100.0,100000.0,50000.0,1965,0,0.0,96500.0,96500.0,-3500.0
9597,Journi Weber,flat,100.0,100000.0,50000.0,1948,0,0.0,94800.0,94800.0,-5200.0
9598,Crew Blake,flat,100.0,100000.0,50000.0,1973,0,0.0,97300.0,97300.0,-2700.0
9599,Amanda Rowe,flat,100.0,100000.0,50000.0,1878,0,0.0,87800.0,87800.0,-12200.0
9600,Kamden Clayton,flat,100.0,100000.0,50000.0,1925,0,0.0,92500.0,92500.0,-7500.0
9601,Saige Alvarez,flat,100.0,100000.0,50000.0,1922,0,0.0,92200.0,92200.0,-7800.0
9602,Xavier Valenzuela,flat,100.0,100000.0,50000.0,1934,0,0.0,93400.0,93400.0,-6600.0
9603,Henley McKay,flat,100.0,100000.0,50000.0,1968,0,0.0,96800.0,96800.0,-3200.0
9604,Joey Russell,flat,100.0,100000.0,50000.0,1982,0,0.0,98200.0,98200.0,-1800.0
9605,Raelynn Wolf,flat,100.0,100000.0,50000.0,1926,0,0.0,92600.0,92600.0,-7400.0
9606,Jase Bonilla,flat,100.0,100000.0,50000.0,1928,0,0.0,92800.0,92800.0,-7200.0
9607,Romina Rivera,flat,100.0,100000.0,50000.0,1913,0,0.0,91300.0,91300.0,-8700.0
9608,Charles Schmidt,flat,100.0,100000.0,50000.0,1956,0,0.0,95600.0,95600.0,-4400.0
9609,Kimberly Pitts,flat,100.0,100000.0,50000.0,2020,0,0.0,102000.0,102000.0,2000.0
9610,Trey Travis,flat,100.0,100000.0,50000.0,1963,0,0.0,96300.0,96300.0,-3700.0
9611,Mazikee Harrison,flat,100.0,100000.0,50000.0,1922,0,0.0,92200.0,92200.0,-7800.0
9612,Gavin Dennis,flat,100.0,100000.0,50000.0,2029,0,0.0,102900.0,102900.0,2900.0
9613,Maisie Dickson,flat,100.0,100000.0,50000.0,1876,0,0.0,87600.0,87600.0,-12400.0
9614,Maxton McKee,flat,100.0,100000.0,50000.0,1983,0,0.0,98300.0,98300.0,-1700.0
9615,Kori Carey,flat,100.0,100000.0,50000.0,1919,0,0.0,91900.0,91900.0,-8100.0
9616,Watson O’Neill,flat,100.0,100000.0,50000.0,1940,0,0.0,94000.0,94000.0,-6000.0
9617,Kenna Oliver,flat,100.0,100000.0,50000.0,1937,0,0.0,93700.0,93700.0,-6300.0
9618,Karson Correa,flat,100.0,100000.0,50000.0,1882,0,0.0,88200.0,88200.0,-11800.0
9619,Valery Rhodes,flat,100.0,100000.0,50000.0,1902,0,0.0,90200.0,90200.0,-9800.0
9620,Titus Perry,flat,100.0,100000.0,50000.0,2002,0,0.0,100200.0,100200.0,200.0
9621,Clara Roberson,flat,100.0,100000.0,50000.0,1953,0,0.0,95300.0,95300.0,-4700.0
9622,Shepherd Gilbert,flat,100.0,100000.0,50000.0,2100,0,0.0,110000.0,110000.0,10000.0
9623,Jocelyn O’Connor,flat,100.0,100000.0,50000.0,2036,0,0.0,103600.0,103600.0,3600.0
9624,Princeton Hampton,flat,100.0,100000.0,50000.0,2044,0,0.0,104400.0,104400.0,4400.0
9625,Leona Fowler,flat,100.0,100000.0,50000.0,1950,0,0.0,95000.0,95000.0,-5000.0
9626,Kameron Bender,flat,100.0,100000.0,50000.0,1955,0,0.0,95500.0,95500.0,-4500.0
9627,Lilyana Price,flat,100.0,100000.0,50000.0,1999,0,0.0,99900.0,99900.0,-100.0
9628,Brooks Munoz,flat,100.0,100000.0,50000.0,2099,0,0.0,109900.0,109900.0,9900.0
9629,Kehlani Gentry,flat,100.0,100000.0,50000.0,2030,0,0.0,103000.0,103000.0,3000.0
9630,Magnus Tang,flat,100.0,100000.0,50000.0,1955,0,0.0,95500.0,95500.0,-4500.0
9631,Belle Murray,flat,100.0,100000.0,50000.0,2023,0,0.0,102300.0,102300.0,2300.0
9632,Ashton Hart,flat,100.0,100000.0,50000.0,1931,0,0.0,93100.0,93100.0,-6900.0
9633,Gemma Wilcox,flat,100.0,100000.0,50000.0,1986,0,0.0,98600.0,98600.0,-1400.0
9634,Jerry Keith,flat,100.0,100000.0,50000.0,1935,0,0.0,93500.0,93500.0,-6500.0
9635,Elyse Bautista,flat,100.0,100000.0,50000.0,1968,0,0.0,96800.0,96800.0,-3200.0
9636,Raul Esquivel,flat,100.0,100000.0,50000.0,1937,0,0.0,93700.0,93700.0,-6300.0
9637,Jaylee Santos,flat,100.0,100000.0,50000.0,1932,0,0.0,93200.0,93200.0,-6800.0
9638,Walker Lloyd,flat,100.0,100000.0,50000.0,1903,0,0.0,90300.0,90300.0,-9700.0
9639,Emely Drake,flat,100.0,100000.0,50000.0,1931,0,0.0,93100.0,93100.0,-6900.0
9640,Jalen Wong,flat,100.0,100000.0,50000.0,1950,0,0.0,95000.0,95000.0,-5000.0
9641,Adelaide Dudley,flat,100.0,100000.0,50000.0,2002,0,0.0,100200.0,100200.0,200.0
9642,Colter Cole,flat,100.0,100000.0,50000.0,1926,0,0.0,92600.0,92600.0,-7400.0
9643,Margaret Nunez,flat,100.0,100000.0,50000.0,1943,0,0.0,94300.0,94300.0,-5700.0
9644,Caden Rodriguez,flat,100.0,100000.0,50000.0,1954,0,0.0,95400.0,95400.0,-4600.0
9645,Evelyn Patrick,flat,100.0,100000.0,50000.0,1907,0,0.0,90700.0,90700.0,-9300.0
9646,Derrick Costa,flat,100.0,100000.0,50000.0,2014,0,0.0,101400.0,101400.0,1400.0
9647,Robin Newman,flat,100.0,100000.0,50000.0,1849,0,0.0,84900.0,84900.0,-15100.0
9648,Anderson Ray,flat,100.0,100000.0,50000.0,1970,0,0.0,97000.0,97000.0,-3000.0
9649,Ruth Cox,flat,100.0,100000.0,50000.0,1883,0,0.0,88300.0,88300.0,-11700.0
9650,Connor Finley,flat,100.0,100000.0,50000.0,1906,0,0.0,90600.0,90600.0,-9400.0
9651,Jovie Mercado,flat,100.0,100000.0,50000.0,1976,0,0.0,97600.0,97600.0,-2400.0
9652,Abram Campbell,flat,100.0,100000.0,50000.0,1948,0,0.0,94800.0,94800.0,-5200.0
9653,Addison Beck,flat,100.0,100000.0,50000.0,1887,0,0.0,88700.0,88700.0,-11300.0
9654,Eduardo Roach,flat,100.0,100000.0,50000.0,1888,0,0.0,88800.0,88800.0,-11200.0
9655,Lyanna Garza,flat,100.0,100000.0,50000.0,1969,0,0.0,96900.0,96900.0,-3100.0
9656,Judah Rhodes,flat,100.0,100000.0,50000.0,1943,0,0.0,94300.0,94300.0,-5700.0
9657,Tatum Benjamin,flat,100.0,100000.0,50000.0,1961,0,0.0,96100.0,96100.0,-3900.0
9658,Kyro Hensley,flat,100.0,100000.0,50000.0,1843,0,0.0,84300.0,84300.0,-15700.0
9659,Malaya Schaefer,flat,100.0,100000.0,50000.0,1915,0,0.0,91500.0,91500.0,-8500.0
9660,Ishaan Blevins,flat,100.0,100000.0,50000.0,1868,0,0.0,86800.0,86800.0,-13200.0
9661,Aila Burgess,flat,100.0,100000.0,50000.0,1954,0,0.0,95400.0,95400.0,-4600.0
9662,Kolton Castro,flat,100.0,100000.0,50000.0,1956,0,0.0,95600.0,95600.0,-4400.0
9663,Eloise Hahn,flat,100.0,100000.0,50000.0,1970,0,0.0,97000.0,97000.0,-3000.0
9664,Kabir Kelly,flat,100.0,100000.0,50000.0,1990,0,0.0,99000.0,99000.0,-1000.0
9665,Ruby Blackwell,flat,100.0,100000.0,50000.0,1998,0,0.0,99800.0,99800.0,-200.0
9666,Marcellus Butler,flat,100.0,100000.0,50000.0,1934,0,0.0,93400.0,93400.0,-6600.0
9667,Athena Cummings,flat,100.0,100000.0,50000.0,1915,0,0.0,91500.0,91500.0,-8500.0
9668,Raiden Lucas,flat,100.0,100000.0,50000.0,1981,0,0.0,98100.0,98100.0,-1900.0
9669,Phoenix Gillespie,flat,100.0,100000.0,50000.0,1957,0,0.0,95700.0,95700.0,-4300.0
9670,Forest Jaramillo,flat,100.0,100000.0,50000.0,1955,0,0.0,95500.0,95500.0,-4500.0
9671,Guadalupe Riley,flat,100.0,100000.0,50000.0,2025,0,0.0,102500.0,102500.0,2500.0
9672,Amari Diaz,flat,100.0,100000.0,50000.0,1910,0,0.0,91000.0,91000.0,-9000.0
9673,Elena Page,flat,100.0,100000.0,50000.0,2025,0,0.0,102500.0,102500.0,2500.0
9674,Pablo Mendez,flat,100.0,100000.0,50000.0,1988,0,0.0,98800.0,98800.0,-1200.0
9675,Londyn Melendez,flat,100.0,100000.0,50000.0,1874,0,0.0,87400.0,87400.0,-12600.0
9676,Nikolas Conley,flat,100.0,100000.0,50000.0,1934,0,0.0,93400.0,93400.0,-6600.0
9677,Salem Velasquez,flat,100.0,100000.0,50000.0,1888,0,0.0,88800.0,88800.0,-11200.0
9678,Sullivan Blanchard,flat,100.0,100000.0,50000.0,1984,0,0.0,98400.0,98400.0,-1600.0
9679,Layne Shields,flat,100.0,100000.0,50000.0,1907,0,0.0,90700.0,90700.0,-9300.0
9680,Devon Carlson,flat,100.0,100000.0,50000.0,1988,0,0.0,98800.0,98800.0,-1200.0
9681,Kali Cisneros,flat,100.0,100000.0,50000.0,1960,0,0.0,96000.0,96000.0,-4000.0
9682,Alden Novak,flat,100.0,100000.0,50000.0,2001,0,0.0,100100.0,100100.0,100.0
9683,Kaiya Rangel,flat,100.0,100000.0,50000.0,1951,0,0.0,95100.0,95100.0,-4900.0
9684,Saint Esparza,flat,100.0,100000.0,50000.0,1916,0,0.0,91600.0,91600.0,-8400.0
9685,Ramona Frost,flat,100.0,100000.0,50000.0,1920,0,0.0,92000.0,92000.0,-8000.0
9686,Dario Sparks,flat,100.0,100000.0,50000.0,1907,0,0.0,90700.0,90700.0,-9300.0
9687,Aisha Pena,flat,100.0,100000.0,50000.0,2029,0,0.0,102900.0,102900.0,2900.0
9688,Marcus Herrera,flat,100.0,100000.0,50000.0,1963,0,0.0,96300.0,96300.0,-3700.0
9689,Ximena Short,flat,100.0,100000.0,50000.0,2019,0,0.0,101900.0,101900.0,1900.0
9690,Hezekiah Cortes,flat,100.0,100000.0,50000.0,1940,0,0.0,94000.0,94000.0,-6000.0
9691,Lea Barrett,flat,100.0,100000.0,50000.0,1985,0,0.0,98500.0,98500.0,-1500.0
9692,Angelo Jennings,flat,100.0,100000.0,50000.0,2032,0,0.0,103200.0,103200.0,3200.0
9693,Palmer Hawkins,flat,100.0,100000.0,50000.0,1885,0,0.0,88500.0,88500.0,-11500.0
9694,Victor Cantu,flat,100.0,100000.0,50000.0,1968,0,0.0,96800.0,96800.0,-3200.0
9695,Galilea Thornton,flat,100.0,100000.0,50000.0,1886,0,0.0,88600.0,88600.0,-11400.0
9696,Malik Perez,flat,100.0,100000.0,50000.0,1978,0,0.0,97800.0,97800.0,-2200.0
9697,Eleanor Roy,flat,100.0,100000.0,50000.0,2011,0,0.0,101100.0,101100.0,1100.0
9698,Marcelo Carlson,flat,100.0,100000.0,50000.0,1931,0,0.0,93100.0,93100.0,-6900.0
9699,Kali Dougherty,flat,100.0,100000.0,50000.0,1915,0,0.0,91500.0,91500.0,-8500.0
9700,Brett Combs,flat,100.0,100000.0,50000.0,2006,0,0.0,100600.0,100600.0,600.0
9701,Irene Zamora,flat,100.0,100000.0,50000.0,2010,0,0.0,101000.0,101000.0,1000.0
9702,Quentin Giles,flat,100.0,100000.0,50000.0,1968,0,0.0,96800.0,96800.0,-3200.0
9703,Bailee Figueroa,flat,100.0,100000.0,50000.0,1878,0,0.0,87800.0,87800.0,-12200.0
9704,Spencer Dennis,flat,100.0,100000.0,50000.0,1905,0,0.0,90500.0,90500.0,-9500.0
9705,Maisie Hood,flat,100.0,100000.0,50000.0,1948,0,0.0,94800.0,94800.0,-5200.0
9706,Brixton Houston,flat,100.0,100000.0,50000.0,1943,0,0.0,94300.0,94300.0,-5700.0
9707,Lylah Salazar,flat,100.0,100000.0,50000.0,1944,0,0.0,94400.0,94400.0,-5600.0
9708,Brody Tapia,flat,100.0,100000.0,50000.0,1951,0,0.0,95100.0,95100.0,-4900.0
9709,Michaela Dean,flat,100.0,100000.0,50000.0,1924,0,0.0,92400.0,92400.0,-7600.0
9710,Ronan Patterson,flat,100.0,100000.0,50000.0,1888,0,0.0,88800.0,88800.0,-11200.0
9711,Kaylee Flowers,flat,100.0,100000.0,50000.0,1985,0,0.0,98500.0,98500.0,-1500.0
9712,Saul Curry,flat,100.0,100000.0,50000.0,1960,0,0.0,96000.0,96000.0,-4000.0
9713,Alison Navarro,flat,100.0,100000.0,50000.0,1938,0,0.0,93800.0,93800.0,-6200.0
9714,Reid Clarke,flat,100.0,100000.0,50000.0,1915,0,0.0,91500.0,91500.0,-8500.0
9715,Kaitlyn Bernal,flat,100.0,100000.0,50000.0,1823,0,0.0,82300.0,82300.0,-17700.0
9716,Eithan Bauer,flat,100.0,100000.0,50000.0,1977,0,0.0,97700.0,97700.0,-2300.0
9717,Haley Parker,flat,100.0,100000.0,50000.0,1907,0,0.0,90700.0,90700.0,-9300.0
9718,Caleb White,flat,100.0,100000.0,50000.0,1896,0,0.0,89600.0,89600.0,-10400.0
9719,Layla Gallagher,flat,100.0,100000.0,50000.0,1961,0,0.0,96100.0,96100.0,-3900.0
9720,Marcos Morrison,flat,100.0,100000.0,50000.0,1973,0,0.0,97300.0,97300.0,-2700.0
9721,Rebecca Wilkerson,flat,100.0,100000.0,50000.0,2017,0,0.0,101700.0,101700.0,1700.0
9722,Carmelo Fry,flat,100.0,100000.0,50000.0,1951,0,0.0,95100.0,95100.0,-4900.0
9723,Clarissa Horton,flat,100.0,100000.0,50000.0,1922,0,0.0,92200.0,92200.0,-7800.0
9724,Garrett Kaur,flat,100.0,100000.0,50000.0,1888,0,0.0,88800.0,88800.0,-11200.0
9725,Holland Hopkins,flat,100.0,100000.0,50000.0,1911,0,0.0,91100.0,91100.0,-8900.0
9726,Ali Cobb,flat,100.0,100000.0,50000.0,2039,0,0.0,103900.0,103900.0,3900.0
9727,Aviana Lynn,flat,100.0,100000.0,50000.0,1934,0,0.0,93400.0,93400.0,-6600.0
9728,Zechariah Bond,flat,100.0,100000.0,50000.0,1907,0,0.0,90700.0,90700.0,-9300.0
9729,Alena Lane,flat,100.0,100000.0,50000.0,1944,0,0.0,94400.0,94400.0,-5600.0
9730,Matias Stevens,flat,100.0,100000.0,50000.0,1926,0,0.0,92600.0,92600.0,-7400.0
9731,Katherine Davila,flat,100.0,100000.0,50000.0,1957,0,0.0,95700.0,95700.0,-4300.0
9732,Grey Marsh,flat,100.0,100000.0,50000.0,1936,0,0.0,93600.0,93600.0,-6400.0
9733,Adelina Webb,flat,100.0,100000.0,50000.0,1897,0,0.0,89700.0,89700.0,-10300.0
9734,Lorenzo Freeman,flat,100.0,100000.0,50000.0,1936,0,0.0,93600.0,93600.0,-6400.0
9735,Norah Velasquez,flat,100.0,100000.0,50000.0,2041,0,0.0,104100.0,104100.0,4100.0
9736,Sullivan Benjamin,flat,100.0,100000.0,50000.0,1955,0,0.0,95500.0,95500.0,-4500.0
9737,Jianna Holland,flat,100.0,100000.0,50000.0,1927,0,0.0,92700.0,92700.0,-7300.0
9738,Brady Bates,flat,100.0,100000.0,50000.0,1904,0,0.0,90400.0,90400.0,-9600.0
9739,Madilyn Weiss,flat,100.0,100000.0,50000.0,1981,0,0.0,98100.0,98100.0,-1900.0
9740,Koa Bennett,flat,100.0,100000.0,50000.0,1942,0,0.0,94200.0,94200.0,-5800.0
9741,Josephine Cardenas,flat,100.0,100000.0,50000.0,2043,0,0.0,104300.0,104300.0,4300.0
9742,Johnathan Velez,flat,100.0,100000.0,50000.0,1958,0,0.0,95800.0,95800.0,-4200.0
9743,Megan Jacobs,flat,100.0,100000.0,50000.0,1918,0,0.0,91800.0,91800.0,-8200.0
9744,Bryan Dalton,flat,100.0,100000.0,50000.0,1952,0,0.0,95200.0,95200.0,-4800.0
9745,Lilian Nelson,flat,100.0,100000.0,50000.0,1954,0,0.0,95400.0,95400.0,-4600.0
9746,Dylan Hardin,flat,100.0,100000.0,50000.0,1886,0,0.0,88600.0,88600.0,-11400.0
9747,Vada Deleon,flat,100.0,100000.0,50000.0,1965,0,0.0,96500.0,96500.0,-3500.0
9748,Nasir Galvan,flat,100.0,100000.0,50000.0,1951,0,0.0,95100.0,95100.0,-4900.0
9749,Dallas Rush,flat,100.0,100000.0,50000.0,1959,0,0.0,95900.0,95900.0,-4100.0
9750,Kaiser Hayes,flat,100.0,100000.0,50000.0,2030,0,0.0,103000.0,103000.0,3000.0
9751,Iris Xiong,flat,100.0,100000.0,50000.0,2001,0,0.0,100100.0,100100.0,100.0
9752,Azrael Meza,flat,100.0,100000.0,50000.0,1970,0,0.0,97000.0,97000.0,-3000.0
9753,Rosa Pena,flat,100.0,100000.0,50000.0,1878,0,0.0,87800.0,87800.0,-12200.0
9754,Marcus Knapp,flat,100.0,100000.0,50000.0,1920,0,0.0,92000.0,92000.0,-8000.0
9755,Linda Fleming,flat,100.0,100000.0,50000.0,1947,0,0.0,94700.0,94700.0,-5300.0
9756,Fernando Knapp,flat,100.0,100000.0,50000.0,1910,0,0.0,91000.0,91000.0,-9000.0
9757,Linda Gibson,flat,100.0,100000.0,50000.0,1962,0,0.0,96200.0,96200.0,-3800.0
9758,Tyler Kelly,flat,100.0,100000.0,50000.0,1944,0,0.0,94400.0,94400.0,-5600.0
9759,Ruby Drake,flat,100.0,100000.0,50000.0,1973,0,0.0,97300.0,97300.0,-2700.0
9760,Jalen Savage,flat,100.0,100000.0,50000.0,1897,0,0.0,89700.0,89700.0,-10300.0
9761,Louise Coffey,flat,100.0,100000.0,50000.0,1959,0,0.0,95900.0,95900.0,-4100.0
9762,Kody Brennan,flat,100.0,100000.0,50000.0,1952,0,0.0,95200.0,95200.0,-4800.0
9763,Elodie Shaffer,flat,100.0,100000.0,50000.0,1946,0,0.0,94600.0,94600.0,-5400.0
9764,Dexter Villa,flat,100.0,100000.0,50000.0,1933,0,0.0,93300.0,93300.0,-6700.0
9765,Johanna Macdonald,flat,100.0,100000.0,50000.0,1934,0,0.0,93400.0,93400.0,-6600.0
9766,Hugh Watkins,flat,100.0,100000.0,50000.0,1873,0,0.0,87300.0,87300.0,-12700.0
9767,Lola Sheppard,flat,100.0,100000.0,50000.0,1964,0,0.0,96400.0,96400.0,-3600.0
9768,Trent Wilson,flat,100.0,100000.0,50000.0,1950,0,0.0,95000.0,95000.0,-5000.0
9769,Luna Tucker,flat,100.0,100000.0,50000.0,1938,0,0.0,93800.0,93800.0,-6200.0
9770,Ivan Park,flat,100.0,100000.0,50000.0,1966,0,0.0,96600.0,96600.0,-3400.0
9771,Lia Howe,flat,100.0,100000.0,50000.0,1913,0,0.0,91300.0,91300.0,-8700.0
9772,Alaric Richardson,flat,100.0,100000.0,50000.0,1955,0,0.0,95500.0,95500.0,-4500.0
9773,Allison Orozco,flat,100.0,100000.0,50000.0,1947,0,0.0,94700.0,94700.0,-5300.0
9774,Keanu Xiong,flat,100.0,100000.0,50000.0,1982,0,0.0,98200.0,98200.0,-1800.0
9775,Amayah Nichols,flat,100.0,100000.0,50000.0,1948,0,0.0,94800.0,94800.0,-5200.0
9776,Atlas Kelley,flat,100.0,100000.0,50000.0,1882,0,0.0,88200.0,88200.0,-11800.0
9777,Rosalie Zhang,flat,100.0,100000.0,50000.0,1954,0,0.0,95400.0,95400.0,-4600.0
9778,Isaias Taylor,flat,100.0,100000.0,50000.0,1946,0,0.0,94600.0,94600.0,-5400.0
9779,Sofia McIntosh,flat,100.0,100000.0,50000.0,1988,0,0.0,98800.0,98800.0,-1200.0
9780,Kristian Boyd,flat,100.0,100000.0,50000.0,1959,0,0.0,95900.0,95900.0,-4100.0
9781,Georgia Wyatt,flat,100.0,100000.0,50000.0,1922,0,0.0,92200.0,92200.0,-7800.0
9782,Sam Henry,flat,100.0,100000.0,50000.0,1961,0,0.0,96100.0,96100.0,-3900.0
9783,Summer Stephenson,flat,100.0,100000.0,50000.0,1925,0,0.0,92500.0,92500.0,-7500.0
9784,Joe Fletcher,flat,100.0,100000.0,50000.0,1915,0,0.0,91500.0,91500.0,-8500.0
9785,Anaya Massey,flat,100.0,100000.0,50000.0,2002,0,0.0,100200.0,100200.0,200.0
9786,Donald Buckley,flat,100.0,100000.0,50000.0,1934,0,0.0,93400.0,93400.0,-6600.0
9787,Theodora Hicks,flat,100.0,100000.0,50000.0,1932,0,0.0,93200.0,93200.0,-6800.0
9788,Maddox Shaffer,flat,100.0,100000.0,50000.0,1914,0,0.0,91400.0,91400.0,-8600.0
9789,Alanna O’brien,flat,100.0,100000.0,50000.0,1925,0,0.0,92500.0,92500.0,-7500.0
9790,Riley Lamb,flat,100.0,100000.0,50000.0,1937,0,0.0,93700.0,93700.0,-6300.0
9791,Amaia Olsen,flat,100.0,100000.0,50000.0,1910,0,0.0,91000.0,91000.0,-9000.0
9792,Skyler Arias,flat,100.0,100000.0,50000.0,1947,0,0.0,94700.0,94700.0,-5300.0
9793,Aleah Dennis,flat,100.0,100000.0,50000.0,1954,0,0.0,95400.0,95400.0,-4600.0
9794,Emanuel Patton,flat,100.0,100000.0,50000.0,1843,0,0.0,84300.0,84300.0,-15700.0
9795,Lorelei Lee,flat,100.0,100000.0,50000.0,1889,0,0.0,88900.0,88900.0,-11100.0
9796,Jack Knight,flat,100.0,100000.0,50000.0,1986,0,0.0,98600.0,98600.0,-1400.0
9797,Gracie Strong,flat,100.0,100000.0,50000.0,2006,0,0.0,100600.0,100600.0,600.0
9798,Axl Nicholson,flat,100.0,100000.0,50000.0,1991,0,0.0,99100.0,99100.0,-900.0
9799,Justice Haley,flat,100.0,100000.0,50000.0,1964,0,0.0,96400.0,96400.0,-3600.0
9800,Leif Massey,flat,100.0,100000.0,50000.0,1924,0,0.0,92400.0,92400.0,-7600.0
9801,Clementine Lawrence,flat,100.0,100000.0,50000.0,1930,0,0.0,93000.0,93000.0,-7000.0
9802,Kaleb Cabrera,flat,100.0,100000.0,50000.0,1992,0,0.0,99200.0,99200.0,-800.0
9803,Daleyza Vu,flat,100.0,100000.0,50000.0,1982,0,0.0,98200.0,98200.0,-1800.0
9804,Kamdyn Jennings,flat,100.0,100000.0,50000.0,1954,0,0.0,95400.0,95400.0,-4600.0
9805,Palmer Oliver,flat,100.0,100000.0,50000.0,1956,0,0.0,95600.0,95600.0,-4400.0
9806,Karson May,flat,100.0,100000.0,50000.0,1955,0,0.0,95500.0,95500.0,-4500.0
9807,Adriana Rosas,flat,100.0,100000.0,50000.0,1851,0,0.0,85100.0,85100.0,-14900.0
9808,Remi Dorsey,flat,100.0,100000.0,50000.0,1941,0,0.0,94100.0,94100.0,-5900.0
9809,Addyson Yu,flat,100.0,100000.0,50000.0,1882,0,0.0,88200.0,88200.0,-11800.0
9810,Bryant Ellis,flat,100.0,100000.0,50000.0,2016,0,0.0,101600.0,101600.0,1600.0
9811,Ayla Nash,flat,100.0,100000.0,50000.0,1915,0,0.0,91500.0,91500.0,-8500.0
9812,Chandler Frederick,flat,100.0,100000.0,50000.0,1942,0,0.0,94200.0,94200.0,-5800.0
9813,Sariyah Todd,flat,100.0,100000.0,50000.0,1918,0,0.0,91800.0,91800.0,-8200.0
9814,Baylor Cannon,flat,100.0,100000.0,50000.0,1917,0,0.0,91700.0,91700.0,-8300.0
9815,Noa Best,flat,100.0,100000.0,50000.0,1908,0,0.0,90800.0,90800.0,-9200.0
9816,Harlem Martinez,flat,100.0,100000.0,50000.0,1939,0,0.0,93900.0,93900.0,-6100.0
9817,Harper Farrell,flat,100.0,100000.0,50000.0,1998,0,0.0,99800.0,99800.0,-200.0
9818,Ty Dickson,flat,100.0,100000.0,50000.0,2026,0,0.0,102600.0,102600.0,2600.0
9819,Emmalynn Huff,flat,100.0,100000.0,50000.0,1932,0,0.0,93200.0,93200.0,-6800.0
9820,Finnley Enriquez,flat,100.0,100000.0,50000.0,1896,0,0.0,89600.0,89600.0,-10400.0
9821,Nellie Keller,flat,100.0,100000.0,50000.0,1993,0,0.0,99300.0,99300.0,-700.0
9822,Nico Barton,flat,100.0,100000.0,50000.0,1929,0,0.0,92900.0,92900.0,-7100.0
9823,Danna Vincent,flat,100.0,100000.0,50000.0,1938,0,0.0,93800.0,93800.0,-6200.0
9824,Aarav McIntyre,flat,100.0,100000.0,50000.0,1971,0,0.0,97100.0,97100.0,-2900.0
9825,Rebekah Charles,flat,100.0,100000.0,50000.0,1978,0,0.0,97800.0,97800.0,-2200.0
9826,Conrad Parsons,flat,100.0,100000.0,50000.0,1959,0,0.0,95900.0,95900.0,-4100.0
9827,Maia Nelson,flat,100.0,100000.0,50000.0,2031,0,0.0,103100.0,103100.0,3100.0
9828,Dylan Stafford,flat,100.0,100000.0,50000.0,1952,0,0.0,95200.0,95200.0,-4800.0
9829,Bridget McCullough,flat,100.0,100000.0,50000.0,1930,0,0.0,93000.0,93000.0,-7000.0
9830,Briar Cardenas,flat,100.0,100000.0,50000.0,1948,0,0.0,94800.0,94800.0,-5200.0
9831,Raven Long,flat,100.0,100000.0,50000.0,1946,0,0.0,94600.0,94600.0,-5400.0
9832,Jace Stark,flat,100.0,100000.0,50000.0,1910,0,0.0,91000.0,91000.0,-9000.0
9833,Kamilah Eaton,flat,100.0,100000.0,50000.0,1966,0,0.0,96600.0,96600.0,-3400.0
9834,Leighton Sellers,flat,100.0,100000.0,50000.0,1905,0,0.0,90500.0,90500.0,-9500.0
9835,Mercy Graves,flat,100.0,100000.0,50000.0,1980,0,0.0,98000.0,98000.0,-2000.0
9836,Cesar Cameron,flat,100.0,100000.0,50000.0,1931,0,0.0,93100.0,93100.0,-6900.0
9837,Julie Short,flat,100.0,100000.0,50000.0,1967,0,0.0,96700.0,96700.0,-3300.0
9838,Hezekiah Chung,flat,100.0,100000.0,50000.0,1917,0,0.0,91700.0,91700.0,-8300.0
9839,Rivka Leblanc,flat,100.0,100000.0,50000.0,1923,0,0.0,92300.0,92300.0,-7700.0
9840,Braden Buckley,flat,100.0,100000.0,50000.0,1892,0,0.0,89200.0,89200.0,-10800.0
9841,Theodora Heath,flat,100.0,100000.0,50000.0,1966,0,0.0,96600.0,96600.0,-3400.0
9842,Lionel May,flat,100.0,100000.0,50000.0,1964,0,0.0,96400.0,96400.0,-3600.0
9843,Adriana Robbins,flat,100.0,100000.0,50000.0,2016,0,0.0,101600.0,101600.0,1600.0
9844,Finnegan Duarte,flat,100.0,100000.0,50000.0,1970,0,0.0,97000.0,97000.0,-3000.0
9845,Kynlee Bush,flat,100.0,100000.0,50000.0,1970,0,0.0,97000.0,97000.0,-3000.0
9846,Tyson Maxwell,flat,100.0,100000.0,50000.0,1979,0,0.0,97900.0,97900.0,-2100.0
9847,Kyla Grimes,flat,100.0,100000.0,50000.0,1966,0,0.0,96600.0,96600.0,-3400.0
9848,Harlan Peterson,flat,100.0,100000.0,50000.0,2034,0,0.0,103400.0,103400.0,3400.0
9849,Caroline Sherman,flat,100.0,100000.0,50000.0,1970,0,0.0,97000.0,97000.0,-3000.0
9850,Adan Valentine,flat,100.0,100000.0,50000.0,1940,0,0.0,94000.0,94000.0,-6000.0
9851,August Combs,flat,100.0,100000.0,50000.0,1969,0,0.0,96900.0,96900.0,-3100.0
9852,Ahmad Underwood,flat,100.0,100000.0,50000.0,1950,0,0.0,95000.0,95000.0,-5000.0
9853,Ensley Fitzgerald,flat,100.0,100000.0,50000.0,1968,0,0.0,96800.0,96800.0,-3200.0
9854,Peyton Prince,flat,100.0,100000.0,50000.0,1975,0,0.0,97500.0,97500.0,-2500.0
9855,Greta Bridges,flat,100.0,100000.0,50000.0,1899,0,0.0,89900.0,89900.0,-10100.0
9856,Mohammed Cantrell,flat,100.0,100000.0,50000.0,1995,0,0.0,99500.0,99500.0,-500.0
9857,Yamileth Terrell,flat,100.0,100000.0,50000.0,1957,0,0.0,95700.0,95700.0,-4300.0
9858,Jaxen Choi,flat,100.0,100000.0,50000.0,1952,0,0.0,95200.0,95200.0,-4800.0
9859,Karla Xiong,flat,100.0,100000.0,50000.0,2019,0,0.0,101900.0,101900.0,1900.0
9860,Azrael Peterson,flat,100.0,100000.0,50000.0,1915,0,0.0,91500.0,91500.0,-8500.0
9861,Caroline Middleton,flat,100.0,100000.0,50000.0,1914,0,0.0,91400.0,91400.0,-8600.0
9862,Misael Carrillo,flat,100.0,100000.0,50000.0,1882,0,0.0,88200.0,88200.0,-11800.0
9863,Kaylani Figueroa,flat,100.0,100000.0,50000.0,1980,0,0.0,98000.0,98000.0,-2000.0
9864,Spencer Harrington,flat,100.0,100000.0,50000.0,1922,0,0.0,92200.0,92200.0,-7800.0
9865,Legacy Garner,flat,100.0,100000.0,50000.0,1999,0,0.0,99900.0,99900.0,-100.0
9866,Sage Vargas,flat,100.0,100000.0,50000.0,1934,0,0.0,93400.0,93400.0,-6600.0
9867,Andrea Ibarra,flat,100.0,100000.0,50000.0,1971,0,0.0,97100.0,97100.0,-2900.0
9868,Asa Lee,flat,100.0,100000.0,50000.0,1935,0,0.0,93500.0,93500.0,-6500.0
9869,Scarlett Burns,flat,100.0,100000.0,50000.0,1982,0,0.0,98200.0,98200.0,-1800.0
9870,August Bravo,flat,100.0,100000.0,50000.0,2046,0,0.0,104600.0,104600.0,4600.0
9871,Amoura Potter,flat,100.0,100000.0,50000.0,1930,0,0.0,93000.0,93000.0,-7000.0
9872,Lucca Moreno,flat,100.0,100000.0,50000.0,1905,0,0.0,90500.0,90500.0,-9500.0
9873,Mary Rivers,flat,100.0,100000.0,50000.0,1894,0,0.0,89400.0,89400.0,-10600.0
9874,Bear Pruitt,flat,100.0,100000.0,50000.0,1980,0,0.0,98000.0,98000.0,-2000.0
9875,Brylee Rich,flat,100.0,100000.0,50000.0,1916,0,0.0,91600.0,91600.0,-8400.0
9876,Miller Durham,flat,100.0,100000.0,50000.0,1865,0,0.0,86500.0,86500.0,-13500.0
9877,Tiffany Hubbard,flat,100.0,100000.0,50000.0,1946,0,0.0,94600.0,94600.0,-5400.0
9878,Forrest Lloyd,flat,100.0,100000.0,50000.0,1941,0,0.0,94100.0,94100.0,-5900.0
9879,Emely Robles,flat,100.0,100000.0,50000.0,1914,0,0.0,91400.0,91400.0,-8600.0
9880,Otto Vu,flat,100.0,100000.0,50000.0,1996,0,0.0,99600.0,99600.0,-400.0
9881,Kimora Estrada,flat,100.0,100000.0,50000.0,1922,0,0.0,92200.0,92200.0,-7800.0
9882,Phoenix Holt,flat,100.0,100000.0,50000.0,1947,0,0.0,94700.0,94700.0,-5300.0
9883,Adelynn Jacobson,flat,100.0,100000.0,50000.0,2010,0,0.0,101000.0,101000.0,1000.0
9884,Legacy Trevino,flat,100.0,100000.0,50000.0,1948,0,0.0,94800.0,94800.0,-5200.0
9885,Priscilla Murphy,flat,100.0,100000.0,50000.0,1899,0,0.0,89900.0,89900.0,-10100.0
9886,Cameron Booth,flat,100.0,100000.0,50000.0,1918,0,0.0,91800.0,91800.0,-8200.0
9887,Zariyah Townsend,flat,100.0,100000.0,50000.0,1960,0,0.0,96000.0,96000.0,-4000.0
9888,Alexis Hester,flat,100.0,100000.0,50000.0,1967,0,0.0,96700.0,96700.0,-3300.0
9889,Zendaya Maynard,flat,100.0,100000.0,50000.0,1950,0,0.0,95000.0,95000.0,-5000.0
9890,Landry Colon,flat,100.0,100000.0,50000.0,1927,0,0.0,92700.0,92700.0,-7300.0
9891,Remy Reed,flat,100.0,100000.0,50000.0,2004,0,0.0,100400.0,100400.0,400.0
9892,Easton Blackwell,flat,100.0,100000.0,50000.0,1981,0,0.0,98100.0,98100.0,-1900.0
9893,Saoirse Atkinson,flat,100.0,100000.0,50000.0,1995,0,0.0,99500.0,99500.0,-500.0
9894,Duke Moss,flat,100.0,100000.0,50000.0,1969,0,0.0,96900.0,96900.0,-3100.0
9895,Bianca Keller,flat,100.0,100000.0,50000.0,1965,0,0.0,96500.0,96500.0,-3500.0
9896,Nico Erickson,flat,100.0,100000.0,50000.0,1911,0,0.0,91100.0,91100.0,-8900.0
9897,Sabrina Payne,flat,100.0,100000.0,50000.0,2000,0,0.0,100000.0,100000.0,0.0
9898,Edward Johnston,flat,100.0,100000.0,50000.0,1973,0,0.0,97300.0,97300.0,-2700.0
9899,Laila Brown,flat,100.0,100000.0,50000.0,1998,0,0.0,99800.0,99800.0,-200.0
9900,Elijah Love,flat,100.0,100000.0,50000.0,1908,0,0.0,90800.0,90800.0,-9200.0
9901,Avianna Cohen,flat,100.0,100000.0,50000.0,1884,0,0.0,88400.0,88400.0,-11600.0
9902,Killian Evans,flat,100.0,100000.0,50000.0,2047,0,0.0,104700.0,104700.0,4700.0
9903,Eliana Blanchard,flat,100.0,100000.0,50000.0,1932,0,0.0,93200.0,93200.0,-6800.0
9904,Adler Avalos,flat,100.0,100000.0,50000.0,1936,0,0.0,93600.0,93600.0,-6400.0
9905,Paloma Harmon,flat,100.0,100000.0,50000.0,2023,0,0.0,102300.0,102300.0,2300.0
9906,Roberto Bean,flat,100.0,100000.0,50000.0,2031,0,0.0,103100.0,103100.0,3100.0
9907,Jenesis Marks,flat,100.0,100000.0,50000.0,1948,0,0.0,94800.0,94800.0,-5200.0
9908,Amos Sampson,flat,100.0,100000.0,50000.0,1891,0,0.0,89100.0,89100.0,-10900.0
9909,Meilani Shaw,flat,100.0,100000.0,50000.0,1943,0,0.0,94300.0,94300.0,-5700.0
9910,Elliot Poole,flat,100.0,100000.0,50000.0,1945,0,0.0,94500.0,94500.0,-5500.0
9911,Bonnie Clarke,flat,100.0,100000.0,50000.0,1908,0,0.0,90800.0,90800.0,-9200.0
9912,Stetson Peralta,flat,100.0,100000.0,50000.0,1965,0,0.0,96500.0,96500.0,-3500.0
9913,Malayah Nguyen,flat,100.0,100000.0,50000.0,1941,0,0.0,94100.0,94100.0,-5900.0
9914,Gabriel Roberson,flat,100.0,100000.0,50000.0,1943,0,0.0,94300.0,94300.0,-5700.0
9915,Sasha Arellano,flat,100.0,100000.0,50000.0,2021,0,0.0,102100.0,102100.0,2100.0
9916,Kellan Castaneda,flat,100.0,100000.0,50000.0,1993,0,0.0,99300.0,99300.0,-700.0
9917,Keira Robinson,flat,100.0,100000.0,50000.0,1920,0,0.0,92000.0,92000.0,-8000.0
9918,Matthew Alexander,flat,100.0,100000.0,50000.0,1983,0,0.0,98300.0,98300.0,-1700.0
9919,Lyla Lane,flat,100.0,100000.0,50000.0,1926,0,0.0,92600.0,92600.0,-7400.0
9920,Matias Wolfe,flat,100.0,100000.0,50000.0,2005,0,0.0,100500.0,100500.0,500.0
9921,Hallie Booth,flat,100.0,100000.0,50000.0,2004,0,0.0,100400.0,100400.0,400.0
9922,Chaim Gray,flat,100.0,100000.0,50000.0,2016,0,0.0,101600.0,101600.0,1600.0
9923,Sarah Giles,flat,100.0,100000.0,50000.0,1938,0,0.0,93800.0,93800.0,-6200.0
9924,Kole Villalobos,flat,100.0,100000.0,50000.0,2010,0,0.0,101000.0,101000.0,1000.0
9925,Zoya Lynn,flat,100.0,100000.0,50000.0,1969,0,0.0,96900.0,96900.0,-3100.0
9926,Zechariah Alvarado,flat,100.0,100000.0,50000.0,1916,0,0.0,91600.0,91600.0,-8400.0
9927,Blake Cox,flat,100.0,100000.0,50000.0,1984,0,0.0,98400.0,98400.0,-1600.0
9928,Connor Martinez,flat,100.0,100000.0,50000.0,1992,0,0.0,99200.0,99200.0,-800.0
9929,Harper Waller,flat,100.0,100000.0,50000.0,1908,0,0.0,90800.0,90800.0,-9200.0
9930,Marley Dunn,flat,100.0,100000.0,50000.0,1898,0,0.0,89800.0,89800.0,-10200.0
9931,Olive Kramer,flat,100.0,100000.0,50000.0,1940,0,0.0,94000.0,94000.0,-6000.0
9932,Kylan Sexton,flat,100.0,100000.0,50000.0,1917,0,0.0,91700.0,91700.0,-8300.0
9933,Ellen Bautista,flat,100.0,100000.0,50000.0,1935,0,0.0,93500.0,93500.0,-6500.0
9934,Raul Wilkerson,flat,100.0,100000.0,50000.0,1863,0,0.0,86300.0,86300.0,-13700.0
9935,Janiyah Castro,flat,100.0,100000.0,50000.0,1943,0,0.0,94300.0,94300.0,-5700.0
9936,Jasper Herman,flat,100.0,100000.0,50000.0,2034,0,0.0,103400.0,103400.0,3400.0
9937,Paulina Golden,flat,100.0,100000.0,50000.0,1912,0,0.0,91200.0,91200.0,-8800.0
9938,Amias Dean,flat,100.0,100000.0,50000.0,1925,0,0.0,92500.0,92500.0,-7500.0
9939,Julianna Lester,flat,100.0,100000.0,50000.0,2084,0,0.0,108400.0,108400.0,8400.0
9940,Lee Beard,flat,100.0,100000.0,50000.0,1923,0,0.0,92300.0,92300.0,-7700.0
9941,Ezra Hartman,flat,100.0,100000.0,50000.0,1919,0,0.0,91900.0,91900.0,-8100.0
9942,Baker Contreras,flat,100.0,100000.0,50000.0,2010,0,0.0,101000.0,101000.0,1000.0
9943,Daniela Grimes,flat,100.0,100000.0,50000.0,1899,0,0.0,89900.0,89900.0,-10100.0
9944,Harlan Snyder,flat,100.0,100000.0,50000.0,1958,0,0.0,95800.0,95800.0,-4200.0
9945,Callie Graham,flat,100.0,100000.0,50000.0,1869,0,0.0,86900.0,86900.0,-13100.0
9946,Giovanni Berger,flat,100.0,100000.0,50000.0,1955,0,0.0,95500.0,95500.0,-4500.0
9947,Laylah Johnson,flat,100.0,100000.0,50000.0,2006,0,0.0,100600.0,100600.0,600.0
9948,Noah Stout,flat,100.0,100000.0,50000.0,2022,0,0.0,102200.0,102200.0,2200.0
9949,Chana Alvarado,flat,100.0,100000.0,50000.0,1942,0,0.0,94200.0,94200.0,-5800.0
9950,Andres Joseph,flat,100.0,100000.0,50000.0,1951,0,0.0,95100.0,95100.0,-4900.0
9951,Gracelynn McPherson,flat,100.0,100000.0,50000.0,1985,0,0.0,98500.0,98500.0,-1500.0
9952,Foster Cruz,flat,100.0,100000.0,50000.0,1942,0,0.0,94200.0,94200.0,-5800.0
9953,Claire Ahmed,flat,100.0,100000.0,50000.0,1931,0,0.0,93100.0,93100.0,-6900.0
9954,Harry Giles,flat,100.0,100000.0,50000.0,1987,0,0.0,98700.0,98700.0,-1300.0
9955,Bailee Delgado,flat,100.0,100000.0,50000.0,1974,0,0.0,97400.0,97400.0,-2600.0
9956,Colt Bennett,flat,100.0,100000.0,50000.0,1950,0,0.0,95000.0,95000.0,-5000.0
9957,Josephine Ray,flat,100.0,100000.0,50000.0,1899,0,0.0,89900.0,89900.0,-10100.0
9958,Arlo Morrow,flat,100.0,100000.0,50000.0,1982,0,0.0,98200.0,98200.0,-1800.0
9959,Reyna Barr,flat,100.0,100000.0,50000.0,1904,0,0.0,90400.0,90400.0,-9600.0
9960,Harley Leon,flat,100.0,100000.0,50000.0,1917,0,0.0,91700.0,91700.0,-8300.0
9961,Amora Kramer,flat,100.0,100000.0,50000.0,2035,0,0.0,103500.0,103500.0,3500.0
9962,Kylan Cohen,flat,100.0,100000.0,50000.0,1926,0,0.0,92600.0,92600.0,-7400.0
9963,Destiny Brooks,flat,100.0,100000.0,50000.0,1877,0,0.0,87700.0,87700.0,-12300.0
9964,Jordan Solomon,flat,100.0,100000.0,50000.0,1886,0,0.0,88600.0,88600.0,-11400.0
9965,Mylah Coffey,flat,100.0,100000.0,50000.0,1908,0,0.0,90800.0,90800.0,-9200.0
9966,Kody Velez,flat,100.0,100000.0,50000.0,1967,0,0.0,96700.0,96700.0,-3300.0
9967,Megan Flores,flat,100.0,100000.0,50000.0,1957,0,0.0,95700.0,95700.0,-4300.0
9968,Lincoln Cline,flat,100.0,100000.0,50000.0,1946,0,0.0,94600.0,94600.0,-5400.0
9969,Lina Nguyen,flat,100.0,100000.0,50000.0,1922,0,0.0,92200.0,92200.0,-7800.0
9970,Gabriel Lin,flat,100.0,100000.0,50000.0,1875,0,0.0,87500.0,87500.0,-12500.0
9971,Makenna Hensley,flat,100.0,100000.0,50000.0,1939,0,0.0,93900.0,93900.0,-6100.0
9972,Layne Cortez,flat,100.0,100000.0,50000.0,1907,0,0.0,90700.0,90700.0,-9300.0
9973,Haven Guerrero,flat,100.0,100000.0,50000.0,2013,0,0.0,101300.0,101300.0,1300.0
9974,Bryce Schroeder,flat,100.0,100000.0,50000.0,1904,0,0.0,90400.0,90400.0,-9600.0
9975,Cameron Davis,flat,100.0,100000.0,50000.0,1858,0,0.0,85800.0,85800.0,-14200.0
9976,Lucas Vu,flat,100.0,100000.0,50000.0,1985,0,0.0,98500.0,98500.0,-1500.0
9977,Kimora Espinoza,flat,100.0,100000.0,50000.0,2015,0,0.0,101500.0,101500.0,1500.0
9978,Dallas Gibson,flat,100.0,100000.0,50000.0,1979,0,0.0,97900.0,97900.0,-2100.0
9979,Eden Clark,flat,100.0,100000.0,50000.0,2006,0,0.0,100600.0,100600.0,600.0
9980,John Wilson,flat,100.0,100000.0,50000.0,1871,0,0.0,87100.0,87100.0,-12900.0
9981,Luna Benitez,flat,100.0,100000.0,50000.0,1915,0,0.0,91500.0,91500.0,-8500.0
9982,Justice Patton,flat,100.0,100000.0,50000.0,1951,0,0.0,95100.0,95100.0,-4900.0
9983,Lorelei Zamora,flat,100.0,100000.0,50000.0,1900,0,0.0,90000.0,90000.0,-10000.0
9984,Quentin Ryan,flat,100.0,100000.0,50000.0,1996,0,0.0,99600.0,99600.0,-400.0
9985,Morgan Cameron,flat,100.0,100000.0,50000.0,1955,0,0.0,95500.0,95500.0,-4500.0
9986,Rayan Washington,flat,100.0,100000.0,50000.0,1928,0,0.0,92800.0,92800.0,-7200.0
9987,Valerie Meyer,flat,100.0,100000.0,50000.0,1948,0,0.0,94800.0,94800.0,-5200.0
9988,Tristan Pineda,flat,100.0,100000.0,50000.0,1942,0,0.0,94200.0,94200.0,-5800.0
9989,Nola Ellison,flat,100.0,100000.0,50000.0,1959,0,0.0,95900.0,95900.0,-4100.0
9990,Kye Franco,flat,100.0,100000.0,50000.0,1943,0,0.0,94300.0,94300.0,-5700.0
9991,Charleigh Powers,flat,100.0,100000.0,50000.0,1963,0,0.0,96300.0,96300.0,-3700.0
9992,Sean Moses,flat,100.0,100000.0,50000.0,1946,0,0.0,94600.0,94600.0,-5400.0
9993,Karter Baldwin,flat,100.0,100000.0,50000.0,1907,0,0.0,90700.0,90700.0,-9300.0
9994,Jaiden Jordan,flat,100.0,100000.0,50000.0,2001,0,0.0,100100.0,100100.0,100.0
9995,Adalynn Rasmussen,flat,100.0,100000.0,50000.0,1918,0,0.0,91800.0,91800.0,-8200.0
9996,Will Carr,flat,100.0,100000.0,50000.0,1916,0,0.0,91600.0,91600.0,-8400.0
9997,Rowan Dougherty,flat,100.0,100000.0,50000.0,1987,0,0.0,98700.0,98700.0,-1300.0
9998,Brett Yang,flat,100.0,100000.0,50000.0,1988,0,0.0,98800.0,98800.0,-1200.0
9999,Angelina Miles,flat,100.0,100000.0,50000.0,1908,0,0.0,90800.0,90800.0,-9200.0
10000,Jared Marks,flat,100.0,100000.0,50000.0,1944,0,0.0,94400.0,94400.0,-5600.0
