bot_id,bot_name,strategy,base_bet,starting_pool,table_max,rounds_played,rounds_capped,final_playing_pool,final_winnings,final_total,net_profit
1,Ellie Brooks,paroli,100.0,100000.0,50000.0,1148,0,0.0,95000.0,95000.0,-5000.0
2,Jordan Payne,paroli,100.0,100000.0,50000.0,1152,0,0.0,97000.0,97000.0,-3000.0
3,London Holloway,paroli,100.0,100000.0,50000.0,1133,0,0.0,89200.0,89200.0,-10800.0
4,Sutton Sanders,paroli,100.0,100000.0,50000.0,1239,1,0.0,112500.0,112500.0,12500.0
5,Everleigh Dominguez,paroli,100.0,100000.0,50000.0,1108,0,0.0,86100.0,86100.0,-13900.0
6,Kaden Castaneda,paroli,100.0,100000.0,50000.0,1120,1,0.0,87800.0,87800.0,-12200.0
7,Keira Palacios,paroli,100.0,100000.0,50000.0,1152,1,0.0,95700.0,95700.0,-4300.0
8,Thaddeus Pratt,paroli,100.0,100000.0,50000.0,1137,0,0.0,88900.0,88900.0,-11100.0
9,Ailani Rogers,paroli,100.0,100000.0,50000.0,1148,1,0.0,99700.0,99700.0,-300.0
10,Colton Ramos,paroli,100.0,100000.0,50000.0,1130,0,0.0,92400.0,92400.0,-7600.0
11,Alice Hull,paroli,100.0,100000.0,50000.0,1207,1,0.0,108600.0,108600.0,8600.0
12,Salem Jenkins,paroli,100.0,100000.0,50000.0,1124,1,0.0,93000.0,93000.0,-7000.0
13,Rylee Farmer,paroli,100.0,100000.0,50000.0,1188,1,0.0,104300.0,104300.0,4300.0
14,Jamison Galvan,paroli,100.0,100000.0,50000.0,1181,1,0.0,100500.0,100500.0,500.0
15,Dallas Steele,paroli,100.0,100000.0,50000.0,1140,1,0.0,94300.0,94300.0,-5700.0
16,Elian Ortega,paroli,100.0,100000.0,50000.0,1192,0,0.0,104300.0,104300.0,4300.0
17,Lilah Lowery,paroli,100.0,100000.0,50000.0,1204,0,0.0,106200.0,106200.0,6200.0
18,Jaxxon Estrada,paroli,100.0,100000.0,50000.0,1129,1,0.0,90500.0,90500.0,-9500.0
19,Sawyer Morrison,paroli,100.0,100000.0,50000.0,1102,0,0.0,87000.0,87000.0,-13000.0
20,Maximus Wiggins,paroli,100.0,100000.0,50000.0,1112,0,0.0,90900.0,90900.0,-9100.0
21,Capri Dalton,paroli,100.0,100000.0,50000.0,1154,0,0.0,95600.0,95600.0,-4400.0
22,Fletcher Mann,paroli,100.0,100000.0,50000.0,1145,0,0.0,87000.0,87000.0,-13000.0
23,Paislee McGuire,paroli,100.0,100000.0,50000.0,1143,2,0.0,95000.0,95000.0,-5000.0
24,Casey Combs,paroli,100.0,100000.0,50000.0,1115,0,0.0,96100.0,96100.0,-3900.0
25,Irene Wagner,paroli,100.0,100000.0,50000.0,1137,0,0.0,99200.0,99200.0,-800.0
26,Enzo McFarland,paroli,100.0,100000.0,50000.0,1177,1,0.0,98000.0,98000.0,-2000.0
27,Annika Deleon,paroli,100.0,100000.0,50000.0,1202,1,0.0,105200.0,105200.0,5200.0
28,Nasir Pineda,paroli,100.0,100000.0,50000.0,1167,0,0.0,98600.0,98600.0,-1400.0
29,Nola Whitehead,paroli,100.0,100000.0,50000.0,1145,2,0.0,92300.0,92300.0,-7700.0
30,Zayd Hancock,paroli,100.0,100000.0,50000.0,1145,1,0.0,94300.0,94300.0,-5700.0
31,Katelyn Christian,paroli,100.0,100000.0,50000.0,1149,1,0.0,97300.0,97300.0,-2700.0
32,Ledger Solomon,paroli,100.0,100000.0,50000.0,1183,2,0.0,102600.0,102600.0,2600.0
33,Mylah Shelton,paroli,100.0,100000.0,50000.0,1120,1,0.0,87100.0,87100.0,-12900.0
34,Leonel Rosas,paroli,100.0,100000.0,50000.0,1138,2,0.0,91500.0,91500.0,-8500.0
35,Joelle Patel,paroli,100.0,100000.0,50000.0,1195,0,0.0,105900.0,105900.0,5900.0
36,Parker Black,paroli,100.0,100000.0,50000.0,1153,1,0.0,91700.0,91700.0,-8300.0
37,Molly Hobbs,paroli,100.0,100000.0,50000.0,1147,0,0.0,92500.0,92500.0,-7500.0
38,Brendan McCoy,paroli,100.0,100000.0,50000.0,1179,4,0.0,98900.0,98900.0,-1100.0
39,Mckenzie Chavez,paroli,100.0,100000.0,50000.0,1159,2,0.0,100300.0,100300.0,300.0
40,Ian Schmitt,paroli,100.0,100000.0,50000.0,1166,1,0.0,98000.0,98000.0,-2000.0
41,Queen Ho,paroli,100.0,100000.0,50000.0,1160,1,0.0,97100.0,97100.0,-2900.0
42,Morgan Orozco,paroli,100.0,100000.0,50000.0,1161,1,0.0,95300.0,95300.0,-4700.0
43,Renata Marin,paroli,100.0,100000.0,50000.0,1105,1,0.0,87300.0,87300.0,-12700.0
44,Aldo Turner,paroli,100.0,100000.0,50000.0,1132,1,0.0,90600.0,90600.0,-9400.0
45,Brooklyn Foster,paroli,100.0,100000.0,50000.0,1122,0,0.0,88300.0,88300.0,-11700.0
46,Kayden Ochoa,paroli,100.0,100000.0,50000.0,1155,2,0.0,98900.0,98900.0,-1100.0
47,Luciana Rush,paroli,100.0,100000.0,50000.0,1164,4,0.0,92400.0,92400.0,-7600.0
48,Kaiser Burton,paroli,100.0,100000.0,50000.0,1168,0,0.0,99400.0,99400.0,-600.0
49,Miriam Yoder,paroli,100.0,100000.0,50000.0,1179,0,0.0,103200.0,103200.0,3200.0
50,Johan Townsend,paroli,100.0,100000.0,50000.0,1158,0,0.0,92000.0,92000.0,-8000.0
51,Azalea York,paroli,100.0,100000.0,50000.0,1154,3,0.0,95900.0,95900.0,-4100.0
52,Leandro Snow,paroli,100.0,100000.0,50000.0,1118,0,0.0,91900.0,91900.0,-8100.0
53,Alexia Roberson,paroli,100.0,100000.0,50000.0,1161,2,0.0,98700.0,98700.0,-1300.0
54,Shepherd Lucero,paroli,100.0,100000.0,50000.0,1149,1,0.0,93600.0,93600.0,-6400.0
55,Ila Wade,paroli,100.0,100000.0,50000.0,1140,4,0.0,92300.0,92300.0,-7700.0
56,Jake Larsen,paroli,100.0,100000.0,50000.0,1141,2,0.0,88800.0,88800.0,-11200.0
57,Xiomara Hendrix,paroli,100.0,100000.0,50000.0,1111,1,0.0,85000.0,85000.0,-15000.0
58,Korbyn Fuentes,paroli,100.0,100000.0,50000.0,1115,0,0.0,85200.0,85200.0,-14800.0
59,Madeleine Burke,paroli,100.0,100000.0,50000.0,1199,0,0.0,103300.0,103300.0,3300.0
60,Jax Fernandez,paroli,100.0,100000.0,50000.0,1117,2,0.0,87800.0,87800.0,-12200.0
61,Amara Alexander,paroli,100.0,100000.0,50000.0,1141,1,0.0,92100.0,92100.0,-7900.0
62,Kingston Jordan,paroli,100.0,100000.0,50000.0,1163,0,0.0,100400.0,100400.0,400.0
63,Adalynn Magana,paroli,100.0,100000.0,50000.0,1175,0,0.0,104400.0,104400.0,4400.0
64,Rey Truong,paroli,100.0,100000.0,50000.0,1209,0,0.0,105000.0,105000.0,5000.0
65,Judith King,paroli,100.0,100000.0,50000.0,1066,6,0.0,77700.0,77700.0,-22300.0
66,Julian Stark,paroli,100.0,100000.0,50000.0,1103,0,0.0,84700.0,84700.0,-15300.0
67,Kamilah Bryan,paroli,100.0,100000.0,50000.0,1141,1,0.0,97100.0,97100.0,-2900.0
68,Jaxtyn Rodgers,paroli,100.0,100000.0,50000.0,1132,1,0.0,93700.0,93700.0,-6300.0
69,Selah Stone,paroli,100.0,100000.0,50000.0,1147,1,0.0,97300.0,97300.0,-2700.0
70,Finn Francis,paroli,100.0,100000.0,50000.0,1175,1,0.0,100100.0,100100.0,100.0
71,Daniella Dillon,paroli,100.0,100000.0,50000.0,1131,0,0.0,90300.0,90300.0,-9700.0
72,Alvin Nicholson,paroli,100.0,100000.0,50000.0,1153,1,0.0,91100.0,91100.0,-8900.0
73,Justice Richard,paroli,100.0,100000.0,50000.0,1159,2,0.0,95900.0,95900.0,-4100.0
74,Ahmed Manning,paroli,100.0,100000.0,50000.0,1181,0,0.0,103200.0,103200.0,3200.0
75,Jennifer Levy,paroli,100.0,100000.0,50000.0,1123,3,0.0,89300.0,89300.0,-10700.0
76,Harold Welch,paroli,100.0,100000.0,50000.0,1134,0,0.0,91600.0,91600.0,-8400.0
77,Amira Boyer,paroli,100.0,100000.0,50000.0,1234,1,0.0,110600.0,110600.0,10600.0
78,Zeke Fox,paroli,100.0,100000.0,50000.0,1196,0,0.0,104200.0,104200.0,4200.0
79,Juliette Spence,paroli,100.0,100000.0,50000.0,1136,0,0.0,94500.0,94500.0,-5500.0
80,Cillian Lamb,paroli,100.0,100000.0,50000.0,1160,1,0.0,98900.0,98900.0,-1100.0
81,Amaia Farrell,paroli,100.0,100000.0,50000.0,1163,1,0.0,95600.0,95600.0,-4400.0
82,Ty Hess,paroli,100.0,100000.0,50000.0,1125,0,0.0,84800.0,84800.0,-15200.0
83,Kaliyah Burke,paroli,100.0,100000.0,50000.0,1205,1,0.0,103800.0,103800.0,3800.0
84,Jax Huff,paroli,100.0,100000.0,50000.0,1156,1,0.0,97300.0,97300.0,-2700.0
85,Karsyn Dennis,paroli,100.0,100000.0,50000.0,1191,4,0.0,106000.0,106000.0,6000.0
86,Emanuel Howard,paroli,100.0,100000.0,50000.0,1141,1,0.0,91500.0,91500.0,-8500.0
87,Sophie Evans,paroli,100.0,100000.0,50000.0,1109,0,0.0,82500.0,82500.0,-17500.0
88,Elias Kerr,paroli,100.0,100000.0,50000.0,1203,1,0.0,103500.0,103500.0,3500.0
89,Baylee Carr,paroli,100.0,100000.0,50000.0,1132,1,0.0,89800.0,89800.0,-10200.0
90,Kash Rodgers,paroli,100.0,100000.0,50000.0,1188,0,0.0,108400.0,108400.0,8400.0
91,Selah Hogan,paroli,100.0,100000.0,50000.0,1162,0,0.0,100200.0,100200.0,200.0
92,Sonny Underwood,paroli,100.0,100000.0,50000.0,1109,0,0.0,94000.0,94000.0,-6000.0
93,Ensley Blankenship,paroli,100.0,100000.0,50000.0,1155,0,0.0,96100.0,96100.0,-3900.0
94,Ernesto Barrett,paroli,100.0,100000.0,50000.0,1159,2,0.0,96200.0,96200.0,-3800.0
95,Kendall Johns,paroli,100.0,100000.0,50000.0,1140,0,0.0,94000.0,94000.0,-6000.0
96,Joziah Simon,paroli,100.0,100000.0,50000.0,1141,0,0.0,90700.0,90700.0,-9300.0
97,Kalani Mullen,paroli,100.0,100000.0,50000.0,1148,4,0.0,90400.0,90400.0,-9600.0
98,Shepard Lang,paroli,100.0,100000.0,50000.0,1168,1,0.0,99500.0,99500.0,-500.0
99,Amirah Velazquez,paroli,100.0,100000.0,50000.0,1181,1,0.0,102600.0,102600.0,2600.0
100,Drew McPherson,paroli,100.0,100000.0,50000.0,1128,1,0.0,95800.0,95800.0,-4200.0
101,Emmaline Andrade,paroli,100.0,100000.0,50000.0,1137,0,0.0,92600.0,92600.0,-7400.0
102,Abdiel Fowler,paroli,100.0,100000.0,50000.0,1191,0,0.0,106300.0,106300.0,6300.0
103,Lennon Vega,paroli,100.0,100000.0,50000.0,1188,1,0.0,103800.0,103800.0,3800.0
104,Aidan Lynn,paroli,100.0,100000.0,50000.0,1119,0,0.0,85600.0,85600.0,-14400.0
105,Samira Carson,paroli,100.0,100000.0,50000.0,1156,0,0.0,95600.0,95600.0,-4400.0
106,Ares Hudson,paroli,100.0,100000.0,50000.0,1187,0,0.0,96500.0,96500.0,-3500.0
107,Kamila Frost,paroli,100.0,100000.0,50000.0,1180,1,0.0,100400.0,100400.0,400.0
108,Dario Berger,paroli,100.0,100000.0,50000.0,1137,0,0.0,96400.0,96400.0,-3600.0
109,Laylah Berry,paroli,100.0,100000.0,50000.0,1180,4,0.0,101400.0,101400.0,1400.0
110,Adonis Marquez,paroli,100.0,100000.0,50000.0,1130,0,0.0,92900.0,92900.0,-7100.0
111,Milani Lucero,paroli,100.0,100000.0,50000.0,1119,1,0.0,91000.0,91000.0,-9000.0
112,Felipe Holt,paroli,100.0,100000.0,50000.0,1122,0,0.0,90700.0,90700.0,-9300.0
113,Adelynn Yoder,paroli,100.0,100000.0,50000.0,1149,1,0.0,96300.0,96300.0,-3700.0
114,Johan Briggs,paroli,100.0,100000.0,50000.0,1174,0,0.0,94800.0,94800.0,-5200.0
115,Alia Campos,paroli,100.0,100000.0,50000.0,1099,0,0.0,84000.0,84000.0,-16000.0
116,Gideon Simmons,paroli,100.0,100000.0,50000.0,1138,1,0.0,93600.0,93600.0,-6400.0
117,Reagan Palacios,paroli,100.0,100000.0,50000.0,1173,1,0.0,101200.0,101200.0,1200.0
118,Thaddeus Melton,paroli,100.0,100000.0,50000.0,1139,0,0.0,87200.0,87200.0,-12800.0
119,Kamiyah Harrington,paroli,100.0,100000.0,50000.0,1176,0,0.0,99100.0,99100.0,-900.0
120,Omari Avalos,paroli,100.0,100000.0,50000.0,1185,0,0.0,101400.0,101400.0,1400.0
121,Paloma O’Connor,paroli,100.0,100000.0,50000.0,1140,2,0.0,95100.0,95100.0,-4900.0
122,Princeton Wu,paroli,100.0,100000.0,50000.0,1140,0,0.0,94000.0,94000.0,-6000.0
123,Liana Rios,paroli,100.0,100000.0,50000.0,1163,1,0.0,93500.0,93500.0,-6500.0
124,Israel Skinner,paroli,100.0,100000.0,50000.0,1153,0,0.0,96300.0,96300.0,-3700.0
125,Mara Hobbs,paroli,100.0,100000.0,50000.0,1139,0,0.0,95200.0,95200.0,-4800.0
126,Brendan Huff,paroli,100.0,100000.0,50000.0,1120,0,0.0,89500.0,89500.0,-10500.0
127,Karsyn Ho,paroli,100.0,100000.0,50000.0,1136,2,0.0,92500.0,92500.0,-7500.0
128,Morgan Best,paroli,100.0,100000.0,50000.0,1116,1,0.0,84500.0,84500.0,-15500.0
129,Lexie Daugherty,paroli,100.0,100000.0,50000.0,1152,0,0.0,95700.0,95700.0,-4300.0
130,Turner Miles,paroli,100.0,100000.0,50000.0,1188,0,0.0,103900.0,103900.0,3900.0
131,Alessandra Benjamin,paroli,100.0,100000.0,50000.0,1174,4,0.0,100800.0,100800.0,800.0
132,Kyro Stuart,paroli,100.0,100000.0,50000.0,1137,0,0.0,96400.0,96400.0,-3600.0
133,Stormi Cooper,paroli,100.0,100000.0,50000.0,1157,1,0.0,95400.0,95400.0,-4600.0
134,Jonathan Shelton,paroli,100.0,100000.0,50000.0,1165,0,0.0,97000.0,97000.0,-3000.0
135,Makenzie Arroyo,paroli,100.0,100000.0,50000.0,1184,0,0.0,101000.0,101000.0,1000.0
136,Alberto Abbott,paroli,100.0,100000.0,50000.0,1124,1,0.0,89800.0,89800.0,-10200.0
137,Melany Lim,paroli,100.0,100000.0,50000.0,1138,2,0.0,87500.0,87500.0,-12500.0
138,Cal Gordon,paroli,100.0,100000.0,50000.0,1143,0,0.0,90200.0,90200.0,-9800.0
139,Taylor Schwartz,paroli,100.0,100000.0,50000.0,1153,2,0.0,94400.0,94400.0,-5600.0
140,Edwin McMillan,paroli,100.0,100000.0,50000.0,1145,0,0.0,94800.0,94800.0,-5200.0
141,Oakleigh Gallagher,paroli,100.0,100000.0,50000.0,1107,1,0.0,87200.0,87200.0,-12800.0
142,Marcos Wu,paroli,100.0,100000.0,50000.0,1168,0,0.0,99300.0,99300.0,-700.0
143,Liana Best,paroli,100.0,100000.0,50000.0,1162,0,0.0,102100.0,102100.0,2100.0
144,Harlem Whitney,paroli,100.0,100000.0,50000.0,1157,3,0.0,97900.0,97900.0,-2100.0
145,Madalynn Stone,paroli,100.0,100000.0,50000.0,1147,1,0.0,96700.0,96700.0,-3300.0
146,Finn Howard,paroli,100.0,100000.0,50000.0,1169,0,0.0,101800.0,101800.0,1800.0
147,Sophie Terry,paroli,100.0,100000.0,50000.0,1146,0,0.0,92200.0,92200.0,-7800.0
148,Armani Simpson,paroli,100.0,100000.0,50000.0,1159,0,0.0,98000.0,98000.0,-2000.0
149,Anastasia Valencia,paroli,100.0,100000.0,50000.0,1129,1,0.0,88400.0,88400.0,-11600.0
150,Dax Truong,paroli,100.0,100000.0,50000.0,1156,3,0.0,92900.0,92900.0,-7100.0
151,Judith Smith,paroli,100.0,100000.0,50000.0,1129,3,0.0,90600.0,90600.0,-9400.0
152,Liam Riley,paroli,100.0,100000.0,50000.0,1149,1,0.0,90400.0,90400.0,-9600.0
153,Kayla Patel,paroli,100.0,100000.0,50000.0,1107,1,0.0,86500.0,86500.0,-13500.0
154,Parker Santiago,paroli,100.0,100000.0,50000.0,1229,2,0.0,109000.0,109000.0,9000.0
155,Nyla Hall,paroli,100.0,100000.0,50000.0,1207,1,0.0,106800.0,106800.0,6800.0
156,Thomas Hendrix,paroli,100.0,100000.0,50000.0,1144,0,0.0,93800.0,93800.0,-6200.0
157,Zhuri Greer,paroli,100.0,100000.0,50000.0,1133,1,0.0,89500.0,89500.0,-10500.0
158,Koda English,paroli,100.0,100000.0,50000.0,1188,0,0.0,99900.0,99900.0,-100.0
159,Kelly Leonard,paroli,100.0,100000.0,50000.0,1126,1,0.0,94800.0,94800.0,-5200.0
160,Ricardo Cannon,paroli,100.0,100000.0,50000.0,1158,2,0.0,97800.0,97800.0,-2200.0
161,Noa McCann,paroli,100.0,100000.0,50000.0,1160,0,0.0,101800.0,101800.0,1800.0
162,Heath Alvarado,paroli,100.0,100000.0,50000.0,1157,0,0.0,98800.0,98800.0,-1200.0
163,Blake Kerr,paroli,100.0,100000.0,50000.0,1166,1,0.0,98300.0,98300.0,-1700.0
164,Louie O’Neal,paroli,100.0,100000.0,50000.0,1092,0,0.0,80900.0,80900.0,-19100.0
165,Treasure Zamora,paroli,100.0,100000.0,50000.0,1157,1,0.0,99000.0,99000.0,-1000.0
166,Quentin Ray,paroli,100.0,100000.0,50000.0,1194,0,0.0,105800.0,105800.0,5800.0
167,Ruth Alfaro,paroli,100.0,100000.0,50000.0,1178,4,0.0,92300.0,92300.0,-7700.0
168,Xzavier Barrera,paroli,100.0,100000.0,50000.0,1095,1,0.0,79400.0,79400.0,-20600.0
169,Beatrice Sexton,paroli,100.0,100000.0,50000.0,1198,0,0.0,107100.0,107100.0,7100.0
170,Mylo Walton,paroli,100.0,100000.0,50000.0,1146,0,0.0,97900.0,97900.0,-2100.0
171,Scarlet O’Donnell,paroli,100.0,100000.0,50000.0,1096,0,0.0,86700.0,86700.0,-13300.0
172,Lian Lowe,paroli,100.0,100000.0,50000.0,1191,0,0.0,106600.0,106600.0,6600.0
173,Amari Wyatt,paroli,100.0,100000.0,50000.0,1129,1,0.0,91200.0,91200.0,-8800.0
174,Sam Hampton,paroli,100.0,100000.0,50000.0,1124,0,0.0,91600.0,91600.0,-8400.0
175,Leona Reese,paroli,100.0,100000.0,50000.0,1196,0,0.0,104800.0,104800.0,4800.0
176,Alijah Parra,paroli,100.0,100000.0,50000.0,1198,0,0.0,101700.0,101700.0,1700.0
177,Dalary Lawrence,paroli,100.0,100000.0,50000.0,1112,0,0.0,88300.0,88300.0,-11700.0
178,Kaleb Conrad,paroli,100.0,100000.0,50000.0,1210,0,0.0,103600.0,103600.0,3600.0
179,Bexley Gonzales,paroli,100.0,100000.0,50000.0,1151,0,0.0,91500.0,91500.0,-8500.0
180,Brayden Bentley,paroli,100.0,100000.0,50000.0,1106,0,0.0,89800.0,89800.0,-10200.0
181,Jaylin Maldonado,paroli,100.0,100000.0,50000.0,1156,1,0.0,95200.0,95200.0,-4800.0
182,Javier Ellison,paroli,100.0,100000.0,50000.0,1145,0,0.0,95000.0,95000.0,-5000.0
183,Raina Greene,paroli,100.0,100000.0,50000.0,1135,0,0.0,91400.0,91400.0,-8600.0
184,Griffin Robbins,paroli,100.0,100000.0,50000.0,1142,1,0.0,91300.0,91300.0,-8700.0
185,Stevie McCall,paroli,100.0,100000.0,50000.0,1155,1,0.0,92600.0,92600.0,-7400.0
186,Kiaan Kelly,paroli,100.0,100000.0,50000.0,1137,1,0.0,86900.0,86900.0,-13100.0
187,Ruby McDowell,paroli,100.0,100000.0,50000.0,1114,1,0.0,88200.0,88200.0,-11800.0
188,Lachlan Callahan,paroli,100.0,100000.0,50000.0,1132,2,0.0,92100.0,92100.0,-7900.0
189,Kimber Vu,paroli,100.0,100000.0,50000.0,1130,2,0.0,90900.0,90900.0,-9100.0
190,Kamdyn Barton,paroli,100.0,100000.0,50000.0,1162,1,0.0,96500.0,96500.0,-3500.0
191,Danna Lloyd,paroli,100.0,100000.0,50000.0,1091,0,0.0,80000.0,80000.0,-20000.0
192,Zaire Cook,paroli,100.0,100000.0,50000.0,1135,1,0.0,92900.0,92900.0,-7100.0
193,Aaliyah Brewer,paroli,100.0,100000.0,50000.0,1156,0,0.0,97800.0,97800.0,-2200.0
194,Cruz Woodard,paroli,100.0,100000.0,50000.0,1201,3,0.0,106200.0,106200.0,6200.0
195,Aubrie Barr,paroli,100.0,100000.0,50000.0,1136,0,0.0,93400.0,93400.0,-6600.0
196,Harley O’Connor,paroli,100.0,100000.0,50000.0,1154,1,0.0,94400.0,94400.0,-5600.0
197,Charli Tucker,paroli,100.0,100000.0,50000.0,1120,0,0.0,88400.0,88400.0,-11600.0
198,Ivan Benton,paroli,100.0,100000.0,50000.0,1140,1,0.0,96000.0,96000.0,-4000.0
199,Anais Ortiz,paroli,100.0,100000.0,50000.0,1169,1,0.0,95600.0,95600.0,-4400.0
200,Landon Shields,paroli,100.0,100000.0,50000.0,1116,1,0.0,88700.0,88700.0,-11300.0
201,Analia Marshall,paroli,100.0,100000.0,50000.0,1119,1,0.0,92000.0,92000.0,-8000.0
202,Kaiden Lucas,paroli,100.0,100000.0,50000.0,1124,2,0.0,88300.0,88300.0,-11700.0
203,Phoenix King,paroli,100.0,100000.0,50000.0,1176,0,0.0,96900.0,96900.0,-3100.0
204,Julian Foley,paroli,100.0,100000.0,50000.0,1131,2,0.0,90900.0,90900.0,-9100.0
205,Zaylee Leach,paroli,100.0,100000.0,50000.0,1124,1,0.0,87400.0,87400.0,-12600.0
206,Westin Mathis,paroli,100.0,100000.0,50000.0,1109,0,0.0,86300.0,86300.0,-13700.0
207,Anne Walker,paroli,100.0,100000.0,50000.0,1151,0,0.0,97300.0,97300.0,-2700.0
208,Luke Cervantes,paroli,100.0,100000.0,50000.0,1196,0,0.0,103100.0,103100.0,3100.0
209,Aylin Villalobos,paroli,100.0,100000.0,50000.0,1129,1,0.0,92700.0,92700.0,-7300.0
210,Reuben Mendez,paroli,100.0,100000.0,50000.0,1200,0,0.0,103500.0,103500.0,3500.0
211,Londyn Galindo,paroli,100.0,100000.0,50000.0,1123,0,0.0,86300.0,86300.0,-13700.0
212,Salvatore Phelps,paroli,100.0,100000.0,50000.0,1138,2,0.0,92300.0,92300.0,-7700.0
213,Laney Jacobs,paroli,100.0,100000.0,50000.0,1144,2,0.0,96500.0,96500.0,-3500.0
214,Bryan Jensen,paroli,100.0,100000.0,50000.0,1073,1,0.0,78400.0,78400.0,-21600.0
215,Jane Conley,paroli,100.0,100000.0,50000.0,1189,0,0.0,104300.0,104300.0,4300.0
216,Marvin Gordon,paroli,100.0,100000.0,50000.0,1172,1,0.0,100200.0,100200.0,200.0
217,Taylor Huff,paroli,100.0,100000.0,50000.0,1128,2,0.0,88700.0,88700.0,-11300.0
218,Finnley Cano,paroli,100.0,100000.0,50000.0,1105,0,0.0,84200.0,84200.0,-15800.0
219,Egypt Travis,paroli,100.0,100000.0,50000.0,1138,0,0.0,84500.0,84500.0,-15500.0
220,Willie Gilbert,paroli,100.0,100000.0,50000.0,1133,1,0.0,92500.0,92500.0,-7500.0
221,Jocelyn Gibbs,paroli,100.0,100000.0,50000.0,1175,2,0.0,101300.0,101300.0,1300.0
222,Deacon Felix,paroli,100.0,100000.0,50000.0,1170,0,0.0,100500.0,100500.0,500.0
223,Paisleigh Stone,paroli,100.0,100000.0,50000.0,1187,0,0.0,98500.0,98500.0,-1500.0
224,Finn Mann,paroli,100.0,100000.0,50000.0,1171,0,0.0,100000.0,100000.0,0.0
225,Paislee Mendez,paroli,100.0,100000.0,50000.0,1103,0,0.0,88500.0,88500.0,-11500.0
226,Arthur Avalos,paroli,100.0,100000.0,50000.0,1104,2,0.0,85600.0,85600.0,-14400.0
227,Paloma Carroll,paroli,100.0,100000.0,50000.0,1151,1,0.0,90600.0,90600.0,-9400.0
228,Oscar Hughes,paroli,100.0,100000.0,50000.0,1114,1,0.0,87300.0,87300.0,-12700.0
229,Samantha Munoz,paroli,100.0,100000.0,50000.0,1181,0,0.0,98500.0,98500.0,-1500.0
230,Justin Bonilla,paroli,100.0,100000.0,50000.0,1117,1,0.0,82600.0,82600.0,-17400.0
231,Romina Lozano,paroli,100.0,100000.0,50000.0,1183,0,0.0,101000.0,101000.0,1000.0
232,Boone Cardenas,paroli,100.0,100000.0,50000.0,1142,0,0.0,94300.0,94300.0,-5700.0
233,Raven Hobbs,paroli,100.0,100000.0,50000.0,1118,0,0.0,89200.0,89200.0,-10800.0
234,Brendan Lopez,paroli,100.0,100000.0,50000.0,1150,0,0.0,92000.0,92000.0,-8000.0
235,Gianna Gaines,paroli,100.0,100000.0,50000.0,1117,0,0.0,87200.0,87200.0,-12800.0
236,Talon Shannon,paroli,100.0,100000.0,50000.0,1138,1,0.0,91700.0,91700.0,-8300.0
237,Harlee Pena,paroli,100.0,100000.0,50000.0,1107,0,0.0,82500.0,82500.0,-17500.0
238,Marcus Stuart,paroli,100.0,100000.0,50000.0,1143,0,0.0,98300.0,98300.0,-1700.0
239,Stormi Pope,paroli,100.0,100000.0,50000.0,1151,2,0.0,96300.0,96300.0,-3700.0
240,Gunnar Figueroa,paroli,100.0,100000.0,50000.0,1131,0,0.0,90000.0,90000.0,-10000.0
241,Lilith Cantu,paroli,100.0,100000.0,50000.0,1138,1,0.0,92500.0,92500.0,-7500.0
242,Anakin Daniel,paroli,100.0,100000.0,50000.0,1144,0,0.0,93100.0,93100.0,-6900.0
243,Joy Lawrence,paroli,100.0,100000.0,50000.0,1178,3,0.0,99000.0,99000.0,-1000.0
244,Kaleb Lowe,paroli,100.0,100000.0,50000.0,1202,2,0.0,103200.0,103200.0,3200.0
245,Amari Frost,paroli,100.0,100000.0,50000.0,1181,3,0.0,96800.0,96800.0,-3200.0
246,Dario Ashley,paroli,100.0,100000.0,50000.0,1253,0,0.0,117700.0,117700.0,17700.0
247,Khalani Hammond,paroli,100.0,100000.0,50000.0,1136,0,0.0,98000.0,98000.0,-2000.0
248,Francis Fitzpatrick,paroli,100.0,100000.0,50000.0,1130,0,0.0,91400.0,91400.0,-8600.0
249,Annabella Sharp,paroli,100.0,100000.0,50000.0,1137,1,0.0,92000.0,92000.0,-8000.0
250,Royce Berry,paroli,100.0,100000.0,50000.0,1125,1,0.0,88600.0,88600.0,-11400.0
251,Annabelle Shelton,paroli,100.0,100000.0,50000.0,1132,1,0.0,93400.0,93400.0,-6600.0
252,Leonel Rasmussen,paroli,100.0,100000.0,50000.0,1122,1,0.0,86600.0,86600.0,-13400.0
253,Esperanza Lara,paroli,100.0,100000.0,50000.0,1152,1,0.0,90700.0,90700.0,-9300.0
254,Caiden Tucker,paroli,100.0,100000.0,50000.0,1133,1,0.0,87900.0,87900.0,-12100.0
255,Esther Crosby,paroli,100.0,100000.0,50000.0,1191,0,0.0,100100.0,100100.0,100.0
256,Tristen Roy,paroli,100.0,100000.0,50000.0,1135,0,0.0,93900.0,93900.0,-6100.0
257,Savanna Stone,paroli,100.0,100000.0,50000.0,1169,0,0.0,94800.0,94800.0,-5200.0
258,Finn Spears,paroli,100.0,100000.0,50000.0,1114,0,0.0,88400.0,88400.0,-11600.0
259,Isabela Garcia,paroli,100.0,100000.0,50000.0,1149,2,0.0,91900.0,91900.0,-8100.0
260,James Arellano,paroli,100.0,100000.0,50000.0,1099,1,0.0,86500.0,86500.0,-13500.0
261,Faye Daugherty,paroli,100.0,100000.0,50000.0,1190,0,0.0,103000.0,103000.0,3000.0
262,Turner Gomez,paroli,100.0,100000.0,50000.0,1140,0,0.0,97100.0,97100.0,-2900.0
263,Natalie Phelps,paroli,100.0,100000.0,50000.0,1136,0,0.0,93300.0,93300.0,-6700.0
264,Hamza Hendrix,paroli,100.0,100000.0,50000.0,1151,2,0.0,95900.0,95900.0,-4100.0
265,Zhuri Gallagher,paroli,100.0,100000.0,50000.0,1100,0,0.0,87300.0,87300.0,-12700.0
266,Marcos Dixon,paroli,100.0,100000.0,50000.0,1138,0,0.0,87000.0,87000.0,-13000.0
267,Blakely Kent,paroli,100.0,100000.0,50000.0,1113,0,0.0,90900.0,90900.0,-9100.0
268,Mekhi Cain,paroli,100.0,100000.0,50000.0,1150,0,0.0,99800.0,99800.0,-200.0
269,Kendra David,paroli,100.0,100000.0,50000.0,1173,0,0.0,92200.0,92200.0,-7800.0
270,Alonso Patel,paroli,100.0,100000.0,50000.0,1198,2,0.0,107100.0,107100.0,7100.0
271,Madeline Salgado,paroli,100.0,100000.0,50000.0,1095,1,0.0,84200.0,84200.0,-15800.0
272,Trace Douglas,paroli,100.0,100000.0,50000.0,1120,0,0.0,92100.0,92100.0,-7900.0
273,Aniyah Weber,paroli,100.0,100000.0,50000.0,1139,0,0.0,95700.0,95700.0,-4300.0
274,Crew Mayer,paroli,100.0,100000.0,50000.0,1212,0,0.0,108600.0,108600.0,8600.0
275,Ainhoa Glenn,paroli,100.0,100000.0,50000.0,1143,0,0.0,96800.0,96800.0,-3200.0
276,Zaid Morrow,paroli,100.0,100000.0,50000.0,1206,0,0.0,104900.0,104900.0,4900.0
277,Reyna Stewart,paroli,100.0,100000.0,50000.0,1129,0,0.0,88600.0,88600.0,-11400.0
278,Nolan Frazier,paroli,100.0,100000.0,50000.0,1119,1,0.0,87700.0,87700.0,-12300.0
279,Octavia O’Connor,paroli,100.0,100000.0,50000.0,1129,1,0.0,95400.0,95400.0,-4600.0
280,Princeton Camacho,paroli,100.0,100000.0,50000.0,1122,1,0.0,83200.0,83200.0,-16800.0
281,Armani Portillo,paroli,100.0,100000.0,50000.0,1158,0,0.0,90800.0,90800.0,-9200.0
282,Wallace Pruitt,paroli,100.0,100000.0,50000.0,1098,1,0.0,83400.0,83400.0,-16600.0
283,Brylee Robbins,paroli,100.0,100000.0,50000.0,1162,0,0.0,94000.0,94000.0,-6000.0
284,Finnegan Collier,paroli,100.0,100000.0,50000.0,1092,0,0.0,80100.0,80100.0,-19900.0
285,Ivory Fuentes,paroli,100.0,100000.0,50000.0,1134,0,0.0,91500.0,91500.0,-8500.0
286,Bowen McLean,paroli,100.0,100000.0,50000.0,1076,0,0.0,82900.0,82900.0,-17100.0
287,Sky Todd,paroli,100.0,100000.0,50000.0,1125,0,0.0,92700.0,92700.0,-7300.0
288,Baylor Fields,paroli,100.0,100000.0,50000.0,1151,0,0.0,93000.0,93000.0,-7000.0
289,Annie Moyer,paroli,100.0,100000.0,50000.0,1137,0,0.0,91200.0,91200.0,-8800.0
290,Ahmir Shelton,paroli,100.0,100000.0,50000.0,1159,0,0.0,95600.0,95600.0,-4400.0
291,Makenzie Flores,paroli,100.0,100000.0,50000.0,1153,3,0.0,96500.0,96500.0,-3500.0
292,Lincoln Crosby,paroli,100.0,100000.0,50000.0,1088,0,0.0,82300.0,82300.0,-17700.0
293,Keily Reyna,paroli,100.0,100000.0,50000.0,1137,1,0.0,90700.0,90700.0,-9300.0
294,Reginald Espinosa,paroli,100.0,100000.0,50000.0,1142,0,0.0,97200.0,97200.0,-2800.0
295,Braylee Hayes,paroli,100.0,100000.0,50000.0,1085,0,0.0,81700.0,81700.0,-18300.0
296,Legend Snyder,paroli,100.0,100000.0,50000.0,1159,1,0.0,95100.0,95100.0,-4900.0
297,Callie Solis,paroli,100.0,100000.0,50000.0,1133,3,0.0,91700.0,91700.0,-8300.0
298,Ronin Howell,paroli,100.0,100000.0,50000.0,1136,2,0.0,93700.0,93700.0,-6300.0
299,Mckenna Beil,paroli,100.0,100000.0,50000.0,1162,0,0.0,98800.0,98800.0,-1200.0
300,Ariel Correa,paroli,100.0,100000.0,50000.0,1204,0,0.0,102100.0,102100.0,2100.0
301,Valery Buchanan,paroli,100.0,100000.0,50000.0,1176,1,0.0,100300.0,100300.0,300.0
302,Enrique Guerrero,paroli,100.0,100000.0,50000.0,1221,1,0.0,104500.0,104500.0,4500.0
303,Margot Glass,paroli,100.0,100000.0,50000.0,1231,1,0.0,110200.0,110200.0,10200.0
304,Allan Horton,paroli,100.0,100000.0,50000.0,1126,1,0.0,88500.0,88500.0,-11500.0
305,Aitana Flowers,paroli,100.0,100000.0,50000.0,1149,0,0.0,95300.0,95300.0,-4700.0
306,Saul Ramsey,paroli,100.0,100000.0,50000.0,1103,0,0.0,82100.0,82100.0,-17900.0
307,Lyric Zavala,paroli,100.0,100000.0,50000.0,1172,3,0.0,95800.0,95800.0,-4200.0
308,Dillon Lara,paroli,100.0,100000.0,50000.0,1166,1,0.0,98800.0,98800.0,-1200.0
309,Heidi Benson,paroli,100.0,100000.0,50000.0,1129,2,0.0,94900.0,94900.0,-5100.0
310,Desmond Todd,paroli,100.0,100000.0,50000.0,1130,0,0.0,91300.0,91300.0,-8700.0
311,Zariah Delacruz,paroli,100.0,100000.0,50000.0,1156,0,0.0,94400.0,94400.0,-5600.0
312,Memphis Trujillo,paroli,100.0,100000.0,50000.0,1121,0,0.0,87900.0,87900.0,-12100.0
313,Danielle Eaton,paroli,100.0,100000.0,50000.0,1168,1,0.0,93800.0,93800.0,-6200.0
314,Leighton Mathis,paroli,100.0,100000.0,50000.0,1110,2,0.0,84800.0,84800.0,-15200.0
315,Anne Collier,paroli,100.0,100000.0,50000.0,1190,1,0.0,100500.0,100500.0,500.0
316,Edison Pruitt,paroli,100.0,100000.0,50000.0,1162,0,0.0,95400.0,95400.0,-4600.0
317,Brylee Moses,paroli,100.0,100000.0,50000.0,1099,0,0.0,88800.0,88800.0,-11200.0
318,Niklaus Tyler,paroli,100.0,100000.0,50000.0,1148,1,0.0,92700.0,92700.0,-7300.0
319,Helena Ellison,paroli,100.0,100000.0,50000.0,1139,1,0.0,95400.0,95400.0,-4600.0
320,Kye Jensen,paroli,100.0,100000.0,50000.0,1144,0,0.0,90900.0,90900.0,-9100.0
321,Jane Benjamin,paroli,100.0,100000.0,50000.0,1215,1,0.0,105400.0,105400.0,5400.0
322,Kyro Abbott,paroli,100.0,100000.0,50000.0,1096,0,0.0,82300.0,82300.0,-17700.0
323,Melany Donaldson,paroli,100.0,100000.0,50000.0,1207,1,0.0,106600.0,106600.0,6600.0
324,Canaan Stanley,paroli,100.0,100000.0,50000.0,1115,0,0.0,93100.0,93100.0,-6900.0
325,Gracelyn Berger,paroli,100.0,100000.0,50000.0,1107,1,0.0,86900.0,86900.0,-13100.0
326,Byron Liu,paroli,100.0,100000.0,50000.0,1180,0,0.0,98200.0,98200.0,-1800.0
327,Kate Newton,paroli,100.0,100000.0,50000.0,1183,1,0.0,97700.0,97700.0,-2300.0
328,Santino McCann,paroli,100.0,100000.0,50000.0,1110,2,0.0,83800.0,83800.0,-16200.0
329,Joyce Anderson,paroli,100.0,100000.0,50000.0,1134,0,0.0,93000.0,93000.0,-7000.0
330,Jacob Glass,paroli,100.0,100000.0,50000.0,1121,0,0.0,90000.0,90000.0,-10000.0
331,Clare Warner,paroli,100.0,100000.0,50000.0,1154,0,0.0,92600.0,92600.0,-7400.0
332,Jaxton Fletcher,paroli,100.0,100000.0,50000.0,1195,1,0.0,104400.0,104400.0,4400.0
333,Anaya Schneider,paroli,100.0,100000.0,50000.0,1102,0,0.0,85100.0,85100.0,-14900.0
334,Raymond Hicks,paroli,100.0,100000.0,50000.0,1166,0,0.0,99500.0,99500.0,-500.0
335,Alina Herrera,paroli,100.0,100000.0,50000.0,1151,1,0.0,93800.0,93800.0,-6200.0
336,River Torres,paroli,100.0,100000.0,50000.0,1178,3,0.0,99700.0,99700.0,-300.0
337,Violet Gill,paroli,100.0,100000.0,50000.0,1125,1,0.0,88900.0,88900.0,-11100.0
338,Matthias Campbell,paroli,100.0,100000.0,50000.0,1141,0,0.0,90600.0,90600.0,-9400.0
339,Addison Frost,paroli,100.0,100000.0,50000.0,1219,1,0.0,109000.0,109000.0,9000.0
340,Dario Foley,paroli,100.0,100000.0,50000.0,1091,0,0.0,82100.0,82100.0,-17900.0
341,Zaylee Daniels,paroli,100.0,100000.0,50000.0,1192,2,0.0,103600.0,103600.0,3600.0
342,Xander Rosario,paroli,100.0,100000.0,50000.0,1137,1,0.0,93400.0,93400.0,-6600.0
343,Louisa Ayala,paroli,100.0,100000.0,50000.0,1172,1,0.0,95000.0,95000.0,-5000.0
344,Tanner Underwood,paroli,100.0,100000.0,50000.0,1214,1,0.0,107800.0,107800.0,7800.0
345,Ensley Melton,paroli,100.0,100000.0,50000.0,1182,1,0.0,101900.0,101900.0,1900.0
346,Lennon Espinoza,paroli,100.0,100000.0,50000.0,1183,0,0.0,104300.0,104300.0,4300.0
347,Lucille Duke,paroli,100.0,100000.0,50000.0,1165,0,0.0,95700.0,95700.0,-4300.0
348,Kalel Hudson,paroli,100.0,100000.0,50000.0,1168,2,0.0,98200.0,98200.0,-1800.0
349,Kamila Prince,paroli,100.0,100000.0,50000.0,1163,0,0.0,101100.0,101100.0,1100.0
350,Aron Petersen,paroli,100.0,100000.0,50000.0,1180,1,0.0,99800.0,99800.0,-200.0
351,Fernanda Jacobson,paroli,100.0,100000.0,50000.0,1180,0,0.0,102800.0,102800.0,2800.0
352,Legacy Pearson,paroli,100.0,100000.0,50000.0,1137,1,0.0,87500.0,87500.0,-12500.0
353,Kiara Pugh,paroli,100.0,100000.0,50000.0,1116,0,0.0,84600.0,84600.0,-15400.0
354,Judson Ali,paroli,100.0,100000.0,50000.0,1208,0,0.0,106100.0,106100.0,6100.0
355,Zelda Adkins,paroli,100.0,100000.0,50000.0,1130,0,0.0,89800.0,89800.0,-10200.0
356,Kylo Turner,paroli,100.0,100000.0,50000.0,1170,1,0.0,96600.0,96600.0,-3400.0
357,Brooklyn Mack,paroli,100.0,100000.0,50000.0,1173,0,0.0,102700.0,102700.0,2700.0
358,Esteban Leon,paroli,100.0,100000.0,50000.0,1134,0,0.0,90900.0,90900.0,-9100.0
359,Amora Kline,paroli,100.0,100000.0,50000.0,1125,1,0.0,87100.0,87100.0,-12900.0
360,Ramon Moran,paroli,100.0,100000.0,50000.0,1180,1,0.0,103000.0,103000.0,3000.0
361,Celeste Harmon,paroli,100.0,100000.0,50000.0,1176,2,0.0,98600.0,98600.0,-1400.0
362,Roberto Burgess,paroli,100.0,100000.0,50000.0,1151,1,0.0,90900.0,90900.0,-9100.0
363,Emory Mitchell,paroli,100.0,100000.0,50000.0,1103,2,0.0,83400.0,83400.0,-16600.0
364,Jaxon Conley,paroli,100.0,100000.0,50000.0,1106,0,0.0,86400.0,86400.0,-13600.0
365,Salem Hendricks,paroli,100.0,100000.0,50000.0,1177,0,0.0,106200.0,106200.0,6200.0
366,Dash Shepard,paroli,100.0,100000.0,50000.0,1096,0,0.0,84200.0,84200.0,-15800.0
367,Noor Franco,paroli,100.0,100000.0,50000.0,1140,0,0.0,94700.0,94700.0,-5300.0
368,Gage Malone,paroli,100.0,100000.0,50000.0,1170,1,0.0,102200.0,102200.0,2200.0
369,Skyler Mayo,paroli,100.0,100000.0,50000.0,1087,1,0.0,82500.0,82500.0,-17500.0
370,Jericho Kelley,paroli,100.0,100000.0,50000.0,1173,2,0.0,99600.0,99600.0,-400.0
371,Rosalie McDonald,paroli,100.0,100000.0,50000.0,1205,4,0.0,107500.0,107500.0,7500.0
372,Calvin Cherry,paroli,100.0,100000.0,50000.0,1181,3,0.0,105400.0,105400.0,5400.0
373,Nyomi Salas,paroli,100.0,100000.0,50000.0,1095,1,0.0,82400.0,82400.0,-17600.0
374,Zaiden Grimes,paroli,100.0,100000.0,50000.0,1164,0,0.0,97700.0,97700.0,-2300.0
375,Braelyn Coleman,paroli,100.0,100000.0,50000.0,1129,0,0.0,91100.0,91100.0,-8900.0
376,Micah Rose,paroli,100.0,100000.0,50000.0,1167,1,0.0,91600.0,91600.0,-8400.0
377,Magnolia Ayala,paroli,100.0,100000.0,50000.0,1118,0,0.0,92900.0,92900.0,-7100.0
378,Tanner Byrd,paroli,100.0,100000.0,50000.0,1098,3,0.0,86200.0,86200.0,-13800.0
379,Giselle Stanton,paroli,100.0,100000.0,50000.0,1157,0,0.0,100200.0,100200.0,200.0
380,Zyair Hurst,paroli,100.0,100000.0,50000.0,1127,0,0.0,87400.0,87400.0,-12600.0
381,Adalee Beil,paroli,100.0,100000.0,50000.0,1108,0,0.0,87900.0,87900.0,-12100.0
382,Ariel Lane,paroli,100.0,100000.0,50000.0,1188,0,0.0,103400.0,103400.0,3400.0
383,Amy Phelps,paroli,100.0,100000.0,50000.0,1160,1,0.0,95400.0,95400.0,-4600.0
384,Hamza Cuevas,paroli,100.0,100000.0,50000.0,1103,1,0.0,86000.0,86000.0,-14000.0
385,Adele Vincent,paroli,100.0,100000.0,50000.0,1140,0,0.0,94600.0,94600.0,-5400.0
386,Aarav Thornton,paroli,100.0,100000.0,50000.0,1137,1,0.0,96200.0,96200.0,-3800.0
387,Haisley Salazar,paroli,100.0,100000.0,50000.0,1173,0,0.0,102000.0,102000.0,2000.0
388,Brody Hodges,paroli,100.0,100000.0,50000.0,1176,0,0.0,102400.0,102400.0,2400.0
389,Eve Alexander,paroli,100.0,100000.0,50000.0,1172,0,0.0,98200.0,98200.0,-1800.0
390,Kingston Whitney,paroli,100.0,100000.0,50000.0,1159,0,0.0,94800.0,94800.0,-5200.0
391,Madalynn Payne,paroli,100.0,100000.0,50000.0,1185,0,0.0,103200.0,103200.0,3200.0
392,Edward Bowman,paroli,100.0,100000.0,50000.0,1151,0,0.0,93700.0,93700.0,-6300.0
393,Fiona Portillo,paroli,100.0,100000.0,50000.0,1187,0,0.0,106200.0,106200.0,6200.0
394,Wallace Steele,paroli,100.0,100000.0,50000.0,1153,0,0.0,96600.0,96600.0,-3400.0
395,Rylie Lucero,paroli,100.0,100000.0,50000.0,1156,2,0.0,96500.0,96500.0,-3500.0
396,Felipe Gallegos,paroli,100.0,100000.0,50000.0,1117,0,0.0,84400.0,84400.0,-15600.0
397,Ari Park,paroli,100.0,100000.0,50000.0,1192,1,0.0,103300.0,103300.0,3300.0
398,Daxton Johns,paroli,100.0,100000.0,50000.0,1159,0,0.0,94600.0,94600.0,-5400.0
399,Giovanna Everett,paroli,100.0,100000.0,50000.0,1138,0,0.0,92400.0,92400.0,-7600.0
400,Camilo Bradshaw,paroli,100.0,100000.0,50000.0,1134,1,0.0,91400.0,91400.0,-8600.0
401,Berkley McCullough,paroli,100.0,100000.0,50000.0,1184,0,0.0,103800.0,103800.0,3800.0
402,Briar Fernandez,paroli,100.0,100000.0,50000.0,1199,0,0.0,102300.0,102300.0,2300.0
403,Amara Zimmerman,paroli,100.0,100000.0,50000.0,1165,2,0.0,95500.0,95500.0,-4500.0
404,Sergio Gibson,paroli,100.0,100000.0,50000.0,1127,0,0.0,85800.0,85800.0,-14200.0
405,Eden Escobar,paroli,100.0,100000.0,50000.0,1166,0,0.0,101100.0,101100.0,1100.0
406,Zachariah Austin,paroli,100.0,100000.0,50000.0,1138,0,0.0,88500.0,88500.0,-11500.0
407,Alivia Eaton,paroli,100.0,100000.0,50000.0,1161,1,0.0,94500.0,94500.0,-5500.0
408,Leighton Moody,paroli,100.0,100000.0,50000.0,1203,1,0.0,105400.0,105400.0,5400.0
409,Elaine Blair,paroli,100.0,100000.0,50000.0,1162,1,0.0,96800.0,96800.0,-3200.0
410,Troy Esparza,paroli,100.0,100000.0,50000.0,1128,0,0.0,89700.0,89700.0,-10300.0
411,Ramona Aguilar,paroli,100.0,100000.0,50000.0,1111,2,0.0,90000.0,90000.0,-10000.0
412,Milo Norris,paroli,100.0,100000.0,50000.0,1189,2,0.0,100100.0,100100.0,100.0
413,Arielle Hurst,paroli,100.0,100000.0,50000.0,1148,2,0.0,93700.0,93700.0,-6300.0
414,Neil McCann,paroli,100.0,100000.0,50000.0,1136,1,0.0,89900.0,89900.0,-10100.0
415,Joyce Shah,paroli,100.0,100000.0,50000.0,1175,0,0.0,98300.0,98300.0,-1700.0
416,Zain Leach,paroli,100.0,100000.0,50000.0,1141,2,0.0,93400.0,93400.0,-6600.0
417,Martha Delarosa,paroli,100.0,100000.0,50000.0,1131,1,0.0,91400.0,91400.0,-8600.0
418,Osiris Maxwell,paroli,100.0,100000.0,50000.0,1165,0,0.0,97800.0,97800.0,-2200.0
419,Kyla Weber,paroli,100.0,100000.0,50000.0,1151,0,0.0,95900.0,95900.0,-4100.0
420,Crew Sawyer,paroli,100.0,100000.0,50000.0,1111,2,0.0,83800.0,83800.0,-16200.0
421,Marina Nava,paroli,100.0,100000.0,50000.0,1135,1,0.0,89100.0,89100.0,-10900.0
422,Stefan Dixon,paroli,100.0,100000.0,50000.0,1123,0,0.0,89500.0,89500.0,-10500.0
423,Blakely Strickland,paroli,100.0,100000.0,50000.0,1204,2,0.0,102800.0,102800.0,2800.0
424,Keegan Ventura,paroli,100.0,100000.0,50000.0,1115,0,0.0,86800.0,86800.0,-13200.0
425,Zora Larson,paroli,100.0,100000.0,50000.0,1089,1,0.0,82800.0,82800.0,-17200.0
426,Rafael Nash,paroli,100.0,100000.0,50000.0,1167,2,0.0,94500.0,94500.0,-5500.0
427,Novah Roach,paroli,100.0,100000.0,50000.0,1117,0,0.0,86600.0,86600.0,-13400.0
428,Caspian Saunders,paroli,100.0,100000.0,50000.0,1131,0,0.0,95700.0,95700.0,-4300.0
429,Meadow Stephens,paroli,100.0,100000.0,50000.0,1164,1,0.0,97400.0,97400.0,-2600.0
430,Messiah Gentry,paroli,100.0,100000.0,50000.0,1116,0,0.0,87400.0,87400.0,-12600.0
431,Amelie Larsen,paroli,100.0,100000.0,50000.0,1154,2,0.0,95900.0,95900.0,-4100.0
432,Brycen Hardin,paroli,100.0,100000.0,50000.0,1152,1,0.0,92900.0,92900.0,-7100.0
433,Vada Perez,paroli,100.0,100000.0,50000.0,1104,0,0.0,78000.0,78000.0,-22000.0
434,Owen Jaramillo,paroli,100.0,100000.0,50000.0,1122,0,0.0,84600.0,84600.0,-15400.0
435,Guadalupe Esquivel,paroli,100.0,100000.0,50000.0,1167,0,0.0,95200.0,95200.0,-4800.0
436,Bridger Smith,paroli,100.0,100000.0,50000.0,1208,1,0.0,113800.0,113800.0,13800.0
437,Olivia Lucero,paroli,100.0,100000.0,50000.0,1156,0,0.0,95200.0,95200.0,-4800.0
438,Felipe Pierce,paroli,100.0,100000.0,50000.0,1210,0,0.0,108200.0,108200.0,8200.0
439,Arabella Sexton,paroli,100.0,100000.0,50000.0,1097,2,0.0,83200.0,83200.0,-16800.0
440,Mylo Willis,paroli,100.0,100000.0,50000.0,1142,2,0.0,95300.0,95300.0,-4700.0
441,Alexa Montes,paroli,100.0,100000.0,50000.0,1110,0,0.0,86700.0,86700.0,-13300.0
442,Darren Kline,paroli,100.0,100000.0,50000.0,1179,0,0.0,98200.0,98200.0,-1800.0
443,Sevyn Waller,paroli,100.0,100000.0,50000.0,1180,0,0.0,100700.0,100700.0,700.0
444,Marley Byrd,paroli,100.0,100000.0,50000.0,1130,1,0.0,90200.0,90200.0,-9800.0
445,Giselle Hernandez,paroli,100.0,100000.0,50000.0,1146,0,0.0,93800.0,93800.0,-6200.0
446,Mason Baxter,paroli,100.0,100000.0,50000.0,1129,0,0.0,89100.0,89100.0,-10900.0
447,Lara Hill,paroli,100.0,100000.0,50000.0,1137,0,0.0,92200.0,92200.0,-7800.0
448,Isaac Dixon,paroli,100.0,100000.0,50000.0,1138,1,0.0,91200.0,91200.0,-8800.0
449,Blakely Wilcox,paroli,100.0,100000.0,50000.0,1130,1,0.0,93600.0,93600.0,-6400.0
450,Jerry Weaver,paroli,100.0,100000.0,50000.0,1180,1,0.0,102300.0,102300.0,2300.0
451,Teagan Phillips,paroli,100.0,100000.0,50000.0,1100,0,0.0,84200.0,84200.0,-15800.0
452,Andrew Graham,paroli,100.0,100000.0,50000.0,1104,1,0.0,86500.0,86500.0,-13500.0
453,Alaia Tate,paroli,100.0,100000.0,50000.0,1213,0,0.0,106300.0,106300.0,6300.0
454,Dalton David,paroli,100.0,100000.0,50000.0,1108,1,0.0,89800.0,89800.0,-10200.0
455,Haylee Ross,paroli,100.0,100000.0,50000.0,1204,3,0.0,107500.0,107500.0,7500.0
456,Wesley Dyer,paroli,100.0,100000.0,50000.0,1125,0,0.0,91400.0,91400.0,-8600.0
457,Estrella Ashley,paroli,100.0,100000.0,50000.0,1220,0,0.0,110000.0,110000.0,10000.0
458,Kylen Golden,paroli,100.0,100000.0,50000.0,1114,1,0.0,88000.0,88000.0,-12000.0
459,Giuliana Montgomery,paroli,100.0,100000.0,50000.0,1176,0,0.0,101400.0,101400.0,1400.0
460,Maximiliano Pitts,paroli,100.0,100000.0,50000.0,1184,2,0.0,98500.0,98500.0,-1500.0
461,Nala Ryan,paroli,100.0,100000.0,50000.0,1161,0,0.0,97100.0,97100.0,-2900.0
462,Timothy Faulkner,paroli,100.0,100000.0,50000.0,1126,2,0.0,88300.0,88300.0,-11700.0
463,Ansley Figueroa,paroli,100.0,100000.0,50000.0,1119,0,0.0,90900.0,90900.0,-9100.0
464,Spencer Patton,paroli,100.0,100000.0,50000.0,1172,0,0.0,101900.0,101900.0,1900.0
465,Lorelei Woodward,paroli,100.0,100000.0,50000.0,1157,2,0.0,99800.0,99800.0,-200.0
466,Jeremias Jefferson,paroli,100.0,100000.0,50000.0,1140,1,0.0,96900.0,96900.0,-3100.0
467,Julieta Duran,paroli,100.0,100000.0,50000.0,1126,0,0.0,90200.0,90200.0,-9800.0
468,Ismael Floyd,paroli,100.0,100000.0,50000.0,1115,1,0.0,87600.0,87600.0,-12400.0
469,Yaretzi Carroll,paroli,100.0,100000.0,50000.0,1151,1,0.0,100100.0,100100.0,100.0
470,Oscar Correa,paroli,100.0,100000.0,50000.0,1118,0,0.0,90500.0,90500.0,-9500.0
471,Valery Trevino,paroli,100.0,100000.0,50000.0,1144,0,0.0,89300.0,89300.0,-10700.0
472,Jaime Duke,paroli,100.0,100000.0,50000.0,1168,0,0.0,102800.0,102800.0,2800.0
473,Melani Mullins,paroli,100.0,100000.0,50000.0,1100,2,0.0,82700.0,82700.0,-17300.0
474,Allen Norton,paroli,100.0,100000.0,50000.0,1189,0,0.0,103200.0,103200.0,3200.0
475,Kylee Merritt,paroli,100.0,100000.0,50000.0,1090,1,0.0,79200.0,79200.0,-20800.0
476,Colten Robertson,paroli,100.0,100000.0,50000.0,1114,0,0.0,86200.0,86200.0,-13800.0
477,Harmony McGuire,paroli,100.0,100000.0,50000.0,1170,0,0.0,97400.0,97400.0,-2600.0
478,Casey Green,paroli,100.0,100000.0,50000.0,1092,1,0.0,77800.0,77800.0,-22200.0
479,Zoe Chandler,paroli,100.0,100000.0,50000.0,1091,0,0.0,85800.0,85800.0,-14200.0
480,Royal Cohen,paroli,100.0,100000.0,50000.0,1124,0,0.0,89900.0,89900.0,-10100.0
481,Destiny Pope,paroli,100.0,100000.0,50000.0,1115,0,0.0,88700.0,88700.0,-11300.0
482,Gunnar Lim,paroli,100.0,100000.0,50000.0,1214,0,0.0,106600.0,106600.0,6600.0
483,Giavanna Estes,paroli,100.0,100000.0,50000.0,1156,1,0.0,95700.0,95700.0,-4300.0
484,Hakeem Villegas,paroli,100.0,100000.0,50000.0,1134,0,0.0,95500.0,95500.0,-4500.0
485,Jessie Dunlap,paroli,100.0,100000.0,50000.0,1136,0,0.0,90500.0,90500.0,-9500.0
486,Aries Zuniga,paroli,100.0,100000.0,50000.0,1181,1,0.0,103800.0,103800.0,3800.0
487,Leslie Peck,paroli,100.0,100000.0,50000.0,1113,0,0.0,86300.0,86300.0,-13700.0
488,Yousef Snow,paroli,100.0,100000.0,50000.0,1143,1,0.0,91700.0,91700.0,-8300.0
489,Alexia Zimmerman,paroli,100.0,100000.0,50000.0,1130,0,0.0,91100.0,91100.0,-8900.0
490,Sergio Valencia,paroli,100.0,100000.0,50000.0,1182,0,0.0,104300.0,104300.0,4300.0
491,Maddison Paul,paroli,100.0,100000.0,50000.0,1130,0,0.0,93000.0,93000.0,-7000.0
492,Noel Flowers,paroli,100.0,100000.0,50000.0,1138,1,0.0,95100.0,95100.0,-4900.0
493,Ariya Pena,paroli,100.0,100000.0,50000.0,1167,0,0.0,101100.0,101100.0,1100.0
494,Marcus Orr,paroli,100.0,100000.0,50000.0,1171,0,0.0,93800.0,93800.0,-6200.0
495,Alaiya Bean,paroli,100.0,100000.0,50000.0,1114,0,0.0,92500.0,92500.0,-7500.0
496,Mccoy Preston,paroli,100.0,100000.0,50000.0,1181,2,0.0,95400.0,95400.0,-4600.0
497,Indie Proctor,paroli,100.0,100000.0,50000.0,1214,3,0.0,106000.0,106000.0,6000.0
498,Vance Lyons,paroli,100.0,100000.0,50000.0,1148,0,0.0,91300.0,91300.0,-8700.0
499,Kenzie Gomez,paroli,100.0,100000.0,50000.0,1128,0,0.0,89500.0,89500.0,-10500.0
500,Isaiah Bauer,paroli,100.0,100000.0,50000.0,1142,1,0.0,94300.0,94300.0,-5700.0
501,Haley Maxwell,paroli,100.0,100000.0,50000.0,1108,2,0.0,86500.0,86500.0,-13500.0
502,Eden Bowen,paroli,100.0,100000.0,50000.0,1180,1,0.0,98900.0,98900.0,-1100.0
503,Dream Oliver,paroli,100.0,100000.0,50000.0,1121,0,0.0,87100.0,87100.0,-12900.0
504,Karson Curtis,paroli,100.0,100000.0,50000.0,1165,0,0.0,94800.0,94800.0,-5200.0
505,Alexis Sutton,paroli,100.0,100000.0,50000.0,1186,2,0.0,103300.0,103300.0,3300.0
506,Warren Chen,paroli,100.0,100000.0,50000.0,1138,0,0.0,93300.0,93300.0,-6700.0
507,Valeria Floyd,paroli,100.0,100000.0,50000.0,1170,0,0.0,102200.0,102200.0,2200.0
508,Pierce Graham,paroli,100.0,100000.0,50000.0,1120,1,0.0,88400.0,88400.0,-11600.0
509,Alaia Bernard,paroli,100.0,100000.0,50000.0,1138,1,0.0,97800.0,97800.0,-2200.0
510,Jair Erickson,paroli,100.0,100000.0,50000.0,1119,0,0.0,91600.0,91600.0,-8400.0
511,Sabrina Le,paroli,100.0,100000.0,50000.0,1127,2,0.0,90800.0,90800.0,-9200.0
512,Damien Macdonald,paroli,100.0,100000.0,50000.0,1124,1,0.0,88700.0,88700.0,-11300.0
513,Rosalia Bauer,paroli,100.0,100000.0,50000.0,1176,0,0.0,100700.0,100700.0,700.0
514,Kieran Pittman,paroli,100.0,100000.0,50000.0,1140,0,0.0,91000.0,91000.0,-9000.0
515,Marie Yoder,paroli,100.0,100000.0,50000.0,1194,2,0.0,104500.0,104500.0,4500.0
516,Johan Sosa,paroli,100.0,100000.0,50000.0,1187,2,0.0,102200.0,102200.0,2200.0
517,Cassandra Erickson,paroli,100.0,100000.0,50000.0,1153,0,0.0,96500.0,96500.0,-3500.0
518,Johnny Cortes,paroli,100.0,100000.0,50000.0,1175,1,0.0,97300.0,97300.0,-2700.0
519,Lea Bridges,paroli,100.0,100000.0,50000.0,1113,0,0.0,85300.0,85300.0,-14700.0
520,Mohammed Shah,paroli,100.0,100000.0,50000.0,1080,0,0.0,76000.0,76000.0,-24000.0
521,Angelica Romero,paroli,100.0,100000.0,50000.0,1187,0,0.0,100700.0,100700.0,700.0
522,Bryson Hensley,paroli,100.0,100000.0,50000.0,1088,0,0.0,85400.0,85400.0,-14600.0
523,Malaya Larsen,paroli,100.0,100000.0,50000.0,1148,2,0.0,91100.0,91100.0,-8900.0
524,Brycen Peralta,paroli,100.0,100000.0,50000.0,1154,0,0.0,97300.0,97300.0,-2700.0
525,Malayah Leal,paroli,100.0,100000.0,50000.0,1147,0,0.0,93900.0,93900.0,-6100.0
526,Cedric Nguyen,paroli,100.0,100000.0,50000.0,1145,2,0.0,94100.0,94100.0,-5900.0
527,Nova Bryan,paroli,100.0,100000.0,50000.0,1165,1,0.0,95600.0,95600.0,-4400.0
528,Jaxtyn Gilmore,paroli,100.0,100000.0,50000.0,1168,2,0.0,96200.0,96200.0,-3800.0
529,Chanel Figueroa,paroli,100.0,100000.0,50000.0,1156,1,0.0,93600.0,93600.0,-6400.0
530,Spencer Howard,paroli,100.0,100000.0,50000.0,1128,3,0.0,95100.0,95100.0,-4900.0
531,Sophie Benton,paroli,100.0,100000.0,50000.0,1177,0,0.0,104500.0,104500.0,4500.0
532,Jamal Schwartz,paroli,100.0,100000.0,50000.0,1136,0,0.0,97800.0,97800.0,-2200.0
533,Lilliana Stevenson,paroli,100.0,100000.0,50000.0,1174,0,0.0,100700.0,100700.0,700.0
534,Callan Hahn,paroli,100.0,100000.0,50000.0,1170,2,0.0,98700.0,98700.0,-1300.0
535,Fallon Patton,paroli,100.0,100000.0,50000.0,1139,0,0.0,88000.0,88000.0,-12000.0
536,Moises Cohen,paroli,100.0,100000.0,50000.0,1128,2,0.0,90300.0,90300.0,-9700.0
537,Destiny Buckley,paroli,100.0,100000.0,50000.0,1115,1,0.0,87400.0,87400.0,-12600.0
538,Aryan Case,paroli,100.0,100000.0,50000.0,1125,0,0.0,89700.0,89700.0,-10300.0
539,Cleo Sims,paroli,100.0,100000.0,50000.0,1197,1,0.0,104400.0,104400.0,4400.0
540,Brian Harrell,paroli,100.0,100000.0,50000.0,1146,1,0.0,95200.0,95200.0,-4800.0
541,Kara Williams,paroli,100.0,100000.0,50000.0,1105,0,0.0,83800.0,83800.0,-16200.0
542,Oliver Mayo,paroli,100.0,100000.0,50000.0,1136,0,0.0,93900.0,93900.0,-6100.0
543,Aarya Boyle,paroli,100.0,100000.0,50000.0,1148,1,0.0,95300.0,95300.0,-4700.0
544,Robin King,paroli,100.0,100000.0,50000.0,1174,1,0.0,104000.0,104000.0,4000.0
545,Victoria Andrews,paroli,100.0,100000.0,50000.0,1116,1,0.0,91300.0,91300.0,-8700.0
546,Lukas Hurst,paroli,100.0,100000.0,50000.0,1260,1,0.0,115800.0,115800.0,15800.0
547,Adalee Moses,paroli,100.0,100000.0,50000.0,1148,2,0.0,93800.0,93800.0,-6200.0
548,Niklaus Copeland,paroli,100.0,100000.0,50000.0,1139,0,0.0,93000.0,93000.0,-7000.0
549,Dayana Jaramillo,paroli,100.0,100000.0,50000.0,1171,3,0.0,99600.0,99600.0,-400.0
550,Riggs Smith,paroli,100.0,100000.0,50000.0,1137,0,0.0,89100.0,89100.0,-10900.0
551,Olivia Roach,paroli,100.0,100000.0,50000.0,1109,0,0.0,85700.0,85700.0,-14300.0
552,Caspian Warren,paroli,100.0,100000.0,50000.0,1185,0,0.0,101000.0,101000.0,1000.0
553,Sloane Lucas,paroli,100.0,100000.0,50000.0,1175,0,0.0,97200.0,97200.0,-2800.0
554,Chance Summers,paroli,100.0,100000.0,50000.0,1159,1,0.0,95300.0,95300.0,-4700.0
555,Frankie Burns,paroli,100.0,100000.0,50000.0,1158,2,0.0,97700.0,97700.0,-2300.0
556,August Lee,paroli,100.0,100000.0,50000.0,1179,2,0.0,104300.0,104300.0,4300.0
557,Scarlett Norman,paroli,100.0,100000.0,50000.0,1170,1,0.0,100400.0,100400.0,400.0
558,Aziel Snow,paroli,100.0,100000.0,50000.0,1158,1,0.0,97700.0,97700.0,-2300.0
559,Alexia Castillo,paroli,100.0,100000.0,50000.0,1220,2,0.0,109300.0,109300.0,9300.0
560,Kai Juarez,paroli,100.0,100000.0,50000.0,1148,0,0.0,93400.0,93400.0,-6600.0
561,Juliet James,paroli,100.0,100000.0,50000.0,1172,0,0.0,95000.0,95000.0,-5000.0
562,Jaxson Bishop,paroli,100.0,100000.0,50000.0,1138,1,0.0,92100.0,92100.0,-7900.0
563,Brooklynn Brooks,paroli,100.0,100000.0,50000.0,1101,0,0.0,85500.0,85500.0,-14500.0
564,Jordan Dixon,paroli,100.0,100000.0,50000.0,1117,1,0.0,87600.0,87600.0,-12400.0
565,Blakely Garrison,paroli,100.0,100000.0,50000.0,1164,0,0.0,99000.0,99000.0,-1000.0
566,Noe Pierce,paroli,100.0,100000.0,50000.0,1101,0,0.0,87500.0,87500.0,-12500.0
567,Arabella Hensley,paroli,100.0,100000.0,50000.0,1154,0,0.0,94600.0,94600.0,-5400.0
568,Layne Parrish,paroli,100.0,100000.0,50000.0,1178,2,0.0,104900.0,104900.0,4900.0
569,Tiana Jacobson,paroli,100.0,100000.0,50000.0,1168,2,0.0,101500.0,101500.0,1500.0
570,Legacy Willis,paroli,100.0,100000.0,50000.0,1185,1,0.0,101700.0,101700.0,1700.0
571,Alexa Mora,paroli,100.0,100000.0,50000.0,1151,1,0.0,95100.0,95100.0,-4900.0
572,Arturo Perez,paroli,100.0,100000.0,50000.0,1116,0,0.0,86500.0,86500.0,-13500.0
573,Eleanor Sloan,paroli,100.0,100000.0,50000.0,1167,1,0.0,95000.0,95000.0,-5000.0
574,Ocean Meza,paroli,100.0,100000.0,50000.0,1140,1,0.0,90500.0,90500.0,-9500.0
575,Rosa Booth,paroli,100.0,100000.0,50000.0,1146,0,0.0,87600.0,87600.0,-12400.0
576,Chaim Estrada,paroli,100.0,100000.0,50000.0,1149,2,0.0,96400.0,96400.0,-3600.0
577,Sawyer Curtis,paroli,100.0,100000.0,50000.0,1144,2,0.0,91700.0,91700.0,-8300.0
578,Muhammad Wilkins,paroli,100.0,100000.0,50000.0,1127,0,0.0,89900.0,89900.0,-10100.0
579,Amalia Kaur,paroli,100.0,100000.0,50000.0,1134,1,0.0,89100.0,89100.0,-10900.0
580,Augustine Shah,paroli,100.0,100000.0,50000.0,1116,3,0.0,88100.0,88100.0,-11900.0
581,Angelica Hale,paroli,100.0,100000.0,50000.0,1156,0,0.0,96300.0,96300.0,-3700.0
582,Ezequiel Bates,paroli,100.0,100000.0,50000.0,1123,1,0.0,89700.0,89700.0,-10300.0
583,Madilyn Summers,paroli,100.0,100000.0,50000.0,1140,1,0.0,89400.0,89400.0,-10600.0
584,Darius Barron,paroli,100.0,100000.0,50000.0,1130,4,0.0,87800.0,87800.0,-12200.0
585,Anya Baker,paroli,100.0,100000.0,50000.0,1131,0,0.0,90100.0,90100.0,-9900.0
586,Ezra Adkins,paroli,100.0,100000.0,50000.0,1174,0,0.0,96400.0,96400.0,-3600.0
587,Emelia Duncan,paroli,100.0,100000.0,50000.0,1138,1,0.0,91700.0,91700.0,-8300.0
588,Avery Tanner,paroli,100.0,100000.0,50000.0,1183,0,0.0,102400.0,102400.0,2400.0
589,Harmoni Eaton,paroli,100.0,100000.0,50000.0,1200,0,0.0,107900.0,107900.0,7900.0
590,Leighton Maldonado,paroli,100.0,100000.0,50000.0,1114,0,0.0,89800.0,89800.0,-10200.0
591,Elaina Hensley,paroli,100.0,100000.0,50000.0,1193,0,0.0,104700.0,104700.0,4700.0
592,Layne Benjamin,paroli,100.0,100000.0,50000.0,1199,0,0.0,101300.0,101300.0,1300.0
593,Jianna Wise,paroli,100.0,100000.0,50000.0,1146,0,0.0,90900.0,90900.0,-9100.0
594,Frederick Blevins,paroli,100.0,100000.0,50000.0,1136,0,0.0,95900.0,95900.0,-4100.0
595,Aila McKenzie,paroli,100.0,100000.0,50000.0,1109,0,0.0,82200.0,82200.0,-17800.0
596,Scott Knight,paroli,100.0,100000.0,50000.0,1136,0,0.0,92000.0,92000.0,-8000.0
597,Gracie Acevedo,paroli,100.0,100000.0,50000.0,1223,0,0.0,110400.0,110400.0,10400.0
598,Dakari Leon,paroli,100.0,100000.0,50000.0,1127,0,0.0,91900.0,91900.0,-8100.0
599,Amora Whitehead,paroli,100.0,100000.0,50000.0,1137,0,0.0,92300.0,92300.0,-7700.0
600,Zayd Holmes,paroli,100.0,100000.0,50000.0,1155,0,0.0,95600.0,95600.0,-4400.0
601,Bailey Hobbs,paroli,100.0,100000.0,50000.0,1144,1,0.0,95100.0,95100.0,-4900.0
602,Brendan Floyd,paroli,100.0,100000.0,50000.0,1146,0,0.0,94300.0,94300.0,-5700.0
603,Yaretzi Espinoza,paroli,100.0,100000.0,50000.0,1189,0,0.0,102200.0,102200.0,2200.0
604,Dallas Rowe,paroli,100.0,100000.0,50000.0,1171,1,0.0,100300.0,100300.0,300.0
605,Matilda Walters,paroli,100.0,100000.0,50000.0,1148,1,0.0,93300.0,93300.0,-6700.0
606,Colson Bernard,paroli,100.0,100000.0,50000.0,1087,1,0.0,83200.0,83200.0,-16800.0
607,Barbara Le,paroli,100.0,100000.0,50000.0,1165,0,0.0,100600.0,100600.0,600.0
608,Damien Boone,paroli,100.0,100000.0,50000.0,1187,2,0.0,101500.0,101500.0,1500.0
609,Mariam Friedman,paroli,100.0,100000.0,50000.0,1172,0,0.0,95700.0,95700.0,-4300.0
610,Darwin Douglas,paroli,100.0,100000.0,50000.0,1126,0,0.0,90000.0,90000.0,-10000.0
611,Aniyah Manning,paroli,100.0,100000.0,50000.0,1097,1,0.0,84900.0,84900.0,-15100.0
612,Seth Sherman,paroli,100.0,100000.0,50000.0,1138,1,0.0,96600.0,96600.0,-3400.0
613,Addilyn Bush,paroli,100.0,100000.0,50000.0,1168,1,0.0,98100.0,98100.0,-1900.0
614,Tyson Kennedy,paroli,100.0,100000.0,50000.0,1143,0,0.0,95300.0,95300.0,-4700.0
615,Brianna Rodriguez,paroli,100.0,100000.0,50000.0,1144,0,0.0,93000.0,93000.0,-7000.0
616,Henry Dixon,paroli,100.0,100000.0,50000.0,1134,0,0.0,92400.0,92400.0,-7600.0
617,Blakely Carrillo,paroli,100.0,100000.0,50000.0,1178,1,0.0,101400.0,101400.0,1400.0
618,Wade Clay,paroli,100.0,100000.0,50000.0,1133,1,0.0,93400.0,93400.0,-6600.0
619,Aliana Page,paroli,100.0,100000.0,50000.0,1155,0,0.0,96800.0,96800.0,-3200.0
620,Pablo Boyd,paroli,100.0,100000.0,50000.0,1125,1,0.0,88500.0,88500.0,-11500.0
621,Georgia Sampson,paroli,100.0,100000.0,50000.0,1174,1,0.0,99100.0,99100.0,-900.0
622,Cain Garza,paroli,100.0,100000.0,50000.0,1173,0,0.0,100200.0,100200.0,200.0
623,River Velasquez,paroli,100.0,100000.0,50000.0,1123,3,0.0,88800.0,88800.0,-11200.0
624,Sullivan Rhodes,paroli,100.0,100000.0,50000.0,1206,1,0.0,106400.0,106400.0,6400.0
625,Tatum Lopez,paroli,100.0,100000.0,50000.0,1148,0,0.0,92800.0,92800.0,-7200.0
626,Michael Meadows,paroli,100.0,100000.0,50000.0,1163,1,0.0,92400.0,92400.0,-7600.0
627,Pearl Roman,paroli,100.0,100000.0,50000.0,1113,0,0.0,84700.0,84700.0,-15300.0
628,Kian Barnett,paroli,100.0,100000.0,50000.0,1176,0,0.0,105500.0,105500.0,5500.0
629,Harlow Everett,paroli,100.0,100000.0,50000.0,1145,4,0.0,93900.0,93900.0,-6100.0
630,Camilo Clements,paroli,100.0,100000.0,50000.0,1115,2,0.0,88700.0,88700.0,-11300.0
631,Cara Terry,paroli,100.0,100000.0,50000.0,1132,0,0.0,87500.0,87500.0,-12500.0
632,Armani Whitehead,paroli,100.0,100000.0,50000.0,1183,0,0.0,98600.0,98600.0,-1400.0
633,Sylvie Rollins,paroli,100.0,100000.0,50000.0,1106,2,0.0,86600.0,86600.0,-13400.0
634,Wes Vasquez,paroli,100.0,100000.0,50000.0,1149,4,0.0,90600.0,90600.0,-9400.0
635,Rose Church,paroli,100.0,100000.0,50000.0,1108,0,0.0,86400.0,86400.0,-13600.0
636,Terrance Brandt,paroli,100.0,100000.0,50000.0,1120,2,0.0,89100.0,89100.0,-10900.0
637,Loretta Matthews,paroli,100.0,100000.0,50000.0,1077,1,0.0,87300.0,87300.0,-12700.0
638,Preston Chambers,paroli,100.0,100000.0,50000.0,1161,3,0.0,102600.0,102600.0,2600.0
639,Makayla Conway,paroli,100.0,100000.0,50000.0,1103,2,0.0,82000.0,82000.0,-18000.0
640,Orlando Hensley,paroli,100.0,100000.0,50000.0,1147,0,0.0,92900.0,92900.0,-7100.0
641,Malaya Joseph,paroli,100.0,100000.0,50000.0,1130,1,0.0,90000.0,90000.0,-10000.0
642,Kyle Pacheco,paroli,100.0,100000.0,50000.0,1146,0,0.0,96500.0,96500.0,-3500.0
643,Paris Ponce,paroli,100.0,100000.0,50000.0,1137,1,0.0,92400.0,92400.0,-7600.0
644,Langston Park,paroli,100.0,100000.0,50000.0,1200,1,0.0,103500.0,103500.0,3500.0
645,Lia Callahan,paroli,100.0,100000.0,50000.0,1172,1,0.0,97900.0,97900.0,-2100.0
646,Quinton Bonilla,paroli,100.0,100000.0,50000.0,1154,1,0.0,101800.0,101800.0,1800.0
647,Romina Tapia,paroli,100.0,100000.0,50000.0,1148,0,0.0,92700.0,92700.0,-7300.0
648,Samir Lester,paroli,100.0,100000.0,50000.0,1188,0,0.0,104600.0,104600.0,4600.0
649,Averi Golden,paroli,100.0,100000.0,50000.0,1193,1,0.0,104100.0,104100.0,4100.0
650,Amias Compton,paroli,100.0,100000.0,50000.0,1172,0,0.0,96100.0,96100.0,-3900.0
651,Elina Moore,paroli,100.0,100000.0,50000.0,1114,0,0.0,88400.0,88400.0,-11600.0
652,Levi Hamilton,paroli,100.0,100000.0,50000.0,1125,0,0.0,91500.0,91500.0,-8500.0
653,Mackenzie Gordon,paroli,100.0,100000.0,50000.0,1165,1,0.0,97700.0,97700.0,-2300.0
654,Karter Luna,paroli,100.0,100000.0,50000.0,1120,1,0.0,92500.0,92500.0,-7500.0
655,Journey Huang,paroli,100.0,100000.0,50000.0,1129,0,0.0,88800.0,88800.0,-11200.0
656,Ayaan Mahoney,paroli,100.0,100000.0,50000.0,1154,0,0.0,98700.0,98700.0,-1300.0
657,Promise Freeman,paroli,100.0,100000.0,50000.0,1129,2,0.0,91900.0,91900.0,-8100.0
658,Jayce Corona,paroli,100.0,100000.0,50000.0,1173,2,0.0,100100.0,100100.0,100.0
659,Marianna Boyd,paroli,100.0,100000.0,50000.0,1157,3,0.0,95600.0,95600.0,-4400.0
660,Dean Zhang,paroli,100.0,100000.0,50000.0,1154,0,0.0,95600.0,95600.0,-4400.0
661,Sarai Gates,paroli,100.0,100000.0,50000.0,1066,1,0.0,78100.0,78100.0,-21900.0
662,Ermias McDowell,paroli,100.0,100000.0,50000.0,1193,1,0.0,103000.0,103000.0,3000.0
663,Rayna McCall,paroli,100.0,100000.0,50000.0,1184,1,0.0,103400.0,103400.0,3400.0
664,Kiaan Pollard,paroli,100.0,100000.0,50000.0,1109,0,0.0,88000.0,88000.0,-12000.0
665,Marisol Boone,paroli,100.0,100000.0,50000.0,1161,0,0.0,98500.0,98500.0,-1500.0
666,Mauricio Travis,paroli,100.0,100000.0,50000.0,1133,1,0.0,96400.0,96400.0,-3600.0
667,Mazikee McConnell,paroli,100.0,100000.0,50000.0,1108,0,0.0,83900.0,83900.0,-16100.0
668,London Hubbard,paroli,100.0,100000.0,50000.0,1177,0,0.0,103300.0,103300.0,3300.0
669,Rosie Sullivan,paroli,100.0,100000.0,50000.0,1145,6,0.0,87900.0,87900.0,-12100.0
670,Evan Ball,paroli,100.0,100000.0,50000.0,1160,1,0.0,93400.0,93400.0,-6600.0
671,Abby Wang,paroli,100.0,100000.0,50000.0,1176,0,0.0,99300.0,99300.0,-700.0
672,Cohen Stanton,paroli,100.0,100000.0,50000.0,1099,1,0.0,79100.0,79100.0,-20900.0
673,Jaycee Parks,paroli,100.0,100000.0,50000.0,1152,1,0.0,93500.0,93500.0,-6500.0
674,Gianni McDowell,paroli,100.0,100000.0,50000.0,1136,0,0.0,90400.0,90400.0,-9600.0
675,Rayna Durham,paroli,100.0,100000.0,50000.0,1191,1,0.0,99200.0,99200.0,-800.0
676,Kellen Guerrero,paroli,100.0,100000.0,50000.0,1148,0,0.0,96000.0,96000.0,-4000.0
677,Margot Whitaker,paroli,100.0,100000.0,50000.0,1220,1,0.0,107100.0,107100.0,7100.0
678,Keith Schmidt,paroli,100.0,100000.0,50000.0,1157,0,0.0,97600.0,97600.0,-2400.0
679,Kimberly Norris,paroli,100.0,100000.0,50000.0,1138,0,0.0,89700.0,89700.0,-10300.0
680,Cairo Ibarra,paroli,100.0,100000.0,50000.0,1177,2,0.0,103100.0,103100.0,3100.0
681,Madilynn Torres,paroli,100.0,100000.0,50000.0,1149,0,0.0,95500.0,95500.0,-4500.0
682,Jayden Maldonado,paroli,100.0,100000.0,50000.0,1185,1,0.0,104400.0,104400.0,4400.0
683,Elaina Rocha,paroli,100.0,100000.0,50000.0,1176,1,0.0,98200.0,98200.0,-1800.0
684,Onyx Rose,paroli,100.0,100000.0,50000.0,1149,1,0.0,94400.0,94400.0,-5600.0
685,Magnolia Carrillo,paroli,100.0,100000.0,50000.0,1189,0,0.0,95300.0,95300.0,-4700.0
686,Wade Fischer,paroli,100.0,100000.0,50000.0,1160,0,0.0,98700.0,98700.0,-1300.0
687,Maci Rich,paroli,100.0,100000.0,50000.0,1183,3,0.0,97400.0,97400.0,-2600.0
688,Miller Wilcox,paroli,100.0,100000.0,50000.0,1136,1,0.0,89300.0,89300.0,-10700.0
689,Ashlyn Terrell,paroli,100.0,100000.0,50000.0,1172,2,0.0,99100.0,99100.0,-900.0
690,Jaxen Donovan,paroli,100.0,100000.0,50000.0,1111,0,0.0,84500.0,84500.0,-15500.0
691,Azariah McKay,paroli,100.0,100000.0,50000.0,1138,1,0.0,96800.0,96800.0,-3200.0
692,Joey Maynard,paroli,100.0,100000.0,50000.0,1117,1,0.0,84300.0,84300.0,-15700.0
693,Carolyn Stone,paroli,100.0,100000.0,50000.0,1214,0,0.0,106600.0,106600.0,6600.0
694,Finn Reese,paroli,100.0,100000.0,50000.0,1146,0,0.0,93000.0,93000.0,-7000.0
695,Rosemary Dillon,paroli,100.0,100000.0,50000.0,1166,0,0.0,96700.0,96700.0,-3300.0
696,Alvin Frost,paroli,100.0,100000.0,50000.0,1172,0,0.0,98700.0,98700.0,-1300.0
697,Paula Petersen,paroli,100.0,100000.0,50000.0,1199,1,0.0,100600.0,100600.0,600.0
698,Samson Duarte,paroli,100.0,100000.0,50000.0,1141,1,0.0,99200.0,99200.0,-800.0
699,Kynlee Rivers,paroli,100.0,100000.0,50000.0,1157,1,0.0,101100.0,101100.0,1100.0
700,Bear Page,paroli,100.0,100000.0,50000.0,1143,1,0.0,90800.0,90800.0,-9200.0
701,Cataleya Delarosa,paroli,100.0,100000.0,50000.0,1102,1,0.0,83300.0,83300.0,-16700.0
702,Osiris Cabrera,paroli,100.0,100000.0,50000.0,1095,0,0.0,81100.0,81100.0,-18900.0
703,Daleyza Fowler,paroli,100.0,100000.0,50000.0,1169,0,0.0,100900.0,100900.0,900.0
704,Kameron Stevens,paroli,100.0,100000.0,50000.0,1160,1,0.0,89400.0,89400.0,-10600.0
705,Katherine Frye,paroli,100.0,100000.0,50000.0,1168,0,0.0,100200.0,100200.0,200.0
706,Franco Welch,paroli,100.0,100000.0,50000.0,1159,2,0.0,92700.0,92700.0,-7300.0
707,Amira Freeman,paroli,100.0,100000.0,50000.0,1154,2,0.0,96600.0,96600.0,-3400.0
708,Jayce Cantrell,paroli,100.0,100000.0,50000.0,1099,1,0.0,81600.0,81600.0,-18400.0
709,Yamileth Alexander,paroli,100.0,100000.0,50000.0,1153,0,0.0,94600.0,94600.0,-5400.0
710,Kingston Boyle,paroli,100.0,100000.0,50000.0,1157,1,0.0,91700.0,91700.0,-8300.0
711,Aliya Henson,paroli,100.0,100000.0,50000.0,1182,0,0.0,102800.0,102800.0,2800.0
712,Bellamy Bishop,paroli,100.0,100000.0,50000.0,1183,0,0.0,100000.0,100000.0,0.0
713,Brooklynn Cochran,paroli,100.0,100000.0,50000.0,1121,1,0.0,91400.0,91400.0,-8600.0
714,Danny Browning,paroli,100.0,100000.0,50000.0,1117,1,0.0,88400.0,88400.0,-11600.0
715,Princess Sanders,paroli,100.0,100000.0,50000.0,1168,3,0.0,105400.0,105400.0,5400.0
716,Jose Ruiz,paroli,100.0,100000.0,50000.0,1081,2,0.0,83200.0,83200.0,-16800.0
717,Emery Moran,paroli,100.0,100000.0,50000.0,1177,3,0.0,100600.0,100600.0,600.0
718,Tate Jaramillo,paroli,100.0,100000.0,50000.0,1133,0,0.0,91000.0,91000.0,-9000.0
719,Guadalupe Ingram,paroli,100.0,100000.0,50000.0,1131,1,0.0,89600.0,89600.0,-10400.0
720,Tripp Nolan,paroli,100.0,100000.0,50000.0,1141,0,0.0,101100.0,101100.0,1100.0
721,Itzayana Wilkins,paroli,100.0,100000.0,50000.0,1092,2,0.0,81000.0,81000.0,-19000.0
722,Yusuf Casey,paroli,100.0,100000.0,50000.0,1123,2,0.0,90000.0,90000.0,-10000.0
723,Sylvia Dawson,paroli,100.0,100000.0,50000.0,1166,0,0.0,94200.0,94200.0,-5800.0
724,Iker Blair,paroli,100.0,100000.0,50000.0,1105,0,0.0,88100.0,88100.0,-11900.0
725,Frances Delarosa,paroli,100.0,100000.0,50000.0,1178,1,0.0,103700.0,103700.0,3700.0
726,Osiris Woods,paroli,100.0,100000.0,50000.0,1164,1,0.0,98500.0,98500.0,-1500.0
727,Reese Jimenez,paroli,100.0,100000.0,50000.0,1117,2,0.0,93300.0,93300.0,-6700.0
728,Silas Parrish,paroli,100.0,100000.0,50000.0,1189,0,0.0,102300.0,102300.0,2300.0
729,Tiana Schaefer,paroli,100.0,100000.0,50000.0,1190,1,0.0,103600.0,103600.0,3600.0
730,Ishaan Lowery,paroli,100.0,100000.0,50000.0,1201,0,0.0,106200.0,106200.0,6200.0
731,Estelle Parrish,paroli,100.0,100000.0,50000.0,1198,2,0.0,102500.0,102500.0,2500.0
732,Karsyn Munoz,paroli,100.0,100000.0,50000.0,1155,0,0.0,96500.0,96500.0,-3500.0
733,Kehlani Macias,paroli,100.0,100000.0,50000.0,1146,0,0.0,91800.0,91800.0,-8200.0
734,Moshe Bautista,paroli,100.0,100000.0,50000.0,1134,0,0.0,92900.0,92900.0,-7100.0
735,Antonella Duran,paroli,100.0,100000.0,50000.0,1099,0,0.0,90800.0,90800.0,-9200.0
736,Ismael Strong,paroli,100.0,100000.0,50000.0,1225,2,0.0,108900.0,108900.0,8900.0
737,Margo Acevedo,paroli,100.0,100000.0,50000.0,1182,1,0.0,100300.0,100300.0,300.0
738,Dakari Ramsey,paroli,100.0,100000.0,50000.0,1152,0,0.0,97600.0,97600.0,-2400.0
739,Lyric Arnold,paroli,100.0,100000.0,50000.0,1170,0,0.0,98500.0,98500.0,-1500.0
740,Abraham Christian,paroli,100.0,100000.0,50000.0,1144,0,0.0,92600.0,92600.0,-7400.0
741,Anahi Rodgers,paroli,100.0,100000.0,50000.0,1118,1,0.0,85000.0,85000.0,-15000.0
742,Mathias Hodge,paroli,100.0,100000.0,50000.0,1113,3,0.0,85500.0,85500.0,-14500.0
743,Coraline Skinner,paroli,100.0,100000.0,50000.0,1145,1,0.0,88100.0,88100.0,-11900.0
744,Ridge Goodman,paroli,100.0,100000.0,50000.0,1175,0,0.0,100100.0,100100.0,100.0
745,Carolina Esquivel,paroli,100.0,100000.0,50000.0,1168,1,0.0,98900.0,98900.0,-1100.0
746,Bridger Clark,paroli,100.0,100000.0,50000.0,1128,1,0.0,90300.0,90300.0,-9700.0
747,Chloe Yates,paroli,100.0,100000.0,50000.0,1175,2,0.0,99000.0,99000.0,-1000.0
748,Braylon Gray,paroli,100.0,100000.0,50000.0,1134,1,0.0,92500.0,92500.0,-7500.0
749,Sarah Murillo,paroli,100.0,100000.0,50000.0,1179,1,0.0,97900.0,97900.0,-2100.0
750,Lance Krueger,paroli,100.0,100000.0,50000.0,1121,0,0.0,91100.0,91100.0,-8900.0
751,Kamari Vang,paroli,100.0,100000.0,50000.0,1109,2,0.0,82900.0,82900.0,-17100.0
752,Jimmy Hampton,paroli,100.0,100000.0,50000.0,1134,0,0.0,90900.0,90900.0,-9100.0
753,Leona Maxwell,paroli,100.0,100000.0,50000.0,1155,0,0.0,93000.0,93000.0,-7000.0
754,Eden Esquivel,paroli,100.0,100000.0,50000.0,1212,2,0.0,104500.0,104500.0,4500.0
755,Jaylee Wise,paroli,100.0,100000.0,50000.0,1122,0,0.0,88700.0,88700.0,-11300.0
756,Frederick Bailey,paroli,100.0,100000.0,50000.0,1121,2,0.0,94200.0,94200.0,-5800.0
757,Kennedy Spears,paroli,100.0,100000.0,50000.0,1192,0,0.0,102200.0,102200.0,2200.0
758,Ameer Rush,paroli,100.0,100000.0,50000.0,1127,1,0.0,92800.0,92800.0,-7200.0
759,Maleah Drake,paroli,100.0,100000.0,50000.0,1148,0,0.0,97600.0,97600.0,-2400.0
760,Jalen Schwartz,paroli,100.0,100000.0,50000.0,1199,0,0.0,106800.0,106800.0,6800.0
761,Lilliana Willis,paroli,100.0,100000.0,50000.0,1157,2,0.0,96100.0,96100.0,-3900.0
762,Remington Deleon,paroli,100.0,100000.0,50000.0,1142,0,0.0,90500.0,90500.0,-9500.0
763,Gabrielle Walter,paroli,100.0,100000.0,50000.0,1181,0,0.0,100400.0,100400.0,400.0
764,Lochlan Parker,paroli,100.0,100000.0,50000.0,1147,2,0.0,96100.0,96100.0,-3900.0
765,Aubrey Marsh,paroli,100.0,100000.0,50000.0,1126,0,0.0,91900.0,91900.0,-8100.0
766,Bo Clarke,paroli,100.0,100000.0,50000.0,1148,2,0.0,96000.0,96000.0,-4000.0
767,Kaitlyn Lynn,paroli,100.0,100000.0,50000.0,1139,2,0.0,94900.0,94900.0,-5100.0
768,Zechariah Perkins,paroli,100.0,100000.0,50000.0,1172,0,0.0,99800.0,99800.0,-200.0
769,Sage Peck,paroli,100.0,100000.0,50000.0,1145,0,0.0,91800.0,91800.0,-8200.0
770,Yousef Gonzalez,paroli,100.0,100000.0,50000.0,1120,1,0.0,88100.0,88100.0,-11900.0
771,Abigail Martin,paroli,100.0,100000.0,50000.0,1094,0,0.0,84500.0,84500.0,-15500.0
772,Mateo Lynn,paroli,100.0,100000.0,50000.0,1130,2,0.0,94200.0,94200.0,-5800.0
773,Samira Avery,paroli,100.0,100000.0,50000.0,1167,3,0.0,100100.0,100100.0,100.0
774,Jakari Carter,paroli,100.0,100000.0,50000.0,1145,1,0.0,94800.0,94800.0,-5200.0
775,Lucy Noble,paroli,100.0,100000.0,50000.0,1147,0,0.0,94100.0,94100.0,-5900.0
776,Idris Rice,paroli,100.0,100000.0,50000.0,1142,0,0.0,93500.0,93500.0,-6500.0
777,Ada Sparks,paroli,100.0,100000.0,50000.0,1154,0,0.0,97300.0,97300.0,-2700.0
778,Drake Bartlett,paroli,100.0,100000.0,50000.0,1149,1,0.0,93300.0,93300.0,-6700.0
779,Aubrielle Stanton,paroli,100.0,100000.0,50000.0,1111,1,0.0,86800.0,86800.0,-13200.0
780,Zyair Lam,paroli,100.0,100000.0,50000.0,1139,1,0.0,90500.0,90500.0,-9500.0
781,Karina Shaw,paroli,100.0,100000.0,50000.0,1131,0,0.0,98200.0,98200.0,-1800.0
782,Elliot Gray,paroli,100.0,100000.0,50000.0,1106,1,0.0,88100.0,88100.0,-11900.0
783,Sarah Costa,paroli,100.0,100000.0,50000.0,1214,2,0.0,109200.0,109200.0,9200.0
784,Kenji Cole,paroli,100.0,100000.0,50000.0,1130,1,0.0,87300.0,87300.0,-12700.0
785,Margaret Alfaro,paroli,100.0,100000.0,50000.0,1170,1,0.0,103800.0,103800.0,3800.0
786,Xzavier Acosta,paroli,100.0,100000.0,50000.0,1219,3,0.0,110400.0,110400.0,10400.0
787,Kaia McIntosh,paroli,100.0,100000.0,50000.0,1161,0,0.0,96800.0,96800.0,-3200.0
788,Kristian Chang,paroli,100.0,100000.0,50000.0,1183,0,0.0,100800.0,100800.0,800.0
789,Ophelia Mills,paroli,100.0,100000.0,50000.0,1125,0,0.0,93500.0,93500.0,-6500.0
790,Alex Kline,paroli,100.0,100000.0,50000.0,1205,0,0.0,104000.0,104000.0,4000.0
791,Sevyn Clayton,paroli,100.0,100000.0,50000.0,1201,4,0.0,102000.0,102000.0,2000.0
792,Boston Madden,paroli,100.0,100000.0,50000.0,1131,1,0.0,90700.0,90700.0,-9300.0
793,Violette Choi,paroli,100.0,100000.0,50000.0,1133,0,0.0,92100.0,92100.0,-7900.0
794,Khari Huber,paroli,100.0,100000.0,50000.0,1193,2,0.0,104100.0,104100.0,4100.0
795,Raquel Bruce,paroli,100.0,100000.0,50000.0,1126,1,0.0,88200.0,88200.0,-11800.0
796,Uriah Torres,paroli,100.0,100000.0,50000.0,1115,4,0.0,90900.0,90900.0,-9100.0
797,Violet Schmitt,paroli,100.0,100000.0,50000.0,1144,1,0.0,93600.0,93600.0,-6400.0
798,Murphy McLaughlin,paroli,100.0,100000.0,50000.0,1153,0,0.0,94000.0,94000.0,-6000.0
799,Stephanie Barron,paroli,100.0,100000.0,50000.0,1170,1,0.0,100100.0,100100.0,100.0
800,Dustin Guzman,paroli,100.0,100000.0,50000.0,1157,1,0.0,99600.0,99600.0,-400.0
801,Ashley Valdez,paroli,100.0,100000.0,50000.0,1160,0,0.0,98200.0,98200.0,-1800.0
802,Kyler Fischer,paroli,100.0,100000.0,50000.0,1146,1,0.0,89100.0,89100.0,-10900.0
803,Maci Peralta,paroli,100.0,100000.0,50000.0,1157,0,0.0,92500.0,92500.0,-7500.0
804,Dangelo Bryant,paroli,100.0,100000.0,50000.0,1125,1,0.0,83200.0,83200.0,-16800.0
805,Parker Nelson,paroli,100.0,100000.0,50000.0,1168,0,0.0,97500.0,97500.0,-2500.0
806,Dylan Morgan,paroli,100.0,100000.0,50000.0,1137,0,0.0,91600.0,91600.0,-8400.0
807,Delilah Stewart,paroli,100.0,100000.0,50000.0,1188,1,0.0,98400.0,98400.0,-1600.0
808,Nolan Nolan,paroli,100.0,100000.0,50000.0,1117,2,0.0,86600.0,86600.0,-13400.0
809,Itzayana Hull,paroli,100.0,100000.0,50000.0,1139,1,0.0,92800.0,92800.0,-7200.0
810,Salem Harding,paroli,100.0,100000.0,50000.0,1158,0,0.0,90800.0,90800.0,-9200.0
811,Aniya Bowen,paroli,100.0,100000.0,50000.0,1162,1,0.0,99800.0,99800.0,-200.0
812,Trevor Travis,paroli,100.0,100000.0,50000.0,1201,0,0.0,106000.0,106000.0,6000.0
813,Mazikee Hudson,paroli,100.0,100000.0,50000.0,1169,1,0.0,96600.0,96600.0,-3400.0
814,Peter McCormick,paroli,100.0,100000.0,50000.0,1167,1,0.0,101200.0,101200.0,1200.0
815,Macie Sierra,paroli,100.0,100000.0,50000.0,1143,0,0.0,94600.0,94600.0,-5400.0
816,Dayton Reid,paroli,100.0,100000.0,50000.0,1151,0,0.0,92500.0,92500.0,-7500.0
817,Charlee Noble,paroli,100.0,100000.0,50000.0,1155,2,0.0,96100.0,96100.0,-3900.0
818,Idris Pineda,paroli,100.0,100000.0,50000.0,1259,3,0.0,116900.0,116900.0,16900.0
819,Nola Wiggins,paroli,100.0,100000.0,50000.0,1171,3,0.0,97100.0,97100.0,-2900.0
820,Azariah Craig,paroli,100.0,100000.0,50000.0,1156,1,0.0,98200.0,98200.0,-1800.0
821,Brynn Valdez,paroli,100.0,100000.0,50000.0,1130,1,0.0,88900.0,88900.0,-11100.0
822,Kyler Frye,paroli,100.0,100000.0,50000.0,1147,0,0.0,95400.0,95400.0,-4600.0
823,Raya Conrad,paroli,100.0,100000.0,50000.0,1164,0,0.0,96800.0,96800.0,-3200.0
824,Dilan Randall,paroli,100.0,100000.0,50000.0,1144,0,0.0,93400.0,93400.0,-6600.0
825,Christina Nash,paroli,100.0,100000.0,50000.0,1130,0,0.0,96100.0,96100.0,-3900.0
826,Chandler Lin,paroli,100.0,100000.0,50000.0,1137,0,0.0,92000.0,92000.0,-8000.0
827,Makenna Hardy,paroli,100.0,100000.0,50000.0,1136,2,0.0,93600.0,93600.0,-6400.0
828,Jayceon Crawford,paroli,100.0,100000.0,50000.0,1119,0,0.0,91600.0,91600.0,-8400.0
829,Aubree Walter,paroli,100.0,100000.0,50000.0,1122,0,0.0,93900.0,93900.0,-6100.0
830,Lochlan Boyd,paroli,100.0,100000.0,50000.0,1176,0,0.0,100400.0,100400.0,400.0
831,Georgia Blackwell,paroli,100.0,100000.0,50000.0,1129,1,0.0,88100.0,88100.0,-11900.0
832,Marcellus Hurst,paroli,100.0,100000.0,50000.0,1129,0,0.0,87600.0,87600.0,-12400.0
833,Adalee Huffman,paroli,100.0,100000.0,50000.0,1151,0,0.0,93600.0,93600.0,-6400.0
834,Chris Reynolds,paroli,100.0,100000.0,50000.0,1191,3,0.0,106300.0,106300.0,6300.0
835,Isabelle Zhang,paroli,100.0,100000.0,50000.0,1132,0,0.0,89300.0,89300.0,-10700.0
836,Isaias Watts,paroli,100.0,100000.0,50000.0,1130,0,0.0,91500.0,91500.0,-8500.0
837,Melissa Wilkins,paroli,100.0,100000.0,50000.0,1192,1,0.0,101700.0,101700.0,1700.0
838,Yusuf Neal,paroli,100.0,100000.0,50000.0,1148,1,0.0,94100.0,94100.0,-5900.0
839,Talia Savage,paroli,100.0,100000.0,50000.0,1121,2,0.0,92300.0,92300.0,-7700.0
840,Keaton Myers,paroli,100.0,100000.0,50000.0,1131,0,0.0,88300.0,88300.0,-11700.0
841,Lydia Boyer,paroli,100.0,100000.0,50000.0,1083,1,0.0,79900.0,79900.0,-20100.0
842,Zeke Blake,paroli,100.0,100000.0,50000.0,1172,0,0.0,105500.0,105500.0,5500.0
843,Amanda Gaines,paroli,100.0,100000.0,50000.0,1180,1,0.0,99900.0,99900.0,-100.0
844,Talon Owens,paroli,100.0,100000.0,50000.0,1168,4,0.0,99700.0,99700.0,-300.0
845,Amaya Anderson,paroli,100.0,100000.0,50000.0,1152,0,0.0,93700.0,93700.0,-6300.0
846,Jacob Adams,paroli,100.0,100000.0,50000.0,1223,0,0.0,113900.0,113900.0,13900.0
847,Stella Clark,paroli,100.0,100000.0,50000.0,1157,3,0.0,102700.0,102700.0,2700.0
848,John Richards,paroli,100.0,100000.0,50000.0,1138,1,0.0,95300.0,95300.0,-4700.0
849,Trinity Farmer,paroli,100.0,100000.0,50000.0,1175,1,0.0,97500.0,97500.0,-2500.0
850,Jamison Lamb,paroli,100.0,100000.0,50000.0,1104,1,0.0,81600.0,81600.0,-18400.0
851,Amaia Webb,paroli,100.0,100000.0,50000.0,1135,0,0.0,96800.0,96800.0,-3200.0
852,Lorenzo Farmer,paroli,100.0,100000.0,50000.0,1156,1,0.0,99500.0,99500.0,-500.0
853,Madelynn Yu,paroli,100.0,100000.0,50000.0,1139,2,0.0,90200.0,90200.0,-9800.0
854,Bryant Bryant,paroli,100.0,100000.0,50000.0,1146,1,0.0,93400.0,93400.0,-6600.0
855,Parker Tapia,paroli,100.0,100000.0,50000.0,1178,0,0.0,97700.0,97700.0,-2300.0
856,Samir Grimes,paroli,100.0,100000.0,50000.0,1174,2,0.0,97600.0,97600.0,-2400.0
857,Braelyn Ware,paroli,100.0,100000.0,50000.0,1173,0,0.0,97000.0,97000.0,-3000.0
858,Tadeo Munoz,paroli,100.0,100000.0,50000.0,1181,1,0.0,98300.0,98300.0,-1700.0
859,Kehlani Brooks,paroli,100.0,100000.0,50000.0,1157,1,0.0,95800.0,95800.0,-4200.0
860,Jordan Roman,paroli,100.0,100000.0,50000.0,1132,1,0.0,89800.0,89800.0,-10200.0
861,Astrid Dougherty,paroli,100.0,100000.0,50000.0,1113,0,0.0,87600.0,87600.0,-12400.0
862,Brett McCann,paroli,100.0,100000.0,50000.0,1136,1,0.0,85200.0,85200.0,-14800.0
863,Joyce Logan,paroli,100.0,100000.0,50000.0,1199,2,0.0,104600.0,104600.0,4600.0
864,Rocco Lane,paroli,100.0,100000.0,50000.0,1116,0,0.0,87800.0,87800.0,-12200.0
865,Amy Schmidt,paroli,100.0,100000.0,50000.0,1161,0,0.0,96100.0,96100.0,-3900.0
866,Zayden Ruiz,paroli,100.0,100000.0,50000.0,1132,0,0.0,88800.0,88800.0,-11200.0
867,Emery Thornton,paroli,100.0,100000.0,50000.0,1161,0,0.0,96800.0,96800.0,-3200.0
868,Malik Lloyd,paroli,100.0,100000.0,50000.0,1141,2,0.0,89700.0,89700.0,-10300.0
869,Emely Singh,paroli,100.0,100000.0,50000.0,1133,0,0.0,91700.0,91700.0,-8300.0
870,Louis Perez,paroli,100.0,100000.0,50000.0,1149,2,0.0,95700.0,95700.0,-4300.0
871,Eleanor Rasmussen,paroli,100.0,100000.0,50000.0,1181,0,0.0,104500.0,104500.0,4500.0
872,Will Gordon,paroli,100.0,100000.0,50000.0,1187,1,0.0,102700.0,102700.0,2700.0
873,Taylor Rasmussen,paroli,100.0,100000.0,50000.0,1141,1,0.0,89600.0,89600.0,-10400.0
874,Will Jennings,paroli,100.0,100000.0,50000.0,1195,0,0.0,103300.0,103300.0,3300.0
875,Palmer Snyder,paroli,100.0,100000.0,50000.0,1105,0,0.0,84300.0,84300.0,-15700.0
876,Thiago Becker,paroli,100.0,100000.0,50000.0,1165,0,0.0,98900.0,98900.0,-1100.0
877,Laura Bender,paroli,100.0,100000.0,50000.0,1157,0,0.0,94500.0,94500.0,-5500.0
878,Zavier Erickson,paroli,100.0,100000.0,50000.0,1162,1,0.0,98000.0,98000.0,-2000.0
879,Sabrina Fry,paroli,100.0,100000.0,50000.0,1111,0,0.0,85100.0,85100.0,-14900.0
880,Jacoby Moody,paroli,100.0,100000.0,50000.0,1073,0,0.0,80700.0,80700.0,-19300.0
881,Elaine Skinner,paroli,100.0,100000.0,50000.0,1110,0,0.0,84700.0,84700.0,-15300.0
882,Ridge Casey,paroli,100.0,100000.0,50000.0,1244,1,0.0,112300.0,112300.0,12300.0
883,Sylvia Wells,paroli,100.0,100000.0,50000.0,1125,6,0.0,88300.0,88300.0,-11700.0
884,Max Houston,paroli,100.0,100000.0,50000.0,1166,1,0.0,99800.0,99800.0,-200.0
885,Lylah Serrano,paroli,100.0,100000.0,50000.0,1152,1,0.0,94000.0,94000.0,-6000.0
886,Milan Beltran,paroli,100.0,100000.0,50000.0,1161,2,0.0,95100.0,95100.0,-4900.0
887,Kaydence Escobar,paroli,100.0,100000.0,50000.0,1154,1,0.0,99100.0,99100.0,-900.0
888,Zachariah Sanders,paroli,100.0,100000.0,50000.0,1105,0,0.0,84100.0,84100.0,-15900.0
889,Everleigh Barker,paroli,100.0,100000.0,50000.0,1153,1,0.0,93400.0,93400.0,-6600.0
890,Kade Christian,paroli,100.0,100000.0,50000.0,1114,1,0.0,88900.0,88900.0,-11100.0
891,Anahi Kane,paroli,100.0,100000.0,50000.0,1057,1,0.0,81200.0,81200.0,-18800.0
892,Brock Villegas,paroli,100.0,100000.0,50000.0,1122,1,0.0,89200.0,89200.0,-10800.0
893,Jessie McCullough,paroli,100.0,100000.0,50000.0,1149,0,0.0,96900.0,96900.0,-3100.0
894,Briar Warner,paroli,100.0,100000.0,50000.0,1189,0,0.0,104800.0,104800.0,4800.0
895,Wynter Jacobs,paroli,100.0,100000.0,50000.0,1160,0,0.0,97000.0,97000.0,-3000.0
896,Bryan Ibarra,paroli,100.0,100000.0,50000.0,1120,0,0.0,90200.0,90200.0,-9800.0
897,Madilynn Portillo,paroli,100.0,100000.0,50000.0,1175,0,0.0,102800.0,102800.0,2800.0
898,Wallace McDowell,paroli,100.0,100000.0,50000.0,1167,0,0.0,97700.0,97700.0,-2300.0
899,Rayna Gordon,paroli,100.0,100000.0,50000.0,1147,0,0.0,94100.0,94100.0,-5900.0
900,Karter Holland,paroli,100.0,100000.0,50000.0,1141,0,0.0,90400.0,90400.0,-9600.0
901,Mariah O’Neal,paroli,100.0,100000.0,50000.0,1137,0,0.0,91000.0,91000.0,-9000.0
902,Eddie Khan,paroli,100.0,100000.0,50000.0,1142,0,0.0,95900.0,95900.0,-4100.0
903,Mabel Lozano,paroli,100.0,100000.0,50000.0,1138,3,0.0,89100.0,89100.0,-10900.0
904,Boone Molina,paroli,100.0,100000.0,50000.0,1148,0,0.0,93100.0,93100.0,-6900.0
905,Alexandria Simpson,paroli,100.0,100000.0,50000.0,1127,1,0.0,89900.0,89900.0,-10100.0
906,Elliott McKinney,paroli,100.0,100000.0,50000.0,1131,1,0.0,87400.0,87400.0,-12600.0
907,Gwendolyn Lozano,paroli,100.0,100000.0,50000.0,1182,0,0.0,97800.0,97800.0,-2200.0
908,Boone Rollins,paroli,100.0,100000.0,50000.0,1124,3,0.0,91400.0,91400.0,-8600.0
909,Araceli Schmitt,paroli,100.0,100000.0,50000.0,1140,0,0.0,88500.0,88500.0,-11500.0
910,Murphy Roach,paroli,100.0,100000.0,50000.0,1173,0,0.0,92400.0,92400.0,-7600.0
911,Lyanna Fields,paroli,100.0,100000.0,50000.0,1158,0,0.0,95600.0,95600.0,-4400.0
912,Clayton Suarez,paroli,100.0,100000.0,50000.0,1106,0,0.0,87400.0,87400.0,-12600.0
913,Jimena Zavala,paroli,100.0,100000.0,50000.0,1180,0,0.0,97200.0,97200.0,-2800.0
914,Dillon Aguilar,paroli,100.0,100000.0,50000.0,1147,1,0.0,93000.0,93000.0,-7000.0
915,Josie Jennings,paroli,100.0,100000.0,50000.0,1097,0,0.0,86800.0,86800.0,-13200.0
916,Corbin Foster,paroli,100.0,100000.0,50000.0,1180,1,0.0,98500.0,98500.0,-1500.0
917,Brielle Dudley,paroli,100.0,100000.0,50000.0,1128,0,0.0,88200.0,88200.0,-11800.0
918,Colter Graham,paroli,100.0,100000.0,50000.0,1160,0,0.0,96700.0,96700.0,-3300.0
919,Alaia Golden,paroli,100.0,100000.0,50000.0,1171,1,0.0,96800.0,96800.0,-3200.0
920,Amias Payne,paroli,100.0,100000.0,50000.0,1182,1,0.0,99000.0,99000.0,-1000.0
921,London Browning,paroli,100.0,100000.0,50000.0,1106,2,0.0,91600.0,91600.0,-8400.0
922,Rohan Moore,paroli,100.0,100000.0,50000.0,1142,2,0.0,92400.0,92400.0,-7600.0
923,Emily Banks,paroli,100.0,100000.0,50000.0,1164,0,0.0,99900.0,99900.0,-100.0
924,Martin Powers,paroli,100.0,100000.0,50000.0,1106,0,0.0,84800.0,84800.0,-15200.0
925,Michelle O’Neill,paroli,100.0,100000.0,50000.0,1157,1,0.0,97300.0,97300.0,-2700.0
926,Marcel Fuller,paroli,100.0,100000.0,50000.0,1140,0,0.0,92300.0,92300.0,-7700.0
927,Oakley Gray,paroli,100.0,100000.0,50000.0,1173,1,0.0,98600.0,98600.0,-1400.0
928,Nicholas Woods,paroli,100.0,100000.0,50000.0,1166,4,0.0,99000.0,99000.0,-1000.0
929,Reese Hahn,paroli,100.0,100000.0,50000.0,1153,0,0.0,92000.0,92000.0,-8000.0
930,Kabir McCullough,paroli,100.0,100000.0,50000.0,1139,0,0.0,95300.0,95300.0,-4700.0
931,Hana Conway,paroli,100.0,100000.0,50000.0,1116,0,0.0,84300.0,84300.0,-15700.0
932,Orlando Zavala,paroli,100.0,100000.0,50000.0,1147,0,0.0,91900.0,91900.0,-8100.0
933,Liv Gilmore,paroli,100.0,100000.0,50000.0,1178,2,0.0,94300.0,94300.0,-5700.0
934,Vihaan Daugherty,paroli,100.0,100000.0,50000.0,1141,2,0.0,92000.0,92000.0,-8000.0
935,Magdalena Jefferson,paroli,100.0,100000.0,50000.0,1109,1,0.0,83200.0,83200.0,-16800.0
936,Raylan Keith,paroli,100.0,100000.0,50000.0,1107,0,0.0,84600.0,84600.0,-15400.0
937,Elyse Mann,paroli,100.0,100000.0,50000.0,1123,0,0.0,84500.0,84500.0,-15500.0
938,Nehemiah Estrada,paroli,100.0,100000.0,50000.0,1111,0,0.0,83900.0,83900.0,-16100.0
939,Sawyer Simpson,paroli,100.0,100000.0,50000.0,1112,0,0.0,89000.0,89000.0,-11000.0
940,Elliott Harmon,paroli,100.0,100000.0,50000.0,1124,0,0.0,95700.0,95700.0,-4300.0
941,Maren Winters,paroli,100.0,100000.0,50000.0,1167,0,0.0,96300.0,96300.0,-3700.0
942,Deandre Sampson,paroli,100.0,100000.0,50000.0,1183,0,0.0,101900.0,101900.0,1900.0
943,Meilani Mack,paroli,100.0,100000.0,50000.0,1178,0,0.0,96900.0,96900.0,-3100.0
944,Esteban Klein,paroli,100.0,100000.0,50000.0,1180,0,0.0,103200.0,103200.0,3200.0
945,Elianna Anthony,paroli,100.0,100000.0,50000.0,1090,2,0.0,86900.0,86900.0,-13100.0
946,Shiloh Knox,paroli,100.0,100000.0,50000.0,1183,1,0.0,102000.0,102000.0,2000.0
947,Kallie McIntyre,paroli,100.0,100000.0,50000.0,1140,1,0.0,89200.0,89200.0,-10800.0
948,Eliseo Hopkins,paroli,100.0,100000.0,50000.0,1146,0,0.0,97300.0,97300.0,-2700.0
949,Gabriela Hunter,paroli,100.0,100000.0,50000.0,1168,1,0.0,95200.0,95200.0,-4800.0
950,Archer Bullock,paroli,100.0,100000.0,50000.0,1142,0,0.0,95300.0,95300.0,-4700.0
951,Winnie Briggs,paroli,100.0,100000.0,50000.0,1164,0,0.0,98500.0,98500.0,-1500.0
952,Case Huff,paroli,100.0,100000.0,50000.0,1124,0,0.0,90300.0,90300.0,-9700.0
953,Karsyn Copeland,paroli,100.0,100000.0,50000.0,1117,2,0.0,90000.0,90000.0,-10000.0
954,Axton Richards,paroli,100.0,100000.0,50000.0,1155,0,0.0,91600.0,91600.0,-8400.0
955,Trinity Dillon,paroli,100.0,100000.0,50000.0,1120,1,0.0,92800.0,92800.0,-7200.0
956,Alvin Sierra,paroli,100.0,100000.0,50000.0,1135,0,0.0,93900.0,93900.0,-6100.0
957,Marceline Johnson,paroli,100.0,100000.0,50000.0,1148,0,0.0,94000.0,94000.0,-6000.0
958,Noah Quinn,paroli,100.0,100000.0,50000.0,1193,2,0.0,100000.0,100000.0,0.0
959,Heaven Morris,paroli,100.0,100000.0,50000.0,1139,1,0.0,91900.0,91900.0,-8100.0
960,Christian Gould,paroli,100.0,100000.0,50000.0,1261,0,0.0,117100.0,117100.0,17100.0
961,Violeta Magana,paroli,100.0,100000.0,50000.0,1214,0,0.0,104400.0,104400.0,4400.0
962,Rey Enriquez,paroli,100.0,100000.0,50000.0,1118,2,0.0,90600.0,90600.0,-9400.0
963,Nellie Jensen,paroli,100.0,100000.0,50000.0,1133,2,0.0,88200.0,88200.0,-11800.0
964,Cash Simpson,paroli,100.0,100000.0,50000.0,1188,4,0.0,100600.0,100600.0,600.0
965,Anastasia Mathis,paroli,100.0,100000.0,50000.0,1146,0,0.0,94700.0,94700.0,-5300.0
966,Gustavo Hanna,paroli,100.0,100000.0,50000.0,1144,0,0.0,93800.0,93800.0,-6200.0
967,Cynthia Bauer,paroli,100.0,100000.0,50000.0,1151,4,0.0,92500.0,92500.0,-7500.0
968,Kieran Lynch,paroli,100.0,100000.0,50000.0,1103,0,0.0,85400.0,85400.0,-14600.0
969,Malia Tran,paroli,100.0,100000.0,50000.0,1102,0,0.0,84800.0,84800.0,-15200.0
970,Braxton Vargas,paroli,100.0,100000.0,50000.0,1163,0,0.0,98900.0,98900.0,-1100.0
971,Andrea Strong,paroli,100.0,100000.0,50000.0,1147,0,0.0,89400.0,89400.0,-10600.0
972,Axl Poole,paroli,100.0,100000.0,50000.0,1152,0,0.0,95900.0,95900.0,-4100.0
973,Bonnie Drake,paroli,100.0,100000.0,50000.0,1146,0,0.0,94400.0,94400.0,-5600.0
974,Jalen Frazier,paroli,100.0,100000.0,50000.0,1149,3,0.0,93400.0,93400.0,-6600.0
975,Octavia Ayers,paroli,100.0,100000.0,50000.0,1129,1,0.0,89600.0,89600.0,-10400.0
976,Ulises Colon,paroli,100.0,100000.0,50000.0,1108,2,0.0,90500.0,90500.0,-9500.0
977,Remy Cline,paroli,100.0,100000.0,50000.0,1178,0,0.0,102600.0,102600.0,2600.0
978,Cullen Carpenter,paroli,100.0,100000.0,50000.0,1156,0,0.0,98800.0,98800.0,-1200.0
979,Lilly Skinner,paroli,100.0,100000.0,50000.0,1141,3,0.0,96000.0,96000.0,-4000.0
980,Ridge Luna,paroli,100.0,100000.0,50000.0,1137,0,0.0,94600.0,94600.0,-5400.0
981,Journey Hutchinson,paroli,100.0,100000.0,50000.0,1096,0,0.0,82200.0,82200.0,-17800.0
982,Korbin Knox,paroli,100.0,100000.0,50000.0,1160,0,0.0,92000.0,92000.0,-8000.0
983,Kallie Houston,paroli,100.0,100000.0,50000.0,1177,1,0.0,98700.0,98700.0,-1300.0
984,Sylas Montoya,paroli,100.0,100000.0,50000.0,1143,0,0.0,91600.0,91600.0,-8400.0
985,Kamryn Griffin,paroli,100.0,100000.0,50000.0,1121,0,0.0,85800.0,85800.0,-14200.0
986,Ayden Lynn,paroli,100.0,100000.0,50000.0,1159,0,0.0,99800.0,99800.0,-200.0
987,Samira Weiss,paroli,100.0,100000.0,50000.0,1146,0,0.0,97900.0,97900.0,-2100.0
988,Koa Reid,paroli,100.0,100000.0,50000.0,1128,1,0.0,89200.0,89200.0,-10800.0
989,Charlee Kelley,paroli,100.0,100000.0,50000.0,1096,0,0.0,85200.0,85200.0,-14800.0
990,Eric Dougherty,paroli,100.0,100000.0,50000.0,1162,1,0.0,93200.0,93200.0,-6800.0
991,Alisson Benjamin,paroli,100.0,100000.0,50000.0,1141,1,0.0,94400.0,94400.0,-5600.0
992,Kyro Mosley,paroli,100.0,100000.0,50000.0,1158,2,0.0,96200.0,96200.0,-3800.0
993,Zaniyah Hurst,paroli,100.0,100000.0,50000.0,1180,1,0.0,102400.0,102400.0,2400.0
994,Neil Rosales,paroli,100.0,100000.0,50000.0,1222,0,0.0,112100.0,112100.0,12100.0
995,Kinley Buckley,paroli,100.0,100000.0,50000.0,1117,1,0.0,88700.0,88700.0,-11300.0
996,Aryan Weaver,paroli,100.0,100000.0,50000.0,1093,1,0.0,82900.0,82900.0,-17100.0
997,Teagan Flynn,paroli,100.0,100000.0,50000.0,1135,0,0.0,94800.0,94800.0,-5200.0
998,Kannon Fernandez,paroli,100.0,100000.0,50000.0,1129,0,0.0,90900.0,90900.0,-9100.0
999,Amara Chen,paroli,100.0,100000.0,50000.0,1135,1,0.0,88300.0,88300.0,-11700.0
1000,Emmanuel Faulkner,paroli,100.0,100000.0,50000.0,1168,0,0.0,94400.0,94400.0,-5600.0
1001,Lilian Conrad,paroli,100.0,100000.0,50000.0,1155,0,0.0,99200.0,99200.0,-800.0
1002,Dilan Moreno,paroli,100.0,100000.0,50000.0,1145,0,0.0,93500.0,93500.0,-6500.0
1003,Mary Hebert,paroli,100.0,100000.0,50000.0,1158,1,0.0,97700.0,97700.0,-2300.0
1004,Guillermo McPherson,paroli,100.0,100000.0,50000.0,1142,0,0.0,91400.0,91400.0,-8600.0
1005,Emmaline Wyatt,paroli,100.0,100000.0,50000.0,1142,0,0.0,97200.0,97200.0,-2800.0
1006,Sam Kennedy,paroli,100.0,100000.0,50000.0,1156,0,0.0,97600.0,97600.0,-2400.0
1007,Brianna Montoya,paroli,100.0,100000.0,50000.0,1098,1,0.0,83700.0,83700.0,-16300.0
1008,Ford Le,paroli,100.0,100000.0,50000.0,1124,1,0.0,90300.0,90300.0,-9700.0
1009,Myla Kennedy,paroli,100.0,100000.0,50000.0,1180,0,0.0,99000.0,99000.0,-1000.0
1010,Maxwell Lane,paroli,100.0,100000.0,50000.0,1175,1,0.0,96500.0,96500.0,-3500.0
1011,Amy Shepard,paroli,100.0,100000.0,50000.0,1192,1,0.0,103700.0,103700.0,3700.0
1012,Damari Medrano,paroli,100.0,100000.0,50000.0,1200,3,0.0,102500.0,102500.0,2500.0
1013,Halle Dyer,paroli,100.0,100000.0,50000.0,1125,0,0.0,95800.0,95800.0,-4200.0
1014,Atreus Lowery,paroli,100.0,100000.0,50000.0,1195,2,0.0,105900.0,105900.0,5900.0
1015,Estelle Harrison,paroli,100.0,100000.0,50000.0,1134,1,0.0,91800.0,91800.0,-8200.0
1016,Gavin Dominguez,paroli,100.0,100000.0,50000.0,1206,1,0.0,104900.0,104900.0,4900.0
1017,Raegan Erickson,paroli,100.0,100000.0,50000.0,1104,0,0.0,85000.0,85000.0,-15000.0
1018,Johnny Daniel,paroli,100.0,100000.0,50000.0,1116,2,0.0,87100.0,87100.0,-12900.0
1019,Joy Barron,paroli,100.0,100000.0,50000.0,1116,0,0.0,83100.0,83100.0,-16900.0
1020,Dustin Franco,paroli,100.0,100000.0,50000.0,1167,1,0.0,99700.0,99700.0,-300.0
1021,Charleigh Valenzuela,paroli,100.0,100000.0,50000.0,1214,2,0.0,110700.0,110700.0,10700.0
1022,Jamari Pollard,paroli,100.0,100000.0,50000.0,1137,2,0.0,84800.0,84800.0,-15200.0
1023,Marisol Dominguez,paroli,100.0,100000.0,50000.0,1177,1,0.0,103500.0,103500.0,3500.0
1024,Kaden Flynn,paroli,100.0,100000.0,50000.0,1141,0,0.0,90000.0,90000.0,-10000.0
1025,Dorothy Barber,paroli,100.0,100000.0,50000.0,1153,1,0.0,95100.0,95100.0,-4900.0
1026,Solomon Andrews,paroli,100.0,100000.0,50000.0,1158,1,0.0,95100.0,95100.0,-4900.0
1027,Payton Harmon,paroli,100.0,100000.0,50000.0,1162,3,0.0,92300.0,92300.0,-7700.0
1028,Roberto Lester,paroli,100.0,100000.0,50000.0,1183,4,0.0,101500.0,101500.0,1500.0
1029,Averi Robles,paroli,100.0,100000.0,50000.0,1144,0,0.0,93400.0,93400.0,-6600.0
1030,Otto Daniel,paroli,100.0,100000.0,50000.0,1172,1,0.0,98000.0,98000.0,-2000.0
1031,Joy Trevino,paroli,100.0,100000.0,50000.0,1140,2,0.0,88400.0,88400.0,-11600.0
1032,Jaime Freeman,paroli,100.0,100000.0,50000.0,1189,2,0.0,101300.0,101300.0,1300.0
1033,Norah Salinas,paroli,100.0,100000.0,50000.0,1139,1,0.0,94300.0,94300.0,-5700.0
1034,Edgar Patton,paroli,100.0,100000.0,50000.0,1171,2,0.0,97700.0,97700.0,-2300.0
1035,Lorelei Esquivel,paroli,100.0,100000.0,50000.0,1101,2,0.0,79100.0,79100.0,-20900.0
1036,Bridger Zhang,paroli,100.0,100000.0,50000.0,1208,0,0.0,99800.0,99800.0,-200.0
1037,Sarai Pittman,paroli,100.0,100000.0,50000.0,1167,0,0.0,100100.0,100100.0,100.0
1038,Valentino Gill,paroli,100.0,100000.0,50000.0,1177,0,0.0,97700.0,97700.0,-2300.0
1039,Jordan Hanna,paroli,100.0,100000.0,50000.0,1183,4,0.0,102500.0,102500.0,2500.0
1040,Aydin Townsend,paroli,100.0,100000.0,50000.0,1147,1,0.0,86600.0,86600.0,-13400.0
1041,Azalea Butler,paroli,100.0,100000.0,50000.0,1136,1,0.0,90700.0,90700.0,-9300.0
1042,Ryder Herman,paroli,100.0,100000.0,50000.0,1205,1,0.0,107900.0,107900.0,7900.0
1043,Paulina Nunez,paroli,100.0,100000.0,50000.0,1104,1,0.0,87800.0,87800.0,-12200.0
1044,Caden West,paroli,100.0,100000.0,50000.0,1207,2,0.0,107800.0,107800.0,7800.0
1045,Remi Yang,paroli,100.0,100000.0,50000.0,1129,0,0.0,91100.0,91100.0,-8900.0
1046,Malcolm Norton,paroli,100.0,100000.0,50000.0,1204,0,0.0,103100.0,103100.0,3100.0
1047,Kylee Schmitt,paroli,100.0,100000.0,50000.0,1150,0,0.0,92800.0,92800.0,-7200.0
1048,Murphy Brewer,paroli,100.0,100000.0,50000.0,1160,2,0.0,95100.0,95100.0,-4900.0
1049,Thea Curtis,paroli,100.0,100000.0,50000.0,1168,1,0.0,100100.0,100100.0,100.0
1050,Muhammad Sparks,paroli,100.0,100000.0,50000.0,1160,2,0.0,94800.0,94800.0,-5200.0
1051,Aisha O’Neal,paroli,100.0,100000.0,50000.0,1182,1,0.0,102700.0,102700.0,2700.0
1052,Eddie Johnson,paroli,100.0,100000.0,50000.0,1126,0,0.0,92200.0,92200.0,-7800.0
1053,Emma Brady,paroli,100.0,100000.0,50000.0,1130,0,0.0,89200.0,89200.0,-10800.0
1054,Reed Sanchez,paroli,100.0,100000.0,50000.0,1157,0,0.0,97200.0,97200.0,-2800.0
1055,Aria Cisneros,paroli,100.0,100000.0,50000.0,1126,0,0.0,88400.0,88400.0,-11600.0
1056,Alden Cummings,paroli,100.0,100000.0,50000.0,1135,1,0.0,89700.0,89700.0,-10300.0
1057,Nylah Vo,paroli,100.0,100000.0,50000.0,1199,4,0.0,104000.0,104000.0,4000.0
1058,Gordon Gill,paroli,100.0,100000.0,50000.0,1131,1,0.0,89700.0,89700.0,-10300.0
1059,Jordan Dougherty,paroli,100.0,100000.0,50000.0,1140,0,0.0,93900.0,93900.0,-6100.0
1060,Brett Aguilar,paroli,100.0,100000.0,50000.0,1138,0,0.0,86900.0,86900.0,-13100.0
1061,Josie Shields,paroli,100.0,100000.0,50000.0,1150,1,0.0,94800.0,94800.0,-5200.0
1062,Devon Molina,paroli,100.0,100000.0,50000.0,1152,0,0.0,97200.0,97200.0,-2800.0
1063,Alexandria Dunn,paroli,100.0,100000.0,50000.0,1167,2,0.0,98600.0,98600.0,-1400.0
1064,Dawson Scott,paroli,100.0,100000.0,50000.0,1142,0,0.0,90200.0,90200.0,-9800.0
1065,Aurora Hull,paroli,100.0,100000.0,50000.0,1176,2,0.0,101600.0,101600.0,1600.0
1066,Salem Bernal,paroli,100.0,100000.0,50000.0,1172,0,0.0,102800.0,102800.0,2800.0
1067,Emmeline Gilbert,paroli,100.0,100000.0,50000.0,1196,2,0.0,101800.0,101800.0,1800.0
1068,Tobias Randall,paroli,100.0,100000.0,50000.0,1119,0,0.0,82700.0,82700.0,-17300.0
1069,Christina Buchanan,paroli,100.0,100000.0,50000.0,1119,2,0.0,87500.0,87500.0,-12500.0
1070,Enrique Johnson,paroli,100.0,100000.0,50000.0,1120,0,0.0,87500.0,87500.0,-12500.0
1071,Emma Morris,paroli,100.0,100000.0,50000.0,1158,1,0.0,91200.0,91200.0,-8800.0
1072,Christian Cherry,paroli,100.0,100000.0,50000.0,1143,0,0.0,95100.0,95100.0,-4900.0
1073,Nyomi Campos,paroli,100.0,100000.0,50000.0,1126,0,0.0,89000.0,89000.0,-11000.0
1074,Gideon Huber,paroli,100.0,100000.0,50000.0,1181,2,0.0,98900.0,98900.0,-1100.0
1075,Raquel Fitzpatrick,paroli,100.0,100000.0,50000.0,1162,0,0.0,97800.0,97800.0,-2200.0
1076,Blaze Hardy,paroli,100.0,100000.0,50000.0,1172,0,0.0,94000.0,94000.0,-6000.0
1077,Jessica Berger,paroli,100.0,100000.0,50000.0,1147,0,0.0,88200.0,88200.0,-11800.0
1078,Byron Nicholson,paroli,100.0,100000.0,50000.0,1152,1,0.0,96600.0,96600.0,-3400.0
1079,Justice Morrison,paroli,100.0,100000.0,50000.0,1149,1,0.0,93500.0,93500.0,-6500.0
1080,Maximus Roman,paroli,100.0,100000.0,50000.0,1138,1,0.0,92500.0,92500.0,-7500.0
1081,Astrid Trujillo,paroli,100.0,100000.0,50000.0,1135,1,0.0,88200.0,88200.0,-11800.0
1082,Apollo McLaughlin,paroli,100.0,100000.0,50000.0,1122,0,0.0,90200.0,90200.0,-9800.0
1083,Stephanie Preston,paroli,100.0,100000.0,50000.0,1129,2,0.0,87900.0,87900.0,-12100.0
1084,Vincenzo Vazquez,paroli,100.0,100000.0,50000.0,1133,0,0.0,92800.0,92800.0,-7200.0
1085,Journee Bryan,paroli,100.0,100000.0,50000.0,1136,2,0.0,92500.0,92500.0,-7500.0
1086,Jaxtyn Wolf,paroli,100.0,100000.0,50000.0,1119,1,0.0,93000.0,93000.0,-7000.0
1087,Jolene Elliott,paroli,100.0,100000.0,50000.0,1131,1,0.0,94000.0,94000.0,-6000.0
1088,Blake Freeman,paroli,100.0,100000.0,50000.0,1112,0,0.0,85200.0,85200.0,-14800.0
1089,Norah Cervantes,paroli,100.0,100000.0,50000.0,1211,2,0.0,101400.0,101400.0,1400.0
1090,Kamari Mays,paroli,100.0,100000.0,50000.0,1160,4,0.0,94300.0,94300.0,-5700.0
1091,Denisse Huang,paroli,100.0,100000.0,50000.0,1177,0,0.0,104800.0,104800.0,4800.0
1092,Ayaan Riley,paroli,100.0,100000.0,50000.0,1176,0,0.0,103200.0,103200.0,3200.0
1093,Kayla Khan,paroli,100.0,100000.0,50000.0,1167,1,0.0,98000.0,98000.0,-2000.0
1094,Kendrick Galindo,paroli,100.0,100000.0,50000.0,1129,0,0.0,91500.0,91500.0,-8500.0
1095,Corinne Mata,paroli,100.0,100000.0,50000.0,1168,0,0.0,100900.0,100900.0,900.0
1096,Ray Holmes,paroli,100.0,100000.0,50000.0,1139,0,0.0,94100.0,94100.0,-5900.0
1097,Bailey McCarty,paroli,100.0,100000.0,50000.0,1120,1,0.0,87300.0,87300.0,-12700.0
1098,Blaise Austin,paroli,100.0,100000.0,50000.0,1220,2,0.0,109800.0,109800.0,9800.0
1099,Alivia Rivas,paroli,100.0,100000.0,50000.0,1187,0,0.0,104500.0,104500.0,4500.0
1100,Damon Everett,paroli,100.0,100000.0,50000.0,1134,2,0.0,94400.0,94400.0,-5600.0
1101,Noah Rodriguez,paroli,100.0,100000.0,50000.0,1217,4,0.0,104200.0,104200.0,4200.0
1102,Henry Dunlap,paroli,100.0,100000.0,50000.0,1135,2,0.0,90700.0,90700.0,-9300.0
1103,Iliana Mercado,paroli,100.0,100000.0,50000.0,1136,1,0.0,95000.0,95000.0,-5000.0
1104,Abram Guerra,paroli,100.0,100000.0,50000.0,1196,0,0.0,104300.0,104300.0,4300.0
1105,Edith Vincent,paroli,100.0,100000.0,50000.0,1103,0,0.0,87000.0,87000.0,-13000.0
1106,Aarav Barber,paroli,100.0,100000.0,50000.0,1105,2,0.0,85100.0,85100.0,-14900.0
1107,Cassidy Wilkinson,paroli,100.0,100000.0,50000.0,1154,4,0.0,92300.0,92300.0,-7700.0
1108,Leonard Cain,paroli,100.0,100000.0,50000.0,1128,1,0.0,90900.0,90900.0,-9100.0
1109,Kendra Everett,paroli,100.0,100000.0,50000.0,1178,0,0.0,96800.0,96800.0,-3200.0
1110,Camilo Garza,paroli,100.0,100000.0,50000.0,1169,1,0.0,100500.0,100500.0,500.0
1111,River Snyder,paroli,100.0,100000.0,50000.0,1178,2,0.0,102400.0,102400.0,2400.0
1112,Thiago Cunningham,paroli,100.0,100000.0,50000.0,1178,0,0.0,98800.0,98800.0,-1200.0
1113,Marley Montgomery,paroli,100.0,100000.0,50000.0,1086,1,0.0,85300.0,85300.0,-14700.0
1114,Maximiliano Duncan,paroli,100.0,100000.0,50000.0,1163,0,0.0,99600.0,99600.0,-400.0
1115,Elise Buckley,paroli,100.0,100000.0,50000.0,1143,2,0.0,92300.0,92300.0,-7700.0
1116,Aryan Lam,paroli,100.0,100000.0,50000.0,1163,0,0.0,97900.0,97900.0,-2100.0
1117,Karina Richards,paroli,100.0,100000.0,50000.0,1133,0,0.0,90100.0,90100.0,-9900.0
1118,Holden Castro,paroli,100.0,100000.0,50000.0,1132,1,0.0,93400.0,93400.0,-6600.0
1119,Eloise Pacheco,paroli,100.0,100000.0,50000.0,1162,0,0.0,94200.0,94200.0,-5800.0
1120,Erik Adkins,paroli,100.0,100000.0,50000.0,1207,0,0.0,108400.0,108400.0,8400.0
1121,Emelia Kent,paroli,100.0,100000.0,50000.0,1116,0,0.0,86700.0,86700.0,-13300.0
1122,Mekhi Nunez,paroli,100.0,100000.0,50000.0,1134,2,0.0,92300.0,92300.0,-7700.0
1123,Mya Moyer,paroli,100.0,100000.0,50000.0,1152,1,0.0,93200.0,93200.0,-6800.0
1124,Ahmir Orr,paroli,100.0,100000.0,50000.0,1214,1,0.0,106200.0,106200.0,6200.0
1125,Alaiya Williams,paroli,100.0,100000.0,50000.0,1169,2,0.0,99000.0,99000.0,-1000.0
1126,Oliver Hunter,paroli,100.0,100000.0,50000.0,1119,0,0.0,85800.0,85800.0,-14200.0
1127,Khloe Beard,paroli,100.0,100000.0,50000.0,1118,1,0.0,88800.0,88800.0,-11200.0
1128,Nathanael Barker,paroli,100.0,100000.0,50000.0,1163,0,0.0,97900.0,97900.0,-2100.0
1129,Remington Alvarez,paroli,100.0,100000.0,50000.0,1180,2,0.0,102500.0,102500.0,2500.0
1130,Xavier Carson,paroli,100.0,100000.0,50000.0,1176,0,0.0,101300.0,101300.0,1300.0
1131,Nalani Sierra,paroli,100.0,100000.0,50000.0,1196,2,0.0,102700.0,102700.0,2700.0
1132,Dayton Patterson,paroli,100.0,100000.0,50000.0,1156,1,0.0,96300.0,96300.0,-3700.0
1133,Kaylee Saunders,paroli,100.0,100000.0,50000.0,1171,0,0.0,98500.0,98500.0,-1500.0
1134,Kasen Mendoza,paroli,100.0,100000.0,50000.0,1185,1,0.0,101900.0,101900.0,1900.0
1135,Cora May,paroli,100.0,100000.0,50000.0,1099,0,0.0,87900.0,87900.0,-12100.0
1136,Finley Peters,paroli,100.0,100000.0,50000.0,1136,0,0.0,93900.0,93900.0,-6100.0
1137,Leila Arellano,paroli,100.0,100000.0,50000.0,1151,1,0.0,92200.0,92200.0,-7800.0
1138,Kellan Guevara,paroli,100.0,100000.0,50000.0,1143,0,0.0,95300.0,95300.0,-4700.0
1139,Teresa Gomez,paroli,100.0,100000.0,50000.0,1140,0,0.0,94000.0,94000.0,-6000.0
1140,Isaiah Burton,paroli,100.0,100000.0,50000.0,1147,0,0.0,93100.0,93100.0,-6900.0
1141,Miriam Merritt,paroli,100.0,100000.0,50000.0,1146,0,0.0,94900.0,94900.0,-5100.0
1142,Colten Mullins,paroli,100.0,100000.0,50000.0,1111,0,0.0,87700.0,87700.0,-12300.0
1143,Maliyah Finley,paroli,100.0,100000.0,50000.0,1106,1,0.0,87600.0,87600.0,-12400.0
1144,Calum Day,paroli,100.0,100000.0,50000.0,1168,0,0.0,100100.0,100100.0,100.0
1145,Hayden Noble,paroli,100.0,100000.0,50000.0,1113,1,0.0,88500.0,88500.0,-11500.0
1146,Idris Atkinson,paroli,100.0,100000.0,50000.0,1200,2,0.0,103700.0,103700.0,3700.0
1147,Jazmin Rivas,paroli,100.0,100000.0,50000.0,1127,1,0.0,91100.0,91100.0,-8900.0
1148,Damon McCann,paroli,100.0,100000.0,50000.0,1170,1,0.0,94800.0,94800.0,-5200.0
1149,Joyce Caldwell,paroli,100.0,100000.0,50000.0,1231,2,0.0,108800.0,108800.0,8800.0
1150,Rylan Knapp,paroli,100.0,100000.0,50000.0,1123,0,0.0,91800.0,91800.0,-8200.0
1151,Linda Webster,paroli,100.0,100000.0,50000.0,1116,0,0.0,89000.0,89000.0,-11000.0
1152,Shawn Copeland,paroli,100.0,100000.0,50000.0,1146,1,0.0,93700.0,93700.0,-6300.0
1153,Dayana Dawson,paroli,100.0,100000.0,50000.0,1165,2,0.0,94400.0,94400.0,-5600.0
1154,Iker Delacruz,paroli,100.0,100000.0,50000.0,1138,0,0.0,92400.0,92400.0,-7600.0
1155,Celine Middleton,paroli,100.0,100000.0,50000.0,1139,0,0.0,97900.0,97900.0,-2100.0
1156,Misael Mora,paroli,100.0,100000.0,50000.0,1164,0,0.0,96100.0,96100.0,-3900.0
1157,Jemma Barrera,paroli,100.0,100000.0,50000.0,1106,1,0.0,84700.0,84700.0,-15300.0
1158,Makai Ellison,paroli,100.0,100000.0,50000.0,1113,2,0.0,86400.0,86400.0,-13600.0
1159,Raina Enriquez,paroli,100.0,100000.0,50000.0,1131,1,0.0,91400.0,91400.0,-8600.0
1160,Elisha Cardenas,paroli,100.0,100000.0,50000.0,1159,0,0.0,98900.0,98900.0,-1100.0
1161,Raven Rollins,paroli,100.0,100000.0,50000.0,1103,0,0.0,83700.0,83700.0,-16300.0
1162,Wes Berger,paroli,100.0,100000.0,50000.0,1159,0,0.0,98500.0,98500.0,-1500.0
1163,Laylah Benson,paroli,100.0,100000.0,50000.0,1160,0,0.0,95700.0,95700.0,-4300.0
1164,Desmond Randolph,paroli,100.0,100000.0,50000.0,1136,1,0.0,94700.0,94700.0,-5300.0
1165,Kailey Bryan,paroli,100.0,100000.0,50000.0,1220,2,0.0,106500.0,106500.0,6500.0
1166,Jaxtyn McCoy,paroli,100.0,100000.0,50000.0,1127,1,0.0,85600.0,85600.0,-14400.0
1167,Mckenzie McLaughlin,paroli,100.0,100000.0,50000.0,1195,2,0.0,99500.0,99500.0,-500.0
1168,Ibrahim Guerra,paroli,100.0,100000.0,50000.0,1176,0,0.0,101500.0,101500.0,1500.0
1169,Edith Carter,paroli,100.0,100000.0,50000.0,1168,0,0.0,98200.0,98200.0,-1800.0
1170,Maverick Joseph,paroli,100.0,100000.0,50000.0,1123,0,0.0,90600.0,90600.0,-9400.0
1171,Gracelynn Ramsey,paroli,100.0,100000.0,50000.0,1122,2,0.0,87200.0,87200.0,-12800.0
1172,Luciano Simon,paroli,100.0,100000.0,50000.0,1165,0,0.0,97000.0,97000.0,-3000.0
1173,Kalani Preston,paroli,100.0,100000.0,50000.0,1197,0,0.0,104900.0,104900.0,4900.0
1174,Vincenzo Pena,paroli,100.0,100000.0,50000.0,1179,1,0.0,104100.0,104100.0,4100.0
1175,Rachel Le,paroli,100.0,100000.0,50000.0,1178,0,0.0,99800.0,99800.0,-200.0
1176,Damien Wolfe,paroli,100.0,100000.0,50000.0,1159,0,0.0,95600.0,95600.0,-4400.0
1177,Hallie Berg,paroli,100.0,100000.0,50000.0,1136,0,0.0,90600.0,90600.0,-9400.0
1178,Cayson Avery,paroli,100.0,100000.0,50000.0,1165,0,0.0,96400.0,96400.0,-3600.0
1179,Meghan Stanley,paroli,100.0,100000.0,50000.0,1138,2,0.0,93400.0,93400.0,-6600.0
1180,Manuel Parks,paroli,100.0,100000.0,50000.0,1152,2,0.0,95400.0,95400.0,-4600.0
1181,Ainsley Velazquez,paroli,100.0,100000.0,50000.0,1159,2,0.0,99500.0,99500.0,-500.0
1182,Drew Perez,paroli,100.0,100000.0,50000.0,1077,1,0.0,79600.0,79600.0,-20400.0
1183,Eleanor Velez,paroli,100.0,100000.0,50000.0,1137,1,0.0,96000.0,96000.0,-4000.0
1184,Kareem Dennis,paroli,100.0,100000.0,50000.0,1151,1,0.0,96600.0,96600.0,-3400.0
1185,Maisie Shaffer,paroli,100.0,100000.0,50000.0,1128,1,0.0,88100.0,88100.0,-11900.0
1186,Dexter Banks,paroli,100.0,100000.0,50000.0,1152,1,0.0,99400.0,99400.0,-600.0
1187,Cali Willis,paroli,100.0,100000.0,50000.0,1132,0,0.0,93700.0,93700.0,-6300.0
1188,Remington O’Connell,paroli,100.0,100000.0,50000.0,1165,0,0.0,100600.0,100600.0,600.0
1189,Jillian McCall,paroli,100.0,100000.0,50000.0,1138,1,0.0,92000.0,92000.0,-8000.0
1190,Kiaan Bravo,paroli,100.0,100000.0,50000.0,1136,1,0.0,92600.0,92600.0,-7400.0
1191,Amoura Marsh,paroli,100.0,100000.0,50000.0,1082,0,0.0,79400.0,79400.0,-20600.0
1192,Bo Bullock,paroli,100.0,100000.0,50000.0,1129,1,0.0,89900.0,89900.0,-10100.0
1193,Winnie Hawkins,paroli,100.0,100000.0,50000.0,1160,1,0.0,99000.0,99000.0,-1000.0
1194,Victor McClain,paroli,100.0,100000.0,50000.0,1184,1,0.0,100300.0,100300.0,300.0
1195,Marleigh Dorsey,paroli,100.0,100000.0,50000.0,1181,1,0.0,104300.0,104300.0,4300.0
1196,Enoch Li,paroli,100.0,100000.0,50000.0,1155,0,0.0,97100.0,97100.0,-2900.0
1197,Paige Drake,paroli,100.0,100000.0,50000.0,1132,2,0.0,92700.0,92700.0,-7300.0
1198,Jalen Fowler,paroli,100.0,100000.0,50000.0,1130,1,0.0,92100.0,92100.0,-7900.0
1199,Lennon Benitez,paroli,100.0,100000.0,50000.0,1167,1,0.0,101300.0,101300.0,1300.0
1200,Justice McIntosh,paroli,100.0,100000.0,50000.0,1156,3,0.0,95600.0,95600.0,-4400.0
1201,Gwen Peters,paroli,100.0,100000.0,50000.0,1195,1,0.0,102500.0,102500.0,2500.0
1202,Patrick Ray,paroli,100.0,100000.0,50000.0,1147,4,0.0,94100.0,94100.0,-5900.0
1203,Ruth Huerta,paroli,100.0,100000.0,50000.0,1127,1,0.0,89100.0,89100.0,-10900.0
1204,Douglas Scott,paroli,100.0,100000.0,50000.0,1151,1,0.0,96800.0,96800.0,-3200.0
1205,Aurora Mejia,paroli,100.0,100000.0,50000.0,1169,1,0.0,96500.0,96500.0,-3500.0
1206,Atticus Peters,paroli,100.0,100000.0,50000.0,1129,2,0.0,87800.0,87800.0,-12200.0
1207,Leila O’Neill,paroli,100.0,100000.0,50000.0,1094,2,0.0,85200.0,85200.0,-14800.0
1208,Marcel Bravo,paroli,100.0,100000.0,50000.0,1198,0,0.0,107500.0,107500.0,7500.0
1209,Amoura Tate,paroli,100.0,100000.0,50000.0,1153,3,0.0,91400.0,91400.0,-8600.0
1210,Dalton Mack,paroli,100.0,100000.0,50000.0,1151,0,0.0,97100.0,97100.0,-2900.0
1211,Nadia Bailey,paroli,100.0,100000.0,50000.0,1180,1,0.0,99300.0,99300.0,-700.0
1212,Axel Meyers,paroli,100.0,100000.0,50000.0,1129,0,0.0,85100.0,85100.0,-14900.0
1213,Leyla Park,paroli,100.0,100000.0,50000.0,1159,0,0.0,97800.0,97800.0,-2200.0
1214,Daxton Decker,paroli,100.0,100000.0,50000.0,1166,2,0.0,94800.0,94800.0,-5200.0
1215,Aleena Gibson,paroli,100.0,100000.0,50000.0,1087,0,0.0,81700.0,81700.0,-18300.0
1216,Tyler Dalton,paroli,100.0,100000.0,50000.0,1067,1,0.0,78300.0,78300.0,-21700.0
1217,Lilian Abbott,paroli,100.0,100000.0,50000.0,1163,1,0.0,98900.0,98900.0,-1100.0
1218,Kohen Wilkerson,paroli,100.0,100000.0,50000.0,1208,1,0.0,103600.0,103600.0,3600.0
1219,Janiyah Joseph,paroli,100.0,100000.0,50000.0,1130,0,0.0,88100.0,88100.0,-11900.0
1220,Kyle Spencer,paroli,100.0,100000.0,50000.0,1136,1,0.0,91800.0,91800.0,-8200.0
1221,Alyssa Murphy,paroli,100.0,100000.0,50000.0,1167,2,0.0,97200.0,97200.0,-2800.0
1222,Cameron Patrick,paroli,100.0,100000.0,50000.0,1176,1,0.0,99100.0,99100.0,-900.0
1223,Lyra Munoz,paroli,100.0,100000.0,50000.0,1113,0,0.0,88600.0,88600.0,-11400.0
1224,Justin Higgins,paroli,100.0,100000.0,50000.0,1113,3,0.0,86300.0,86300.0,-13700.0
1225,Leighton Blake,paroli,100.0,100000.0,50000.0,1174,2,0.0,97000.0,97000.0,-3000.0
1226,Zyaire Stanley,paroli,100.0,100000.0,50000.0,1187,1,0.0,105600.0,105600.0,5600.0
1227,Gracelyn Rodriguez,paroli,100.0,100000.0,50000.0,1123,0,0.0,89400.0,89400.0,-10600.0
1228,Henry Moran,paroli,100.0,100000.0,50000.0,1145,0,0.0,97900.0,97900.0,-2100.0
1229,Celeste Vaughn,paroli,100.0,100000.0,50000.0,1158,0,0.0,99600.0,99600.0,-400.0
1230,Remy Donovan,paroli,100.0,100000.0,50000.0,1178,0,0.0,99300.0,99300.0,-700.0
1231,Azariah Bautista,paroli,100.0,100000.0,50000.0,1179,1,0.0,97500.0,97500.0,-2500.0
1232,Raul Espinosa,paroli,100.0,100000.0,50000.0,1169,1,0.0,103500.0,103500.0,3500.0
1233,Braylee Casey,paroli,100.0,100000.0,50000.0,1160,0,0.0,93600.0,93600.0,-6400.0
1234,Armando Castillo,paroli,100.0,100000.0,50000.0,1162,0,0.0,96300.0,96300.0,-3700.0
1235,Eva Wyatt,paroli,100.0,100000.0,50000.0,1150,1,0.0,95600.0,95600.0,-4400.0
1236,Sam Hanna,paroli,100.0,100000.0,50000.0,1164,1,0.0,98400.0,98400.0,-1600.0
1237,Cynthia Madden,paroli,100.0,100000.0,50000.0,1130,1,0.0,94000.0,94000.0,-6000.0
1238,Everest Quintana,paroli,100.0,100000.0,50000.0,1101,1,0.0,83500.0,83500.0,-16500.0
1239,Kenia Harding,paroli,100.0,100000.0,50000.0,1196,0,0.0,102300.0,102300.0,2300.0
1240,Brodie Lowe,paroli,100.0,100000.0,50000.0,1136,0,0.0,97100.0,97100.0,-2900.0
1241,Amari Rivers,paroli,100.0,100000.0,50000.0,1154,1,0.0,93100.0,93100.0,-6900.0
1242,Bear Watkins,paroli,100.0,100000.0,50000.0,1152,0,0.0,95300.0,95300.0,-4700.0
1243,Lola Soto,paroli,100.0,100000.0,50000.0,1174,0,0.0,99100.0,99100.0,-900.0
1244,Barrett Walter,paroli,100.0,100000.0,50000.0,1160,0,0.0,100200.0,100200.0,200.0
1245,Penny Pruitt,paroli,100.0,100000.0,50000.0,1155,0,0.0,99000.0,99000.0,-1000.0
1246,Gatlin Bond,paroli,100.0,100000.0,50000.0,1128,0,0.0,91200.0,91200.0,-8800.0
1247,Alena Dominguez,paroli,100.0,100000.0,50000.0,1161,1,0.0,93300.0,93300.0,-6700.0
1248,Kaden Small,paroli,100.0,100000.0,50000.0,1099,0,0.0,84600.0,84600.0,-15400.0
1249,Zaria Morton,paroli,100.0,100000.0,50000.0,1151,1,0.0,94000.0,94000.0,-6000.0
1250,Roland Phillips,paroli,100.0,100000.0,50000.0,1143,0,0.0,94400.0,94400.0,-5600.0
1251,Naomi Hopkins,paroli,100.0,100000.0,50000.0,1135,2,0.0,92100.0,92100.0,-7900.0
1252,Ali O’Neill,paroli,100.0,100000.0,50000.0,1178,3,0.0,102800.0,102800.0,2800.0
1253,Kenna Greene,paroli,100.0,100000.0,50000.0,1110,0,0.0,86400.0,86400.0,-13600.0
1254,Griffin Galvan,paroli,100.0,100000.0,50000.0,1103,3,0.0,84600.0,84600.0,-15400.0
1255,Dallas Villanueva,paroli,100.0,100000.0,50000.0,1123,1,0.0,89700.0,89700.0,-10300.0
1256,Huxley Gould,paroli,100.0,100000.0,50000.0,1126,0,0.0,90800.0,90800.0,-9200.0
1257,Violeta Landry,paroli,100.0,100000.0,50000.0,1170,1,0.0,99900.0,99900.0,-100.0
1258,Jaxx McKinney,paroli,100.0,100000.0,50000.0,1186,0,0.0,104500.0,104500.0,4500.0
1259,Gwendolyn Henson,paroli,100.0,100000.0,50000.0,1147,0,0.0,88300.0,88300.0,-11700.0
1260,Bellamy Combs,paroli,100.0,100000.0,50000.0,1130,2,0.0,93400.0,93400.0,-6600.0
1261,Irene May,paroli,100.0,100000.0,50000.0,1168,0,0.0,95100.0,95100.0,-4900.0
1262,Finley Rodgers,paroli,100.0,100000.0,50000.0,1104,0,0.0,86000.0,86000.0,-14000.0
1263,Selah Mathis,paroli,100.0,100000.0,50000.0,1109,1,0.0,87800.0,87800.0,-12200.0
1264,Gustavo Nava,paroli,100.0,100000.0,50000.0,1193,1,0.0,101800.0,101800.0,1800.0
1265,Scout Brock,paroli,100.0,100000.0,50000.0,1095,1,0.0,81100.0,81100.0,-18900.0
1266,Julio Cruz,paroli,100.0,100000.0,50000.0,1113,0,0.0,84000.0,84000.0,-16000.0
1267,Claire Sawyer,paroli,100.0,100000.0,50000.0,1166,0,0.0,98400.0,98400.0,-1600.0
1268,Jefferson Hogan,paroli,100.0,100000.0,50000.0,1093,1,0.0,87800.0,87800.0,-12200.0
1269,Kathryn Rivas,paroli,100.0,100000.0,50000.0,1130,0,0.0,86700.0,86700.0,-13300.0
1270,Damon Pennington,paroli,100.0,100000.0,50000.0,1179,0,0.0,99500.0,99500.0,-500.0
1271,Yareli Walter,paroli,100.0,100000.0,50000.0,1136,0,0.0,93100.0,93100.0,-6900.0
1272,Lochlan McKay,paroli,100.0,100000.0,50000.0,1175,2,0.0,101400.0,101400.0,1400.0
1273,Leanna Berry,paroli,100.0,100000.0,50000.0,1174,2,0.0,97100.0,97100.0,-2900.0
1274,Adonis Christian,paroli,100.0,100000.0,50000.0,1105,0,0.0,85800.0,85800.0,-14200.0
1275,Anahi Roberts,paroli,100.0,100000.0,50000.0,1186,1,0.0,99500.0,99500.0,-500.0
1276,Josiah Russo,paroli,100.0,100000.0,50000.0,1180,1,0.0,102200.0,102200.0,2200.0
1277,Tinsley Khan,paroli,100.0,100000.0,50000.0,1112,1,0.0,84400.0,84400.0,-15600.0
1278,Kendrick Barry,paroli,100.0,100000.0,50000.0,1152,1,0.0,94300.0,94300.0,-5700.0
1279,Waverly Murillo,paroli,100.0,100000.0,50000.0,1128,2,0.0,88700.0,88700.0,-11300.0
1280,Lance Cline,paroli,100.0,100000.0,50000.0,1158,0,0.0,96000.0,96000.0,-4000.0
1281,Lina Cortez,paroli,100.0,100000.0,50000.0,1164,0,0.0,98000.0,98000.0,-2000.0
1282,Zayn Morrison,paroli,100.0,100000.0,50000.0,1159,0,0.0,96400.0,96400.0,-3600.0
1283,Rebecca Wiley,paroli,100.0,100000.0,50000.0,1138,0,0.0,89300.0,89300.0,-10700.0
1284,Mathew Swanson,paroli,100.0,100000.0,50000.0,1201,1,0.0,106500.0,106500.0,6500.0
1285,Helen Evans,paroli,100.0,100000.0,50000.0,1175,1,0.0,101400.0,101400.0,1400.0
1286,Elias Dudley,paroli,100.0,100000.0,50000.0,1147,2,0.0,93800.0,93800.0,-6200.0
1287,Hadleigh Valencia,paroli,100.0,100000.0,50000.0,1108,0,0.0,85200.0,85200.0,-14800.0
1288,Dax Rowe,paroli,100.0,100000.0,50000.0,1109,0,0.0,86900.0,86900.0,-13100.0
1289,Matilda Herring,paroli,100.0,100000.0,50000.0,1165,1,0.0,100200.0,100200.0,200.0
1290,Henrik Green,paroli,100.0,100000.0,50000.0,1148,3,0.0,94400.0,94400.0,-5600.0
1291,Zoe Pacheco,paroli,100.0,100000.0,50000.0,1176,1,0.0,104000.0,104000.0,4000.0
1292,Erik Jaramillo,paroli,100.0,100000.0,50000.0,1147,0,0.0,91400.0,91400.0,-8600.0
1293,Guadalupe Christian,paroli,100.0,100000.0,50000.0,1163,0,0.0,94000.0,94000.0,-6000.0
1294,Ledger Curry,paroli,100.0,100000.0,50000.0,1222,1,0.0,110000.0,110000.0,10000.0
1295,Alison Solomon,paroli,100.0,100000.0,50000.0,1145,0,0.0,93400.0,93400.0,-6600.0
1296,Musa Dalton,paroli,100.0,100000.0,50000.0,1169,1,0.0,98000.0,98000.0,-2000.0
1297,Lilian Prince,paroli,100.0,100000.0,50000.0,1132,0,0.0,91100.0,91100.0,-8900.0
1298,Aron Cantu,paroli,100.0,100000.0,50000.0,1159,0,0.0,93000.0,93000.0,-7000.0
1299,Galilea Parra,paroli,100.0,100000.0,50000.0,1156,0,0.0,93900.0,93900.0,-6100.0
1300,Davion Joseph,paroli,100.0,100000.0,50000.0,1154,0,0.0,92000.0,92000.0,-8000.0
1301,Gracelynn Moyer,paroli,100.0,100000.0,50000.0,1117,0,0.0,85400.0,85400.0,-14600.0
1302,Ahmir Benton,paroli,100.0,100000.0,50000.0,1146,0,0.0,92900.0,92900.0,-7100.0
1303,Anais Copeland,paroli,100.0,100000.0,50000.0,1157,2,0.0,96500.0,96500.0,-3500.0
1304,Axton Vo,paroli,100.0,100000.0,50000.0,1149,1,0.0,95300.0,95300.0,-4700.0
1305,Artemis Keith,paroli,100.0,100000.0,50000.0,1160,1,0.0,89800.0,89800.0,-10200.0
1306,Jagger Newton,paroli,100.0,100000.0,50000.0,1120,0,0.0,87700.0,87700.0,-12300.0
1307,Braelynn Travis,paroli,100.0,100000.0,50000.0,1097,0,0.0,91000.0,91000.0,-9000.0
1308,Willie Moody,paroli,100.0,100000.0,50000.0,1142,0,0.0,94000.0,94000.0,-6000.0
1309,Elaine Moss,paroli,100.0,100000.0,50000.0,1159,1,0.0,94900.0,94900.0,-5100.0
1310,Porter Mendoza,paroli,100.0,100000.0,50000.0,1146,1,0.0,88900.0,88900.0,-11100.0
1311,Cora Cannon,paroli,100.0,100000.0,50000.0,1118,2,0.0,91100.0,91100.0,-8900.0
1312,Archie Proctor,paroli,100.0,100000.0,50000.0,1124,1,0.0,88800.0,88800.0,-11200.0
1313,Chandler Wade,paroli,100.0,100000.0,50000.0,1206,1,0.0,106500.0,106500.0,6500.0
1314,Jake Byrd,paroli,100.0,100000.0,50000.0,1165,1,0.0,94400.0,94400.0,-5600.0
1315,Giselle Winters,paroli,100.0,100000.0,50000.0,1163,0,0.0,94000.0,94000.0,-6000.0
1316,Deandre Rivera,paroli,100.0,100000.0,50000.0,1204,2,0.0,106900.0,106900.0,6900.0
1317,Lillian Barrett,paroli,100.0,100000.0,50000.0,1107,0,0.0,83500.0,83500.0,-16500.0
1318,Angelo Valdez,paroli,100.0,100000.0,50000.0,1167,3,0.0,96900.0,96900.0,-3100.0
1319,Diana Terrell,paroli,100.0,100000.0,50000.0,1141,0,0.0,91700.0,91700.0,-8300.0
1320,Jaxen Deleon,paroli,100.0,100000.0,50000.0,1149,0,0.0,95900.0,95900.0,-4100.0
1321,Gabrielle Carter,paroli,100.0,100000.0,50000.0,1107,0,0.0,87800.0,87800.0,-12200.0
1322,Maverick Everett,paroli,100.0,100000.0,50000.0,1066,0,0.0,74500.0,74500.0,-25500.0
1323,Noah McBride,paroli,100.0,100000.0,50000.0,1149,0,0.0,90400.0,90400.0,-9600.0
1324,Denver Lawrence,paroli,100.0,100000.0,50000.0,1160,2,0.0,97500.0,97500.0,-2500.0
1325,Lauren Durham,paroli,100.0,100000.0,50000.0,1172,1,0.0,97700.0,97700.0,-2300.0
1326,Kellen Hensley,paroli,100.0,100000.0,50000.0,1159,0,0.0,97600.0,97600.0,-2400.0
1327,Malaya Hicks,paroli,100.0,100000.0,50000.0,1172,2,0.0,97100.0,97100.0,-2900.0
1328,Maddox Boone,paroli,100.0,100000.0,50000.0,1149,0,0.0,95300.0,95300.0,-4700.0
1329,Mariam Mays,paroli,100.0,100000.0,50000.0,1162,2,0.0,96500.0,96500.0,-3500.0
1330,Jadiel Savage,paroli,100.0,100000.0,50000.0,1126,0,0.0,92600.0,92600.0,-7400.0
1331,Louise Villarreal,paroli,100.0,100000.0,50000.0,1119,1,0.0,89500.0,89500.0,-10500.0
1332,Nikolai Koch,paroli,100.0,100000.0,50000.0,1166,1,0.0,101800.0,101800.0,1800.0
1333,Milana Barton,paroli,100.0,100000.0,50000.0,1113,0,0.0,88600.0,88600.0,-11400.0
1334,Cassius Oliver,paroli,100.0,100000.0,50000.0,1240,0,0.0,113200.0,113200.0,13200.0
1335,Camille English,paroli,100.0,100000.0,50000.0,1144,2,0.0,90700.0,90700.0,-9300.0
1336,Junior Austin,paroli,100.0,100000.0,50000.0,1100,1,0.0,89300.0,89300.0,-10700.0
1337,Alivia Bender,paroli,100.0,100000.0,50000.0,1167,2,0.0,95000.0,95000.0,-5000.0
1338,Zavier Singh,paroli,100.0,100000.0,50000.0,1141,1,0.0,92000.0,92000.0,-8000.0
1339,Vivienne Sosa,paroli,100.0,100000.0,50000.0,1138,0,0.0,91400.0,91400.0,-8600.0
1340,Emir Frazier,paroli,100.0,100000.0,50000.0,1197,0,0.0,103600.0,103600.0,3600.0
1341,Octavia Wang,paroli,100.0,100000.0,50000.0,1206,0,0.0,109700.0,109700.0,9700.0
1342,Cohen Gibbs,paroli,100.0,100000.0,50000.0,1122,0,0.0,86500.0,86500.0,-13500.0
1343,Carter Lawrence,paroli,100.0,100000.0,50000.0,1176,0,0.0,95400.0,95400.0,-4600.0
1344,Kaleb Pollard,paroli,100.0,100000.0,50000.0,1145,0,0.0,97600.0,97600.0,-2400.0
1345,Marisol Torres,paroli,100.0,100000.0,50000.0,1133,0,0.0,95200.0,95200.0,-4800.0
1346,Jayden Hamilton,paroli,100.0,100000.0,50000.0,1156,1,0.0,94500.0,94500.0,-5500.0
1347,Mackenzie McCoy,paroli,100.0,100000.0,50000.0,1146,2,0.0,94900.0,94900.0,-5100.0
1348,Jett Boone,paroli,100.0,100000.0,50000.0,1142,0,0.0,91900.0,91900.0,-8100.0
1349,Mariam Burch,paroli,100.0,100000.0,50000.0,1133,2,0.0,90300.0,90300.0,-9700.0
1350,Gerald English,paroli,100.0,100000.0,50000.0,1063,3,0.0,80400.0,80400.0,-19600.0
1351,Kelly Benton,paroli,100.0,100000.0,50000.0,1130,0,0.0,92500.0,92500.0,-7500.0
1352,Jamal Crawford,paroli,100.0,100000.0,50000.0,1130,0,0.0,91600.0,91600.0,-8400.0
1353,Aubree Lim,paroli,100.0,100000.0,50000.0,1118,0,0.0,87400.0,87400.0,-12600.0
1354,Cal Hammond,paroli,100.0,100000.0,50000.0,1210,2,0.0,107700.0,107700.0,7700.0
1355,Holly Riley,paroli,100.0,100000.0,50000.0,1151,0,0.0,98800.0,98800.0,-1200.0
1356,Amari Anderson,paroli,100.0,100000.0,50000.0,1186,0,0.0,101900.0,101900.0,1900.0
1357,Ella Mercado,paroli,100.0,100000.0,50000.0,1168,0,0.0,96500.0,96500.0,-3500.0
1358,Abram Snyder,paroli,100.0,100000.0,50000.0,1100,1,0.0,83400.0,83400.0,-16600.0
1359,Callie Holt,paroli,100.0,100000.0,50000.0,1203,0,0.0,106000.0,106000.0,6000.0
1360,Niko Cooper,paroli,100.0,100000.0,50000.0,1151,0,0.0,98900.0,98900.0,-1100.0
1361,Serenity Stafford,paroli,100.0,100000.0,50000.0,1127,2,0.0,91700.0,91700.0,-8300.0
1362,Alfredo Cobb,paroli,100.0,100000.0,50000.0,1106,0,0.0,88400.0,88400.0,-11600.0
1363,Aviana Carroll,paroli,100.0,100000.0,50000.0,1118,2,0.0,86800.0,86800.0,-13200.0
1364,Oscar Olson,paroli,100.0,100000.0,50000.0,1121,0,0.0,88600.0,88600.0,-11400.0
1365,Isabel Espinosa,paroli,100.0,100000.0,50000.0,1183,0,0.0,98200.0,98200.0,-1800.0
1366,Khalid Rollins,paroli,100.0,100000.0,50000.0,1134,0,0.0,92500.0,92500.0,-7500.0
1367,Araceli Reese,paroli,100.0,100000.0,50000.0,1143,2,0.0,91200.0,91200.0,-8800.0
1368,Alijah Barton,paroli,100.0,100000.0,50000.0,1170,2,0.0,100200.0,100200.0,200.0
1369,Danna Meza,paroli,100.0,100000.0,50000.0,1138,0,0.0,90100.0,90100.0,-9900.0
1370,Lucian Stuart,paroli,100.0,100000.0,50000.0,1154,0,0.0,99900.0,99900.0,-100.0
1371,Stormi Goodman,paroli,100.0,100000.0,50000.0,1103,0,0.0,79600.0,79600.0,-20400.0
1372,Philip Krueger,paroli,100.0,100000.0,50000.0,1145,2,0.0,94100.0,94100.0,-5900.0
1373,Kamari Barber,paroli,100.0,100000.0,50000.0,1169,0,0.0,97900.0,97900.0,-2100.0
1374,Solomon Flowers,paroli,100.0,100000.0,50000.0,1190,0,0.0,98300.0,98300.0,-1700.0
1375,Ariya Church,paroli,100.0,100000.0,50000.0,1172,1,0.0,95400.0,95400.0,-4600.0
1376,Terrance Hicks,paroli,100.0,100000.0,50000.0,1108,2,0.0,87600.0,87600.0,-12400.0
1377,Alina Medina,paroli,100.0,100000.0,50000.0,1086,1,0.0,83700.0,83700.0,-16300.0
1378,George Powers,paroli,100.0,100000.0,50000.0,1108,0,0.0,81700.0,81700.0,-18300.0
1379,Michelle Chandler,paroli,100.0,100000.0,50000.0,1150,0,0.0,95700.0,95700.0,-4300.0
1380,Royal Larson,paroli,100.0,100000.0,50000.0,1147,0,0.0,95200.0,95200.0,-4800.0
1381,Alayna O’Connell,paroli,100.0,100000.0,50000.0,1153,1,0.0,90800.0,90800.0,-9200.0
1382,Jovanni Ibarra,paroli,100.0,100000.0,50000.0,1155,1,0.0,95700.0,95700.0,-4300.0
1383,Madilynn Carpenter,paroli,100.0,100000.0,50000.0,1174,1,0.0,97400.0,97400.0,-2600.0
1384,Jeremy Bonilla,paroli,100.0,100000.0,50000.0,1205,0,0.0,105400.0,105400.0,5400.0
1385,Romina Bernal,paroli,100.0,100000.0,50000.0,1141,1,0.0,92000.0,92000.0,-8000.0
1386,Eithan Harrison,paroli,100.0,100000.0,50000.0,1172,0,0.0,95700.0,95700.0,-4300.0
1387,Jasmine Hines,paroli,100.0,100000.0,50000.0,1207,1,0.0,102900.0,102900.0,2900.0
1388,Uriel Graves,paroli,100.0,100000.0,50000.0,1095,0,0.0,87200.0,87200.0,-12800.0
1389,Elle Rush,paroli,100.0,100000.0,50000.0,1168,0,0.0,102500.0,102500.0,2500.0
1390,Kaiser Montgomery,paroli,100.0,100000.0,50000.0,1179,1,0.0,102300.0,102300.0,2300.0
1391,Evangeline Rodriguez,paroli,100.0,100000.0,50000.0,1171,2,0.0,98300.0,98300.0,-1700.0
1392,Henry Wise,paroli,100.0,100000.0,50000.0,1124,1,0.0,89700.0,89700.0,-10300.0
1393,Mira Morrow,paroli,100.0,100000.0,50000.0,1107,1,0.0,91400.0,91400.0,-8600.0
1394,Kyree Cummings,paroli,100.0,100000.0,50000.0,1147,1,0.0,96600.0,96600.0,-3400.0
1395,Nylah Bradshaw,paroli,100.0,100000.0,50000.0,1176,3,0.0,97800.0,97800.0,-2200.0
1396,Emory Lester,paroli,100.0,100000.0,50000.0,1181,4,0.0,99300.0,99300.0,-700.0
1397,Averi Gibson,paroli,100.0,100000.0,50000.0,1160,0,0.0,95700.0,95700.0,-4300.0
1398,Tyler Escobar,paroli,100.0,100000.0,50000.0,1188,0,0.0,105300.0,105300.0,5300.0
1399,Erin Alfaro,paroli,100.0,100000.0,50000.0,1152,3,0.0,93200.0,93200.0,-6800.0
1400,Xzavier Cantu,paroli,100.0,100000.0,50000.0,1165,0,0.0,101000.0,101000.0,1000.0
1401,Galilea Bean,paroli,100.0,100000.0,50000.0,1170,1,0.0,94700.0,94700.0,-5300.0
1402,Mccoy Solomon,paroli,100.0,100000.0,50000.0,1146,0,0.0,92600.0,92600.0,-7400.0
1403,Mylah Moore,paroli,100.0,100000.0,50000.0,1126,2,0.0,91700.0,91700.0,-8300.0
1404,Levi Liu,paroli,100.0,100000.0,50000.0,1192,0,0.0,99900.0,99900.0,-100.0
1405,Kate Berger,paroli,100.0,100000.0,50000.0,1163,2,0.0,96100.0,96100.0,-3900.0
1406,Byron Hail,paroli,100.0,100000.0,50000.0,1167,1,0.0,95700.0,95700.0,-4300.0
1407,Lainey Schmidt,paroli,100.0,100000.0,50000.0,1138,2,0.0,92700.0,92700.0,-7300.0
1408,Zayden Dickson,paroli,100.0,100000.0,50000.0,1167,2,0.0,98200.0,98200.0,-1800.0
1409,Emmalynn Johns,paroli,100.0,100000.0,50000.0,1120,0,0.0,86000.0,86000.0,-14000.0
1410,Joziah Cantu,paroli,100.0,100000.0,50000.0,1173,2,0.0,96000.0,96000.0,-4000.0
1411,Galilea Boyle,paroli,100.0,100000.0,50000.0,1162,4,0.0,92800.0,92800.0,-7200.0
1412,Robin Pineda,paroli,100.0,100000.0,50000.0,1168,0,0.0,102300.0,102300.0,2300.0
1413,Nola Person,paroli,100.0,100000.0,50000.0,1162,0,0.0,96700.0,96700.0,-3300.0
1414,Moses Glover,paroli,100.0,100000.0,50000.0,1119,0,0.0,92200.0,92200.0,-7800.0
1415,Alessia Cameron,paroli,100.0,100000.0,50000.0,1198,0,0.0,105600.0,105600.0,5600.0
1416,Rayan Yoder,paroli,100.0,100000.0,50000.0,1140,0,0.0,94600.0,94600.0,-5400.0
1417,Emerie Fletcher,paroli,100.0,100000.0,50000.0,1176,2,0.0,98000.0,98000.0,-2000.0
1418,Jay Padilla,paroli,100.0,100000.0,50000.0,1154,0,0.0,88600.0,88600.0,-11400.0
1419,Maggie Boyle,paroli,100.0,100000.0,50000.0,1156,1,0.0,93700.0,93700.0,-6300.0
1420,Robin McCarthy,paroli,100.0,100000.0,50000.0,1094,2,0.0,86400.0,86400.0,-13600.0
1421,Kira Phan,paroli,100.0,100000.0,50000.0,1159,1,0.0,94800.0,94800.0,-5200.0
1422,Maison Richardson,paroli,100.0,100000.0,50000.0,1149,0,0.0,103000.0,103000.0,3000.0
1423,Allison Macias,paroli,100.0,100000.0,50000.0,1190,1,0.0,102300.0,102300.0,2300.0
1424,Moshe Warren,paroli,100.0,100000.0,50000.0,1180,2,0.0,102200.0,102200.0,2200.0
1425,Sloane Salazar,paroli,100.0,100000.0,50000.0,1126,0,0.0,89900.0,89900.0,-10100.0
1426,Brody McCullough,paroli,100.0,100000.0,50000.0,1114,0,0.0,85300.0,85300.0,-14700.0
1427,Hana Perkins,paroli,100.0,100000.0,50000.0,1125,3,0.0,91600.0,91600.0,-8400.0
1428,Kyrie Newman,paroli,100.0,100000.0,50000.0,1165,1,0.0,95100.0,95100.0,-4900.0
1429,Oaklynn Randolph,paroli,100.0,100000.0,50000.0,1104,0,0.0,90800.0,90800.0,-9200.0
1430,Eugene Vu,paroli,100.0,100000.0,50000.0,1187,0,0.0,103100.0,103100.0,3100.0
1431,Kimora Foster,paroli,100.0,100000.0,50000.0,1178,0,0.0,100800.0,100800.0,800.0
1432,Kayden Gillespie,paroli,100.0,100000.0,50000.0,1125,2,0.0,90100.0,90100.0,-9900.0
1433,Alianna Lim,paroli,100.0,100000.0,50000.0,1132,2,0.0,95700.0,95700.0,-4300.0
1434,Cal Howell,paroli,100.0,100000.0,50000.0,1152,1,0.0,95500.0,95500.0,-4500.0
1435,Mckenna Terrell,paroli,100.0,100000.0,50000.0,1235,0,0.0,111800.0,111800.0,11800.0
1436,Jaxen Willis,paroli,100.0,100000.0,50000.0,1171,3,0.0,94600.0,94600.0,-5400.0
1437,Alexa Hensley,paroli,100.0,100000.0,50000.0,1173,4,0.0,99500.0,99500.0,-500.0
1438,Layne Barron,paroli,100.0,100000.0,50000.0,1120,1,0.0,91600.0,91600.0,-8400.0
1439,Anya Best,paroli,100.0,100000.0,50000.0,1147,5,0.0,96900.0,96900.0,-3100.0
1440,Harlem Gillespie,paroli,100.0,100000.0,50000.0,1116,2,0.0,88300.0,88300.0,-11700.0
1441,Alianna Pace,paroli,100.0,100000.0,50000.0,1150,1,0.0,96900.0,96900.0,-3100.0
1442,Dior Coffey,paroli,100.0,100000.0,50000.0,1174,0,0.0,98100.0,98100.0,-1900.0
1443,Paola Maynard,paroli,100.0,100000.0,50000.0,1107,0,0.0,81900.0,81900.0,-18100.0
1444,Landry O’Connor,paroli,100.0,100000.0,50000.0,1163,0,0.0,99900.0,99900.0,-100.0
1445,Charli Murphy,paroli,100.0,100000.0,50000.0,1142,1,0.0,92800.0,92800.0,-7200.0
1446,Cameron Bonilla,paroli,100.0,100000.0,50000.0,1144,2,0.0,88800.0,88800.0,-11200.0
1447,Romina Fuentes,paroli,100.0,100000.0,50000.0,1100,2,0.0,85600.0,85600.0,-14400.0
1448,Bowen Keith,paroli,100.0,100000.0,50000.0,1209,2,0.0,109300.0,109300.0,9300.0
1449,Elyse Green,paroli,100.0,100000.0,50000.0,1140,0,0.0,94000.0,94000.0,-6000.0
1450,Anthony Medrano,paroli,100.0,100000.0,50000.0,1120,2,0.0,86600.0,86600.0,-13400.0
1451,Halle Gould,paroli,100.0,100000.0,50000.0,1132,0,0.0,88800.0,88800.0,-11200.0
1452,Blaine Fox,paroli,100.0,100000.0,50000.0,1115,0,0.0,92600.0,92600.0,-7400.0
1453,Juliette English,paroli,100.0,100000.0,50000.0,1125,0,0.0,91500.0,91500.0,-8500.0
1454,Junior Lamb,paroli,100.0,100000.0,50000.0,1180,1,0.0,96200.0,96200.0,-3800.0
1455,Amaia Livingston,paroli,100.0,100000.0,50000.0,1157,0,0.0,96700.0,96700.0,-3300.0
1456,Ambrose Bartlett,paroli,100.0,100000.0,50000.0,1169,0,0.0,93300.0,93300.0,-6700.0
1457,Aubrielle Riley,paroli,100.0,100000.0,50000.0,1129,0,0.0,87200.0,87200.0,-12800.0
1458,Amari Cannon,paroli,100.0,100000.0,50000.0,1149,0,0.0,96100.0,96100.0,-3900.0
1459,Noa Russo,paroli,100.0,100000.0,50000.0,1164,1,0.0,96500.0,96500.0,-3500.0
1460,Jamie Horne,paroli,100.0,100000.0,50000.0,1158,0,0.0,100300.0,100300.0,300.0
1461,Marlowe Moreno,paroli,100.0,100000.0,50000.0,1104,2,0.0,86700.0,86700.0,-13300.0
1462,Myles Miranda,paroli,100.0,100000.0,50000.0,1160,1,0.0,93300.0,93300.0,-6700.0
1463,Amina Browning,paroli,100.0,100000.0,50000.0,1153,1,0.0,93400.0,93400.0,-6600.0
1464,Rohan Hardin,paroli,100.0,100000.0,50000.0,1150,2,0.0,99000.0,99000.0,-1000.0
1465,Vada Dickson,paroli,100.0,100000.0,50000.0,1186,0,0.0,99700.0,99700.0,-300.0
1466,Maxton Estes,paroli,100.0,100000.0,50000.0,1189,0,0.0,104300.0,104300.0,4300.0
1467,Brittany Reed,paroli,100.0,100000.0,50000.0,1115,0,0.0,85700.0,85700.0,-14300.0
1468,Easton Preston,paroli,100.0,100000.0,50000.0,1122,1,0.0,87400.0,87400.0,-12600.0
1469,Indie Morris,paroli,100.0,100000.0,50000.0,1195,0,0.0,108200.0,108200.0,8200.0
1470,Christian Blackburn,paroli,100.0,100000.0,50000.0,1156,1,0.0,99400.0,99400.0,-600.0
1471,Frida Bond,paroli,100.0,100000.0,50000.0,1141,1,0.0,89900.0,89900.0,-10100.0
1472,Roger Cunningham,paroli,100.0,100000.0,50000.0,1193,2,0.0,101600.0,101600.0,1600.0
1473,Marley Richmond,paroli,100.0,100000.0,50000.0,1154,1,0.0,97100.0,97100.0,-2900.0
1474,Mordechai Porter,paroli,100.0,100000.0,50000.0,1128,0,0.0,88700.0,88700.0,-11300.0
1475,Ryleigh Miles,paroli,100.0,100000.0,50000.0,1135,2,0.0,92700.0,92700.0,-7300.0
1476,Jared Brock,paroli,100.0,100000.0,50000.0,1191,1,0.0,104600.0,104600.0,4600.0
1477,Jada Weiss,paroli,100.0,100000.0,50000.0,1140,3,0.0,96600.0,96600.0,-3400.0
1478,Koa Castaneda,paroli,100.0,100000.0,50000.0,1185,0,0.0,102000.0,102000.0,2000.0
1479,Keira Melendez,paroli,100.0,100000.0,50000.0,1096,1,0.0,81200.0,81200.0,-18800.0
1480,Nikolas Cordova,paroli,100.0,100000.0,50000.0,1160,0,0.0,97900.0,97900.0,-2100.0
1481,Florence Smith,paroli,100.0,100000.0,50000.0,1150,3,0.0,90300.0,90300.0,-9700.0
1482,Liam Lambert,paroli,100.0,100000.0,50000.0,1145,1,0.0,95200.0,95200.0,-4800.0
1483,Nina Alfaro,paroli,100.0,100000.0,50000.0,1134,1,0.0,88800.0,88800.0,-11200.0
1484,Xzavier Keith,paroli,100.0,100000.0,50000.0,1130,1,0.0,86200.0,86200.0,-13800.0
1485,Elyse Barr,paroli,100.0,100000.0,50000.0,1159,2,0.0,94900.0,94900.0,-5100.0
1486,Harley Jaramillo,paroli,100.0,100000.0,50000.0,1124,1,0.0,93100.0,93100.0,-6900.0
1487,Guadalupe Benton,paroli,100.0,100000.0,50000.0,1134,1,0.0,90900.0,90900.0,-9100.0
1488,Jamal Gonzales,paroli,100.0,100000.0,50000.0,1189,0,0.0,105600.0,105600.0,5600.0
1489,Hadley Taylor,paroli,100.0,100000.0,50000.0,1211,2,0.0,108500.0,108500.0,8500.0
1490,Jackson Odom,paroli,100.0,100000.0,50000.0,1112,2,0.0,86700.0,86700.0,-13300.0
1491,Laylani Rogers,paroli,100.0,100000.0,50000.0,1163,0,0.0,98300.0,98300.0,-1700.0
1492,Colton Dillon,paroli,100.0,100000.0,50000.0,1147,0,0.0,92700.0,92700.0,-7300.0
1493,Laurel Bell,paroli,100.0,100000.0,50000.0,1121,2,0.0,87800.0,87800.0,-12200.0
1494,Emmett Macdonald,paroli,100.0,100000.0,50000.0,1119,2,0.0,91200.0,91200.0,-8800.0
1495,Rosalia Schneider,paroli,100.0,100000.0,50000.0,1183,1,0.0,98600.0,98600.0,-1400.0
1496,Raymond Atkinson,paroli,100.0,100000.0,50000.0,1145,2,0.0,92500.0,92500.0,-7500.0
1497,Jazmin Guerra,paroli,100.0,100000.0,50000.0,1158,0,0.0,97100.0,97100.0,-2900.0
1498,Leland Melton,paroli,100.0,100000.0,50000.0,1182,1,0.0,102300.0,102300.0,2300.0
1499,Kamiyah Blevins,paroli,100.0,100000.0,50000.0,1098,0,0.0,86100.0,86100.0,-13900.0
1500,Avi Ali,paroli,100.0,100000.0,50000.0,1159,0,0.0,96400.0,96400.0,-3600.0
1501,Zelda Rivas,paroli,100.0,100000.0,50000.0,1251,0,0.0,113900.0,113900.0,13900.0
1502,Damon Guerra,paroli,100.0,100000.0,50000.0,1234,0,0.0,111500.0,111500.0,11500.0
1503,Edith Vaughn,paroli,100.0,100000.0,50000.0,1135,0,0.0,91600.0,91600.0,-8400.0
1504,Remy George,paroli,100.0,100000.0,50000.0,1146,0,0.0,98100.0,98100.0,-1900.0
1505,Adelyn Kim,paroli,100.0,100000.0,50000.0,1158,1,0.0,95400.0,95400.0,-4600.0
1506,Roman Blackwell,paroli,100.0,100000.0,50000.0,1185,1,0.0,100300.0,100300.0,300.0
1507,Saoirse Kirby,paroli,100.0,100000.0,50000.0,1140,1,0.0,90400.0,90400.0,-9600.0
1508,Tony Murillo,paroli,100.0,100000.0,50000.0,1162,0,0.0,98500.0,98500.0,-1500.0
1509,Mikaela Patel,paroli,100.0,100000.0,50000.0,1100,0,0.0,86500.0,86500.0,-13500.0
1510,Parker McDowell,paroli,100.0,100000.0,50000.0,1122,0,0.0,87500.0,87500.0,-12500.0
1511,Rayna Hayden,paroli,100.0,100000.0,50000.0,1113,2,0.0,83700.0,83700.0,-16300.0
1512,Leroy Duffy,paroli,100.0,100000.0,50000.0,1179,3,0.0,93600.0,93600.0,-6400.0
1513,Addisyn Simon,paroli,100.0,100000.0,50000.0,1195,1,0.0,105300.0,105300.0,5300.0
1514,Zayne Sheppard,paroli,100.0,100000.0,50000.0,1167,0,0.0,96600.0,96600.0,-3400.0
1515,Veda Wright,paroli,100.0,100000.0,50000.0,1160,0,0.0,95900.0,95900.0,-4100.0
1516,Grayson Ayala,paroli,100.0,100000.0,50000.0,1114,0,0.0,87600.0,87600.0,-12400.0
1517,Blair Grant,paroli,100.0,100000.0,50000.0,1094,0,0.0,82600.0,82600.0,-17400.0
1518,Leon Randolph,paroli,100.0,100000.0,50000.0,1159,1,0.0,93600.0,93600.0,-6400.0
1519,Kailey Blankenship,paroli,100.0,100000.0,50000.0,1141,1,0.0,91700.0,91700.0,-8300.0
1520,Ernesto Blanchard,paroli,100.0,100000.0,50000.0,1196,0,0.0,99400.0,99400.0,-600.0
1521,Layne Schwartz,paroli,100.0,100000.0,50000.0,1126,4,0.0,87800.0,87800.0,-12200.0
1522,Edwin Vaughan,paroli,100.0,100000.0,50000.0,1176,0,0.0,98300.0,98300.0,-1700.0
1523,Nancy Porter,paroli,100.0,100000.0,50000.0,1104,2,0.0,82900.0,82900.0,-17100.0
1524,Rhett Vu,paroli,100.0,100000.0,50000.0,1145,1,0.0,94600.0,94600.0,-5400.0
1525,Kimora Ramos,paroli,100.0,100000.0,50000.0,1195,1,0.0,103800.0,103800.0,3800.0
1526,Angel Decker,paroli,100.0,100000.0,50000.0,1172,1,0.0,91800.0,91800.0,-8200.0
1527,Aleena Stephens,paroli,100.0,100000.0,50000.0,1150,2,0.0,94200.0,94200.0,-5800.0
1528,Messiah Zamora,paroli,100.0,100000.0,50000.0,1161,2,0.0,94500.0,94500.0,-5500.0
1529,Sierra Boyle,paroli,100.0,100000.0,50000.0,1176,1,0.0,97300.0,97300.0,-2700.0
1530,Robin Alexander,paroli,100.0,100000.0,50000.0,1134,1,0.0,96700.0,96700.0,-3300.0
1531,Lyla Washington,paroli,100.0,100000.0,50000.0,1119,0,0.0,93200.0,93200.0,-6800.0
1532,Juan Bowman,paroli,100.0,100000.0,50000.0,1148,0,0.0,95400.0,95400.0,-4600.0
1533,Fiona Wolfe,paroli,100.0,100000.0,50000.0,1139,0,0.0,95500.0,95500.0,-4500.0
1534,Donovan Ruiz,paroli,100.0,100000.0,50000.0,1191,1,0.0,99900.0,99900.0,-100.0
1535,Emery Livingston,paroli,100.0,100000.0,50000.0,1150,6,0.0,94700.0,94700.0,-5300.0
1536,Ambrose Boone,paroli,100.0,100000.0,50000.0,1144,2,0.0,97100.0,97100.0,-2900.0
1537,Mariam Kelly,paroli,100.0,100000.0,50000.0,1130,3,0.0,91000.0,91000.0,-9000.0
1538,Cooper Middleton,paroli,100.0,100000.0,50000.0,1173,1,0.0,95700.0,95700.0,-4300.0
1539,Madalyn Cortes,paroli,100.0,100000.0,50000.0,1133,1,0.0,90500.0,90500.0,-9500.0
1540,Banks Villegas,paroli,100.0,100000.0,50000.0,1150,2,0.0,96700.0,96700.0,-3300.0
1541,Jessie Morton,paroli,100.0,100000.0,50000.0,1137,0,0.0,88500.0,88500.0,-11500.0
1542,Roland Xiong,paroli,100.0,100000.0,50000.0,1161,1,0.0,95900.0,95900.0,-4100.0
1543,Amayah Faulkner,paroli,100.0,100000.0,50000.0,1127,3,0.0,91900.0,91900.0,-8100.0
1544,Jabari McGuire,paroli,100.0,100000.0,50000.0,1201,0,0.0,103600.0,103600.0,3600.0
1545,April Savage,paroli,100.0,100000.0,50000.0,1091,0,0.0,79200.0,79200.0,-20800.0
1546,Keaton Rowland,paroli,100.0,100000.0,50000.0,1149,4,0.0,96000.0,96000.0,-4000.0
1547,Harleigh Small,paroli,100.0,100000.0,50000.0,1201,0,0.0,104100.0,104100.0,4100.0
1548,Rudy Swanson,paroli,100.0,100000.0,50000.0,1100,1,0.0,82300.0,82300.0,-17700.0
1549,Helen Ferguson,paroli,100.0,100000.0,50000.0,1118,1,0.0,86400.0,86400.0,-13600.0
1550,Miguel Crawford,paroli,100.0,100000.0,50000.0,1177,1,0.0,103200.0,103200.0,3200.0
1551,Aubree Tapia,paroli,100.0,100000.0,50000.0,1188,2,0.0,100400.0,100400.0,400.0
1552,Samir Berg,paroli,100.0,100000.0,50000.0,1154,0,0.0,95600.0,95600.0,-4400.0
1553,Emmalyn Calhoun,paroli,100.0,100000.0,50000.0,1168,0,0.0,94700.0,94700.0,-5300.0
1554,Gary Stout,paroli,100.0,100000.0,50000.0,1130,0,0.0,95000.0,95000.0,-5000.0
1555,Chana Griffin,paroli,100.0,100000.0,50000.0,1128,0,0.0,93100.0,93100.0,-6900.0
1556,Ayden Adams,paroli,100.0,100000.0,50000.0,1149,2,0.0,96300.0,96300.0,-3700.0
1557,Stella Crawford,paroli,100.0,100000.0,50000.0,1162,0,0.0,96700.0,96700.0,-3300.0
1558,Kevin Brennan,paroli,100.0,100000.0,50000.0,1147,0,0.0,96000.0,96000.0,-4000.0
1559,Elodie Phan,paroli,100.0,100000.0,50000.0,1179,1,0.0,103500.0,103500.0,3500.0
1560,Maison Armstrong,paroli,100.0,100000.0,50000.0,1171,2,0.0,100800.0,100800.0,800.0
1561,Presley Edwards,paroli,100.0,100000.0,50000.0,1148,0,0.0,98700.0,98700.0,-1300.0
1562,Adrian Murray,paroli,100.0,100000.0,50000.0,1131,0,0.0,93300.0,93300.0,-6700.0
1563,Faith Duncan,paroli,100.0,100000.0,50000.0,1139,0,0.0,92400.0,92400.0,-7600.0
1564,Avery Hall,paroli,100.0,100000.0,50000.0,1139,1,0.0,88700.0,88700.0,-11300.0
1565,Leah Thornton,paroli,100.0,100000.0,50000.0,1189,2,0.0,103500.0,103500.0,3500.0
1566,Malik Frost,paroli,100.0,100000.0,50000.0,1125,0,0.0,91800.0,91800.0,-8200.0
1567,Paula Robinson,paroli,100.0,100000.0,50000.0,1170,0,0.0,97400.0,97400.0,-2600.0
1568,Matthew Mason,paroli,100.0,100000.0,50000.0,1140,0,0.0,93600.0,93600.0,-6400.0
1569,Sienna Ramos,paroli,100.0,100000.0,50000.0,1154,0,0.0,98300.0,98300.0,-1700.0
1570,Angel Morrow,paroli,100.0,100000.0,50000.0,1099,0,0.0,85100.0,85100.0,-14900.0
1571,Reyna Duran,paroli,100.0,100000.0,50000.0,1152,0,0.0,95600.0,95600.0,-4400.0
1572,Ismael Fry,paroli,100.0,100000.0,50000.0,1125,1,0.0,89600.0,89600.0,-10400.0
1573,Clarissa Walter,paroli,100.0,100000.0,50000.0,1152,1,0.0,97500.0,97500.0,-2500.0
1574,Lochlan Peters,paroli,100.0,100000.0,50000.0,1142,0,0.0,91600.0,91600.0,-8400.0
1575,Leila Chavez,paroli,100.0,100000.0,50000.0,1159,0,0.0,92600.0,92600.0,-7400.0
1576,Ian Waller,paroli,100.0,100000.0,50000.0,1151,1,0.0,97800.0,97800.0,-2200.0
1577,Whitley Graves,paroli,100.0,100000.0,50000.0,1137,2,0.0,93200.0,93200.0,-6800.0
1578,Cesar Frye,paroli,100.0,100000.0,50000.0,1110,0,0.0,87000.0,87000.0,-13000.0
1579,Raya Kirby,paroli,100.0,100000.0,50000.0,1197,0,0.0,97800.0,97800.0,-2200.0
1580,Tony Mullen,paroli,100.0,100000.0,50000.0,1119,0,0.0,90200.0,90200.0,-9800.0
1581,Shay Strong,paroli,100.0,100000.0,50000.0,1161,1,0.0,97900.0,97900.0,-2100.0
1582,Axl Patrick,paroli,100.0,100000.0,50000.0,1169,1,0.0,97100.0,97100.0,-2900.0
1583,Lyra Harrell,paroli,100.0,100000.0,50000.0,1193,0,0.0,105100.0,105100.0,5100.0
1584,Nelson Tucker,paroli,100.0,100000.0,50000.0,1130,0,0.0,89900.0,89900.0,-10100.0
1585,Esther Hammond,paroli,100.0,100000.0,50000.0,1097,2,0.0,85500.0,85500.0,-14500.0
1586,Francis Maynard,paroli,100.0,100000.0,50000.0,1175,1,0.0,103300.0,103300.0,3300.0
1587,Carolyn Goodman,paroli,100.0,100000.0,50000.0,1165,1,0.0,99100.0,99100.0,-900.0
1588,Philip Sherman,paroli,100.0,100000.0,50000.0,1131,1,0.0,92600.0,92600.0,-7400.0
1589,Addilyn Crane,paroli,100.0,100000.0,50000.0,1125,1,0.0,90300.0,90300.0,-9700.0
1590,Fox Daugherty,paroli,100.0,100000.0,50000.0,1160,1,0.0,96800.0,96800.0,-3200.0
1591,Magdalena Petersen,paroli,100.0,100000.0,50000.0,1116,1,0.0,86400.0,86400.0,-13600.0
1592,Samson Wu,paroli,100.0,100000.0,50000.0,1124,1,0.0,88500.0,88500.0,-11500.0
1593,Liana Hanna,paroli,100.0,100000.0,50000.0,1155,0,0.0,97400.0,97400.0,-2600.0
1594,Aydin Castillo,paroli,100.0,100000.0,50000.0,1065,4,0.0,78500.0,78500.0,-21500.0
1595,Eva Everett,paroli,100.0,100000.0,50000.0,1158,1,0.0,97400.0,97400.0,-2600.0
1596,Camilo Cobb,paroli,100.0,100000.0,50000.0,1159,1,0.0,94300.0,94300.0,-5700.0
1597,Aviana Shah,paroli,100.0,100000.0,50000.0,1148,0,0.0,96900.0,96900.0,-3100.0
1598,Zain Quinn,paroli,100.0,100000.0,50000.0,1149,0,0.0,91800.0,91800.0,-8200.0
1599,Heaven Greer,paroli,100.0,100000.0,50000.0,1129,0,0.0,92200.0,92200.0,-7800.0
1600,Koda Cantrell,paroli,100.0,100000.0,50000.0,1161,1,0.0,97500.0,97500.0,-2500.0
1601,Yamileth Cardenas,paroli,100.0,100000.0,50000.0,1100,0,0.0,82900.0,82900.0,-17100.0
1602,Johnathan Guevara,paroli,100.0,100000.0,50000.0,1155,2,0.0,91800.0,91800.0,-8200.0
1603,Teresa Santos,paroli,100.0,100000.0,50000.0,1186,1,0.0,105000.0,105000.0,5000.0
1604,Walker Marshall,paroli,100.0,100000.0,50000.0,1095,4,0.0,81800.0,81800.0,-18200.0
1605,Adalyn Haley,paroli,100.0,100000.0,50000.0,1174,0,0.0,100000.0,100000.0,0.0
1606,Leif Bradford,paroli,100.0,100000.0,50000.0,1081,1,0.0,85400.0,85400.0,-14600.0
1607,Rhea Simpson,paroli,100.0,100000.0,50000.0,1141,2,0.0,89500.0,89500.0,-10500.0
1608,Elliott Todd,paroli,100.0,100000.0,50000.0,1136,0,0.0,91800.0,91800.0,-8200.0
1609,Zariah Pratt,paroli,100.0,100000.0,50000.0,1127,0,0.0,93300.0,93300.0,-6700.0
1610,Rowen Carroll,paroli,100.0,100000.0,50000.0,1146,0,0.0,92100.0,92100.0,-7900.0
1611,Zara Shaffer,paroli,100.0,100000.0,50000.0,1100,1,0.0,84100.0,84100.0,-15900.0
1612,Dexter Hubbard,paroli,100.0,100000.0,50000.0,1145,1,0.0,93300.0,93300.0,-6700.0
1613,Rosie Avila,paroli,100.0,100000.0,50000.0,1201,2,0.0,110700.0,110700.0,10700.0
1614,Jaylen Nolan,paroli,100.0,100000.0,50000.0,1101,1,0.0,80100.0,80100.0,-19900.0
1615,Itzayana Massey,paroli,100.0,100000.0,50000.0,1192,0,0.0,103200.0,103200.0,3200.0
1616,Donald Goodwin,paroli,100.0,100000.0,50000.0,1115,0,0.0,89100.0,89100.0,-10900.0
1617,Shiloh Bates,paroli,100.0,100000.0,50000.0,1127,7,0.0,91300.0,91300.0,-8700.0
1618,Ellis Pena,paroli,100.0,100000.0,50000.0,1139,0,0.0,94800.0,94800.0,-5200.0
1619,Rachel Charles,paroli,100.0,100000.0,50000.0,1159,1,0.0,92800.0,92800.0,-7200.0
1620,Conrad Stevenson,paroli,100.0,100000.0,50000.0,1106,0,0.0,88900.0,88900.0,-11100.0
1621,Regina Maynard,paroli,100.0,100000.0,50000.0,1198,0,0.0,101400.0,101400.0,1400.0
1622,Landry Cervantes,paroli,100.0,100000.0,50000.0,1166,4,0.0,98400.0,98400.0,-1600.0
1623,Aylin Higgins,paroli,100.0,100000.0,50000.0,1148,0,0.0,92100.0,92100.0,-7900.0
1624,Sterling Solomon,paroli,100.0,100000.0,50000.0,1139,0,0.0,95000.0,95000.0,-5000.0
1625,Mylah Le,paroli,100.0,100000.0,50000.0,1115,0,0.0,88800.0,88800.0,-11200.0
1626,Damien Bender,paroli,100.0,100000.0,50000.0,1200,2,0.0,104200.0,104200.0,4200.0
1627,Lilyana Landry,paroli,100.0,100000.0,50000.0,1120,2,0.0,88900.0,88900.0,-11100.0
1628,Jaxx Schmitt,paroli,100.0,100000.0,50000.0,1163,0,0.0,101300.0,101300.0,1300.0
1629,Queen Brooks,paroli,100.0,100000.0,50000.0,1113,1,0.0,84500.0,84500.0,-15500.0
1630,Jordan Singh,paroli,100.0,100000.0,50000.0,1206,0,0.0,109500.0,109500.0,9500.0
1631,Vivienne Gardner,paroli,100.0,100000.0,50000.0,1200,2,0.0,102500.0,102500.0,2500.0
1632,Alan Greer,paroli,100.0,100000.0,50000.0,1176,0,0.0,97500.0,97500.0,-2500.0
1633,Reina Robertson,paroli,100.0,100000.0,50000.0,1159,0,0.0,99100.0,99100.0,-900.0
1634,Emiliano Beard,paroli,100.0,100000.0,50000.0,1092,2,0.0,86000.0,86000.0,-14000.0
1635,Ezra Vaughan,paroli,100.0,100000.0,50000.0,1113,0,0.0,85300.0,85300.0,-14700.0
1636,Castiel Stanley,paroli,100.0,100000.0,50000.0,1089,0,0.0,87400.0,87400.0,-12600.0
1637,Gracelyn Correa,paroli,100.0,100000.0,50000.0,1180,0,0.0,98300.0,98300.0,-1700.0
1638,Zakai Liu,paroli,100.0,100000.0,50000.0,1134,1,0.0,93500.0,93500.0,-6500.0
1639,Kate McCall,paroli,100.0,100000.0,50000.0,1108,1,0.0,87500.0,87500.0,-12500.0
1640,Kiaan Pruitt,paroli,100.0,100000.0,50000.0,1180,1,0.0,104100.0,104100.0,4100.0
1641,Brylee Morris,paroli,100.0,100000.0,50000.0,1146,1,0.0,93100.0,93100.0,-6900.0
1642,Christian Conner,paroli,100.0,100000.0,50000.0,1140,1,0.0,89700.0,89700.0,-10300.0
1643,Alondra Roberts,paroli,100.0,100000.0,50000.0,1141,3,0.0,94100.0,94100.0,-5900.0
1644,Josiah Mayer,paroli,100.0,100000.0,50000.0,1162,0,0.0,97500.0,97500.0,-2500.0
1645,Ainhoa Reed,paroli,100.0,100000.0,50000.0,1149,1,0.0,90900.0,90900.0,-9100.0
1646,Easton Santos,paroli,100.0,100000.0,50000.0,1097,0,0.0,87500.0,87500.0,-12500.0
1647,Alana Bryan,paroli,100.0,100000.0,50000.0,1092,1,0.0,85500.0,85500.0,-14500.0
1648,Jaxtyn Ho,paroli,100.0,100000.0,50000.0,1150,1,0.0,88900.0,88900.0,-11100.0
1649,Calliope Hunt,paroli,100.0,100000.0,50000.0,1167,0,0.0,97800.0,97800.0,-2200.0
1650,Jesus Freeman,paroli,100.0,100000.0,50000.0,1129,2,0.0,94600.0,94600.0,-5400.0
1651,Norah Nielsen,paroli,100.0,100000.0,50000.0,1162,0,0.0,96700.0,96700.0,-3300.0
1652,Tru Person,paroli,100.0,100000.0,50000.0,1196,0,0.0,102100.0,102100.0,2100.0
1653,Dylan Hobbs,paroli,100.0,100000.0,50000.0,1153,3,0.0,93700.0,93700.0,-6300.0
1654,Brendan Yu,paroli,100.0,100000.0,50000.0,1151,0,0.0,95000.0,95000.0,-5000.0
1655,Navy Branch,paroli,100.0,100000.0,50000.0,1148,1,0.0,92700.0,92700.0,-7300.0
1656,Keenan Preston,paroli,100.0,100000.0,50000.0,1112,1,0.0,81900.0,81900.0,-18100.0
1657,Indie Atkins,paroli,100.0,100000.0,50000.0,1168,0,0.0,96600.0,96600.0,-3400.0
1658,Cason Walsh,paroli,100.0,100000.0,50000.0,1184,1,0.0,103800.0,103800.0,3800.0
1659,Leia Kennedy,paroli,100.0,100000.0,50000.0,1160,0,0.0,100200.0,100200.0,200.0
1660,Maxwell Hunt,paroli,100.0,100000.0,50000.0,1104,2,0.0,84800.0,84800.0,-15200.0
1661,Genevieve Chavez,paroli,100.0,100000.0,50000.0,1100,0,0.0,81400.0,81400.0,-18600.0
1662,Ian Wade,paroli,100.0,100000.0,50000.0,1170,0,0.0,102400.0,102400.0,2400.0
1663,Evie Quintero,paroli,100.0,100000.0,50000.0,1113,1,0.0,86400.0,86400.0,-13600.0
1664,Thatcher Carey,paroli,100.0,100000.0,50000.0,1099,2,0.0,87400.0,87400.0,-12600.0
1665,Alora Barr,paroli,100.0,100000.0,50000.0,1185,0,0.0,99700.0,99700.0,-300.0
1666,Harley Dodson,paroli,100.0,100000.0,50000.0,1200,1,0.0,106200.0,106200.0,6200.0
1667,Etta Tyler,paroli,100.0,100000.0,50000.0,1214,0,0.0,108200.0,108200.0,8200.0
1668,Emmitt Davila,paroli,100.0,100000.0,50000.0,1133,0,0.0,89600.0,89600.0,-10400.0
1669,Rayne Avila,paroli,100.0,100000.0,50000.0,1125,1,0.0,87500.0,87500.0,-12500.0
1670,Jaylen Stewart,paroli,100.0,100000.0,50000.0,1177,0,0.0,101700.0,101700.0,1700.0
1671,Maya Wall,paroli,100.0,100000.0,50000.0,1165,1,0.0,95700.0,95700.0,-4300.0
1672,Issac O’Donnell,paroli,100.0,100000.0,50000.0,1166,4,0.0,100300.0,100300.0,300.0
1673,Bellamy Pruitt,paroli,100.0,100000.0,50000.0,1198,1,0.0,99500.0,99500.0,-500.0
1674,Gatlin Lewis,paroli,100.0,100000.0,50000.0,1155,0,0.0,92900.0,92900.0,-7100.0
1675,Ellie Dennis,paroli,100.0,100000.0,50000.0,1210,0,0.0,111100.0,111100.0,11100.0
1676,Emanuel Hodge,paroli,100.0,100000.0,50000.0,1139,3,0.0,89900.0,89900.0,-10100.0
1677,Coraline Salgado,paroli,100.0,100000.0,50000.0,1181,4,0.0,104900.0,104900.0,4900.0
1678,Trace McIntosh,paroli,100.0,100000.0,50000.0,1171,1,0.0,97800.0,97800.0,-2200.0
1679,Gwen Caldwell,paroli,100.0,100000.0,50000.0,1162,0,0.0,100600.0,100600.0,600.0
1680,Rylan Knapp,paroli,100.0,100000.0,50000.0,1063,1,0.0,77700.0,77700.0,-22300.0
1681,Linda Owen,paroli,100.0,100000.0,50000.0,1148,1,0.0,92400.0,92400.0,-7600.0
1682,Cannon Khan,paroli,100.0,100000.0,50000.0,1197,0,0.0,107800.0,107800.0,7800.0
1683,Mabel Watts,paroli,100.0,100000.0,50000.0,1150,1,0.0,91700.0,91700.0,-8300.0
1684,Dakota Chen,paroli,100.0,100000.0,50000.0,1122,2,0.0,86200.0,86200.0,-13800.0
1685,Valeria Huerta,paroli,100.0,100000.0,50000.0,1183,0,0.0,97200.0,97200.0,-2800.0
1686,Douglas Park,paroli,100.0,100000.0,50000.0,1142,2,0.0,92500.0,92500.0,-7500.0
1687,Lia Barber,paroli,100.0,100000.0,50000.0,1158,1,0.0,95400.0,95400.0,-4600.0
1688,Solomon Randall,paroli,100.0,100000.0,50000.0,1129,0,0.0,96200.0,96200.0,-3800.0
1689,Christina Collier,paroli,100.0,100000.0,50000.0,1135,2,0.0,88500.0,88500.0,-11500.0
1690,Edison Lyons,paroli,100.0,100000.0,50000.0,1131,1,0.0,93400.0,93400.0,-6600.0
1691,Kenzie O’Donnell,paroli,100.0,100000.0,50000.0,1135,0,0.0,90100.0,90100.0,-9900.0
1692,Lian Turner,paroli,100.0,100000.0,50000.0,1132,0,0.0,91600.0,91600.0,-8400.0
1693,Brooklyn McMahon,paroli,100.0,100000.0,50000.0,1202,2,0.0,106500.0,106500.0,6500.0
1694,Jakob Herring,paroli,100.0,100000.0,50000.0,1126,0,0.0,87500.0,87500.0,-12500.0
1695,Denver Maldonado,paroli,100.0,100000.0,50000.0,1160,0,0.0,98400.0,98400.0,-1600.0
1696,Javier Ventura,paroli,100.0,100000.0,50000.0,1132,1,0.0,93700.0,93700.0,-6300.0
1697,Zora Barnes,paroli,100.0,100000.0,50000.0,1116,1,0.0,82200.0,82200.0,-17800.0
1698,Damian Schultz,paroli,100.0,100000.0,50000.0,1188,2,0.0,101800.0,101800.0,1800.0
1699,Briella Villanueva,paroli,100.0,100000.0,50000.0,1142,1,0.0,96700.0,96700.0,-3300.0
1700,Huxley Compton,paroli,100.0,100000.0,50000.0,1162,0,0.0,96000.0,96000.0,-4000.0
1701,Elina Webster,paroli,100.0,100000.0,50000.0,1101,0,0.0,85000.0,85000.0,-15000.0
1702,Shawn Tucker,paroli,100.0,100000.0,50000.0,1220,0,0.0,108400.0,108400.0,8400.0
1703,Esther Gardner,paroli,100.0,100000.0,50000.0,1104,2,0.0,83800.0,83800.0,-16200.0
1704,Alan Dixon,paroli,100.0,100000.0,50000.0,1158,0,0.0,95000.0,95000.0,-5000.0
1705,Blakely Vance,paroli,100.0,100000.0,50000.0,1202,2,0.0,103200.0,103200.0,3200.0
1706,Casen Olsen,paroli,100.0,100000.0,50000.0,1161,0,0.0,97200.0,97200.0,-2800.0
1707,Oaklyn Anthony,paroli,100.0,100000.0,50000.0,1224,4,0.0,111000.0,111000.0,11000.0
1708,Shiloh Turner,paroli,100.0,100000.0,50000.0,1134,1,0.0,96400.0,96400.0,-3600.0
1709,Brooklyn Fry,paroli,100.0,100000.0,50000.0,1124,0,0.0,92100.0,92100.0,-7900.0
1710,Jacoby Boyle,paroli,100.0,100000.0,50000.0,1143,0,0.0,97200.0,97200.0,-2800.0
1711,Aliya Maldonado,paroli,100.0,100000.0,50000.0,1140,2,0.0,92500.0,92500.0,-7500.0
1712,Javier Hubbard,paroli,100.0,100000.0,50000.0,1116,1,0.0,86400.0,86400.0,-13600.0
1713,Rosie Livingston,paroli,100.0,100000.0,50000.0,1130,0,0.0,92900.0,92900.0,-7100.0
1714,Ambrose Moreno,paroli,100.0,100000.0,50000.0,1166,0,0.0,95600.0,95600.0,-4400.0
1715,Mary Gilmore,paroli,100.0,100000.0,50000.0,1143,0,0.0,94600.0,94600.0,-5400.0
1716,Vihaan Chambers,paroli,100.0,100000.0,50000.0,1193,1,0.0,101700.0,101700.0,1700.0
1717,Makayla Medrano,paroli,100.0,100000.0,50000.0,1169,0,0.0,100400.0,100400.0,400.0
1718,Arian Parrish,paroli,100.0,100000.0,50000.0,1230,1,0.0,107700.0,107700.0,7700.0
1719,Tiana Liu,paroli,100.0,100000.0,50000.0,1110,0,0.0,92400.0,92400.0,-7600.0
1720,Pedro Pineda,paroli,100.0,100000.0,50000.0,1153,1,0.0,95500.0,95500.0,-4500.0
1721,Nola Valencia,paroli,100.0,100000.0,50000.0,1120,1,0.0,89300.0,89300.0,-10700.0
1722,Dax Kim,paroli,100.0,100000.0,50000.0,1130,1,0.0,90200.0,90200.0,-9800.0
1723,Gabriella Burton,paroli,100.0,100000.0,50000.0,1146,1,0.0,92500.0,92500.0,-7500.0
1724,Zander Bartlett,paroli,100.0,100000.0,50000.0,1158,1,0.0,94200.0,94200.0,-5800.0
1725,Aubrielle Randolph,paroli,100.0,100000.0,50000.0,1162,0,0.0,98600.0,98600.0,-1400.0
1726,Eugene Bridges,paroli,100.0,100000.0,50000.0,1151,1,0.0,98600.0,98600.0,-1400.0
1727,Elora Yates,paroli,100.0,100000.0,50000.0,1169,1,0.0,92700.0,92700.0,-7300.0
1728,Braylon Santiago,paroli,100.0,100000.0,50000.0,1137,1,0.0,94400.0,94400.0,-5600.0
1729,Nyla Eaton,paroli,100.0,100000.0,50000.0,1169,1,0.0,100100.0,100100.0,100.0
1730,Leighton Lara,paroli,100.0,100000.0,50000.0,1173,0,0.0,99900.0,99900.0,-100.0
1731,Heidi Griffin,paroli,100.0,100000.0,50000.0,1116,1,0.0,87900.0,87900.0,-12100.0
1732,Ayden Stuart,paroli,100.0,100000.0,50000.0,1152,1,0.0,94200.0,94200.0,-5800.0
1733,Stormi Hansen,paroli,100.0,100000.0,50000.0,1166,1,0.0,93700.0,93700.0,-6300.0
1734,Charlie Quintero,paroli,100.0,100000.0,50000.0,1136,2,0.0,94800.0,94800.0,-5200.0
1735,Keyla Wall,paroli,100.0,100000.0,50000.0,1182,1,0.0,103300.0,103300.0,3300.0
1736,Issac Sloan,paroli,100.0,100000.0,50000.0,1181,0,0.0,98500.0,98500.0,-1500.0
1737,Selene Fernandez,paroli,100.0,100000.0,50000.0,1122,0,0.0,89300.0,89300.0,-10700.0
1738,Bentley Howard,paroli,100.0,100000.0,50000.0,1139,0,0.0,92000.0,92000.0,-8000.0
1739,Sophie French,paroli,100.0,100000.0,50000.0,1133,2,0.0,94900.0,94900.0,-5100.0
1740,Corey Ahmed,paroli,100.0,100000.0,50000.0,1162,3,0.0,97000.0,97000.0,-3000.0
1741,Jolie Vega,paroli,100.0,100000.0,50000.0,1140,0,0.0,88200.0,88200.0,-11800.0
1742,Aidan Stephenson,paroli,100.0,100000.0,50000.0,1157,2,0.0,95700.0,95700.0,-4300.0
1743,Khaleesi Vasquez,paroli,100.0,100000.0,50000.0,1141,0,0.0,90200.0,90200.0,-9800.0
1744,Rowan McIntyre,paroli,100.0,100000.0,50000.0,1146,0,0.0,97300.0,97300.0,-2700.0
1745,Rebekah Marin,paroli,100.0,100000.0,50000.0,1145,1,0.0,95400.0,95400.0,-4600.0
1746,Aldo Barber,paroli,100.0,100000.0,50000.0,1124,1,0.0,92400.0,92400.0,-7600.0
1747,Cassidy Howe,paroli,100.0,100000.0,50000.0,1122,0,0.0,91000.0,91000.0,-9000.0
1748,Alaric Liu,paroli,100.0,100000.0,50000.0,1094,1,0.0,83300.0,83300.0,-16700.0
1749,Kate Huber,paroli,100.0,100000.0,50000.0,1166,0,0.0,98700.0,98700.0,-1300.0
1750,Mac Reid,paroli,100.0,100000.0,50000.0,1174,2,0.0,99000.0,99000.0,-1000.0
1751,Charlee Simpson,paroli,100.0,100000.0,50000.0,1134,0,0.0,90500.0,90500.0,-9500.0
1752,Elliott Black,paroli,100.0,100000.0,50000.0,1187,0,0.0,107600.0,107600.0,7600.0
1753,Molly Molina,paroli,100.0,100000.0,50000.0,1117,1,0.0,90600.0,90600.0,-9400.0
1754,Prince Haley,paroli,100.0,100000.0,50000.0,1138,0,0.0,88000.0,88000.0,-12000.0
1755,Addilynn Dennis,paroli,100.0,100000.0,50000.0,1171,1,0.0,103100.0,103100.0,3100.0
1756,Emanuel Perry,paroli,100.0,100000.0,50000.0,1107,0,0.0,83100.0,83100.0,-16900.0
1757,Clara Bailey,paroli,100.0,100000.0,50000.0,1120,1,0.0,89600.0,89600.0,-10400.0
1758,Axel Fitzgerald,paroli,100.0,100000.0,50000.0,1130,1,0.0,90700.0,90700.0,-9300.0
1759,Marlee Lin,paroli,100.0,100000.0,50000.0,1154,2,0.0,97600.0,97600.0,-2400.0
1760,Conor Kent,paroli,100.0,100000.0,50000.0,1132,1,0.0,90600.0,90600.0,-9400.0
1761,Jazmine Curtis,paroli,100.0,100000.0,50000.0,1181,1,0.0,98700.0,98700.0,-1300.0
1762,Muhammad Osborne,paroli,100.0,100000.0,50000.0,1174,1,0.0,101100.0,101100.0,1100.0
1763,Shelby Garrett,paroli,100.0,100000.0,50000.0,1116,0,0.0,87100.0,87100.0,-12900.0
1764,Kairo Shaw,paroli,100.0,100000.0,50000.0,1217,2,0.0,112200.0,112200.0,12200.0
1765,Emersyn Pugh,paroli,100.0,100000.0,50000.0,1141,2,0.0,90100.0,90100.0,-9900.0
1766,Judson Blevins,paroli,100.0,100000.0,50000.0,1154,1,0.0,101100.0,101100.0,1100.0
1767,Aila Pacheco,paroli,100.0,100000.0,50000.0,1165,2,0.0,92600.0,92600.0,-7400.0
1768,Erik Day,paroli,100.0,100000.0,50000.0,1130,2,0.0,89900.0,89900.0,-10100.0
1769,Hayden Arellano,paroli,100.0,100000.0,50000.0,1154,1,0.0,93500.0,93500.0,-6500.0
1770,Kellan Gibbs,paroli,100.0,100000.0,50000.0,1190,2,0.0,99500.0,99500.0,-500.0
1771,Carter Cohen,paroli,100.0,100000.0,50000.0,1126,0,0.0,91900.0,91900.0,-8100.0
1772,Killian Washington,paroli,100.0,100000.0,50000.0,1142,0,0.0,92400.0,92400.0,-7600.0
1773,Valerie Meadows,paroli,100.0,100000.0,50000.0,1145,0,0.0,92700.0,92700.0,-7300.0
1774,Wayne Henderson,paroli,100.0,100000.0,50000.0,1184,0,0.0,102400.0,102400.0,2400.0
1775,Maria Suarez,paroli,100.0,100000.0,50000.0,1146,0,0.0,93100.0,93100.0,-6900.0
1776,Soren Garrison,paroli,100.0,100000.0,50000.0,1138,0,0.0,95600.0,95600.0,-4400.0
1777,Cadence Cuevas,paroli,100.0,100000.0,50000.0,1101,1,0.0,82400.0,82400.0,-17600.0
1778,Brecken Khan,paroli,100.0,100000.0,50000.0,1138,1,0.0,93100.0,93100.0,-6900.0
1779,Mabel Richardson,paroli,100.0,100000.0,50000.0,1214,0,0.0,110000.0,110000.0,10000.0
1780,Robert Snyder,paroli,100.0,100000.0,50000.0,1169,2,0.0,100600.0,100600.0,600.0
1781,Callie Garrison,paroli,100.0,100000.0,50000.0,1199,0,0.0,105000.0,105000.0,5000.0
1782,Noe Howard,paroli,100.0,100000.0,50000.0,1133,4,0.0,90800.0,90800.0,-9200.0
1783,Sophie Villa,paroli,100.0,100000.0,50000.0,1121,2,0.0,94200.0,94200.0,-5800.0
1784,Clay Zuniga,paroli,100.0,100000.0,50000.0,1089,1,0.0,82100.0,82100.0,-17900.0
1785,Leslie McCall,paroli,100.0,100000.0,50000.0,1166,0,0.0,96100.0,96100.0,-3900.0
1786,Kiaan Brandt,paroli,100.0,100000.0,50000.0,1101,0,0.0,82000.0,82000.0,-18000.0
1787,Loretta Love,paroli,100.0,100000.0,50000.0,1184,1,0.0,104500.0,104500.0,4500.0
1788,Jeffrey Stanton,paroli,100.0,100000.0,50000.0,1174,1,0.0,98600.0,98600.0,-1400.0
1789,Jaycee Landry,paroli,100.0,100000.0,50000.0,1052,0,0.0,76400.0,76400.0,-23600.0
1790,Jaxx Hodges,paroli,100.0,100000.0,50000.0,1180,3,0.0,99800.0,99800.0,-200.0
1791,Eve Baldwin,paroli,100.0,100000.0,50000.0,1180,2,0.0,101700.0,101700.0,1700.0
1792,Jaiden Small,paroli,100.0,100000.0,50000.0,1147,3,0.0,89600.0,89600.0,-10400.0
1793,Zaria Shaw,paroli,100.0,100000.0,50000.0,1121,0,0.0,86800.0,86800.0,-13200.0
1794,Elliot Nicholson,paroli,100.0,100000.0,50000.0,1129,1,0.0,91600.0,91600.0,-8400.0
1795,Justice Kerr,paroli,100.0,100000.0,50000.0,1157,0,0.0,97100.0,97100.0,-2900.0
1796,Louie Carlson,paroli,100.0,100000.0,50000.0,1131,1,0.0,90300.0,90300.0,-9700.0
1797,Kali Buckley,paroli,100.0,100000.0,50000.0,1234,1,0.0,112500.0,112500.0,12500.0
1798,Aryan Garza,paroli,100.0,100000.0,50000.0,1155,1,0.0,97300.0,97300.0,-2700.0
1799,River Gentry,paroli,100.0,100000.0,50000.0,1165,1,0.0,96900.0,96900.0,-3100.0
1800,Magnus Holloway,paroli,100.0,100000.0,50000.0,1115,3,0.0,90500.0,90500.0,-9500.0
1801,Mae Farley,paroli,100.0,100000.0,50000.0,1129,0,0.0,87800.0,87800.0,-12200.0
1802,Graysen Camacho,paroli,100.0,100000.0,50000.0,1107,0,0.0,90200.0,90200.0,-9800.0
1803,Armani Hendrix,paroli,100.0,100000.0,50000.0,1181,2,0.0,100700.0,100700.0,700.0
1804,Korbyn Lim,paroli,100.0,100000.0,50000.0,1187,0,0.0,100800.0,100800.0,800.0
1805,Giavanna Goodman,paroli,100.0,100000.0,50000.0,1179,0,0.0,99200.0,99200.0,-800.0
1806,Philip Roach,paroli,100.0,100000.0,50000.0,1143,2,0.0,92400.0,92400.0,-7600.0
1807,Lyanna Solomon,paroli,100.0,100000.0,50000.0,1161,1,0.0,97200.0,97200.0,-2800.0
1808,Musa Cooper,paroli,100.0,100000.0,50000.0,1174,0,0.0,102700.0,102700.0,2700.0
1809,Serenity Browning,paroli,100.0,100000.0,50000.0,1110,0,0.0,90900.0,90900.0,-9100.0
1810,Rohan Sandoval,paroli,100.0,100000.0,50000.0,1178,0,0.0,101600.0,101600.0,1600.0
1811,Elsie Howard,paroli,100.0,100000.0,50000.0,1167,0,0.0,97800.0,97800.0,-2200.0
1812,Jeremiah Lam,paroli,100.0,100000.0,50000.0,1196,0,0.0,97700.0,97700.0,-2300.0
1813,Karina Moreno,paroli,100.0,100000.0,50000.0,1184,0,0.0,100000.0,100000.0,0.0
1814,Myles Simmons,paroli,100.0,100000.0,50000.0,1159,0,0.0,95400.0,95400.0,-4600.0
1815,Reagan Santos,paroli,100.0,100000.0,50000.0,1158,0,0.0,98200.0,98200.0,-1800.0
1816,Walker Greene,paroli,100.0,100000.0,50000.0,1166,3,0.0,97900.0,97900.0,-2100.0
1817,Selena Horton,paroli,100.0,100000.0,50000.0,1138,0,0.0,90000.0,90000.0,-10000.0
1818,Garrett Macias,paroli,100.0,100000.0,50000.0,1123,1,0.0,92400.0,92400.0,-7600.0
1819,Adley Farmer,paroli,100.0,100000.0,50000.0,1162,1,0.0,97900.0,97900.0,-2100.0
1820,Jamison Saunders,paroli,100.0,100000.0,50000.0,1111,0,0.0,83600.0,83600.0,-16400.0
1821,Meadow Quintana,paroli,100.0,100000.0,50000.0,1151,0,0.0,94300.0,94300.0,-5700.0
1822,Kelvin O’Connell,paroli,100.0,100000.0,50000.0,1183,1,0.0,103500.0,103500.0,3500.0
1823,Jillian Shields,paroli,100.0,100000.0,50000.0,1080,0,0.0,87800.0,87800.0,-12200.0
1824,Devon Gillespie,paroli,100.0,100000.0,50000.0,1163,1,0.0,95800.0,95800.0,-4200.0
1825,Alianna Sellers,paroli,100.0,100000.0,50000.0,1108,0,0.0,81200.0,81200.0,-18800.0
1826,Madden Lambert,paroli,100.0,100000.0,50000.0,1213,4,0.0,108100.0,108100.0,8100.0
1827,Nina Lu,paroli,100.0,100000.0,50000.0,1135,2,0.0,92000.0,92000.0,-8000.0
1828,Duncan Velez,paroli,100.0,100000.0,50000.0,1120,0,0.0,88900.0,88900.0,-11100.0
1829,Megan Hines,paroli,100.0,100000.0,50000.0,1147,0,0.0,98500.0,98500.0,-1500.0
1830,Uriel Olson,paroli,100.0,100000.0,50000.0,1132,2,0.0,90900.0,90900.0,-9100.0
1831,Isabel Hahn,paroli,100.0,100000.0,50000.0,1186,1,0.0,100900.0,100900.0,900.0
1832,Kabir Martin,paroli,100.0,100000.0,50000.0,1134,0,0.0,92900.0,92900.0,-7100.0
1833,Mila Archer,paroli,100.0,100000.0,50000.0,1158,1,0.0,98200.0,98200.0,-1800.0
1834,Ephraim Webster,paroli,100.0,100000.0,50000.0,1150,0,0.0,95000.0,95000.0,-5000.0
1835,Kensley Olsen,paroli,100.0,100000.0,50000.0,1115,0,0.0,85200.0,85200.0,-14800.0
1836,Skyler Callahan,paroli,100.0,100000.0,50000.0,1160,0,0.0,99900.0,99900.0,-100.0
1837,Kimber Baker,paroli,100.0,100000.0,50000.0,1110,1,0.0,80900.0,80900.0,-19100.0
1838,Ezra Beck,paroli,100.0,100000.0,50000.0,1178,0,0.0,101900.0,101900.0,1900.0
1839,Gia Trujillo,paroli,100.0,100000.0,50000.0,1136,0,0.0,94600.0,94600.0,-5400.0
1840,Apollo Benitez,paroli,100.0,100000.0,50000.0,1093,0,0.0,83100.0,83100.0,-16900.0
1841,Aliza Donaldson,paroli,100.0,100000.0,50000.0,1157,1,0.0,95100.0,95100.0,-4900.0
1842,Canaan Barry,paroli,100.0,100000.0,50000.0,1129,0,0.0,95600.0,95600.0,-4400.0
1843,Waverly McDowell,paroli,100.0,100000.0,50000.0,1146,2,0.0,91700.0,91700.0,-8300.0
1844,Lachlan Spears,paroli,100.0,100000.0,50000.0,1145,3,0.0,91100.0,91100.0,-8900.0
1845,Isabela Zhang,paroli,100.0,100000.0,50000.0,1156,1,0.0,93000.0,93000.0,-7000.0
1846,Isaias Fleming,paroli,100.0,100000.0,50000.0,1098,2,0.0,80800.0,80800.0,-19200.0
1847,Fatima Davidson,paroli,100.0,100000.0,50000.0,1151,0,0.0,100200.0,100200.0,200.0
1848,Dante Huynh,paroli,100.0,100000.0,50000.0,1151,1,0.0,93900.0,93900.0,-6100.0
1849,Oaklee Arroyo,paroli,100.0,100000.0,50000.0,1110,1,0.0,94700.0,94700.0,-5300.0
1850,Alberto Duffy,paroli,100.0,100000.0,50000.0,1134,0,0.0,92300.0,92300.0,-7700.0
1851,Addisyn Whitehead,paroli,100.0,100000.0,50000.0,1083,0,0.0,77900.0,77900.0,-22100.0
1852,Zayd Hanson,paroli,100.0,100000.0,50000.0,1147,1,0.0,99900.0,99900.0,-100.0
1853,Mariana Burton,paroli,100.0,100000.0,50000.0,1125,1,0.0,87800.0,87800.0,-12200.0
1854,Zander Atkinson,paroli,100.0,100000.0,50000.0,1144,2,0.0,91500.0,91500.0,-8500.0
1855,Jazmin Gilbert,paroli,100.0,100000.0,50000.0,1121,2,0.0,90000.0,90000.0,-10000.0
1856,Tobias Contreras,paroli,100.0,100000.0,50000.0,1190,1,0.0,102200.0,102200.0,2200.0
1857,Daniela Mills,paroli,100.0,100000.0,50000.0,1198,1,0.0,105500.0,105500.0,5500.0
1858,Alex Hanson,paroli,100.0,100000.0,50000.0,1144,0,0.0,95600.0,95600.0,-4400.0
1859,Mariana Chung,paroli,100.0,100000.0,50000.0,1167,1,0.0,100400.0,100400.0,400.0
1860,Ira Meza,paroli,100.0,100000.0,50000.0,1123,1,0.0,91500.0,91500.0,-8500.0
1861,Rosa Bond,paroli,100.0,100000.0,50000.0,1118,0,0.0,85800.0,85800.0,-14200.0
1862,Roger Bullock,paroli,100.0,100000.0,50000.0,1129,0,0.0,91100.0,91100.0,-8900.0
1863,Winnie McKenzie,paroli,100.0,100000.0,50000.0,1161,1,0.0,96700.0,96700.0,-3300.0
1864,Scott Banks,paroli,100.0,100000.0,50000.0,1175,0,0.0,101100.0,101100.0,1100.0
1865,Cali Calhoun,paroli,100.0,100000.0,50000.0,1133,0,0.0,89500.0,89500.0,-10500.0
1866,Gary Meza,paroli,100.0,100000.0,50000.0,1150,0,0.0,94800.0,94800.0,-5200.0
1867,Rosa Randall,paroli,100.0,100000.0,50000.0,1171,4,0.0,97800.0,97800.0,-2200.0
1868,Trenton Hobbs,paroli,100.0,100000.0,50000.0,1146,1,0.0,90800.0,90800.0,-9200.0
1869,Lacey O’Neal,paroli,100.0,100000.0,50000.0,1188,3,0.0,103300.0,103300.0,3300.0
1870,Eddie Case,paroli,100.0,100000.0,50000.0,1084,1,0.0,82600.0,82600.0,-17400.0
1871,Cleo Riley,paroli,100.0,100000.0,50000.0,1178,1,0.0,105600.0,105600.0,5600.0
1872,Amari Walters,paroli,100.0,100000.0,50000.0,1209,0,0.0,105300.0,105300.0,5300.0
1873,Samara Harrison,paroli,100.0,100000.0,50000.0,1156,0,0.0,99300.0,99300.0,-700.0
1874,Gavin Fields,paroli,100.0,100000.0,50000.0,1174,1,0.0,95800.0,95800.0,-4200.0
1875,Annie Dejesus,paroli,100.0,100000.0,50000.0,1130,1,0.0,88900.0,88900.0,-11100.0
1876,Rio Roberts,paroli,100.0,100000.0,50000.0,1221,2,0.0,112400.0,112400.0,12400.0
1877,Paisley Long,paroli,100.0,100000.0,50000.0,1142,2,0.0,95900.0,95900.0,-4100.0
1878,Jace Barry,paroli,100.0,100000.0,50000.0,1183,0,0.0,102900.0,102900.0,2900.0
1879,Waverly Crawford,paroli,100.0,100000.0,50000.0,1133,0,0.0,92000.0,92000.0,-8000.0
1880,Kevin Rosario,paroli,100.0,100000.0,50000.0,1163,1,0.0,96400.0,96400.0,-3600.0
1881,Louisa Lucero,paroli,100.0,100000.0,50000.0,1133,1,0.0,89200.0,89200.0,-10800.0
1882,Felipe McMahon,paroli,100.0,100000.0,50000.0,1127,0,0.0,90100.0,90100.0,-9900.0
1883,Belen Avery,paroli,100.0,100000.0,50000.0,1106,0,0.0,88700.0,88700.0,-11300.0
1884,Jakari Fisher,paroli,100.0,100000.0,50000.0,1159,3,0.0,95500.0,95500.0,-4500.0
1885,Arya Rush,paroli,100.0,100000.0,50000.0,1138,0,0.0,90600.0,90600.0,-9400.0
1886,Kaiser Mason,paroli,100.0,100000.0,50000.0,1091,1,0.0,88900.0,88900.0,-11100.0
1887,Sienna Contreras,paroli,100.0,100000.0,50000.0,1185,1,0.0,98500.0,98500.0,-1500.0
1888,Emilio Morgan,paroli,100.0,100000.0,50000.0,1177,0,0.0,104100.0,104100.0,4100.0
1889,Delilah Lucero,paroli,100.0,100000.0,50000.0,1116,4,0.0,89700.0,89700.0,-10300.0
1890,Felipe Gibbs,paroli,100.0,100000.0,50000.0,1181,1,0.0,102100.0,102100.0,2100.0
1891,Carter Williams,paroli,100.0,100000.0,50000.0,1160,2,0.0,99000.0,99000.0,-1000.0
1892,Oliver Tanner,paroli,100.0,100000.0,50000.0,1184,0,0.0,96900.0,96900.0,-3100.0
1893,Harmoni Serrano,paroli,100.0,100000.0,50000.0,1155,1,0.0,93600.0,93600.0,-6400.0
1894,Milan Koch,paroli,100.0,100000.0,50000.0,1135,0,0.0,97200.0,97200.0,-2800.0
1895,Milana Frost,paroli,100.0,100000.0,50000.0,1152,0,0.0,97100.0,97100.0,-2900.0
1896,Dario Watkins,paroli,100.0,100000.0,50000.0,1155,3,0.0,94100.0,94100.0,-5900.0
1897,Lola Woodward,paroli,100.0,100000.0,50000.0,1180,0,0.0,101800.0,101800.0,1800.0
1898,Jeremias Villarreal,paroli,100.0,100000.0,50000.0,1145,0,0.0,93400.0,93400.0,-6600.0
1899,Jazlyn Harrington,paroli,100.0,100000.0,50000.0,1231,2,0.0,110300.0,110300.0,10300.0
1900,Omari Moon,paroli,100.0,100000.0,50000.0,1089,2,0.0,83500.0,83500.0,-16500.0
1901,Naya Juarez,paroli,100.0,100000.0,50000.0,1088,0,0.0,78000.0,78000.0,-22000.0
1902,Joaquin Holloway,paroli,100.0,100000.0,50000.0,1181,2,0.0,100200.0,100200.0,200.0
1903,Mae Mendoza,paroli,100.0,100000.0,50000.0,1174,2,0.0,97000.0,97000.0,-3000.0
1904,Dominic Delarosa,paroli,100.0,100000.0,50000.0,1088,0,0.0,83200.0,83200.0,-16800.0
1905,Iyla Lopez,paroli,100.0,100000.0,50000.0,1173,0,0.0,101100.0,101100.0,1100.0
1906,Michael Webb,paroli,100.0,100000.0,50000.0,1104,1,0.0,85700.0,85700.0,-14300.0
1907,Ariella Short,paroli,100.0,100000.0,50000.0,1104,0,0.0,90800.0,90800.0,-9200.0
1908,Hezekiah Meyers,paroli,100.0,100000.0,50000.0,1161,0,0.0,98800.0,98800.0,-1200.0
1909,Leyla Keller,paroli,100.0,100000.0,50000.0,1130,1,0.0,93000.0,93000.0,-7000.0
1910,Nico Christensen,paroli,100.0,100000.0,50000.0,1199,1,0.0,107800.0,107800.0,7800.0
1911,Carmen Boone,paroli,100.0,100000.0,50000.0,1141,0,0.0,93400.0,93400.0,-6600.0
1912,Mauricio Krueger,paroli,100.0,100000.0,50000.0,1159,0,0.0,95700.0,95700.0,-4300.0
1913,Kamari Rivers,paroli,100.0,100000.0,50000.0,1235,1,0.0,109900.0,109900.0,9900.0
1914,Bear Sullivan,paroli,100.0,100000.0,50000.0,1225,1,0.0,111500.0,111500.0,11500.0
1915,Melanie Vega,paroli,100.0,100000.0,50000.0,1100,0,0.0,85500.0,85500.0,-14500.0
1916,Aidan Holloway,paroli,100.0,100000.0,50000.0,1137,0,0.0,91500.0,91500.0,-8500.0
1917,Mae Schroeder,paroli,100.0,100000.0,50000.0,1156,0,0.0,97000.0,97000.0,-3000.0
1918,Izaiah Parra,paroli,100.0,100000.0,50000.0,1136,0,0.0,88900.0,88900.0,-11100.0
1919,Dalary Delgado,paroli,100.0,100000.0,50000.0,1176,1,0.0,99900.0,99900.0,-100.0
1920,Colt Collier,paroli,100.0,100000.0,50000.0,1115,3,0.0,88900.0,88900.0,-11100.0
1921,Ivory Dillon,paroli,100.0,100000.0,50000.0,1137,0,0.0,91300.0,91300.0,-8700.0
1922,Alvin Smith,paroli,100.0,100000.0,50000.0,1162,1,0.0,96800.0,96800.0,-3200.0
1923,Olivia Enriquez,paroli,100.0,100000.0,50000.0,1120,0,0.0,83000.0,83000.0,-17000.0
1924,Elisha Vega,paroli,100.0,100000.0,50000.0,1148,0,0.0,93300.0,93300.0,-6700.0
1925,Dakota Valenzuela,paroli,100.0,100000.0,50000.0,1153,0,0.0,92300.0,92300.0,-7700.0
1926,Jamari Gibson,paroli,100.0,100000.0,50000.0,1176,0,0.0,99600.0,99600.0,-400.0
1927,Eden Greer,paroli,100.0,100000.0,50000.0,1112,0,0.0,86300.0,86300.0,-13700.0
1928,Koda Roberson,paroli,100.0,100000.0,50000.0,1115,0,0.0,87900.0,87900.0,-12100.0
1929,Sasha Santiago,paroli,100.0,100000.0,50000.0,1137,0,0.0,91300.0,91300.0,-8700.0
1930,Beckham Carrillo,paroli,100.0,100000.0,50000.0,1187,1,0.0,100000.0,100000.0,0.0
1931,Kaylani Arellano,paroli,100.0,100000.0,50000.0,1103,0,0.0,83100.0,83100.0,-16900.0
1932,Kellan Reese,paroli,100.0,100000.0,50000.0,1128,0,0.0,96100.0,96100.0,-3900.0
1933,Rosemary Hunt,paroli,100.0,100000.0,50000.0,1134,0,0.0,93900.0,93900.0,-6100.0
1934,Jesus Howe,paroli,100.0,100000.0,50000.0,1165,2,0.0,94200.0,94200.0,-5800.0
1935,Persephone Walton,paroli,100.0,100000.0,50000.0,1116,0,0.0,80500.0,80500.0,-19500.0
1936,Dominick Wilkins,paroli,100.0,100000.0,50000.0,1139,0,0.0,95700.0,95700.0,-4300.0
1937,Amalia Murray,paroli,100.0,100000.0,50000.0,1140,2,0.0,93600.0,93600.0,-6400.0
1938,Ashton Patterson,paroli,100.0,100000.0,50000.0,1137,1,0.0,90400.0,90400.0,-9600.0
1939,Kaylee Gray,paroli,100.0,100000.0,50000.0,1150,1,0.0,93800.0,93800.0,-6200.0
1940,Nicholas McConnell,paroli,100.0,100000.0,50000.0,1186,0,0.0,96900.0,96900.0,-3100.0
1941,Denise Thornton,paroli,100.0,100000.0,50000.0,1156,0,0.0,97300.0,97300.0,-2700.0
1942,Malik Walker,paroli,100.0,100000.0,50000.0,1165,2,0.0,96100.0,96100.0,-3900.0
1943,Hazel Hart,paroli,100.0,100000.0,50000.0,1128,1,0.0,92300.0,92300.0,-7700.0
1944,Joel Griffin,paroli,100.0,100000.0,50000.0,1157,1,0.0,100500.0,100500.0,500.0
1945,Charlie Mora,paroli,100.0,100000.0,50000.0,1116,0,0.0,87400.0,87400.0,-12600.0
1946,Arturo Nunez,paroli,100.0,100000.0,50000.0,1147,1,0.0,91200.0,91200.0,-8800.0
1947,Mya Reyna,paroli,100.0,100000.0,50000.0,1233,0,0.0,112400.0,112400.0,12400.0
1948,Reginald Shepard,paroli,100.0,100000.0,50000.0,1162,1,0.0,101200.0,101200.0,1200.0
1949,Noor Keith,paroli,100.0,100000.0,50000.0,1173,0,0.0,97100.0,97100.0,-2900.0
1950,Jagger Mosley,paroli,100.0,100000.0,50000.0,1179,2,0.0,96700.0,96700.0,-3300.0
1951,Zaniyah Olsen,paroli,100.0,100000.0,50000.0,1106,1,0.0,81300.0,81300.0,-18700.0
1952,Skyler Campos,paroli,100.0,100000.0,50000.0,1162,1,0.0,99700.0,99700.0,-300.0
1953,Sutton Harris,paroli,100.0,100000.0,50000.0,1123,2,0.0,92400.0,92400.0,-7600.0
1954,Samuel Buck,paroli,100.0,100000.0,50000.0,1150,0,0.0,96800.0,96800.0,-3200.0
1955,Livia Rollins,paroli,100.0,100000.0,50000.0,1113,0,0.0,86200.0,86200.0,-13800.0
1956,Wes Fernandez,paroli,100.0,100000.0,50000.0,1152,1,0.0,94100.0,94100.0,-5900.0
1957,Amara Mora,paroli,100.0,100000.0,50000.0,1118,1,0.0,88900.0,88900.0,-11100.0
1958,Arturo Day,paroli,100.0,100000.0,50000.0,1171,0,0.0,97700.0,97700.0,-2300.0
1959,Hayden Noble,paroli,100.0,100000.0,50000.0,1174,1,0.0,98600.0,98600.0,-1400.0
1960,Idris Cantrell,paroli,100.0,100000.0,50000.0,1107,1,0.0,84800.0,84800.0,-15200.0
1961,Yamileth Livingston,paroli,100.0,100000.0,50000.0,1141,0,0.0,93400.0,93400.0,-6600.0
1962,Ambrose Gill,paroli,100.0,100000.0,50000.0,1201,1,0.0,107400.0,107400.0,7400.0
1963,Jordan O’Donnell,paroli,100.0,100000.0,50000.0,1172,0,0.0,97400.0,97400.0,-2600.0
1964,Lian Skinner,paroli,100.0,100000.0,50000.0,1138,0,0.0,92400.0,92400.0,-7600.0
1965,Mara Waters,paroli,100.0,100000.0,50000.0,1168,0,0.0,95700.0,95700.0,-4300.0
1966,Maximilian Wong,paroli,100.0,100000.0,50000.0,1174,4,0.0,100400.0,100400.0,400.0
1967,Adelaide Gibbs,paroli,100.0,100000.0,50000.0,1200,2,0.0,102200.0,102200.0,2200.0
1968,Deacon Lloyd,paroli,100.0,100000.0,50000.0,1153,0,0.0,95200.0,95200.0,-4800.0
1969,Emely Porter,paroli,100.0,100000.0,50000.0,1204,0,0.0,107700.0,107700.0,7700.0
1970,Rhett Leal,paroli,100.0,100000.0,50000.0,1111,0,0.0,86300.0,86300.0,-13700.0
1971,Murphy Esparza,paroli,100.0,100000.0,50000.0,1152,0,0.0,93700.0,93700.0,-6300.0
1972,Carl Stark,paroli,100.0,100000.0,50000.0,1174,0,0.0,99300.0,99300.0,-700.0
1973,Kamilah Kelly,paroli,100.0,100000.0,50000.0,1173,0,0.0,94400.0,94400.0,-5600.0
1974,Cooper Trejo,paroli,100.0,100000.0,50000.0,1137,1,0.0,94800.0,94800.0,-5200.0
1975,Rosalyn Robertson,paroli,100.0,100000.0,50000.0,1182,1,0.0,101800.0,101800.0,1800.0
1976,Emiliano Lucas,paroli,100.0,100000.0,50000.0,1121,1,0.0,88300.0,88300.0,-11700.0
1977,Phoenix Kirk,paroli,100.0,100000.0,50000.0,1140,2,0.0,86900.0,86900.0,-13100.0
1978,Alessandro Prince,paroli,100.0,100000.0,50000.0,1163,0,0.0,94400.0,94400.0,-5600.0
1979,Greta Callahan,paroli,100.0,100000.0,50000.0,1156,0,0.0,94000.0,94000.0,-6000.0
1980,Quinton Mack,paroli,100.0,100000.0,50000.0,1163,2,0.0,105100.0,105100.0,5100.0
1981,Nadia Morgan,paroli,100.0,100000.0,50000.0,1109,0,0.0,87100.0,87100.0,-12900.0
1982,Hunter Travis,paroli,100.0,100000.0,50000.0,1161,1,0.0,96000.0,96000.0,-4000.0
1983,Mazikee Li,paroli,100.0,100000.0,50000.0,1184,0,0.0,100100.0,100100.0,100.0
1984,Jorge Harvey,paroli,100.0,100000.0,50000.0,1185,2,0.0,100200.0,100200.0,200.0
1985,Nicole Stokes,paroli,100.0,100000.0,50000.0,1089,1,0.0,80600.0,80600.0,-19400.0
1986,Santana Bentley,paroli,100.0,100000.0,50000.0,1164,0,0.0,100000.0,100000.0,0.0
1987,Jaylin Ware,paroli,100.0,100000.0,50000.0,1144,1,0.0,91700.0,91700.0,-8300.0
1988,Tadeo Skinner,paroli,100.0,100000.0,50000.0,1106,0,0.0,87900.0,87900.0,-12100.0
1989,Mara Lester,paroli,100.0,100000.0,50000.0,1181,2,0.0,96700.0,96700.0,-3300.0
1990,Lee Rosario,paroli,100.0,100000.0,50000.0,1134,1,0.0,85300.0,85300.0,-14700.0
1991,Louisa Steele,paroli,100.0,100000.0,50000.0,1163,0,0.0,101400.0,101400.0,1400.0
1992,Elian Osborne,paroli,100.0,100000.0,50000.0,1162,4,0.0,93300.0,93300.0,-6700.0
1993,Shelby Fletcher,paroli,100.0,100000.0,50000.0,1164,1,0.0,94200.0,94200.0,-5800.0
1994,Jay Robles,paroli,100.0,100000.0,50000.0,1133,0,0.0,88200.0,88200.0,-11800.0
1995,Felicity Dudley,paroli,100.0,100000.0,50000.0,1111,0,0.0,83500.0,83500.0,-16500.0
1996,Colter Hicks,paroli,100.0,100000.0,50000.0,1193,1,0.0,107000.0,107000.0,7000.0
1997,Alina Hood,paroli,100.0,100000.0,50000.0,1199,0,0.0,103500.0,103500.0,3500.0
1998,Brixton Charles,paroli,100.0,100000.0,50000.0,1144,0,0.0,94700.0,94700.0,-5300.0
1999,Jenna Carrillo,paroli,100.0,100000.0,50000.0,1206,2,0.0,107400.0,107400.0,7400.0
2000,Wade Cooper,paroli,100.0,100000.0,50000.0,1190,0,0.0,106500.0,106500.0,6500.0
2001,Ophelia Taylor,paroli,100.0,100000.0,50000.0,1148,2,0.0,94100.0,94100.0,-5900.0
2002,Jackson Browning,paroli,100.0,100000.0,50000.0,1150,2,0.0,90500.0,90500.0,-9500.0
2003,Princess Horn,paroli,100.0,100000.0,50000.0,1215,0,0.0,109300.0,109300.0,9300.0
2004,Wilson Peterson,paroli,100.0,100000.0,50000.0,1217,0,0.0,107200.0,107200.0,7200.0
2005,Caroline Foster,paroli,100.0,100000.0,50000.0,1188,2,0.0,99500.0,99500.0,-500.0
2006,Kayden Simon,paroli,100.0,100000.0,50000.0,1100,0,0.0,83800.0,83800.0,-16200.0
2007,Kalani Garza,paroli,100.0,100000.0,50000.0,1133,0,0.0,91100.0,91100.0,-8900.0
2008,Judah Mills,paroli,100.0,100000.0,50000.0,1148,1,0.0,101600.0,101600.0,1600.0
2009,June Sheppard,paroli,100.0,100000.0,50000.0,1164,1,0.0,102300.0,102300.0,2300.0
2010,Trent Meyer,paroli,100.0,100000.0,50000.0,1147,0,0.0,91700.0,91700.0,-8300.0
2011,Sara Noble,paroli,100.0,100000.0,50000.0,1176,1,0.0,97900.0,97900.0,-2100.0
2012,Idris White,paroli,100.0,100000.0,50000.0,1144,3,0.0,95800.0,95800.0,-4200.0
2013,Layla Avila,paroli,100.0,100000.0,50000.0,1128,0,0.0,88600.0,88600.0,-11400.0
2014,Jaylen Hubbard,paroli,100.0,100000.0,50000.0,1123,1,0.0,94200.0,94200.0,-5800.0
2015,Rosie Valdez,paroli,100.0,100000.0,50000.0,1158,2,0.0,96600.0,96600.0,-3400.0
2016,Kyler Davis,paroli,100.0,100000.0,50000.0,1166,1,0.0,100300.0,100300.0,300.0
2017,Mia O’Neal,paroli,100.0,100000.0,50000.0,1142,0,0.0,92200.0,92200.0,-7800.0
2018,Eddie O’Connell,paroli,100.0,100000.0,50000.0,1171,1,0.0,104100.0,104100.0,4100.0
2019,Jillian Wong,paroli,100.0,100000.0,50000.0,1174,0,0.0,99300.0,99300.0,-700.0
2020,Walter King,paroli,100.0,100000.0,50000.0,1099,1,0.0,87000.0,87000.0,-13000.0
2021,Victoria Hutchinson,paroli,100.0,100000.0,50000.0,1147,0,0.0,89600.0,89600.0,-10400.0
2022,Korbin Davis,paroli,100.0,100000.0,50000.0,1163,1,0.0,97400.0,97400.0,-2600.0
2023,Mia Ballard,paroli,100.0,100000.0,50000.0,1171,3,0.0,99000.0,99000.0,-1000.0
2024,Kenzo Tang,paroli,100.0,100000.0,50000.0,1146,1,0.0,97500.0,97500.0,-2500.0
2025,Belle Potts,paroli,100.0,100000.0,50000.0,1149,0,0.0,94100.0,94100.0,-5900.0
2026,Alfred Leonard,paroli,100.0,100000.0,50000.0,1149,5,0.0,98400.0,98400.0,-1600.0
2027,Demi Doyle,paroli,100.0,100000.0,50000.0,1082,1,0.0,80600.0,80600.0,-19400.0
2028,Kashton Martin,paroli,100.0,100000.0,50000.0,1134,0,0.0,91900.0,91900.0,-8100.0
2029,Mila Villalobos,paroli,100.0,100000.0,50000.0,1146,1,0.0,90700.0,90700.0,-9300.0
2030,Reuben Guevara,paroli,100.0,100000.0,50000.0,1142,2,0.0,91600.0,91600.0,-8400.0
2031,Teresa Hensley,paroli,100.0,100000.0,50000.0,1155,1,0.0,93800.0,93800.0,-6200.0
2032,Layne Escobar,paroli,100.0,100000.0,50000.0,1198,1,0.0,102900.0,102900.0,2900.0
2033,Erin Vazquez,paroli,100.0,100000.0,50000.0,1208,0,0.0,103700.0,103700.0,3700.0
2034,Jesse Richard,paroli,100.0,100000.0,50000.0,1214,1,0.0,104300.0,104300.0,4300.0
2035,Davina Webb,paroli,100.0,100000.0,50000.0,1131,0,0.0,94600.0,94600.0,-5400.0
2036,Lorenzo Lara,paroli,100.0,100000.0,50000.0,1118,1,0.0,89900.0,89900.0,-10100.0
2037,Heidi Foley,paroli,100.0,100000.0,50000.0,1180,0,0.0,102100.0,102100.0,2100.0
2038,Mohammad Marsh,paroli,100.0,100000.0,50000.0,1171,0,0.0,102300.0,102300.0,2300.0
2039,Adelina Quintana,paroli,100.0,100000.0,50000.0,1139,1,0.0,91600.0,91600.0,-8400.0
2040,Kelvin Ware,paroli,100.0,100000.0,50000.0,1131,4,0.0,89300.0,89300.0,-10700.0
2041,Eileen McClain,paroli,100.0,100000.0,50000.0,1164,2,0.0,99200.0,99200.0,-800.0
2042,Mitchell Hale,paroli,100.0,100000.0,50000.0,1152,0,0.0,90900.0,90900.0,-9100.0
2043,Brinley Herman,paroli,100.0,100000.0,50000.0,1168,0,0.0,102700.0,102700.0,2700.0
2044,Juelz Berger,paroli,100.0,100000.0,50000.0,1107,1,0.0,89700.0,89700.0,-10300.0
2045,Laylah Wilkins,paroli,100.0,100000.0,50000.0,1124,0,0.0,95400.0,95400.0,-4600.0
2046,Yusuf Trujillo,paroli,100.0,100000.0,50000.0,1180,1,0.0,99000.0,99000.0,-1000.0
2047,Danielle McIntyre,paroli,100.0,100000.0,50000.0,1189,2,0.0,99300.0,99300.0,-700.0
2048,Eliseo Shannon,paroli,100.0,100000.0,50000.0,1167,0,0.0,96700.0,96700.0,-3300.0
2049,Harlee Henry,paroli,100.0,100000.0,50000.0,1107,1,0.0,88000.0,88000.0,-12000.0
2050,Carlos Patterson,paroli,100.0,100000.0,50000.0,1143,0,0.0,95800.0,95800.0,-4200.0
2051,Kaylee Palacios,paroli,100.0,100000.0,50000.0,1193,1,0.0,102900.0,102900.0,2900.0
2052,Thaddeus Rivers,paroli,100.0,100000.0,50000.0,1186,1,0.0,101000.0,101000.0,1000.0
2053,Kiana Harrington,paroli,100.0,100000.0,50000.0,1106,1,0.0,85600.0,85600.0,-14400.0
2054,Omari Mendoza,paroli,100.0,100000.0,50000.0,1110,3,0.0,83300.0,83300.0,-16700.0
2055,Cora McMahon,paroli,100.0,100000.0,50000.0,1133,1,0.0,86900.0,86900.0,-13100.0
2056,Jakob Bryan,paroli,100.0,100000.0,50000.0,1151,0,0.0,89800.0,89800.0,-10200.0
2057,Meredith Davidson,paroli,100.0,100000.0,50000.0,1130,1,0.0,89700.0,89700.0,-10300.0
2058,Dante Williams,paroli,100.0,100000.0,50000.0,1155,0,0.0,101900.0,101900.0,1900.0
2059,Ava Davidson,paroli,100.0,100000.0,50000.0,1143,1,0.0,94700.0,94700.0,-5300.0
2060,Dante Matthews,paroli,100.0,100000.0,50000.0,1147,1,0.0,92800.0,92800.0,-7200.0
2061,Lila Hendricks,paroli,100.0,100000.0,50000.0,1154,1,0.0,95800.0,95800.0,-4200.0
2062,Dash Christensen,paroli,100.0,100000.0,50000.0,1097,2,0.0,81400.0,81400.0,-18600.0
2063,Carmen Acevedo,paroli,100.0,100000.0,50000.0,1169,0,0.0,101500.0,101500.0,1500.0
2064,Dakari Marin,paroli,100.0,100000.0,50000.0,1126,1,0.0,90700.0,90700.0,-9300.0
2065,Celia Skinner,paroli,100.0,100000.0,50000.0,1140,1,0.0,89700.0,89700.0,-10300.0
2066,Ridge Kelly,paroli,100.0,100000.0,50000.0,1189,0,0.0,103100.0,103100.0,3100.0
2067,Ruby Landry,paroli,100.0,100000.0,50000.0,1146,0,0.0,96800.0,96800.0,-3200.0
2068,Jaxx Clayton,paroli,100.0,100000.0,50000.0,1187,0,0.0,107000.0,107000.0,7000.0
2069,Saige Bautista,paroli,100.0,100000.0,50000.0,1127,1,0.0,91000.0,91000.0,-9000.0
2070,Raul Coffey,paroli,100.0,100000.0,50000.0,1150,0,0.0,96300.0,96300.0,-3700.0
2071,Paola McIntosh,paroli,100.0,100000.0,50000.0,1130,0,0.0,92400.0,92400.0,-7600.0
2072,Kristian Montoya,paroli,100.0,100000.0,50000.0,1124,0,0.0,91900.0,91900.0,-8100.0
2073,Kamryn Pearson,paroli,100.0,100000.0,50000.0,1150,0,0.0,98200.0,98200.0,-1800.0
2074,Gunner Potter,paroli,100.0,100000.0,50000.0,1164,2,0.0,93000.0,93000.0,-7000.0
2075,Rory Wells,paroli,100.0,100000.0,50000.0,1142,0,0.0,93900.0,93900.0,-6100.0
2076,Max Wolf,paroli,100.0,100000.0,50000.0,1150,0,0.0,94400.0,94400.0,-5600.0
2077,Jolene Aguilar,paroli,100.0,100000.0,50000.0,1166,1,0.0,100900.0,100900.0,900.0
2078,Milo Dean,paroli,100.0,100000.0,50000.0,1103,0,0.0,88900.0,88900.0,-11100.0
2079,Julianna Vincent,paroli,100.0,100000.0,50000.0,1146,0,0.0,92200.0,92200.0,-7800.0
2080,Aarav Waller,paroli,100.0,100000.0,50000.0,1151,1,0.0,93100.0,93100.0,-6900.0
2081,Whitley Maddox,paroli,100.0,100000.0,50000.0,1145,2,0.0,89000.0,89000.0,-11000.0
2082,Lyric Boyer,paroli,100.0,100000.0,50000.0,1147,0,0.0,95800.0,95800.0,-4200.0
2083,Chaya Pham,paroli,100.0,100000.0,50000.0,1130,1,0.0,93700.0,93700.0,-6300.0
2084,Russell McConnell,paroli,100.0,100000.0,50000.0,1190,1,0.0,104800.0,104800.0,4800.0
2085,Denise Guerra,paroli,100.0,100000.0,50000.0,1122,1,0.0,92900.0,92900.0,-7100.0
2086,Leland Cochran,paroli,100.0,100000.0,50000.0,1121,1,0.0,86600.0,86600.0,-13400.0
2087,Alma Dickerson,paroli,100.0,100000.0,50000.0,1148,1,0.0,97200.0,97200.0,-2800.0
2088,Flynn Esparza,paroli,100.0,100000.0,50000.0,1101,0,0.0,90300.0,90300.0,-9700.0
2089,Ramona Case,paroli,100.0,100000.0,50000.0,1166,0,0.0,101300.0,101300.0,1300.0
2090,Bentlee Le,paroli,100.0,100000.0,50000.0,1139,1,0.0,88600.0,88600.0,-11400.0
2091,Myla Dawson,paroli,100.0,100000.0,50000.0,1150,0,0.0,99100.0,99100.0,-900.0
2092,Iker Gonzalez,paroli,100.0,100000.0,50000.0,1173,0,0.0,96800.0,96800.0,-3200.0
2093,Abigail Harper,paroli,100.0,100000.0,50000.0,1114,0,0.0,83600.0,83600.0,-16400.0
2094,Hayes Holt,paroli,100.0,100000.0,50000.0,1121,1,0.0,92000.0,92000.0,-8000.0
2095,Adelynn Hoover,paroli,100.0,100000.0,50000.0,1174,1,0.0,102800.0,102800.0,2800.0
2096,Jaziel Jacobson,paroli,100.0,100000.0,50000.0,1146,0,0.0,93100.0,93100.0,-6900.0
2097,Royal Byrd,paroli,100.0,100000.0,50000.0,1099,1,0.0,85000.0,85000.0,-15000.0
2098,Cristian May,paroli,100.0,100000.0,50000.0,1164,1,0.0,98400.0,98400.0,-1600.0
2099,Adriana Valentine,paroli,100.0,100000.0,50000.0,1158,1,0.0,96800.0,96800.0,-3200.0
2100,Demetrius Chambers,paroli,100.0,100000.0,50000.0,1177,0,0.0,100100.0,100100.0,100.0
2101,Makayla Dunlap,paroli,100.0,100000.0,50000.0,1148,0,0.0,93100.0,93100.0,-6900.0
2102,Aries Dejesus,paroli,100.0,100000.0,50000.0,1135,0,0.0,89700.0,89700.0,-10300.0
2103,Julissa Sanford,paroli,100.0,100000.0,50000.0,1161,1,0.0,97000.0,97000.0,-3000.0
2104,Truett Villarreal,paroli,100.0,100000.0,50000.0,1153,0,0.0,90600.0,90600.0,-9400.0
2105,Jazlyn Curtis,paroli,100.0,100000.0,50000.0,1086,1,0.0,83500.0,83500.0,-16500.0
2106,Muhammad Hull,paroli,100.0,100000.0,50000.0,1114,0,0.0,81800.0,81800.0,-18200.0
2107,Andi Tyler,paroli,100.0,100000.0,50000.0,1097,2,0.0,85400.0,85400.0,-14600.0
2108,Emmitt Oliver,paroli,100.0,100000.0,50000.0,1165,0,0.0,99100.0,99100.0,-900.0
2109,Camille Howell,paroli,100.0,100000.0,50000.0,1119,0,0.0,92600.0,92600.0,-7400.0
2110,Bradley Goodwin,paroli,100.0,100000.0,50000.0,1187,1,0.0,101800.0,101800.0,1800.0
2111,Shiloh Leblanc,paroli,100.0,100000.0,50000.0,1192,0,0.0,103800.0,103800.0,3800.0
2112,Braden Aguirre,paroli,100.0,100000.0,50000.0,1192,0,0.0,99000.0,99000.0,-1000.0
2113,Ariah Walton,paroli,100.0,100000.0,50000.0,1116,0,0.0,87400.0,87400.0,-12600.0
2114,Dominick Browning,paroli,100.0,100000.0,50000.0,1131,0,0.0,88100.0,88100.0,-11900.0
2115,Princess Park,paroli,100.0,100000.0,50000.0,1157,2,0.0,89100.0,89100.0,-10900.0
2116,Daxton Briggs,paroli,100.0,100000.0,50000.0,1108,1,0.0,86900.0,86900.0,-13100.0
2117,Alia Mullen,paroli,100.0,100000.0,50000.0,1158,0,0.0,93700.0,93700.0,-6300.0
2118,Shepard Stark,paroli,100.0,100000.0,50000.0,1164,0,0.0,98600.0,98600.0,-1400.0
2119,Kamilah Sosa,paroli,100.0,100000.0,50000.0,1225,0,0.0,111500.0,111500.0,11500.0
2120,Emir Vang,paroli,100.0,100000.0,50000.0,1197,1,0.0,103400.0,103400.0,3400.0
2121,Madisyn Watson,paroli,100.0,100000.0,50000.0,1127,0,0.0,92900.0,92900.0,-7100.0
2122,Greyson Lu,paroli,100.0,100000.0,50000.0,1159,1,0.0,88600.0,88600.0,-11400.0
2123,Emani Burke,paroli,100.0,100000.0,50000.0,1130,0,0.0,89000.0,89000.0,-11000.0
2124,Jax Jimenez,paroli,100.0,100000.0,50000.0,1116,1,0.0,89800.0,89800.0,-10200.0
2125,Adeline Kane,paroli,100.0,100000.0,50000.0,1130,3,0.0,94000.0,94000.0,-6000.0
2126,Brock Travis,paroli,100.0,100000.0,50000.0,1208,2,0.0,103400.0,103400.0,3400.0
2127,Mazikee Orr,paroli,100.0,100000.0,50000.0,1220,2,0.0,106800.0,106800.0,6800.0
2128,Benicio Bernard,paroli,100.0,100000.0,50000.0,1129,1,0.0,90600.0,90600.0,-9400.0
2129,Barbara Blake,paroli,100.0,100000.0,50000.0,1195,1,0.0,107000.0,107000.0,7000.0
2130,Zyaire Howe,paroli,100.0,100000.0,50000.0,1111,2,0.0,85500.0,85500.0,-14500.0
2131,Persephone Solis,paroli,100.0,100000.0,50000.0,1165,0,0.0,94700.0,94700.0,-5300.0
2132,Ronin Gallegos,paroli,100.0,100000.0,50000.0,1141,1,0.0,93700.0,93700.0,-6300.0
2133,Ari Barnett,paroli,100.0,100000.0,50000.0,1177,0,0.0,102300.0,102300.0,2300.0
2134,Stephen Mahoney,paroli,100.0,100000.0,50000.0,1167,0,0.0,94800.0,94800.0,-5200.0
2135,Promise Wilkins,paroli,100.0,100000.0,50000.0,1175,0,0.0,98700.0,98700.0,-1300.0
2136,Yusuf Rowe,paroli,100.0,100000.0,50000.0,1157,0,0.0,98300.0,98300.0,-1700.0
2137,Matilda Harrington,paroli,100.0,100000.0,50000.0,1181,0,0.0,102100.0,102100.0,2100.0
2138,Omari Hodge,paroli,100.0,100000.0,50000.0,1149,1,0.0,93300.0,93300.0,-6700.0
2139,Coraline McClure,paroli,100.0,100000.0,50000.0,1154,1,0.0,92900.0,92900.0,-7100.0
2140,Reese Flynn,paroli,100.0,100000.0,50000.0,1112,1,0.0,88900.0,88900.0,-11100.0
2141,Dorothy Patrick,paroli,100.0,100000.0,50000.0,1151,5,0.0,93500.0,93500.0,-6500.0
2142,Derrick Church,paroli,100.0,100000.0,50000.0,1119,0,0.0,90700.0,90700.0,-9300.0
2143,Ayleen Bullock,paroli,100.0,100000.0,50000.0,1149,1,0.0,92900.0,92900.0,-7100.0
2144,Ben Reynolds,paroli,100.0,100000.0,50000.0,1129,2,0.0,89500.0,89500.0,-10500.0
2145,Isabelle Hunt,paroli,100.0,100000.0,50000.0,1133,0,0.0,86900.0,86900.0,-13100.0
2146,Jesus Craig,paroli,100.0,100000.0,50000.0,1137,3,0.0,93000.0,93000.0,-7000.0
2147,Brynn Vaughan,paroli,100.0,100000.0,50000.0,1132,2,0.0,89300.0,89300.0,-10700.0
2148,Castiel Hess,paroli,100.0,100000.0,50000.0,1172,2,0.0,103800.0,103800.0,3800.0
2149,Kaliyah Trevino,paroli,100.0,100000.0,50000.0,1133,1,0.0,91400.0,91400.0,-8600.0
2150,Jaime Shah,paroli,100.0,100000.0,50000.0,1171,0,0.0,99900.0,99900.0,-100.0
2151,Angelica McKee,paroli,100.0,100000.0,50000.0,1162,0,0.0,92700.0,92700.0,-7300.0
2152,Bjorn Greer,paroli,100.0,100000.0,50000.0,1138,1,0.0,94700.0,94700.0,-5300.0
2153,Reina Malone,paroli,100.0,100000.0,50000.0,1160,0,0.0,94600.0,94600.0,-5400.0
2154,Ruben Barry,paroli,100.0,100000.0,50000.0,1172,0,0.0,92500.0,92500.0,-7500.0
2155,Waverly May,paroli,100.0,100000.0,50000.0,1189,0,0.0,106400.0,106400.0,6400.0
2156,Finley Colon,paroli,100.0,100000.0,50000.0,1170,0,0.0,99000.0,99000.0,-1000.0
2157,Remy Pratt,paroli,100.0,100000.0,50000.0,1165,0,0.0,94500.0,94500.0,-5500.0
2158,Rowen Contreras,paroli,100.0,100000.0,50000.0,1134,2,0.0,89300.0,89300.0,-10700.0
2159,Daniela Reid,paroli,100.0,100000.0,50000.0,1114,0,0.0,83200.0,83200.0,-16800.0
2160,Josue Buchanan,paroli,100.0,100000.0,50000.0,1167,0,0.0,99300.0,99300.0,-700.0
2161,Maryam Morris,paroli,100.0,100000.0,50000.0,1149,1,0.0,94800.0,94800.0,-5200.0
2162,Christian Roy,paroli,100.0,100000.0,50000.0,1170,3,0.0,104300.0,104300.0,4300.0
2163,Savanna Choi,paroli,100.0,100000.0,50000.0,1121,2,0.0,88100.0,88100.0,-11900.0
2164,Khari Bishop,paroli,100.0,100000.0,50000.0,1129,0,0.0,91200.0,91200.0,-8800.0
2165,Brooklynn Cobb,paroli,100.0,100000.0,50000.0,1141,1,0.0,95100.0,95100.0,-4900.0
2166,Raphael Mason,paroli,100.0,100000.0,50000.0,1171,0,0.0,98300.0,98300.0,-1700.0
2167,Sienna Cordova,paroli,100.0,100000.0,50000.0,1206,2,0.0,103800.0,103800.0,3800.0
2168,Vicente Ochoa,paroli,100.0,100000.0,50000.0,1156,1,0.0,91900.0,91900.0,-8100.0
2169,Luciana Houston,paroli,100.0,100000.0,50000.0,1142,2,0.0,96500.0,96500.0,-3500.0
2170,Sylas Kane,paroli,100.0,100000.0,50000.0,1105,0,0.0,90300.0,90300.0,-9700.0
2171,Ellianna Powers,paroli,100.0,100000.0,50000.0,1098,2,0.0,84500.0,84500.0,-15500.0
2172,Sean Doyle,paroli,100.0,100000.0,50000.0,1144,1,0.0,91100.0,91100.0,-8900.0
2173,Annalise Dejesus,paroli,100.0,100000.0,50000.0,1134,2,0.0,95600.0,95600.0,-4400.0
2174,Rio Davidson,paroli,100.0,100000.0,50000.0,1138,0,0.0,95000.0,95000.0,-5000.0
2175,Jayla Blake,paroli,100.0,100000.0,50000.0,1130,0,0.0,93500.0,93500.0,-6500.0
2176,Zyaire Combs,paroli,100.0,100000.0,50000.0,1112,0,0.0,89400.0,89400.0,-10600.0
2177,Irene Roth,paroli,100.0,100000.0,50000.0,1118,1,0.0,89400.0,89400.0,-10600.0
2178,Roy Blake,paroli,100.0,100000.0,50000.0,1157,2,0.0,94300.0,94300.0,-5700.0
2179,Amanda Campos,paroli,100.0,100000.0,50000.0,1165,0,0.0,99500.0,99500.0,-500.0
2180,Gideon Small,paroli,100.0,100000.0,50000.0,1174,4,0.0,99900.0,99900.0,-100.0
2181,Zaria Fitzpatrick,paroli,100.0,100000.0,50000.0,1130,2,0.0,87400.0,87400.0,-12600.0
2182,Blaze Brown,paroli,100.0,100000.0,50000.0,1130,1,0.0,96500.0,96500.0,-3500.0
2183,Charlotte McCullough,paroli,100.0,100000.0,50000.0,1128,0,0.0,91200.0,91200.0,-8800.0
2184,Briar Arroyo,paroli,100.0,100000.0,50000.0,1177,0,0.0,102700.0,102700.0,2700.0
2185,Kyra Ingram,paroli,100.0,100000.0,50000.0,1092,0,0.0,80900.0,80900.0,-19100.0
2186,Tripp Wilkinson,paroli,100.0,100000.0,50000.0,1146,2,0.0,94400.0,94400.0,-5600.0
2187,Siena Mendoza,paroli,100.0,100000.0,50000.0,1159,0,0.0,99500.0,99500.0,-500.0
2188,Dominic Owens,paroli,100.0,100000.0,50000.0,1128,0,0.0,90600.0,90600.0,-9400.0
2189,Amaya Fitzgerald,paroli,100.0,100000.0,50000.0,1146,0,0.0,89700.0,89700.0,-10300.0
2190,Peyton Bradley,paroli,100.0,100000.0,50000.0,1117,0,0.0,91800.0,91800.0,-8200.0
2191,Vanessa Donaldson,paroli,100.0,100000.0,50000.0,1165,0,0.0,98300.0,98300.0,-1700.0
2192,Canaan Michael,paroli,100.0,100000.0,50000.0,1161,0,0.0,94400.0,94400.0,-5600.0
2193,Aubriella Lyons,paroli,100.0,100000.0,50000.0,1162,0,0.0,96600.0,96600.0,-3400.0
2194,Cyrus Romero,paroli,100.0,100000.0,50000.0,1126,2,0.0,91000.0,91000.0,-9000.0
2195,Eliza Atkinson,paroli,100.0,100000.0,50000.0,1190,1,0.0,100700.0,100700.0,700.0
2196,Duke Woodward,paroli,100.0,100000.0,50000.0,1145,2,0.0,92800.0,92800.0,-7200.0
2197,Drew Parrish,paroli,100.0,100000.0,50000.0,1179,0,0.0,103800.0,103800.0,3800.0
2198,Karsyn Stanley,paroli,100.0,100000.0,50000.0,1180,0,0.0,98400.0,98400.0,-1600.0
2199,Gracelyn Aguilar,paroli,100.0,100000.0,50000.0,1117,1,0.0,91100.0,91100.0,-8900.0
2200,Milo Gallegos,paroli,100.0,100000.0,50000.0,1207,1,0.0,107500.0,107500.0,7500.0
2201,Ari Hawkins,paroli,100.0,100000.0,50000.0,1184,2,0.0,102700.0,102700.0,2700.0
2202,Victor Atkinson,paroli,100.0,100000.0,50000.0,1123,0,0.0,88300.0,88300.0,-11700.0
2203,Jazmin Vasquez,paroli,100.0,100000.0,50000.0,1134,0,0.0,95600.0,95600.0,-4400.0
2204,Rowan Faulkner,paroli,100.0,100000.0,50000.0,1112,0,0.0,87600.0,87600.0,-12400.0
2205,Ansley Reyes,paroli,100.0,100000.0,50000.0,1120,0,0.0,92800.0,92800.0,-7200.0
2206,Eli Chavez,paroli,100.0,100000.0,50000.0,1165,0,0.0,94500.0,94500.0,-5500.0
2207,Nevaeh Rocha,paroli,100.0,100000.0,50000.0,1169,0,0.0,99000.0,99000.0,-1000.0
2208,Onyx Salazar,paroli,100.0,100000.0,50000.0,1097,0,0.0,83600.0,83600.0,-16400.0
2209,Freya O’brien,paroli,100.0,100000.0,50000.0,1164,0,0.0,94600.0,94600.0,-5400.0
2210,Riley Kemp,paroli,100.0,100000.0,50000.0,1165,0,0.0,97500.0,97500.0,-2500.0
2211,Anika Stevens,paroli,100.0,100000.0,50000.0,1130,2,0.0,90900.0,90900.0,-9100.0
2212,Zachary Mathis,paroli,100.0,100000.0,50000.0,1158,2,0.0,94400.0,94400.0,-5600.0
2213,Anne Camacho,paroli,100.0,100000.0,50000.0,1129,2,0.0,90000.0,90000.0,-10000.0
2214,Tatum Maddox,paroli,100.0,100000.0,50000.0,1171,0,0.0,96100.0,96100.0,-3900.0
2215,Zainab Barron,paroli,100.0,100000.0,50000.0,1134,3,0.0,90100.0,90100.0,-9900.0
2216,Dustin English,paroli,100.0,100000.0,50000.0,1160,1,0.0,96300.0,96300.0,-3700.0
2217,Kelly Fowler,paroli,100.0,100000.0,50000.0,1185,0,0.0,99600.0,99600.0,-400.0
2218,Kameron Garza,paroli,100.0,100000.0,50000.0,1137,0,0.0,96200.0,96200.0,-3800.0
2219,River Randolph,paroli,100.0,100000.0,50000.0,1183,1,0.0,99300.0,99300.0,-700.0
2220,Eugene Spears,paroli,100.0,100000.0,50000.0,1161,1,0.0,99200.0,99200.0,-800.0
2221,Isabela Gibson,paroli,100.0,100000.0,50000.0,1155,0,0.0,99800.0,99800.0,-200.0
2222,Tyler Faulkner,paroli,100.0,100000.0,50000.0,1131,0,0.0,91400.0,91400.0,-8600.0
2223,Ansley Steele,paroli,100.0,100000.0,50000.0,1175,1,0.0,95600.0,95600.0,-4400.0
2224,Elian Glenn,paroli,100.0,100000.0,50000.0,1125,1,0.0,90700.0,90700.0,-9300.0
2225,Blaire Holland,paroli,100.0,100000.0,50000.0,1148,0,0.0,91800.0,91800.0,-8200.0
2226,Brady Berger,paroli,100.0,100000.0,50000.0,1129,1,0.0,91600.0,91600.0,-8400.0
2227,Laylah Tang,paroli,100.0,100000.0,50000.0,1197,0,0.0,104500.0,104500.0,4500.0
2228,Rogelio Quintana,paroli,100.0,100000.0,50000.0,1130,0,0.0,90400.0,90400.0,-9600.0
2229,Kenia Pruitt,paroli,100.0,100000.0,50000.0,1105,2,0.0,85500.0,85500.0,-14500.0
2230,Gatlin Washington,paroli,100.0,100000.0,50000.0,1137,0,0.0,93400.0,93400.0,-6600.0
2231,Valerie Adams,paroli,100.0,100000.0,50000.0,1168,1,0.0,98000.0,98000.0,-2000.0
2232,Hudson Knight,paroli,100.0,100000.0,50000.0,1108,0,0.0,82100.0,82100.0,-17900.0
2233,Gracie Clayton,paroli,100.0,100000.0,50000.0,1170,0,0.0,96000.0,96000.0,-4000.0
2234,Boston Nguyen,paroli,100.0,100000.0,50000.0,1205,1,0.0,103100.0,103100.0,3100.0
2235,Nova Melton,paroli,100.0,100000.0,50000.0,1164,3,0.0,93400.0,93400.0,-6600.0
2236,Lennon Osborne,paroli,100.0,100000.0,50000.0,1067,1,0.0,78000.0,78000.0,-22000.0
2237,Shelby Kim,paroli,100.0,100000.0,50000.0,1202,1,0.0,107100.0,107100.0,7100.0
2238,Roman Pham,paroli,100.0,100000.0,50000.0,1115,0,0.0,93400.0,93400.0,-6600.0
2239,Raelyn Gray,paroli,100.0,100000.0,50000.0,1137,0,0.0,92900.0,92900.0,-7100.0
2240,Nicholas Small,paroli,100.0,100000.0,50000.0,1119,0,0.0,92300.0,92300.0,-7700.0
2241,Zaria Bishop,paroli,100.0,100000.0,50000.0,1232,0,0.0,116300.0,116300.0,16300.0
2242,Paxton Santos,paroli,100.0,100000.0,50000.0,1211,3,0.0,108300.0,108300.0,8300.0
2243,Alana Shaffer,paroli,100.0,100000.0,50000.0,1142,0,0.0,90800.0,90800.0,-9200.0
2244,Dexter Bauer,paroli,100.0,100000.0,50000.0,1182,4,0.0,94800.0,94800.0,-5200.0
2245,Haley Serrano,paroli,100.0,100000.0,50000.0,1101,1,0.0,83900.0,83900.0,-16100.0
2246,Milan Lopez,paroli,100.0,100000.0,50000.0,1187,2,0.0,99400.0,99400.0,-600.0
2247,Gianna Woodward,paroli,100.0,100000.0,50000.0,1151,1,0.0,93800.0,93800.0,-6200.0
2248,Jeremias Strickland,paroli,100.0,100000.0,50000.0,1236,2,0.0,111100.0,111100.0,11100.0
2249,Nia Garcia,paroli,100.0,100000.0,50000.0,1126,0,0.0,93900.0,93900.0,-6100.0
2250,James Terrell,paroli,100.0,100000.0,50000.0,1148,0,0.0,94700.0,94700.0,-5300.0
2251,Paityn McKee,paroli,100.0,100000.0,50000.0,1166,1,0.0,99600.0,99600.0,-400.0
2252,Bjorn Church,paroli,100.0,100000.0,50000.0,1165,0,0.0,95200.0,95200.0,-4800.0
2253,Ayleen Mills,paroli,100.0,100000.0,50000.0,1138,0,0.0,93700.0,93700.0,-6300.0
2254,Alex Deleon,paroli,100.0,100000.0,50000.0,1104,2,0.0,82300.0,82300.0,-17700.0
2255,Gabrielle Lyons,paroli,100.0,100000.0,50000.0,1184,2,0.0,97000.0,97000.0,-3000.0
2256,Cyrus Barton,paroli,100.0,100000.0,50000.0,1128,1,0.0,90800.0,90800.0,-9200.0
2257,Danna Hodge,paroli,100.0,100000.0,50000.0,1146,0,0.0,90400.0,90400.0,-9600.0
2258,Reign Kramer,paroli,100.0,100000.0,50000.0,1178,1,0.0,102000.0,102000.0,2000.0
2259,Hanna Skinner,paroli,100.0,100000.0,50000.0,1147,0,0.0,94500.0,94500.0,-5500.0
2260,Ridge Burns,paroli,100.0,100000.0,50000.0,1179,0,0.0,95100.0,95100.0,-4900.0
2261,Emerson Ramsey,paroli,100.0,100000.0,50000.0,1178,0,0.0,102100.0,102100.0,2100.0
2262,Luciano Cordova,paroli,100.0,100000.0,50000.0,1178,0,0.0,97500.0,97500.0,-2500.0
2263,Florence Pace,paroli,100.0,100000.0,50000.0,1170,0,0.0,104100.0,104100.0,4100.0
2264,Dior Harding,paroli,100.0,100000.0,50000.0,1134,0,0.0,90500.0,90500.0,-9500.0
2265,Aniya McMahon,paroli,100.0,100000.0,50000.0,1132,1,0.0,91900.0,91900.0,-8100.0
2266,Jakob Hardin,paroli,100.0,100000.0,50000.0,1214,1,0.0,104500.0,104500.0,4500.0
2267,Vada Graves,paroli,100.0,100000.0,50000.0,1159,1,0.0,97500.0,97500.0,-2500.0
2268,Cesar Murillo,paroli,100.0,100000.0,50000.0,1212,0,0.0,105900.0,105900.0,5900.0
2269,Mikaela Strickland,paroli,100.0,100000.0,50000.0,1129,1,0.0,90400.0,90400.0,-9600.0
2270,Keegan Hail,paroli,100.0,100000.0,50000.0,1126,1,0.0,91000.0,91000.0,-9000.0
2271,Lainey Schultz,paroli,100.0,100000.0,50000.0,1141,2,0.0,93000.0,93000.0,-7000.0
2272,Cody Manning,paroli,100.0,100000.0,50000.0,1197,1,0.0,105000.0,105000.0,5000.0
2273,Jennifer Olson,paroli,100.0,100000.0,50000.0,1162,1,0.0,92100.0,92100.0,-7900.0
2274,Malachi Hampton,paroli,100.0,100000.0,50000.0,1145,0,0.0,94200.0,94200.0,-5800.0
2275,Leona Austin,paroli,100.0,100000.0,50000.0,1149,0,0.0,98700.0,98700.0,-1300.0
2276,Omar Wang,paroli,100.0,100000.0,50000.0,1168,0,0.0,102100.0,102100.0,2100.0
2277,Kailani Douglas,paroli,100.0,100000.0,50000.0,1133,0,0.0,93400.0,93400.0,-6600.0
2278,Derek Harmon,paroli,100.0,100000.0,50000.0,1180,1,0.0,101300.0,101300.0,1300.0
2279,Maren Norton,paroli,100.0,100000.0,50000.0,1123,0,0.0,91500.0,91500.0,-8500.0
2280,Callen Craig,paroli,100.0,100000.0,50000.0,1177,0,0.0,101000.0,101000.0,1000.0
2281,Brynn Bowen,paroli,100.0,100000.0,50000.0,1170,2,0.0,98500.0,98500.0,-1500.0
2282,Trevor Jones,paroli,100.0,100000.0,50000.0,1216,2,0.0,110300.0,110300.0,10300.0
2283,Sophia Pitts,paroli,100.0,100000.0,50000.0,1171,0,0.0,100600.0,100600.0,600.0
2284,Trey Morrow,paroli,100.0,100000.0,50000.0,1179,1,0.0,99700.0,99700.0,-300.0
2285,Reyna Stuart,paroli,100.0,100000.0,50000.0,1207,1,0.0,105100.0,105100.0,5100.0
2286,Dion Franklin,paroli,100.0,100000.0,50000.0,1175,1,0.0,101900.0,101900.0,1900.0
2287,Angela Cole,paroli,100.0,100000.0,50000.0,1175,0,0.0,97000.0,97000.0,-3000.0
2288,Nathaniel Bennett,paroli,100.0,100000.0,50000.0,1109,0,0.0,84900.0,84900.0,-15100.0
2289,Josephine Stevenson,paroli,100.0,100000.0,50000.0,1167,2,0.0,102900.0,102900.0,2900.0
2290,Callan Rasmussen,paroli,100.0,100000.0,50000.0,1138,1,0.0,93900.0,93900.0,-6100.0
2291,Esperanza Cox,paroli,100.0,100000.0,50000.0,1122,0,0.0,86500.0,86500.0,-13500.0
2292,Connor Lindsey,paroli,100.0,100000.0,50000.0,1149,0,0.0,95100.0,95100.0,-4900.0
2293,Colette Gonzalez,paroli,100.0,100000.0,50000.0,1137,0,0.0,94000.0,94000.0,-6000.0
2294,Ethan Ramsey,paroli,100.0,100000.0,50000.0,1172,1,0.0,101400.0,101400.0,1400.0
2295,Lyric Spears,paroli,100.0,100000.0,50000.0,1135,0,0.0,96400.0,96400.0,-3600.0
2296,Ameer Magana,paroli,100.0,100000.0,50000.0,1102,1,0.0,82100.0,82100.0,-17900.0
2297,Amaris Ahmed,paroli,100.0,100000.0,50000.0,1163,0,0.0,94000.0,94000.0,-6000.0
2298,Harry Magana,paroli,100.0,100000.0,50000.0,1170,0,0.0,98200.0,98200.0,-1800.0
2299,Amaris McMillan,paroli,100.0,100000.0,50000.0,1159,0,0.0,97700.0,97700.0,-2300.0
2300,Rocky Banks,paroli,100.0,100000.0,50000.0,1149,1,0.0,93700.0,93700.0,-6300.0
2301,Cali Cherry,paroli,100.0,100000.0,50000.0,1184,0,0.0,96700.0,96700.0,-3300.0
2302,Rome Zuniga,paroli,100.0,100000.0,50000.0,1156,4,0.0,91700.0,91700.0,-8300.0
2303,Leslie Wagner,paroli,100.0,100000.0,50000.0,1133,0,0.0,91200.0,91200.0,-8800.0
2304,Enzo Mullen,paroli,100.0,100000.0,50000.0,1138,0,0.0,92400.0,92400.0,-7600.0
2305,Shay Davis,paroli,100.0,100000.0,50000.0,1162,1,0.0,96400.0,96400.0,-3600.0
2306,Lucas Dillon,paroli,100.0,100000.0,50000.0,1162,2,0.0,97600.0,97600.0,-2400.0
2307,Laurel Walters,paroli,100.0,100000.0,50000.0,1107,4,0.0,88900.0,88900.0,-11100.0
2308,Colson Hanna,paroli,100.0,100000.0,50000.0,1143,0,0.0,90600.0,90600.0,-9400.0
2309,Cynthia Quinn,paroli,100.0,100000.0,50000.0,1166,0,0.0,97300.0,97300.0,-2700.0
2310,Rhys Wiggins,paroli,100.0,100000.0,50000.0,1206,2,0.0,105400.0,105400.0,5400.0
2311,Capri McCarthy,paroli,100.0,100000.0,50000.0,1202,1,0.0,102600.0,102600.0,2600.0
2312,Devin Bullock,paroli,100.0,100000.0,50000.0,1176,1,0.0,100700.0,100700.0,700.0
2313,Winnie Ayala,paroli,100.0,100000.0,50000.0,1151,1,0.0,93700.0,93700.0,-6300.0
2314,Tanner Daniel,paroli,100.0,100000.0,50000.0,1171,0,0.0,101100.0,101100.0,1100.0
2315,Joy Molina,paroli,100.0,100000.0,50000.0,1073,0,0.0,78200.0,78200.0,-21800.0
2316,Prince Blanchard,paroli,100.0,100000.0,50000.0,1133,0,0.0,91900.0,91900.0,-8100.0
2317,Layne Gallagher,paroli,100.0,100000.0,50000.0,1075,1,0.0,77100.0,77100.0,-22900.0
2318,Marcos Dougherty,paroli,100.0,100000.0,50000.0,1126,0,0.0,90700.0,90700.0,-9300.0
2319,Alisson Ford,paroli,100.0,100000.0,50000.0,1182,1,0.0,99800.0,99800.0,-200.0
2320,Luis Rivera,paroli,100.0,100000.0,50000.0,1126,1,0.0,90100.0,90100.0,-9900.0
2321,Lillian Casey,paroli,100.0,100000.0,50000.0,1117,3,0.0,84600.0,84600.0,-15400.0
2322,Armando Ross,paroli,100.0,100000.0,50000.0,1173,0,0.0,96000.0,96000.0,-4000.0
2323,Peyton Lucas,paroli,100.0,100000.0,50000.0,1143,2,0.0,97100.0,97100.0,-2900.0
2324,Chance Foley,paroli,100.0,100000.0,50000.0,1147,1,0.0,95100.0,95100.0,-4900.0
2325,Zaylee Landry,paroli,100.0,100000.0,50000.0,1157,2,0.0,98100.0,98100.0,-1900.0
2326,Jaxx Edwards,paroli,100.0,100000.0,50000.0,1167,0,0.0,99200.0,99200.0,-800.0
2327,Ivy Phillips,paroli,100.0,100000.0,50000.0,1151,1,0.0,96000.0,96000.0,-4000.0
2328,Andrew Holt,paroli,100.0,100000.0,50000.0,1152,0,0.0,90800.0,90800.0,-9200.0
2329,Adelynn Bean,paroli,100.0,100000.0,50000.0,1157,0,0.0,98400.0,98400.0,-1600.0
2330,Mccoy O’Neal,paroli,100.0,100000.0,50000.0,1133,0,0.0,91000.0,91000.0,-9000.0
2331,Treasure Pierce,paroli,100.0,100000.0,50000.0,1126,0,0.0,92000.0,92000.0,-8000.0
2332,Nicolas Medina,paroli,100.0,100000.0,50000.0,1174,0,0.0,105100.0,105100.0,5100.0
2333,Elliana Robertson,paroli,100.0,100000.0,50000.0,1160,0,0.0,99700.0,99700.0,-300.0
2334,Emiliano Copeland,paroli,100.0,100000.0,50000.0,1200,2,0.0,107300.0,107300.0,7300.0
2335,Dayana Williams,paroli,100.0,100000.0,50000.0,1130,1,0.0,93900.0,93900.0,-6100.0
2336,Oliver Walters,paroli,100.0,100000.0,50000.0,1154,0,0.0,96600.0,96600.0,-3400.0
2337,Samara Paul,paroli,100.0,100000.0,50000.0,1173,0,0.0,100500.0,100500.0,500.0
2338,Noel Shaffer,paroli,100.0,100000.0,50000.0,1165,0,0.0,96700.0,96700.0,-3300.0
2339,Alanna Garrett,paroli,100.0,100000.0,50000.0,1222,1,0.0,112000.0,112000.0,12000.0
2340,Kairo Sanchez,paroli,100.0,100000.0,50000.0,1160,3,0.0,96600.0,96600.0,-3400.0
2341,Aria Garner,paroli,100.0,100000.0,50000.0,1160,1,0.0,101500.0,101500.0,1500.0
2342,Sage Hoffman,paroli,100.0,100000.0,50000.0,1171,1,0.0,99500.0,99500.0,-500.0
2343,Aspen Dickson,paroli,100.0,100000.0,50000.0,1126,1,0.0,88500.0,88500.0,-11500.0
2344,Maxton Felix,paroli,100.0,100000.0,50000.0,1213,1,0.0,109300.0,109300.0,9300.0
2345,Paisleigh Daugherty,paroli,100.0,100000.0,50000.0,1111,0,0.0,87100.0,87100.0,-12900.0
2346,Turner Peck,paroli,100.0,100000.0,50000.0,1123,0,0.0,88500.0,88500.0,-11500.0
2347,Crystal Moses,paroli,100.0,100000.0,50000.0,1082,1,0.0,86300.0,86300.0,-13700.0
2348,Niklaus Trejo,paroli,100.0,100000.0,50000.0,1218,0,0.0,105400.0,105400.0,5400.0
2349,Rosalyn Melendez,paroli,100.0,100000.0,50000.0,1142,0,0.0,90900.0,90900.0,-9100.0
2350,Nikolas Johnson,paroli,100.0,100000.0,50000.0,1175,0,0.0,97700.0,97700.0,-2300.0
2351,Emma Schultz,paroli,100.0,100000.0,50000.0,1222,2,0.0,110800.0,110800.0,10800.0
2352,Cody Clements,paroli,100.0,100000.0,50000.0,1141,2,0.0,93400.0,93400.0,-6600.0
2353,Cara Dejesus,paroli,100.0,100000.0,50000.0,1115,0,0.0,89600.0,89600.0,-10400.0
2354,Rio Henry,paroli,100.0,100000.0,50000.0,1216,0,0.0,107500.0,107500.0,7500.0
2355,Summer Mendoza,paroli,100.0,100000.0,50000.0,1124,1,0.0,88500.0,88500.0,-11500.0
2356,Dominic Frank,paroli,100.0,100000.0,50000.0,1122,3,0.0,89200.0,89200.0,-10800.0
2357,Dior Bentley,paroli,100.0,100000.0,50000.0,1131,0,0.0,94300.0,94300.0,-5700.0
2358,Randy Robbins,paroli,100.0,100000.0,50000.0,1123,0,0.0,86700.0,86700.0,-13300.0
2359,Stevie Holt,paroli,100.0,100000.0,50000.0,1097,0,0.0,90900.0,90900.0,-9100.0
2360,Niko Chung,paroli,100.0,100000.0,50000.0,1170,2,0.0,100200.0,100200.0,200.0
2361,Rivka Reeves,paroli,100.0,100000.0,50000.0,1152,2,0.0,91800.0,91800.0,-8200.0
2362,Clark Fuentes,paroli,100.0,100000.0,50000.0,1146,0,0.0,93900.0,93900.0,-6100.0
2363,Madeleine Holt,paroli,100.0,100000.0,50000.0,1185,3,0.0,102700.0,102700.0,2700.0
2364,Niko Griffin,paroli,100.0,100000.0,50000.0,1175,2,0.0,100000.0,100000.0,0.0
2365,Charlie Carlson,paroli,100.0,100000.0,50000.0,1162,2,0.0,94000.0,94000.0,-6000.0
2366,Paul Rosales,paroli,100.0,100000.0,50000.0,1149,1,0.0,88700.0,88700.0,-11300.0
2367,Kinley Fry,paroli,100.0,100000.0,50000.0,1162,2,0.0,93700.0,93700.0,-6300.0
2368,Jacoby McCarty,paroli,100.0,100000.0,50000.0,1175,0,0.0,103100.0,103100.0,3100.0
2369,Halo Pitts,paroli,100.0,100000.0,50000.0,1114,2,0.0,92900.0,92900.0,-7100.0
2370,Trey Perkins,paroli,100.0,100000.0,50000.0,1154,0,0.0,93000.0,93000.0,-7000.0
2371,Sage Underwood,paroli,100.0,100000.0,50000.0,1172,1,0.0,97100.0,97100.0,-2900.0
2372,Reece Ayers,paroli,100.0,100000.0,50000.0,1108,0,0.0,84400.0,84400.0,-15600.0
2373,Simone Livingston,paroli,100.0,100000.0,50000.0,1144,1,0.0,97200.0,97200.0,-2800.0
2374,Ambrose Pham,paroli,100.0,100000.0,50000.0,1135,0,0.0,89500.0,89500.0,-10500.0
2375,Raelyn Murillo,paroli,100.0,100000.0,50000.0,1222,0,0.0,104900.0,104900.0,4900.0
2376,Lance Clark,paroli,100.0,100000.0,50000.0,1090,0,0.0,85000.0,85000.0,-15000.0
2377,Chloe Wu,paroli,100.0,100000.0,50000.0,1117,0,0.0,86800.0,86800.0,-13200.0
2378,Kyson Durham,paroli,100.0,100000.0,50000.0,1122,1,0.0,89100.0,89100.0,-10900.0
2379,Tiffany West,paroli,100.0,100000.0,50000.0,1157,0,0.0,98800.0,98800.0,-1200.0
2380,Diego Pittman,paroli,100.0,100000.0,50000.0,1201,0,0.0,101100.0,101100.0,1100.0
2381,Marie Guzman,paroli,100.0,100000.0,50000.0,1149,0,0.0,93900.0,93900.0,-6100.0
2382,Jude Phillips,paroli,100.0,100000.0,50000.0,1156,0,0.0,93400.0,93400.0,-6600.0
2383,Naomi Wyatt,paroli,100.0,100000.0,50000.0,1166,2,0.0,96100.0,96100.0,-3900.0
2384,Sam Cantu,paroli,100.0,100000.0,50000.0,1176,0,0.0,105300.0,105300.0,5300.0
2385,Galilea Glover,paroli,100.0,100000.0,50000.0,1130,2,0.0,93500.0,93500.0,-6500.0
2386,Mack Rogers,paroli,100.0,100000.0,50000.0,1172,0,0.0,98900.0,98900.0,-1100.0
2387,Madelyn Lin,paroli,100.0,100000.0,50000.0,1189,2,0.0,100200.0,100200.0,200.0
2388,Conor Carter,paroli,100.0,100000.0,50000.0,1114,0,0.0,83300.0,83300.0,-16700.0
2389,Lucy Sampson,paroli,100.0,100000.0,50000.0,1109,0,0.0,89800.0,89800.0,-10200.0
2390,Cain Escobar,paroli,100.0,100000.0,50000.0,1154,1,0.0,96500.0,96500.0,-3500.0
2391,Erin Sampson,paroli,100.0,100000.0,50000.0,1156,2,0.0,95700.0,95700.0,-4300.0
2392,Cain Proctor,paroli,100.0,100000.0,50000.0,1183,0,0.0,99200.0,99200.0,-800.0
2393,Chandler Simpson,paroli,100.0,100000.0,50000.0,1113,0,0.0,83400.0,83400.0,-16600.0
2394,Elliott Pittman,paroli,100.0,100000.0,50000.0,1143,0,0.0,95300.0,95300.0,-4700.0
2395,Marie Holt,paroli,100.0,100000.0,50000.0,1176,1,0.0,96300.0,96300.0,-3700.0
2396,Niko Fernandez,paroli,100.0,100000.0,50000.0,1100,0,0.0,86000.0,86000.0,-14000.0
2397,Amara Chen,paroli,100.0,100000.0,50000.0,1139,2,0.0,87900.0,87900.0,-12100.0
2398,Emmanuel Lopez,paroli,100.0,100000.0,50000.0,1152,0,0.0,94400.0,94400.0,-5600.0
2399,Gianna Chen,paroli,100.0,100000.0,50000.0,1154,1,0.0,94600.0,94600.0,-5400.0
2400,Emmanuel Morrison,paroli,100.0,100000.0,50000.0,1157,0,0.0,93900.0,93900.0,-6100.0
2401,Rebecca Avery,paroli,100.0,100000.0,50000.0,1145,0,0.0,94500.0,94500.0,-5500.0
2402,Jakari Hanson,paroli,100.0,100000.0,50000.0,1171,0,0.0,95400.0,95400.0,-4600.0
2403,Mariana McClure,paroli,100.0,100000.0,50000.0,1160,1,0.0,97600.0,97600.0,-2400.0
2404,Reese Coleman,paroli,100.0,100000.0,50000.0,1101,0,0.0,81500.0,81500.0,-18500.0
2405,Julia Ayers,paroli,100.0,100000.0,50000.0,1192,1,0.0,106400.0,106400.0,6400.0
2406,Ulises McGee,paroli,100.0,100000.0,50000.0,1112,0,0.0,87800.0,87800.0,-12200.0
2407,Kayleigh Carroll,paroli,100.0,100000.0,50000.0,1132,1,0.0,90200.0,90200.0,-9800.0
2408,Oscar Hancock,paroli,100.0,100000.0,50000.0,1178,0,0.0,100500.0,100500.0,500.0
2409,Katelyn Flowers,paroli,100.0,100000.0,50000.0,1150,0,0.0,96700.0,96700.0,-3300.0
2410,Saul Green,paroli,100.0,100000.0,50000.0,1149,1,0.0,92800.0,92800.0,-7200.0
2411,Zoe Sellers,paroli,100.0,100000.0,50000.0,1089,0,0.0,87800.0,87800.0,-12200.0
2412,Madden Michael,paroli,100.0,100000.0,50000.0,1109,1,0.0,91000.0,91000.0,-9000.0
2413,Aubriella Avalos,paroli,100.0,100000.0,50000.0,1179,1,0.0,97400.0,97400.0,-2600.0
2414,Coen Grimes,paroli,100.0,100000.0,50000.0,1119,1,0.0,91400.0,91400.0,-8600.0
2415,Braelyn McBride,paroli,100.0,100000.0,50000.0,1115,1,0.0,86100.0,86100.0,-13900.0
2416,Denver Dougherty,paroli,100.0,100000.0,50000.0,1180,1,0.0,105000.0,105000.0,5000.0
2417,Alisson Shepherd,paroli,100.0,100000.0,50000.0,1185,2,0.0,96800.0,96800.0,-3200.0
2418,Ronald Trujillo,paroli,100.0,100000.0,50000.0,1229,0,0.0,112700.0,112700.0,12700.0
2419,Danielle Hicks,paroli,100.0,100000.0,50000.0,1182,2,0.0,95400.0,95400.0,-4600.0
2420,Maddox Clayton,paroli,100.0,100000.0,50000.0,1093,1,0.0,85000.0,85000.0,-15000.0
2421,Saige Pacheco,paroli,100.0,100000.0,50000.0,1203,1,0.0,102300.0,102300.0,2300.0
2422,Erik Jensen,paroli,100.0,100000.0,50000.0,1229,0,0.0,107400.0,107400.0,7400.0
2423,Jane Turner,paroli,100.0,100000.0,50000.0,1141,0,0.0,96900.0,96900.0,-3100.0
2424,Joshua McClain,paroli,100.0,100000.0,50000.0,1171,1,0.0,97800.0,97800.0,-2200.0
2425,Marleigh Boone,paroli,100.0,100000.0,50000.0,1162,0,0.0,96900.0,96900.0,-3100.0
2426,Mauricio Padilla,paroli,100.0,100000.0,50000.0,1123,2,0.0,83300.0,83300.0,-16700.0
2427,Maggie Matthews,paroli,100.0,100000.0,50000.0,1098,0,0.0,90300.0,90300.0,-9700.0
2428,Preston Fields,paroli,100.0,100000.0,50000.0,1151,1,0.0,95800.0,95800.0,-4200.0
2429,Annie Galvan,paroli,100.0,100000.0,50000.0,1147,1,0.0,91700.0,91700.0,-8300.0
2430,Kingsley Glenn,paroli,100.0,100000.0,50000.0,1176,2,0.0,100100.0,100100.0,100.0
2431,Blaire Booth,paroli,100.0,100000.0,50000.0,1136,0,0.0,88900.0,88900.0,-11100.0
2432,Chaim Zhang,paroli,100.0,100000.0,50000.0,1135,0,0.0,94700.0,94700.0,-5300.0
2433,Sarai Hubbard,paroli,100.0,100000.0,50000.0,1197,0,0.0,108200.0,108200.0,8200.0
2434,Forrest Meza,paroli,100.0,100000.0,50000.0,1180,0,0.0,102000.0,102000.0,2000.0
2435,Rosa Frost,paroli,100.0,100000.0,50000.0,1129,0,0.0,91000.0,91000.0,-9000.0
2436,Dario Robinson,paroli,100.0,100000.0,50000.0,1169,2,0.0,96600.0,96600.0,-3400.0
2437,Nora Mullen,paroli,100.0,100000.0,50000.0,1203,0,0.0,104700.0,104700.0,4700.0
2438,Shepard Truong,paroli,100.0,100000.0,50000.0,1205,4,0.0,99100.0,99100.0,-900.0
2439,Judith Macias,paroli,100.0,100000.0,50000.0,1199,1,0.0,105400.0,105400.0,5400.0
2440,Moshe Mack,paroli,100.0,100000.0,50000.0,1216,0,0.0,105400.0,105400.0,5400.0
2441,Nadia Shannon,paroli,100.0,100000.0,50000.0,1131,1,0.0,95100.0,95100.0,-4900.0
2442,Eliel Quintana,paroli,100.0,100000.0,50000.0,1110,1,0.0,81400.0,81400.0,-18600.0
2443,Kenia Marin,paroli,100.0,100000.0,50000.0,1139,3,0.0,91000.0,91000.0,-9000.0
2444,Aldo Underwood,paroli,100.0,100000.0,50000.0,1103,1,0.0,84000.0,84000.0,-16000.0
2445,Ensley Shepard,paroli,100.0,100000.0,50000.0,1195,0,0.0,103700.0,103700.0,3700.0
2446,Damari Gallagher,paroli,100.0,100000.0,50000.0,1162,1,0.0,95000.0,95000.0,-5000.0
2447,Elliott Sexton,paroli,100.0,100000.0,50000.0,1207,0,0.0,101600.0,101600.0,1600.0
2448,Mylo Pollard,paroli,100.0,100000.0,50000.0,1173,3,0.0,101100.0,101100.0,1100.0
2449,Marisol Robinson,paroli,100.0,100000.0,50000.0,1137,1,0.0,93800.0,93800.0,-6200.0
2450,Matthew Quintero,paroli,100.0,100000.0,50000.0,1098,2,0.0,83500.0,83500.0,-16500.0
2451,Keyla Bishop,paroli,100.0,100000.0,50000.0,1148,0,0.0,90800.0,90800.0,-9200.0
2452,Paxton McDowell,paroli,100.0,100000.0,50000.0,1128,1,0.0,92300.0,92300.0,-7700.0
2453,Rayna Pope,paroli,100.0,100000.0,50000.0,1173,0,0.0,92700.0,92700.0,-7300.0
2454,Gunnar Best,paroli,100.0,100000.0,50000.0,1138,0,0.0,87300.0,87300.0,-12700.0
2455,Lexie Owens,paroli,100.0,100000.0,50000.0,1156,1,0.0,93200.0,93200.0,-6800.0
2456,Adriel Rodgers,paroli,100.0,100000.0,50000.0,1140,1,0.0,90800.0,90800.0,-9200.0
2457,Selah Case,paroli,100.0,100000.0,50000.0,1100,1,0.0,90200.0,90200.0,-9800.0
2458,Bentlee Raymond,paroli,100.0,100000.0,50000.0,1189,0,0.0,100700.0,100700.0,700.0
2459,Hadlee Munoz,paroli,100.0,100000.0,50000.0,1143,0,0.0,91800.0,91800.0,-8200.0
2460,Justin Watts,paroli,100.0,100000.0,50000.0,1112,1,0.0,92600.0,92600.0,-7400.0
2461,Melissa Marquez,paroli,100.0,100000.0,50000.0,1136,0,0.0,88400.0,88400.0,-11600.0
2462,Malakai Velez,paroli,100.0,100000.0,50000.0,1162,2,0.0,92400.0,92400.0,-7600.0
2463,Megan Gilbert,paroli,100.0,100000.0,50000.0,1172,1,0.0,100300.0,100300.0,300.0
2464,Tobias Moreno,paroli,100.0,100000.0,50000.0,1143,1,0.0,94000.0,94000.0,-6000.0
2465,Mary Bond,paroli,100.0,100000.0,50000.0,1137,1,0.0,85200.0,85200.0,-14800.0
2466,Roger Fowler,paroli,100.0,100000.0,50000.0,1178,1,0.0,98700.0,98700.0,-1300.0
2467,Lennon Molina,paroli,100.0,100000.0,50000.0,1111,0,0.0,81600.0,81600.0,-18400.0
2468,Prince Oliver,paroli,100.0,100000.0,50000.0,1193,2,0.0,109200.0,109200.0,9200.0
2469,Camille Watts,paroli,100.0,100000.0,50000.0,1158,0,0.0,94800.0,94800.0,-5200.0
2470,Dakota Ballard,paroli,100.0,100000.0,50000.0,1140,1,0.0,88000.0,88000.0,-12000.0
2471,Alejandra O’Neal,paroli,100.0,100000.0,50000.0,1110,0,0.0,89300.0,89300.0,-10700.0
2472,Eddie Perez,paroli,100.0,100000.0,50000.0,1185,0,0.0,101200.0,101200.0,1200.0
2473,Eleanor Walker,paroli,100.0,100000.0,50000.0,1156,0,0.0,97800.0,97800.0,-2200.0
2474,Luke Rojas,paroli,100.0,100000.0,50000.0,1144,2,0.0,99400.0,99400.0,-600.0
2475,Adaline Rice,paroli,100.0,100000.0,50000.0,1168,1,0.0,96700.0,96700.0,-3300.0
2476,Graham Nava,paroli,100.0,100000.0,50000.0,1098,1,0.0,82200.0,82200.0,-17800.0
2477,Scout Stewart,paroli,100.0,100000.0,50000.0,1089,0,0.0,82300.0,82300.0,-17700.0
2478,Nolan Carson,paroli,100.0,100000.0,50000.0,1160,1,0.0,93100.0,93100.0,-6900.0
2479,Nalani Casey,paroli,100.0,100000.0,50000.0,1193,1,0.0,106600.0,106600.0,6600.0
2480,Armando Friedman,paroli,100.0,100000.0,50000.0,1142,0,0.0,90300.0,90300.0,-9700.0
2481,Aspyn Cline,paroli,100.0,100000.0,50000.0,1150,1,0.0,96400.0,96400.0,-3600.0
2482,Cullen Walton,paroli,100.0,100000.0,50000.0,1179,2,0.0,97400.0,97400.0,-2600.0
2483,Scarlet Lara,paroli,100.0,100000.0,50000.0,1180,0,0.0,98000.0,98000.0,-2000.0
2484,Caiden Nolan,paroli,100.0,100000.0,50000.0,1194,0,0.0,103700.0,103700.0,3700.0
2485,Itzayana Palmer,paroli,100.0,100000.0,50000.0,1121,2,0.0,89400.0,89400.0,-10600.0
2486,Theo Santos,paroli,100.0,100000.0,50000.0,1183,2,0.0,98500.0,98500.0,-1500.0
2487,Alana Steele,paroli,100.0,100000.0,50000.0,1188,1,0.0,99600.0,99600.0,-400.0
2488,Elian Enriquez,paroli,100.0,100000.0,50000.0,1158,0,0.0,93500.0,93500.0,-6500.0
2489,Nellie Bush,paroli,100.0,100000.0,50000.0,1158,2,0.0,97100.0,97100.0,-2900.0
2490,Tyson O’Connor,paroli,100.0,100000.0,50000.0,1137,0,0.0,91200.0,91200.0,-8800.0
2491,Charli Pratt,paroli,100.0,100000.0,50000.0,1108,1,0.0,87500.0,87500.0,-12500.0
2492,Rowen Casey,paroli,100.0,100000.0,50000.0,1226,0,0.0,112600.0,112600.0,12600.0
2493,Sylvia Lee,paroli,100.0,100000.0,50000.0,1109,0,0.0,87000.0,87000.0,-13000.0
2494,Jack Gross,paroli,100.0,100000.0,50000.0,1137,0,0.0,92100.0,92100.0,-7900.0
2495,Angel Berger,paroli,100.0,100000.0,50000.0,1167,0,0.0,98200.0,98200.0,-1800.0
2496,Byron Walsh,paroli,100.0,100000.0,50000.0,1155,0,0.0,97800.0,97800.0,-2200.0
2497,Leia Roman,paroli,100.0,100000.0,50000.0,1164,0,0.0,96200.0,96200.0,-3800.0
2498,Kian Parsons,paroli,100.0,100000.0,50000.0,1111,2,0.0,85200.0,85200.0,-14800.0
2499,Maia Johnson,paroli,100.0,100000.0,50000.0,1138,0,0.0,95800.0,95800.0,-4200.0
2500,Noah Villalobos,paroli,100.0,100000.0,50000.0,1181,2,0.0,98700.0,98700.0,-1300.0
2501,Zoya Ortiz,paroli,100.0,100000.0,50000.0,1179,0,0.0,101600.0,101600.0,1600.0
2502,Landon Rowe,paroli,100.0,100000.0,50000.0,1078,1,0.0,81400.0,81400.0,-18600.0
2503,Matilda Tucker,paroli,100.0,100000.0,50000.0,1116,1,0.0,87000.0,87000.0,-13000.0
2504,Ivan Adams,paroli,100.0,100000.0,50000.0,1138,0,0.0,96100.0,96100.0,-3900.0
2505,Stella Olson,paroli,100.0,100000.0,50000.0,1138,1,0.0,95800.0,95800.0,-4200.0
2506,Malachi Sheppard,paroli,100.0,100000.0,50000.0,1128,1,0.0,88400.0,88400.0,-11600.0
2507,Veda Gross,paroli,100.0,100000.0,50000.0,1145,5,0.0,92900.0,92900.0,-7100.0
2508,Quinn Carrillo,paroli,100.0,100000.0,50000.0,1145,1,0.0,94500.0,94500.0,-5500.0
2509,Kaylani Shaffer,paroli,100.0,100000.0,50000.0,1147,0,0.0,97500.0,97500.0,-2500.0
2510,Dexter Bush,paroli,100.0,100000.0,50000.0,1154,2,0.0,98300.0,98300.0,-1700.0
2511,Everlee Walls,paroli,100.0,100000.0,50000.0,1138,0,0.0,90400.0,90400.0,-9600.0
2512,Larry Molina,paroli,100.0,100000.0,50000.0,1094,1,0.0,85000.0,85000.0,-15000.0
2513,Alexandria Moreno,paroli,100.0,100000.0,50000.0,1172,2,0.0,99500.0,99500.0,-500.0
2514,Myles Reed,paroli,100.0,100000.0,50000.0,1152,0,0.0,93700.0,93700.0,-6300.0
2515,Valentina Marquez,paroli,100.0,100000.0,50000.0,1166,0,0.0,95700.0,95700.0,-4300.0
2516,Malakai Perez,paroli,100.0,100000.0,50000.0,1126,1,0.0,89000.0,89000.0,-11000.0
2517,Eleanor Holland,paroli,100.0,100000.0,50000.0,1117,0,0.0,87500.0,87500.0,-12500.0
2518,Brady Curtis,paroli,100.0,100000.0,50000.0,1157,1,0.0,98600.0,98600.0,-1400.0
2519,Alexis Kramer,paroli,100.0,100000.0,50000.0,1144,1,0.0,92800.0,92800.0,-7200.0
2520,Kylan Randolph,paroli,100.0,100000.0,50000.0,1124,1,0.0,90500.0,90500.0,-9500.0
2521,Kailey Reeves,paroli,100.0,100000.0,50000.0,1143,0,0.0,94100.0,94100.0,-5900.0
2522,Clark Rios,paroli,100.0,100000.0,50000.0,1138,0,0.0,92600.0,92600.0,-7400.0
2523,Brooke Carey,paroli,100.0,100000.0,50000.0,1158,0,0.0,97200.0,97200.0,-2800.0
2524,Watson Pierce,paroli,100.0,100000.0,50000.0,1092,0,0.0,83400.0,83400.0,-16600.0
2525,Arabella McPherson,paroli,100.0,100000.0,50000.0,1159,1,0.0,103100.0,103100.0,3100.0
2526,Foster Hobbs,paroli,100.0,100000.0,50000.0,1162,1,0.0,99700.0,99700.0,-300.0
2527,Lacey Lynn,paroli,100.0,100000.0,50000.0,1110,0,0.0,86500.0,86500.0,-13500.0
2528,Zechariah Nixon,paroli,100.0,100000.0,50000.0,1164,0,0.0,93800.0,93800.0,-6200.0
2529,Deborah Reyes,paroli,100.0,100000.0,50000.0,1158,0,0.0,101300.0,101300.0,1300.0
2530,Eli Sanders,paroli,100.0,100000.0,50000.0,1149,0,0.0,91800.0,91800.0,-8200.0
2531,Everleigh Cobb,paroli,100.0,100000.0,50000.0,1211,1,0.0,106900.0,106900.0,6900.0
2532,Raphael Truong,paroli,100.0,100000.0,50000.0,1082,2,0.0,79600.0,79600.0,-20400.0
2533,Judith Wilkinson,paroli,100.0,100000.0,50000.0,1138,0,0.0,93100.0,93100.0,-6900.0
2534,Leonard Villa,paroli,100.0,100000.0,50000.0,1128,0,0.0,93500.0,93500.0,-6500.0
2535,Johanna Guevara,paroli,100.0,100000.0,50000.0,1142,1,0.0,94600.0,94600.0,-5400.0
2536,Tommy Vu,paroli,100.0,100000.0,50000.0,1160,0,0.0,100700.0,100700.0,700.0
2537,Kimora George,paroli,100.0,100000.0,50000.0,1135,0,0.0,94500.0,94500.0,-5500.0
2538,Mark Price,paroli,100.0,100000.0,50000.0,1202,2,0.0,107500.0,107500.0,7500.0
2539,Piper Stark,paroli,100.0,100000.0,50000.0,1161,0,0.0,93400.0,93400.0,-6600.0
2540,Kristopher Zuniga,paroli,100.0,100000.0,50000.0,1168,0,0.0,92700.0,92700.0,-7300.0
2541,Leslie Hill,paroli,100.0,100000.0,50000.0,1104,2,0.0,85000.0,85000.0,-15000.0
2542,Isaac Castillo,paroli,100.0,100000.0,50000.0,1121,1,0.0,85900.0,85900.0,-14100.0
2543,Eva Cortes,paroli,100.0,100000.0,50000.0,1175,0,0.0,102000.0,102000.0,2000.0
2544,Banks Neal,paroli,100.0,100000.0,50000.0,1147,1,0.0,96200.0,96200.0,-3800.0
2545,Talia Brock,paroli,100.0,100000.0,50000.0,1160,1,0.0,93100.0,93100.0,-6900.0
2546,Julio Bartlett,paroli,100.0,100000.0,50000.0,1098,2,0.0,80900.0,80900.0,-19100.0
2547,Aubrielle Bonilla,paroli,100.0,100000.0,50000.0,1132,1,0.0,88500.0,88500.0,-11500.0
2548,Aden Powers,paroli,100.0,100000.0,50000.0,1141,2,0.0,98700.0,98700.0,-1300.0
2549,Michelle Dean,paroli,100.0,100000.0,50000.0,1126,0,0.0,91900.0,91900.0,-8100.0
2550,Ronan Madden,paroli,100.0,100000.0,50000.0,1159,0,0.0,97600.0,97600.0,-2400.0
2551,Violette Dejesus,paroli,100.0,100000.0,50000.0,1105,0,0.0,82000.0,82000.0,-18000.0
2552,Rio Dean,paroli,100.0,100000.0,50000.0,1119,1,0.0,88500.0,88500.0,-11500.0
2553,Julianna Rowe,paroli,100.0,100000.0,50000.0,1152,0,0.0,94700.0,94700.0,-5300.0
2554,Kamden Castillo,paroli,100.0,100000.0,50000.0,1167,1,0.0,100300.0,100300.0,300.0
2555,Eva Shelton,paroli,100.0,100000.0,50000.0,1138,0,0.0,89300.0,89300.0,-10700.0
2556,Leonel Salazar,paroli,100.0,100000.0,50000.0,1159,0,0.0,98500.0,98500.0,-1500.0
2557,Freya Choi,paroli,100.0,100000.0,50000.0,1112,0,0.0,83500.0,83500.0,-16500.0
2558,Khari Shepherd,paroli,100.0,100000.0,50000.0,1137,0,0.0,90600.0,90600.0,-9400.0
2559,Katalina Guerra,paroli,100.0,100000.0,50000.0,1185,1,0.0,98900.0,98900.0,-1100.0
2560,Leland McGuire,paroli,100.0,100000.0,50000.0,1092,1,0.0,84000.0,84000.0,-16000.0
2561,April Barry,paroli,100.0,100000.0,50000.0,1129,0,0.0,95500.0,95500.0,-4500.0
2562,Emery Wu,paroli,100.0,100000.0,50000.0,1162,0,0.0,94800.0,94800.0,-5200.0
2563,Liana Watkins,paroli,100.0,100000.0,50000.0,1125,0,0.0,92500.0,92500.0,-7500.0
2564,Nash Bean,paroli,100.0,100000.0,50000.0,1190,0,0.0,101700.0,101700.0,1700.0
2565,Jenesis Ellison,paroli,100.0,100000.0,50000.0,1179,0,0.0,103500.0,103500.0,3500.0
2566,Kye Browning,paroli,100.0,100000.0,50000.0,1142,1,0.0,90600.0,90600.0,-9400.0
2567,Princess Duncan,paroli,100.0,100000.0,50000.0,1130,0,0.0,89600.0,89600.0,-10400.0
2568,Avery Bowers,paroli,100.0,100000.0,50000.0,1131,2,0.0,86300.0,86300.0,-13700.0
2569,Elisa Washington,paroli,100.0,100000.0,50000.0,1123,1,0.0,86300.0,86300.0,-13700.0
2570,Juan Richmond,paroli,100.0,100000.0,50000.0,1105,0,0.0,83500.0,83500.0,-16500.0
2571,Whitney Walton,paroli,100.0,100000.0,50000.0,1160,2,0.0,98000.0,98000.0,-2000.0
2572,Dominick Rodriguez,paroli,100.0,100000.0,50000.0,1192,1,0.0,100700.0,100700.0,700.0
2573,Evelyn Gross,paroli,100.0,100000.0,50000.0,1137,2,0.0,89300.0,89300.0,-10700.0
2574,Quinn Walls,paroli,100.0,100000.0,50000.0,1174,0,0.0,94900.0,94900.0,-5100.0
2575,Lilianna Mason,paroli,100.0,100000.0,50000.0,1167,0,0.0,95900.0,95900.0,-4100.0
2576,Brandon Blackburn,paroli,100.0,100000.0,50000.0,1125,0,0.0,93700.0,93700.0,-6300.0
2577,Frida Norris,paroli,100.0,100000.0,50000.0,1155,2,0.0,93400.0,93400.0,-6600.0
2578,Cairo Peters,paroli,100.0,100000.0,50000.0,1121,1,0.0,89700.0,89700.0,-10300.0
2579,Leila Daniel,paroli,100.0,100000.0,50000.0,1140,0,0.0,92400.0,92400.0,-7600.0
2580,Grady Gray,paroli,100.0,100000.0,50000.0,1149,0,0.0,92900.0,92900.0,-7100.0
2581,Sarah Briggs,paroli,100.0,100000.0,50000.0,1156,0,0.0,96900.0,96900.0,-3100.0
2582,Case Pope,paroli,100.0,100000.0,50000.0,1090,1,0.0,78500.0,78500.0,-21500.0
2583,Aurelia Weber,paroli,100.0,100000.0,50000.0,1137,1,0.0,89200.0,89200.0,-10800.0
2584,Crew Wagner,paroli,100.0,100000.0,50000.0,1122,0,0.0,87100.0,87100.0,-12900.0
2585,Maeve Austin,paroli,100.0,100000.0,50000.0,1164,0,0.0,99100.0,99100.0,-900.0
2586,Omar McIntosh,paroli,100.0,100000.0,50000.0,1128,1,0.0,95200.0,95200.0,-4800.0
2587,Gwen Powers,paroli,100.0,100000.0,50000.0,1150,0,0.0,96000.0,96000.0,-4000.0
2588,Sean Choi,paroli,100.0,100000.0,50000.0,1142,0,0.0,89900.0,89900.0,-10100.0
2589,Karla Lowery,paroli,100.0,100000.0,50000.0,1116,0,0.0,86000.0,86000.0,-14000.0
2590,Jaxxon White,paroli,100.0,100000.0,50000.0,1157,0,0.0,90600.0,90600.0,-9400.0
2591,Layla Rodriguez,paroli,100.0,100000.0,50000.0,1172,0,0.0,102400.0,102400.0,2400.0
2592,Henry Yu,paroli,100.0,100000.0,50000.0,1138,0,0.0,91700.0,91700.0,-8300.0
2593,Navy Lyons,paroli,100.0,100000.0,50000.0,1119,0,0.0,88000.0,88000.0,-12000.0
2594,Cyrus Kramer,paroli,100.0,100000.0,50000.0,1135,1,0.0,88900.0,88900.0,-11100.0
2595,Hanna Hobbs,paroli,100.0,100000.0,50000.0,1129,0,0.0,89400.0,89400.0,-10600.0
2596,Brendan Clark,paroli,100.0,100000.0,50000.0,1163,0,0.0,102700.0,102700.0,2700.0
2597,Chloe Arroyo,paroli,100.0,100000.0,50000.0,1114,0,0.0,83100.0,83100.0,-16900.0
2598,Alberto Conrad,paroli,100.0,100000.0,50000.0,1182,1,0.0,104000.0,104000.0,4000.0
2599,Bexley Rush,paroli,100.0,100000.0,50000.0,1217,0,0.0,106900.0,106900.0,6900.0
2600,Kaiser Duran,paroli,100.0,100000.0,50000.0,1148,1,0.0,91400.0,91400.0,-8600.0
2601,Willa Golden,paroli,100.0,100000.0,50000.0,1097,1,0.0,85100.0,85100.0,-14900.0
2602,Amias Maynard,paroli,100.0,100000.0,50000.0,1119,0,0.0,82800.0,82800.0,-17200.0
2603,Carolyn Benson,paroli,100.0,100000.0,50000.0,1209,2,0.0,103000.0,103000.0,3000.0
2604,Desmond Pugh,paroli,100.0,100000.0,50000.0,1186,1,0.0,103900.0,103900.0,3900.0
2605,Landry Kelly,paroli,100.0,100000.0,50000.0,1200,3,0.0,107200.0,107200.0,7200.0
2606,Cooper Morrison,paroli,100.0,100000.0,50000.0,1166,1,0.0,100000.0,100000.0,0.0
2607,Rebecca Medrano,paroli,100.0,100000.0,50000.0,1131,1,0.0,91900.0,91900.0,-8100.0
2608,Arian Atkins,paroli,100.0,100000.0,50000.0,1085,0,0.0,83100.0,83100.0,-16900.0
2609,Mina Kline,paroli,100.0,100000.0,50000.0,1170,0,0.0,103700.0,103700.0,3700.0
2610,Ramon Ashley,paroli,100.0,100000.0,50000.0,1151,0,0.0,88200.0,88200.0,-11800.0
2611,Khalani Sheppard,paroli,100.0,100000.0,50000.0,1172,2,0.0,99200.0,99200.0,-800.0
2612,Trent Dalton,paroli,100.0,100000.0,50000.0,1138,1,0.0,89100.0,89100.0,-10900.0
2613,Lilian Quintana,paroli,100.0,100000.0,50000.0,1140,0,0.0,92700.0,92700.0,-7300.0
2614,Kelvin Hunter,paroli,100.0,100000.0,50000.0,1182,0,0.0,100400.0,100400.0,400.0
2615,Khloe Patrick,paroli,100.0,100000.0,50000.0,1163,3,0.0,99200.0,99200.0,-800.0
2616,Derrick Thomas,paroli,100.0,100000.0,50000.0,1186,2,0.0,99700.0,99700.0,-300.0
2617,Elizabeth Kennedy,paroli,100.0,100000.0,50000.0,1151,0,0.0,96500.0,96500.0,-3500.0
2618,Maxwell Ford,paroli,100.0,100000.0,50000.0,1133,1,0.0,87600.0,87600.0,-12400.0
2619,Alexandra Blackburn,paroli,100.0,100000.0,50000.0,1145,0,0.0,93300.0,93300.0,-6700.0
2620,Zahir Hale,paroli,100.0,100000.0,50000.0,1152,2,0.0,94500.0,94500.0,-5500.0
2621,Brinley Dyer,paroli,100.0,100000.0,50000.0,1144,0,0.0,94000.0,94000.0,-6000.0
2622,Atreus Juarez,paroli,100.0,100000.0,50000.0,1208,1,0.0,106800.0,106800.0,6800.0
2623,Juliet Cherry,paroli,100.0,100000.0,50000.0,1157,1,0.0,98200.0,98200.0,-1800.0
2624,Rome Davidson,paroli,100.0,100000.0,50000.0,1168,0,0.0,97200.0,97200.0,-2800.0
2625,Jayla Wyatt,paroli,100.0,100000.0,50000.0,1166,1,0.0,101700.0,101700.0,1700.0
2626,Sam Williams,paroli,100.0,100000.0,50000.0,1132,0,0.0,93100.0,93100.0,-6900.0
2627,Ava Ventura,paroli,100.0,100000.0,50000.0,1185,1,0.0,99900.0,99900.0,-100.0
2628,Branson Massey,paroli,100.0,100000.0,50000.0,1172,0,0.0,96900.0,96900.0,-3100.0
2629,Clementine Salinas,paroli,100.0,100000.0,50000.0,1133,2,0.0,93000.0,93000.0,-7000.0
2630,Edgar Patton,paroli,100.0,100000.0,50000.0,1137,0,0.0,84200.0,84200.0,-15800.0
2631,Lorelei Lawrence,paroli,100.0,100000.0,50000.0,1188,1,0.0,107200.0,107200.0,7200.0
2632,Kaleb Zavala,paroli,100.0,100000.0,50000.0,1129,3,0.0,85500.0,85500.0,-14500.0
2633,Liv Wade,paroli,100.0,100000.0,50000.0,1156,0,0.0,95800.0,95800.0,-4200.0
2634,Jake Best,paroli,100.0,100000.0,50000.0,1152,1,0.0,93900.0,93900.0,-6100.0
2635,Lexie Robbins,paroli,100.0,100000.0,50000.0,1176,2,0.0,99700.0,99700.0,-300.0
2636,Finnegan Washington,paroli,100.0,100000.0,50000.0,1125,2,0.0,88300.0,88300.0,-11700.0
2637,Valerie Walker,paroli,100.0,100000.0,50000.0,1154,0,0.0,100700.0,100700.0,700.0
2638,Luke Olsen,paroli,100.0,100000.0,50000.0,1174,0,0.0,98300.0,98300.0,-1700.0
2639,Oaklyn Schneider,paroli,100.0,100000.0,50000.0,1117,2,0.0,88000.0,88000.0,-12000.0
2640,Raymond Frye,paroli,100.0,100000.0,50000.0,1162,0,0.0,97100.0,97100.0,-2900.0
2641,Raya Short,paroli,100.0,100000.0,50000.0,1152,1,0.0,97600.0,97600.0,-2400.0
2642,Hezekiah Pearson,paroli,100.0,100000.0,50000.0,1109,0,0.0,91000.0,91000.0,-9000.0
2643,Kiara Mosley,paroli,100.0,100000.0,50000.0,1175,1,0.0,98600.0,98600.0,-1400.0
2644,Rayden Rhodes,paroli,100.0,100000.0,50000.0,1174,0,0.0,102300.0,102300.0,2300.0
2645,Tatum Fields,paroli,100.0,100000.0,50000.0,1130,0,0.0,93100.0,93100.0,-6900.0
2646,Clayton Jackson,paroli,100.0,100000.0,50000.0,1214,1,0.0,109500.0,109500.0,9500.0
2647,Avery Pierce,paroli,100.0,100000.0,50000.0,1130,1,0.0,90300.0,90300.0,-9700.0
2648,Nicolas Blevins,paroli,100.0,100000.0,50000.0,1181,0,0.0,97500.0,97500.0,-2500.0
2649,Aila Trejo,paroli,100.0,100000.0,50000.0,1142,0,0.0,92200.0,92200.0,-7800.0
2650,Wesson Collins,paroli,100.0,100000.0,50000.0,1134,0,0.0,90300.0,90300.0,-9700.0
2651,Kinsley Burgess,paroli,100.0,100000.0,50000.0,1100,2,0.0,86100.0,86100.0,-13900.0
2652,Kolton Beltran,paroli,100.0,100000.0,50000.0,1125,1,0.0,87800.0,87800.0,-12200.0
2653,Kaydence Rodriguez,paroli,100.0,100000.0,50000.0,1154,1,0.0,94100.0,94100.0,-5900.0
2654,Henry Charles,paroli,100.0,100000.0,50000.0,1214,3,0.0,108600.0,108600.0,8600.0
2655,Jenna House,paroli,100.0,100000.0,50000.0,1211,2,0.0,109700.0,109700.0,9700.0
2656,Yehuda Escobar,paroli,100.0,100000.0,50000.0,1123,0,0.0,93200.0,93200.0,-6800.0
2657,Erin Ryan,paroli,100.0,100000.0,50000.0,1161,1,0.0,96200.0,96200.0,-3800.0
2658,Timothy Wilkinson,paroli,100.0,100000.0,50000.0,1134,1,0.0,91800.0,91800.0,-8200.0
2659,Siena Stephenson,paroli,100.0,100000.0,50000.0,1200,2,0.0,101900.0,101900.0,1900.0
2660,Joe McLaughlin,paroli,100.0,100000.0,50000.0,1117,1,0.0,88000.0,88000.0,-12000.0
2661,Stephanie Stokes,paroli,100.0,100000.0,50000.0,1139,0,0.0,90700.0,90700.0,-9300.0
2662,Santana Burnett,paroli,100.0,100000.0,50000.0,1168,1,0.0,97500.0,97500.0,-2500.0
2663,Emberly Warner,paroli,100.0,100000.0,50000.0,1152,1,0.0,96900.0,96900.0,-3100.0
2664,Jaxton Gaines,paroli,100.0,100000.0,50000.0,1106,0,0.0,87700.0,87700.0,-12300.0
2665,Aya Mata,paroli,100.0,100000.0,50000.0,1126,1,0.0,90500.0,90500.0,-9500.0
2666,Ray Russo,paroli,100.0,100000.0,50000.0,1110,1,0.0,83900.0,83900.0,-16100.0
2667,Tinsley Douglas,paroli,100.0,100000.0,50000.0,1174,1,0.0,99500.0,99500.0,-500.0
2668,Derek Valentine,paroli,100.0,100000.0,50000.0,1137,2,0.0,93200.0,93200.0,-6800.0
2669,August Ellison,paroli,100.0,100000.0,50000.0,1158,3,0.0,99700.0,99700.0,-300.0
2670,Kye McCullough,paroli,100.0,100000.0,50000.0,1146,0,0.0,95300.0,95300.0,-4700.0
2671,Hana Sims,paroli,100.0,100000.0,50000.0,1156,0,0.0,101900.0,101900.0,1900.0
2672,Brian Carter,paroli,100.0,100000.0,50000.0,1120,1,0.0,90100.0,90100.0,-9900.0
2673,Lucy Avery,paroli,100.0,100000.0,50000.0,1106,0,0.0,84500.0,84500.0,-15500.0
2674,Jakari Hull,paroli,100.0,100000.0,50000.0,1170,0,0.0,102100.0,102100.0,2100.0
2675,Andi Palmer,paroli,100.0,100000.0,50000.0,1150,0,0.0,92900.0,92900.0,-7100.0
2676,Theo Franco,paroli,100.0,100000.0,50000.0,1163,0,0.0,93400.0,93400.0,-6600.0
2677,Charleigh Espinosa,paroli,100.0,100000.0,50000.0,1130,0,0.0,93100.0,93100.0,-6900.0
2678,Khalid Camacho,paroli,100.0,100000.0,50000.0,1183,0,0.0,104700.0,104700.0,4700.0
2679,Armani Knapp,paroli,100.0,100000.0,50000.0,1148,3,0.0,95100.0,95100.0,-4900.0
2680,Boden Fitzgerald,paroli,100.0,100000.0,50000.0,1125,0,0.0,86900.0,86900.0,-13100.0
2681,Marlee Wang,paroli,100.0,100000.0,50000.0,1169,3,0.0,101700.0,101700.0,1700.0
2682,Cohen Warner,paroli,100.0,100000.0,50000.0,1173,0,0.0,99300.0,99300.0,-700.0
2683,Wynter Boyle,paroli,100.0,100000.0,50000.0,1142,0,0.0,98200.0,98200.0,-1800.0
2684,Robin Navarro,paroli,100.0,100000.0,50000.0,1166,1,0.0,97400.0,97400.0,-2600.0
2685,Winter Rice,paroli,100.0,100000.0,50000.0,1177,1,0.0,100400.0,100400.0,400.0
2686,Graham Callahan,paroli,100.0,100000.0,50000.0,1097,0,0.0,88900.0,88900.0,-11100.0
2687,Kimber Lynn,paroli,100.0,100000.0,50000.0,1166,1,0.0,97200.0,97200.0,-2800.0
2688,Zechariah Burns,paroli,100.0,100000.0,50000.0,1109,0,0.0,84700.0,84700.0,-15300.0
2689,Emerson Cameron,paroli,100.0,100000.0,50000.0,1210,0,0.0,106600.0,106600.0,6600.0
2690,Rayan Armstrong,paroli,100.0,100000.0,50000.0,1224,2,0.0,104900.0,104900.0,4900.0
2691,Presley Gill,paroli,100.0,100000.0,50000.0,1196,0,0.0,102300.0,102300.0,2300.0
2692,Matthias Martinez,paroli,100.0,100000.0,50000.0,1229,0,0.0,111800.0,111800.0,11800.0
2693,Harper Gardner,paroli,100.0,100000.0,50000.0,1140,1,0.0,90200.0,90200.0,-9800.0
2694,Alan Becker,paroli,100.0,100000.0,50000.0,1184,0,0.0,100200.0,100200.0,200.0
2695,Laura Li,paroli,100.0,100000.0,50000.0,1115,0,0.0,89200.0,89200.0,-10800.0
2696,Jorge Preston,paroli,100.0,100000.0,50000.0,1147,0,0.0,93600.0,93600.0,-6400.0
2697,Indie Howard,paroli,100.0,100000.0,50000.0,1154,1,0.0,94200.0,94200.0,-5800.0
2698,Jeremiah Freeman,paroli,100.0,100000.0,50000.0,1142,1,0.0,95500.0,95500.0,-4500.0
2699,Norah Hanna,paroli,100.0,100000.0,50000.0,1164,1,0.0,99200.0,99200.0,-800.0
2700,Aydin Lewis,paroli,100.0,100000.0,50000.0,1164,2,0.0,94800.0,94800.0,-5200.0
2701,Ellie Arellano,paroli,100.0,100000.0,50000.0,1148,0,0.0,96400.0,96400.0,-3600.0
2702,Kellan Dominguez,paroli,100.0,100000.0,50000.0,1112,1,0.0,87600.0,87600.0,-12400.0
2703,Raegan Reilly,paroli,100.0,100000.0,50000.0,1178,3,0.0,96100.0,96100.0,-3900.0
2704,Alvaro Yoder,paroli,100.0,100000.0,50000.0,1127,0,0.0,92300.0,92300.0,-7700.0
2705,Emerie Barry,paroli,100.0,100000.0,50000.0,1120,0,0.0,89600.0,89600.0,-10400.0
2706,Emery Sherman,paroli,100.0,100000.0,50000.0,1188,0,0.0,102600.0,102600.0,2600.0
2707,Addilyn Pena,paroli,100.0,100000.0,50000.0,1190,0,0.0,96800.0,96800.0,-3200.0
2708,Marcus Estrada,paroli,100.0,100000.0,50000.0,1141,0,0.0,92300.0,92300.0,-7700.0
2709,Sawyer Rowe,paroli,100.0,100000.0,50000.0,1095,0,0.0,84000.0,84000.0,-16000.0
2710,Kamden Lambert,paroli,100.0,100000.0,50000.0,1093,0,0.0,88000.0,88000.0,-12000.0
2711,Nina Vaughn,paroli,100.0,100000.0,50000.0,1186,0,0.0,101800.0,101800.0,1800.0
2712,Remy Chambers,paroli,100.0,100000.0,50000.0,1159,1,0.0,92000.0,92000.0,-8000.0
2713,Makayla Pacheco,paroli,100.0,100000.0,50000.0,1152,0,0.0,99500.0,99500.0,-500.0
2714,Erik Lowe,paroli,100.0,100000.0,50000.0,1118,0,0.0,87200.0,87200.0,-12800.0
2715,Amari Sawyer,paroli,100.0,100000.0,50000.0,1176,0,0.0,102100.0,102100.0,2100.0
2716,Jefferson Ho,paroli,100.0,100000.0,50000.0,1150,0,0.0,97300.0,97300.0,-2700.0
2717,Calliope Michael,paroli,100.0,100000.0,50000.0,1131,1,0.0,90600.0,90600.0,-9400.0
2718,Bronson Alvarado,paroli,100.0,100000.0,50000.0,1137,2,0.0,89000.0,89000.0,-11000.0
2719,Blake Morse,paroli,100.0,100000.0,50000.0,1181,0,0.0,96800.0,96800.0,-3200.0
2720,Bode Wood,paroli,100.0,100000.0,50000.0,1162,0,0.0,94000.0,94000.0,-6000.0
2721,Natalia Bullock,paroli,100.0,100000.0,50000.0,1123,1,0.0,91300.0,91300.0,-8700.0
2722,Ben Steele,paroli,100.0,100000.0,50000.0,1137,0,0.0,94300.0,94300.0,-5700.0
2723,Rylie Ashley,paroli,100.0,100000.0,50000.0,1154,0,0.0,97200.0,97200.0,-2800.0
2724,Kylen Mora,paroli,100.0,100000.0,50000.0,1139,0,0.0,93600.0,93600.0,-6400.0
2725,Jemma Santiago,paroli,100.0,100000.0,50000.0,1155,2,0.0,97700.0,97700.0,-2300.0
2726,Beckham Jennings,paroli,100.0,100000.0,50000.0,1138,0,0.0,93000.0,93000.0,-7000.0
2727,Palmer Rogers,paroli,100.0,100000.0,50000.0,1170,1,0.0,102200.0,102200.0,2200.0
2728,Colton Nelson,paroli,100.0,100000.0,50000.0,1135,1,0.0,92200.0,92200.0,-7800.0
2729,Everly Combs,paroli,100.0,100000.0,50000.0,1110,1,0.0,85300.0,85300.0,-14700.0
2730,Ahmad Brock,paroli,100.0,100000.0,50000.0,1186,1,0.0,107000.0,107000.0,7000.0
2731,Jada Griffith,paroli,100.0,100000.0,50000.0,1169,0,0.0,96300.0,96300.0,-3700.0
2732,Franklin Griffith,paroli,100.0,100000.0,50000.0,1170,2,0.0,96100.0,96100.0,-3900.0
2733,Alicia Nunez,paroli,100.0,100000.0,50000.0,1218,0,0.0,109600.0,109600.0,9600.0
2734,Caden Stout,paroli,100.0,100000.0,50000.0,1194,0,0.0,105700.0,105700.0,5700.0
2735,Chana Cherry,paroli,100.0,100000.0,50000.0,1175,0,0.0,101600.0,101600.0,1600.0
2736,Rome Kemp,paroli,100.0,100000.0,50000.0,1190,0,0.0,100000.0,100000.0,0.0
2737,Anika Blanchard,paroli,100.0,100000.0,50000.0,1131,0,0.0,92300.0,92300.0,-7700.0
2738,Adler Palacios,paroli,100.0,100000.0,50000.0,1168,0,0.0,95200.0,95200.0,-4800.0
2739,Bria Aguilar,paroli,100.0,100000.0,50000.0,1159,1,0.0,99900.0,99900.0,-100.0
2740,Milo Berg,paroli,100.0,100000.0,50000.0,1118,0,0.0,87400.0,87400.0,-12600.0
2741,Emmalyn Hale,paroli,100.0,100000.0,50000.0,1170,0,0.0,95700.0,95700.0,-4300.0
2742,Ezequiel Stout,paroli,100.0,100000.0,50000.0,1164,0,0.0,96700.0,96700.0,-3300.0
2743,Chana York,paroli,100.0,100000.0,50000.0,1147,0,0.0,96000.0,96000.0,-4000.0
2744,Leandro Benitez,paroli,100.0,100000.0,50000.0,1176,1,0.0,101100.0,101100.0,1100.0
2745,Aliza Vincent,paroli,100.0,100000.0,50000.0,1175,0,0.0,97000.0,97000.0,-3000.0
2746,Aarav Wu,paroli,100.0,100000.0,50000.0,1168,1,0.0,97400.0,97400.0,-2600.0
2747,Liana Pierce,paroli,100.0,100000.0,50000.0,1165,0,0.0,99800.0,99800.0,-200.0
2748,Nicolas Wallace,paroli,100.0,100000.0,50000.0,1093,0,0.0,88800.0,88800.0,-11200.0
2749,Arianna Davis,paroli,100.0,100000.0,50000.0,1175,0,0.0,97600.0,97600.0,-2400.0
2750,Lucas Marshall,paroli,100.0,100000.0,50000.0,1190,0,0.0,102100.0,102100.0,2100.0
2751,Adalyn Delgado,paroli,100.0,100000.0,50000.0,1142,0,0.0,93200.0,93200.0,-6800.0
2752,Colt Carson,paroli,100.0,100000.0,50000.0,1133,0,0.0,89600.0,89600.0,-10400.0
2753,Nalani Reynolds,paroli,100.0,100000.0,50000.0,1181,3,0.0,101700.0,101700.0,1700.0
2754,Vincent Cardenas,paroli,100.0,100000.0,50000.0,1162,1,0.0,91100.0,91100.0,-8900.0
2755,Raven Cuevas,paroli,100.0,100000.0,50000.0,1146,3,0.0,92500.0,92500.0,-7500.0
2756,Brecken Berry,paroli,100.0,100000.0,50000.0,1185,0,0.0,103300.0,103300.0,3300.0
2757,Annabelle Gillespie,paroli,100.0,100000.0,50000.0,1223,1,0.0,103700.0,103700.0,3700.0
2758,Forest Garcia,paroli,100.0,100000.0,50000.0,1129,3,0.0,87200.0,87200.0,-12800.0
2759,Amelia Nicholson,paroli,100.0,100000.0,50000.0,1154,1,0.0,97400.0,97400.0,-2600.0
2760,Rodrigo Hickman,paroli,100.0,100000.0,50000.0,1117,2,0.0,89900.0,89900.0,-10100.0
2761,Scarlette Hensley,paroli,100.0,100000.0,50000.0,1113,0,0.0,83400.0,83400.0,-16600.0
2762,Layne Doyle,paroli,100.0,100000.0,50000.0,1166,0,0.0,101800.0,101800.0,1800.0
2763,Annalise Glover,paroli,100.0,100000.0,50000.0,1137,0,0.0,89200.0,89200.0,-10800.0
2764,Mack Hubbard,paroli,100.0,100000.0,50000.0,1187,1,0.0,101700.0,101700.0,1700.0
2765,Rosie Day,paroli,100.0,100000.0,50000.0,1140,1,0.0,89100.0,89100.0,-10900.0
2766,Kayson Gould,paroli,100.0,100000.0,50000.0,1177,0,0.0,101400.0,101400.0,1400.0
2767,Violeta Gillespie,paroli,100.0,100000.0,50000.0,1195,0,0.0,102500.0,102500.0,2500.0
2768,Forest Heath,paroli,100.0,100000.0,50000.0,1178,2,0.0,100200.0,100200.0,200.0
2769,Amani Jordan,paroli,100.0,100000.0,50000.0,1178,2,0.0,99800.0,99800.0,-200.0
2770,Sawyer Nielsen,paroli,100.0,100000.0,50000.0,1152,0,0.0,92000.0,92000.0,-8000.0
2771,Vienna Riley,paroli,100.0,100000.0,50000.0,1172,0,0.0,101900.0,101900.0,1900.0
2772,Amari Cochran,paroli,100.0,100000.0,50000.0,1175,0,0.0,97500.0,97500.0,-2500.0
2773,Alma Valentine,paroli,100.0,100000.0,50000.0,1170,0,0.0,97700.0,97700.0,-2300.0
2774,Demetrius Boyle,paroli,100.0,100000.0,50000.0,1117,3,0.0,90600.0,90600.0,-9400.0
2775,Aliya Dixon,paroli,100.0,100000.0,50000.0,1150,3,0.0,92600.0,92600.0,-7400.0
2776,Camden Clay,paroli,100.0,100000.0,50000.0,1161,0,0.0,95000.0,95000.0,-5000.0
2777,Aliana Zamora,paroli,100.0,100000.0,50000.0,1184,0,0.0,101500.0,101500.0,1500.0
2778,Quentin O’Neill,paroli,100.0,100000.0,50000.0,1180,1,0.0,103200.0,103200.0,3200.0
2779,Kenna Simon,paroli,100.0,100000.0,50000.0,1145,1,0.0,89100.0,89100.0,-10900.0
2780,Zayne Zavala,paroli,100.0,100000.0,50000.0,1141,0,0.0,88100.0,88100.0,-11900.0
2781,Liv McPherson,paroli,100.0,100000.0,50000.0,1116,1,0.0,89700.0,89700.0,-10300.0
2782,Foster Griffith,paroli,100.0,100000.0,50000.0,1162,0,0.0,98500.0,98500.0,-1500.0
2783,Alicia Chavez,paroli,100.0,100000.0,50000.0,1209,1,0.0,110300.0,110300.0,10300.0
2784,Ian Gomez,paroli,100.0,100000.0,50000.0,1141,1,0.0,92000.0,92000.0,-8000.0
2785,Natalie Miranda,paroli,100.0,100000.0,50000.0,1161,1,0.0,94200.0,94200.0,-5800.0
2786,Rory Meadows,paroli,100.0,100000.0,50000.0,1092,0,0.0,77100.0,77100.0,-22900.0
2787,Pearl Boone,paroli,100.0,100000.0,50000.0,1184,1,0.0,102200.0,102200.0,2200.0
2788,Mauricio Burton,paroli,100.0,100000.0,50000.0,1130,0,0.0,93000.0,93000.0,-7000.0
2789,Miriam Juarez,paroli,100.0,100000.0,50000.0,1192,1,0.0,103400.0,103400.0,3400.0
2790,Joaquin Elliott,paroli,100.0,100000.0,50000.0,1146,1,0.0,95000.0,95000.0,-5000.0
2791,Noelle Quintana,paroli,100.0,100000.0,50000.0,1098,0,0.0,82300.0,82300.0,-17700.0
2792,Kelvin Deleon,paroli,100.0,100000.0,50000.0,1188,1,0.0,104000.0,104000.0,4000.0
2793,Gabrielle McCormick,paroli,100.0,100000.0,50000.0,1145,0,0.0,95400.0,95400.0,-4600.0
2794,Jasiah Jensen,paroli,100.0,100000.0,50000.0,1154,1,0.0,90300.0,90300.0,-9700.0
2795,Jane Cline,paroli,100.0,100000.0,50000.0,1110,1,0.0,88100.0,88100.0,-11900.0
2796,Cullen Conrad,paroli,100.0,100000.0,50000.0,1174,0,0.0,98300.0,98300.0,-1700.0
2797,Bexley Hodge,paroli,100.0,100000.0,50000.0,1183,0,0.0,101200.0,101200.0,1200.0
2798,Reign Carpenter,paroli,100.0,100000.0,50000.0,1138,0,0.0,91700.0,91700.0,-8300.0
2799,Lilly Hull,paroli,100.0,100000.0,50000.0,1184,0,0.0,104000.0,104000.0,4000.0
2800,Salem Wolfe,paroli,100.0,100000.0,50000.0,1204,1,0.0,105300.0,105300.0,5300.0
2801,Hallie Juarez,paroli,100.0,100000.0,50000.0,1134,2,0.0,93900.0,93900.0,-6100.0
2802,Joaquin Combs,paroli,100.0,100000.0,50000.0,1137,0,0.0,84300.0,84300.0,-15700.0
2803,Irene Blackwell,paroli,100.0,100000.0,50000.0,1121,1,0.0,90000.0,90000.0,-10000.0
2804,Marcellus Miller,paroli,100.0,100000.0,50000.0,1147,1,0.0,92100.0,92100.0,-7900.0
2805,Isabella French,paroli,100.0,100000.0,50000.0,1179,0,0.0,100100.0,100100.0,100.0
2806,Corey Stewart,paroli,100.0,100000.0,50000.0,1177,1,0.0,101100.0,101100.0,1100.0
2807,Maya Kramer,paroli,100.0,100000.0,50000.0,1107,1,0.0,84700.0,84700.0,-15300.0
2808,Kylan Larson,paroli,100.0,100000.0,50000.0,1094,0,0.0,86500.0,86500.0,-13500.0
2809,Alayna Wilkinson,paroli,100.0,100000.0,50000.0,1180,2,0.0,101900.0,101900.0,1900.0
2810,Leonard Gardner,paroli,100.0,100000.0,50000.0,1137,0,0.0,89100.0,89100.0,-10900.0
2811,Jordyn Browning,paroli,100.0,100000.0,50000.0,1126,0,0.0,90500.0,90500.0,-9500.0
2812,Rohan Thompson,paroli,100.0,100000.0,50000.0,1172,0,0.0,106300.0,106300.0,6300.0
2813,Madison Malone,paroli,100.0,100000.0,50000.0,1135,0,0.0,91900.0,91900.0,-8100.0
2814,Ruben Ibarra,paroli,100.0,100000.0,50000.0,1140,0,0.0,89300.0,89300.0,-10700.0
2815,Madilynn Graham,paroli,100.0,100000.0,50000.0,1173,4,0.0,100900.0,100900.0,900.0
2816,Giovanni Benton,paroli,100.0,100000.0,50000.0,1166,0,0.0,95700.0,95700.0,-4300.0
2817,Anais Hayden,paroli,100.0,100000.0,50000.0,1170,1,0.0,98300.0,98300.0,-1700.0
2818,Leroy Ellison,paroli,100.0,100000.0,50000.0,1136,0,0.0,91800.0,91800.0,-8200.0
2819,Raina Arnold,paroli,100.0,100000.0,50000.0,1160,0,0.0,91800.0,91800.0,-8200.0
2820,Abraham Vang,paroli,100.0,100000.0,50000.0,1131,0,0.0,94500.0,94500.0,-5500.0
2821,Madisyn Robbins,paroli,100.0,100000.0,50000.0,1184,3,0.0,101600.0,101600.0,1600.0
2822,Finnegan Garrett,paroli,100.0,100000.0,50000.0,1127,2,0.0,92700.0,92700.0,-7300.0
2823,Tessa McCarthy,paroli,100.0,100000.0,50000.0,1190,0,0.0,104500.0,104500.0,4500.0
2824,Devin Swanson,paroli,100.0,100000.0,50000.0,1136,1,0.0,91300.0,91300.0,-8700.0
2825,Helen Haley,paroli,100.0,100000.0,50000.0,1124,1,0.0,90600.0,90600.0,-9400.0
2826,Leif Barton,paroli,100.0,100000.0,50000.0,1160,1,0.0,96600.0,96600.0,-3400.0
2827,Danna Ellis,paroli,100.0,100000.0,50000.0,1094,0,0.0,81200.0,81200.0,-18800.0
2828,Cole Boone,paroli,100.0,100000.0,50000.0,1113,1,0.0,87400.0,87400.0,-12600.0
2829,Mariam Hoover,paroli,100.0,100000.0,50000.0,1173,0,0.0,96500.0,96500.0,-3500.0
2830,Jaziel Sloan,paroli,100.0,100000.0,50000.0,1125,0,0.0,86600.0,86600.0,-13400.0
2831,Selene Scott,paroli,100.0,100000.0,50000.0,1125,0,0.0,88900.0,88900.0,-11100.0
2832,Leo Salinas,paroli,100.0,100000.0,50000.0,1163,5,0.0,97100.0,97100.0,-2900.0
2833,Royalty Pope,paroli,100.0,100000.0,50000.0,1148,1,0.0,95000.0,95000.0,-5000.0
2834,Gunnar Moses,paroli,100.0,100000.0,50000.0,1097,2,0.0,86000.0,86000.0,-14000.0
2835,Karter Rivas,paroli,100.0,100000.0,50000.0,1149,1,0.0,93400.0,93400.0,-6600.0
2836,Damon Barton,paroli,100.0,100000.0,50000.0,1119,0,0.0,93000.0,93000.0,-7000.0
2837,Danna Houston,paroli,100.0,100000.0,50000.0,1178,1,0.0,94800.0,94800.0,-5200.0
2838,Sylas Humphrey,paroli,100.0,100000.0,50000.0,1150,1,0.0,92500.0,92500.0,-7500.0
2839,Journi Bridges,paroli,100.0,100000.0,50000.0,1162,0,0.0,92000.0,92000.0,-8000.0
2840,Mohammed White,paroli,100.0,100000.0,50000.0,1112,0,0.0,85900.0,85900.0,-14100.0
2841,Layla Sutton,paroli,100.0,100000.0,50000.0,1171,0,0.0,99300.0,99300.0,-700.0
2842,Warren Keller,paroli,100.0,100000.0,50000.0,1160,0,0.0,100600.0,100600.0,600.0
2843,Logan Shepherd,paroli,100.0,100000.0,50000.0,1167,0,0.0,96400.0,96400.0,-3600.0
2844,Ronald Fitzpatrick,paroli,100.0,100000.0,50000.0,1171,1,0.0,98400.0,98400.0,-1600.0
2845,Annabella Welch,paroli,100.0,100000.0,50000.0,1118,0,0.0,90000.0,90000.0,-10000.0
2846,Hendrix Daugherty,paroli,100.0,100000.0,50000.0,1185,1,0.0,100600.0,100600.0,600.0
2847,Magdalena Villanueva,paroli,100.0,100000.0,50000.0,1113,0,0.0,90600.0,90600.0,-9400.0
2848,Huxley Monroe,paroli,100.0,100000.0,50000.0,1159,2,0.0,88800.0,88800.0,-11200.0
2849,Carly Coffey,paroli,100.0,100000.0,50000.0,1129,0,0.0,92500.0,92500.0,-7500.0
2850,Kody Travis,paroli,100.0,100000.0,50000.0,1104,1,0.0,84700.0,84700.0,-15300.0
2851,Mazikee Phan,paroli,100.0,100000.0,50000.0,1177,0,0.0,100300.0,100300.0,300.0
2852,Maison Rich,paroli,100.0,100000.0,50000.0,1175,0,0.0,97300.0,97300.0,-2700.0
2853,Sunny Taylor,paroli,100.0,100000.0,50000.0,1118,0,0.0,88300.0,88300.0,-11700.0
2854,Jackson Hayes,paroli,100.0,100000.0,50000.0,1132,1,0.0,95800.0,95800.0,-4200.0
2855,Iris Green,paroli,100.0,100000.0,50000.0,1166,1,0.0,99900.0,99900.0,-100.0
2856,Anthony Orozco,paroli,100.0,100000.0,50000.0,1094,2,0.0,83200.0,83200.0,-16800.0
2857,Renata Cantu,paroli,100.0,100000.0,50000.0,1143,1,0.0,92900.0,92900.0,-7100.0
2858,Anakin Quinn,paroli,100.0,100000.0,50000.0,1130,0,0.0,89300.0,89300.0,-10700.0
2859,Heaven Kennedy,paroli,100.0,100000.0,50000.0,1184,3,0.0,103400.0,103400.0,3400.0
2860,Maxwell Willis,paroli,100.0,100000.0,50000.0,1147,0,0.0,97100.0,97100.0,-2900.0
2861,Alexa Beltran,paroli,100.0,100000.0,50000.0,1188,1,0.0,101500.0,101500.0,1500.0
2862,Ricky Serrano,paroli,100.0,100000.0,50000.0,1118,1,0.0,88400.0,88400.0,-11600.0
2863,Allie Malone,paroli,100.0,100000.0,50000.0,1191,1,0.0,95700.0,95700.0,-4300.0
2864,Ruben Lin,paroli,100.0,100000.0,50000.0,1207,1,0.0,110400.0,110400.0,10400.0
2865,Makenna Cuevas,paroli,100.0,100000.0,50000.0,1163,0,0.0,98500.0,98500.0,-1500.0
2866,Brecken Good,paroli,100.0,100000.0,50000.0,1176,1,0.0,97400.0,97400.0,-2600.0
2867,Nathalia Krueger,paroli,100.0,100000.0,50000.0,1202,1,0.0,101700.0,101700.0,1700.0
2868,Jones Eaton,paroli,100.0,100000.0,50000.0,1182,1,0.0,99100.0,99100.0,-900.0
2869,Miley Rios,paroli,100.0,100000.0,50000.0,1162,0,0.0,98700.0,98700.0,-1300.0
2870,Israel Russell,paroli,100.0,100000.0,50000.0,1140,2,0.0,87800.0,87800.0,-12200.0
2871,Raelynn Quintero,paroli,100.0,100000.0,50000.0,1169,1,0.0,95300.0,95300.0,-4700.0
2872,Thatcher Morrison,paroli,100.0,100000.0,50000.0,1127,0,0.0,90500.0,90500.0,-9500.0
2873,Rebecca Bartlett,paroli,100.0,100000.0,50000.0,1154,2,0.0,95700.0,95700.0,-4300.0
2874,Kace Shepherd,paroli,100.0,100000.0,50000.0,1123,0,0.0,87000.0,87000.0,-13000.0
2875,Katalina Malone,paroli,100.0,100000.0,50000.0,1154,0,0.0,98200.0,98200.0,-1800.0
2876,Ruben Mendoza,paroli,100.0,100000.0,50000.0,1135,0,0.0,92100.0,92100.0,-7900.0
2877,Cora Velez,paroli,100.0,100000.0,50000.0,1194,1,0.0,100200.0,100200.0,200.0
2878,Kareem Kelly,paroli,100.0,100000.0,50000.0,1132,2,0.0,93000.0,93000.0,-7000.0
2879,Ruby Travis,paroli,100.0,100000.0,50000.0,1176,0,0.0,93600.0,93600.0,-6400.0
2880,Willie Goodman,paroli,100.0,100000.0,50000.0,1153,1,0.0,93500.0,93500.0,-6500.0
2881,Carolina Dudley,paroli,100.0,100000.0,50000.0,1115,1,0.0,84600.0,84600.0,-15400.0
2882,Colter Shelton,paroli,100.0,100000.0,50000.0,1164,1,0.0,96300.0,96300.0,-3700.0
2883,Makenzie Carr,paroli,100.0,100000.0,50000.0,1201,0,0.0,98300.0,98300.0,-1700.0
2884,Kash Winters,paroli,100.0,100000.0,50000.0,1131,0,0.0,85900.0,85900.0,-14100.0
2885,Kataleya Huffman,paroli,100.0,100000.0,50000.0,1156,0,0.0,96500.0,96500.0,-3500.0
2886,Chris Schmidt,paroli,100.0,100000.0,50000.0,1136,0,0.0,87600.0,87600.0,-12400.0
2887,Kimberly Sosa,paroli,100.0,100000.0,50000.0,1182,1,0.0,99400.0,99400.0,-600.0
2888,Emir Burns,paroli,100.0,100000.0,50000.0,1167,0,0.0,102600.0,102600.0,2600.0
2889,Emerson Middleton,paroli,100.0,100000.0,50000.0,1168,3,0.0,95400.0,95400.0,-4600.0
2890,Misael Cobb,paroli,100.0,100000.0,50000.0,1172,0,0.0,98500.0,98500.0,-1500.0
2891,Aviana Peters,paroli,100.0,100000.0,50000.0,1159,0,0.0,101600.0,101600.0,1600.0
2892,Patrick Holmes,paroli,100.0,100000.0,50000.0,1199,0,0.0,106500.0,106500.0,6500.0
2893,Bailey Riley,paroli,100.0,100000.0,50000.0,1098,0,0.0,90000.0,90000.0,-10000.0
2894,Amari Schneider,paroli,100.0,100000.0,50000.0,1161,2,0.0,95300.0,95300.0,-4700.0
2895,Delaney Hammond,paroli,100.0,100000.0,50000.0,1120,1,0.0,86900.0,86900.0,-13100.0
2896,Francis Shepard,paroli,100.0,100000.0,50000.0,1145,0,0.0,93800.0,93800.0,-6200.0
2897,Noor Gallagher,paroli,100.0,100000.0,50000.0,1142,0,0.0,92100.0,92100.0,-7900.0
2898,Marcos Pennington,paroli,100.0,100000.0,50000.0,1123,0,0.0,90500.0,90500.0,-9500.0
2899,Yareli Buckley,paroli,100.0,100000.0,50000.0,1194,1,0.0,104100.0,104100.0,4100.0
2900,Aryan Huber,paroli,100.0,100000.0,50000.0,1145,0,0.0,91800.0,91800.0,-8200.0
2901,Raquel Castaneda,paroli,100.0,100000.0,50000.0,1188,2,0.0,100200.0,100200.0,200.0
2902,Collin Hunt,paroli,100.0,100000.0,50000.0,1170,0,0.0,101000.0,101000.0,1000.0
2903,Genevieve Martinez,paroli,100.0,100000.0,50000.0,1165,1,0.0,96700.0,96700.0,-3300.0
2904,Alexander Delacruz,paroli,100.0,100000.0,50000.0,1165,0,0.0,100000.0,100000.0,0.0
2905,Celine Palmer,paroli,100.0,100000.0,50000.0,1186,0,0.0,106300.0,106300.0,6300.0
2906,Theo Portillo,paroli,100.0,100000.0,50000.0,1164,4,0.0,93300.0,93300.0,-6700.0
2907,Nathalie Wiley,paroli,100.0,100000.0,50000.0,1128,2,0.0,92700.0,92700.0,-7300.0
2908,Mathew Burnett,paroli,100.0,100000.0,50000.0,1204,1,0.0,100800.0,100800.0,800.0
2909,Emberly Barber,paroli,100.0,100000.0,50000.0,1138,0,0.0,89400.0,89400.0,-10600.0
2910,Solomon Park,paroli,100.0,100000.0,50000.0,1117,0,0.0,86700.0,86700.0,-13300.0
2911,Lia Pollard,paroli,100.0,100000.0,50000.0,1153,0,0.0,93000.0,93000.0,-7000.0
2912,Jad Zuniga,paroli,100.0,100000.0,50000.0,1175,0,0.0,101600.0,101600.0,1600.0
2913,Leslie Drake,paroli,100.0,100000.0,50000.0,1160,2,0.0,92700.0,92700.0,-7300.0
2914,Jalen Booth,paroli,100.0,100000.0,50000.0,1145,0,0.0,88700.0,88700.0,-11300.0
2915,Zariyah Colon,paroli,100.0,100000.0,50000.0,1159,0,0.0,94800.0,94800.0,-5200.0
2916,Bruce Allen,paroli,100.0,100000.0,50000.0,1160,0,0.0,96800.0,96800.0,-3200.0
2917,Riley Leblanc,paroli,100.0,100000.0,50000.0,1082,0,0.0,81100.0,81100.0,-18900.0
2918,Braden Clark,paroli,100.0,100000.0,50000.0,1156,1,0.0,91300.0,91300.0,-8700.0
2919,Chloe Bell,paroli,100.0,100000.0,50000.0,1172,1,0.0,103500.0,103500.0,3500.0
2920,Emmett Mata,paroli,100.0,100000.0,50000.0,1085,1,0.0,80000.0,80000.0,-20000.0
2921,Lillie Figueroa,paroli,100.0,100000.0,50000.0,1138,2,0.0,94500.0,94500.0,-5500.0
2922,Spencer Hansen,paroli,100.0,100000.0,50000.0,1139,0,0.0,91900.0,91900.0,-8100.0
2923,Hope David,paroli,100.0,100000.0,50000.0,1129,0,0.0,85300.0,85300.0,-14700.0
2924,Alonso Kelley,paroli,100.0,100000.0,50000.0,1121,0,0.0,93600.0,93600.0,-6400.0
2925,Rosalie Dalton,paroli,100.0,100000.0,50000.0,1155,2,0.0,94300.0,94300.0,-5700.0
2926,Fletcher Johns,paroli,100.0,100000.0,50000.0,1184,0,0.0,99800.0,99800.0,-200.0
2927,Giovanna Boyle,paroli,100.0,100000.0,50000.0,1157,1,0.0,95000.0,95000.0,-5000.0
2928,Robin Madden,paroli,100.0,100000.0,50000.0,1182,1,0.0,99800.0,99800.0,-200.0
2929,Violette Palmer,paroli,100.0,100000.0,50000.0,1139,0,0.0,94600.0,94600.0,-5400.0
2930,Theo Morton,paroli,100.0,100000.0,50000.0,1194,0,0.0,101300.0,101300.0,1300.0
2931,Mallory Sanchez,paroli,100.0,100000.0,50000.0,1121,1,0.0,86900.0,86900.0,-13100.0
2932,Joseph Lang,paroli,100.0,100000.0,50000.0,1162,0,0.0,98000.0,98000.0,-2000.0
2933,Amirah Berg,paroli,100.0,100000.0,50000.0,1166,2,0.0,96800.0,96800.0,-3200.0
2934,Cayson Lucero,paroli,100.0,100000.0,50000.0,1155,2,0.0,95400.0,95400.0,-4600.0
2935,Ila Jones,paroli,100.0,100000.0,50000.0,1152,0,0.0,93600.0,93600.0,-6400.0
2936,William Cooper,paroli,100.0,100000.0,50000.0,1172,1,0.0,98900.0,98900.0,-1100.0
2937,Serenity Benton,paroli,100.0,100000.0,50000.0,1118,0,0.0,89200.0,89200.0,-10800.0
2938,Jamal Small,paroli,100.0,100000.0,50000.0,1150,2,0.0,98000.0,98000.0,-2000.0
2939,Zaria Howell,paroli,100.0,100000.0,50000.0,1177,0,0.0,100200.0,100200.0,200.0
2940,Bradley Conway,paroli,100.0,100000.0,50000.0,1110,2,0.0,87000.0,87000.0,-13000.0
2941,Ryann Leon,paroli,100.0,100000.0,50000.0,1131,1,0.0,92500.0,92500.0,-7500.0
2942,Marshall Watson,paroli,100.0,100000.0,50000.0,1161,0,0.0,94300.0,94300.0,-5700.0
2943,Hailey Charles,paroli,100.0,100000.0,50000.0,1160,0,0.0,96100.0,96100.0,-3900.0
2944,Conrad Roman,paroli,100.0,100000.0,50000.0,1148,0,0.0,95800.0,95800.0,-4200.0
2945,Astrid Monroe,paroli,100.0,100000.0,50000.0,1152,1,0.0,98200.0,98200.0,-1800.0
2946,Colby Dejesus,paroli,100.0,100000.0,50000.0,1131,0,0.0,91100.0,91100.0,-8900.0
2947,Julissa Bennett,paroli,100.0,100000.0,50000.0,1136,0,0.0,91100.0,91100.0,-8900.0
2948,Leonardo Knapp,paroli,100.0,100000.0,50000.0,1139,0,0.0,90600.0,90600.0,-9400.0
2949,Linda O’brien,paroli,100.0,100000.0,50000.0,1159,1,0.0,95700.0,95700.0,-4300.0
2950,Riley Rowland,paroli,100.0,100000.0,50000.0,1216,0,0.0,108100.0,108100.0,8100.0
2951,Harleigh Le,paroli,100.0,100000.0,50000.0,1144,2,0.0,92600.0,92600.0,-7400.0
2952,Damien Suarez,paroli,100.0,100000.0,50000.0,1145,0,0.0,96400.0,96400.0,-3600.0
2953,Jimena Murray,paroli,100.0,100000.0,50000.0,1128,2,0.0,87000.0,87000.0,-13000.0
2954,Ashton Shaw,paroli,100.0,100000.0,50000.0,1166,0,0.0,99900.0,99900.0,-100.0
2955,Emersyn King,paroli,100.0,100000.0,50000.0,1141,0,0.0,91600.0,91600.0,-8400.0
2956,Julian Harrington,paroli,100.0,100000.0,50000.0,1130,0,0.0,88100.0,88100.0,-11900.0
2957,Legacy Lane,paroli,100.0,100000.0,50000.0,1124,0,0.0,89900.0,89900.0,-10100.0
2958,Matias Gregory,paroli,100.0,100000.0,50000.0,1185,0,0.0,103300.0,103300.0,3300.0
2959,Alaya Phelps,paroli,100.0,100000.0,50000.0,1138,0,0.0,93300.0,93300.0,-6700.0
2960,Hamza Gould,paroli,100.0,100000.0,50000.0,1136,0,0.0,90800.0,90800.0,-9200.0
2961,Violeta Soto,paroli,100.0,100000.0,50000.0,1134,1,0.0,88600.0,88600.0,-11400.0
2962,Barrett Brady,paroli,100.0,100000.0,50000.0,1186,1,0.0,100500.0,100500.0,500.0
2963,Ryan Moss,paroli,100.0,100000.0,50000.0,1200,1,0.0,108800.0,108800.0,8800.0
2964,Porter Sawyer,paroli,100.0,100000.0,50000.0,1101,0,0.0,83300.0,83300.0,-16700.0
2965,Marina Russo,paroli,100.0,100000.0,50000.0,1104,0,0.0,85500.0,85500.0,-14500.0
2966,Jamie Kane,paroli,100.0,100000.0,50000.0,1106,2,0.0,82400.0,82400.0,-17600.0
2967,Ellianna Golden,paroli,100.0,100000.0,50000.0,1114,1,0.0,88300.0,88300.0,-11700.0
2968,Amias Harmon,paroli,100.0,100000.0,50000.0,1172,0,0.0,104900.0,104900.0,4900.0
2969,Maren Fields,paroli,100.0,100000.0,50000.0,1185,1,0.0,99100.0,99100.0,-900.0
2970,Clayton Osborne,paroli,100.0,100000.0,50000.0,1145,0,0.0,95800.0,95800.0,-4200.0
2971,Shelby Hardy,paroli,100.0,100000.0,50000.0,1156,0,0.0,94400.0,94400.0,-5600.0
2972,Jayceon Stuart,paroli,100.0,100000.0,50000.0,1145,1,0.0,98400.0,98400.0,-1600.0
2973,Stormi Patterson,paroli,100.0,100000.0,50000.0,1115,0,0.0,93000.0,93000.0,-7000.0
2974,Amir Andrews,paroli,100.0,100000.0,50000.0,1179,0,0.0,95400.0,95400.0,-4600.0
2975,Payton Knox,paroli,100.0,100000.0,50000.0,1141,0,0.0,95700.0,95700.0,-4300.0
2976,Valentin Robbins,paroli,100.0,100000.0,50000.0,1129,0,0.0,94500.0,94500.0,-5500.0
2977,Stevie Monroe,paroli,100.0,100000.0,50000.0,1169,0,0.0,101900.0,101900.0,1900.0
2978,Colby Gomez,paroli,100.0,100000.0,50000.0,1092,0,0.0,82100.0,82100.0,-17900.0
2979,Natalie Parker,paroli,100.0,100000.0,50000.0,1148,0,0.0,99200.0,99200.0,-800.0
2980,Caleb Gardner,paroli,100.0,100000.0,50000.0,1126,2,0.0,91400.0,91400.0,-8600.0
2981,Jordyn Lang,paroli,100.0,100000.0,50000.0,1129,1,0.0,93900.0,93900.0,-6100.0
2982,Wells Eaton,paroli,100.0,100000.0,50000.0,1164,2,0.0,100900.0,100900.0,900.0
2983,Miley Shaw,paroli,100.0,100000.0,50000.0,1140,3,0.0,91000.0,91000.0,-9000.0
2984,Elliot Buck,paroli,100.0,100000.0,50000.0,1146,0,0.0,90700.0,90700.0,-9300.0
2985,Livia Schmidt,paroli,100.0,100000.0,50000.0,1131,2,0.0,89100.0,89100.0,-10900.0
2986,Zayden Lopez,paroli,100.0,100000.0,50000.0,1122,0,0.0,87500.0,87500.0,-12500.0
2987,Gianna Young,paroli,100.0,100000.0,50000.0,1142,1,0.0,94400.0,94400.0,-5600.0
2988,Asher Mann,paroli,100.0,100000.0,50000.0,1192,0,0.0,104900.0,104900.0,4900.0
2989,Paislee Lloyd,paroli,100.0,100000.0,50000.0,1140,0,0.0,91100.0,91100.0,-8900.0
2990,Zaire Simmons,paroli,100.0,100000.0,50000.0,1178,2,0.0,99400.0,99400.0,-600.0
2991,Reagan Mills,paroli,100.0,100000.0,50000.0,1161,1,0.0,98200.0,98200.0,-1800.0
2992,Alex Tyler,paroli,100.0,100000.0,50000.0,1175,1,0.0,99000.0,99000.0,-1000.0
2993,Helena Waters,paroli,100.0,100000.0,50000.0,1118,1,0.0,87600.0,87600.0,-12400.0
2994,Maximilian Conrad,paroli,100.0,100000.0,50000.0,1144,1,0.0,97300.0,97300.0,-2700.0
2995,Bexley Fitzgerald,paroli,100.0,100000.0,50000.0,1166,0,0.0,98700.0,98700.0,-1300.0
2996,Peyton Peralta,paroli,100.0,100000.0,50000.0,1187,1,0.0,103700.0,103700.0,3700.0
2997,Malayah Ortega,paroli,100.0,100000.0,50000.0,1118,0,0.0,87100.0,87100.0,-12900.0
2998,Kobe Charles,paroli,100.0,100000.0,50000.0,1188,2,0.0,100100.0,100100.0,100.0
2999,Jenna Sanchez,paroli,100.0,100000.0,50000.0,1164,1,0.0,99600.0,99600.0,-400.0
3000,Joseph Jackson,paroli,100.0,100000.0,50000.0,1204,1,0.0,104100.0,104100.0,4100.0
3001,Yamileth Rubio,paroli,100.0,100000.0,50000.0,1127,0,0.0,90100.0,90100.0,-9900.0
3002,Titan Freeman,paroli,100.0,100000.0,50000.0,1135,2,0.0,93000.0,93000.0,-7000.0
3003,Norah Cordova,paroli,100.0,100000.0,50000.0,1147,4,0.0,93300.0,93300.0,-6700.0
3004,Vicente Gross,paroli,100.0,100000.0,50000.0,1135,1,0.0,89900.0,89900.0,-10100.0
3005,Angel Dillon,paroli,100.0,100000.0,50000.0,1121,0,0.0,85700.0,85700.0,-14300.0
3006,Alvin House,paroli,100.0,100000.0,50000.0,1139,0,0.0,92200.0,92200.0,-7800.0
3007,Sariah Massey,paroli,100.0,100000.0,50000.0,1121,0,0.0,94200.0,94200.0,-5800.0
3008,Donald Bowen,paroli,100.0,100000.0,50000.0,1163,0,0.0,99200.0,99200.0,-800.0
3009,Dream Hail,paroli,100.0,100000.0,50000.0,1162,0,0.0,98600.0,98600.0,-1400.0
3010,Hector Bartlett,paroli,100.0,100000.0,50000.0,1127,0,0.0,87200.0,87200.0,-12800.0
3011,Aubrielle Parrish,paroli,100.0,100000.0,50000.0,1121,0,0.0,91400.0,91400.0,-8600.0
3012,Karsyn Koch,paroli,100.0,100000.0,50000.0,1148,0,0.0,91000.0,91000.0,-9000.0
3013,Milana Corona,paroli,100.0,100000.0,50000.0,1188,2,0.0,102600.0,102600.0,2600.0
3014,Darian Santos,paroli,100.0,100000.0,50000.0,1179,0,0.0,99400.0,99400.0,-600.0
3015,Alana Roberson,paroli,100.0,100000.0,50000.0,1185,0,0.0,102100.0,102100.0,2100.0
3016,Shepherd Joseph,paroli,100.0,100000.0,50000.0,1123,0,0.0,87400.0,87400.0,-12600.0
3017,Gracelynn Zamora,paroli,100.0,100000.0,50000.0,1119,0,0.0,88600.0,88600.0,-11400.0
3018,Quentin Kim,paroli,100.0,100000.0,50000.0,1179,1,0.0,101000.0,101000.0,1000.0
3019,Gabriella Gross,paroli,100.0,100000.0,50000.0,1142,0,0.0,94800.0,94800.0,-5200.0
3020,Quinn Butler,paroli,100.0,100000.0,50000.0,1166,0,0.0,100400.0,100400.0,400.0
3021,Athena Patton,paroli,100.0,100000.0,50000.0,1132,0,0.0,92600.0,92600.0,-7400.0
3022,Moises Hardin,paroli,100.0,100000.0,50000.0,1152,1,0.0,97100.0,97100.0,-2900.0
3023,Vada Chambers,paroli,100.0,100000.0,50000.0,1159,0,0.0,96900.0,96900.0,-3100.0
3024,Orion Dennis,paroli,100.0,100000.0,50000.0,1215,0,0.0,107100.0,107100.0,7100.0
3025,Maisie Rodgers,paroli,100.0,100000.0,50000.0,1192,2,0.0,103900.0,103900.0,3900.0
3026,Mathias Jennings,paroli,100.0,100000.0,50000.0,1129,2,0.0,86900.0,86900.0,-13100.0
3027,Palmer Aguirre,paroli,100.0,100000.0,50000.0,1183,0,0.0,106900.0,106900.0,6900.0
3028,Andy Costa,paroli,100.0,100000.0,50000.0,1178,0,0.0,98600.0,98600.0,-1400.0
3029,Robin Marin,paroli,100.0,100000.0,50000.0,1114,1,0.0,86200.0,86200.0,-13800.0
3030,Aldo Norton,paroli,100.0,100000.0,50000.0,1211,2,0.0,108700.0,108700.0,8700.0
3031,Kylee Zhang,paroli,100.0,100000.0,50000.0,1202,1,0.0,100600.0,100600.0,600.0
3032,Isaias Santana,paroli,100.0,100000.0,50000.0,1146,1,0.0,94700.0,94700.0,-5300.0
3033,Myra Ortega,paroli,100.0,100000.0,50000.0,1104,0,0.0,86600.0,86600.0,-13400.0
3034,Kobe Preston,paroli,100.0,100000.0,50000.0,1141,0,0.0,93300.0,93300.0,-6700.0
3035,Indie Chen,paroli,100.0,100000.0,50000.0,1171,1,0.0,101800.0,101800.0,1800.0
3036,Emmanuel Schwartz,paroli,100.0,100000.0,50000.0,1137,0,0.0,93200.0,93200.0,-6800.0
3037,Lilliana Gardner,paroli,100.0,100000.0,50000.0,1131,1,0.0,91100.0,91100.0,-8900.0
3038,Alan Proctor,paroli,100.0,100000.0,50000.0,1163,0,0.0,94400.0,94400.0,-5600.0
3039,Chandler McDowell,paroli,100.0,100000.0,50000.0,1059,0,0.0,78300.0,78300.0,-21700.0
3040,Lachlan Frank,paroli,100.0,100000.0,50000.0,1153,1,0.0,95600.0,95600.0,-4400.0
3041,Dior Kaur,paroli,100.0,100000.0,50000.0,1188,0,0.0,101300.0,101300.0,1300.0
3042,Augustine Curtis,paroli,100.0,100000.0,50000.0,1110,0,0.0,87500.0,87500.0,-12500.0
3043,Alexis Beltran,paroli,100.0,100000.0,50000.0,1108,0,0.0,88400.0,88400.0,-11600.0
3044,Ricky Brennan,paroli,100.0,100000.0,50000.0,1107,2,0.0,84400.0,84400.0,-15600.0
3045,Elodie Rangel,paroli,100.0,100000.0,50000.0,1198,1,0.0,102300.0,102300.0,2300.0
3046,Saint Avery,paroli,100.0,100000.0,50000.0,1176,0,0.0,101400.0,101400.0,1400.0
3047,Meghan Hayes,paroli,100.0,100000.0,50000.0,1160,0,0.0,92900.0,92900.0,-7100.0
3048,Legend Bennett,paroli,100.0,100000.0,50000.0,1161,1,0.0,95300.0,95300.0,-4700.0
3049,Josephine Norton,paroli,100.0,100000.0,50000.0,1140,2,0.0,94400.0,94400.0,-5600.0
3050,Callen Gordon,paroli,100.0,100000.0,50000.0,1153,0,0.0,96900.0,96900.0,-3100.0
3051,Taylor Montoya,paroli,100.0,100000.0,50000.0,1101,1,0.0,88900.0,88900.0,-11100.0
3052,Ford Malone,paroli,100.0,100000.0,50000.0,1168,0,0.0,98600.0,98600.0,-1400.0
3053,Skyler Avery,paroli,100.0,100000.0,50000.0,1141,0,0.0,91600.0,91600.0,-8400.0
3054,Jakari Marsh,paroli,100.0,100000.0,50000.0,1166,1,0.0,100300.0,100300.0,300.0
3055,Adelina Hull,paroli,100.0,100000.0,50000.0,1194,3,0.0,102500.0,102500.0,2500.0
3056,Salem Klein,paroli,100.0,100000.0,50000.0,1159,0,0.0,95300.0,95300.0,-4700.0
3057,Elianna Strickland,paroli,100.0,100000.0,50000.0,1149,1,0.0,92800.0,92800.0,-7200.0
3058,Keegan Valentine,paroli,100.0,100000.0,50000.0,1118,0,0.0,91700.0,91700.0,-8300.0
3059,August Anthony,paroli,100.0,100000.0,50000.0,1170,0,0.0,99800.0,99800.0,-200.0
3060,Shiloh James,paroli,100.0,100000.0,50000.0,1186,0,0.0,101400.0,101400.0,1400.0
3061,Quinn Hurley,paroli,100.0,100000.0,50000.0,1123,0,0.0,83300.0,83300.0,-16700.0
3062,Van Crane,paroli,100.0,100000.0,50000.0,1138,1,0.0,90600.0,90600.0,-9400.0
3063,Della Branch,paroli,100.0,100000.0,50000.0,1183,0,0.0,105800.0,105800.0,5800.0
3064,Keenan Crosby,paroli,100.0,100000.0,50000.0,1161,1,0.0,95600.0,95600.0,-4400.0
3065,Keily Higgins,paroli,100.0,100000.0,50000.0,1129,0,0.0,91500.0,91500.0,-8500.0
3066,Sterling Travis,paroli,100.0,100000.0,50000.0,1147,1,0.0,91200.0,91200.0,-8800.0
3067,Mazikee Galindo,paroli,100.0,100000.0,50000.0,1131,0,0.0,87700.0,87700.0,-12300.0
3068,Salvatore Cruz,paroli,100.0,100000.0,50000.0,1168,1,0.0,99200.0,99200.0,-800.0
3069,Claire Knox,paroli,100.0,100000.0,50000.0,1127,2,0.0,88700.0,88700.0,-11300.0
3070,Valentin O’Neal,paroli,100.0,100000.0,50000.0,1113,0,0.0,88300.0,88300.0,-11700.0
3071,Treasure Steele,paroli,100.0,100000.0,50000.0,1178,1,0.0,101800.0,101800.0,1800.0
3072,Elian Landry,paroli,100.0,100000.0,50000.0,1147,1,0.0,95300.0,95300.0,-4700.0
3073,Brynleigh Lewis,paroli,100.0,100000.0,50000.0,1172,0,0.0,102000.0,102000.0,2000.0
3074,Wyatt Valentine,paroli,100.0,100000.0,50000.0,1125,0,0.0,89100.0,89100.0,-10900.0
3075,August Dixon,paroli,100.0,100000.0,50000.0,1132,5,0.0,89900.0,89900.0,-10100.0
3076,Camden Shah,paroli,100.0,100000.0,50000.0,1142,1,0.0,89100.0,89100.0,-10900.0
3077,Angelica McKay,paroli,100.0,100000.0,50000.0,1137,0,0.0,94700.0,94700.0,-5300.0
3078,Joey Parsons,paroli,100.0,100000.0,50000.0,1146,0,0.0,92400.0,92400.0,-7600.0
3079,Maia Lewis,paroli,100.0,100000.0,50000.0,1141,1,0.0,89400.0,89400.0,-10600.0
3080,Wyatt Coleman,paroli,100.0,100000.0,50000.0,1192,0,0.0,106500.0,106500.0,6500.0
3081,Julia Merritt,paroli,100.0,100000.0,50000.0,1122,0,0.0,86400.0,86400.0,-13600.0
3082,Colten Miller,paroli,100.0,100000.0,50000.0,1198,0,0.0,104800.0,104800.0,4800.0
3083,Isabella Young,paroli,100.0,100000.0,50000.0,1131,0,0.0,87300.0,87300.0,-12700.0
3084,Asher Morrison,paroli,100.0,100000.0,50000.0,1143,2,0.0,89900.0,89900.0,-10100.0
3085,Rebecca Greene,paroli,100.0,100000.0,50000.0,1186,5,0.0,101200.0,101200.0,1200.0
3086,Griffin Bridges,paroli,100.0,100000.0,50000.0,1153,0,0.0,92300.0,92300.0,-7700.0
3087,Elora Arias,paroli,100.0,100000.0,50000.0,1134,0,0.0,92900.0,92900.0,-7100.0
3088,Alec Barron,paroli,100.0,100000.0,50000.0,1152,0,0.0,95900.0,95900.0,-4100.0
3089,Anya Baldwin,paroli,100.0,100000.0,50000.0,1196,2,0.0,100500.0,100500.0,500.0
3090,Jaiden Norton,paroli,100.0,100000.0,50000.0,1169,1,0.0,93300.0,93300.0,-6700.0
3091,Kylee Lawson,paroli,100.0,100000.0,50000.0,1173,0,0.0,100100.0,100100.0,100.0
3092,Lane Perez,paroli,100.0,100000.0,50000.0,1134,1,0.0,88000.0,88000.0,-12000.0
3093,Eleanor Rice,paroli,100.0,100000.0,50000.0,1153,0,0.0,99100.0,99100.0,-900.0
3094,Graham Hayden,paroli,100.0,100000.0,50000.0,1146,2,0.0,100600.0,100600.0,600.0
3095,Avayah Zamora,paroli,100.0,100000.0,50000.0,1143,0,0.0,94900.0,94900.0,-5100.0
3096,Quentin Montgomery,paroli,100.0,100000.0,50000.0,1174,0,0.0,100600.0,100600.0,600.0
3097,Evangeline Pierce,paroli,100.0,100000.0,50000.0,1134,2,0.0,90100.0,90100.0,-9900.0
3098,Nicolas Coffey,paroli,100.0,100000.0,50000.0,1102,1,0.0,85100.0,85100.0,-14900.0
3099,Paola Hoover,paroli,100.0,100000.0,50000.0,1159,2,0.0,100800.0,100800.0,800.0
3100,Jaziel Massey,paroli,100.0,100000.0,50000.0,1153,2,0.0,96500.0,96500.0,-3500.0
3101,Clementine Bond,paroli,100.0,100000.0,50000.0,1123,0,0.0,93900.0,93900.0,-6100.0
3102,Roger Wyatt,paroli,100.0,100000.0,50000.0,1186,1,0.0,102000.0,102000.0,2000.0
3103,Liberty Yu,paroli,100.0,100000.0,50000.0,1158,0,0.0,93100.0,93100.0,-6900.0
3104,Bryant Guerra,paroli,100.0,100000.0,50000.0,1179,1,0.0,92400.0,92400.0,-7600.0
3105,Edith Buchanan,paroli,100.0,100000.0,50000.0,1130,0,0.0,95400.0,95400.0,-4600.0
3106,Enrique Castaneda,paroli,100.0,100000.0,50000.0,1128,1,0.0,88600.0,88600.0,-11400.0
3107,Keira Randall,paroli,100.0,100000.0,50000.0,1126,1,0.0,85900.0,85900.0,-14100.0
3108,Trenton Madden,paroli,100.0,100000.0,50000.0,1217,1,0.0,107100.0,107100.0,7100.0
3109,Violette Gilmore,paroli,100.0,100000.0,50000.0,1175,1,0.0,101300.0,101300.0,1300.0
3110,Vihaan Webb,paroli,100.0,100000.0,50000.0,1181,0,0.0,102300.0,102300.0,2300.0
3111,Ariella Barrera,paroli,100.0,100000.0,50000.0,1129,0,0.0,85500.0,85500.0,-14500.0
3112,Makai Mayo,paroli,100.0,100000.0,50000.0,1138,0,0.0,94400.0,94400.0,-5600.0
3113,Aarya Hodge,paroli,100.0,100000.0,50000.0,1213,0,0.0,108200.0,108200.0,8200.0
3114,Reign Holloway,paroli,100.0,100000.0,50000.0,1088,0,0.0,84200.0,84200.0,-15800.0
3115,Mae Costa,paroli,100.0,100000.0,50000.0,1129,0,0.0,92100.0,92100.0,-7900.0
3116,Kenji Dennis,paroli,100.0,100000.0,50000.0,1196,2,0.0,103500.0,103500.0,3500.0
3117,Maisie Liu,paroli,100.0,100000.0,50000.0,1155,4,0.0,94900.0,94900.0,-5100.0
3118,Pedro Decker,paroli,100.0,100000.0,50000.0,1147,1,0.0,100000.0,100000.0,0.0
3119,Aleena Waller,paroli,100.0,100000.0,50000.0,1176,1,0.0,96400.0,96400.0,-3600.0
3120,Marley Salinas,paroli,100.0,100000.0,50000.0,1147,0,0.0,93400.0,93400.0,-6600.0
3121,Royalty Shelton,paroli,100.0,100000.0,50000.0,1138,1,0.0,91300.0,91300.0,-8700.0
3122,Leonel Glover,paroli,100.0,100000.0,50000.0,1143,2,0.0,92400.0,92400.0,-7600.0
3123,Alessia Vaughn,paroli,100.0,100000.0,50000.0,1159,0,0.0,95800.0,95800.0,-4200.0
3124,Remy Webb,paroli,100.0,100000.0,50000.0,1207,4,0.0,107100.0,107100.0,7100.0
3125,Ariella Riley,paroli,100.0,100000.0,50000.0,1152,1,0.0,97400.0,97400.0,-2600.0
3126,Amari Cisneros,paroli,100.0,100000.0,50000.0,1142,0,0.0,94200.0,94200.0,-5800.0
3127,Janelle Camacho,paroli,100.0,100000.0,50000.0,1150,0,0.0,97600.0,97600.0,-2400.0
3128,Tatum McLaughlin,paroli,100.0,100000.0,50000.0,1157,3,0.0,92400.0,92400.0,-7600.0
3129,Stephanie Barnes,paroli,100.0,100000.0,50000.0,1136,1,0.0,91100.0,91100.0,-8900.0
3130,Damian Garcia,paroli,100.0,100000.0,50000.0,1188,0,0.0,99000.0,99000.0,-1000.0
3131,Amelia Miles,paroli,100.0,100000.0,50000.0,1180,1,0.0,96600.0,96600.0,-3400.0
3132,Jared Martinez,paroli,100.0,100000.0,50000.0,1180,0,0.0,97400.0,97400.0,-2600.0
3133,Harper Blake,paroli,100.0,100000.0,50000.0,1170,1,0.0,97900.0,97900.0,-2100.0
3134,Zyaire Garner,paroli,100.0,100000.0,50000.0,1144,0,0.0,92300.0,92300.0,-7700.0
3135,Jacqueline Sloan,paroli,100.0,100000.0,50000.0,1157,0,0.0,96400.0,96400.0,-3600.0
3136,Ocean Vazquez,paroli,100.0,100000.0,50000.0,1160,0,0.0,93800.0,93800.0,-6200.0
3137,Journee Kennedy,paroli,100.0,100000.0,50000.0,1199,1,0.0,105700.0,105700.0,5700.0
3138,Maxwell Zuniga,paroli,100.0,100000.0,50000.0,1144,2,0.0,94600.0,94600.0,-5400.0
3139,Leslie Medrano,paroli,100.0,100000.0,50000.0,1163,1,0.0,95200.0,95200.0,-4800.0
3140,Arian Mayo,paroli,100.0,100000.0,50000.0,1110,1,0.0,85000.0,85000.0,-15000.0
3141,Aarya Lim,paroli,100.0,100000.0,50000.0,1193,1,0.0,97000.0,97000.0,-3000.0
3142,Cal Miles,paroli,100.0,100000.0,50000.0,1157,0,0.0,95600.0,95600.0,-4400.0
3143,Alessandra Conrad,paroli,100.0,100000.0,50000.0,1136,0,0.0,91300.0,91300.0,-8700.0
3144,Dilan Decker,paroli,100.0,100000.0,50000.0,1103,2,0.0,87200.0,87200.0,-12800.0
3145,Aleena McCarty,paroli,100.0,100000.0,50000.0,1154,1,0.0,96300.0,96300.0,-3700.0
3146,Blaise Sims,paroli,100.0,100000.0,50000.0,1128,2,0.0,89800.0,89800.0,-10200.0
3147,Lena Contreras,paroli,100.0,100000.0,50000.0,1112,1,0.0,88500.0,88500.0,-11500.0
3148,Emilio Nixon,paroli,100.0,100000.0,50000.0,1114,1,0.0,91700.0,91700.0,-8300.0
3149,Deborah Ford,paroli,100.0,100000.0,50000.0,1130,1,0.0,87300.0,87300.0,-12700.0
3150,Luis Carrillo,paroli,100.0,100000.0,50000.0,1181,0,0.0,102000.0,102000.0,2000.0
3151,Kaylani Barron,paroli,100.0,100000.0,50000.0,1147,0,0.0,91400.0,91400.0,-8600.0
3152,Dustin Kim,paroli,100.0,100000.0,50000.0,1189,1,0.0,104900.0,104900.0,4900.0
3153,Gabriella Hurley,paroli,100.0,100000.0,50000.0,1115,2,0.0,84300.0,84300.0,-15700.0
3154,Van Rios,paroli,100.0,100000.0,50000.0,1166,0,0.0,94900.0,94900.0,-5100.0
3155,Brooke Hanna,paroli,100.0,100000.0,50000.0,1132,0,0.0,92700.0,92700.0,-7300.0
3156,Aydin Coffey,paroli,100.0,100000.0,50000.0,1153,1,0.0,95800.0,95800.0,-4200.0
3157,Paola McDowell,paroli,100.0,100000.0,50000.0,1172,0,0.0,100400.0,100400.0,400.0
3158,Lachlan Mann,paroli,100.0,100000.0,50000.0,1136,0,0.0,86000.0,86000.0,-14000.0
3159,Paislee Ramirez,paroli,100.0,100000.0,50000.0,1137,2,0.0,92900.0,92900.0,-7100.0
3160,David Andrews,paroli,100.0,100000.0,50000.0,1179,1,0.0,98000.0,98000.0,-2000.0
3161,Payton Hayden,paroli,100.0,100000.0,50000.0,1124,0,0.0,91400.0,91400.0,-8600.0
3162,Leroy Xiong,paroli,100.0,100000.0,50000.0,1097,0,0.0,84100.0,84100.0,-15900.0
3163,Amayah Davila,paroli,100.0,100000.0,50000.0,1193,1,0.0,101400.0,101400.0,1400.0
3164,Grey Whitaker,paroli,100.0,100000.0,50000.0,1133,1,0.0,90200.0,90200.0,-9800.0
3165,Ivanna Ferguson,paroli,100.0,100000.0,50000.0,1119,0,0.0,88700.0,88700.0,-11300.0
3166,Miguel Berger,paroli,100.0,100000.0,50000.0,1174,1,0.0,98400.0,98400.0,-1600.0
3167,Laylah Roy,paroli,100.0,100000.0,50000.0,1239,1,0.0,114200.0,114200.0,14200.0
3168,Marcelo Robertson,paroli,100.0,100000.0,50000.0,1168,0,0.0,99000.0,99000.0,-1000.0
3169,Harmony Ward,paroli,100.0,100000.0,50000.0,1162,0,0.0,96200.0,96200.0,-3800.0
3170,Jameson Weiss,paroli,100.0,100000.0,50000.0,1160,1,0.0,89600.0,89600.0,-10400.0
3171,Lennox Roberts,paroli,100.0,100000.0,50000.0,1180,1,0.0,101300.0,101300.0,1300.0
3172,Josiah Larson,paroli,100.0,100000.0,50000.0,1126,2,0.0,91700.0,91700.0,-8300.0
3173,Alayna Roman,paroli,100.0,100000.0,50000.0,1174,1,0.0,99900.0,99900.0,-100.0
3174,Kian Conley,paroli,100.0,100000.0,50000.0,1114,0,0.0,87600.0,87600.0,-12400.0
3175,Salem Meadows,paroli,100.0,100000.0,50000.0,1106,0,0.0,87300.0,87300.0,-12700.0
3176,Wayne Berg,paroli,100.0,100000.0,50000.0,1206,0,0.0,105500.0,105500.0,5500.0
3177,Emmalyn Russell,paroli,100.0,100000.0,50000.0,1184,1,0.0,102900.0,102900.0,2900.0
3178,Weston Williamson,paroli,100.0,100000.0,50000.0,1171,3,0.0,98200.0,98200.0,-1800.0
3179,Catherine Fitzgerald,paroli,100.0,100000.0,50000.0,1118,2,0.0,87800.0,87800.0,-12200.0
3180,Peyton Robles,paroli,100.0,100000.0,50000.0,1142,1,0.0,93200.0,93200.0,-6800.0
3181,Felicity Barnes,paroli,100.0,100000.0,50000.0,1138,0,0.0,96200.0,96200.0,-3800.0
3182,Damian Meadows,paroli,100.0,100000.0,50000.0,1154,1,0.0,95800.0,95800.0,-4200.0
3183,Pearl Gallagher,paroli,100.0,100000.0,50000.0,1148,1,0.0,99600.0,99600.0,-400.0
3184,Marcos Shepherd,paroli,100.0,100000.0,50000.0,1177,2,0.0,99100.0,99100.0,-900.0
3185,Katalina Burch,paroli,100.0,100000.0,50000.0,1111,0,0.0,89800.0,89800.0,-10200.0
3186,Gerald Cohen,paroli,100.0,100000.0,50000.0,1184,1,0.0,99400.0,99400.0,-600.0
3187,Destiny Santana,paroli,100.0,100000.0,50000.0,1118,0,0.0,85700.0,85700.0,-14300.0
3188,Mohamed Acevedo,paroli,100.0,100000.0,50000.0,1180,0,0.0,105300.0,105300.0,5300.0
3189,Ashlynn Hickman,paroli,100.0,100000.0,50000.0,1165,1,0.0,99100.0,99100.0,-900.0
3190,Jakobe Melton,paroli,100.0,100000.0,50000.0,1149,1,0.0,89300.0,89300.0,-10700.0
3191,Kamiyah Reid,paroli,100.0,100000.0,50000.0,1175,0,0.0,98200.0,98200.0,-1800.0
3192,Josue Rhodes,paroli,100.0,100000.0,50000.0,1151,2,0.0,95800.0,95800.0,-4200.0
3193,Tatum Collins,paroli,100.0,100000.0,50000.0,1147,1,0.0,96500.0,96500.0,-3500.0
3194,Miles Booker,paroli,100.0,100000.0,50000.0,1164,1,0.0,95600.0,95600.0,-4400.0
3195,Nataly Trujillo,paroli,100.0,100000.0,50000.0,1181,1,0.0,99500.0,99500.0,-500.0
3196,Apollo Church,paroli,100.0,100000.0,50000.0,1147,0,0.0,91800.0,91800.0,-8200.0
3197,Ayleen Blair,paroli,100.0,100000.0,50000.0,1133,3,0.0,93700.0,93700.0,-6300.0
3198,Troy Wilkinson,paroli,100.0,100000.0,50000.0,1181,0,0.0,101500.0,101500.0,1500.0
3199,Siena Lucas,paroli,100.0,100000.0,50000.0,1171,1,0.0,101000.0,101000.0,1000.0
3200,Chance Perkins,paroli,100.0,100000.0,50000.0,1075,2,0.0,79600.0,79600.0,-20400.0
3201,Sage Sampson,paroli,100.0,100000.0,50000.0,1150,1,0.0,96600.0,96600.0,-3400.0
3202,Cain Reyna,paroli,100.0,100000.0,50000.0,1104,0,0.0,87100.0,87100.0,-12900.0
3203,Luella Flynn,paroli,100.0,100000.0,50000.0,1131,0,0.0,90800.0,90800.0,-9200.0
3204,Kannon Winters,paroli,100.0,100000.0,50000.0,1188,0,0.0,102100.0,102100.0,2100.0
3205,Kataleya Hudson,paroli,100.0,100000.0,50000.0,1121,1,0.0,87300.0,87300.0,-12700.0
3206,Peter Stanley,paroli,100.0,100000.0,50000.0,1147,1,0.0,95400.0,95400.0,-4600.0
3207,Gracelyn Duncan,paroli,100.0,100000.0,50000.0,1157,1,0.0,95800.0,95800.0,-4200.0
3208,Avery Barrera,paroli,100.0,100000.0,50000.0,1096,2,0.0,82400.0,82400.0,-17600.0
3209,Beatrice Beasley,paroli,100.0,100000.0,50000.0,1174,2,0.0,99700.0,99700.0,-300.0
3210,Stanley Ramsey,paroli,100.0,100000.0,50000.0,1125,0,0.0,86700.0,86700.0,-13300.0
3211,Lyric Gutierrez,paroli,100.0,100000.0,50000.0,1202,0,0.0,102400.0,102400.0,2400.0
3212,Luca Stephenson,paroli,100.0,100000.0,50000.0,1104,2,0.0,86100.0,86100.0,-13900.0
3213,Khaleesi Coffey,paroli,100.0,100000.0,50000.0,1121,0,0.0,90200.0,90200.0,-9800.0
3214,Kody Lane,paroli,100.0,100000.0,50000.0,1145,1,0.0,90700.0,90700.0,-9300.0
3215,Amy Spencer,paroli,100.0,100000.0,50000.0,1138,0,0.0,91900.0,91900.0,-8100.0
3216,Ace Juarez,paroli,100.0,100000.0,50000.0,1149,2,0.0,94200.0,94200.0,-5800.0
3217,Juliet Vincent,paroli,100.0,100000.0,50000.0,1136,1,0.0,90400.0,90400.0,-9600.0
3218,Aarav Hardy,paroli,100.0,100000.0,50000.0,1148,0,0.0,96300.0,96300.0,-3700.0
3219,Jessica Bowman,paroli,100.0,100000.0,50000.0,1167,0,0.0,97000.0,97000.0,-3000.0
3220,Francisco Chandler,paroli,100.0,100000.0,50000.0,1124,0,0.0,87700.0,87700.0,-12300.0
3221,Viviana Ford,paroli,100.0,100000.0,50000.0,1204,0,0.0,102800.0,102800.0,2800.0
3222,Luis McMahon,paroli,100.0,100000.0,50000.0,1179,2,0.0,96000.0,96000.0,-4000.0
3223,Belen Becker,paroli,100.0,100000.0,50000.0,1107,0,0.0,84900.0,84900.0,-15100.0
3224,Lawson Stanley,paroli,100.0,100000.0,50000.0,1163,0,0.0,94900.0,94900.0,-5100.0
3225,Gracelyn Humphrey,paroli,100.0,100000.0,50000.0,1186,2,0.0,101600.0,101600.0,1600.0
3226,Krew Gray,paroli,100.0,100000.0,50000.0,1222,0,0.0,111300.0,111300.0,11300.0
3227,Sarah O’Neal,paroli,100.0,100000.0,50000.0,1147,1,0.0,93300.0,93300.0,-6700.0
3228,Eddie Carrillo,paroli,100.0,100000.0,50000.0,1151,1,0.0,96200.0,96200.0,-3800.0
3229,Kaylani Benson,paroli,100.0,100000.0,50000.0,1184,0,0.0,103800.0,103800.0,3800.0
3230,Desmond Woodward,paroli,100.0,100000.0,50000.0,1181,0,0.0,102000.0,102000.0,2000.0
3231,Drew Ventura,paroli,100.0,100000.0,50000.0,1085,1,0.0,85500.0,85500.0,-14500.0
3232,Branson Charles,paroli,100.0,100000.0,50000.0,1119,0,0.0,88800.0,88800.0,-11200.0
3233,Jenna Schneider,paroli,100.0,100000.0,50000.0,1078,0,0.0,81700.0,81700.0,-18300.0
3234,Raymond Roach,paroli,100.0,100000.0,50000.0,1104,2,0.0,85400.0,85400.0,-14600.0
3235,Lyanna Jones,paroli,100.0,100000.0,50000.0,1152,2,0.0,91100.0,91100.0,-8900.0
3236,William Berry,paroli,100.0,100000.0,50000.0,1169,2,0.0,95100.0,95100.0,-4900.0
3237,Annabelle David,paroli,100.0,100000.0,50000.0,1175,0,0.0,97300.0,97300.0,-2700.0
3238,Alonso Lozano,paroli,100.0,100000.0,50000.0,1139,1,0.0,92400.0,92400.0,-7600.0
3239,Cecelia Winters,paroli,100.0,100000.0,50000.0,1112,0,0.0,88900.0,88900.0,-11100.0
3240,Deandre Whitney,paroli,100.0,100000.0,50000.0,1188,0,0.0,103300.0,103300.0,3300.0
3241,Madalynn Knight,paroli,100.0,100000.0,50000.0,1150,2,0.0,97400.0,97400.0,-2600.0
3242,Beckett Barr,paroli,100.0,100000.0,50000.0,1161,1,0.0,99700.0,99700.0,-300.0
3243,Noemi Roth,paroli,100.0,100000.0,50000.0,1120,0,0.0,88900.0,88900.0,-11100.0
3244,Roy Chambers,paroli,100.0,100000.0,50000.0,1156,0,0.0,91500.0,91500.0,-8500.0
3245,Makayla Jennings,paroli,100.0,100000.0,50000.0,1120,0,0.0,92700.0,92700.0,-7300.0
3246,Corbin Atkins,paroli,100.0,100000.0,50000.0,1121,0,0.0,88300.0,88300.0,-11700.0
3247,Mina Dougherty,paroli,100.0,100000.0,50000.0,1147,2,0.0,94000.0,94000.0,-6000.0
3248,Brett Boone,paroli,100.0,100000.0,50000.0,1170,3,0.0,95200.0,95200.0,-4800.0
3249,Mariam Larson,paroli,100.0,100000.0,50000.0,1115,1,0.0,86900.0,86900.0,-13100.0
3250,Rafael Sawyer,paroli,100.0,100000.0,50000.0,1128,0,0.0,86800.0,86800.0,-13200.0
3251,Marina York,paroli,100.0,100000.0,50000.0,1133,2,0.0,87500.0,87500.0,-12500.0
3252,Leandro Salazar,paroli,100.0,100000.0,50000.0,1143,0,0.0,93400.0,93400.0,-6600.0
3253,Freya Castro,paroli,100.0,100000.0,50000.0,1188,2,0.0,100100.0,100100.0,100.0
3254,Jasper Romero,paroli,100.0,100000.0,50000.0,1109,3,0.0,88500.0,88500.0,-11500.0
3255,Eliza Clay,paroli,100.0,100000.0,50000.0,1134,1,0.0,92500.0,92500.0,-7500.0
3256,Yosef Becker,paroli,100.0,100000.0,50000.0,1178,0,0.0,104900.0,104900.0,4900.0
3257,Laura McConnell,paroli,100.0,100000.0,50000.0,1142,0,0.0,94600.0,94600.0,-5400.0
3258,London Blackwell,paroli,100.0,100000.0,50000.0,1151,1,0.0,95700.0,95700.0,-4300.0
3259,Saoirse Velez,paroli,100.0,100000.0,50000.0,1135,0,0.0,91500.0,91500.0,-8500.0
3260,Kareem Sharp,paroli,100.0,100000.0,50000.0,1180,4,0.0,97200.0,97200.0,-2800.0
3261,Camryn Kline,paroli,100.0,100000.0,50000.0,1079,0,0.0,79900.0,79900.0,-20100.0
3262,Ramon Duncan,paroli,100.0,100000.0,50000.0,1168,0,0.0,97200.0,97200.0,-2800.0
3263,Elise Sandoval,paroli,100.0,100000.0,50000.0,1127,0,0.0,91300.0,91300.0,-8700.0
3264,Brantley Parsons,paroli,100.0,100000.0,50000.0,1199,1,0.0,105000.0,105000.0,5000.0
3265,Maia Huff,paroli,100.0,100000.0,50000.0,1143,0,0.0,94400.0,94400.0,-5600.0
3266,Finnley Rich,paroli,100.0,100000.0,50000.0,1135,1,0.0,94700.0,94700.0,-5300.0
3267,Sunny McMahon,paroli,100.0,100000.0,50000.0,1147,1,0.0,97000.0,97000.0,-3000.0
3268,Jakob Ortega,paroli,100.0,100000.0,50000.0,1108,0,0.0,86600.0,86600.0,-13400.0
3269,Lilah Barajas,paroli,100.0,100000.0,50000.0,1113,0,0.0,87100.0,87100.0,-12900.0
3270,Brennan Horne,paroli,100.0,100000.0,50000.0,1191,0,0.0,98800.0,98800.0,-1200.0
3271,Marlowe Snyder,paroli,100.0,100000.0,50000.0,1103,2,0.0,86800.0,86800.0,-13200.0
3272,Thiago Le,paroli,100.0,100000.0,50000.0,1116,1,0.0,88000.0,88000.0,-12000.0
3273,Myla Michael,paroli,100.0,100000.0,50000.0,1107,1,0.0,85600.0,85600.0,-14400.0
3274,Bronson Alvarado,paroli,100.0,100000.0,50000.0,1107,0,0.0,82900.0,82900.0,-17100.0
3275,Blake Olsen,paroli,100.0,100000.0,50000.0,1160,2,0.0,95300.0,95300.0,-4700.0
3276,Skyler Vo,paroli,100.0,100000.0,50000.0,1163,0,0.0,100000.0,100000.0,0.0
3277,Artemis Barrera,paroli,100.0,100000.0,50000.0,1112,1,0.0,88900.0,88900.0,-11100.0
3278,Makai Williamson,paroli,100.0,100000.0,50000.0,1150,0,0.0,101200.0,101200.0,1200.0
3279,Catherine Summers,paroli,100.0,100000.0,50000.0,1166,0,0.0,95100.0,95100.0,-4900.0
3280,Darius Wilson,paroli,100.0,100000.0,50000.0,1174,4,0.0,98300.0,98300.0,-1700.0
3281,Luna Schwartz,paroli,100.0,100000.0,50000.0,1140,2,0.0,89700.0,89700.0,-10300.0
3282,Edwin Reese,paroli,100.0,100000.0,50000.0,1157,1,0.0,95700.0,95700.0,-4300.0
3283,Rosemary Hutchinson,paroli,100.0,100000.0,50000.0,1129,2,0.0,91000.0,91000.0,-9000.0
3284,Korbin Alfaro,paroli,100.0,100000.0,50000.0,1168,0,0.0,99600.0,99600.0,-400.0
3285,Yasmin Ibarra,paroli,100.0,100000.0,50000.0,1125,0,0.0,90200.0,90200.0,-9800.0
3286,Asa Gilmore,paroli,100.0,100000.0,50000.0,1165,0,0.0,95800.0,95800.0,-4200.0
3287,Chanel Gross,paroli,100.0,100000.0,50000.0,1115,0,0.0,92600.0,92600.0,-7400.0
3288,Quinn Phillips,paroli,100.0,100000.0,50000.0,1155,1,0.0,94900.0,94900.0,-5100.0
3289,Naomi Campos,paroli,100.0,100000.0,50000.0,1144,0,0.0,89000.0,89000.0,-11000.0
3290,Gideon Potter,paroli,100.0,100000.0,50000.0,1130,1,0.0,90400.0,90400.0,-9600.0
3291,Rory Smith,paroli,100.0,100000.0,50000.0,1125,0,0.0,90600.0,90600.0,-9400.0
3292,Liam Dodson,paroli,100.0,100000.0,50000.0,1151,0,0.0,96200.0,96200.0,-3800.0
3293,Etta Palmer,paroli,100.0,100000.0,50000.0,1161,1,0.0,93500.0,93500.0,-6500.0
3294,Theo Rose,paroli,100.0,100000.0,50000.0,1179,0,0.0,102600.0,102600.0,2600.0
3295,Magnolia Foley,paroli,100.0,100000.0,50000.0,1115,0,0.0,90000.0,90000.0,-10000.0
3296,Mohammad Bernard,paroli,100.0,100000.0,50000.0,1174,3,0.0,104500.0,104500.0,4500.0
3297,Barbara Colon,paroli,100.0,100000.0,50000.0,1161,1,0.0,97100.0,97100.0,-2900.0
3298,Bruce Townsend,paroli,100.0,100000.0,50000.0,1176,0,0.0,93200.0,93200.0,-6800.0
3299,Azalea Compton,paroli,100.0,100000.0,50000.0,1156,2,0.0,94300.0,94300.0,-5700.0
3300,Abner Durham,paroli,100.0,100000.0,50000.0,1131,2,0.0,92600.0,92600.0,-7400.0
3301,Tiffany Winters,paroli,100.0,100000.0,50000.0,1150,0,0.0,90300.0,90300.0,-9700.0
3302,Deandre Avalos,paroli,100.0,100000.0,50000.0,1154,1,0.0,96100.0,96100.0,-3900.0
3303,Paloma Chase,paroli,100.0,100000.0,50000.0,1160,1,0.0,93800.0,93800.0,-6200.0
3304,Otis Magana,paroli,100.0,100000.0,50000.0,1127,0,0.0,88300.0,88300.0,-11700.0
3305,Amaris Garner,paroli,100.0,100000.0,50000.0,1112,1,0.0,86600.0,86600.0,-13400.0
3306,Sage Fleming,paroli,100.0,100000.0,50000.0,1226,2,0.0,109600.0,109600.0,9600.0
3307,Fatima Lawrence,paroli,100.0,100000.0,50000.0,1125,0,0.0,88000.0,88000.0,-12000.0
3308,Kaleb Taylor,paroli,100.0,100000.0,50000.0,1140,0,0.0,94000.0,94000.0,-6000.0
3309,Sofia McKinney,paroli,100.0,100000.0,50000.0,1177,2,0.0,106300.0,106300.0,6300.0
3310,Romeo Pearson,paroli,100.0,100000.0,50000.0,1187,0,0.0,98000.0,98000.0,-2000.0
3311,Kiara Frazier,paroli,100.0,100000.0,50000.0,1146,1,0.0,97500.0,97500.0,-2500.0
3312,Callum Pitts,paroli,100.0,100000.0,50000.0,1158,1,0.0,94800.0,94800.0,-5200.0
3313,Nala Mann,paroli,100.0,100000.0,50000.0,1154,2,0.0,93400.0,93400.0,-6600.0
3314,Nehemiah Dejesus,paroli,100.0,100000.0,50000.0,1149,1,0.0,91900.0,91900.0,-8100.0
3315,Julissa Lang,paroli,100.0,100000.0,50000.0,1148,1,0.0,97400.0,97400.0,-2600.0
3316,Wells Hodges,paroli,100.0,100000.0,50000.0,1134,0,0.0,94800.0,94800.0,-5200.0
3317,Eve Chapman,paroli,100.0,100000.0,50000.0,1183,2,0.0,100300.0,100300.0,300.0
3318,Knox Potter,paroli,100.0,100000.0,50000.0,1133,0,0.0,89100.0,89100.0,-10900.0
3319,Rory Burch,paroli,100.0,100000.0,50000.0,1187,0,0.0,102100.0,102100.0,2100.0
3320,Gerald Branch,paroli,100.0,100000.0,50000.0,1093,0,0.0,78400.0,78400.0,-21600.0
3321,Luisa Bowers,paroli,100.0,100000.0,50000.0,1149,0,0.0,94100.0,94100.0,-5900.0
3322,Dorian Davidson,paroli,100.0,100000.0,50000.0,1119,0,0.0,84800.0,84800.0,-15200.0
3323,Jayla Mejia,paroli,100.0,100000.0,50000.0,1143,1,0.0,94400.0,94400.0,-5600.0
3324,Atticus Preston,paroli,100.0,100000.0,50000.0,1129,1,0.0,89400.0,89400.0,-10600.0
3325,Indie Wheeler,paroli,100.0,100000.0,50000.0,1178,0,0.0,103500.0,103500.0,3500.0
3326,Kenneth Stout,paroli,100.0,100000.0,50000.0,1196,1,0.0,105900.0,105900.0,5900.0
3327,Chana Rice,paroli,100.0,100000.0,50000.0,1135,1,0.0,87200.0,87200.0,-12800.0
3328,Graham Wang,paroli,100.0,100000.0,50000.0,1159,1,0.0,94300.0,94300.0,-5700.0
3329,Kailani Benton,paroli,100.0,100000.0,50000.0,1131,2,0.0,92200.0,92200.0,-7800.0
3330,Jamal Garza,paroli,100.0,100000.0,50000.0,1151,2,0.0,94300.0,94300.0,-5700.0
3331,River Miranda,paroli,100.0,100000.0,50000.0,1130,1,0.0,93000.0,93000.0,-7000.0
3332,Rory Alexander,paroli,100.0,100000.0,50000.0,1140,0,0.0,92400.0,92400.0,-7600.0
3333,Lyla Santiago,paroli,100.0,100000.0,50000.0,1169,2,0.0,95400.0,95400.0,-4600.0
3334,Beckham Wolf,paroli,100.0,100000.0,50000.0,1126,0,0.0,92700.0,92700.0,-7300.0
3335,Jolene Richmond,paroli,100.0,100000.0,50000.0,1161,2,0.0,95700.0,95700.0,-4300.0
3336,Mordechai Ballard,paroli,100.0,100000.0,50000.0,1119,1,0.0,91400.0,91400.0,-8600.0
3337,Alejandra Hancock,paroli,100.0,100000.0,50000.0,1149,1,0.0,95900.0,95900.0,-4100.0
3338,Rex Rhodes,paroli,100.0,100000.0,50000.0,1124,0,0.0,89400.0,89400.0,-10600.0
3339,Tatum Weiss,paroli,100.0,100000.0,50000.0,1165,1,0.0,98400.0,98400.0,-1600.0
3340,Koa David,paroli,100.0,100000.0,50000.0,1135,1,0.0,91700.0,91700.0,-8300.0
3341,Haylee Proctor,paroli,100.0,100000.0,50000.0,1154,1,0.0,96200.0,96200.0,-3800.0
3342,Vance Hoover,paroli,100.0,100000.0,50000.0,1129,1,0.0,92500.0,92500.0,-7500.0
3343,Virginia Farmer,paroli,100.0,100000.0,50000.0,1175,1,0.0,100100.0,100100.0,100.0
3344,Jamison Dunn,paroli,100.0,100000.0,50000.0,1144,1,0.0,95400.0,95400.0,-4600.0
3345,Olive Petersen,paroli,100.0,100000.0,50000.0,1145,1,0.0,94500.0,94500.0,-5500.0
3346,Samson McCullough,paroli,100.0,100000.0,50000.0,1126,0,0.0,92000.0,92000.0,-8000.0
3347,Hana Avery,paroli,100.0,100000.0,50000.0,1155,0,0.0,95100.0,95100.0,-4900.0
3348,Jakari Salgado,paroli,100.0,100000.0,50000.0,1096,0,0.0,88400.0,88400.0,-11600.0
3349,Avalynn Harrell,paroli,100.0,100000.0,50000.0,1151,1,0.0,94900.0,94900.0,-5100.0
3350,Nelson Travis,paroli,100.0,100000.0,50000.0,1161,0,0.0,99400.0,99400.0,-600.0
3351,Mazikee Quintana,paroli,100.0,100000.0,50000.0,1167,0,0.0,98600.0,98600.0,-1400.0
3352,Kelvin Kane,paroli,100.0,100000.0,50000.0,1118,1,0.0,87700.0,87700.0,-12300.0
3353,Ellianna Brady,paroli,100.0,100000.0,50000.0,1143,2,0.0,97100.0,97100.0,-2900.0
3354,Reed Owens,paroli,100.0,100000.0,50000.0,1118,1,0.0,92000.0,92000.0,-8000.0
3355,Amaya Cain,paroli,100.0,100000.0,50000.0,1127,1,0.0,92400.0,92400.0,-7600.0
3356,Benson Garrison,paroli,100.0,100000.0,50000.0,1147,1,0.0,89400.0,89400.0,-10600.0
3357,Cadence Park,paroli,100.0,100000.0,50000.0,1149,2,0.0,89500.0,89500.0,-10500.0
3358,Daxton Gaines,paroli,100.0,100000.0,50000.0,1146,1,0.0,92500.0,92500.0,-7500.0
3359,Aya Wheeler,paroli,100.0,100000.0,50000.0,1110,1,0.0,84700.0,84700.0,-15300.0
3360,Kenneth Curtis,paroli,100.0,100000.0,50000.0,1104,0,0.0,86200.0,86200.0,-13800.0
3361,Alexis Dudley,paroli,100.0,100000.0,50000.0,1128,0,0.0,84100.0,84100.0,-15900.0
3362,Colter Merritt,paroli,100.0,100000.0,50000.0,1118,0,0.0,86900.0,86900.0,-13100.0
3363,Kaisley Little,paroli,100.0,100000.0,50000.0,1180,0,0.0,98800.0,98800.0,-1200.0
3364,Lennox Valentine,paroli,100.0,100000.0,50000.0,1147,0,0.0,93900.0,93900.0,-6100.0
3365,August Chung,paroli,100.0,100000.0,50000.0,1163,3,0.0,102100.0,102100.0,2100.0
3366,Ira Whitaker,paroli,100.0,100000.0,50000.0,1117,0,0.0,88500.0,88500.0,-11500.0
3367,Ivanna Parra,paroli,100.0,100000.0,50000.0,1179,0,0.0,99600.0,99600.0,-400.0
3368,Davion Garza,paroli,100.0,100000.0,50000.0,1135,1,0.0,93600.0,93600.0,-6400.0
3369,River Maynard,paroli,100.0,100000.0,50000.0,1144,0,0.0,97100.0,97100.0,-2900.0
3370,Landry McMillan,paroli,100.0,100000.0,50000.0,1158,0,0.0,95300.0,95300.0,-4700.0
3371,Oakleigh Blackburn,paroli,100.0,100000.0,50000.0,1158,0,0.0,95300.0,95300.0,-4700.0
3372,Zahir Holmes,paroli,100.0,100000.0,50000.0,1157,1,0.0,97700.0,97700.0,-2300.0
3373,Bailey Kaur,paroli,100.0,100000.0,50000.0,1119,0,0.0,86300.0,86300.0,-13700.0
3374,Augustine Rasmussen,paroli,100.0,100000.0,50000.0,1124,1,0.0,91300.0,91300.0,-8700.0
3375,Esperanza Wallace,paroli,100.0,100000.0,50000.0,1137,0,0.0,89100.0,89100.0,-10900.0
3376,Chase Briggs,paroli,100.0,100000.0,50000.0,1184,1,0.0,99200.0,99200.0,-800.0
3377,Alia Grant,paroli,100.0,100000.0,50000.0,1183,0,0.0,102000.0,102000.0,2000.0
3378,Leon May,paroli,100.0,100000.0,50000.0,1197,2,0.0,103400.0,103400.0,3400.0
3379,Adriana Dawson,paroli,100.0,100000.0,50000.0,1142,0,0.0,95500.0,95500.0,-4500.0
3380,Iker Franco,paroli,100.0,100000.0,50000.0,1174,0,0.0,101500.0,101500.0,1500.0
3381,Charleigh Willis,paroli,100.0,100000.0,50000.0,1137,1,0.0,92500.0,92500.0,-7500.0
3382,Remington McKay,paroli,100.0,100000.0,50000.0,1139,0,0.0,91200.0,91200.0,-8800.0
3383,Leanna Neal,paroli,100.0,100000.0,50000.0,1127,0,0.0,91500.0,91500.0,-8500.0
3384,Kane Baldwin,paroli,100.0,100000.0,50000.0,1173,0,0.0,100900.0,100900.0,900.0
3385,Esmeralda Terrell,paroli,100.0,100000.0,50000.0,1231,2,0.0,106100.0,106100.0,6100.0
3386,Jaxen Decker,paroli,100.0,100000.0,50000.0,1135,2,0.0,93300.0,93300.0,-6700.0
3387,Aleena Cervantes,paroli,100.0,100000.0,50000.0,1133,0,0.0,95600.0,95600.0,-4400.0
3388,Kamari Sierra,paroli,100.0,100000.0,50000.0,1119,0,0.0,89000.0,89000.0,-11000.0
3389,Marceline Dunn,paroli,100.0,100000.0,50000.0,1148,0,0.0,94700.0,94700.0,-5300.0
3390,Dawson Castaneda,paroli,100.0,100000.0,50000.0,1171,1,0.0,95500.0,95500.0,-4500.0
3391,Keira Massey,paroli,100.0,100000.0,50000.0,1164,0,0.0,99300.0,99300.0,-700.0
3392,Donald Marin,paroli,100.0,100000.0,50000.0,1170,2,0.0,99300.0,99300.0,-700.0
3393,Celia Hodges,paroli,100.0,100000.0,50000.0,1163,1,0.0,93300.0,93300.0,-6700.0
3394,Alonzo Mosley,paroli,100.0,100000.0,50000.0,1135,0,0.0,91600.0,91600.0,-8400.0
3395,Zaniyah Howard,paroli,100.0,100000.0,50000.0,1125,1,0.0,85400.0,85400.0,-14600.0
3396,Jeremiah Pratt,paroli,100.0,100000.0,50000.0,1164,1,0.0,96800.0,96800.0,-3200.0
3397,Ailani Chung,paroli,100.0,100000.0,50000.0,1170,2,0.0,95800.0,95800.0,-4200.0
3398,Ira Reed,paroli,100.0,100000.0,50000.0,1104,1,0.0,84400.0,84400.0,-15600.0
3399,Valentina Benjamin,paroli,100.0,100000.0,50000.0,1138,0,0.0,90600.0,90600.0,-9400.0
3400,Kyro James,paroli,100.0,100000.0,50000.0,1190,0,0.0,100600.0,100600.0,600.0
3401,Quinn Waller,paroli,100.0,100000.0,50000.0,1190,2,0.0,105200.0,105200.0,5200.0
3402,Marley Hampton,paroli,100.0,100000.0,50000.0,1182,2,0.0,100400.0,100400.0,400.0
3403,Leona Mathews,paroli,100.0,100000.0,50000.0,1187,0,0.0,101300.0,101300.0,1300.0
3404,Jamir Malone,paroli,100.0,100000.0,50000.0,1121,0,0.0,93000.0,93000.0,-7000.0
3405,Skyler Hamilton,paroli,100.0,100000.0,50000.0,1153,1,0.0,91600.0,91600.0,-8400.0
3406,Jason Arnold,paroli,100.0,100000.0,50000.0,1169,0,0.0,97900.0,97900.0,-2100.0
3407,Finley Vasquez,paroli,100.0,100000.0,50000.0,1154,1,0.0,98400.0,98400.0,-1600.0
3408,Rowan Hudson,paroli,100.0,100000.0,50000.0,1175,0,0.0,99300.0,99300.0,-700.0
3409,Kamila Walsh,paroli,100.0,100000.0,50000.0,1134,0,0.0,89900.0,89900.0,-10100.0
3410,Bodhi Jensen,paroli,100.0,100000.0,50000.0,1183,3,0.0,104500.0,104500.0,4500.0
3411,Jane Tucker,paroli,100.0,100000.0,50000.0,1169,0,0.0,96500.0,96500.0,-3500.0
3412,Ivan Benitez,paroli,100.0,100000.0,50000.0,1152,0,0.0,93600.0,93600.0,-6400.0
3413,Aliza Hawkins,paroli,100.0,100000.0,50000.0,1108,2,0.0,87700.0,87700.0,-12300.0
3414,Victor Stevenson,paroli,100.0,100000.0,50000.0,1173,0,0.0,101300.0,101300.0,1300.0
3415,Regina Bryan,paroli,100.0,100000.0,50000.0,1135,0,0.0,88000.0,88000.0,-12000.0
3416,Jaxtyn Gibson,paroli,100.0,100000.0,50000.0,1120,0,0.0,88700.0,88700.0,-11300.0
3417,Eden Mays,paroli,100.0,100000.0,50000.0,1168,1,0.0,104200.0,104200.0,4200.0
3418,Jadiel Shah,paroli,100.0,100000.0,50000.0,1192,1,0.0,100300.0,100300.0,300.0
3419,Angelica Clayton,paroli,100.0,100000.0,50000.0,1143,1,0.0,93000.0,93000.0,-7000.0
3420,Boston Randolph,paroli,100.0,100000.0,50000.0,1161,0,0.0,97000.0,97000.0,-3000.0
3421,Kailey Conley,paroli,100.0,100000.0,50000.0,1135,0,0.0,91300.0,91300.0,-8700.0
3422,Marvin Beck,paroli,100.0,100000.0,50000.0,1133,3,0.0,92800.0,92800.0,-7200.0
3423,Gia Stark,paroli,100.0,100000.0,50000.0,1130,1,0.0,85900.0,85900.0,-14100.0
3424,Kristopher Travis,paroli,100.0,100000.0,50000.0,1138,0,0.0,90900.0,90900.0,-9100.0
3425,Mazikee Landry,paroli,100.0,100000.0,50000.0,1180,2,0.0,99500.0,99500.0,-500.0
3426,Jaxx Randolph,paroli,100.0,100000.0,50000.0,1203,1,0.0,106100.0,106100.0,6100.0
3427,Kailey English,paroli,100.0,100000.0,50000.0,1126,0,0.0,85300.0,85300.0,-14700.0
3428,Junior Stewart,paroli,100.0,100000.0,50000.0,1171,1,0.0,98600.0,98600.0,-1400.0
3429,Maya Richard,paroli,100.0,100000.0,50000.0,1154,1,0.0,93000.0,93000.0,-7000.0
3430,Ahmed Cole,paroli,100.0,100000.0,50000.0,1159,3,0.0,96100.0,96100.0,-3900.0
3431,Margaret Daugherty,paroli,100.0,100000.0,50000.0,1135,0,0.0,87800.0,87800.0,-12200.0
3432,Turner Meyer,paroli,100.0,100000.0,50000.0,1175,0,0.0,97300.0,97300.0,-2700.0
3433,Sara Roth,paroli,100.0,100000.0,50000.0,1144,0,0.0,93700.0,93700.0,-6300.0
3434,Roy Livingston,paroli,100.0,100000.0,50000.0,1167,0,0.0,99400.0,99400.0,-600.0
3435,Milena Ballard,paroli,100.0,100000.0,50000.0,1120,1,0.0,86800.0,86800.0,-13200.0
3436,Kenzo Myers,paroli,100.0,100000.0,50000.0,1157,0,0.0,93300.0,93300.0,-6700.0
3437,Lydia Greer,paroli,100.0,100000.0,50000.0,1113,0,0.0,86900.0,86900.0,-13100.0
3438,Koda Baxter,paroli,100.0,100000.0,50000.0,1146,2,0.0,91000.0,91000.0,-9000.0
3439,Lara May,paroli,100.0,100000.0,50000.0,1157,1,0.0,96300.0,96300.0,-3700.0
3440,Finley Thomas,paroli,100.0,100000.0,50000.0,1104,1,0.0,89600.0,89600.0,-10400.0
3441,Elizabeth Nunez,paroli,100.0,100000.0,50000.0,1159,0,0.0,95800.0,95800.0,-4200.0
3442,Caden Bailey,paroli,100.0,100000.0,50000.0,1158,0,0.0,96300.0,96300.0,-3700.0
3443,Kennedy Garza,paroli,100.0,100000.0,50000.0,1148,0,0.0,98100.0,98100.0,-1900.0
3444,Judah Lee,paroli,100.0,100000.0,50000.0,1166,2,0.0,97900.0,97900.0,-2100.0
3445,Scarlett Burton,paroli,100.0,100000.0,50000.0,1100,0,0.0,85300.0,85300.0,-14700.0
3446,Zander McClure,paroli,100.0,100000.0,50000.0,1206,1,0.0,109200.0,109200.0,9200.0
3447,Estella Freeman,paroli,100.0,100000.0,50000.0,1186,0,0.0,101900.0,101900.0,1900.0
3448,Jayce Meyer,paroli,100.0,100000.0,50000.0,1160,2,0.0,99000.0,99000.0,-1000.0
3449,Sara Cohen,paroli,100.0,100000.0,50000.0,1164,2,0.0,97000.0,97000.0,-3000.0
3450,Killian Velez,paroli,100.0,100000.0,50000.0,1098,0,0.0,78800.0,78800.0,-21200.0
3451,Megan Ellison,paroli,100.0,100000.0,50000.0,1090,0,0.0,85800.0,85800.0,-14200.0
3452,Kye Carr,paroli,100.0,100000.0,50000.0,1200,1,0.0,106800.0,106800.0,6800.0
3453,Rowan Oliver,paroli,100.0,100000.0,50000.0,1186,1,0.0,105500.0,105500.0,5500.0
3454,Karson Ho,paroli,100.0,100000.0,50000.0,1197,3,0.0,105800.0,105800.0,5800.0
3455,Calliope McDonald,paroli,100.0,100000.0,50000.0,1138,0,0.0,90000.0,90000.0,-10000.0
3456,Calvin Harmon,paroli,100.0,100000.0,50000.0,1127,0,0.0,87500.0,87500.0,-12500.0
3457,Maren Patterson,paroli,100.0,100000.0,50000.0,1203,3,0.0,110800.0,110800.0,10800.0
3458,Amir Hayes,paroli,100.0,100000.0,50000.0,1157,1,0.0,98100.0,98100.0,-1900.0
3459,Iris Gonzalez,paroli,100.0,100000.0,50000.0,1170,0,0.0,100300.0,100300.0,300.0
3460,Ethan Gillespie,paroli,100.0,100000.0,50000.0,1144,0,0.0,92000.0,92000.0,-8000.0
3461,Alianna Morrow,paroli,100.0,100000.0,50000.0,1184,1,0.0,100000.0,100000.0,0.0
3462,Kyree Rosales,paroli,100.0,100000.0,50000.0,1167,2,0.0,97000.0,97000.0,-3000.0
3463,Kinley Strickland,paroli,100.0,100000.0,50000.0,1140,1,0.0,93600.0,93600.0,-6400.0
3464,Keegan Keith,paroli,100.0,100000.0,50000.0,1139,1,0.0,92400.0,92400.0,-7600.0
3465,Elyse Duarte,paroli,100.0,100000.0,50000.0,1106,4,0.0,86200.0,86200.0,-13800.0
3466,Abdullah Briggs,paroli,100.0,100000.0,50000.0,1196,0,0.0,105000.0,105000.0,5000.0
3467,Alia McPherson,paroli,100.0,100000.0,50000.0,1140,0,0.0,96000.0,96000.0,-4000.0
3468,Foster Terrell,paroli,100.0,100000.0,50000.0,1141,0,0.0,92800.0,92800.0,-7200.0
3469,Paityn Pratt,paroli,100.0,100000.0,50000.0,1165,0,0.0,97300.0,97300.0,-2700.0
3470,Rowen Palmer,paroli,100.0,100000.0,50000.0,1162,1,0.0,97100.0,97100.0,-2900.0
3471,Juniper Reynolds,paroli,100.0,100000.0,50000.0,1160,2,0.0,91400.0,91400.0,-8600.0
3472,Vincent Wyatt,paroli,100.0,100000.0,50000.0,1129,3,0.0,91400.0,91400.0,-8600.0
3473,Liberty McCullough,paroli,100.0,100000.0,50000.0,1059,1,0.0,74900.0,74900.0,-25100.0
3474,Briar Glenn,paroli,100.0,100000.0,50000.0,1150,1,0.0,93200.0,93200.0,-6800.0
3475,Blaire Odom,paroli,100.0,100000.0,50000.0,1113,2,0.0,85000.0,85000.0,-15000.0
3476,Kylian Krueger,paroli,100.0,100000.0,50000.0,1146,0,0.0,96200.0,96200.0,-3800.0
3477,Kamari Ali,paroli,100.0,100000.0,50000.0,1140,0,0.0,91700.0,91700.0,-8300.0
3478,Arjun Singleton,paroli,100.0,100000.0,50000.0,1174,1,0.0,100000.0,100000.0,0.0
3479,Malaysia Austin,paroli,100.0,100000.0,50000.0,1196,1,0.0,103800.0,103800.0,3800.0
3480,Omar Huff,paroli,100.0,100000.0,50000.0,1183,2,0.0,101300.0,101300.0,1300.0
3481,Karsyn McConnell,paroli,100.0,100000.0,50000.0,1163,2,0.0,95900.0,95900.0,-4100.0
3482,London Valenzuela,paroli,100.0,100000.0,50000.0,1154,0,0.0,93700.0,93700.0,-6300.0
3483,Henley McCormick,paroli,100.0,100000.0,50000.0,1150,0,0.0,96100.0,96100.0,-3900.0
3484,Jasiah Keith,paroli,100.0,100000.0,50000.0,1173,2,0.0,96800.0,96800.0,-3200.0
3485,Elyse Potter,paroli,100.0,100000.0,50000.0,1141,2,0.0,91200.0,91200.0,-8800.0
3486,Lucca Snyder,paroli,100.0,100000.0,50000.0,1180,0,0.0,98500.0,98500.0,-1500.0
3487,Callie Perkins,paroli,100.0,100000.0,50000.0,1102,0,0.0,85200.0,85200.0,-14800.0
3488,Kyrie Jones,paroli,100.0,100000.0,50000.0,1168,0,0.0,95400.0,95400.0,-4600.0
3489,Sophia Sanchez,paroli,100.0,100000.0,50000.0,1154,0,0.0,97300.0,97300.0,-2700.0
3490,Joseph Weaver,paroli,100.0,100000.0,50000.0,1120,0,0.0,88600.0,88600.0,-11400.0
3491,Teagan Collier,paroli,100.0,100000.0,50000.0,1137,1,0.0,92300.0,92300.0,-7700.0
3492,Edison Stephens,paroli,100.0,100000.0,50000.0,1156,1,0.0,92500.0,92500.0,-7500.0
3493,Millie Quinn,paroli,100.0,100000.0,50000.0,1124,1,0.0,89100.0,89100.0,-10900.0
3494,Rhys Underwood,paroli,100.0,100000.0,50000.0,1080,3,0.0,73900.0,73900.0,-26100.0
3495,Ensley Saunders,paroli,100.0,100000.0,50000.0,1130,0,0.0,93400.0,93400.0,-6600.0
3496,Kasen Reese,paroli,100.0,100000.0,50000.0,1179,1,0.0,98600.0,98600.0,-1400.0
3497,Rosemary Wolfe,paroli,100.0,100000.0,50000.0,1114,1,0.0,90400.0,90400.0,-9600.0
3498,Donovan Alvarez,paroli,100.0,100000.0,50000.0,1163,0,0.0,91900.0,91900.0,-8100.0
3499,Leilani McCullough,paroli,100.0,100000.0,50000.0,1122,2,0.0,88500.0,88500.0,-11500.0
3500,Briar Whitney,paroli,100.0,100000.0,50000.0,1148,1,0.0,97500.0,97500.0,-2500.0
3501,Madalynn Graham,paroli,100.0,100000.0,50000.0,1151,0,0.0,90800.0,90800.0,-9200.0
3502,Giovanni Adkins,paroli,100.0,100000.0,50000.0,1126,0,0.0,89200.0,89200.0,-10800.0
3503,Emelia Schaefer,paroli,100.0,100000.0,50000.0,1126,1,0.0,89600.0,89600.0,-10400.0
3504,Ishaan Spears,paroli,100.0,100000.0,50000.0,1190,0,0.0,104400.0,104400.0,4400.0
3505,Isabela Bauer,paroli,100.0,100000.0,50000.0,1160,2,0.0,100000.0,100000.0,0.0
3506,Kieran Orozco,paroli,100.0,100000.0,50000.0,1160,0,0.0,97200.0,97200.0,-2800.0
3507,Renata Wilcox,paroli,100.0,100000.0,50000.0,1155,1,0.0,94700.0,94700.0,-5300.0
3508,Jerry Harper,paroli,100.0,100000.0,50000.0,1143,0,0.0,94200.0,94200.0,-5800.0
3509,Ana Lawson,paroli,100.0,100000.0,50000.0,1161,0,0.0,97700.0,97700.0,-2300.0
3510,Lane Acevedo,paroli,100.0,100000.0,50000.0,1145,3,0.0,96200.0,96200.0,-3800.0
3511,Ashlynn Parker,paroli,100.0,100000.0,50000.0,1108,0,0.0,86100.0,86100.0,-13900.0
3512,Caleb Pierce,paroli,100.0,100000.0,50000.0,1089,0,0.0,83400.0,83400.0,-16600.0
3513,Arabella Shepard,paroli,100.0,100000.0,50000.0,1095,1,0.0,87000.0,87000.0,-13000.0
3514,Damari Elliott,paroli,100.0,100000.0,50000.0,1161,1,0.0,95600.0,95600.0,-4400.0
3515,Noelle Hurst,paroli,100.0,100000.0,50000.0,1197,0,0.0,106300.0,106300.0,6300.0
3516,Neil Rubio,paroli,100.0,100000.0,50000.0,1135,0,0.0,90300.0,90300.0,-9700.0
3517,Hadassah Miles,paroli,100.0,100000.0,50000.0,1146,1,0.0,93600.0,93600.0,-6400.0
3518,Jared Gaines,paroli,100.0,100000.0,50000.0,1141,0,0.0,95600.0,95600.0,-4400.0
3519,Aya Mitchell,paroli,100.0,100000.0,50000.0,1095,0,0.0,83500.0,83500.0,-16500.0
3520,Jaxon Keith,paroli,100.0,100000.0,50000.0,1172,0,0.0,99400.0,99400.0,-600.0
3521,Elyse Vo,paroli,100.0,100000.0,50000.0,1120,3,0.0,91200.0,91200.0,-8800.0
3522,Gordon Keith,paroli,100.0,100000.0,50000.0,1148,5,0.0,94300.0,94300.0,-5700.0
3523,Elyse Fisher,paroli,100.0,100000.0,50000.0,1151,0,0.0,96000.0,96000.0,-4000.0
3524,Gael Johns,paroli,100.0,100000.0,50000.0,1171,1,0.0,95200.0,95200.0,-4800.0
3525,Giovanna Michael,paroli,100.0,100000.0,50000.0,1131,2,0.0,89200.0,89200.0,-10800.0
3526,Bronson Young,paroli,100.0,100000.0,50000.0,1136,1,0.0,95000.0,95000.0,-5000.0
3527,Zoey Wade,paroli,100.0,100000.0,50000.0,1126,2,0.0,94900.0,94900.0,-5100.0
3528,Jake Villanueva,paroli,100.0,100000.0,50000.0,1139,0,0.0,94200.0,94200.0,-5800.0
3529,Monroe Montoya,paroli,100.0,100000.0,50000.0,1158,0,0.0,97700.0,97700.0,-2300.0
3530,Ford Harrison,paroli,100.0,100000.0,50000.0,1139,0,0.0,94700.0,94700.0,-5300.0
3531,Jasmine Beck,paroli,100.0,100000.0,50000.0,1115,3,0.0,91500.0,91500.0,-8500.0
3532,Eduardo Arroyo,paroli,100.0,100000.0,50000.0,1103,1,0.0,83100.0,83100.0,-16900.0
3533,Kyra Keller,paroli,100.0,100000.0,50000.0,1198,2,0.0,100800.0,100800.0,800.0
3534,Nico Sanford,paroli,100.0,100000.0,50000.0,1130,2,0.0,89900.0,89900.0,-10100.0
3535,Emerald Davenport,paroli,100.0,100000.0,50000.0,1139,4,0.0,92300.0,92300.0,-7700.0
3536,Dariel Phan,paroli,100.0,100000.0,50000.0,1132,3,0.0,93100.0,93100.0,-6900.0
3537,Elsa Miles,paroli,100.0,100000.0,50000.0,1117,0,0.0,89700.0,89700.0,-10300.0
3538,Jared Zhang,paroli,100.0,100000.0,50000.0,1167,0,0.0,96300.0,96300.0,-3700.0
3539,Sarai Baldwin,paroli,100.0,100000.0,50000.0,1128,1,0.0,94200.0,94200.0,-5800.0
3540,Jaiden Little,paroli,100.0,100000.0,50000.0,1203,0,0.0,101800.0,101800.0,1800.0
3541,Harley Parrish,paroli,100.0,100000.0,50000.0,1126,1,0.0,88800.0,88800.0,-11200.0
3542,Karsyn Cobb,paroli,100.0,100000.0,50000.0,1161,0,0.0,96800.0,96800.0,-3200.0
3543,Aviana York,paroli,100.0,100000.0,50000.0,1197,1,0.0,103500.0,103500.0,3500.0
3544,Leandro Hughes,paroli,100.0,100000.0,50000.0,1181,0,0.0,102100.0,102100.0,2100.0
3545,Samantha Best,paroli,100.0,100000.0,50000.0,1075,0,0.0,80000.0,80000.0,-20000.0
3546,Harlem McCall,paroli,100.0,100000.0,50000.0,1155,2,0.0,96600.0,96600.0,-3400.0
3547,Kai Beltran,paroli,100.0,100000.0,50000.0,1082,0,0.0,80700.0,80700.0,-19300.0
3548,Ricky Stein,paroli,100.0,100000.0,50000.0,1153,0,0.0,91500.0,91500.0,-8500.0
3549,Leilany Schneider,paroli,100.0,100000.0,50000.0,1181,1,0.0,97700.0,97700.0,-2300.0
3550,Raymond Bennett,paroli,100.0,100000.0,50000.0,1119,0,0.0,91500.0,91500.0,-8500.0
3551,Josephine Mann,paroli,100.0,100000.0,50000.0,1123,1,0.0,89100.0,89100.0,-10900.0
3552,Nehemiah Hale,paroli,100.0,100000.0,50000.0,1155,1,0.0,99600.0,99600.0,-400.0
3553,Brinley Stevenson,paroli,100.0,100000.0,50000.0,1180,0,0.0,102300.0,102300.0,2300.0
3554,Callan Hamilton,paroli,100.0,100000.0,50000.0,1140,2,0.0,97500.0,97500.0,-2500.0
3555,Mackenzie Vang,paroli,100.0,100000.0,50000.0,1103,0,0.0,86500.0,86500.0,-13500.0
3556,Jimmy Day,paroli,100.0,100000.0,50000.0,1135,1,0.0,90300.0,90300.0,-9700.0
3557,Hayden Johnston,paroli,100.0,100000.0,50000.0,1174,0,0.0,100400.0,100400.0,400.0
3558,Felix Enriquez,paroli,100.0,100000.0,50000.0,1145,0,0.0,94000.0,94000.0,-6000.0
3559,Nellie Powers,paroli,100.0,100000.0,50000.0,1151,2,0.0,92900.0,92900.0,-7100.0
3560,Sean Morrison,paroli,100.0,100000.0,50000.0,1170,0,0.0,99000.0,99000.0,-1000.0
3561,Rebecca Beck,paroli,100.0,100000.0,50000.0,1164,0,0.0,98700.0,98700.0,-1300.0
3562,Eduardo Parra,paroli,100.0,100000.0,50000.0,1128,1,0.0,90200.0,90200.0,-9800.0
3563,Dalary Pope,paroli,100.0,100000.0,50000.0,1130,0,0.0,89700.0,89700.0,-10300.0
3564,Gunnar White,paroli,100.0,100000.0,50000.0,1132,1,0.0,91400.0,91400.0,-8600.0
3565,Layla Wolf,paroli,100.0,100000.0,50000.0,1171,0,0.0,97700.0,97700.0,-2300.0
3566,Jase Blankenship,paroli,100.0,100000.0,50000.0,1111,2,0.0,88600.0,88600.0,-11400.0
3567,Rosalee Dunlap,paroli,100.0,100000.0,50000.0,1165,0,0.0,98500.0,98500.0,-1500.0
3568,Aries Finley,paroli,100.0,100000.0,50000.0,1169,0,0.0,96600.0,96600.0,-3400.0
3569,Jovie Webb,paroli,100.0,100000.0,50000.0,1154,0,0.0,97400.0,97400.0,-2600.0
3570,Lorenzo Duke,paroli,100.0,100000.0,50000.0,1169,2,0.0,102500.0,102500.0,2500.0
3571,Melani Roy,paroli,100.0,100000.0,50000.0,1094,1,0.0,86500.0,86500.0,-13500.0
3572,Marcelo Snow,paroli,100.0,100000.0,50000.0,1084,1,0.0,83800.0,83800.0,-16200.0
3573,Alexia Cunningham,paroli,100.0,100000.0,50000.0,1135,0,0.0,94000.0,94000.0,-6000.0
3574,Alejandro Cole,paroli,100.0,100000.0,50000.0,1102,0,0.0,86500.0,86500.0,-13500.0
3575,Margaret Hahn,paroli,100.0,100000.0,50000.0,1135,0,0.0,88200.0,88200.0,-11800.0
3576,Kabir Hunter,paroli,100.0,100000.0,50000.0,1195,1,0.0,97800.0,97800.0,-2200.0
3577,Khloe Cano,paroli,100.0,100000.0,50000.0,1141,2,0.0,98000.0,98000.0,-2000.0
3578,Terry Galindo,paroli,100.0,100000.0,50000.0,1093,1,0.0,77300.0,77300.0,-22700.0
3579,Corinne Sweeney,paroli,100.0,100000.0,50000.0,1164,3,0.0,95100.0,95100.0,-4900.0
3580,Nixon Sheppard,paroli,100.0,100000.0,50000.0,1115,0,0.0,87300.0,87300.0,-12700.0
3581,Veda Robertson,paroli,100.0,100000.0,50000.0,1175,1,0.0,93700.0,93700.0,-6300.0
3582,Emiliano Haley,paroli,100.0,100000.0,50000.0,1141,1,0.0,92300.0,92300.0,-7700.0
3583,Addilynn Conrad,paroli,100.0,100000.0,50000.0,1118,0,0.0,85000.0,85000.0,-15000.0
3584,Dilan Koch,paroli,100.0,100000.0,50000.0,1157,1,0.0,94500.0,94500.0,-5500.0
3585,Milana Sanford,paroli,100.0,100000.0,50000.0,1188,0,0.0,104900.0,104900.0,4900.0
3586,Truett Trujillo,paroli,100.0,100000.0,50000.0,1148,0,0.0,92100.0,92100.0,-7900.0
3587,Danielle Huffman,paroli,100.0,100000.0,50000.0,1123,0,0.0,87500.0,87500.0,-12500.0
3588,Chris Drake,paroli,100.0,100000.0,50000.0,1166,0,0.0,95200.0,95200.0,-4800.0
3589,Jayleen Clarke,paroli,100.0,100000.0,50000.0,1150,0,0.0,96500.0,96500.0,-3500.0
3590,Stetson Russell,paroli,100.0,100000.0,50000.0,1140,1,0.0,90100.0,90100.0,-9900.0
3591,Raelynn Hughes,paroli,100.0,100000.0,50000.0,1192,2,0.0,100900.0,100900.0,900.0
3592,Everett Jacobson,paroli,100.0,100000.0,50000.0,1166,1,0.0,101900.0,101900.0,1900.0
3593,Royal Solomon,paroli,100.0,100000.0,50000.0,1160,0,0.0,96100.0,96100.0,-3900.0
3594,Musa Morrow,paroli,100.0,100000.0,50000.0,1232,0,0.0,113800.0,113800.0,13800.0
3595,Reyna Lynch,paroli,100.0,100000.0,50000.0,1174,0,0.0,101400.0,101400.0,1400.0
3596,Zane Li,paroli,100.0,100000.0,50000.0,1184,0,0.0,100400.0,100400.0,400.0
3597,Paige Ramirez,paroli,100.0,100000.0,50000.0,1118,0,0.0,89800.0,89800.0,-10200.0
3598,David Reyna,paroli,100.0,100000.0,50000.0,1152,1,0.0,94600.0,94600.0,-5400.0
3599,Luella Gregory,paroli,100.0,100000.0,50000.0,1188,1,0.0,100100.0,100100.0,100.0
3600,Travis Cline,paroli,100.0,100000.0,50000.0,1113,0,0.0,87300.0,87300.0,-12700.0
3601,Lina Sosa,paroli,100.0,100000.0,50000.0,1133,6,0.0,92100.0,92100.0,-7900.0
3602,Emir Contreras,paroli,100.0,100000.0,50000.0,1167,1,0.0,99000.0,99000.0,-1000.0
3603,Daniela Malone,paroli,100.0,100000.0,50000.0,1084,1,0.0,77700.0,77700.0,-22300.0
3604,Ruben Arias,paroli,100.0,100000.0,50000.0,1152,0,0.0,97500.0,97500.0,-2500.0
3605,Aleah Valenzuela,paroli,100.0,100000.0,50000.0,1098,1,0.0,85300.0,85300.0,-14700.0
3606,Jamari Gutierrez,paroli,100.0,100000.0,50000.0,1139,0,0.0,91300.0,91300.0,-8700.0
3607,Savannah Hayden,paroli,100.0,100000.0,50000.0,1156,1,0.0,91900.0,91900.0,-8100.0
3608,Leroy Bush,paroli,100.0,100000.0,50000.0,1145,1,0.0,90000.0,90000.0,-10000.0
3609,Everlee Case,paroli,100.0,100000.0,50000.0,1125,0,0.0,91800.0,91800.0,-8200.0
3610,Bentlee Richardson,paroli,100.0,100000.0,50000.0,1183,2,0.0,102600.0,102600.0,2600.0
3611,Allison Marin,paroli,100.0,100000.0,50000.0,1164,2,0.0,98600.0,98600.0,-1400.0
3612,Aldo Lara,paroli,100.0,100000.0,50000.0,1195,3,0.0,105000.0,105000.0,5000.0
3613,Heidi Black,paroli,100.0,100000.0,50000.0,1154,1,0.0,96300.0,96300.0,-3700.0
3614,Matteo Taylor,paroli,100.0,100000.0,50000.0,1104,0,0.0,90000.0,90000.0,-10000.0
3615,Sofia Stevenson,paroli,100.0,100000.0,50000.0,1096,0,0.0,86800.0,86800.0,-13200.0
3616,Callan Burns,paroli,100.0,100000.0,50000.0,1086,0,0.0,83800.0,83800.0,-16200.0
3617,Emerson Castillo,paroli,100.0,100000.0,50000.0,1164,1,0.0,95500.0,95500.0,-4500.0
3618,Kai Archer,paroli,100.0,100000.0,50000.0,1109,0,0.0,87100.0,87100.0,-12900.0
3619,Kadence Gray,paroli,100.0,100000.0,50000.0,1201,0,0.0,104200.0,104200.0,4200.0
3620,Nicholas Stewart,paroli,100.0,100000.0,50000.0,1157,0,0.0,97500.0,97500.0,-2500.0
3621,Maya Giles,paroli,100.0,100000.0,50000.0,1138,1,0.0,85000.0,85000.0,-15000.0
3622,Kole Newton,paroli,100.0,100000.0,50000.0,1125,0,0.0,90000.0,90000.0,-10000.0
3623,Braelynn McMillan,paroli,100.0,100000.0,50000.0,1144,0,0.0,97100.0,97100.0,-2900.0
3624,Rocky Ward,paroli,100.0,100000.0,50000.0,1138,0,0.0,91800.0,91800.0,-8200.0
3625,Ariana Kirk,paroli,100.0,100000.0,50000.0,1201,0,0.0,103500.0,103500.0,3500.0
3626,Alessandro Hodge,paroli,100.0,100000.0,50000.0,1155,2,0.0,99200.0,99200.0,-800.0
3627,Coraline Nolan,paroli,100.0,100000.0,50000.0,1179,0,0.0,99700.0,99700.0,-300.0
3628,Maximo Mays,paroli,100.0,100000.0,50000.0,1196,1,0.0,106600.0,106600.0,6600.0
3629,Denisse Parker,paroli,100.0,100000.0,50000.0,1107,0,0.0,86000.0,86000.0,-14000.0
3630,Caleb Yoder,paroli,100.0,100000.0,50000.0,1133,0,0.0,92900.0,92900.0,-7100.0
3631,Emerie Ventura,paroli,100.0,100000.0,50000.0,1127,0,0.0,89900.0,89900.0,-10100.0
3632,Branson Lowery,paroli,100.0,100000.0,50000.0,1152,2,0.0,100600.0,100600.0,600.0
3633,Estelle Waller,paroli,100.0,100000.0,50000.0,1179,0,0.0,103000.0,103000.0,3000.0
3634,Marley Henderson,paroli,100.0,100000.0,50000.0,1180,0,0.0,99900.0,99900.0,-100.0
3635,Maria Henry,paroli,100.0,100000.0,50000.0,1177,2,0.0,97300.0,97300.0,-2700.0
3636,Carlos David,paroli,100.0,100000.0,50000.0,1150,0,0.0,93000.0,93000.0,-7000.0
3637,Haylee Bowman,paroli,100.0,100000.0,50000.0,1170,3,0.0,97900.0,97900.0,-2100.0
3638,Francisco Chang,paroli,100.0,100000.0,50000.0,1151,0,0.0,92000.0,92000.0,-8000.0
3639,Ophelia Christian,paroli,100.0,100000.0,50000.0,1161,0,0.0,103200.0,103200.0,3200.0
3640,Ledger Flores,paroli,100.0,100000.0,50000.0,1149,1,0.0,95800.0,95800.0,-4200.0
3641,Emilia Hammond,paroli,100.0,100000.0,50000.0,1143,0,0.0,91200.0,91200.0,-8800.0
3642,Francis Steele,paroli,100.0,100000.0,50000.0,1177,0,0.0,102800.0,102800.0,2800.0
3643,Rylie Sparks,paroli,100.0,100000.0,50000.0,1209,0,0.0,101400.0,101400.0,1400.0
3644,Drake Woods,paroli,100.0,100000.0,50000.0,1179,1,0.0,102600.0,102600.0,2600.0
3645,Reese Phillips,paroli,100.0,100000.0,50000.0,1168,1,0.0,100700.0,100700.0,700.0
3646,Andrew Lee,paroli,100.0,100000.0,50000.0,1119,1,0.0,92100.0,92100.0,-7900.0
3647,Scarlett Marshall,paroli,100.0,100000.0,50000.0,1171,0,0.0,98400.0,98400.0,-1600.0
3648,Kaiden Velazquez,paroli,100.0,100000.0,50000.0,1188,1,0.0,99400.0,99400.0,-600.0
3649,Jaliyah Leach,paroli,100.0,100000.0,50000.0,1212,4,0.0,106000.0,106000.0,6000.0
3650,Westin Moss,paroli,100.0,100000.0,50000.0,1146,2,0.0,95600.0,95600.0,-4400.0
3651,Bianca McKee,paroli,100.0,100000.0,50000.0,1114,1,0.0,91300.0,91300.0,-8700.0
3652,Bjorn Figueroa,paroli,100.0,100000.0,50000.0,1119,0,0.0,86600.0,86600.0,-13400.0
3653,Lilith Jackson,paroli,100.0,100000.0,50000.0,1203,1,0.0,104100.0,104100.0,4100.0
3654,Sebastian Lozano,paroli,100.0,100000.0,50000.0,1140,0,0.0,97600.0,97600.0,-2400.0
3655,Cecelia Arellano,paroli,100.0,100000.0,50000.0,1168,0,0.0,95000.0,95000.0,-5000.0
3656,Kellan King,paroli,100.0,100000.0,50000.0,1158,1,0.0,95500.0,95500.0,-4500.0
3657,Victoria Macias,paroli,100.0,100000.0,50000.0,1142,1,0.0,93900.0,93900.0,-6100.0
3658,Moshe Deleon,paroli,100.0,100000.0,50000.0,1189,1,0.0,111300.0,111300.0,11300.0
3659,Gabrielle O’brien,paroli,100.0,100000.0,50000.0,1182,1,0.0,102200.0,102200.0,2200.0
3660,Riley Villanueva,paroli,100.0,100000.0,50000.0,1141,0,0.0,91400.0,91400.0,-8600.0
3661,Monroe Boyer,paroli,100.0,100000.0,50000.0,1143,0,0.0,90600.0,90600.0,-9400.0
3662,Zeke Moon,paroli,100.0,100000.0,50000.0,1097,0,0.0,83400.0,83400.0,-16600.0
3663,Naya Copeland,paroli,100.0,100000.0,50000.0,1194,2,0.0,101700.0,101700.0,1700.0
3664,Axton Burton,paroli,100.0,100000.0,50000.0,1158,1,0.0,94800.0,94800.0,-5200.0
3665,Miriam Pitts,paroli,100.0,100000.0,50000.0,1140,1,0.0,91900.0,91900.0,-8100.0
3666,Trey Peck,paroli,100.0,100000.0,50000.0,1117,1,0.0,89000.0,89000.0,-11000.0
3667,Crystal Fox,paroli,100.0,100000.0,50000.0,1189,0,0.0,105600.0,105600.0,5600.0
3668,Antonio Giles,paroli,100.0,100000.0,50000.0,1165,1,0.0,96600.0,96600.0,-3400.0
3669,Bailee Figueroa,paroli,100.0,100000.0,50000.0,1143,0,0.0,90300.0,90300.0,-9700.0
3670,Spencer Woodard,paroli,100.0,100000.0,50000.0,1142,2,0.0,91000.0,91000.0,-9000.0
3671,Aubrie Tang,paroli,100.0,100000.0,50000.0,1166,0,0.0,101500.0,101500.0,1500.0
3672,Rogelio Summers,paroli,100.0,100000.0,50000.0,1137,1,0.0,91600.0,91600.0,-8400.0
3673,Frankie Santiago,paroli,100.0,100000.0,50000.0,1124,0,0.0,92000.0,92000.0,-8000.0
3674,Beckham McDonald,paroli,100.0,100000.0,50000.0,1192,0,0.0,104200.0,104200.0,4200.0
3675,Daisy Acosta,paroli,100.0,100000.0,50000.0,1174,1,0.0,95600.0,95600.0,-4400.0
3676,Jensen Berry,paroli,100.0,100000.0,50000.0,1142,2,0.0,94300.0,94300.0,-5700.0
3677,Annabelle Acosta,paroli,100.0,100000.0,50000.0,1161,1,0.0,98900.0,98900.0,-1100.0
3678,Jensen McMahon,paroli,100.0,100000.0,50000.0,1143,2,0.0,91100.0,91100.0,-8900.0
3679,Belen Stuart,paroli,100.0,100000.0,50000.0,1096,1,0.0,83000.0,83000.0,-17000.0
3680,Dion Mann,paroli,100.0,100000.0,50000.0,1145,0,0.0,94800.0,94800.0,-5200.0
3681,Paislee McKay,paroli,100.0,100000.0,50000.0,1210,0,0.0,106500.0,106500.0,6500.0
3682,Joey Villegas,paroli,100.0,100000.0,50000.0,1125,1,0.0,87100.0,87100.0,-12900.0
3683,Jessie Rodriguez,paroli,100.0,100000.0,50000.0,1152,1,0.0,93800.0,93800.0,-6200.0
3684,Henry Good,paroli,100.0,100000.0,50000.0,1133,1,0.0,89400.0,89400.0,-10600.0
3685,Nathalia Christensen,paroli,100.0,100000.0,50000.0,1104,1,0.0,89400.0,89400.0,-10600.0
3686,Gregory Choi,paroli,100.0,100000.0,50000.0,1175,0,0.0,101200.0,101200.0,1200.0
3687,Karla Robbins,paroli,100.0,100000.0,50000.0,1146,0,0.0,92900.0,92900.0,-7100.0
3688,Finnegan Schmitt,paroli,100.0,100000.0,50000.0,1136,0,0.0,96500.0,96500.0,-3500.0
3689,Queen Bowers,paroli,100.0,100000.0,50000.0,1161,2,0.0,95700.0,95700.0,-4300.0
3690,Dorian Ahmed,paroli,100.0,100000.0,50000.0,1178,0,0.0,102300.0,102300.0,2300.0
3691,Jolie Santos,paroli,100.0,100000.0,50000.0,1166,2,0.0,95500.0,95500.0,-4500.0
3692,Walker Barron,paroli,100.0,100000.0,50000.0,1137,0,0.0,88800.0,88800.0,-11200.0
3693,Anya Clayton,paroli,100.0,100000.0,50000.0,1164,0,0.0,96400.0,96400.0,-3600.0
3694,Boston Choi,paroli,100.0,100000.0,50000.0,1141,1,0.0,93800.0,93800.0,-6200.0
3695,Karla Shepherd,paroli,100.0,100000.0,50000.0,1172,1,0.0,96600.0,96600.0,-3400.0
3696,Ronald Morris,paroli,100.0,100000.0,50000.0,1180,1,0.0,98900.0,98900.0,-1100.0
3697,Genesis Estrada,paroli,100.0,100000.0,50000.0,1187,0,0.0,100300.0,100300.0,300.0
3698,Phoenix Brewer,paroli,100.0,100000.0,50000.0,1148,1,0.0,91200.0,91200.0,-8800.0
3699,Thea Richards,paroli,100.0,100000.0,50000.0,1175,4,0.0,101500.0,101500.0,1500.0
3700,Holden Garrett,paroli,100.0,100000.0,50000.0,1158,0,0.0,95600.0,95600.0,-4400.0
3701,Tessa Dorsey,paroli,100.0,100000.0,50000.0,1154,0,0.0,91700.0,91700.0,-8300.0
3702,Enoch Jensen,paroli,100.0,100000.0,50000.0,1145,0,0.0,92300.0,92300.0,-7700.0
3703,Jane Wilkinson,paroli,100.0,100000.0,50000.0,1161,1,0.0,93500.0,93500.0,-6500.0
3704,Leonard McCarthy,paroli,100.0,100000.0,50000.0,1195,1,0.0,101300.0,101300.0,1300.0
3705,Kira Guzman,paroli,100.0,100000.0,50000.0,1158,2,0.0,94100.0,94100.0,-5900.0
3706,Jude Yu,paroli,100.0,100000.0,50000.0,1080,0,0.0,81500.0,81500.0,-18500.0
3707,Navy Olsen,paroli,100.0,100000.0,50000.0,1116,2,0.0,87300.0,87300.0,-12700.0
3708,Skyler Martinez,paroli,100.0,100000.0,50000.0,1137,0,0.0,88900.0,88900.0,-11100.0
3709,Harper Blake,paroli,100.0,100000.0,50000.0,1130,0,0.0,88700.0,88700.0,-11300.0
3710,Zyaire Armstrong,paroli,100.0,100000.0,50000.0,1197,0,0.0,102300.0,102300.0,2300.0
3711,Presley Stone,paroli,100.0,100000.0,50000.0,1144,2,0.0,96000.0,96000.0,-4000.0
3712,Finn Vo,paroli,100.0,100000.0,50000.0,1171,0,0.0,98500.0,98500.0,-1500.0
3713,Artemis Livingston,paroli,100.0,100000.0,50000.0,1114,1,0.0,87100.0,87100.0,-12900.0
3714,Ambrose Robinson,paroli,100.0,100000.0,50000.0,1158,0,0.0,100800.0,100800.0,800.0
3715,Nora Gould,paroli,100.0,100000.0,50000.0,1117,3,0.0,91000.0,91000.0,-9000.0
3716,Blaine Mason,paroli,100.0,100000.0,50000.0,1199,0,0.0,103200.0,103200.0,3200.0
3717,Sienna Valenzuela,paroli,100.0,100000.0,50000.0,1124,1,0.0,87400.0,87400.0,-12600.0
3718,Jamari Harrison,paroli,100.0,100000.0,50000.0,1178,1,0.0,96000.0,96000.0,-4000.0
3719,Jasmine Gentry,paroli,100.0,100000.0,50000.0,1120,1,0.0,89100.0,89100.0,-10900.0
3720,Magnus Walters,paroli,100.0,100000.0,50000.0,1166,1,0.0,99900.0,99900.0,-100.0
3721,Samara Reynolds,paroli,100.0,100000.0,50000.0,1174,1,0.0,99600.0,99600.0,-400.0
3722,Vincent Thomas,paroli,100.0,100000.0,50000.0,1162,0,0.0,98300.0,98300.0,-1700.0
3723,Elizabeth Chapman,paroli,100.0,100000.0,50000.0,1169,0,0.0,106800.0,106800.0,6800.0
3724,Knox Rosales,paroli,100.0,100000.0,50000.0,1160,0,0.0,94000.0,94000.0,-6000.0
3725,Kinley Randolph,paroli,100.0,100000.0,50000.0,1181,1,0.0,100400.0,100400.0,400.0
3726,Eugene Hicks,paroli,100.0,100000.0,50000.0,1137,0,0.0,97500.0,97500.0,-2500.0
3727,Alina Reynolds,paroli,100.0,100000.0,50000.0,1183,0,0.0,100800.0,100800.0,800.0
3728,Vincent McGee,paroli,100.0,100000.0,50000.0,1192,1,0.0,101600.0,101600.0,1600.0
3729,Kayleigh Hahn,paroli,100.0,100000.0,50000.0,1090,0,0.0,81900.0,81900.0,-18100.0
3730,Kabir Mitchell,paroli,100.0,100000.0,50000.0,1072,0,0.0,81800.0,81800.0,-18200.0
3731,Willow Koch,paroli,100.0,100000.0,50000.0,1148,2,0.0,96500.0,96500.0,-3500.0
3732,Salvador Hardy,paroli,100.0,100000.0,50000.0,1164,2,0.0,98500.0,98500.0,-1500.0
3733,Jessica Vargas,paroli,100.0,100000.0,50000.0,1146,1,0.0,93700.0,93700.0,-6300.0
3734,Ryker Booth,paroli,100.0,100000.0,50000.0,1132,1,0.0,95600.0,95600.0,-4400.0
3735,Zariyah Nguyen,paroli,100.0,100000.0,50000.0,1144,2,0.0,95600.0,95600.0,-4400.0
3736,Gabriel Magana,paroli,100.0,100000.0,50000.0,1160,0,0.0,96300.0,96300.0,-3700.0
3737,Amaris Howard,paroli,100.0,100000.0,50000.0,1170,0,0.0,101800.0,101800.0,1800.0
3738,Jeremiah Curtis,paroli,100.0,100000.0,50000.0,1148,0,0.0,95900.0,95900.0,-4100.0
3739,Alexis Carson,paroli,100.0,100000.0,50000.0,1185,1,0.0,101500.0,101500.0,1500.0
3740,Ares Gutierrez,paroli,100.0,100000.0,50000.0,1187,2,0.0,105400.0,105400.0,5400.0
3741,Savannah Fields,paroli,100.0,100000.0,50000.0,1182,1,0.0,100600.0,100600.0,600.0
3742,Clayton Michael,paroli,100.0,100000.0,50000.0,1141,1,0.0,92500.0,92500.0,-7500.0
3743,Aubriella Miller,paroli,100.0,100000.0,50000.0,1147,0,0.0,92000.0,92000.0,-8000.0
3744,Benjamin Watson,paroli,100.0,100000.0,50000.0,1181,0,0.0,99300.0,99300.0,-700.0
3745,Hailey Welch,paroli,100.0,100000.0,50000.0,1172,1,0.0,102800.0,102800.0,2800.0
3746,Hendrix Li,paroli,100.0,100000.0,50000.0,1076,1,0.0,83300.0,83300.0,-16700.0
3747,Paige Coffey,paroli,100.0,100000.0,50000.0,1153,3,0.0,94300.0,94300.0,-5700.0
3748,Kody Palacios,paroli,100.0,100000.0,50000.0,1172,0,0.0,104500.0,104500.0,4500.0
3749,Bria Warren,paroli,100.0,100000.0,50000.0,1111,2,0.0,85200.0,85200.0,-14800.0
3750,Abel Sosa,paroli,100.0,100000.0,50000.0,1154,0,0.0,89600.0,89600.0,-10400.0
3751,Cassandra Benitez,paroli,100.0,100000.0,50000.0,1135,0,0.0,88000.0,88000.0,-12000.0
3752,Justice Gutierrez,paroli,100.0,100000.0,50000.0,1160,0,0.0,95700.0,95700.0,-4300.0
3753,Savannah Shields,paroli,100.0,100000.0,50000.0,1125,0,0.0,91100.0,91100.0,-8900.0
3754,Devon Schmidt,paroli,100.0,100000.0,50000.0,1141,0,0.0,91700.0,91700.0,-8300.0
3755,Kimberly Reese,paroli,100.0,100000.0,50000.0,1189,1,0.0,100600.0,100600.0,600.0
3756,Alijah Pearson,paroli,100.0,100000.0,50000.0,1197,1,0.0,109100.0,109100.0,9100.0
3757,Kiara Mora,paroli,100.0,100000.0,50000.0,1157,0,0.0,92700.0,92700.0,-7300.0
3758,Arturo Friedman,paroli,100.0,100000.0,50000.0,1156,1,0.0,100200.0,100200.0,200.0
3759,Aspyn Gaines,paroli,100.0,100000.0,50000.0,1145,1,0.0,95900.0,95900.0,-4100.0
3760,Talon Perez,paroli,100.0,100000.0,50000.0,1169,2,0.0,94500.0,94500.0,-5500.0
3761,Eleanor Hendricks,paroli,100.0,100000.0,50000.0,1147,1,0.0,88200.0,88200.0,-11800.0
3762,Dash Mahoney,paroli,100.0,100000.0,50000.0,1140,1,0.0,96000.0,96000.0,-4000.0
3763,Promise Griffith,paroli,100.0,100000.0,50000.0,1132,0,0.0,95200.0,95200.0,-4800.0
3764,Franklin Atkins,paroli,100.0,100000.0,50000.0,1150,0,0.0,90800.0,90800.0,-9200.0
3765,Mina Middleton,paroli,100.0,100000.0,50000.0,1131,1,0.0,90000.0,90000.0,-10000.0
3766,Misael Person,paroli,100.0,100000.0,50000.0,1142,2,0.0,94800.0,94800.0,-5200.0
3767,Dylan Warren,paroli,100.0,100000.0,50000.0,1132,1,0.0,88100.0,88100.0,-11900.0
3768,Abel Barnes,paroli,100.0,100000.0,50000.0,1203,0,0.0,102600.0,102600.0,2600.0
3769,Liliana Wells,paroli,100.0,100000.0,50000.0,1137,1,0.0,92300.0,92300.0,-7700.0
3770,Max McDonald,paroli,100.0,100000.0,50000.0,1136,0,0.0,89500.0,89500.0,-10500.0
3771,Daisy Gallegos,paroli,100.0,100000.0,50000.0,1135,1,0.0,91800.0,91800.0,-8200.0
3772,Jonas Phan,paroli,100.0,100000.0,50000.0,1079,1,0.0,80100.0,80100.0,-19900.0
3773,Elsa Valentine,paroli,100.0,100000.0,50000.0,1149,0,0.0,96500.0,96500.0,-3500.0
3774,Demetrius Chung,paroli,100.0,100000.0,50000.0,1145,0,0.0,90600.0,90600.0,-9400.0
3775,Rivka Crane,paroli,100.0,100000.0,50000.0,1187,2,0.0,102300.0,102300.0,2300.0
3776,Fox Villegas,paroli,100.0,100000.0,50000.0,1119,4,0.0,84100.0,84100.0,-15900.0
3777,Jessie McMahon,paroli,100.0,100000.0,50000.0,1170,2,0.0,99200.0,99200.0,-800.0
3778,Jakob Collins,paroli,100.0,100000.0,50000.0,1118,1,0.0,87000.0,87000.0,-13000.0
3779,Kinsley Buchanan,paroli,100.0,100000.0,50000.0,1221,2,0.0,108400.0,108400.0,8400.0
3780,Enrique Lee,paroli,100.0,100000.0,50000.0,1137,2,0.0,95600.0,95600.0,-4400.0
3781,Scarlett Mann,paroli,100.0,100000.0,50000.0,1197,0,0.0,107000.0,107000.0,7000.0
3782,Nehemiah Humphrey,paroli,100.0,100000.0,50000.0,1178,0,0.0,96600.0,96600.0,-3400.0
3783,Journi Ponce,paroli,100.0,100000.0,50000.0,1206,0,0.0,103400.0,103400.0,3400.0
3784,Langston Stark,paroli,100.0,100000.0,50000.0,1169,1,0.0,101700.0,101700.0,1700.0
3785,Kamilah Grant,paroli,100.0,100000.0,50000.0,1169,1,0.0,98800.0,98800.0,-1200.0
3786,Leon Bowman,paroli,100.0,100000.0,50000.0,1182,0,0.0,99000.0,99000.0,-1000.0
3787,Fiona Dejesus,paroli,100.0,100000.0,50000.0,1168,0,0.0,101300.0,101300.0,1300.0
3788,Rio Fleming,paroli,100.0,100000.0,50000.0,1148,1,0.0,102000.0,102000.0,2000.0
3789,Fatima Randall,paroli,100.0,100000.0,50000.0,1143,0,0.0,95700.0,95700.0,-4300.0
3790,Trenton Estes,paroli,100.0,100000.0,50000.0,1176,0,0.0,102000.0,102000.0,2000.0
3791,Brittany Carson,paroli,100.0,100000.0,50000.0,1107,0,0.0,87700.0,87700.0,-12300.0
3792,Ares Rich,paroli,100.0,100000.0,50000.0,1135,0,0.0,91100.0,91100.0,-8900.0
3793,Sunny Gilbert,paroli,100.0,100000.0,50000.0,1130,4,0.0,90400.0,90400.0,-9600.0
3794,Tobias Wagner,paroli,100.0,100000.0,50000.0,1115,0,0.0,83800.0,83800.0,-16200.0
3795,Maeve Hodge,paroli,100.0,100000.0,50000.0,1179,1,0.0,100600.0,100600.0,600.0
3796,Reign Wells,paroli,100.0,100000.0,50000.0,1201,2,0.0,102700.0,102700.0,2700.0
3797,Cecilia Harding,paroli,100.0,100000.0,50000.0,1158,2,0.0,98900.0,98900.0,-1100.0
3798,Brodie Conley,paroli,100.0,100000.0,50000.0,1157,0,0.0,95100.0,95100.0,-4900.0
3799,Salem Alvarez,paroli,100.0,100000.0,50000.0,1125,0,0.0,85800.0,85800.0,-14200.0
3800,Xavier Cochran,paroli,100.0,100000.0,50000.0,1190,0,0.0,102900.0,102900.0,2900.0
3801,Alma Payne,paroli,100.0,100000.0,50000.0,1159,0,0.0,96400.0,96400.0,-3600.0
3802,Edward Boyd,paroli,100.0,100000.0,50000.0,1136,1,0.0,91000.0,91000.0,-9000.0
3803,Georgia Sheppard,paroli,100.0,100000.0,50000.0,1113,3,0.0,87700.0,87700.0,-12300.0
3804,Trent Mack,paroli,100.0,100000.0,50000.0,1147,0,0.0,92100.0,92100.0,-7900.0
3805,Nadia Salinas,paroli,100.0,100000.0,50000.0,1204,1,0.0,100800.0,100800.0,800.0
3806,Edgar Sims,paroli,100.0,100000.0,50000.0,1126,0,0.0,86600.0,86600.0,-13400.0
3807,Lena Marshall,paroli,100.0,100000.0,50000.0,1173,1,0.0,99800.0,99800.0,-200.0
3808,Kaiden Shields,paroli,100.0,100000.0,50000.0,1156,1,0.0,99300.0,99300.0,-700.0
3809,Analia McCann,paroli,100.0,100000.0,50000.0,1205,0,0.0,107600.0,107600.0,7600.0
3810,Heath Castaneda,paroli,100.0,100000.0,50000.0,1158,0,0.0,94400.0,94400.0,-5600.0
3811,Keira Hail,paroli,100.0,100000.0,50000.0,1112,1,0.0,91500.0,91500.0,-8500.0
3812,Hector Jennings,paroli,100.0,100000.0,50000.0,1133,1,0.0,88900.0,88900.0,-11100.0
3813,Palmer McDaniel,paroli,100.0,100000.0,50000.0,1176,1,0.0,102400.0,102400.0,2400.0
3814,Major Avery,paroli,100.0,100000.0,50000.0,1154,0,0.0,94500.0,94500.0,-5500.0
3815,Meghan Mendoza,paroli,100.0,100000.0,50000.0,1165,0,0.0,94600.0,94600.0,-5400.0
3816,Dominic Whitehead,paroli,100.0,100000.0,50000.0,1157,1,0.0,95800.0,95800.0,-4200.0
3817,Sylvie Vargas,paroli,100.0,100000.0,50000.0,1130,0,0.0,85900.0,85900.0,-14100.0
3818,Ryker Cano,paroli,100.0,100000.0,50000.0,1157,1,0.0,99100.0,99100.0,-900.0
3819,Egypt Costa,paroli,100.0,100000.0,50000.0,1175,0,0.0,100500.0,100500.0,500.0
3820,Kenji Shannon,paroli,100.0,100000.0,50000.0,1106,4,0.0,86100.0,86100.0,-13900.0
3821,Harlee Roth,paroli,100.0,100000.0,50000.0,1098,3,0.0,86000.0,86000.0,-14000.0
3822,Roy Vance,paroli,100.0,100000.0,50000.0,1148,1,0.0,98700.0,98700.0,-1300.0
3823,Maxine Gray,paroli,100.0,100000.0,50000.0,1148,1,0.0,95000.0,95000.0,-5000.0
3824,Nicholas Morris,paroli,100.0,100000.0,50000.0,1162,4,0.0,100100.0,100100.0,100.0
3825,Genesis Cooper,paroli,100.0,100000.0,50000.0,1183,0,0.0,98400.0,98400.0,-1600.0
3826,Jonathan Sparks,paroli,100.0,100000.0,50000.0,1191,1,0.0,99600.0,99600.0,-400.0
3827,Aisha Costa,paroli,100.0,100000.0,50000.0,1145,2,0.0,94300.0,94300.0,-5700.0
3828,Kenji Bryant,paroli,100.0,100000.0,50000.0,1147,2,0.0,92900.0,92900.0,-7100.0
3829,Parker Fitzpatrick,paroli,100.0,100000.0,50000.0,1146,1,0.0,92100.0,92100.0,-7900.0
3830,Blaze Lin,paroli,100.0,100000.0,50000.0,1135,0,0.0,91500.0,91500.0,-8500.0
3831,Makenna Pittman,paroli,100.0,100000.0,50000.0,1123,0,0.0,91600.0,91600.0,-8400.0
3832,Valentino Jackson,paroli,100.0,100000.0,50000.0,1205,1,0.0,103600.0,103600.0,3600.0
3833,Avery Moss,paroli,100.0,100000.0,50000.0,1128,0,0.0,88100.0,88100.0,-11900.0
3834,Porter Booker,paroli,100.0,100000.0,50000.0,1162,2,0.0,94600.0,94600.0,-5400.0
3835,Nataly Sheppard,paroli,100.0,100000.0,50000.0,1160,2,0.0,97100.0,97100.0,-2900.0
3836,Trent Sharp,paroli,100.0,100000.0,50000.0,1145,0,0.0,91100.0,91100.0,-8900.0
3837,Camryn Roth,paroli,100.0,100000.0,50000.0,1127,1,0.0,93100.0,93100.0,-6900.0
3838,Roy Woods,paroli,100.0,100000.0,50000.0,1126,0,0.0,91700.0,91700.0,-8300.0
3839,Reese Newton,paroli,100.0,100000.0,50000.0,1143,1,0.0,92600.0,92600.0,-7400.0
3840,Santino Giles,paroli,100.0,100000.0,50000.0,1147,1,0.0,92600.0,92600.0,-7400.0
3841,Bailee Rich,paroli,100.0,100000.0,50000.0,1151,1,0.0,97500.0,97500.0,-2500.0
3842,Miller Carey,paroli,100.0,100000.0,50000.0,1134,1,0.0,90200.0,90200.0,-9800.0
3843,Alora Byrd,paroli,100.0,100000.0,50000.0,1158,2,0.0,93600.0,93600.0,-6400.0
3844,Cristian Bradshaw,paroli,100.0,100000.0,50000.0,1156,0,0.0,98200.0,98200.0,-1800.0
3845,Berkley Gilbert,paroli,100.0,100000.0,50000.0,1176,0,0.0,101800.0,101800.0,1800.0
3846,Tobias Gillespie,paroli,100.0,100000.0,50000.0,1199,1,0.0,107300.0,107300.0,7300.0
3847,Alianna Wagner,paroli,100.0,100000.0,50000.0,1174,3,0.0,98700.0,98700.0,-1300.0
3848,Enzo Yoder,paroli,100.0,100000.0,50000.0,1199,1,0.0,104300.0,104300.0,4300.0
3849,Emerie Porter,paroli,100.0,100000.0,50000.0,1117,1,0.0,85300.0,85300.0,-14700.0
3850,Rhett Villarreal,paroli,100.0,100000.0,50000.0,1176,1,0.0,97800.0,97800.0,-2200.0
3851,Jazlyn Cherry,paroli,100.0,100000.0,50000.0,1123,0,0.0,93700.0,93700.0,-6300.0
3852,Rome Carrillo,paroli,100.0,100000.0,50000.0,1109,0,0.0,87700.0,87700.0,-12300.0
3853,Kaylani Church,paroli,100.0,100000.0,50000.0,1162,0,0.0,91000.0,91000.0,-9000.0
3854,Terrance Hammond,paroli,100.0,100000.0,50000.0,1190,2,0.0,102800.0,102800.0,2800.0
3855,Holly Buchanan,paroli,100.0,100000.0,50000.0,1127,1,0.0,91600.0,91600.0,-8400.0
3856,Enrique Newton,paroli,100.0,100000.0,50000.0,1204,0,0.0,114700.0,114700.0,14700.0
3857,Braelynn Barrett,paroli,100.0,100000.0,50000.0,1113,0,0.0,89200.0,89200.0,-10800.0
3858,Angelo Branch,paroli,100.0,100000.0,50000.0,1145,1,0.0,91200.0,91200.0,-8800.0
3859,Luisa Allen,paroli,100.0,100000.0,50000.0,1147,1,0.0,95800.0,95800.0,-4200.0
3860,Carter Berry,paroli,100.0,100000.0,50000.0,1114,0,0.0,87300.0,87300.0,-12700.0
3861,Annabelle Matthews,paroli,100.0,100000.0,50000.0,1104,0,0.0,87400.0,87400.0,-12600.0
3862,Preston Benjamin,paroli,100.0,100000.0,50000.0,1117,1,0.0,87900.0,87900.0,-12100.0
3863,Jianna Leon,paroli,100.0,100000.0,50000.0,1132,1,0.0,90000.0,90000.0,-10000.0
3864,Marshall Hartman,paroli,100.0,100000.0,50000.0,1123,1,0.0,91000.0,91000.0,-9000.0
3865,Kennedi Armstrong,paroli,100.0,100000.0,50000.0,1143,2,0.0,91200.0,91200.0,-8800.0
3866,Grant Henderson,paroli,100.0,100000.0,50000.0,1130,1,0.0,94700.0,94700.0,-5300.0
3867,Maria Vasquez,paroli,100.0,100000.0,50000.0,1133,0,0.0,93000.0,93000.0,-7000.0
3868,Rowan Delgado,paroli,100.0,100000.0,50000.0,1137,0,0.0,93500.0,93500.0,-6500.0
3869,Alani Dodson,paroli,100.0,100000.0,50000.0,1147,1,0.0,97100.0,97100.0,-2900.0
3870,Seven Kline,paroli,100.0,100000.0,50000.0,1133,1,0.0,92200.0,92200.0,-7800.0
3871,Sevyn Adkins,paroli,100.0,100000.0,50000.0,1199,0,0.0,102300.0,102300.0,2300.0
3872,Kylo McCormick,paroli,100.0,100000.0,50000.0,1147,1,0.0,97700.0,97700.0,-2300.0
3873,Macie Horn,paroli,100.0,100000.0,50000.0,1170,0,0.0,96500.0,96500.0,-3500.0
3874,Wilson George,paroli,100.0,100000.0,50000.0,1135,2,0.0,89000.0,89000.0,-11000.0
3875,Adelyn Hughes,paroli,100.0,100000.0,50000.0,1109,1,0.0,85000.0,85000.0,-15000.0
3876,Everett Whitney,paroli,100.0,100000.0,50000.0,1185,1,0.0,101700.0,101700.0,1700.0
3877,Madalynn Mays,paroli,100.0,100000.0,50000.0,1147,0,0.0,92000.0,92000.0,-8000.0
3878,Jadiel Norman,paroli,100.0,100000.0,50000.0,1153,0,0.0,96100.0,96100.0,-3900.0
3879,Malani Jenkins,paroli,100.0,100000.0,50000.0,1145,1,0.0,93400.0,93400.0,-6600.0
3880,Declan Robertson,paroli,100.0,100000.0,50000.0,1151,0,0.0,92900.0,92900.0,-7100.0
3881,Harmony Cole,paroli,100.0,100000.0,50000.0,1108,1,0.0,87800.0,87800.0,-12200.0
3882,Nathaniel Walton,paroli,100.0,100000.0,50000.0,1210,0,0.0,105100.0,105100.0,5100.0
3883,Scarlet Bullock,paroli,100.0,100000.0,50000.0,1142,0,0.0,97200.0,97200.0,-2800.0
3884,Ben Trevino,paroli,100.0,100000.0,50000.0,1084,1,0.0,83800.0,83800.0,-16200.0
3885,Priscilla Leon,paroli,100.0,100000.0,50000.0,1177,1,0.0,101800.0,101800.0,1800.0
3886,Marshall Contreras,paroli,100.0,100000.0,50000.0,1121,0,0.0,91400.0,91400.0,-8600.0
3887,Daniela Hendrix,paroli,100.0,100000.0,50000.0,1180,0,0.0,94300.0,94300.0,-5700.0
3888,Korbyn Quintana,paroli,100.0,100000.0,50000.0,1140,2,0.0,93500.0,93500.0,-6500.0
3889,Kenia Woodard,paroli,100.0,100000.0,50000.0,1179,1,0.0,100900.0,100900.0,900.0
3890,Westley Sweeney,paroli,100.0,100000.0,50000.0,1148,0,0.0,90400.0,90400.0,-9600.0
3891,Yara Mayer,paroli,100.0,100000.0,50000.0,1100,0,0.0,82700.0,82700.0,-17300.0
3892,Yahir Contreras,paroli,100.0,100000.0,50000.0,1123,1,0.0,86000.0,86000.0,-14000.0
3893,Daniela Lam,paroli,100.0,100000.0,50000.0,1198,0,0.0,99700.0,99700.0,-300.0
3894,Bodie Carrillo,paroli,100.0,100000.0,50000.0,1151,0,0.0,98200.0,98200.0,-1800.0
3895,Kaylani Blackburn,paroli,100.0,100000.0,50000.0,1093,1,0.0,84800.0,84800.0,-15200.0
3896,Zahir Avalos,paroli,100.0,100000.0,50000.0,1159,2,0.0,97700.0,97700.0,-2300.0
3897,Paloma Willis,paroli,100.0,100000.0,50000.0,1146,0,0.0,91900.0,91900.0,-8100.0
3898,Remington Snyder,paroli,100.0,100000.0,50000.0,1152,1,0.0,99700.0,99700.0,-300.0
3899,Callie King,paroli,100.0,100000.0,50000.0,1174,0,0.0,109200.0,109200.0,9200.0
3900,Julian Leon,paroli,100.0,100000.0,50000.0,1112,0,0.0,84900.0,84900.0,-15100.0
3901,Amora Daniels,paroli,100.0,100000.0,50000.0,1154,0,0.0,96400.0,96400.0,-3600.0
3902,Xander Schmitt,paroli,100.0,100000.0,50000.0,1130,2,0.0,90100.0,90100.0,-9900.0
3903,Queen Beasley,paroli,100.0,100000.0,50000.0,1127,0,0.0,93300.0,93300.0,-6700.0
3904,Stanley Santos,paroli,100.0,100000.0,50000.0,1179,0,0.0,100400.0,100400.0,400.0
3905,Alana Horn,paroli,100.0,100000.0,50000.0,1206,1,0.0,100800.0,100800.0,800.0
3906,Wilson Harrison,paroli,100.0,100000.0,50000.0,1132,1,0.0,94200.0,94200.0,-5800.0
3907,Jasmine Villalobos,paroli,100.0,100000.0,50000.0,1167,0,0.0,99400.0,99400.0,-600.0
3908,Reuben Calhoun,paroli,100.0,100000.0,50000.0,1114,0,0.0,85600.0,85600.0,-14400.0
3909,Thalia Solomon,paroli,100.0,100000.0,50000.0,1144,2,0.0,94300.0,94300.0,-5700.0
3910,Musa Day,paroli,100.0,100000.0,50000.0,1145,1,0.0,95600.0,95600.0,-4400.0
3911,Hayden Pierce,paroli,100.0,100000.0,50000.0,1172,1,0.0,104100.0,104100.0,4100.0
3912,Nicolas Berry,paroli,100.0,100000.0,50000.0,1148,1,0.0,97500.0,97500.0,-2500.0
3913,Annabelle Correa,paroli,100.0,100000.0,50000.0,1171,0,0.0,100900.0,100900.0,900.0
3914,Zakai Simmons,paroli,100.0,100000.0,50000.0,1087,0,0.0,85200.0,85200.0,-14800.0
3915,Reagan Arellano,paroli,100.0,100000.0,50000.0,1201,2,0.0,101700.0,101700.0,1700.0
3916,Kellan Noble,paroli,100.0,100000.0,50000.0,1122,0,0.0,88500.0,88500.0,-11500.0
3917,Hunter Alexander,paroli,100.0,100000.0,50000.0,1128,0,0.0,89400.0,89400.0,-10600.0
3918,Kingston Dickson,paroli,100.0,100000.0,50000.0,1140,0,0.0,96300.0,96300.0,-3700.0
3919,Emmalynn Wyatt,paroli,100.0,100000.0,50000.0,1145,1,0.0,94500.0,94500.0,-5500.0
3920,Sam McDowell,paroli,100.0,100000.0,50000.0,1170,0,0.0,103800.0,103800.0,3800.0
3921,Rayna Payne,paroli,100.0,100000.0,50000.0,1190,1,0.0,102300.0,102300.0,2300.0
3922,Edward Guerra,paroli,100.0,100000.0,50000.0,1117,2,0.0,86400.0,86400.0,-13600.0
3923,Edith Duffy,paroli,100.0,100000.0,50000.0,1127,0,0.0,93100.0,93100.0,-6900.0
3924,Kyng Bautista,paroli,100.0,100000.0,50000.0,1137,1,0.0,93200.0,93200.0,-6800.0
3925,Antonella Nelson,paroli,100.0,100000.0,50000.0,1153,0,0.0,96400.0,96400.0,-3600.0
3926,Dylan Cross,paroli,100.0,100000.0,50000.0,1127,0,0.0,88100.0,88100.0,-11900.0
3927,Nayeli Rojas,paroli,100.0,100000.0,50000.0,1142,0,0.0,90700.0,90700.0,-9300.0
3928,Colin Case,paroli,100.0,100000.0,50000.0,1147,1,0.0,95800.0,95800.0,-4200.0
3929,Cleo Graves,paroli,100.0,100000.0,50000.0,1160,0,0.0,97100.0,97100.0,-2900.0
3930,Cesar Erickson,paroli,100.0,100000.0,50000.0,1190,1,0.0,105700.0,105700.0,5700.0
3931,Sabrina Melton,paroli,100.0,100000.0,50000.0,1136,0,0.0,94000.0,94000.0,-6000.0
3932,Lennon Hayes,paroli,100.0,100000.0,50000.0,1141,2,0.0,87100.0,87100.0,-12900.0
3933,Iris Bishop,paroli,100.0,100000.0,50000.0,1104,1,0.0,84300.0,84300.0,-15700.0
3934,Paxton Castro,paroli,100.0,100000.0,50000.0,1154,2,0.0,102100.0,102100.0,2100.0
3935,Eloise Harmon,paroli,100.0,100000.0,50000.0,1117,0,0.0,88900.0,88900.0,-11100.0
3936,Roberto Rocha,paroli,100.0,100000.0,50000.0,1205,1,0.0,110200.0,110200.0,10200.0
3937,Emmie Shah,paroli,100.0,100000.0,50000.0,1141,1,0.0,92800.0,92800.0,-7200.0
3938,Zain Silva,paroli,100.0,100000.0,50000.0,1132,2,0.0,91300.0,91300.0,-8700.0
3939,Lucia Barajas,paroli,100.0,100000.0,50000.0,1186,2,0.0,99500.0,99500.0,-500.0
3940,Brennan Gutierrez,paroli,100.0,100000.0,50000.0,1222,2,0.0,113800.0,113800.0,13800.0
3941,Savannah Gonzalez,paroli,100.0,100000.0,50000.0,1187,1,0.0,100400.0,100400.0,400.0
3942,Ethan Esquivel,paroli,100.0,100000.0,50000.0,1160,0,0.0,93200.0,93200.0,-6800.0
3943,Jaylee McMahon,paroli,100.0,100000.0,50000.0,1168,0,0.0,95600.0,95600.0,-4400.0
3944,Jakob Aguilar,paroli,100.0,100000.0,50000.0,1176,0,0.0,103700.0,103700.0,3700.0
3945,Josie Estes,paroli,100.0,100000.0,50000.0,1146,1,0.0,95700.0,95700.0,-4300.0
3946,Hakeem Patterson,paroli,100.0,100000.0,50000.0,1094,1,0.0,86100.0,86100.0,-13900.0
3947,Kaylee Dixon,paroli,100.0,100000.0,50000.0,1154,0,0.0,94800.0,94800.0,-5200.0
3948,Camden Butler,paroli,100.0,100000.0,50000.0,1086,1,0.0,79400.0,79400.0,-20600.0
3949,Athena Harding,paroli,100.0,100000.0,50000.0,1109,0,0.0,90700.0,90700.0,-9300.0
3950,Brodie Beil,paroli,100.0,100000.0,50000.0,1146,1,0.0,96200.0,96200.0,-3800.0
3951,Itzel Rowland,paroli,100.0,100000.0,50000.0,1167,1,0.0,101900.0,101900.0,1900.0
3952,Eliezer Medrano,paroli,100.0,100000.0,50000.0,1134,0,0.0,91400.0,91400.0,-8600.0
3953,Halle Kramer,paroli,100.0,100000.0,50000.0,1178,3,0.0,103100.0,103100.0,3100.0
3954,Kylan Holmes,paroli,100.0,100000.0,50000.0,1092,0,0.0,80600.0,80600.0,-19400.0
3955,Bailey Ross,paroli,100.0,100000.0,50000.0,1203,2,0.0,104600.0,104600.0,4600.0
3956,Wesley Greer,paroli,100.0,100000.0,50000.0,1122,0,0.0,91100.0,91100.0,-8900.0
3957,Reina Quintana,paroli,100.0,100000.0,50000.0,1152,3,0.0,97400.0,97400.0,-2600.0
3958,Kelvin Simpson,paroli,100.0,100000.0,50000.0,1097,2,0.0,86200.0,86200.0,-13800.0
3959,Anastasia Keller,paroli,100.0,100000.0,50000.0,1197,0,0.0,102000.0,102000.0,2000.0
3960,Nico Guerra,paroli,100.0,100000.0,50000.0,1132,1,0.0,87500.0,87500.0,-12500.0
3961,Edith Monroe,paroli,100.0,100000.0,50000.0,1223,1,0.0,111500.0,111500.0,11500.0
3962,Colby Calhoun,paroli,100.0,100000.0,50000.0,1098,2,0.0,85300.0,85300.0,-14700.0
3963,Thalia Dyer,paroli,100.0,100000.0,50000.0,1146,0,0.0,93400.0,93400.0,-6600.0
3964,Atreus Leach,paroli,100.0,100000.0,50000.0,1169,0,0.0,100500.0,100500.0,500.0
3965,Martha Terry,paroli,100.0,100000.0,50000.0,1144,0,0.0,93500.0,93500.0,-6500.0
3966,Armani Barrett,paroli,100.0,100000.0,50000.0,1096,0,0.0,83400.0,83400.0,-16600.0
3967,Kendall Barber,paroli,100.0,100000.0,50000.0,1149,0,0.0,89700.0,89700.0,-10300.0
3968,Solomon Roberson,paroli,100.0,100000.0,50000.0,1113,0,0.0,91400.0,91400.0,-8600.0
3969,Sasha Barton,paroli,100.0,100000.0,50000.0,1077,0,0.0,78800.0,78800.0,-21200.0
3970,Cassius Carson,paroli,100.0,100000.0,50000.0,1116,0,0.0,89200.0,89200.0,-10800.0
3971,Nalani Flowers,paroli,100.0,100000.0,50000.0,1166,0,0.0,100900.0,100900.0,900.0
3972,Saul Walls,paroli,100.0,100000.0,50000.0,1165,0,0.0,101000.0,101000.0,1000.0
3973,Lilianna Leal,paroli,100.0,100000.0,50000.0,1126,2,0.0,88400.0,88400.0,-11600.0
3974,Cedric Gilmore,paroli,100.0,100000.0,50000.0,1112,0,0.0,88900.0,88900.0,-11100.0
3975,Chanel Higgins,paroli,100.0,100000.0,50000.0,1072,0,0.0,82800.0,82800.0,-17200.0
3976,Sterling Simmons,paroli,100.0,100000.0,50000.0,1118,1,0.0,85200.0,85200.0,-14800.0
3977,Reagan Donovan,paroli,100.0,100000.0,50000.0,1179,2,0.0,100400.0,100400.0,400.0
3978,Brayan Hess,paroli,100.0,100000.0,50000.0,1137,1,0.0,94600.0,94600.0,-5400.0
3979,Kaliyah Herman,paroli,100.0,100000.0,50000.0,1165,1,0.0,101700.0,101700.0,1700.0
3980,Juelz Harmon,paroli,100.0,100000.0,50000.0,1138,1,0.0,95300.0,95300.0,-4700.0
3981,Maren Sanford,paroli,100.0,100000.0,50000.0,1119,0,0.0,92100.0,92100.0,-7900.0
3982,Truett Horn,paroli,100.0,100000.0,50000.0,1135,2,0.0,91300.0,91300.0,-8700.0
3983,Avah Morrison,paroli,100.0,100000.0,50000.0,1137,0,0.0,87100.0,87100.0,-12900.0
3984,Maximus Buckley,paroli,100.0,100000.0,50000.0,1178,1,0.0,94300.0,94300.0,-5700.0
3985,Theodora Good,paroli,100.0,100000.0,50000.0,1140,1,0.0,94900.0,94900.0,-5100.0
3986,Davian Diaz,paroli,100.0,100000.0,50000.0,1115,1,0.0,87900.0,87900.0,-12100.0
3987,Elena Liu,paroli,100.0,100000.0,50000.0,1124,1,0.0,89100.0,89100.0,-10900.0
3988,Pedro Walter,paroli,100.0,100000.0,50000.0,1130,3,0.0,88900.0,88900.0,-11100.0
3989,Penny Bryant,paroli,100.0,100000.0,50000.0,1132,0,0.0,90800.0,90800.0,-9200.0
3990,Jonah Deleon,paroli,100.0,100000.0,50000.0,1095,0,0.0,87300.0,87300.0,-12700.0
3991,Gabrielle Maldonado,paroli,100.0,100000.0,50000.0,1174,3,0.0,100200.0,100200.0,200.0
3992,Javier Patton,paroli,100.0,100000.0,50000.0,1185,2,0.0,100900.0,100900.0,900.0
3993,Lorelei Jackson,paroli,100.0,100000.0,50000.0,1103,0,0.0,88100.0,88100.0,-11900.0
3994,Sebastian Huffman,paroli,100.0,100000.0,50000.0,1109,2,0.0,86100.0,86100.0,-13900.0
3995,Hayley Alvarez,paroli,100.0,100000.0,50000.0,1170,0,0.0,96700.0,96700.0,-3300.0
3996,Xavier Salgado,paroli,100.0,100000.0,50000.0,1131,1,0.0,90200.0,90200.0,-9800.0
3997,Avalynn Newton,paroli,100.0,100000.0,50000.0,1116,0,0.0,89200.0,89200.0,-10800.0
3998,Santino Bravo,paroli,100.0,100000.0,50000.0,1087,0,0.0,82600.0,82600.0,-17400.0
3999,Amoura Gilbert,paroli,100.0,100000.0,50000.0,1105,0,0.0,84900.0,84900.0,-15100.0
4000,Tobias Bowers,paroli,100.0,100000.0,50000.0,1145,1,0.0,91300.0,91300.0,-8700.0
4001,Rosalie Montgomery,paroli,100.0,100000.0,50000.0,1167,1,0.0,98600.0,98600.0,-1400.0
4002,Maximiliano Huang,paroli,100.0,100000.0,50000.0,1148,1,0.0,95500.0,95500.0,-4500.0
4003,Francesca Browning,paroli,100.0,100000.0,50000.0,1222,1,0.0,107700.0,107700.0,7700.0
4004,Rohan Johns,paroli,100.0,100000.0,50000.0,1201,2,0.0,103900.0,103900.0,3900.0
4005,Giovanna Small,paroli,100.0,100000.0,50000.0,1160,1,0.0,93500.0,93500.0,-6500.0
4006,Rudy Carr,paroli,100.0,100000.0,50000.0,1114,0,0.0,89500.0,89500.0,-10500.0
4007,Rowan Martinez,paroli,100.0,100000.0,50000.0,1184,2,0.0,97900.0,97900.0,-2100.0
4008,Alexander Gates,paroli,100.0,100000.0,50000.0,1165,2,0.0,94700.0,94700.0,-5300.0
4009,Melina Stevenson,paroli,100.0,100000.0,50000.0,1190,3,0.0,107000.0,107000.0,7000.0
4010,Callan Francis,paroli,100.0,100000.0,50000.0,1123,0,0.0,90400.0,90400.0,-9600.0
4011,Daniella Benton,paroli,100.0,100000.0,50000.0,1146,0,0.0,94800.0,94800.0,-5200.0
4012,Jamal Lozano,paroli,100.0,100000.0,50000.0,1185,0,0.0,100700.0,100700.0,700.0
4013,Cecelia Mahoney,paroli,100.0,100000.0,50000.0,1126,0,0.0,91300.0,91300.0,-8700.0
4014,Kamryn Phillips,paroli,100.0,100000.0,50000.0,1205,1,0.0,103300.0,103300.0,3300.0
4015,Naomi Bailey,paroli,100.0,100000.0,50000.0,1121,0,0.0,89600.0,89600.0,-10400.0
4016,Axel Myers,paroli,100.0,100000.0,50000.0,1150,1,0.0,95300.0,95300.0,-4700.0
4017,Lydia McCann,paroli,100.0,100000.0,50000.0,1148,2,0.0,95500.0,95500.0,-4500.0
4018,Heath Castro,paroli,100.0,100000.0,50000.0,1153,0,0.0,99500.0,99500.0,-500.0
4019,Eloise Sellers,paroli,100.0,100000.0,50000.0,1156,1,0.0,92900.0,92900.0,-7100.0
4020,Madden McClure,paroli,100.0,100000.0,50000.0,1121,0,0.0,91800.0,91800.0,-8200.0
4021,Estella Blevins,paroli,100.0,100000.0,50000.0,1139,0,0.0,92000.0,92000.0,-8000.0
4022,Avi Christensen,paroli,100.0,100000.0,50000.0,1176,1,0.0,98400.0,98400.0,-1600.0
4023,Carmen Andersen,paroli,100.0,100000.0,50000.0,1128,0,0.0,85000.0,85000.0,-15000.0
4024,Alistair McIntosh,paroli,100.0,100000.0,50000.0,1168,1,0.0,97800.0,97800.0,-2200.0
4025,Gwen Shaw,paroli,100.0,100000.0,50000.0,1140,0,0.0,95300.0,95300.0,-4700.0
4026,Elliot Carson,paroli,100.0,100000.0,50000.0,1126,3,0.0,86700.0,86700.0,-13300.0
4027,Nalani Chavez,paroli,100.0,100000.0,50000.0,1139,0,0.0,92200.0,92200.0,-7800.0
4028,Ian Frederick,paroli,100.0,100000.0,50000.0,1137,1,0.0,95300.0,95300.0,-4700.0
4029,Sariyah Hickman,paroli,100.0,100000.0,50000.0,1103,0,0.0,86500.0,86500.0,-13500.0
4030,Jakobe Jensen,paroli,100.0,100000.0,50000.0,1129,1,0.0,89800.0,89800.0,-10200.0
4031,Jane Nichols,paroli,100.0,100000.0,50000.0,1201,3,0.0,108100.0,108100.0,8100.0
4032,Atlas Pitts,paroli,100.0,100000.0,50000.0,1137,1,0.0,90800.0,90800.0,-9200.0
4033,Nala Guzman,paroli,100.0,100000.0,50000.0,1163,0,0.0,97800.0,97800.0,-2200.0
4034,Jude Floyd,paroli,100.0,100000.0,50000.0,1138,0,0.0,89300.0,89300.0,-10700.0
4035,Yaretzi Fitzgerald,paroli,100.0,100000.0,50000.0,1134,4,0.0,89900.0,89900.0,-10100.0
4036,Peyton Roy,paroli,100.0,100000.0,50000.0,1136,1,0.0,92100.0,92100.0,-7900.0
4037,Savanna Hancock,paroli,100.0,100000.0,50000.0,1133,0,0.0,91500.0,91500.0,-8500.0
4038,Rex Austin,paroli,100.0,100000.0,50000.0,1147,3,0.0,94400.0,94400.0,-5600.0
4039,Alivia Tang,paroli,100.0,100000.0,50000.0,1199,0,0.0,102500.0,102500.0,2500.0
4040,Rogelio Wang,paroli,100.0,100000.0,50000.0,1187,0,0.0,100100.0,100100.0,100.0
4041,Kailani Herman,paroli,100.0,100000.0,50000.0,1117,0,0.0,93900.0,93900.0,-6100.0
4042,Juelz Blankenship,paroli,100.0,100000.0,50000.0,1085,0,0.0,81400.0,81400.0,-18600.0
4043,Rosalee Atkins,paroli,100.0,100000.0,50000.0,1164,0,0.0,98200.0,98200.0,-1800.0
4044,Cason Houston,paroli,100.0,100000.0,50000.0,1151,0,0.0,96900.0,96900.0,-3100.0
4045,Lylah Valencia,paroli,100.0,100000.0,50000.0,1116,0,0.0,89100.0,89100.0,-10900.0
4046,Dax Santos,paroli,100.0,100000.0,50000.0,1169,1,0.0,93800.0,93800.0,-6200.0
4047,Alana Castaneda,paroli,100.0,100000.0,50000.0,1114,1,0.0,89600.0,89600.0,-10400.0
4048,Collin Beard,paroli,100.0,100000.0,50000.0,1188,1,0.0,103100.0,103100.0,3100.0
4049,Ezra Dougherty,paroli,100.0,100000.0,50000.0,1094,0,0.0,82300.0,82300.0,-17700.0
4050,Brett Kaur,paroli,100.0,100000.0,50000.0,1145,2,0.0,86300.0,86300.0,-13700.0
4051,Holland Boone,paroli,100.0,100000.0,50000.0,1176,1,0.0,100500.0,100500.0,500.0
4052,Mauricio Kirby,paroli,100.0,100000.0,50000.0,1126,2,0.0,92100.0,92100.0,-7900.0
4053,Skyla Blanchard,paroli,100.0,100000.0,50000.0,1175,1,0.0,99600.0,99600.0,-400.0
4054,Adler Spears,paroli,100.0,100000.0,50000.0,1107,3,0.0,87700.0,87700.0,-12300.0
4055,Isabela Pittman,paroli,100.0,100000.0,50000.0,1186,0,0.0,102900.0,102900.0,2900.0
4056,Valentino Brady,paroli,100.0,100000.0,50000.0,1170,1,0.0,97100.0,97100.0,-2900.0
4057,Ryan Herring,paroli,100.0,100000.0,50000.0,1146,0,0.0,95600.0,95600.0,-4400.0
4058,Henrik Maldonado,paroli,100.0,100000.0,50000.0,1137,0,0.0,93200.0,93200.0,-6800.0
4059,Elaina Malone,paroli,100.0,100000.0,50000.0,1132,2,0.0,91000.0,91000.0,-9000.0
4060,Ruben Morales,paroli,100.0,100000.0,50000.0,1143,0,0.0,94400.0,94400.0,-5600.0
4061,Skylar Olson,paroli,100.0,100000.0,50000.0,1135,0,0.0,95400.0,95400.0,-4600.0
4062,Malachi Murillo,paroli,100.0,100000.0,50000.0,1112,1,0.0,89000.0,89000.0,-11000.0
4063,Mikaela Preston,paroli,100.0,100000.0,50000.0,1150,0,0.0,93500.0,93500.0,-6500.0
4064,Vincenzo Conley,paroli,100.0,100000.0,50000.0,1181,2,0.0,99300.0,99300.0,-700.0
4065,Salem Cline,paroli,100.0,100000.0,50000.0,1106,1,0.0,85500.0,85500.0,-14500.0
4066,Cullen Fields,paroli,100.0,100000.0,50000.0,1187,0,0.0,105100.0,105100.0,5100.0
4067,Annie Smith,paroli,100.0,100000.0,50000.0,1165,1,0.0,96700.0,96700.0,-3300.0
4068,Liam Hardy,paroli,100.0,100000.0,50000.0,1168,1,0.0,96600.0,96600.0,-3400.0
4069,Jessica Gillespie,paroli,100.0,100000.0,50000.0,1133,0,0.0,89800.0,89800.0,-10200.0
4070,Forest Torres,paroli,100.0,100000.0,50000.0,1141,3,0.0,90900.0,90900.0,-9100.0
4071,Violet Archer,paroli,100.0,100000.0,50000.0,1131,1,0.0,90300.0,90300.0,-9700.0
4072,Ephraim Reyna,paroli,100.0,100000.0,50000.0,1127,1,0.0,89200.0,89200.0,-10800.0
4073,Luella Bass,paroli,100.0,100000.0,50000.0,1118,0,0.0,85900.0,85900.0,-14100.0
4074,Landen Mills,paroli,100.0,100000.0,50000.0,1144,1,0.0,96900.0,96900.0,-3100.0
4075,June Jensen,paroli,100.0,100000.0,50000.0,1175,0,0.0,98300.0,98300.0,-1700.0
4076,Cash Sweeney,paroli,100.0,100000.0,50000.0,1217,2,0.0,108900.0,108900.0,8900.0
4077,Yara Casey,paroli,100.0,100000.0,50000.0,1157,1,0.0,99400.0,99400.0,-600.0
4078,Armando Palmer,paroli,100.0,100000.0,50000.0,1153,0,0.0,96600.0,96600.0,-3400.0
4079,Juniper Mays,paroli,100.0,100000.0,50000.0,1147,0,0.0,93400.0,93400.0,-6600.0
4080,Jadiel Neal,paroli,100.0,100000.0,50000.0,1172,0,0.0,102000.0,102000.0,2000.0
4081,Talia Harding,paroli,100.0,100000.0,50000.0,1215,1,0.0,109400.0,109400.0,9400.0
4082,Brodie Gould,paroli,100.0,100000.0,50000.0,1184,1,0.0,100600.0,100600.0,600.0
4083,Violeta Peck,paroli,100.0,100000.0,50000.0,1182,0,0.0,106200.0,106200.0,6200.0
4084,Yousef Valentine,paroli,100.0,100000.0,50000.0,1132,2,0.0,89500.0,89500.0,-10500.0
4085,August Reyes,paroli,100.0,100000.0,50000.0,1191,0,0.0,105700.0,105700.0,5700.0
4086,Eli Strickland,paroli,100.0,100000.0,50000.0,1112,2,0.0,85500.0,85500.0,-14500.0
4087,Nia Whitaker,paroli,100.0,100000.0,50000.0,1139,0,0.0,97000.0,97000.0,-3000.0
4088,Keith Chambers,paroli,100.0,100000.0,50000.0,1177,1,0.0,101600.0,101600.0,1600.0
4089,Makayla Hansen,paroli,100.0,100000.0,50000.0,1167,2,0.0,95000.0,95000.0,-5000.0
4090,Charlie Donovan,paroli,100.0,100000.0,50000.0,1185,0,0.0,99200.0,99200.0,-800.0
4091,Azariah French,paroli,100.0,100000.0,50000.0,1229,0,0.0,108500.0,108500.0,8500.0
4092,Corey Oliver,paroli,100.0,100000.0,50000.0,1162,1,0.0,96100.0,96100.0,-3900.0
4093,Camille Hoover,paroli,100.0,100000.0,50000.0,1087,1,0.0,84300.0,84300.0,-15700.0
4094,Jaziel Cunningham,paroli,100.0,100000.0,50000.0,1176,0,0.0,99300.0,99300.0,-700.0
4095,Marley Hardin,paroli,100.0,100000.0,50000.0,1118,0,0.0,87500.0,87500.0,-12500.0
4096,Hassan Macdonald,paroli,100.0,100000.0,50000.0,1160,2,0.0,97600.0,97600.0,-2400.0
4097,Rosalia Williams,paroli,100.0,100000.0,50000.0,1170,0,0.0,91700.0,91700.0,-8300.0
4098,Oliver Bernal,paroli,100.0,100000.0,50000.0,1124,2,0.0,87900.0,87900.0,-12100.0
4099,Emmeline Robertson,paroli,100.0,100000.0,50000.0,1180,0,0.0,100200.0,100200.0,200.0
4100,Emiliano Douglas,paroli,100.0,100000.0,50000.0,1166,1,0.0,96000.0,96000.0,-4000.0
4101,Aniyah Roy,paroli,100.0,100000.0,50000.0,1122,2,0.0,89600.0,89600.0,-10400.0
4102,Marcelo Noble,paroli,100.0,100000.0,50000.0,1177,3,0.0,93900.0,93900.0,-6100.0
4103,Hunter Stevenson,paroli,100.0,100000.0,50000.0,1110,3,0.0,87300.0,87300.0,-12700.0
4104,Callan Evans,paroli,100.0,100000.0,50000.0,1191,0,0.0,98000.0,98000.0,-2000.0
4105,Eliana Mason,paroli,100.0,100000.0,50000.0,1164,0,0.0,97600.0,97600.0,-2400.0
4106,Brandon Freeman,paroli,100.0,100000.0,50000.0,1106,0,0.0,86900.0,86900.0,-13100.0
4107,Norah Shelton,paroli,100.0,100000.0,50000.0,1139,0,0.0,96600.0,96600.0,-3400.0
4108,Leonel Leon,paroli,100.0,100000.0,50000.0,1126,1,0.0,84500.0,84500.0,-15500.0
4109,Amora Ochoa,paroli,100.0,100000.0,50000.0,1149,3,0.0,94400.0,94400.0,-5600.0
4110,Winston Roberts,paroli,100.0,100000.0,50000.0,1167,0,0.0,97800.0,97800.0,-2200.0
4111,Paisley Ruiz,paroli,100.0,100000.0,50000.0,1163,0,0.0,94500.0,94500.0,-5500.0
4112,Austin Wolf,paroli,100.0,100000.0,50000.0,1198,0,0.0,101400.0,101400.0,1400.0
4113,Jolene Beasley,paroli,100.0,100000.0,50000.0,1149,0,0.0,97200.0,97200.0,-2800.0
4114,Stanley Barrett,paroli,100.0,100000.0,50000.0,1076,0,0.0,77500.0,77500.0,-22500.0
4115,Kendall Hudson,paroli,100.0,100000.0,50000.0,1123,0,0.0,88500.0,88500.0,-11500.0
4116,Peter Duarte,paroli,100.0,100000.0,50000.0,1162,0,0.0,95600.0,95600.0,-4400.0
4117,Kynlee Osborne,paroli,100.0,100000.0,50000.0,1173,1,0.0,99600.0,99600.0,-400.0
4118,Augustus Bowers,paroli,100.0,100000.0,50000.0,1138,0,0.0,91200.0,91200.0,-8800.0
4119,Elisa Arias,paroli,100.0,100000.0,50000.0,1174,0,0.0,101000.0,101000.0,1000.0
4120,Alec Hail,paroli,100.0,100000.0,50000.0,1169,0,0.0,97600.0,97600.0,-2400.0
4121,Lainey Barnett,paroli,100.0,100000.0,50000.0,1162,0,0.0,100000.0,100000.0,0.0
4122,Stephen Figueroa,paroli,100.0,100000.0,50000.0,1152,0,0.0,97500.0,97500.0,-2500.0
4123,Lilith McCoy,paroli,100.0,100000.0,50000.0,1128,0,0.0,89700.0,89700.0,-10300.0
4124,Jett Gonzales,paroli,100.0,100000.0,50000.0,1194,0,0.0,105300.0,105300.0,5300.0
4125,Hadley Cano,paroli,100.0,100000.0,50000.0,1177,1,0.0,101800.0,101800.0,1800.0
4126,Terry Kim,paroli,100.0,100000.0,50000.0,1164,0,0.0,96300.0,96300.0,-3700.0
4127,Gabriella Bruce,paroli,100.0,100000.0,50000.0,1132,0,0.0,88700.0,88700.0,-11300.0
4128,Uriah Greer,paroli,100.0,100000.0,50000.0,1189,0,0.0,100100.0,100100.0,100.0
4129,Reina English,paroli,100.0,100000.0,50000.0,1087,0,0.0,80600.0,80600.0,-19400.0
4130,Junior Leblanc,paroli,100.0,100000.0,50000.0,1131,1,0.0,92100.0,92100.0,-7900.0
4131,Novalee Conner,paroli,100.0,100000.0,50000.0,1136,1,0.0,88000.0,88000.0,-12000.0
4132,Phillip Mayer,paroli,100.0,100000.0,50000.0,1111,1,0.0,90700.0,90700.0,-9300.0
4133,Ainhoa Franklin,paroli,100.0,100000.0,50000.0,1109,0,0.0,84500.0,84500.0,-15500.0
4134,Simon Sutton,paroli,100.0,100000.0,50000.0,1137,1,0.0,92800.0,92800.0,-7200.0
4135,Izabella Carrillo,paroli,100.0,100000.0,50000.0,1112,2,0.0,84300.0,84300.0,-15700.0
4136,Wade Santana,paroli,100.0,100000.0,50000.0,1168,1,0.0,100400.0,100400.0,400.0
4137,Myra Stevenson,paroli,100.0,100000.0,50000.0,1087,3,0.0,84700.0,84700.0,-15300.0
4138,Callan Acosta,paroli,100.0,100000.0,50000.0,1158,0,0.0,95400.0,95400.0,-4600.0
4139,Kaia Guerra,paroli,100.0,100000.0,50000.0,1147,1,0.0,87200.0,87200.0,-12800.0
4140,Leland Curry,paroli,100.0,100000.0,50000.0,1181,1,0.0,100100.0,100100.0,100.0
4141,Alison Gordon,paroli,100.0,100000.0,50000.0,1196,1,0.0,102000.0,102000.0,2000.0
4142,Karter Sloan,paroli,100.0,100000.0,50000.0,1127,1,0.0,92300.0,92300.0,-7700.0
4143,Selene Andersen,paroli,100.0,100000.0,50000.0,1122,0,0.0,88400.0,88400.0,-11600.0
4144,Alistair Shaffer,paroli,100.0,100000.0,50000.0,1169,0,0.0,102500.0,102500.0,2500.0
4145,Alanna Glover,paroli,100.0,100000.0,50000.0,1176,0,0.0,99100.0,99100.0,-900.0
4146,Mack Reyna,paroli,100.0,100000.0,50000.0,1092,0,0.0,85000.0,85000.0,-15000.0
4147,Luella Hester,paroli,100.0,100000.0,50000.0,1114,0,0.0,89500.0,89500.0,-10500.0
4148,Rene Dodson,paroli,100.0,100000.0,50000.0,1195,1,0.0,109500.0,109500.0,9500.0
4149,Etta Frank,paroli,100.0,100000.0,50000.0,1166,0,0.0,93700.0,93700.0,-6300.0
4150,Braylen Saunders,paroli,100.0,100000.0,50000.0,1098,0,0.0,82300.0,82300.0,-17700.0
4151,Meadow Collins,paroli,100.0,100000.0,50000.0,1223,0,0.0,106600.0,106600.0,6600.0
4152,Miles Santana,paroli,100.0,100000.0,50000.0,1168,2,0.0,97400.0,97400.0,-2600.0
4153,Myra Booker,paroli,100.0,100000.0,50000.0,1157,1,0.0,98200.0,98200.0,-1800.0
4154,Dominik Montoya,paroli,100.0,100000.0,50000.0,1143,0,0.0,94300.0,94300.0,-5700.0
4155,Kamryn Jacobs,paroli,100.0,100000.0,50000.0,1141,0,0.0,88400.0,88400.0,-11600.0
4156,Bryan Bryant,paroli,100.0,100000.0,50000.0,1190,0,0.0,102400.0,102400.0,2400.0
4157,Parker Willis,paroli,100.0,100000.0,50000.0,1171,1,0.0,100500.0,100500.0,500.0
4158,Remington Trujillo,paroli,100.0,100000.0,50000.0,1164,1,0.0,98800.0,98800.0,-1200.0
4159,Danielle Gill,paroli,100.0,100000.0,50000.0,1131,1,0.0,92100.0,92100.0,-7900.0
4160,Matthias Noble,paroli,100.0,100000.0,50000.0,1170,1,0.0,95300.0,95300.0,-4700.0
4161,Hunter Tanner,paroli,100.0,100000.0,50000.0,1143,0,0.0,95500.0,95500.0,-4500.0
4162,Bruno Dodson,paroli,100.0,100000.0,50000.0,1088,0,0.0,84600.0,84600.0,-15400.0
4163,Etta Strong,paroli,100.0,100000.0,50000.0,1129,0,0.0,90200.0,90200.0,-9800.0
4164,Axl Robbins,paroli,100.0,100000.0,50000.0,1117,0,0.0,91600.0,91600.0,-8400.0
4165,Stevie Johns,paroli,100.0,100000.0,50000.0,1099,1,0.0,84200.0,84200.0,-15800.0
4166,Joziah Leonard,paroli,100.0,100000.0,50000.0,1061,0,0.0,75000.0,75000.0,-25000.0
4167,Demi Blanchard,paroli,100.0,100000.0,50000.0,1108,0,0.0,85100.0,85100.0,-14900.0
4168,Adler Villarreal,paroli,100.0,100000.0,50000.0,1149,1,0.0,93500.0,93500.0,-6500.0
4169,Jazlyn Vang,paroli,100.0,100000.0,50000.0,1111,0,0.0,87700.0,87700.0,-12300.0
4170,Jimmy Everett,paroli,100.0,100000.0,50000.0,1136,1,0.0,90300.0,90300.0,-9700.0
4171,Noah Meyer,paroli,100.0,100000.0,50000.0,1117,1,0.0,84500.0,84500.0,-15500.0
4172,Tristan Cruz,paroli,100.0,100000.0,50000.0,1155,1,0.0,98700.0,98700.0,-1300.0
4173,Claire Adkins,paroli,100.0,100000.0,50000.0,1129,1,0.0,89900.0,89900.0,-10100.0
4174,Kylo Gallegos,paroli,100.0,100000.0,50000.0,1183,0,0.0,101200.0,101200.0,1200.0
4175,Ari Chase,paroli,100.0,100000.0,50000.0,1186,4,0.0,101000.0,101000.0,1000.0
4176,Otis McCullough,paroli,100.0,100000.0,50000.0,1134,0,0.0,91500.0,91500.0,-8500.0
4177,Hana Duffy,paroli,100.0,100000.0,50000.0,1164,0,0.0,92700.0,92700.0,-7300.0
4178,Kyng Conley,paroli,100.0,100000.0,50000.0,1160,1,0.0,99600.0,99600.0,-400.0
4179,Salem Brooks,paroli,100.0,100000.0,50000.0,1129,0,0.0,90400.0,90400.0,-9600.0
4180,Jordan Bryant,paroli,100.0,100000.0,50000.0,1153,1,0.0,94100.0,94100.0,-5900.0
4181,Parker Barajas,paroli,100.0,100000.0,50000.0,1113,0,0.0,88500.0,88500.0,-11500.0
4182,Brennan Person,paroli,100.0,100000.0,50000.0,1180,0,0.0,101000.0,101000.0,1000.0
4183,Dylan Shelton,paroli,100.0,100000.0,50000.0,1152,3,0.0,93400.0,93400.0,-6600.0
4184,Leonel Carroll,paroli,100.0,100000.0,50000.0,1055,2,0.0,75100.0,75100.0,-24900.0
4185,Zara Mullins,paroli,100.0,100000.0,50000.0,1122,0,0.0,87400.0,87400.0,-12600.0
4186,Allen Walters,paroli,100.0,100000.0,50000.0,1127,0,0.0,91000.0,91000.0,-9000.0
4187,Samara Barry,paroli,100.0,100000.0,50000.0,1168,0,0.0,96800.0,96800.0,-3200.0
4188,Emery Horton,paroli,100.0,100000.0,50000.0,1181,0,0.0,98500.0,98500.0,-1500.0
4189,Aitana Shepherd,paroli,100.0,100000.0,50000.0,1124,1,0.0,85900.0,85900.0,-14100.0
4190,Ronald Gross,paroli,100.0,100000.0,50000.0,1167,0,0.0,100600.0,100600.0,600.0
4191,Angel Michael,paroli,100.0,100000.0,50000.0,1130,1,0.0,98700.0,98700.0,-1300.0
4192,Bronson Michael,paroli,100.0,100000.0,50000.0,1174,2,0.0,96800.0,96800.0,-3200.0
4193,Aubriella Duke,paroli,100.0,100000.0,50000.0,1162,0,0.0,97700.0,97700.0,-2300.0
4194,Kalel Salazar,paroli,100.0,100000.0,50000.0,1111,0,0.0,85500.0,85500.0,-14500.0
4195,Freya Nash,paroli,100.0,100000.0,50000.0,1140,0,0.0,91000.0,91000.0,-9000.0
4196,Chandler Hendricks,paroli,100.0,100000.0,50000.0,1190,0,0.0,105100.0,105100.0,5100.0
4197,Dani Boone,paroli,100.0,100000.0,50000.0,1123,0,0.0,88100.0,88100.0,-11900.0
4198,Mauricio Day,paroli,100.0,100000.0,50000.0,1175,2,0.0,96100.0,96100.0,-3900.0
4199,Hayden Jones,paroli,100.0,100000.0,50000.0,1147,0,0.0,93300.0,93300.0,-6700.0
4200,William Little,paroli,100.0,100000.0,50000.0,1187,1,0.0,101200.0,101200.0,1200.0
4201,Harley Lindsey,paroli,100.0,100000.0,50000.0,1134,0,0.0,91700.0,91700.0,-8300.0
4202,Jayson Sullivan,paroli,100.0,100000.0,50000.0,1155,1,0.0,95100.0,95100.0,-4900.0
4203,Melanie Campbell,paroli,100.0,100000.0,50000.0,1192,1,0.0,96700.0,96700.0,-3300.0
4204,Christopher Lozano,paroli,100.0,100000.0,50000.0,1146,0,0.0,92600.0,92600.0,-7400.0
4205,Cecelia Parks,paroli,100.0,100000.0,50000.0,1174,2,0.0,102700.0,102700.0,2700.0
4206,Gianni Clements,paroli,100.0,100000.0,50000.0,1083,6,0.0,87000.0,87000.0,-13000.0
4207,Cara Knox,paroli,100.0,100000.0,50000.0,1163,0,0.0,97300.0,97300.0,-2700.0
4208,Valentin Simon,paroli,100.0,100000.0,50000.0,1119,0,0.0,88500.0,88500.0,-11500.0
4209,Kalani Contreras,paroli,100.0,100000.0,50000.0,1194,1,0.0,101500.0,101500.0,1500.0
4210,Emilio Acevedo,paroli,100.0,100000.0,50000.0,1119,0,0.0,86000.0,86000.0,-14000.0
4211,Ashlynn Peterson,paroli,100.0,100000.0,50000.0,1148,1,0.0,94200.0,94200.0,-5800.0
4212,Santiago Randolph,paroli,100.0,100000.0,50000.0,1145,1,0.0,98100.0,98100.0,-1900.0
4213,Kailey Crawford,paroli,100.0,100000.0,50000.0,1126,1,0.0,88600.0,88600.0,-11400.0
4214,Kevin Tucker,paroli,100.0,100000.0,50000.0,1202,0,0.0,102600.0,102600.0,2600.0
4215,Esther Collier,paroli,100.0,100000.0,50000.0,1172,0,0.0,97000.0,97000.0,-3000.0
4216,Edison Aguirre,paroli,100.0,100000.0,50000.0,1193,2,0.0,102800.0,102800.0,2800.0
4217,Ariah McCullough,paroli,100.0,100000.0,50000.0,1237,1,0.0,112100.0,112100.0,12100.0
4218,Briar Bowman,paroli,100.0,100000.0,50000.0,1206,1,0.0,108300.0,108300.0,8300.0
4219,Fiona Guzman,paroli,100.0,100000.0,50000.0,1133,1,0.0,87900.0,87900.0,-12100.0
4220,Jude Rhodes,paroli,100.0,100000.0,50000.0,1172,1,0.0,97600.0,97600.0,-2400.0
4221,Tatum Shepard,paroli,100.0,100000.0,50000.0,1116,0,0.0,85500.0,85500.0,-14500.0
4222,Damari Douglas,paroli,100.0,100000.0,50000.0,1135,7,0.0,87500.0,87500.0,-12500.0
4223,Aniyah Montgomery,paroli,100.0,100000.0,50000.0,1163,3,0.0,100600.0,100600.0,600.0
4224,Maximiliano Ramirez,paroli,100.0,100000.0,50000.0,1118,1,0.0,88000.0,88000.0,-12000.0
4225,Grace Collins,paroli,100.0,100000.0,50000.0,1112,0,0.0,87300.0,87300.0,-12700.0
4226,Miles Lynch,paroli,100.0,100000.0,50000.0,1164,0,0.0,100400.0,100400.0,400.0
4227,Malia Whitney,paroli,100.0,100000.0,50000.0,1172,1,0.0,96800.0,96800.0,-3200.0
4228,Jeffery Lopez,paroli,100.0,100000.0,50000.0,1147,1,0.0,93900.0,93900.0,-6100.0
4229,Gianna Brandt,paroli,100.0,100000.0,50000.0,1168,0,0.0,101700.0,101700.0,1700.0
4230,Damir Leon,paroli,100.0,100000.0,50000.0,1198,0,0.0,104600.0,104600.0,4600.0
4231,Amora Maynard,paroli,100.0,100000.0,50000.0,1127,2,0.0,91500.0,91500.0,-8500.0
4232,Landry Norman,paroli,100.0,100000.0,50000.0,1127,0,0.0,89700.0,89700.0,-10300.0
4233,Malani Robertson,paroli,100.0,100000.0,50000.0,1172,1,0.0,100000.0,100000.0,0.0
4234,Emiliano Mills,paroli,100.0,100000.0,50000.0,1172,0,0.0,101100.0,101100.0,1100.0
4235,June Warren,paroli,100.0,100000.0,50000.0,1156,0,0.0,96000.0,96000.0,-4000.0
4236,Abel Bautista,paroli,100.0,100000.0,50000.0,1145,0,0.0,96100.0,96100.0,-3900.0
4237,Antonella Ruiz,paroli,100.0,100000.0,50000.0,1158,0,0.0,91200.0,91200.0,-8800.0
4238,Austin Ellison,paroli,100.0,100000.0,50000.0,1138,1,0.0,93200.0,93200.0,-6800.0
4239,Raina Rangel,paroli,100.0,100000.0,50000.0,1149,1,0.0,97100.0,97100.0,-2900.0
4240,Saint Tapia,paroli,100.0,100000.0,50000.0,1180,1,0.0,98300.0,98300.0,-1700.0
4241,Michaela Davenport,paroli,100.0,100000.0,50000.0,1153,1,0.0,94000.0,94000.0,-6000.0
4242,Dariel Garner,paroli,100.0,100000.0,50000.0,1135,1,0.0,93400.0,93400.0,-6600.0
4243,Jacqueline Brooks,paroli,100.0,100000.0,50000.0,1189,0,0.0,103900.0,103900.0,3900.0
4244,Jordan Montes,paroli,100.0,100000.0,50000.0,1198,1,0.0,98100.0,98100.0,-1900.0
4245,Roselyn Miles,paroli,100.0,100000.0,50000.0,1121,2,0.0,91300.0,91300.0,-8700.0
4246,Jared Lin,paroli,100.0,100000.0,50000.0,1117,5,0.0,87800.0,87800.0,-12200.0
4247,Makenna Gray,paroli,100.0,100000.0,50000.0,1118,0,0.0,85900.0,85900.0,-14100.0
4248,Nicholas Pruitt,paroli,100.0,100000.0,50000.0,1132,0,0.0,95000.0,95000.0,-5000.0
4249,Brylee Sanford,paroli,100.0,100000.0,50000.0,1168,1,0.0,100200.0,100200.0,200.0
4250,Truett Reyes,paroli,100.0,100000.0,50000.0,1186,0,0.0,101100.0,101100.0,1100.0
4251,Audrey Ingram,paroli,100.0,100000.0,50000.0,1153,2,0.0,101200.0,101200.0,1200.0
4252,Tripp McCarty,paroli,100.0,100000.0,50000.0,1131,1,0.0,96500.0,96500.0,-3500.0
4253,Halo Nunez,paroli,100.0,100000.0,50000.0,1149,1,0.0,93500.0,93500.0,-6500.0
4254,Caden Buck,paroli,100.0,100000.0,50000.0,1132,1,0.0,87100.0,87100.0,-12900.0
4255,Livia Maldonado,paroli,100.0,100000.0,50000.0,1132,1,0.0,90900.0,90900.0,-9100.0
4256,Javier Cervantes,paroli,100.0,100000.0,50000.0,1196,0,0.0,105600.0,105600.0,5600.0
4257,Aylin Dejesus,paroli,100.0,100000.0,50000.0,1130,5,0.0,93100.0,93100.0,-6900.0
4258,Rio Brewer,paroli,100.0,100000.0,50000.0,1129,0,0.0,88500.0,88500.0,-11500.0
4259,Thea Galvan,paroli,100.0,100000.0,50000.0,1129,0,0.0,87500.0,87500.0,-12500.0
4260,Kingsley Arroyo,paroli,100.0,100000.0,50000.0,1165,1,0.0,95800.0,95800.0,-4200.0
4261,Kyra Baldwin,paroli,100.0,100000.0,50000.0,1127,0,0.0,93700.0,93700.0,-6300.0
4262,Jaiden McCann,paroli,100.0,100000.0,50000.0,1115,1,0.0,84600.0,84600.0,-15400.0
4263,Joyce Davenport,paroli,100.0,100000.0,50000.0,1136,1,0.0,96000.0,96000.0,-4000.0
4264,Dariel Cross,paroli,100.0,100000.0,50000.0,1102,0,0.0,84300.0,84300.0,-15700.0
4265,Nayeli Salazar,paroli,100.0,100000.0,50000.0,1154,1,0.0,94200.0,94200.0,-5800.0
4266,Brody Walton,paroli,100.0,100000.0,50000.0,1145,0,0.0,92400.0,92400.0,-7600.0
4267,Scarlet Nolan,paroli,100.0,100000.0,50000.0,1078,1,0.0,80800.0,80800.0,-19200.0
4268,Maximo Yoder,paroli,100.0,100000.0,50000.0,1153,1,0.0,99000.0,99000.0,-1000.0
4269,Emerie Vazquez,paroli,100.0,100000.0,50000.0,1150,1,0.0,95800.0,95800.0,-4200.0
4270,Jesse Valdez,paroli,100.0,100000.0,50000.0,1215,1,0.0,106400.0,106400.0,6400.0
4271,Diana Michael,paroli,100.0,100000.0,50000.0,1128,0,0.0,87700.0,87700.0,-12300.0
4272,Bronson Daniels,paroli,100.0,100000.0,50000.0,1158,1,0.0,95700.0,95700.0,-4300.0
4273,Ember Xiong,paroli,100.0,100000.0,50000.0,1167,0,0.0,95500.0,95500.0,-4500.0
4274,Azrael Sparks,paroli,100.0,100000.0,50000.0,1177,0,0.0,100200.0,100200.0,200.0
4275,Aisha Carson,paroli,100.0,100000.0,50000.0,1168,0,0.0,97100.0,97100.0,-2900.0
4276,Ares Jaramillo,paroli,100.0,100000.0,50000.0,1247,0,0.0,118500.0,118500.0,18500.0
4277,Guadalupe Garrison,paroli,100.0,100000.0,50000.0,1117,0,0.0,91200.0,91200.0,-8800.0
4278,Noe Castillo,paroli,100.0,100000.0,50000.0,1159,0,0.0,91700.0,91700.0,-8300.0
4279,Eva Holt,paroli,100.0,100000.0,50000.0,1186,2,0.0,99600.0,99600.0,-400.0
4280,Niko Lugo,paroli,100.0,100000.0,50000.0,1079,1,0.0,80600.0,80600.0,-19400.0
4281,Kaylie Bradshaw,paroli,100.0,100000.0,50000.0,1192,2,0.0,100000.0,100000.0,0.0
4282,Emory Randall,paroli,100.0,100000.0,50000.0,1122,0,0.0,86300.0,86300.0,-13700.0
4283,Christina Shannon,paroli,100.0,100000.0,50000.0,1132,0,0.0,97100.0,97100.0,-2900.0
4284,Eliel Cabrera,paroli,100.0,100000.0,50000.0,1155,0,0.0,92400.0,92400.0,-7600.0
4285,Daleyza Ventura,paroli,100.0,100000.0,50000.0,1192,0,0.0,102500.0,102500.0,2500.0
4286,Branson Horne,paroli,100.0,100000.0,50000.0,1160,0,0.0,97100.0,97100.0,-2900.0
4287,Marlowe Wolf,paroli,100.0,100000.0,50000.0,1133,0,0.0,90000.0,90000.0,-10000.0
4288,Jase Goodwin,paroli,100.0,100000.0,50000.0,1152,0,0.0,96800.0,96800.0,-3200.0
4289,Shiloh Phillips,paroli,100.0,100000.0,50000.0,1136,0,0.0,93800.0,93800.0,-6200.0
4290,Andrew Stewart,paroli,100.0,100000.0,50000.0,1172,2,0.0,98400.0,98400.0,-1600.0
4291,Maya Person,paroli,100.0,100000.0,50000.0,1090,0,0.0,82300.0,82300.0,-17700.0
4292,Moses Hill,paroli,100.0,100000.0,50000.0,1170,0,0.0,98300.0,98300.0,-1700.0
4293,Hannah Anderson,paroli,100.0,100000.0,50000.0,1190,0,0.0,100900.0,100900.0,900.0
4294,Jacob Mays,paroli,100.0,100000.0,50000.0,1155,1,0.0,92400.0,92400.0,-7600.0
4295,Denisse Simpson,paroli,100.0,100000.0,50000.0,1167,1,0.0,98700.0,98700.0,-1300.0
4296,Elliott Dalton,paroli,100.0,100000.0,50000.0,1142,0,0.0,88300.0,88300.0,-11700.0
4297,Lilian Freeman,paroli,100.0,100000.0,50000.0,1115,0,0.0,86800.0,86800.0,-13200.0
4298,Jayce Nelson,paroli,100.0,100000.0,50000.0,1182,1,0.0,104000.0,104000.0,4000.0
4299,Everly Acosta,paroli,100.0,100000.0,50000.0,1143,1,0.0,96300.0,96300.0,-3700.0
4300,Jensen Horn,paroli,100.0,100000.0,50000.0,1110,2,0.0,86100.0,86100.0,-13900.0
4301,Avah David,paroli,100.0,100000.0,50000.0,1166,2,0.0,95300.0,95300.0,-4700.0
4302,Alonso Christensen,paroli,100.0,100000.0,50000.0,1178,2,0.0,99100.0,99100.0,-900.0
4303,Carmen Flores,paroli,100.0,100000.0,50000.0,1145,1,0.0,94000.0,94000.0,-6000.0
4304,Lincoln Garza,paroli,100.0,100000.0,50000.0,1165,2,0.0,92900.0,92900.0,-7100.0
4305,River Price,paroli,100.0,100000.0,50000.0,1237,1,0.0,113700.0,113700.0,13700.0
4306,Brooks Williams,paroli,100.0,100000.0,50000.0,1123,0,0.0,90000.0,90000.0,-10000.0
4307,Ava Hammond,paroli,100.0,100000.0,50000.0,1168,0,0.0,98600.0,98600.0,-1400.0
4308,Francis Malone,paroli,100.0,100000.0,50000.0,1219,1,0.0,106700.0,106700.0,6700.0
4309,Skyler Monroe,paroli,100.0,100000.0,50000.0,1160,0,0.0,104300.0,104300.0,4300.0
4310,Colby Reese,paroli,100.0,100000.0,50000.0,1113,0,0.0,90000.0,90000.0,-10000.0
4311,Rosemary Browning,paroli,100.0,100000.0,50000.0,1141,1,0.0,93700.0,93700.0,-6300.0
4312,Rohan Vu,paroli,100.0,100000.0,50000.0,1158,1,0.0,98800.0,98800.0,-1200.0
4313,Kimora Crawford,paroli,100.0,100000.0,50000.0,1153,0,0.0,98900.0,98900.0,-1100.0
4314,Kevin Glass,paroli,100.0,100000.0,50000.0,1151,1,0.0,92500.0,92500.0,-7500.0
4315,Clare Bowers,paroli,100.0,100000.0,50000.0,1215,0,0.0,107800.0,107800.0,7800.0
4316,Dorian Conway,paroli,100.0,100000.0,50000.0,1151,0,0.0,96400.0,96400.0,-3600.0
4317,Ryann Hartman,paroli,100.0,100000.0,50000.0,1155,1,0.0,97600.0,97600.0,-2400.0
4318,Baker Austin,paroli,100.0,100000.0,50000.0,1134,0,0.0,89800.0,89800.0,-10200.0
4319,Alivia Villegas,paroli,100.0,100000.0,50000.0,1179,1,0.0,100200.0,100200.0,200.0
4320,Clyde Valdez,paroli,100.0,100000.0,50000.0,1142,0,0.0,93900.0,93900.0,-6100.0
4321,Diana Whitaker,paroli,100.0,100000.0,50000.0,1167,1,0.0,102700.0,102700.0,2700.0
4322,Keith Burnett,paroli,100.0,100000.0,50000.0,1096,1,0.0,84100.0,84100.0,-15900.0
4323,Emberly Myers,paroli,100.0,100000.0,50000.0,1172,0,0.0,103400.0,103400.0,3400.0
4324,Adam Romero,paroli,100.0,100000.0,50000.0,1139,0,0.0,90900.0,90900.0,-9100.0
4325,Eliza Herring,paroli,100.0,100000.0,50000.0,1117,1,0.0,90200.0,90200.0,-9800.0
4326,Henrik Hodges,paroli,100.0,100000.0,50000.0,1168,8,0.0,94000.0,94000.0,-6000.0
4327,Eve Sims,paroli,100.0,100000.0,50000.0,1128,0,0.0,94100.0,94100.0,-5900.0
4328,Brian Potter,paroli,100.0,100000.0,50000.0,1093,0,0.0,86300.0,86300.0,-13700.0
4329,Rory Miles,paroli,100.0,100000.0,50000.0,1169,1,0.0,97100.0,97100.0,-2900.0
4330,Jared Davidson,paroli,100.0,100000.0,50000.0,1139,1,0.0,92400.0,92400.0,-7600.0
4331,Jayla Galindo,paroli,100.0,100000.0,50000.0,1175,2,0.0,96900.0,96900.0,-3100.0
4332,Salvatore Gray,paroli,100.0,100000.0,50000.0,1143,0,0.0,89200.0,89200.0,-10800.0
4333,Sarah Molina,paroli,100.0,100000.0,50000.0,1223,1,0.0,109100.0,109100.0,9100.0
4334,Prince Ramsey,paroli,100.0,100000.0,50000.0,1124,0,0.0,89200.0,89200.0,-10800.0
4335,Lyric Richardson,paroli,100.0,100000.0,50000.0,1219,1,0.0,109900.0,109900.0,9900.0
4336,Robert Schmidt,paroli,100.0,100000.0,50000.0,1125,0,0.0,85800.0,85800.0,-14200.0
4337,Kimberly Walton,paroli,100.0,100000.0,50000.0,1172,0,0.0,97400.0,97400.0,-2600.0
4338,Dominick Yoder,paroli,100.0,100000.0,50000.0,1217,0,0.0,105600.0,105600.0,5600.0
4339,Emerie Kelley,paroli,100.0,100000.0,50000.0,1230,1,0.0,108600.0,108600.0,8600.0
4340,Eric Manning,paroli,100.0,100000.0,50000.0,1116,2,0.0,88800.0,88800.0,-11200.0
4341,Jennifer Curry,paroli,100.0,100000.0,50000.0,1128,0,0.0,89400.0,89400.0,-10600.0
4342,Briggs Johnson,paroli,100.0,100000.0,50000.0,1140,1,0.0,92600.0,92600.0,-7400.0
4343,Emma Clayton,paroli,100.0,100000.0,50000.0,1119,1,0.0,88300.0,88300.0,-11700.0
4344,Boston Walsh,paroli,100.0,100000.0,50000.0,1130,1,0.0,87900.0,87900.0,-12100.0
4345,Leia Rivas,paroli,100.0,100000.0,50000.0,1174,0,0.0,102800.0,102800.0,2800.0
4346,Damon Villegas,paroli,100.0,100000.0,50000.0,1186,2,0.0,105300.0,105300.0,5300.0
4347,Jessie McCann,paroli,100.0,100000.0,50000.0,1125,1,0.0,90900.0,90900.0,-9100.0
4348,Heath Dunlap,paroli,100.0,100000.0,50000.0,1165,3,0.0,96600.0,96600.0,-3400.0
4349,Iliana Cooper,paroli,100.0,100000.0,50000.0,1147,0,0.0,90900.0,90900.0,-9100.0
4350,Jonathan Dougherty,paroli,100.0,100000.0,50000.0,1192,1,0.0,103400.0,103400.0,3400.0
4351,Alisson Clements,paroli,100.0,100000.0,50000.0,1187,1,0.0,100600.0,100600.0,600.0
4352,Fisher Acevedo,paroli,100.0,100000.0,50000.0,1173,1,0.0,98200.0,98200.0,-1800.0
4353,Ashlynn Lang,paroli,100.0,100000.0,50000.0,1169,1,0.0,97300.0,97300.0,-2700.0
4354,Wells Dunlap,paroli,100.0,100000.0,50000.0,1143,0,0.0,91600.0,91600.0,-8400.0
4355,Iliana Calderon,paroli,100.0,100000.0,50000.0,1154,0,0.0,96100.0,96100.0,-3900.0
4356,Oakley Becker,paroli,100.0,100000.0,50000.0,1123,2,0.0,90000.0,90000.0,-10000.0
4357,Laura Fields,paroli,100.0,100000.0,50000.0,1200,1,0.0,103500.0,103500.0,3500.0
4358,Clayton Austin,paroli,100.0,100000.0,50000.0,1162,0,0.0,98300.0,98300.0,-1700.0
4359,Alivia McIntosh,paroli,100.0,100000.0,50000.0,1162,1,0.0,98300.0,98300.0,-1700.0
4360,Kristian Owen,paroli,100.0,100000.0,50000.0,1133,2,0.0,91100.0,91100.0,-8900.0
4361,Mikayla Myers,paroli,100.0,100000.0,50000.0,1142,0,0.0,88200.0,88200.0,-11800.0
4362,Adam Lugo,paroli,100.0,100000.0,50000.0,1128,0,0.0,85200.0,85200.0,-14800.0
4363,Kaylie Booker,paroli,100.0,100000.0,50000.0,1106,1,0.0,91800.0,91800.0,-8200.0
4364,Dominik Ortega,paroli,100.0,100000.0,50000.0,1157,0,0.0,98300.0,98300.0,-1700.0
4365,Lilah Ross,paroli,100.0,100000.0,50000.0,1182,3,0.0,92300.0,92300.0,-7700.0
4366,Wesley Friedman,paroli,100.0,100000.0,50000.0,1158,2,0.0,93500.0,93500.0,-6500.0
4367,Aspyn Ruiz,paroli,100.0,100000.0,50000.0,1145,1,0.0,92400.0,92400.0,-7600.0
4368,Austin Foster,paroli,100.0,100000.0,50000.0,1174,0,0.0,97500.0,97500.0,-2500.0
4369,Brielle Rocha,paroli,100.0,100000.0,50000.0,1130,0,0.0,92500.0,92500.0,-7500.0
4370,Onyx Juarez,paroli,100.0,100000.0,50000.0,1110,1,0.0,87000.0,87000.0,-13000.0
4371,Juliet Morris,paroli,100.0,100000.0,50000.0,1160,0,0.0,97000.0,97000.0,-3000.0
4372,Christian Ayala,paroli,100.0,100000.0,50000.0,1150,0,0.0,96900.0,96900.0,-3100.0
4373,Blair Webster,paroli,100.0,100000.0,50000.0,1133,0,0.0,86400.0,86400.0,-13600.0
4374,Shawn Roth,paroli,100.0,100000.0,50000.0,1152,1,0.0,93800.0,93800.0,-6200.0
4375,Elliot Logan,paroli,100.0,100000.0,50000.0,1138,1,0.0,94800.0,94800.0,-5200.0
4376,Rocco Vu,paroli,100.0,100000.0,50000.0,1156,0,0.0,98200.0,98200.0,-1800.0
4377,Kimora Flowers,paroli,100.0,100000.0,50000.0,1150,0,0.0,96000.0,96000.0,-4000.0
4378,Saul Contreras,paroli,100.0,100000.0,50000.0,1200,1,0.0,104500.0,104500.0,4500.0
4379,Daniela Russo,paroli,100.0,100000.0,50000.0,1187,1,0.0,101900.0,101900.0,1900.0
4380,Jamie Solis,paroli,100.0,100000.0,50000.0,1173,0,0.0,95400.0,95400.0,-4600.0
4381,Miracle Simon,paroli,100.0,100000.0,50000.0,1128,1,0.0,92700.0,92700.0,-7300.0
4382,Zayne Harrington,paroli,100.0,100000.0,50000.0,1142,0,0.0,89300.0,89300.0,-10700.0
4383,Legacy Hickman,paroli,100.0,100000.0,50000.0,1193,2,0.0,105200.0,105200.0,5200.0
4384,Jakobe Ellison,paroli,100.0,100000.0,50000.0,1144,2,0.0,93500.0,93500.0,-6500.0
4385,Raina Pena,paroli,100.0,100000.0,50000.0,1140,0,0.0,93900.0,93900.0,-6100.0
4386,Marcus Sparks,paroli,100.0,100000.0,50000.0,1223,0,0.0,108400.0,108400.0,8400.0
4387,Aisha Robinson,paroli,100.0,100000.0,50000.0,1149,0,0.0,92000.0,92000.0,-8000.0
4388,Matthew Meza,paroli,100.0,100000.0,50000.0,1170,2,0.0,94800.0,94800.0,-5200.0
4389,Rosa Lang,paroli,100.0,100000.0,50000.0,1122,1,0.0,89300.0,89300.0,-10700.0
4390,Wells Woodward,paroli,100.0,100000.0,50000.0,1148,2,0.0,93700.0,93700.0,-6300.0
4391,Drew Trejo,paroli,100.0,100000.0,50000.0,1160,1,0.0,96000.0,96000.0,-4000.0
4392,Wesson Smith,paroli,100.0,100000.0,50000.0,1134,4,0.0,89400.0,89400.0,-10600.0
4393,Olivia Oliver,paroli,100.0,100000.0,50000.0,1104,0,0.0,87400.0,87400.0,-12600.0
4394,Karson Walker,paroli,100.0,100000.0,50000.0,1161,0,0.0,96800.0,96800.0,-3200.0
4395,Hazel Harding,paroli,100.0,100000.0,50000.0,1150,1,0.0,98100.0,98100.0,-1900.0
4396,Brodie Casey,paroli,100.0,100000.0,50000.0,1107,1,0.0,90000.0,90000.0,-10000.0
4397,Sylvia Melendez,paroli,100.0,100000.0,50000.0,1145,0,0.0,93000.0,93000.0,-7000.0
4398,Nikolas Jensen,paroli,100.0,100000.0,50000.0,1160,0,0.0,98100.0,98100.0,-1900.0
4399,Jane Hammond,paroli,100.0,100000.0,50000.0,1135,0,0.0,89300.0,89300.0,-10700.0
4400,Francis Esquivel,paroli,100.0,100000.0,50000.0,1176,3,0.0,100600.0,100600.0,600.0
4401,Jaylee Gilmore,paroli,100.0,100000.0,50000.0,1153,0,0.0,96500.0,96500.0,-3500.0
4402,Vihaan Mejia,paroli,100.0,100000.0,50000.0,1158,2,0.0,94800.0,94800.0,-5200.0
4403,Saylor Gomez,paroli,100.0,100000.0,50000.0,1117,0,0.0,86300.0,86300.0,-13700.0
4404,Isaiah Hanna,paroli,100.0,100000.0,50000.0,1153,0,0.0,98200.0,98200.0,-1800.0
4405,Cynthia Soto,paroli,100.0,100000.0,50000.0,1207,1,0.0,109200.0,109200.0,9200.0
4406,Barrett Olson,paroli,100.0,100000.0,50000.0,1171,0,0.0,98700.0,98700.0,-1300.0
4407,Isabel Mann,paroli,100.0,100000.0,50000.0,1106,0,0.0,87700.0,87700.0,-12300.0
4408,Nehemiah Navarro,paroli,100.0,100000.0,50000.0,1188,0,0.0,102400.0,102400.0,2400.0
4409,Winter Pierce,paroli,100.0,100000.0,50000.0,1178,1,0.0,100700.0,100700.0,700.0
4410,Nicolas Arnold,paroli,100.0,100000.0,50000.0,1126,1,0.0,90900.0,90900.0,-9100.0
4411,Finley Dudley,paroli,100.0,100000.0,50000.0,1094,0,0.0,86200.0,86200.0,-13800.0
4412,Colter Shelton,paroli,100.0,100000.0,50000.0,1199,5,0.0,104600.0,104600.0,4600.0
4413,Makenzie Farrell,paroli,100.0,100000.0,50000.0,1178,1,0.0,93900.0,93900.0,-6100.0
4414,Ty Miles,paroli,100.0,100000.0,50000.0,1204,1,0.0,107700.0,107700.0,7700.0
4415,Alessandra Potts,paroli,100.0,100000.0,50000.0,1152,1,0.0,94200.0,94200.0,-5800.0
4416,Alfred Mata,paroli,100.0,100000.0,50000.0,1169,1,0.0,101100.0,101100.0,1100.0
4417,Lillie Michael,paroli,100.0,100000.0,50000.0,1157,2,0.0,98100.0,98100.0,-1900.0
4418,Bronson Hart,paroli,100.0,100000.0,50000.0,1152,0,0.0,95100.0,95100.0,-4900.0
4419,Gemma Knight,paroli,100.0,100000.0,50000.0,1151,1,0.0,98400.0,98400.0,-1600.0
4420,Beckett Ruiz,paroli,100.0,100000.0,50000.0,1187,0,0.0,104100.0,104100.0,4100.0
4421,Emery Cooper,paroli,100.0,100000.0,50000.0,1114,0,0.0,85500.0,85500.0,-14500.0
4422,Jonathan Larson,paroli,100.0,100000.0,50000.0,1095,0,0.0,82600.0,82600.0,-17400.0
4423,Alayna Jaramillo,paroli,100.0,100000.0,50000.0,1134,0,0.0,91300.0,91300.0,-8700.0
4424,Riggs Felix,paroli,100.0,100000.0,50000.0,1194,3,0.0,101400.0,101400.0,1400.0
4425,Paisleigh Carson,paroli,100.0,100000.0,50000.0,1106,0,0.0,90000.0,90000.0,-10000.0
4426,Ares Walsh,paroli,100.0,100000.0,50000.0,1120,0,0.0,89700.0,89700.0,-10300.0
4427,Leia Abbott,paroli,100.0,100000.0,50000.0,1138,1,0.0,94700.0,94700.0,-5300.0
4428,Kohen Odom,paroli,100.0,100000.0,50000.0,1118,1,0.0,91900.0,91900.0,-8100.0
4429,Laylani Bentley,paroli,100.0,100000.0,50000.0,1144,0,0.0,88900.0,88900.0,-11100.0
4430,Randy Alvarado,paroli,100.0,100000.0,50000.0,1164,1,0.0,94600.0,94600.0,-5400.0
4431,Blake Cook,paroli,100.0,100000.0,50000.0,1207,2,0.0,107500.0,107500.0,7500.0
4432,Ezekiel Mason,paroli,100.0,100000.0,50000.0,1141,0,0.0,92500.0,92500.0,-7500.0
4433,Sienna Norton,paroli,100.0,100000.0,50000.0,1111,2,0.0,87200.0,87200.0,-12800.0
4434,Callen McCann,paroli,100.0,100000.0,50000.0,1144,0,0.0,92000.0,92000.0,-8000.0
4435,Joyce Duncan,paroli,100.0,100000.0,50000.0,1108,0,0.0,84600.0,84600.0,-15400.0
4436,Avery Bond,paroli,100.0,100000.0,50000.0,1165,1,0.0,99100.0,99100.0,-900.0
4437,Alena Todd,paroli,100.0,100000.0,50000.0,1119,1,0.0,88800.0,88800.0,-11200.0
4438,Baylor Ventura,paroli,100.0,100000.0,50000.0,1093,0,0.0,80300.0,80300.0,-19700.0
4439,Zora Gilmore,paroli,100.0,100000.0,50000.0,1116,1,0.0,88700.0,88700.0,-11300.0
4440,Vihaan Stuart,paroli,100.0,100000.0,50000.0,1095,1,0.0,80200.0,80200.0,-19800.0
4441,Stormi Villanueva,paroli,100.0,100000.0,50000.0,1182,1,0.0,106000.0,106000.0,6000.0
4442,Huxley Bruce,paroli,100.0,100000.0,50000.0,1197,0,0.0,103300.0,103300.0,3300.0
4443,Marilyn Spence,paroli,100.0,100000.0,50000.0,1126,2,0.0,94600.0,94600.0,-5400.0
4444,Cillian Poole,paroli,100.0,100000.0,50000.0,1134,2,0.0,86100.0,86100.0,-13900.0
4445,Bonnie McGuire,paroli,100.0,100000.0,50000.0,1107,0,0.0,85400.0,85400.0,-14600.0
4446,Casey Medina,paroli,100.0,100000.0,50000.0,1164,1,0.0,93200.0,93200.0,-6800.0
4447,Elliana Randolph,paroli,100.0,100000.0,50000.0,1150,0,0.0,89400.0,89400.0,-10600.0
4448,Eugene Khan,paroli,100.0,100000.0,50000.0,1133,0,0.0,91000.0,91000.0,-9000.0
4449,Mabel Fuller,paroli,100.0,100000.0,50000.0,1114,1,0.0,89800.0,89800.0,-10200.0
4450,Andre Stafford,paroli,100.0,100000.0,50000.0,1165,0,0.0,97900.0,97900.0,-2100.0
4451,Bridget Cortez,paroli,100.0,100000.0,50000.0,1194,1,0.0,103400.0,103400.0,3400.0
4452,Zayn Fisher,paroli,100.0,100000.0,50000.0,1154,2,0.0,95700.0,95700.0,-4300.0
4453,Arya Pruitt,paroli,100.0,100000.0,50000.0,1152,0,0.0,95200.0,95200.0,-4800.0
4454,Gatlin Schultz,paroli,100.0,100000.0,50000.0,1120,0,0.0,86700.0,86700.0,-13300.0
4455,Briella Duke,paroli,100.0,100000.0,50000.0,1130,0,0.0,90200.0,90200.0,-9800.0
4456,Kalel Rogers,paroli,100.0,100000.0,50000.0,1140,1,0.0,93000.0,93000.0,-7000.0
4457,Madelyn Aguirre,paroli,100.0,100000.0,50000.0,1146,0,0.0,92100.0,92100.0,-7900.0
4458,Andy Decker,paroli,100.0,100000.0,50000.0,1159,2,0.0,91900.0,91900.0,-8100.0
4459,Aleena McLaughlin,paroli,100.0,100000.0,50000.0,1168,0,0.0,97400.0,97400.0,-2600.0
4460,Ibrahim Rubio,paroli,100.0,100000.0,50000.0,1134,0,0.0,92500.0,92500.0,-7500.0
4461,Hadassah Garner,paroli,100.0,100000.0,50000.0,1158,0,0.0,99900.0,99900.0,-100.0
4462,Sage Avery,paroli,100.0,100000.0,50000.0,1138,2,0.0,92100.0,92100.0,-7900.0
4463,Meghan Sexton,paroli,100.0,100000.0,50000.0,1140,3,0.0,90700.0,90700.0,-9300.0
4464,Mylo Paul,paroli,100.0,100000.0,50000.0,1148,1,0.0,95300.0,95300.0,-4700.0
4465,Daphne Petersen,paroli,100.0,100000.0,50000.0,1125,1,0.0,93100.0,93100.0,-6900.0
4466,Samson Saunders,paroli,100.0,100000.0,50000.0,1161,0,0.0,99300.0,99300.0,-700.0
4467,Meadow Vu,paroli,100.0,100000.0,50000.0,1129,0,0.0,88400.0,88400.0,-11600.0
4468,Kamdyn Gibbs,paroli,100.0,100000.0,50000.0,1163,0,0.0,95000.0,95000.0,-5000.0
4469,Carter Harding,paroli,100.0,100000.0,50000.0,1156,1,0.0,94600.0,94600.0,-5400.0
4470,Brodie Case,paroli,100.0,100000.0,50000.0,1168,2,0.0,97500.0,97500.0,-2500.0
4471,Cleo Bishop,paroli,100.0,100000.0,50000.0,1164,0,0.0,100000.0,100000.0,0.0
4472,Paxton Corona,paroli,100.0,100000.0,50000.0,1142,1,0.0,89700.0,89700.0,-10300.0
4473,Marianna Beck,paroli,100.0,100000.0,50000.0,1148,0,0.0,99000.0,99000.0,-1000.0
4474,Eduardo Reyna,paroli,100.0,100000.0,50000.0,1206,0,0.0,104300.0,104300.0,4300.0
4475,Luella Kelley,paroli,100.0,100000.0,50000.0,1094,0,0.0,84800.0,84800.0,-15200.0
4476,Eric Alvarado,paroli,100.0,100000.0,50000.0,1081,0,0.0,81200.0,81200.0,-18800.0
4477,Blake Mercado,paroli,100.0,100000.0,50000.0,1148,4,0.0,96100.0,96100.0,-3900.0
4478,Abram Leonard,paroli,100.0,100000.0,50000.0,1153,2,0.0,93000.0,93000.0,-7000.0
4479,Demi Miranda,paroli,100.0,100000.0,50000.0,1148,1,0.0,92700.0,92700.0,-7300.0
4480,Rory Ahmed,paroli,100.0,100000.0,50000.0,1160,2,0.0,93300.0,93300.0,-6700.0
4481,Jolie Reese,paroli,100.0,100000.0,50000.0,1135,1,0.0,92900.0,92900.0,-7100.0
4482,Alijah Vang,paroli,100.0,100000.0,50000.0,1161,0,0.0,98700.0,98700.0,-1300.0
4483,Madisyn Patton,paroli,100.0,100000.0,50000.0,1124,0,0.0,89300.0,89300.0,-10700.0
4484,Moises Blevins,paroli,100.0,100000.0,50000.0,1163,0,0.0,99600.0,99600.0,-400.0
4485,Aila Douglas,paroli,100.0,100000.0,50000.0,1155,0,0.0,93300.0,93300.0,-6700.0
4486,Derek Moreno,paroli,100.0,100000.0,50000.0,1192,2,0.0,101500.0,101500.0,1500.0
4487,Mary Soto,paroli,100.0,100000.0,50000.0,1170,1,0.0,100700.0,100700.0,700.0
4488,Barrett Trevino,paroli,100.0,100000.0,50000.0,1098,0,0.0,83600.0,83600.0,-16400.0
4489,Priscilla Ramsey,paroli,100.0,100000.0,50000.0,1153,4,0.0,94500.0,94500.0,-5500.0
4490,Luciano Klein,paroli,100.0,100000.0,50000.0,1170,1,0.0,101600.0,101600.0,1600.0
4491,Elianna Gaines,paroli,100.0,100000.0,50000.0,1066,1,0.0,74300.0,74300.0,-25700.0
4492,Talon Walls,paroli,100.0,100000.0,50000.0,1188,3,0.0,101800.0,101800.0,1800.0
4493,Lilianna Bailey,paroli,100.0,100000.0,50000.0,1116,2,0.0,88300.0,88300.0,-11700.0
4494,Axel Bell,paroli,100.0,100000.0,50000.0,1158,0,0.0,99800.0,99800.0,-200.0
4495,Melody Simpson,paroli,100.0,100000.0,50000.0,1109,1,0.0,89400.0,89400.0,-10600.0
4496,Elliott Lawson,paroli,100.0,100000.0,50000.0,1132,1,0.0,89500.0,89500.0,-10500.0
4497,Phoebe Garrison,paroli,100.0,100000.0,50000.0,1172,2,0.0,105300.0,105300.0,5300.0
4498,Noe Parker,paroli,100.0,100000.0,50000.0,1163,0,0.0,96800.0,96800.0,-3200.0
4499,Aubrey Pittman,paroli,100.0,100000.0,50000.0,1126,2,0.0,91300.0,91300.0,-8700.0
4500,Valentino Compton,paroli,100.0,100000.0,50000.0,1121,1,0.0,91200.0,91200.0,-8800.0
4501,Elina Cabrera,paroli,100.0,100000.0,50000.0,1119,1,0.0,85900.0,85900.0,-14100.0
4502,Cade Trejo,paroli,100.0,100000.0,50000.0,1146,0,0.0,97400.0,97400.0,-2600.0
4503,Rosalyn Wade,paroli,100.0,100000.0,50000.0,1228,0,0.0,112000.0,112000.0,12000.0
4504,Jake Lim,paroli,100.0,100000.0,50000.0,1190,0,0.0,102800.0,102800.0,2800.0
4505,Giavanna Navarro,paroli,100.0,100000.0,50000.0,1103,1,0.0,86000.0,86000.0,-14000.0
4506,Reid Yates,paroli,100.0,100000.0,50000.0,1122,1,0.0,88100.0,88100.0,-11900.0
4507,Charley Sawyer,paroli,100.0,100000.0,50000.0,1141,0,0.0,94200.0,94200.0,-5800.0
4508,Jefferson Blackwell,paroli,100.0,100000.0,50000.0,1145,0,0.0,91100.0,91100.0,-8900.0
4509,Saoirse Davenport,paroli,100.0,100000.0,50000.0,1139,0,0.0,96200.0,96200.0,-3800.0
4510,Dariel Pope,paroli,100.0,100000.0,50000.0,1122,0,0.0,87500.0,87500.0,-12500.0
4511,Aurelia Tucker,paroli,100.0,100000.0,50000.0,1116,1,0.0,90400.0,90400.0,-9600.0
4512,Ivan Benton,paroli,100.0,100000.0,50000.0,1154,1,0.0,94800.0,94800.0,-5200.0
4513,Anais Erickson,paroli,100.0,100000.0,50000.0,1187,0,0.0,101100.0,101100.0,1100.0
4514,Johnny Shelton,paroli,100.0,100000.0,50000.0,1186,3,0.0,96000.0,96000.0,-4000.0
4515,Makenzie Burke,paroli,100.0,100000.0,50000.0,1162,0,0.0,102600.0,102600.0,2600.0
4516,Jax Winters,paroli,100.0,100000.0,50000.0,1126,1,0.0,89200.0,89200.0,-10800.0
4517,Kataleya Valencia,paroli,100.0,100000.0,50000.0,1091,1,0.0,85500.0,85500.0,-14500.0
4518,Dax Lowe,paroli,100.0,100000.0,50000.0,1150,1,0.0,95600.0,95600.0,-4400.0
4519,Amari Johns,paroli,100.0,100000.0,50000.0,1183,0,0.0,98500.0,98500.0,-1500.0
4520,Joziah Crane,paroli,100.0,100000.0,50000.0,1199,1,0.0,104800.0,104800.0,4800.0
4521,Della Snow,paroli,100.0,100000.0,50000.0,1193,1,0.0,102300.0,102300.0,2300.0
4522,Houston Rojas,paroli,100.0,100000.0,50000.0,1092,1,0.0,79400.0,79400.0,-20600.0
4523,Adaline Francis,paroli,100.0,100000.0,50000.0,1149,0,0.0,92700.0,92700.0,-7300.0
4524,Harvey Wall,paroli,100.0,100000.0,50000.0,1166,0,0.0,95500.0,95500.0,-4500.0
4525,Jayda Quintana,paroli,100.0,100000.0,50000.0,1213,5,0.0,104300.0,104300.0,4300.0
4526,Kelvin Moss,paroli,100.0,100000.0,50000.0,1112,2,0.0,85400.0,85400.0,-14600.0
4527,Bianca Glover,paroli,100.0,100000.0,50000.0,1205,0,0.0,106900.0,106900.0,6900.0
4528,Mack Merritt,paroli,100.0,100000.0,50000.0,1147,0,0.0,90500.0,90500.0,-9500.0
4529,Kaisley Crane,paroli,100.0,100000.0,50000.0,1117,2,0.0,87500.0,87500.0,-12500.0
4530,Fox Salgado,paroli,100.0,100000.0,50000.0,1121,2,0.0,94100.0,94100.0,-5900.0
4531,Avalynn Erickson,paroli,100.0,100000.0,50000.0,1151,1,0.0,96700.0,96700.0,-3300.0
4532,Johnny Ramos,paroli,100.0,100000.0,50000.0,1172,1,0.0,99900.0,99900.0,-100.0
4533,Alice Houston,paroli,100.0,100000.0,50000.0,1189,1,0.0,106600.0,106600.0,6600.0
4534,Sylas Wise,paroli,100.0,100000.0,50000.0,1112,2,0.0,89500.0,89500.0,-10500.0
4535,Mira Ingram,paroli,100.0,100000.0,50000.0,1185,2,0.0,100300.0,100300.0,300.0
4536,Tripp Gutierrez,paroli,100.0,100000.0,50000.0,1158,0,0.0,98400.0,98400.0,-1600.0
4537,Savannah Perez,paroli,100.0,100000.0,50000.0,1166,4,0.0,100300.0,100300.0,300.0
4538,Owen Vo,paroli,100.0,100000.0,50000.0,1176,0,0.0,94600.0,94600.0,-5400.0
4539,Artemis Dixon,paroli,100.0,100000.0,50000.0,1198,2,0.0,105500.0,105500.0,5500.0
4540,Camden Charles,paroli,100.0,100000.0,50000.0,1140,2,0.0,94500.0,94500.0,-5500.0
4541,Jenna Morrison,paroli,100.0,100000.0,50000.0,1143,1,0.0,90900.0,90900.0,-9100.0
4542,Maximus Brady,paroli,100.0,100000.0,50000.0,1134,0,0.0,91300.0,91300.0,-8700.0
4543,Ryan Sampson,paroli,100.0,100000.0,50000.0,1131,0,0.0,94100.0,94100.0,-5900.0
4544,Cain Aguilar,paroli,100.0,100000.0,50000.0,1212,0,0.0,105900.0,105900.0,5900.0
4545,Josie Cortes,paroli,100.0,100000.0,50000.0,1145,2,0.0,93800.0,93800.0,-6200.0
4546,Banks Cano,paroli,100.0,100000.0,50000.0,1126,0,0.0,91200.0,91200.0,-8800.0
4547,Egypt Mason,paroli,100.0,100000.0,50000.0,1149,2,0.0,91800.0,91800.0,-8200.0
4548,Brandon Molina,paroli,100.0,100000.0,50000.0,1141,4,0.0,88500.0,88500.0,-11500.0
4549,Alexandria Baldwin,paroli,100.0,100000.0,50000.0,1194,0,0.0,106100.0,106100.0,6100.0
4550,Jaiden Alfaro,paroli,100.0,100000.0,50000.0,1179,0,0.0,99500.0,99500.0,-500.0
4551,Yasmin English,paroli,100.0,100000.0,50000.0,1129,1,0.0,86500.0,86500.0,-13500.0
4552,Junior Ahmed,paroli,100.0,100000.0,50000.0,1102,1,0.0,88500.0,88500.0,-11500.0
4553,Jolie Lara,paroli,100.0,100000.0,50000.0,1168,2,0.0,100300.0,100300.0,300.0
4554,Caiden Barrett,paroli,100.0,100000.0,50000.0,1166,1,0.0,99600.0,99600.0,-400.0
4555,Kendall Armstrong,paroli,100.0,100000.0,50000.0,1186,1,0.0,104800.0,104800.0,4800.0
4556,Grant Manning,paroli,100.0,100000.0,50000.0,1167,1,0.0,98800.0,98800.0,-1200.0
4557,Jennifer Warren,paroli,100.0,100000.0,50000.0,1173,2,0.0,96000.0,96000.0,-4000.0
4558,Abel Rowe,paroli,100.0,100000.0,50000.0,1195,1,0.0,104500.0,104500.0,4500.0
4559,Matilda Foley,paroli,100.0,100000.0,50000.0,1193,0,0.0,107600.0,107600.0,7600.0
4560,Mohammad Hurley,paroli,100.0,100000.0,50000.0,1185,0,0.0,101100.0,101100.0,1100.0
4561,Rylan Bernal,paroli,100.0,100000.0,50000.0,1171,0,0.0,96700.0,96700.0,-3300.0
4562,Eithan Carson,paroli,100.0,100000.0,50000.0,1162,2,0.0,97000.0,97000.0,-3000.0
4563,Nalani Kaur,paroli,100.0,100000.0,50000.0,1151,1,0.0,91800.0,91800.0,-8200.0
4564,Augustine Pacheco,paroli,100.0,100000.0,50000.0,1119,0,0.0,91100.0,91100.0,-8900.0
4565,Paris Moyer,paroli,100.0,100000.0,50000.0,1133,0,0.0,88200.0,88200.0,-11800.0
4566,Ahmir Clark,paroli,100.0,100000.0,50000.0,1163,1,0.0,92400.0,92400.0,-7600.0
4567,Chloe Stevenson,paroli,100.0,100000.0,50000.0,1190,1,0.0,103500.0,103500.0,3500.0
4568,Callan Chang,paroli,100.0,100000.0,50000.0,1116,1,0.0,87200.0,87200.0,-12800.0
4569,Ophelia Stafford,paroli,100.0,100000.0,50000.0,1086,0,0.0,82700.0,82700.0,-17300.0
4570,Alfredo Petersen,paroli,100.0,100000.0,50000.0,1123,0,0.0,90100.0,90100.0,-9900.0
4571,Fernanda Giles,paroli,100.0,100000.0,50000.0,1138,1,0.0,89900.0,89900.0,-10100.0
4572,Kole Collins,paroli,100.0,100000.0,50000.0,1125,1,0.0,89700.0,89700.0,-10300.0
4573,Kinsley Trujillo,paroli,100.0,100000.0,50000.0,1089,0,0.0,82000.0,82000.0,-18000.0
4574,Apollo Doyle,paroli,100.0,100000.0,50000.0,1213,1,0.0,104200.0,104200.0,4200.0
4575,Annalise Hunt,paroli,100.0,100000.0,50000.0,1156,0,0.0,94000.0,94000.0,-6000.0
4576,Jesus Griffin,paroli,100.0,100000.0,50000.0,1162,1,0.0,98400.0,98400.0,-1600.0
4577,Charlie Benjamin,paroli,100.0,100000.0,50000.0,1155,2,0.0,95400.0,95400.0,-4600.0
4578,Kyro Moody,paroli,100.0,100000.0,50000.0,1107,0,0.0,91800.0,91800.0,-8200.0
4579,Elaine Jefferson,paroli,100.0,100000.0,50000.0,1144,2,0.0,94100.0,94100.0,-5900.0
4580,Raylan Zimmerman,paroli,100.0,100000.0,50000.0,1124,1,0.0,90100.0,90100.0,-9900.0
4581,Ariyah Whitney,paroli,100.0,100000.0,50000.0,1102,0,0.0,84800.0,84800.0,-15200.0
4582,Jeffery Santiago,paroli,100.0,100000.0,50000.0,1172,2,0.0,98900.0,98900.0,-1100.0
4583,Nyla Foster,paroli,100.0,100000.0,50000.0,1186,0,0.0,102700.0,102700.0,2700.0
4584,Kayden Kerr,paroli,100.0,100000.0,50000.0,1078,1,0.0,77400.0,77400.0,-22600.0
4585,Baylee Ahmed,paroli,100.0,100000.0,50000.0,1093,1,0.0,84300.0,84300.0,-15700.0
4586,Harry Rocha,paroli,100.0,100000.0,50000.0,1193,5,0.0,104900.0,104900.0,4900.0
4587,Emmie Vargas,paroli,100.0,100000.0,50000.0,1155,1,0.0,97300.0,97300.0,-2700.0
4588,Ryker Peck,paroli,100.0,100000.0,50000.0,1152,4,0.0,93400.0,93400.0,-6600.0
4589,Crystal Frank,paroli,100.0,100000.0,50000.0,1180,0,0.0,97000.0,97000.0,-3000.0
4590,Braylen Coleman,paroli,100.0,100000.0,50000.0,1116,0,0.0,87000.0,87000.0,-13000.0
4591,Julia Howe,paroli,100.0,100000.0,50000.0,1113,1,0.0,85000.0,85000.0,-15000.0
4592,Alaric Bernard,paroli,100.0,100000.0,50000.0,1126,0,0.0,91500.0,91500.0,-8500.0
4593,Barbara Sullivan,paroli,100.0,100000.0,50000.0,1145,0,0.0,93800.0,93800.0,-6200.0
4594,Evan Wallace,paroli,100.0,100000.0,50000.0,1100,1,0.0,86200.0,86200.0,-13800.0
4595,Arianna Gibson,paroli,100.0,100000.0,50000.0,1151,0,0.0,95300.0,95300.0,-4700.0
4596,Tyler Kline,paroli,100.0,100000.0,50000.0,1163,0,0.0,99000.0,99000.0,-1000.0
4597,Sevyn Daniel,paroli,100.0,100000.0,50000.0,1165,1,0.0,94900.0,94900.0,-5100.0
4598,Grady Donovan,paroli,100.0,100000.0,50000.0,1165,0,0.0,98200.0,98200.0,-1800.0
4599,Azariah Hoffman,paroli,100.0,100000.0,50000.0,1158,1,0.0,94300.0,94300.0,-5700.0
4600,Steven Costa,paroli,100.0,100000.0,50000.0,1115,2,0.0,88100.0,88100.0,-11900.0
4601,Robin Salas,paroli,100.0,100000.0,50000.0,1172,0,0.0,97300.0,97300.0,-2700.0
4602,Zaiden Elliott,paroli,100.0,100000.0,50000.0,1089,1,0.0,82300.0,82300.0,-17700.0
4603,Noelle Cortes,paroli,100.0,100000.0,50000.0,1160,1,0.0,100600.0,100600.0,600.0
4604,Banks Ochoa,paroli,100.0,100000.0,50000.0,1094,0,0.0,86300.0,86300.0,-13700.0
4605,Luciana Watts,paroli,100.0,100000.0,50000.0,1168,0,0.0,98900.0,98900.0,-1100.0
4606,Dakota Dixon,paroli,100.0,100000.0,50000.0,1130,0,0.0,92300.0,92300.0,-7700.0
4607,Blakely Moreno,paroli,100.0,100000.0,50000.0,1186,1,0.0,100400.0,100400.0,400.0
4608,Myles Garcia,paroli,100.0,100000.0,50000.0,1172,2,0.0,96200.0,96200.0,-3800.0
4609,Amelia Jacobson,paroli,100.0,100000.0,50000.0,1116,0,0.0,88000.0,88000.0,-12000.0
4610,Legacy Ramos,paroli,100.0,100000.0,50000.0,1159,1,0.0,96400.0,96400.0,-3600.0
4611,Alice Coffey,paroli,100.0,100000.0,50000.0,1170,2,0.0,95900.0,95900.0,-4100.0
4612,Kody Travis,paroli,100.0,100000.0,50000.0,1130,1,0.0,92900.0,92900.0,-7100.0
4613,Mazikee O’Donnell,paroli,100.0,100000.0,50000.0,1156,1,0.0,100200.0,100200.0,200.0
4614,Lian Hughes,paroli,100.0,100000.0,50000.0,1124,0,0.0,92300.0,92300.0,-7700.0
4615,Samantha Castro,paroli,100.0,100000.0,50000.0,1170,1,0.0,98600.0,98600.0,-1400.0
4616,Jasper Meyers,paroli,100.0,100000.0,50000.0,1204,0,0.0,110000.0,110000.0,10000.0
4617,Leyla Moon,paroli,100.0,100000.0,50000.0,1200,0,0.0,108100.0,108100.0,8100.0
4618,Nova Heath,paroli,100.0,100000.0,50000.0,1128,0,0.0,93900.0,93900.0,-6100.0
4619,Amani Ford,paroli,100.0,100000.0,50000.0,1163,2,0.0,94200.0,94200.0,-5800.0
4620,Luis Nicholson,paroli,100.0,100000.0,50000.0,1157,0,0.0,96900.0,96900.0,-3100.0
4621,Justice Farmer,paroli,100.0,100000.0,50000.0,1135,0,0.0,90900.0,90900.0,-9100.0
4622,Jamison Shaffer,paroli,100.0,100000.0,50000.0,1113,1,0.0,88700.0,88700.0,-11300.0
4623,Alanna Fleming,paroli,100.0,100000.0,50000.0,1154,0,0.0,101100.0,101100.0,1100.0
4624,Fernando Blake,paroli,100.0,100000.0,50000.0,1108,2,0.0,84900.0,84900.0,-15100.0
4625,Amanda Thomas,paroli,100.0,100000.0,50000.0,1146,1,0.0,95700.0,95700.0,-4300.0
4626,Logan Watson,paroli,100.0,100000.0,50000.0,1125,1,0.0,88200.0,88200.0,-11800.0
4627,Hailey Santiago,paroli,100.0,100000.0,50000.0,1142,0,0.0,94700.0,94700.0,-5300.0
4628,Beckham Schneider,paroli,100.0,100000.0,50000.0,1157,0,0.0,95000.0,95000.0,-5000.0
4629,Delaney Sharp,paroli,100.0,100000.0,50000.0,1150,0,0.0,90700.0,90700.0,-9300.0
4630,Royce David,paroli,100.0,100000.0,50000.0,1089,1,0.0,83700.0,83700.0,-16300.0
4631,Haylee McClain,paroli,100.0,100000.0,50000.0,1149,1,0.0,95600.0,95600.0,-4400.0
4632,Mitchell Nixon,paroli,100.0,100000.0,50000.0,1123,0,0.0,88000.0,88000.0,-12000.0
4633,Deborah Mueller,paroli,100.0,100000.0,50000.0,1145,0,0.0,90200.0,90200.0,-9800.0
4634,Albert Gates,paroli,100.0,100000.0,50000.0,1147,0,0.0,93800.0,93800.0,-6200.0
4635,Melina Odom,paroli,100.0,100000.0,50000.0,1139,1,0.0,92700.0,92700.0,-7300.0
4636,Kylian Velez,paroli,100.0,100000.0,50000.0,1130,0,0.0,88400.0,88400.0,-11600.0
4637,Megan Villegas,paroli,100.0,100000.0,50000.0,1159,2,0.0,99600.0,99600.0,-400.0
4638,Clyde McMahon,paroli,100.0,100000.0,50000.0,1138,1,0.0,86000.0,86000.0,-14000.0
4639,Belen Hinton,paroli,100.0,100000.0,50000.0,1128,1,0.0,87600.0,87600.0,-12400.0
4640,Frankie Ferguson,paroli,100.0,100000.0,50000.0,1069,0,0.0,72700.0,72700.0,-27300.0
4641,Juliana Villalobos,paroli,100.0,100000.0,50000.0,1177,1,0.0,98800.0,98800.0,-1200.0
4642,Reuben Vasquez,paroli,100.0,100000.0,50000.0,1105,0,0.0,87800.0,87800.0,-12200.0
4643,Rose Padilla,paroli,100.0,100000.0,50000.0,1167,0,0.0,99700.0,99700.0,-300.0
4644,Jaden Cortez,paroli,100.0,100000.0,50000.0,1133,1,0.0,87500.0,87500.0,-12500.0
4645,Haven Morrow,paroli,100.0,100000.0,50000.0,1071,3,0.0,80500.0,80500.0,-19500.0
4646,Kyree Roberson,paroli,100.0,100000.0,50000.0,1192,0,0.0,103700.0,103700.0,3700.0
4647,Sasha Gilmore,paroli,100.0,100000.0,50000.0,1182,0,0.0,98600.0,98600.0,-1400.0
4648,Vihaan McKay,paroli,100.0,100000.0,50000.0,1160,1,0.0,100900.0,100900.0,900.0
4649,Leanna Moreno,paroli,100.0,100000.0,50000.0,1152,1,0.0,88900.0,88900.0,-11100.0
4650,Myles Frazier,paroli,100.0,100000.0,50000.0,1162,1,0.0,92700.0,92700.0,-7300.0
4651,Octavia Nielsen,paroli,100.0,100000.0,50000.0,1155,1,0.0,93900.0,93900.0,-6100.0
4652,Tru Ward,paroli,100.0,100000.0,50000.0,1142,0,0.0,95500.0,95500.0,-4500.0
4653,Ariana Peters,paroli,100.0,100000.0,50000.0,1136,0,0.0,91100.0,91100.0,-8900.0
4654,Patrick Walton,paroli,100.0,100000.0,50000.0,1149,2,0.0,95200.0,95200.0,-4800.0
4655,Scarlet Tucker,paroli,100.0,100000.0,50000.0,1199,0,0.0,102700.0,102700.0,2700.0
4656,Ivan Williamson,paroli,100.0,100000.0,50000.0,1127,0,0.0,93500.0,93500.0,-6500.0
4657,Catherine Cummings,paroli,100.0,100000.0,50000.0,1135,0,0.0,89000.0,89000.0,-11000.0
4658,Raiden Drake,paroli,100.0,100000.0,50000.0,1135,3,0.0,87700.0,87700.0,-12300.0
4659,Jayleen Goodwin,paroli,100.0,100000.0,50000.0,1230,0,0.0,105200.0,105200.0,5200.0
4660,Kaison Cunningham,paroli,100.0,100000.0,50000.0,1105,0,0.0,88300.0,88300.0,-11700.0
4661,Marley Esquivel,paroli,100.0,100000.0,50000.0,1153,1,0.0,96400.0,96400.0,-3600.0
4662,Bridger Stevens,paroli,100.0,100000.0,50000.0,1195,0,0.0,98600.0,98600.0,-1400.0
4663,Katherine Sweeney,paroli,100.0,100000.0,50000.0,1178,2,0.0,101900.0,101900.0,1900.0
4664,Nixon Freeman,paroli,100.0,100000.0,50000.0,1086,0,0.0,80800.0,80800.0,-19200.0
4665,Norah Kelley,paroli,100.0,100000.0,50000.0,1112,0,0.0,89000.0,89000.0,-11000.0
4666,Eric McCarty,paroli,100.0,100000.0,50000.0,1175,1,0.0,97800.0,97800.0,-2200.0
4667,Halo Lin,paroli,100.0,100000.0,50000.0,1178,2,0.0,99900.0,99900.0,-100.0
4668,Conor Prince,paroli,100.0,100000.0,50000.0,1155,0,0.0,99600.0,99600.0,-400.0
4669,Greta Collier,paroli,100.0,100000.0,50000.0,1160,1,0.0,95500.0,95500.0,-4500.0
4670,Edison Gallagher,paroli,100.0,100000.0,50000.0,1209,1,0.0,104600.0,104600.0,4600.0
4671,Elliott Houston,paroli,100.0,100000.0,50000.0,1171,1,0.0,99000.0,99000.0,-1000.0
4672,Sylas Ali,paroli,100.0,100000.0,50000.0,1156,2,0.0,95200.0,95200.0,-4800.0
4673,Zelda Warner,paroli,100.0,100000.0,50000.0,1185,1,0.0,103000.0,103000.0,3000.0
4674,Jaxton Tyler,paroli,100.0,100000.0,50000.0,1172,2,0.0,97800.0,97800.0,-2200.0
4675,Helena Kane,paroli,100.0,100000.0,50000.0,1217,0,0.0,112500.0,112500.0,12500.0
4676,Brock Gomez,paroli,100.0,100000.0,50000.0,1150,0,0.0,94300.0,94300.0,-5700.0
4677,Natalie Petersen,paroli,100.0,100000.0,50000.0,1164,1,0.0,102000.0,102000.0,2000.0
4678,Samson Orozco,paroli,100.0,100000.0,50000.0,1168,1,0.0,98700.0,98700.0,-1300.0
4679,Renata Hanna,paroli,100.0,100000.0,50000.0,1214,3,0.0,105200.0,105200.0,5200.0
4680,Aydin Baxter,paroli,100.0,100000.0,50000.0,1142,0,0.0,94000.0,94000.0,-6000.0
4681,Lara Shah,paroli,100.0,100000.0,50000.0,1173,0,0.0,99400.0,99400.0,-600.0
4682,Zain Sosa,paroli,100.0,100000.0,50000.0,1128,1,0.0,93000.0,93000.0,-7000.0
4683,Cassandra Magana,paroli,100.0,100000.0,50000.0,1125,0,0.0,91600.0,91600.0,-8400.0
4684,Rey Porter,paroli,100.0,100000.0,50000.0,1155,8,0.0,94900.0,94900.0,-5100.0
4685,Ryleigh Lopez,paroli,100.0,100000.0,50000.0,1171,0,0.0,99900.0,99900.0,-100.0
4686,Michael Nixon,paroli,100.0,100000.0,50000.0,1105,2,0.0,86200.0,86200.0,-13800.0
4687,Deborah Cano,paroli,100.0,100000.0,50000.0,1085,1,0.0,81700.0,81700.0,-18300.0
4688,Terry Willis,paroli,100.0,100000.0,50000.0,1148,0,0.0,91300.0,91300.0,-8700.0
4689,Alexa Noble,paroli,100.0,100000.0,50000.0,1107,0,0.0,85400.0,85400.0,-14600.0
4690,Idris Stewart,paroli,100.0,100000.0,50000.0,1083,2,0.0,80900.0,80900.0,-19100.0
4691,Maya Atkinson,paroli,100.0,100000.0,50000.0,1106,1,0.0,83500.0,83500.0,-16500.0
4692,Duke Ryan,paroli,100.0,100000.0,50000.0,1124,1,0.0,89400.0,89400.0,-10600.0
4693,Morgan Vaughn,paroli,100.0,100000.0,50000.0,1142,0,0.0,92800.0,92800.0,-7200.0
4694,Remy Martinez,paroli,100.0,100000.0,50000.0,1179,1,0.0,103200.0,103200.0,3200.0
4695,Harper McGee,paroli,100.0,100000.0,50000.0,1125,0,0.0,91000.0,91000.0,-9000.0
4696,Conner Novak,paroli,100.0,100000.0,50000.0,1187,0,0.0,104500.0,104500.0,4500.0
4697,Kaiya Terry,paroli,100.0,100000.0,50000.0,1208,1,0.0,105100.0,105100.0,5100.0
4698,Armani Franklin,paroli,100.0,100000.0,50000.0,1161,2,0.0,94700.0,94700.0,-5300.0
4699,Angela Thomas,paroli,100.0,100000.0,50000.0,1126,1,0.0,92800.0,92800.0,-7200.0
4700,Logan Long,paroli,100.0,100000.0,50000.0,1176,1,0.0,102800.0,102800.0,2800.0
4701,Jade Wilcox,paroli,100.0,100000.0,50000.0,1165,0,0.0,93100.0,93100.0,-6900.0
4702,Jerry Sherman,paroli,100.0,100000.0,50000.0,1163,0,0.0,98700.0,98700.0,-1300.0
4703,Addilyn Schmidt,paroli,100.0,100000.0,50000.0,1130,0,0.0,87700.0,87700.0,-12300.0
4704,Zayden Chung,paroli,100.0,100000.0,50000.0,1147,0,0.0,95400.0,95400.0,-4600.0
4705,Rivka Carter,paroli,100.0,100000.0,50000.0,1170,0,0.0,99500.0,99500.0,-500.0
4706,Maverick Jennings,paroli,100.0,100000.0,50000.0,1092,0,0.0,87200.0,87200.0,-12800.0
4707,Palmer Callahan,paroli,100.0,100000.0,50000.0,1131,0,0.0,93600.0,93600.0,-6400.0
4708,Quinton Brooks,paroli,100.0,100000.0,50000.0,1145,1,0.0,97100.0,97100.0,-2900.0
4709,Autumn Shannon,paroli,100.0,100000.0,50000.0,1123,6,0.0,88900.0,88900.0,-11100.0
4710,Eliel Stanton,paroli,100.0,100000.0,50000.0,1176,2,0.0,103900.0,103900.0,3900.0
4711,Jaycee Patterson,paroli,100.0,100000.0,50000.0,1177,2,0.0,98800.0,98800.0,-1200.0
4712,Amir Velazquez,paroli,100.0,100000.0,50000.0,1164,0,0.0,99400.0,99400.0,-600.0
4713,Jaliyah Calderon,paroli,100.0,100000.0,50000.0,1137,3,0.0,92400.0,92400.0,-7600.0
4714,Oakley Peters,paroli,100.0,100000.0,50000.0,1171,1,0.0,98300.0,98300.0,-1700.0
4715,Leila Orr,paroli,100.0,100000.0,50000.0,1130,3,0.0,91200.0,91200.0,-8800.0
4716,Benicio Byrd,paroli,100.0,100000.0,50000.0,1168,0,0.0,97700.0,97700.0,-2300.0
4717,Giselle Kaur,paroli,100.0,100000.0,50000.0,1097,2,0.0,83900.0,83900.0,-16100.0
4718,Augustine Graham,paroli,100.0,100000.0,50000.0,1157,0,0.0,92700.0,92700.0,-7300.0
4719,Alaia Gordon,paroli,100.0,100000.0,50000.0,1164,2,0.0,99300.0,99300.0,-700.0
4720,Karter Ho,paroli,100.0,100000.0,50000.0,1203,1,0.0,104200.0,104200.0,4200.0
4721,Calliope Padilla,paroli,100.0,100000.0,50000.0,1183,2,0.0,101300.0,101300.0,1300.0
4722,Jaden Fry,paroli,100.0,100000.0,50000.0,1098,1,0.0,86300.0,86300.0,-13700.0
4723,Clarissa Joseph,paroli,100.0,100000.0,50000.0,1130,0,0.0,93200.0,93200.0,-6800.0
4724,Kyle Cantrell,paroli,100.0,100000.0,50000.0,1137,1,0.0,87000.0,87000.0,-13000.0
4725,Yamileth Tate,paroli,100.0,100000.0,50000.0,1112,0,0.0,86000.0,86000.0,-14000.0
4726,Dalton Zamora,paroli,100.0,100000.0,50000.0,1160,0,0.0,94400.0,94400.0,-5600.0
4727,Sierra Moody,paroli,100.0,100000.0,50000.0,1156,0,0.0,97100.0,97100.0,-2900.0
4728,Ryland Mercado,paroli,100.0,100000.0,50000.0,1123,0,0.0,91600.0,91600.0,-8400.0
4729,Mckinley Xiong,paroli,100.0,100000.0,50000.0,1169,0,0.0,102100.0,102100.0,2100.0
4730,Azrael Hendrix,paroli,100.0,100000.0,50000.0,1143,1,0.0,91300.0,91300.0,-8700.0
4731,Zhuri Cantu,paroli,100.0,100000.0,50000.0,1152,0,0.0,97700.0,97700.0,-2300.0
4732,Anakin Cortes,paroli,100.0,100000.0,50000.0,1157,0,0.0,96200.0,96200.0,-3800.0
4733,Lea Stanton,paroli,100.0,100000.0,50000.0,1157,1,0.0,97000.0,97000.0,-3000.0
4734,Zyair Rodriguez,paroli,100.0,100000.0,50000.0,1140,1,0.0,89900.0,89900.0,-10100.0
4735,Evelyn Newman,paroli,100.0,100000.0,50000.0,1210,0,0.0,109100.0,109100.0,9100.0
4736,Anderson Ballard,paroli,100.0,100000.0,50000.0,1152,1,0.0,91300.0,91300.0,-8700.0
4737,Alejandra Villarreal,paroli,100.0,100000.0,50000.0,1168,0,0.0,100900.0,100900.0,900.0
4738,Nikolai Parker,paroli,100.0,100000.0,50000.0,1175,0,0.0,102300.0,102300.0,2300.0
4739,Aubrey Castro,paroli,100.0,100000.0,50000.0,1136,1,0.0,92600.0,92600.0,-7400.0
4740,Jasper O’Connell,paroli,100.0,100000.0,50000.0,1151,1,0.0,96700.0,96700.0,-3300.0
4741,Jillian Hale,paroli,100.0,100000.0,50000.0,1148,1,0.0,96300.0,96300.0,-3700.0
4742,Ezequiel Owen,paroli,100.0,100000.0,50000.0,1133,1,0.0,92300.0,92300.0,-7700.0
4743,Mikayla Salgado,paroli,100.0,100000.0,50000.0,1151,1,0.0,93800.0,93800.0,-6200.0
4744,Trace Mendez,paroli,100.0,100000.0,50000.0,1103,1,0.0,82700.0,82700.0,-17300.0
4745,Londyn Galvan,paroli,100.0,100000.0,50000.0,1143,2,0.0,91500.0,91500.0,-8500.0
4746,Kingsley Mays,paroli,100.0,100000.0,50000.0,1156,0,0.0,99300.0,99300.0,-700.0
4747,Denisse Golden,paroli,100.0,100000.0,50000.0,1146,1,0.0,92700.0,92700.0,-7300.0
4748,Amias Lewis,paroli,100.0,100000.0,50000.0,1247,1,0.0,113200.0,113200.0,13200.0
4749,Ellie Salazar,paroli,100.0,100000.0,50000.0,1156,0,0.0,101700.0,101700.0,1700.0
4750,Brody Yates,paroli,100.0,100000.0,50000.0,1098,2,0.0,85900.0,85900.0,-14100.0
4751,Charley Crawford,paroli,100.0,100000.0,50000.0,1158,0,0.0,96900.0,96900.0,-3100.0
4752,Kevin McKee,paroli,100.0,100000.0,50000.0,1166,0,0.0,101500.0,101500.0,1500.0
4753,Kori Rosales,paroli,100.0,100000.0,50000.0,1151,0,0.0,94700.0,94700.0,-5300.0
4754,Wilder Montes,paroli,100.0,100000.0,50000.0,1176,0,0.0,102900.0,102900.0,2900.0
4755,Roselyn Garrison,paroli,100.0,100000.0,50000.0,1156,0,0.0,88100.0,88100.0,-11900.0
4756,Noe Martin,paroli,100.0,100000.0,50000.0,1146,0,0.0,93200.0,93200.0,-6800.0
4757,Mila Small,paroli,100.0,100000.0,50000.0,1259,0,0.0,119300.0,119300.0,19300.0
4758,Rudy Bautista,paroli,100.0,100000.0,50000.0,1163,0,0.0,94300.0,94300.0,-5700.0
4759,Antonella Espinosa,paroli,100.0,100000.0,50000.0,1211,1,0.0,107900.0,107900.0,7900.0
4760,Khalid Bean,paroli,100.0,100000.0,50000.0,1153,0,0.0,94000.0,94000.0,-6000.0
4761,Jenesis Hodges,paroli,100.0,100000.0,50000.0,1211,0,0.0,107500.0,107500.0,7500.0
4762,Alonzo Shaw,paroli,100.0,100000.0,50000.0,1168,1,0.0,96900.0,96900.0,-3100.0
4763,Emersyn Davis,paroli,100.0,100000.0,50000.0,1149,1,0.0,94800.0,94800.0,-5200.0
4764,Lucas Buckley,paroli,100.0,100000.0,50000.0,1139,0,0.0,93500.0,93500.0,-6500.0
4765,Theodora Montoya,paroli,100.0,100000.0,50000.0,1131,0,0.0,88700.0,88700.0,-11300.0
4766,Ford Estrada,paroli,100.0,100000.0,50000.0,1169,2,0.0,92000.0,92000.0,-8000.0
4767,Sawyer McCann,paroli,100.0,100000.0,50000.0,1158,0,0.0,99700.0,99700.0,-300.0
4768,Heath Henderson,paroli,100.0,100000.0,50000.0,1073,0,0.0,78600.0,78600.0,-21400.0
4769,Maria Barrett,paroli,100.0,100000.0,50000.0,1187,2,0.0,103600.0,103600.0,3600.0
4770,Angelo Phan,paroli,100.0,100000.0,50000.0,1126,0,0.0,89300.0,89300.0,-10700.0
4771,Elsa Peters,paroli,100.0,100000.0,50000.0,1153,0,0.0,94700.0,94700.0,-5300.0
4772,Patrick Potter,paroli,100.0,100000.0,50000.0,1164,0,0.0,99300.0,99300.0,-700.0
4773,Rory Sandoval,paroli,100.0,100000.0,50000.0,1124,1,0.0,91900.0,91900.0,-8100.0
4774,Brantley Choi,paroli,100.0,100000.0,50000.0,1179,2,0.0,99500.0,99500.0,-500.0
4775,Karla Newton,paroli,100.0,100000.0,50000.0,1163,0,0.0,97100.0,97100.0,-2900.0
4776,Santino Trejo,paroli,100.0,100000.0,50000.0,1111,3,0.0,88900.0,88900.0,-11100.0
4777,Rosalyn Liu,paroli,100.0,100000.0,50000.0,1162,1,0.0,95800.0,95800.0,-4200.0
4778,Pedro Sims,paroli,100.0,100000.0,50000.0,1216,2,0.0,103800.0,103800.0,3800.0
4779,Lena Baker,paroli,100.0,100000.0,50000.0,1145,0,0.0,89800.0,89800.0,-10200.0
4780,Ezra Cantu,paroli,100.0,100000.0,50000.0,1118,1,0.0,87800.0,87800.0,-12200.0
4781,Galilea Franco,paroli,100.0,100000.0,50000.0,1203,2,0.0,109300.0,109300.0,9300.0
4782,Gage Day,paroli,100.0,100000.0,50000.0,1146,2,0.0,98700.0,98700.0,-1300.0
4783,Hayden Francis,paroli,100.0,100000.0,50000.0,1137,1,0.0,92700.0,92700.0,-7300.0
4784,Harvey Waters,paroli,100.0,100000.0,50000.0,1199,2,0.0,107700.0,107700.0,7700.0
4785,Bristol Carr,paroli,100.0,100000.0,50000.0,1127,1,0.0,90800.0,90800.0,-9200.0
4786,Kash Huber,paroli,100.0,100000.0,50000.0,1168,1,0.0,104400.0,104400.0,4400.0
4787,Raquel Trejo,paroli,100.0,100000.0,50000.0,1134,0,0.0,95000.0,95000.0,-5000.0
4788,Wesson Howe,paroli,100.0,100000.0,50000.0,1175,0,0.0,103000.0,103000.0,3000.0
4789,Persephone Singh,paroli,100.0,100000.0,50000.0,1155,0,0.0,95500.0,95500.0,-4500.0
4790,Louis Li,paroli,100.0,100000.0,50000.0,1095,0,0.0,85000.0,85000.0,-15000.0
4791,Paige Joseph,paroli,100.0,100000.0,50000.0,1168,1,0.0,102200.0,102200.0,2200.0
4792,Kyle Quintana,paroli,100.0,100000.0,50000.0,1154,0,0.0,95800.0,95800.0,-4200.0
4793,Kenia Roth,paroli,100.0,100000.0,50000.0,1140,0,0.0,91400.0,91400.0,-8600.0
4794,Roy Singleton,paroli,100.0,100000.0,50000.0,1104,2,0.0,85400.0,85400.0,-14600.0
4795,Malaysia Chapman,paroli,100.0,100000.0,50000.0,1151,0,0.0,95300.0,95300.0,-4700.0
4796,Knox Riley,paroli,100.0,100000.0,50000.0,1154,3,0.0,91900.0,91900.0,-8100.0
4797,Kayla Liu,paroli,100.0,100000.0,50000.0,1136,1,0.0,91900.0,91900.0,-8100.0
4798,Pedro Harvey,paroli,100.0,100000.0,50000.0,1166,0,0.0,97100.0,97100.0,-2900.0
4799,Nicole Owens,paroli,100.0,100000.0,50000.0,1139,0,0.0,90400.0,90400.0,-9600.0
4800,Adriel Leon,paroli,100.0,100000.0,50000.0,1156,1,0.0,99000.0,99000.0,-1000.0
4801,Amora Rowe,paroli,100.0,100000.0,50000.0,1110,0,0.0,91200.0,91200.0,-8800.0
4802,Kamden Harrington,paroli,100.0,100000.0,50000.0,1142,1,0.0,95700.0,95700.0,-4300.0
4803,Legacy Fitzgerald,paroli,100.0,100000.0,50000.0,1106,1,0.0,86100.0,86100.0,-13900.0
4804,Peyton Trejo,paroli,100.0,100000.0,50000.0,1149,1,0.0,100100.0,100100.0,100.0
4805,Rosalyn Martinez,paroli,100.0,100000.0,50000.0,1184,0,0.0,99100.0,99100.0,-900.0
4806,Alexander Velasquez,paroli,100.0,100000.0,50000.0,1158,0,0.0,97100.0,97100.0,-2900.0
4807,Esme Fowler,paroli,100.0,100000.0,50000.0,1127,1,0.0,98200.0,98200.0,-1800.0
4808,Kameron Dudley,paroli,100.0,100000.0,50000.0,1092,0,0.0,81600.0,81600.0,-18400.0
4809,Hadleigh Sierra,paroli,100.0,100000.0,50000.0,1155,1,0.0,92900.0,92900.0,-7100.0
4810,Dayton Herman,paroli,100.0,100000.0,50000.0,1187,0,0.0,101400.0,101400.0,1400.0
4811,Paulina Vega,paroli,100.0,100000.0,50000.0,1156,0,0.0,96100.0,96100.0,-3900.0
4812,Aidan Mendez,paroli,100.0,100000.0,50000.0,1141,6,0.0,92000.0,92000.0,-8000.0
4813,Londyn Guerra,paroli,100.0,100000.0,50000.0,1133,1,0.0,86200.0,86200.0,-13800.0
4814,Leland Chase,paroli,100.0,100000.0,50000.0,1098,0,0.0,89800.0,89800.0,-10200.0
4815,Angie Gentry,paroli,100.0,100000.0,50000.0,1151,1,0.0,94500.0,94500.0,-5500.0
4816,Magnus Ward,paroli,100.0,100000.0,50000.0,1157,0,0.0,92900.0,92900.0,-7100.0
4817,Ariana Reilly,paroli,100.0,100000.0,50000.0,1176,2,0.0,100600.0,100600.0,600.0
4818,Alvaro Cline,paroli,100.0,100000.0,50000.0,1188,0,0.0,102100.0,102100.0,2100.0
4819,Lina Kent,paroli,100.0,100000.0,50000.0,1140,2,0.0,90300.0,90300.0,-9700.0
4820,Mekhi Bass,paroli,100.0,100000.0,50000.0,1144,1,0.0,92000.0,92000.0,-8000.0
4821,Zahra Stewart,paroli,100.0,100000.0,50000.0,1151,2,0.0,90800.0,90800.0,-9200.0
4822,Nolan Shaffer,paroli,100.0,100000.0,50000.0,1208,1,0.0,107000.0,107000.0,7000.0
4823,Alanna Hammond,paroli,100.0,100000.0,50000.0,1220,1,0.0,106900.0,106900.0,6900.0
4824,Francis Gilbert,paroli,100.0,100000.0,50000.0,1171,1,0.0,96600.0,96600.0,-3400.0
4825,Jocelyn Luna,paroli,100.0,100000.0,50000.0,1133,1,0.0,92000.0,92000.0,-8000.0
4826,Erick Washington,paroli,100.0,100000.0,50000.0,1143,0,0.0,93200.0,93200.0,-6800.0
4827,Valerie Hurley,paroli,100.0,100000.0,50000.0,1109,0,0.0,88500.0,88500.0,-11500.0
4828,Van Grant,paroli,100.0,100000.0,50000.0,1177,0,0.0,102000.0,102000.0,2000.0
4829,Alaina Conrad,paroli,100.0,100000.0,50000.0,1156,0,0.0,100600.0,100600.0,600.0
4830,Dilan Grimes,paroli,100.0,100000.0,50000.0,1165,0,0.0,96900.0,96900.0,-3100.0
4831,Braelyn Rodgers,paroli,100.0,100000.0,50000.0,1203,2,0.0,107000.0,107000.0,7000.0
4832,Mathias Hobbs,paroli,100.0,100000.0,50000.0,1133,1,0.0,94700.0,94700.0,-5300.0
4833,Lacey Tapia,paroli,100.0,100000.0,50000.0,1172,0,0.0,97400.0,97400.0,-2600.0
4834,Samir Kirby,paroli,100.0,100000.0,50000.0,1158,2,0.0,100200.0,100200.0,200.0
4835,Skyla Jones,paroli,100.0,100000.0,50000.0,1091,0,0.0,84800.0,84800.0,-15200.0
4836,William Collins,paroli,100.0,100000.0,50000.0,1212,2,0.0,104600.0,104600.0,4600.0
4837,Kinsley Reese,paroli,100.0,100000.0,50000.0,1174,0,0.0,93200.0,93200.0,-6800.0
4838,Alijah Bond,paroli,100.0,100000.0,50000.0,1172,0,0.0,100600.0,100600.0,600.0
4839,Alena Murillo,paroli,100.0,100000.0,50000.0,1072,1,0.0,75300.0,75300.0,-24700.0
4840,Lance Escobar,paroli,100.0,100000.0,50000.0,1137,1,0.0,86200.0,86200.0,-13800.0
4841,Erin Powell,paroli,100.0,100000.0,50000.0,1195,0,0.0,105700.0,105700.0,5700.0
4842,Bennett McDonald,paroli,100.0,100000.0,50000.0,1120,0,0.0,84800.0,84800.0,-15200.0
4843,Daisy Fischer,paroli,100.0,100000.0,50000.0,1155,2,0.0,99900.0,99900.0,-100.0
4844,Leonidas Leal,paroli,100.0,100000.0,50000.0,1124,0,0.0,92600.0,92600.0,-7400.0
4845,Murphy Cruz,paroli,100.0,100000.0,50000.0,1066,0,0.0,78600.0,78600.0,-21400.0
4846,Ryan Serrano,paroli,100.0,100000.0,50000.0,1160,0,0.0,92100.0,92100.0,-7900.0
4847,Allie Klein,paroli,100.0,100000.0,50000.0,1093,1,0.0,80200.0,80200.0,-19800.0
4848,Marco Rojas,paroli,100.0,100000.0,50000.0,1120,0,0.0,85700.0,85700.0,-14300.0
4849,Adaline Wright,paroli,100.0,100000.0,50000.0,1168,0,0.0,98600.0,98600.0,-1400.0
4850,Grayson Duffy,paroli,100.0,100000.0,50000.0,1162,0,0.0,96900.0,96900.0,-3100.0
4851,Addisyn Beil,paroli,100.0,100000.0,50000.0,1094,3,0.0,82800.0,82800.0,-17200.0
4852,Ariel Gonzales,paroli,100.0,100000.0,50000.0,1193,0,0.0,108600.0,108600.0,8600.0
4853,Hadley Villanueva,paroli,100.0,100000.0,50000.0,1127,0,0.0,91200.0,91200.0,-8800.0
4854,Huxley Armstrong,paroli,100.0,100000.0,50000.0,1193,1,0.0,101900.0,101900.0,1900.0
4855,Presley Giles,paroli,100.0,100000.0,50000.0,1132,0,0.0,90500.0,90500.0,-9500.0
4856,Kole Ibarra,paroli,100.0,100000.0,50000.0,1150,2,0.0,96800.0,96800.0,-3200.0
4857,Madilynn Dunlap,paroli,100.0,100000.0,50000.0,1163,0,0.0,98300.0,98300.0,-1700.0
4858,Aries Fitzpatrick,paroli,100.0,100000.0,50000.0,1182,2,0.0,105400.0,105400.0,5400.0
4859,Annabella Roach,paroli,100.0,100000.0,50000.0,1148,2,0.0,90100.0,90100.0,-9900.0
4860,Caspian Hail,paroli,100.0,100000.0,50000.0,1118,0,0.0,87800.0,87800.0,-12200.0
4861,Lainey Lynch,paroli,100.0,100000.0,50000.0,1177,0,0.0,102000.0,102000.0,2000.0
4862,Zane Atkinson,paroli,100.0,100000.0,50000.0,1230,2,0.0,108600.0,108600.0,8600.0
4863,Jazmin Ali,paroli,100.0,100000.0,50000.0,1128,1,0.0,88200.0,88200.0,-11800.0
4864,Arjun Curry,paroli,100.0,100000.0,50000.0,1199,1,0.0,105500.0,105500.0,5500.0
4865,Alison Pearson,paroli,100.0,100000.0,50000.0,1172,0,0.0,98800.0,98800.0,-1200.0
4866,Gunner Hendricks,paroli,100.0,100000.0,50000.0,1168,0,0.0,95200.0,95200.0,-4800.0
4867,Dani Hodges,paroli,100.0,100000.0,50000.0,1141,0,0.0,90700.0,90700.0,-9300.0
4868,Alonzo Phillips,paroli,100.0,100000.0,50000.0,1089,0,0.0,83500.0,83500.0,-16500.0
4869,Naomi Macias,paroli,100.0,100000.0,50000.0,1196,0,0.0,105500.0,105500.0,5500.0
4870,Moshe Williamson,paroli,100.0,100000.0,50000.0,1167,0,0.0,96300.0,96300.0,-3700.0
4871,Catherine Moran,paroli,100.0,100000.0,50000.0,1151,2,0.0,92300.0,92300.0,-7700.0
4872,Tate Erickson,paroli,100.0,100000.0,50000.0,1152,2,0.0,90400.0,90400.0,-9600.0
4873,Sabrina Guevara,paroli,100.0,100000.0,50000.0,1173,3,0.0,101400.0,101400.0,1400.0
4874,Tommy Rowland,paroli,100.0,100000.0,50000.0,1170,1,0.0,95800.0,95800.0,-4200.0
4875,Harleigh Hartman,paroli,100.0,100000.0,50000.0,1092,1,0.0,84800.0,84800.0,-15200.0
4876,Baker Nguyen,paroli,100.0,100000.0,50000.0,1133,1,0.0,92500.0,92500.0,-7500.0
4877,Nova Foley,paroli,100.0,100000.0,50000.0,1149,0,0.0,94000.0,94000.0,-6000.0
4878,Mohammad Grimes,paroli,100.0,100000.0,50000.0,1118,1,0.0,91500.0,91500.0,-8500.0
4879,Braelyn Cabrera,paroli,100.0,100000.0,50000.0,1180,2,0.0,101000.0,101000.0,1000.0
4880,Cade Nava,paroli,100.0,100000.0,50000.0,1127,1,0.0,93800.0,93800.0,-6200.0
4881,Scout Hansen,paroli,100.0,100000.0,50000.0,1159,1,0.0,96200.0,96200.0,-3800.0
4882,Charlie Villegas,paroli,100.0,100000.0,50000.0,1152,0,0.0,90100.0,90100.0,-9900.0
4883,Jessie Nicholson,paroli,100.0,100000.0,50000.0,1145,1,0.0,90200.0,90200.0,-9800.0
4884,Rodrigo Henry,paroli,100.0,100000.0,50000.0,1128,1,0.0,86900.0,86900.0,-13100.0
4885,Summer Huber,paroli,100.0,100000.0,50000.0,1179,0,0.0,106000.0,106000.0,6000.0
4886,Mac Novak,paroli,100.0,100000.0,50000.0,1157,0,0.0,93400.0,93400.0,-6600.0
4887,Kaiya Medrano,paroli,100.0,100000.0,50000.0,1170,1,0.0,95900.0,95900.0,-4100.0
4888,Arian Castillo,paroli,100.0,100000.0,50000.0,1117,2,0.0,89400.0,89400.0,-10600.0
4889,Eva Harmon,paroli,100.0,100000.0,50000.0,1188,1,0.0,103100.0,103100.0,3100.0
4890,Roberto McCarthy,paroli,100.0,100000.0,50000.0,1151,1,0.0,100300.0,100300.0,300.0
4891,Kira Gates,paroli,100.0,100000.0,50000.0,1119,1,0.0,87800.0,87800.0,-12200.0
4892,Ermias Page,paroli,100.0,100000.0,50000.0,1109,0,0.0,89900.0,89900.0,-10100.0
4893,Cataleya Maxwell,paroli,100.0,100000.0,50000.0,1158,0,0.0,97900.0,97900.0,-2100.0
4894,Eden Ahmed,paroli,100.0,100000.0,50000.0,1116,1,0.0,90700.0,90700.0,-9300.0
4895,Jolie Woodard,paroli,100.0,100000.0,50000.0,1165,1,0.0,106200.0,106200.0,6200.0
4896,Westley Shepard,paroli,100.0,100000.0,50000.0,1095,0,0.0,88700.0,88700.0,-11300.0
4897,Noor Schneider,paroli,100.0,100000.0,50000.0,1136,3,0.0,92800.0,92800.0,-7200.0
4898,Raymond Norman,paroli,100.0,100000.0,50000.0,1137,0,0.0,88600.0,88600.0,-11400.0
4899,Malani Enriquez,paroli,100.0,100000.0,50000.0,1138,2,0.0,98700.0,98700.0,-1300.0
4900,Elisha Singleton,paroli,100.0,100000.0,50000.0,1142,0,0.0,92300.0,92300.0,-7700.0
4901,Malaysia Krueger,paroli,100.0,100000.0,50000.0,1241,2,0.0,118800.0,118800.0,18800.0
4902,Jones Butler,paroli,100.0,100000.0,50000.0,1165,1,0.0,97200.0,97200.0,-2800.0
4903,Athena Whitaker,paroli,100.0,100000.0,50000.0,1129,1,0.0,89000.0,89000.0,-11000.0
4904,Keith Hoffman,paroli,100.0,100000.0,50000.0,1132,2,0.0,91300.0,91300.0,-8700.0
4905,Aspen Johnston,paroli,100.0,100000.0,50000.0,1110,2,0.0,86400.0,86400.0,-13600.0
4906,Felix Rosales,paroli,100.0,100000.0,50000.0,1161,1,0.0,95700.0,95700.0,-4300.0
4907,Kinley Jones,paroli,100.0,100000.0,50000.0,1204,0,0.0,107600.0,107600.0,7600.0
4908,William Craig,paroli,100.0,100000.0,50000.0,1142,0,0.0,95900.0,95900.0,-4100.0
4909,Brynn Hoffman,paroli,100.0,100000.0,50000.0,1086,4,0.0,80400.0,80400.0,-19600.0
4910,Steven Garrison,paroli,100.0,100000.0,50000.0,1127,3,0.0,85000.0,85000.0,-15000.0
4911,Cadence Christensen,paroli,100.0,100000.0,50000.0,1150,0,0.0,96900.0,96900.0,-3100.0
4912,Gregory Gilmore,paroli,100.0,100000.0,50000.0,1156,0,0.0,97800.0,97800.0,-2200.0
4913,Chanel Williamson,paroli,100.0,100000.0,50000.0,1107,0,0.0,88000.0,88000.0,-12000.0
4914,Emerson Berry,paroli,100.0,100000.0,50000.0,1131,1,0.0,90400.0,90400.0,-9600.0
4915,Annabelle Herrera,paroli,100.0,100000.0,50000.0,1129,2,0.0,91700.0,91700.0,-8300.0
4916,River Thomas,paroli,100.0,100000.0,50000.0,1119,1,0.0,87900.0,87900.0,-12100.0
4917,Elizabeth Washington,paroli,100.0,100000.0,50000.0,1150,1,0.0,93900.0,93900.0,-6100.0
4918,Juan McGee,paroli,100.0,100000.0,50000.0,1128,1,0.0,91000.0,91000.0,-9000.0
4919,Kayleigh Wade,paroli,100.0,100000.0,50000.0,1146,1,0.0,93600.0,93600.0,-6400.0
4920,Jake Ashley,paroli,100.0,100000.0,50000.0,1202,4,0.0,104400.0,104400.0,4400.0
4921,Khalani Costa,paroli,100.0,100000.0,50000.0,1150,0,0.0,99200.0,99200.0,-800.0
4922,Kenji Huerta,paroli,100.0,100000.0,50000.0,1188,0,0.0,98200.0,98200.0,-1800.0
4923,Dulce Sheppard,paroli,100.0,100000.0,50000.0,1172,2,0.0,94800.0,94800.0,-5200.0
4924,Trent Walker,paroli,100.0,100000.0,50000.0,1211,0,0.0,112600.0,112600.0,12600.0
4925,Hazel Shannon,paroli,100.0,100000.0,50000.0,1153,1,0.0,97200.0,97200.0,-2800.0
4926,Eliel Foster,paroli,100.0,100000.0,50000.0,1161,0,0.0,93300.0,93300.0,-6700.0
4927,Brielle Chavez,paroli,100.0,100000.0,50000.0,1165,0,0.0,98900.0,98900.0,-1100.0
4928,Ian Acevedo,paroli,100.0,100000.0,50000.0,1171,1,0.0,101400.0,101400.0,1400.0
4929,Ashlynn Browning,paroli,100.0,100000.0,50000.0,1153,1,0.0,97300.0,97300.0,-2700.0
4930,Rohan Drake,paroli,100.0,100000.0,50000.0,1188,0,0.0,98700.0,98700.0,-1300.0
4931,Jayleen Mercado,paroli,100.0,100000.0,50000.0,1119,0,0.0,92500.0,92500.0,-7500.0
4932,Abram Landry,paroli,100.0,100000.0,50000.0,1150,2,0.0,96300.0,96300.0,-3700.0
4933,Brynleigh Banks,paroli,100.0,100000.0,50000.0,1185,0,0.0,98200.0,98200.0,-1800.0
4934,Martin Brandt,paroli,100.0,100000.0,50000.0,1160,0,0.0,99900.0,99900.0,-100.0
4935,Loretta Zamora,paroli,100.0,100000.0,50000.0,1170,0,0.0,93200.0,93200.0,-6800.0
4936,Quentin Mendoza,paroli,100.0,100000.0,50000.0,1143,0,0.0,95400.0,95400.0,-4600.0
4937,Cora Patton,paroli,100.0,100000.0,50000.0,1125,0,0.0,91300.0,91300.0,-8700.0
4938,Moises Hood,paroli,100.0,100000.0,50000.0,1140,0,0.0,88100.0,88100.0,-11900.0
4939,Briana Portillo,paroli,100.0,100000.0,50000.0,1176,1,0.0,99500.0,99500.0,-500.0
4940,Wallace Atkinson,paroli,100.0,100000.0,50000.0,1121,1,0.0,85800.0,85800.0,-14200.0
4941,Jazmin Frazier,paroli,100.0,100000.0,50000.0,1158,0,0.0,96600.0,96600.0,-3400.0
4942,Callum Dunn,paroli,100.0,100000.0,50000.0,1173,0,0.0,98900.0,98900.0,-1100.0
4943,Olive Liu,paroli,100.0,100000.0,50000.0,1190,0,0.0,100000.0,100000.0,0.0
4944,Pedro Huffman,paroli,100.0,100000.0,50000.0,1134,1,0.0,89100.0,89100.0,-10900.0
4945,Hayley Vincent,paroli,100.0,100000.0,50000.0,1170,2,0.0,99300.0,99300.0,-700.0
4946,Aarav Walter,paroli,100.0,100000.0,50000.0,1199,0,0.0,104100.0,104100.0,4100.0
4947,Penny Malone,paroli,100.0,100000.0,50000.0,1141,1,0.0,91000.0,91000.0,-9000.0
4948,Ruben Hamilton,paroli,100.0,100000.0,50000.0,1145,1,0.0,95000.0,95000.0,-5000.0
4949,Mackenzie Lawson,paroli,100.0,100000.0,50000.0,1180,1,0.0,101600.0,101600.0,1600.0
4950,Lane Best,paroli,100.0,100000.0,50000.0,1142,0,0.0,96400.0,96400.0,-3600.0
4951,Lexie Johns,paroli,100.0,100000.0,50000.0,1174,1,0.0,94400.0,94400.0,-5600.0
4952,Joziah Gates,paroli,100.0,100000.0,50000.0,1165,1,0.0,100000.0,100000.0,0.0
4953,Melina Campos,paroli,100.0,100000.0,50000.0,1150,2,0.0,94200.0,94200.0,-5800.0
4954,Gideon Esquivel,paroli,100.0,100000.0,50000.0,1103,0,0.0,87800.0,87800.0,-12200.0
4955,Jaylee Hansen,paroli,100.0,100000.0,50000.0,1123,1,0.0,87800.0,87800.0,-12200.0
4956,Charlie Bell,paroli,100.0,100000.0,50000.0,1193,2,0.0,102200.0,102200.0,2200.0
4957,Melody Griffith,paroli,100.0,100000.0,50000.0,1216,0,0.0,105500.0,105500.0,5500.0
4958,Franklin McCormick,paroli,100.0,100000.0,50000.0,1112,0,0.0,84300.0,84300.0,-15700.0
4959,Macie Molina,paroli,100.0,100000.0,50000.0,1174,2,0.0,99100.0,99100.0,-900.0
4960,Prince David,paroli,100.0,100000.0,50000.0,1136,0,0.0,92800.0,92800.0,-7200.0
4961,Haylee Schwartz,paroli,100.0,100000.0,50000.0,1109,1,0.0,86900.0,86900.0,-13100.0
4962,Edwin Ryan,paroli,100.0,100000.0,50000.0,1128,0,0.0,95200.0,95200.0,-4800.0
4963,Morgan Walker,paroli,100.0,100000.0,50000.0,1128,0,0.0,87800.0,87800.0,-12200.0
4964,Luke Pace,paroli,100.0,100000.0,50000.0,1210,0,0.0,109700.0,109700.0,9700.0
4965,Giana Jones,paroli,100.0,100000.0,50000.0,1125,0,0.0,90600.0,90600.0,-9400.0
4966,William Hardin,paroli,100.0,100000.0,50000.0,1141,0,0.0,91100.0,91100.0,-8900.0
4967,Vada Matthews,paroli,100.0,100000.0,50000.0,1218,0,0.0,106300.0,106300.0,6300.0
4968,Preston Martin,paroli,100.0,100000.0,50000.0,1128,0,0.0,89800.0,89800.0,-10200.0
4969,Mila Patel,paroli,100.0,100000.0,50000.0,1165,1,0.0,98100.0,98100.0,-1900.0
4970,Parker Callahan,paroli,100.0,100000.0,50000.0,1198,0,0.0,105100.0,105100.0,5100.0
4971,Kimber Donovan,paroli,100.0,100000.0,50000.0,1151,2,0.0,90700.0,90700.0,-9300.0
4972,Brayan Burton,paroli,100.0,100000.0,50000.0,1174,0,0.0,100100.0,100100.0,100.0
4973,Miriam Zavala,paroli,100.0,100000.0,50000.0,1165,2,0.0,92200.0,92200.0,-7800.0
4974,Dillon Smith,paroli,100.0,100000.0,50000.0,1152,1,0.0,93900.0,93900.0,-6100.0
4975,Olivia Ho,paroli,100.0,100000.0,50000.0,1149,1,0.0,93800.0,93800.0,-6200.0
4976,Morgan Vega,paroli,100.0,100000.0,50000.0,1157,1,0.0,95800.0,95800.0,-4200.0
4977,Dakota Bender,paroli,100.0,100000.0,50000.0,1155,1,0.0,98200.0,98200.0,-1800.0
4978,Zavier Walker,paroli,100.0,100000.0,50000.0,1118,0,0.0,85500.0,85500.0,-14500.0
4979,Hazel McCall,paroli,100.0,100000.0,50000.0,1154,1,0.0,91500.0,91500.0,-8500.0
4980,Kiaan Huang,paroli,100.0,100000.0,50000.0,1154,0,0.0,97500.0,97500.0,-2500.0
4981,Francesca McKenzie,paroli,100.0,100000.0,50000.0,1169,0,0.0,102500.0,102500.0,2500.0
4982,Scott Weiss,paroli,100.0,100000.0,50000.0,1163,1,0.0,94700.0,94700.0,-5300.0
4983,Lennox Hall,paroli,100.0,100000.0,50000.0,1179,0,0.0,102800.0,102800.0,2800.0
4984,Thomas Singh,paroli,100.0,100000.0,50000.0,1098,2,0.0,80900.0,80900.0,-19100.0
4985,Vivienne Dudley,paroli,100.0,100000.0,50000.0,1093,1,0.0,85800.0,85800.0,-14200.0
4986,Colter Collier,paroli,100.0,100000.0,50000.0,1146,0,0.0,88700.0,88700.0,-11300.0
4987,Ivory Lester,paroli,100.0,100000.0,50000.0,1193,0,0.0,101600.0,101600.0,1600.0
4988,Lee Curtis,paroli,100.0,100000.0,50000.0,1104,1,0.0,88100.0,88100.0,-11900.0
4989,Alexis Schneider,paroli,100.0,100000.0,50000.0,1129,1,0.0,88200.0,88200.0,-11800.0
4990,Raymond Vang,paroli,100.0,100000.0,50000.0,1145,1,0.0,93100.0,93100.0,-6900.0
4991,Madisyn Chavez,paroli,100.0,100000.0,50000.0,1130,1,0.0,92400.0,92400.0,-7600.0
4992,Ian Lozano,paroli,100.0,100000.0,50000.0,1142,2,0.0,92500.0,92500.0,-7500.0
4993,Cecelia Hood,paroli,100.0,100000.0,50000.0,1169,0,0.0,97900.0,97900.0,-2100.0
4994,Brixton Stephenson,paroli,100.0,100000.0,50000.0,1147,0,0.0,92400.0,92400.0,-7600.0
4995,Khaleesi Chavez,paroli,100.0,100000.0,50000.0,1160,1,0.0,99100.0,99100.0,-900.0
4996,Ian Washington,paroli,100.0,100000.0,50000.0,1191,0,0.0,104200.0,104200.0,4200.0
4997,Valerie Berg,paroli,100.0,100000.0,50000.0,1180,2,0.0,99500.0,99500.0,-500.0
4998,Cayson Reid,paroli,100.0,100000.0,50000.0,1164,0,0.0,96200.0,96200.0,-3800.0
4999,Charlee Hicks,paroli,100.0,100000.0,50000.0,1152,1,0.0,95500.0,95500.0,-4500.0
5000,Maddox Sanchez,paroli,100.0,100000.0,50000.0,1155,0,0.0,93600.0,93600.0,-6400.0
5001,Amaya Levy,paroli,100.0,100000.0,50000.0,1176,1,0.0,101100.0,101100.0,1100.0
5002,Harold Bailey,paroli,100.0,100000.0,50000.0,1149,4,0.0,92100.0,92100.0,-7900.0
5003,Kennedy Houston,paroli,100.0,100000.0,50000.0,1146,0,0.0,92900.0,92900.0,-7100.0
5004,Sylas Joseph,paroli,100.0,100000.0,50000.0,1164,2,0.0,95100.0,95100.0,-4900.0
5005,Gracelynn Ingram,paroli,100.0,100000.0,50000.0,1132,1,0.0,95900.0,95900.0,-4100.0
5006,Tripp Carrillo,paroli,100.0,100000.0,50000.0,1122,0,0.0,91300.0,91300.0,-8700.0
5007,Kaylani Berry,paroli,100.0,100000.0,50000.0,1112,0,0.0,89700.0,89700.0,-10300.0
5008,Adonis Shaw,paroli,100.0,100000.0,50000.0,1182,2,0.0,98900.0,98900.0,-1100.0
5009,Emersyn Delarosa,paroli,100.0,100000.0,50000.0,1109,2,0.0,85500.0,85500.0,-14500.0
5010,Osiris Frederick,paroli,100.0,100000.0,50000.0,1190,0,0.0,98200.0,98200.0,-1800.0
5011,Sariyah Murillo,paroli,100.0,100000.0,50000.0,1194,2,0.0,100100.0,100100.0,100.0
5012,Lance Sims,paroli,100.0,100000.0,50000.0,1095,0,0.0,82600.0,82600.0,-17400.0
5013,Lena Christian,paroli,100.0,100000.0,50000.0,1218,1,0.0,105000.0,105000.0,5000.0
5014,Ledger Meadows,paroli,100.0,100000.0,50000.0,1158,0,0.0,92400.0,92400.0,-7600.0
5015,Pearl Rios,paroli,100.0,100000.0,50000.0,1106,0,0.0,88100.0,88100.0,-11900.0
5016,Israel Peterson,paroli,100.0,100000.0,50000.0,1134,0,0.0,96500.0,96500.0,-3500.0
5017,Caroline Enriquez,paroli,100.0,100000.0,50000.0,1170,0,0.0,96200.0,96200.0,-3800.0
5018,Elisha Raymond,paroli,100.0,100000.0,50000.0,1130,0,0.0,92600.0,92600.0,-7400.0
5019,Hadlee Suarez,paroli,100.0,100000.0,50000.0,1184,0,0.0,97400.0,97400.0,-2600.0
5020,Soren Soto,paroli,100.0,100000.0,50000.0,1132,0,0.0,89600.0,89600.0,-10400.0
5021,Brynlee McCarty,paroli,100.0,100000.0,50000.0,1143,1,0.0,92300.0,92300.0,-7700.0
5022,Blaise Ortega,paroli,100.0,100000.0,50000.0,1209,0,0.0,104400.0,104400.0,4400.0
5023,Lilah Bender,paroli,100.0,100000.0,50000.0,1118,0,0.0,88500.0,88500.0,-11500.0
5024,Zavier Jordan,paroli,100.0,100000.0,50000.0,1172,1,0.0,96900.0,96900.0,-3100.0
5025,Adalynn Valenzuela,paroli,100.0,100000.0,50000.0,1131,1,0.0,86900.0,86900.0,-13100.0
5026,Jamari Leach,paroli,100.0,100000.0,50000.0,1102,0,0.0,86000.0,86000.0,-14000.0
5027,Martha Ayala,paroli,100.0,100000.0,50000.0,1161,0,0.0,94200.0,94200.0,-5800.0
5028,Tanner Holland,paroli,100.0,100000.0,50000.0,1128,0,0.0,87300.0,87300.0,-12700.0
5029,Mariah Torres,paroli,100.0,100000.0,50000.0,1101,0,0.0,85500.0,85500.0,-14500.0
5030,Jayden Drake,paroli,100.0,100000.0,50000.0,1132,1,0.0,89700.0,89700.0,-10300.0
5031,Jayleen Kelly,paroli,100.0,100000.0,50000.0,1198,1,0.0,102000.0,102000.0,2000.0
5032,Cooper Burgess,paroli,100.0,100000.0,50000.0,1120,0,0.0,83900.0,83900.0,-16100.0
5033,Emory Jennings,paroli,100.0,100000.0,50000.0,1185,0,0.0,101600.0,101600.0,1600.0
5034,Corbin Bennett,paroli,100.0,100000.0,50000.0,1089,0,0.0,83200.0,83200.0,-16800.0
5035,Josephine Villegas,paroli,100.0,100000.0,50000.0,1139,0,0.0,90900.0,90900.0,-9100.0
5036,Clyde Nicholson,paroli,100.0,100000.0,50000.0,1109,0,0.0,84700.0,84700.0,-15300.0
5037,Justice Dennis,paroli,100.0,100000.0,50000.0,1161,0,0.0,96700.0,96700.0,-3300.0
5038,Emanuel George,paroli,100.0,100000.0,50000.0,1174,3,0.0,95600.0,95600.0,-4400.0
5039,Adelyn Maldonado,paroli,100.0,100000.0,50000.0,1168,1,0.0,98000.0,98000.0,-2000.0
5040,Javier Jacobs,paroli,100.0,100000.0,50000.0,1092,0,0.0,84900.0,84900.0,-15100.0
5041,Camilla French,paroli,100.0,100000.0,50000.0,1162,1,0.0,100000.0,100000.0,0.0
5042,Corey Berry,paroli,100.0,100000.0,50000.0,1139,1,0.0,94300.0,94300.0,-5700.0
5043,Annabelle Avila,paroli,100.0,100000.0,50000.0,1173,0,0.0,96600.0,96600.0,-3400.0
5044,Jaylen Miranda,paroli,100.0,100000.0,50000.0,1106,1,0.0,86700.0,86700.0,-13300.0
5045,Amina Bowers,paroli,100.0,100000.0,50000.0,1136,1,0.0,96000.0,96000.0,-4000.0
5046,Dorian Wood,paroli,100.0,100000.0,50000.0,1050,0,0.0,73200.0,73200.0,-26800.0
5047,Natalia Best,paroli,100.0,100000.0,50000.0,1113,0,0.0,86800.0,86800.0,-13200.0
5048,Harlem Norton,paroli,100.0,100000.0,50000.0,1181,0,0.0,107400.0,107400.0,7400.0
5049,Kylee Pruitt,paroli,100.0,100000.0,50000.0,1098,0,0.0,91000.0,91000.0,-9000.0
5050,Gatlin Santos,paroli,100.0,100000.0,50000.0,1147,0,0.0,92200.0,92200.0,-7800.0
5051,Alana Whitaker,paroli,100.0,100000.0,50000.0,1168,0,0.0,99700.0,99700.0,-300.0
5052,Keith Benson,paroli,100.0,100000.0,50000.0,1176,0,0.0,99100.0,99100.0,-900.0
5053,Collins Santana,paroli,100.0,100000.0,50000.0,1165,0,0.0,96300.0,96300.0,-3700.0
5054,Mohamed Davidson,paroli,100.0,100000.0,50000.0,1156,0,0.0,92700.0,92700.0,-7300.0
5055,Jayla Hunter,paroli,100.0,100000.0,50000.0,1129,0,0.0,90500.0,90500.0,-9500.0
5056,Archer Truong,paroli,100.0,100000.0,50000.0,1139,0,0.0,89800.0,89800.0,-10200.0
5057,Judith Gates,paroli,100.0,100000.0,50000.0,1175,1,0.0,98200.0,98200.0,-1800.0
5058,Ermias Simon,paroli,100.0,100000.0,50000.0,1093,0,0.0,82800.0,82800.0,-17200.0
5059,Kalani Hayes,paroli,100.0,100000.0,50000.0,1149,1,0.0,95700.0,95700.0,-4300.0
5060,Legend Sandoval,paroli,100.0,100000.0,50000.0,1129,1,0.0,92200.0,92200.0,-7800.0
5061,Elsie Young,paroli,100.0,100000.0,50000.0,1156,0,0.0,97700.0,97700.0,-2300.0
5062,Asher Hayden,paroli,100.0,100000.0,50000.0,1194,0,0.0,104300.0,104300.0,4300.0
5063,Avayah Lewis,paroli,100.0,100000.0,50000.0,1172,1,0.0,94700.0,94700.0,-5300.0
5064,Wyatt Raymond,paroli,100.0,100000.0,50000.0,1193,1,0.0,106300.0,106300.0,6300.0
5065,Hadlee Wilcox,paroli,100.0,100000.0,50000.0,1150,0,0.0,97600.0,97600.0,-2400.0
5066,Jerry Riley,paroli,100.0,100000.0,50000.0,1199,0,0.0,105600.0,105600.0,5600.0
5067,Kayla Day,paroli,100.0,100000.0,50000.0,1116,0,0.0,86400.0,86400.0,-13600.0
5068,Kayson Chang,paroli,100.0,100000.0,50000.0,1170,0,0.0,96600.0,96600.0,-3400.0
5069,Ophelia Holloway,paroli,100.0,100000.0,50000.0,1114,2,0.0,85700.0,85700.0,-14300.0
5070,Sutton Villegas,paroli,100.0,100000.0,50000.0,1127,0,0.0,91900.0,91900.0,-8100.0
5071,Jessie Wolf,paroli,100.0,100000.0,50000.0,1147,1,0.0,93000.0,93000.0,-7000.0
5072,Jase Keller,paroli,100.0,100000.0,50000.0,1206,3,0.0,106800.0,106800.0,6800.0
5073,Logan Barton,paroli,100.0,100000.0,50000.0,1158,0,0.0,96100.0,96100.0,-3900.0
5074,Cassius Blake,paroli,100.0,100000.0,50000.0,1101,3,0.0,85200.0,85200.0,-14800.0
5075,Amanda Snyder,paroli,100.0,100000.0,50000.0,1233,1,0.0,104000.0,104000.0,4000.0
5076,Thiago Castaneda,paroli,100.0,100000.0,50000.0,1165,2,0.0,95400.0,95400.0,-4600.0
5077,Keira Ramirez,paroli,100.0,100000.0,50000.0,1134,2,0.0,91700.0,91700.0,-8300.0
5078,David Schmitt,paroli,100.0,100000.0,50000.0,1068,1,0.0,80600.0,80600.0,-19400.0
5079,Queen Andrews,paroli,100.0,100000.0,50000.0,1181,0,0.0,103800.0,103800.0,3800.0
5080,Lukas Lucero,paroli,100.0,100000.0,50000.0,1190,2,0.0,104500.0,104500.0,4500.0
5081,Ila Wells,paroli,100.0,100000.0,50000.0,1141,0,0.0,96000.0,96000.0,-4000.0
5082,Max Perkins,paroli,100.0,100000.0,50000.0,1147,2,0.0,94100.0,94100.0,-5900.0
5083,Sage Montgomery,paroli,100.0,100000.0,50000.0,1200,2,0.0,104900.0,104900.0,4900.0
5084,Maximiliano Sandoval,paroli,100.0,100000.0,50000.0,1163,1,0.0,93200.0,93200.0,-6800.0
5085,Elsie Lambert,paroli,100.0,100000.0,50000.0,1156,0,0.0,93000.0,93000.0,-7000.0
5086,Mario Pierce,paroli,100.0,100000.0,50000.0,1143,0,0.0,93600.0,93600.0,-6400.0
5087,Arabella Gibson,paroli,100.0,100000.0,50000.0,1197,1,0.0,104800.0,104800.0,4800.0
5088,Tyler Griffin,paroli,100.0,100000.0,50000.0,1128,0,0.0,90600.0,90600.0,-9400.0
5089,Charlie Valdez,paroli,100.0,100000.0,50000.0,1222,0,0.0,107600.0,107600.0,7600.0
5090,Kyler Hobbs,paroli,100.0,100000.0,50000.0,1143,2,0.0,89300.0,89300.0,-10700.0
5091,Lacey Blair,paroli,100.0,100000.0,50000.0,1190,1,0.0,101600.0,101600.0,1600.0
5092,Troy Jarvis,paroli,100.0,100000.0,50000.0,1162,2,0.0,94700.0,94700.0,-5300.0
5093,Elisabeth Rubio,paroli,100.0,100000.0,50000.0,1166,2,0.0,99700.0,99700.0,-300.0
5094,Titan Frye,paroli,100.0,100000.0,50000.0,1126,2,0.0,85000.0,85000.0,-15000.0
5095,Raya Maldonado,paroli,100.0,100000.0,50000.0,1183,1,0.0,97100.0,97100.0,-2900.0
5096,Javier Morse,paroli,100.0,100000.0,50000.0,1085,0,0.0,84100.0,84100.0,-15900.0
5097,Kairi Person,paroli,100.0,100000.0,50000.0,1137,0,0.0,94000.0,94000.0,-6000.0
5098,Moses Yang,paroli,100.0,100000.0,50000.0,1184,0,0.0,100100.0,100100.0,100.0
5099,Angelina Short,paroli,100.0,100000.0,50000.0,1165,4,0.0,96200.0,96200.0,-3800.0
5100,Hezekiah Rush,paroli,100.0,100000.0,50000.0,1124,0,0.0,87400.0,87400.0,-12600.0
5101,Maleah Glenn,paroli,100.0,100000.0,50000.0,1127,2,0.0,88100.0,88100.0,-11900.0
5102,Zaid Herrera,paroli,100.0,100000.0,50000.0,1090,2,0.0,83600.0,83600.0,-16400.0
5103,Ximena Glass,paroli,100.0,100000.0,50000.0,1154,0,0.0,93200.0,93200.0,-6800.0
5104,Allan Lucero,paroli,100.0,100000.0,50000.0,1127,1,0.0,90900.0,90900.0,-9100.0
5105,Ila Foster,paroli,100.0,100000.0,50000.0,1182,3,0.0,100800.0,100800.0,800.0
5106,Kayden Ryan,paroli,100.0,100000.0,50000.0,1152,0,0.0,96100.0,96100.0,-3900.0
5107,Morgan Hess,paroli,100.0,100000.0,50000.0,1153,0,0.0,94800.0,94800.0,-5200.0
5108,Lawrence Ruiz,paroli,100.0,100000.0,50000.0,1145,0,0.0,95300.0,95300.0,-4700.0
5109,Emery Sosa,paroli,100.0,100000.0,50000.0,1170,0,0.0,101800.0,101800.0,1800.0
5110,Emir Goodwin,paroli,100.0,100000.0,50000.0,1126,2,0.0,91400.0,91400.0,-8600.0
5111,Shiloh Krueger,paroli,100.0,100000.0,50000.0,1148,0,0.0,99600.0,99600.0,-400.0
5112,Jones Cobb,paroli,100.0,100000.0,50000.0,1145,0,0.0,95800.0,95800.0,-4200.0
5113,Aviana Sheppard,paroli,100.0,100000.0,50000.0,1169,3,0.0,97200.0,97200.0,-2800.0
5114,Trent Greer,paroli,100.0,100000.0,50000.0,1162,0,0.0,97800.0,97800.0,-2200.0
5115,Reina Williams,paroli,100.0,100000.0,50000.0,1129,1,0.0,86300.0,86300.0,-13700.0
5116,Oliver Trejo,paroli,100.0,100000.0,50000.0,1170,1,0.0,99300.0,99300.0,-700.0
5117,Rosalyn Frederick,paroli,100.0,100000.0,50000.0,1128,0,0.0,92600.0,92600.0,-7400.0
5118,Kase Costa,paroli,100.0,100000.0,50000.0,1154,1,0.0,96900.0,96900.0,-3100.0
5119,Robin Simpson,paroli,100.0,100000.0,50000.0,1187,2,0.0,101100.0,101100.0,1100.0
5120,Elliott Malone,paroli,100.0,100000.0,50000.0,1161,1,0.0,100000.0,100000.0,0.0
5121,Skyler Delarosa,paroli,100.0,100000.0,50000.0,1104,2,0.0,84200.0,84200.0,-15800.0
5122,Osiris Ortega,paroli,100.0,100000.0,50000.0,1137,1,0.0,92000.0,92000.0,-8000.0
5123,Lilah Cline,paroli,100.0,100000.0,50000.0,1143,0,0.0,92300.0,92300.0,-7700.0
5124,Cullen Shaffer,paroli,100.0,100000.0,50000.0,1108,0,0.0,81200.0,81200.0,-18800.0
5125,Alanna Brown,paroli,100.0,100000.0,50000.0,1147,0,0.0,96100.0,96100.0,-3900.0
5126,Elijah Murillo,paroli,100.0,100000.0,50000.0,1182,0,0.0,103100.0,103100.0,3100.0
5127,Mikaela Bernard,paroli,100.0,100000.0,50000.0,1118,2,0.0,91900.0,91900.0,-8100.0
5128,Jair Dickson,paroli,100.0,100000.0,50000.0,1099,2,0.0,79500.0,79500.0,-20500.0
5129,Emmalynn White,paroli,100.0,100000.0,50000.0,1222,0,0.0,107400.0,107400.0,7400.0
5130,Aiden Johns,paroli,100.0,100000.0,50000.0,1182,0,0.0,105000.0,105000.0,5000.0
5131,Giovanna Abbott,paroli,100.0,100000.0,50000.0,1176,2,0.0,106900.0,106900.0,6900.0
5132,Kohen Rich,paroli,100.0,100000.0,50000.0,1136,1,0.0,89700.0,89700.0,-10300.0
5133,Sunny Ramos,paroli,100.0,100000.0,50000.0,1182,0,0.0,95300.0,95300.0,-4700.0
5134,Angel Krueger,paroli,100.0,100000.0,50000.0,1103,1,0.0,81500.0,81500.0,-18500.0
5135,Kamari Lamb,paroli,100.0,100000.0,50000.0,1134,2,0.0,91500.0,91500.0,-8500.0
5136,Kaysen Peterson,paroli,100.0,100000.0,50000.0,1173,0,0.0,101000.0,101000.0,1000.0
5137,Caroline Nielsen,paroli,100.0,100000.0,50000.0,1099,0,0.0,86500.0,86500.0,-13500.0
5138,Tru Wade,paroli,100.0,100000.0,50000.0,1147,0,0.0,94200.0,94200.0,-5800.0
5139,Evie Vaughan,paroli,100.0,100000.0,50000.0,1191,2,0.0,97800.0,97800.0,-2200.0
5140,Castiel Andrews,paroli,100.0,100000.0,50000.0,1168,1,0.0,97000.0,97000.0,-3000.0
5141,Payton Norman,paroli,100.0,100000.0,50000.0,1183,2,0.0,103200.0,103200.0,3200.0
5142,Aziel Perry,paroli,100.0,100000.0,50000.0,1185,0,0.0,99700.0,99700.0,-300.0
5143,Clara Orr,paroli,100.0,100000.0,50000.0,1204,0,0.0,107400.0,107400.0,7400.0
5144,Benicio Sandoval,paroli,100.0,100000.0,50000.0,1140,0,0.0,94500.0,94500.0,-5500.0
5145,Elsie Hayes,paroli,100.0,100000.0,50000.0,1147,1,0.0,98200.0,98200.0,-1800.0
5146,Legend Schaefer,paroli,100.0,100000.0,50000.0,1151,0,0.0,91200.0,91200.0,-8800.0
5147,Mavis Bernard,paroli,100.0,100000.0,50000.0,1205,1,0.0,103900.0,103900.0,3900.0
5148,Jair Bass,paroli,100.0,100000.0,50000.0,1181,4,0.0,104500.0,104500.0,4500.0
5149,Zahra Serrano,paroli,100.0,100000.0,50000.0,1150,1,0.0,95900.0,95900.0,-4100.0
5150,Milan Poole,paroli,100.0,100000.0,50000.0,1145,1,0.0,97600.0,97600.0,-2400.0
5151,Bonnie Mason,paroli,100.0,100000.0,50000.0,1182,2,0.0,104900.0,104900.0,4900.0
5152,Brandon Hines,paroli,100.0,100000.0,50000.0,1160,0,0.0,94400.0,94400.0,-5600.0
5153,Poppy Hanna,paroli,100.0,100000.0,50000.0,1154,0,0.0,95200.0,95200.0,-4800.0
5154,Aydin Ware,paroli,100.0,100000.0,50000.0,1173,0,0.0,98600.0,98600.0,-1400.0
5155,Eileen Stephenson,paroli,100.0,100000.0,50000.0,1149,2,0.0,91100.0,91100.0,-8900.0
5156,Joe Cross,paroli,100.0,100000.0,50000.0,1179,0,0.0,102800.0,102800.0,2800.0
5157,Nayeli Espinoza,paroli,100.0,100000.0,50000.0,1158,2,0.0,95200.0,95200.0,-4800.0
5158,Dallas Grant,paroli,100.0,100000.0,50000.0,1193,0,0.0,101000.0,101000.0,1000.0
5159,Alaina Huynh,paroli,100.0,100000.0,50000.0,1135,1,0.0,94700.0,94700.0,-5300.0
5160,Layton Sutton,paroli,100.0,100000.0,50000.0,1208,1,0.0,105600.0,105600.0,5600.0
5161,Izabella Reyes,paroli,100.0,100000.0,50000.0,1202,1,0.0,106800.0,106800.0,6800.0
5162,Eli Le,paroli,100.0,100000.0,50000.0,1174,1,0.0,97300.0,97300.0,-2700.0
5163,Myla Dillon,paroli,100.0,100000.0,50000.0,1120,0,0.0,86200.0,86200.0,-13800.0
5164,Alvin Pena,paroli,100.0,100000.0,50000.0,1144,1,0.0,96800.0,96800.0,-3200.0
5165,Rachel Barnett,paroli,100.0,100000.0,50000.0,1110,2,0.0,89300.0,89300.0,-10700.0
5166,Stephen Christensen,paroli,100.0,100000.0,50000.0,1178,1,0.0,102300.0,102300.0,2300.0
5167,Carmen Barnes,paroli,100.0,100000.0,50000.0,1194,1,0.0,101600.0,101600.0,1600.0
5168,Damian Beck,paroli,100.0,100000.0,50000.0,1115,2,0.0,91500.0,91500.0,-8500.0
5169,Gia Beard,paroli,100.0,100000.0,50000.0,1155,0,0.0,95500.0,95500.0,-4500.0
5170,Nathanael Wong,paroli,100.0,100000.0,50000.0,1147,1,0.0,95000.0,95000.0,-5000.0
5171,Adelaide Hayes,paroli,100.0,100000.0,50000.0,1175,2,0.0,97300.0,97300.0,-2700.0
5172,Legend Hunter,paroli,100.0,100000.0,50000.0,1134,0,0.0,98000.0,98000.0,-2000.0
5173,Khloe Benitez,paroli,100.0,100000.0,50000.0,1170,3,0.0,96800.0,96800.0,-3200.0
5174,Justice Garcia,paroli,100.0,100000.0,50000.0,1177,0,0.0,103800.0,103800.0,3800.0
5175,Amelia Nicholson,paroli,100.0,100000.0,50000.0,1120,2,0.0,89500.0,89500.0,-10500.0
5176,Rodrigo Watts,paroli,100.0,100000.0,50000.0,1128,0,0.0,87900.0,87900.0,-12100.0
5177,Melissa Peters,paroli,100.0,100000.0,50000.0,1191,2,0.0,105700.0,105700.0,5700.0
5178,Patrick Newman,paroli,100.0,100000.0,50000.0,1145,0,0.0,93200.0,93200.0,-6800.0
5179,Oaklynn Sweeney,paroli,100.0,100000.0,50000.0,1143,0,0.0,97400.0,97400.0,-2600.0
5180,Nixon Browning,paroli,100.0,100000.0,50000.0,1185,0,0.0,100900.0,100900.0,900.0
5181,Princess McKay,paroli,100.0,100000.0,50000.0,1146,0,0.0,92400.0,92400.0,-7600.0
5182,Joey Rosario,paroli,100.0,100000.0,50000.0,1102,0,0.0,84900.0,84900.0,-15100.0
5183,Louisa Blanchard,paroli,100.0,100000.0,50000.0,1188,0,0.0,97300.0,97300.0,-2700.0
5184,Adler Wall,paroli,100.0,100000.0,50000.0,1136,1,0.0,89900.0,89900.0,-10100.0
5185,Jayda Aguirre,paroli,100.0,100000.0,50000.0,1163,0,0.0,100700.0,100700.0,700.0
5186,Andy Huerta,paroli,100.0,100000.0,50000.0,1155,0,0.0,95900.0,95900.0,-4100.0
5187,Dulce Hurley,paroli,100.0,100000.0,50000.0,1121,1,0.0,84900.0,84900.0,-15100.0
5188,Van Escobar,paroli,100.0,100000.0,50000.0,1161,0,0.0,95800.0,95800.0,-4200.0
5189,Erin Grant,paroli,100.0,100000.0,50000.0,1139,0,0.0,93000.0,93000.0,-7000.0
5190,Leon Gilmore,paroli,100.0,100000.0,50000.0,1147,2,0.0,95100.0,95100.0,-4900.0
5191,Chanel Griffith,paroli,100.0,100000.0,50000.0,1136,0,0.0,92600.0,92600.0,-7400.0
5192,Franklin Mays,paroli,100.0,100000.0,50000.0,1161,0,0.0,96900.0,96900.0,-3100.0
5193,Denisse Flowers,paroli,100.0,100000.0,50000.0,1179,1,0.0,97800.0,97800.0,-2200.0
5194,Saul Davis,paroli,100.0,100000.0,50000.0,1115,0,0.0,92000.0,92000.0,-8000.0
5195,Mia Wilkins,paroli,100.0,100000.0,50000.0,1149,0,0.0,95900.0,95900.0,-4100.0
5196,Yusuf Shepherd,paroli,100.0,100000.0,50000.0,1117,1,0.0,89900.0,89900.0,-10100.0
5197,Katalina Hurley,paroli,100.0,100000.0,50000.0,1177,0,0.0,100400.0,100400.0,400.0
5198,Van Richards,paroli,100.0,100000.0,50000.0,1221,1,0.0,110900.0,110900.0,10900.0
5199,Trinity Rodriguez,paroli,100.0,100000.0,50000.0,1155,0,0.0,97600.0,97600.0,-2400.0
5200,Henry Lim,paroli,100.0,100000.0,50000.0,1116,1,0.0,84900.0,84900.0,-15100.0
5201,Giavanna Pope,paroli,100.0,100000.0,50000.0,1195,3,0.0,102300.0,102300.0,2300.0
5202,Gunnar Farrell,paroli,100.0,100000.0,50000.0,1197,2,0.0,106000.0,106000.0,6000.0
5203,Kassidy Villa,paroli,100.0,100000.0,50000.0,1127,1,0.0,90000.0,90000.0,-10000.0
5204,Clay Schultz,paroli,100.0,100000.0,50000.0,1107,1,0.0,87300.0,87300.0,-12700.0
5205,Briella Bowers,paroli,100.0,100000.0,50000.0,1164,1,0.0,97600.0,97600.0,-2400.0
5206,Dorian Cabrera,paroli,100.0,100000.0,50000.0,1177,0,0.0,103800.0,103800.0,3800.0
5207,Daleyza Phelps,paroli,100.0,100000.0,50000.0,1162,2,0.0,101700.0,101700.0,1700.0
5208,Hamza Moreno,paroli,100.0,100000.0,50000.0,1161,0,0.0,99200.0,99200.0,-800.0
5209,Mary Maddox,paroli,100.0,100000.0,50000.0,1092,1,0.0,83700.0,83700.0,-16300.0
5210,Lyric Blake,paroli,100.0,100000.0,50000.0,1162,0,0.0,96100.0,96100.0,-3900.0
5211,Amanda Huerta,paroli,100.0,100000.0,50000.0,1163,0,0.0,96600.0,96600.0,-3400.0
5212,Douglas Guerrero,paroli,100.0,100000.0,50000.0,1192,3,0.0,105800.0,105800.0,5800.0
5213,Margot Sharp,paroli,100.0,100000.0,50000.0,1143,1,0.0,93700.0,93700.0,-6300.0
5214,Royce Vaughn,paroli,100.0,100000.0,50000.0,1152,1,0.0,95800.0,95800.0,-4200.0
5215,Reign Khan,paroli,100.0,100000.0,50000.0,1100,0,0.0,81900.0,81900.0,-18100.0
5216,Kendrick Stuart,paroli,100.0,100000.0,50000.0,1126,0,0.0,94000.0,94000.0,-6000.0
5217,Stormi Vo,paroli,100.0,100000.0,50000.0,1119,2,0.0,85000.0,85000.0,-15000.0
5218,Gordon Hendricks,paroli,100.0,100000.0,50000.0,1113,1,0.0,90100.0,90100.0,-9900.0
5219,Dani Flowers,paroli,100.0,100000.0,50000.0,1093,1,0.0,83300.0,83300.0,-16700.0
5220,Saul Wolfe,paroli,100.0,100000.0,50000.0,1160,0,0.0,94800.0,94800.0,-5200.0
5221,Hallie McClure,paroli,100.0,100000.0,50000.0,1119,1,0.0,93400.0,93400.0,-6600.0
5222,Reese Collins,paroli,100.0,100000.0,50000.0,1167,0,0.0,97700.0,97700.0,-2300.0
5223,Kinsley Brock,paroli,100.0,100000.0,50000.0,1166,1,0.0,99200.0,99200.0,-800.0
5224,Julio Villarreal,paroli,100.0,100000.0,50000.0,1203,0,0.0,103600.0,103600.0,3600.0
5225,Jazlyn Arroyo,paroli,100.0,100000.0,50000.0,1220,2,0.0,109600.0,109600.0,9600.0
5226,Alberto Hensley,paroli,100.0,100000.0,50000.0,1107,0,0.0,87100.0,87100.0,-12900.0
5227,Malaya Valentine,paroli,100.0,100000.0,50000.0,1140,1,0.0,95000.0,95000.0,-5000.0
5228,Demetrius Freeman,paroli,100.0,100000.0,50000.0,1145,2,0.0,90000.0,90000.0,-10000.0
5229,Norah Ramos,paroli,100.0,100000.0,50000.0,1211,1,0.0,106400.0,106400.0,6400.0
5230,Angel Morales,paroli,100.0,100000.0,50000.0,1151,1,0.0,100400.0,100400.0,400.0
5231,Skylar Xiong,paroli,100.0,100000.0,50000.0,1136,0,0.0,92800.0,92800.0,-7200.0
5232,Azrael Beck,paroli,100.0,100000.0,50000.0,1182,0,0.0,104800.0,104800.0,4800.0
5233,Gia Santos,paroli,100.0,100000.0,50000.0,1160,1,0.0,99000.0,99000.0,-1000.0
5234,Walker Dean,paroli,100.0,100000.0,50000.0,1187,2,0.0,104900.0,104900.0,4900.0
5235,Julianna Morales,paroli,100.0,100000.0,50000.0,1119,1,0.0,87300.0,87300.0,-12700.0
5236,Aaron Olsen,paroli,100.0,100000.0,50000.0,1186,1,0.0,99400.0,99400.0,-600.0
5237,Oaklyn Reese,paroli,100.0,100000.0,50000.0,1172,0,0.0,102100.0,102100.0,2100.0
5238,Alijah Le,paroli,100.0,100000.0,50000.0,1189,1,0.0,99200.0,99200.0,-800.0
5239,Myla Maxwell,paroli,100.0,100000.0,50000.0,1133,0,0.0,94900.0,94900.0,-5100.0
5240,Eden Drake,paroli,100.0,100000.0,50000.0,1136,0,0.0,91600.0,91600.0,-8400.0
5241,Jayleen Moran,paroli,100.0,100000.0,50000.0,1173,4,0.0,102600.0,102600.0,2600.0
5242,Tate Hahn,paroli,100.0,100000.0,50000.0,1163,0,0.0,102000.0,102000.0,2000.0
5243,Fallon Cantu,paroli,100.0,100000.0,50000.0,1144,1,0.0,96000.0,96000.0,-4000.0
5244,Anakin Garner,paroli,100.0,100000.0,50000.0,1159,3,0.0,93400.0,93400.0,-6600.0
5245,Jacqueline Solis,paroli,100.0,100000.0,50000.0,1198,2,0.0,105300.0,105300.0,5300.0
5246,Ronin Jaramillo,paroli,100.0,100000.0,50000.0,1134,1,0.0,91600.0,91600.0,-8400.0
5247,Guadalupe McCall,paroli,100.0,100000.0,50000.0,1168,1,0.0,99000.0,99000.0,-1000.0
5248,Kiaan Howell,paroli,100.0,100000.0,50000.0,1168,0,0.0,98700.0,98700.0,-1300.0
5249,Mckenna Chandler,paroli,100.0,100000.0,50000.0,1116,0,0.0,88100.0,88100.0,-11900.0
5250,Royal Harrington,paroli,100.0,100000.0,50000.0,1170,1,0.0,101600.0,101600.0,1600.0
5251,Legacy Villarreal,paroli,100.0,100000.0,50000.0,1097,2,0.0,89200.0,89200.0,-10800.0
5252,Nikolai Arroyo,paroli,100.0,100000.0,50000.0,1178,4,0.0,97500.0,97500.0,-2500.0
5253,Kyra Kennedy,paroli,100.0,100000.0,50000.0,1108,1,0.0,91700.0,91700.0,-8300.0
5254,Maxwell Duarte,paroli,100.0,100000.0,50000.0,1087,0,0.0,88200.0,88200.0,-11800.0
5255,Kynlee Cummings,paroli,100.0,100000.0,50000.0,1170,2,0.0,101400.0,101400.0,1400.0
5256,Raiden Jackson,paroli,100.0,100000.0,50000.0,1210,0,0.0,107600.0,107600.0,7600.0
5257,Avery Grimes,paroli,100.0,100000.0,50000.0,1137,3,0.0,90100.0,90100.0,-9900.0
5258,Harlan Logan,paroli,100.0,100000.0,50000.0,1167,0,0.0,98700.0,98700.0,-1300.0
5259,Kora Elliott,paroli,100.0,100000.0,50000.0,1130,1,0.0,89200.0,89200.0,-10800.0
5260,Blake Lin,paroli,100.0,100000.0,50000.0,1157,0,0.0,98000.0,98000.0,-2000.0
5261,Makenna Strong,paroli,100.0,100000.0,50000.0,1100,0,0.0,87400.0,87400.0,-12600.0
5262,Axl McClain,paroli,100.0,100000.0,50000.0,1230,0,0.0,107100.0,107100.0,7100.0
5263,Marleigh Joseph,paroli,100.0,100000.0,50000.0,1145,0,0.0,95600.0,95600.0,-4400.0
5264,Kyle Bruce,paroli,100.0,100000.0,50000.0,1207,2,0.0,105300.0,105300.0,5300.0
5265,Marilyn Campos,paroli,100.0,100000.0,50000.0,1157,1,0.0,99400.0,99400.0,-600.0
5266,Gideon Avila,paroli,100.0,100000.0,50000.0,1197,0,0.0,104000.0,104000.0,4000.0
5267,Amiyah Hopkins,paroli,100.0,100000.0,50000.0,1119,0,0.0,85600.0,85600.0,-14400.0
5268,Ali Jennings,paroli,100.0,100000.0,50000.0,1162,1,0.0,96400.0,96400.0,-3600.0
5269,Palmer Knight,paroli,100.0,100000.0,50000.0,1125,1,0.0,86700.0,86700.0,-13300.0
5270,Beckett Morgan,paroli,100.0,100000.0,50000.0,1179,1,0.0,105400.0,105400.0,5400.0
5271,Delilah Cantrell,paroli,100.0,100000.0,50000.0,1139,2,0.0,93200.0,93200.0,-6800.0
5272,Harris Hobbs,paroli,100.0,100000.0,50000.0,1145,1,0.0,92700.0,92700.0,-7300.0
5273,Lacey Dunn,paroli,100.0,100000.0,50000.0,1118,0,0.0,87200.0,87200.0,-12800.0
5274,Dawson Jacobson,paroli,100.0,100000.0,50000.0,1114,1,0.0,86200.0,86200.0,-13800.0
5275,Royal Armstrong,paroli,100.0,100000.0,50000.0,1108,2,0.0,87000.0,87000.0,-13000.0
5276,Grant Simon,paroli,100.0,100000.0,50000.0,1148,1,0.0,95600.0,95600.0,-4400.0
5277,Kalani Hull,paroli,100.0,100000.0,50000.0,1161,0,0.0,96700.0,96700.0,-3300.0
5278,Salem Wells,paroli,100.0,100000.0,50000.0,1142,0,0.0,92800.0,92800.0,-7200.0
5279,Cecilia Becker,paroli,100.0,100000.0,50000.0,1174,0,0.0,99900.0,99900.0,-100.0
5280,Lawson Blair,paroli,100.0,100000.0,50000.0,1173,1,0.0,99100.0,99100.0,-900.0
5281,Frances Rich,paroli,100.0,100000.0,50000.0,1179,2,0.0,95400.0,95400.0,-4600.0
5282,Miller Burton,paroli,100.0,100000.0,50000.0,1146,0,0.0,89600.0,89600.0,-10400.0
5283,Miriam Bartlett,paroli,100.0,100000.0,50000.0,1130,1,0.0,90100.0,90100.0,-9900.0
5284,Kace Pace,paroli,100.0,100000.0,50000.0,1122,0,0.0,85100.0,85100.0,-14900.0
5285,Giana Guerrero,paroli,100.0,100000.0,50000.0,1218,1,0.0,104100.0,104100.0,4100.0
5286,Bryce Young,paroli,100.0,100000.0,50000.0,1150,1,0.0,98200.0,98200.0,-1800.0
5287,Zoey Herring,paroli,100.0,100000.0,50000.0,1170,0,0.0,99700.0,99700.0,-300.0
5288,Henrik Russo,paroli,100.0,100000.0,50000.0,1137,0,0.0,98500.0,98500.0,-1500.0
5289,Tinsley Thompson,paroli,100.0,100000.0,50000.0,1163,2,0.0,97300.0,97300.0,-2700.0
5290,Theodore Mack,paroli,100.0,100000.0,50000.0,1155,2,0.0,95200.0,95200.0,-4800.0
5291,Nadia Sutton,paroli,100.0,100000.0,50000.0,1152,1,0.0,91900.0,91900.0,-8100.0
5292,Warren Everett,paroli,100.0,100000.0,50000.0,1186,2,0.0,99500.0,99500.0,-500.0
5293,Noah Gill,paroli,100.0,100000.0,50000.0,1144,0,0.0,94700.0,94700.0,-5300.0
5294,Matthias Drake,paroli,100.0,100000.0,50000.0,1127,2,0.0,91900.0,91900.0,-8100.0
5295,Jayleen Ahmed,paroli,100.0,100000.0,50000.0,1135,0,0.0,91300.0,91300.0,-8700.0
5296,Harry Liu,paroli,100.0,100000.0,50000.0,1132,0,0.0,91800.0,91800.0,-8200.0
5297,Kate Waller,paroli,100.0,100000.0,50000.0,1152,1,0.0,99800.0,99800.0,-200.0
5298,Marley Proctor,paroli,100.0,100000.0,50000.0,1158,1,0.0,94800.0,94800.0,-5200.0
5299,Chandler Spears,paroli,100.0,100000.0,50000.0,1118,0,0.0,89600.0,89600.0,-10400.0
5300,Ameer Petersen,paroli,100.0,100000.0,50000.0,1130,1,0.0,89700.0,89700.0,-10300.0
5301,Fernanda Medina,paroli,100.0,100000.0,50000.0,1187,0,0.0,101800.0,101800.0,1800.0
5302,George Rhodes,paroli,100.0,100000.0,50000.0,1154,0,0.0,92600.0,92600.0,-7400.0
5303,Tatum Hines,paroli,100.0,100000.0,50000.0,1177,1,0.0,101500.0,101500.0,1500.0
5304,Uriel Sherman,paroli,100.0,100000.0,50000.0,1186,0,0.0,99400.0,99400.0,-600.0
5305,Addilyn Choi,paroli,100.0,100000.0,50000.0,1103,0,0.0,87400.0,87400.0,-12600.0
5306,Khari Villarreal,paroli,100.0,100000.0,50000.0,1165,4,0.0,96000.0,96000.0,-4000.0
5307,Jazlyn Bond,paroli,100.0,100000.0,50000.0,1146,0,0.0,91000.0,91000.0,-9000.0
5308,Roger Stanley,paroli,100.0,100000.0,50000.0,1117,6,0.0,85500.0,85500.0,-14500.0
5309,Gracelyn Huang,paroli,100.0,100000.0,50000.0,1086,0,0.0,83000.0,83000.0,-17000.0
5310,Ayaan Xiong,paroli,100.0,100000.0,50000.0,1181,1,0.0,101900.0,101900.0,1900.0
5311,Amayah Nash,paroli,100.0,100000.0,50000.0,1150,1,0.0,94300.0,94300.0,-5700.0
5312,Chandler Roach,paroli,100.0,100000.0,50000.0,1158,1,0.0,97400.0,97400.0,-2600.0
5313,Lyanna Beard,paroli,100.0,100000.0,50000.0,1106,2,0.0,83500.0,83500.0,-16500.0
5314,Nathanael Simon,paroli,100.0,100000.0,50000.0,1181,0,0.0,101600.0,101600.0,1600.0
5315,Kalani Le,paroli,100.0,100000.0,50000.0,1192,1,0.0,99900.0,99900.0,-100.0
5316,Damien Pearson,paroli,100.0,100000.0,50000.0,1139,0,0.0,92700.0,92700.0,-7300.0
5317,Kiara Lowery,paroli,100.0,100000.0,50000.0,1182,1,0.0,107400.0,107400.0,7400.0
5318,Jaxxon Cordova,paroli,100.0,100000.0,50000.0,1149,0,0.0,94200.0,94200.0,-5800.0
5319,Florence Page,paroli,100.0,100000.0,50000.0,1155,1,0.0,94100.0,94100.0,-5900.0
5320,Pablo Jacobson,paroli,100.0,100000.0,50000.0,1170,0,0.0,99700.0,99700.0,-300.0
5321,Royal Roberson,paroli,100.0,100000.0,50000.0,1158,3,0.0,103200.0,103200.0,3200.0
5322,Shepherd Garza,paroli,100.0,100000.0,50000.0,1162,0,0.0,94000.0,94000.0,-6000.0
5323,River Rubio,paroli,100.0,100000.0,50000.0,1154,3,0.0,93200.0,93200.0,-6800.0
5324,Titan Huffman,paroli,100.0,100000.0,50000.0,1125,9,0.0,89100.0,89100.0,-10900.0
5325,Hayley Bautista,paroli,100.0,100000.0,50000.0,1206,0,0.0,109600.0,109600.0,9600.0
5326,Raul Boyer,paroli,100.0,100000.0,50000.0,1152,1,0.0,100200.0,100200.0,200.0
5327,Chaya Fields,paroli,100.0,100000.0,50000.0,1156,0,0.0,97000.0,97000.0,-3000.0
5328,Clayton Cunningham,paroli,100.0,100000.0,50000.0,1118,0,0.0,86700.0,86700.0,-13300.0
5329,Marley Enriquez,paroli,100.0,100000.0,50000.0,1139,1,0.0,88600.0,88600.0,-11400.0
5330,Elisha Finley,paroli,100.0,100000.0,50000.0,1149,1,0.0,95100.0,95100.0,-4900.0
5331,Jovie Garner,paroli,100.0,100000.0,50000.0,1126,0,0.0,90800.0,90800.0,-9200.0
5332,Sage Bass,paroli,100.0,100000.0,50000.0,1155,1,0.0,102100.0,102100.0,2100.0
5333,Zahra Arias,paroli,100.0,100000.0,50000.0,1117,0,0.0,85700.0,85700.0,-14300.0
5334,Alec Casey,paroli,100.0,100000.0,50000.0,1189,0,0.0,102400.0,102400.0,2400.0
5335,Sylvia Bender,paroli,100.0,100000.0,50000.0,1164,0,0.0,98900.0,98900.0,-1100.0
5336,Zavier Weeks,paroli,100.0,100000.0,50000.0,1158,1,0.0,100300.0,100300.0,300.0
5337,Karen Odom,paroli,100.0,100000.0,50000.0,1168,1,0.0,96900.0,96900.0,-3100.0
5338,Kylian Myers,paroli,100.0,100000.0,50000.0,1180,0,0.0,103100.0,103100.0,3100.0
5339,Lydia Herring,paroli,100.0,100000.0,50000.0,1190,1,0.0,99800.0,99800.0,-200.0
5340,Henrik Hansen,paroli,100.0,100000.0,50000.0,1229,0,0.0,112700.0,112700.0,12700.0
5341,Hope Hogan,paroli,100.0,100000.0,50000.0,1116,0,0.0,91800.0,91800.0,-8200.0
5342,Sonny Le,paroli,100.0,100000.0,50000.0,1159,3,0.0,99400.0,99400.0,-600.0
5343,Myla Contreras,paroli,100.0,100000.0,50000.0,1145,2,0.0,94300.0,94300.0,-5700.0
5344,Emilio Herman,paroli,100.0,100000.0,50000.0,1147,2,0.0,96300.0,96300.0,-3700.0
5345,Paulina Pruitt,paroli,100.0,100000.0,50000.0,1144,2,0.0,95900.0,95900.0,-4100.0
5346,Gatlin Sullivan,paroli,100.0,100000.0,50000.0,1157,0,0.0,94100.0,94100.0,-5900.0
5347,Melanie Golden,paroli,100.0,100000.0,50000.0,1191,0,0.0,104500.0,104500.0,4500.0
5348,Amias Richard,paroli,100.0,100000.0,50000.0,1128,3,0.0,85700.0,85700.0,-14300.0
5349,Davina Kane,paroli,100.0,100000.0,50000.0,1138,0,0.0,94700.0,94700.0,-5300.0
5350,Brock Petersen,paroli,100.0,100000.0,50000.0,1129,0,0.0,94100.0,94100.0,-5900.0
5351,Fernanda Crosby,paroli,100.0,100000.0,50000.0,1106,2,0.0,92100.0,92100.0,-7900.0
5352,Tristen Zavala,paroli,100.0,100000.0,50000.0,1179,0,0.0,99300.0,99300.0,-700.0
5353,Liv Gillespie,paroli,100.0,100000.0,50000.0,1141,0,0.0,94400.0,94400.0,-5600.0
5354,Forest Pittman,paroli,100.0,100000.0,50000.0,1153,2,0.0,92800.0,92800.0,-7200.0
5355,Marie Clark,paroli,100.0,100000.0,50000.0,1126,4,0.0,88200.0,88200.0,-11800.0
5356,John Benton,paroli,100.0,100000.0,50000.0,1138,3,0.0,93400.0,93400.0,-6600.0
5357,Anais Wood,paroli,100.0,100000.0,50000.0,1124,0,0.0,90200.0,90200.0,-9800.0
5358,Carson Cohen,paroli,100.0,100000.0,50000.0,1141,0,0.0,91700.0,91700.0,-8300.0
5359,Destiny Cummings,paroli,100.0,100000.0,50000.0,1160,0,0.0,93000.0,93000.0,-7000.0
5360,Raiden Gill,paroli,100.0,100000.0,50000.0,1132,0,0.0,91900.0,91900.0,-8100.0
5361,Jordan Dodson,paroli,100.0,100000.0,50000.0,1161,0,0.0,99200.0,99200.0,-800.0
5362,Seven Mendoza,paroli,100.0,100000.0,50000.0,1153,0,0.0,95200.0,95200.0,-4800.0
5363,Cora Howell,paroli,100.0,100000.0,50000.0,1135,0,0.0,94500.0,94500.0,-5500.0
5364,Bradley Nichols,paroli,100.0,100000.0,50000.0,1113,2,0.0,87300.0,87300.0,-12700.0
5365,Aliyah Richards,paroli,100.0,100000.0,50000.0,1153,0,0.0,96400.0,96400.0,-3600.0
5366,Holden Haley,paroli,100.0,100000.0,50000.0,1145,1,0.0,96000.0,96000.0,-4000.0
5367,Addilynn Mays,paroli,100.0,100000.0,50000.0,1164,3,0.0,95500.0,95500.0,-4500.0
5368,Jadiel Daugherty,paroli,100.0,100000.0,50000.0,1183,2,0.0,96900.0,96900.0,-3100.0
5369,Magdalena Holt,paroli,100.0,100000.0,50000.0,1171,0,0.0,100400.0,100400.0,400.0
5370,Niko Sullivan,paroli,100.0,100000.0,50000.0,1202,0,0.0,103400.0,103400.0,3400.0
5371,Melanie Conrad,paroli,100.0,100000.0,50000.0,1178,2,0.0,102200.0,102200.0,2200.0
5372,Dilan French,paroli,100.0,100000.0,50000.0,1164,0,0.0,92600.0,92600.0,-7400.0
5373,Lorelai Newton,paroli,100.0,100000.0,50000.0,1158,2,0.0,100300.0,100300.0,300.0
5374,Santino Hensley,paroli,100.0,100000.0,50000.0,1124,2,0.0,90800.0,90800.0,-9200.0
5375,Malaya Stevenson,paroli,100.0,100000.0,50000.0,1110,0,0.0,86900.0,86900.0,-13100.0
5376,Callan Dennis,paroli,100.0,100000.0,50000.0,1170,3,0.0,99700.0,99700.0,-300.0
5377,Maisie McDaniel,paroli,100.0,100000.0,50000.0,1128,0,0.0,90100.0,90100.0,-9900.0
5378,Major Horton,paroli,100.0,100000.0,50000.0,1148,1,0.0,94900.0,94900.0,-5100.0
5379,Aitana Levy,paroli,100.0,100000.0,50000.0,1140,2,0.0,95300.0,95300.0,-4700.0
5380,Harold Gallegos,paroli,100.0,100000.0,50000.0,1154,1,0.0,91000.0,91000.0,-9000.0
5381,Ari Fry,paroli,100.0,100000.0,50000.0,1161,1,0.0,101500.0,101500.0,1500.0
5382,Jacoby Roman,paroli,100.0,100000.0,50000.0,1137,0,0.0,91800.0,91800.0,-8200.0
5383,Astrid Graham,paroli,100.0,100000.0,50000.0,1145,0,0.0,90300.0,90300.0,-9700.0
5384,Giovanni Cantrell,paroli,100.0,100000.0,50000.0,1119,0,0.0,88500.0,88500.0,-11500.0
5385,Yamileth Lowery,paroli,100.0,100000.0,50000.0,1077,0,0.0,84000.0,84000.0,-16000.0
5386,Jaxxon Hendrix,paroli,100.0,100000.0,50000.0,1176,1,0.0,99700.0,99700.0,-300.0
5387,Zhuri Hood,paroli,100.0,100000.0,50000.0,1142,1,0.0,93200.0,93200.0,-6800.0
5388,Brixton Burnett,paroli,100.0,100000.0,50000.0,1116,0,0.0,87700.0,87700.0,-12300.0
5389,Emberly Romero,paroli,100.0,100000.0,50000.0,1114,2,0.0,88400.0,88400.0,-11600.0
5390,Bryson Washington,paroli,100.0,100000.0,50000.0,1217,0,0.0,109300.0,109300.0,9300.0
5391,Valerie McCullough,paroli,100.0,100000.0,50000.0,1111,0,0.0,85100.0,85100.0,-14900.0
5392,Briar Norton,paroli,100.0,100000.0,50000.0,1201,0,0.0,96900.0,96900.0,-3100.0
5393,Kylee Espinosa,paroli,100.0,100000.0,50000.0,1139,0,0.0,88000.0,88000.0,-12000.0
5394,Khalid McKinney,paroli,100.0,100000.0,50000.0,1134,1,0.0,92800.0,92800.0,-7200.0
5395,Gwendolyn Wilcox,paroli,100.0,100000.0,50000.0,1159,0,0.0,96200.0,96200.0,-3800.0
5396,Jerry Ryan,paroli,100.0,100000.0,50000.0,1156,1,0.0,95500.0,95500.0,-4500.0
5397,Morgan McConnell,paroli,100.0,100000.0,50000.0,1174,0,0.0,101400.0,101400.0,1400.0
5398,London Harvey,paroli,100.0,100000.0,50000.0,1138,0,0.0,91700.0,91700.0,-8300.0
5399,Nicole Harding,paroli,100.0,100000.0,50000.0,1099,1,0.0,86100.0,86100.0,-13900.0
5400,Brodie Fuller,paroli,100.0,100000.0,50000.0,1177,1,0.0,98200.0,98200.0,-1800.0
5401,Oakley Hernandez,paroli,100.0,100000.0,50000.0,1156,0,0.0,96200.0,96200.0,-3800.0
5402,Mason Baldwin,paroli,100.0,100000.0,50000.0,1097,0,0.0,88100.0,88100.0,-11900.0
5403,Esmeralda Fitzgerald,paroli,100.0,100000.0,50000.0,1139,0,0.0,92500.0,92500.0,-7500.0
5404,Peyton Perez,paroli,100.0,100000.0,50000.0,1166,0,0.0,96100.0,96100.0,-3900.0
5405,Eleanor Washington,paroli,100.0,100000.0,50000.0,1142,2,0.0,93600.0,93600.0,-6400.0
5406,Juan Vaughn,paroli,100.0,100000.0,50000.0,1177,2,0.0,98800.0,98800.0,-1200.0
5407,Reign Dorsey,paroli,100.0,100000.0,50000.0,1181,0,0.0,95500.0,95500.0,-4500.0
5408,Enoch Taylor,paroli,100.0,100000.0,50000.0,1143,2,0.0,91300.0,91300.0,-8700.0
5409,Sofia Kelly,paroli,100.0,100000.0,50000.0,1165,1,0.0,95300.0,95300.0,-4700.0
5410,Cooper Tran,paroli,100.0,100000.0,50000.0,1105,2,0.0,82200.0,82200.0,-17800.0
5411,Kylie West,paroli,100.0,100000.0,50000.0,1131,1,0.0,90000.0,90000.0,-10000.0
5412,Diego Weber,paroli,100.0,100000.0,50000.0,1175,0,0.0,99900.0,99900.0,-100.0
5413,Alayah Robinson,paroli,100.0,100000.0,50000.0,1128,2,0.0,88900.0,88900.0,-11100.0
5414,Matthew Leblanc,paroli,100.0,100000.0,50000.0,1169,1,0.0,96400.0,96400.0,-3600.0
5415,Novalee Reese,paroli,100.0,100000.0,50000.0,1174,1,0.0,99800.0,99800.0,-200.0
5416,Alijah Black,paroli,100.0,100000.0,50000.0,1128,0,0.0,89500.0,89500.0,-10500.0
5417,Molly Allen,paroli,100.0,100000.0,50000.0,1131,0,0.0,87100.0,87100.0,-12900.0
5418,Carter Small,paroli,100.0,100000.0,50000.0,1142,1,0.0,96200.0,96200.0,-3800.0
5419,Zaria Vincent,paroli,100.0,100000.0,50000.0,1200,1,0.0,105600.0,105600.0,5600.0
5420,Aarav Gonzales,paroli,100.0,100000.0,50000.0,1162,0,0.0,99500.0,99500.0,-500.0
5421,Hadley Osborne,paroli,100.0,100000.0,50000.0,1141,0,0.0,96500.0,96500.0,-3500.0
5422,Augustus Moyer,paroli,100.0,100000.0,50000.0,1167,1,0.0,101700.0,101700.0,1700.0
5423,Zola Benitez,paroli,100.0,100000.0,50000.0,1116,0,0.0,87100.0,87100.0,-12900.0
5424,Justice Hensley,paroli,100.0,100000.0,50000.0,1143,1,0.0,94000.0,94000.0,-6000.0
5425,Malaya Shaffer,paroli,100.0,100000.0,50000.0,1138,0,0.0,88700.0,88700.0,-11300.0
5426,Dexter Waters,paroli,100.0,100000.0,50000.0,1161,1,0.0,96500.0,96500.0,-3500.0
5427,Bristol Person,paroli,100.0,100000.0,50000.0,1103,1,0.0,88400.0,88400.0,-11600.0
5428,Moses Barrett,paroli,100.0,100000.0,50000.0,1093,0,0.0,87500.0,87500.0,-12500.0
5429,Kendall Alvarez,paroli,100.0,100000.0,50000.0,1192,1,0.0,100300.0,100300.0,300.0
5430,Xavier Montgomery,paroli,100.0,100000.0,50000.0,1135,2,0.0,93800.0,93800.0,-6200.0
5431,Evangeline Murray,paroli,100.0,100000.0,50000.0,1134,2,0.0,93200.0,93200.0,-6800.0
5432,Ashton Chase,paroli,100.0,100000.0,50000.0,1152,1,0.0,94500.0,94500.0,-5500.0
5433,Angie Lang,paroli,100.0,100000.0,50000.0,1186,1,0.0,102900.0,102900.0,2900.0
5434,Wells Best,paroli,100.0,100000.0,50000.0,1155,0,0.0,90200.0,90200.0,-9800.0
5435,Lexie Stein,paroli,100.0,100000.0,50000.0,1169,1,0.0,100600.0,100600.0,600.0
5436,Creed Spencer,paroli,100.0,100000.0,50000.0,1163,0,0.0,100300.0,100300.0,300.0
5437,Alyssa Melendez,paroli,100.0,100000.0,50000.0,1227,3,0.0,106200.0,106200.0,6200.0
5438,Nikolas Robles,paroli,100.0,100000.0,50000.0,1210,0,0.0,109500.0,109500.0,9500.0
5439,Felicity Briggs,paroli,100.0,100000.0,50000.0,1150,3,0.0,90800.0,90800.0,-9200.0
5440,Case Krueger,paroli,100.0,100000.0,50000.0,1116,1,0.0,90900.0,90900.0,-9100.0
5441,Kamari Holt,paroli,100.0,100000.0,50000.0,1169,1,0.0,95000.0,95000.0,-5000.0
5442,Niko Norris,paroli,100.0,100000.0,50000.0,1163,1,0.0,96400.0,96400.0,-3600.0
5443,Arielle Salgado,paroli,100.0,100000.0,50000.0,1220,1,0.0,111100.0,111100.0,11100.0
5444,Trace Sherman,paroli,100.0,100000.0,50000.0,1206,2,0.0,103300.0,103300.0,3300.0
5445,Addilyn Douglas,paroli,100.0,100000.0,50000.0,1111,2,0.0,85300.0,85300.0,-14700.0
5446,Derek Escobar,paroli,100.0,100000.0,50000.0,1190,0,0.0,107000.0,107000.0,7000.0
5447,Erin House,paroli,100.0,100000.0,50000.0,1137,0,0.0,96700.0,96700.0,-3300.0
5448,Yehuda Ho,paroli,100.0,100000.0,50000.0,1152,0,0.0,94500.0,94500.0,-5500.0
5449,Calliope Fernandez,paroli,100.0,100000.0,50000.0,1167,1,0.0,94000.0,94000.0,-6000.0
5450,Bentley Miranda,paroli,100.0,100000.0,50000.0,1165,0,0.0,96300.0,96300.0,-3700.0
5451,Amina Bryan,paroli,100.0,100000.0,50000.0,1144,1,0.0,92200.0,92200.0,-7800.0
5452,Jaxtyn Williams,paroli,100.0,100000.0,50000.0,1130,2,0.0,90600.0,90600.0,-9400.0
5453,Ava Gates,paroli,100.0,100000.0,50000.0,1170,0,0.0,101500.0,101500.0,1500.0
5454,Ermias Carson,paroli,100.0,100000.0,50000.0,1181,0,0.0,103300.0,103300.0,3300.0
5455,Nalani Coleman,paroli,100.0,100000.0,50000.0,1245,1,0.0,113900.0,113900.0,13900.0
5456,Micah Benitez,paroli,100.0,100000.0,50000.0,1134,1,0.0,91600.0,91600.0,-8400.0
5457,Aliza Vang,paroli,100.0,100000.0,50000.0,1189,0,0.0,99400.0,99400.0,-600.0
5458,Jimmy McGee,paroli,100.0,100000.0,50000.0,1170,1,0.0,97600.0,97600.0,-2400.0
5459,Kayleigh Reyes,paroli,100.0,100000.0,50000.0,1164,2,0.0,96800.0,96800.0,-3200.0
5460,Eli King,paroli,100.0,100000.0,50000.0,1172,1,0.0,103300.0,103300.0,3300.0
5461,Victoria Kline,paroli,100.0,100000.0,50000.0,1153,0,0.0,94900.0,94900.0,-5100.0
5462,Ramon Carson,paroli,100.0,100000.0,50000.0,1094,0,0.0,85100.0,85100.0,-14900.0
5463,Nalani Blanchard,paroli,100.0,100000.0,50000.0,1204,1,0.0,103400.0,103400.0,3400.0
5464,Adler Joseph,paroli,100.0,100000.0,50000.0,1171,1,0.0,101400.0,101400.0,1400.0
5465,Gracelynn Turner,paroli,100.0,100000.0,50000.0,1149,2,0.0,99100.0,99100.0,-900.0
5466,Joshua Mays,paroli,100.0,100000.0,50000.0,1118,0,0.0,91500.0,91500.0,-8500.0
5467,Denisse Hogan,paroli,100.0,100000.0,50000.0,1179,2,0.0,101600.0,101600.0,1600.0
5468,Sonny Neal,paroli,100.0,100000.0,50000.0,1111,0,0.0,91300.0,91300.0,-8700.0
5469,Talia Knox,paroli,100.0,100000.0,50000.0,1130,2,0.0,93500.0,93500.0,-6500.0
5470,Valentin McConnell,paroli,100.0,100000.0,50000.0,1145,3,0.0,94600.0,94600.0,-5400.0
5471,Denise Koch,paroli,100.0,100000.0,50000.0,1118,2,0.0,83500.0,83500.0,-16500.0
5472,Salvador Beasley,paroli,100.0,100000.0,50000.0,1169,2,0.0,99100.0,99100.0,-900.0
5473,Jaylah Bryant,paroli,100.0,100000.0,50000.0,1140,1,0.0,96000.0,96000.0,-4000.0
5474,Jonah Rivas,paroli,100.0,100000.0,50000.0,1115,2,0.0,86600.0,86600.0,-13400.0
5475,Averie Bernal,paroli,100.0,100000.0,50000.0,1219,2,0.0,112200.0,112200.0,12200.0
5476,Eithan Garrett,paroli,100.0,100000.0,50000.0,1135,0,0.0,87300.0,87300.0,-12700.0
5477,Tessa Maynard,paroli,100.0,100000.0,50000.0,1140,1,0.0,90600.0,90600.0,-9400.0
5478,Landry Becker,paroli,100.0,100000.0,50000.0,1166,1,0.0,108000.0,108000.0,8000.0
5479,Laura O’Neal,paroli,100.0,100000.0,50000.0,1104,0,0.0,90100.0,90100.0,-9900.0
5480,Eddie Osborne,paroli,100.0,100000.0,50000.0,1138,0,0.0,90800.0,90800.0,-9200.0
5481,Shelby Bowen,paroli,100.0,100000.0,50000.0,1140,1,0.0,93100.0,93100.0,-6900.0
5482,Trevor Rios,paroli,100.0,100000.0,50000.0,1075,1,0.0,82400.0,82400.0,-17600.0
5483,Brooke Hebert,paroli,100.0,100000.0,50000.0,1141,1,0.0,95100.0,95100.0,-4900.0
5484,Guillermo Shepherd,paroli,100.0,100000.0,50000.0,1194,3,0.0,102500.0,102500.0,2500.0
5485,Katalina Travis,paroli,100.0,100000.0,50000.0,1118,1,0.0,85700.0,85700.0,-14300.0
5486,Willie Spears,paroli,100.0,100000.0,50000.0,1183,2,0.0,108400.0,108400.0,8400.0
5487,Isabela Case,paroli,100.0,100000.0,50000.0,1158,1,0.0,94600.0,94600.0,-5400.0
5488,Bentlee Hernandez,paroli,100.0,100000.0,50000.0,1215,0,0.0,108100.0,108100.0,8100.0
5489,Camila Lozano,paroli,100.0,100000.0,50000.0,1109,0,0.0,87700.0,87700.0,-12300.0
5490,Boone Lin,paroli,100.0,100000.0,50000.0,1164,3,0.0,99800.0,99800.0,-200.0
5491,Makenna Velez,paroli,100.0,100000.0,50000.0,1186,0,0.0,104000.0,104000.0,4000.0
5492,Kareem Cuevas,paroli,100.0,100000.0,50000.0,1115,1,0.0,89400.0,89400.0,-10600.0
5493,Adele Chan,paroli,100.0,100000.0,50000.0,1106,0,0.0,89900.0,89900.0,-10100.0
5494,Frank Mercado,paroli,100.0,100000.0,50000.0,1157,1,0.0,91600.0,91600.0,-8400.0
5495,Mckinley Herring,paroli,100.0,100000.0,50000.0,1149,1,0.0,93400.0,93400.0,-6600.0
5496,Henrik James,paroli,100.0,100000.0,50000.0,1134,1,0.0,87700.0,87700.0,-12300.0
5497,Quinn Coleman,paroli,100.0,100000.0,50000.0,1105,0,0.0,88700.0,88700.0,-11300.0
5498,Micah Walters,paroli,100.0,100000.0,50000.0,1194,0,0.0,103700.0,103700.0,3700.0
5499,Samara Stein,paroli,100.0,100000.0,50000.0,1136,0,0.0,89300.0,89300.0,-10700.0
5500,Creed Reid,paroli,100.0,100000.0,50000.0,1176,2,0.0,100700.0,100700.0,700.0
5501,Charlee Rivas,paroli,100.0,100000.0,50000.0,1155,0,0.0,96800.0,96800.0,-3200.0
5502,Damon Wilkerson,paroli,100.0,100000.0,50000.0,1147,1,0.0,90700.0,90700.0,-9300.0
5503,Janiyah Dean,paroli,100.0,100000.0,50000.0,1157,0,0.0,91900.0,91900.0,-8100.0
5504,Ronan Wade,paroli,100.0,100000.0,50000.0,1126,1,0.0,91800.0,91800.0,-8200.0
5505,Evie Villarreal,paroli,100.0,100000.0,50000.0,1183,3,0.0,98700.0,98700.0,-1300.0
5506,Nikolai Johnson,paroli,100.0,100000.0,50000.0,1150,1,0.0,98100.0,98100.0,-1900.0
5507,Emma Nava,paroli,100.0,100000.0,50000.0,1174,0,0.0,98300.0,98300.0,-1700.0
5508,Stefan Cuevas,paroli,100.0,100000.0,50000.0,1187,0,0.0,107300.0,107300.0,7300.0
5509,Adele O’Connor,paroli,100.0,100000.0,50000.0,1190,0,0.0,105200.0,105200.0,5200.0
5510,Princeton O’Connell,paroli,100.0,100000.0,50000.0,1173,1,0.0,96300.0,96300.0,-3700.0
5511,Jillian Ball,paroli,100.0,100000.0,50000.0,1218,0,0.0,105600.0,105600.0,5600.0
5512,Shane George,paroli,100.0,100000.0,50000.0,1175,1,0.0,101600.0,101600.0,1600.0
5513,Adelyn Nicholson,paroli,100.0,100000.0,50000.0,1131,0,0.0,90700.0,90700.0,-9300.0
5514,Rodrigo Caldwell,paroli,100.0,100000.0,50000.0,1128,0,0.0,95700.0,95700.0,-4300.0
5515,Evelynn Grant,paroli,100.0,100000.0,50000.0,1081,0,0.0,79000.0,79000.0,-21000.0
5516,Leon Burton,paroli,100.0,100000.0,50000.0,1162,0,0.0,96100.0,96100.0,-3900.0
5517,Miriam Cohen,paroli,100.0,100000.0,50000.0,1128,0,0.0,86400.0,86400.0,-13600.0
5518,Killian Sullivan,paroli,100.0,100000.0,50000.0,1171,2,0.0,97600.0,97600.0,-2400.0
5519,Melanie Pearson,paroli,100.0,100000.0,50000.0,1173,2,0.0,102300.0,102300.0,2300.0
5520,Gunner Gallagher,paroli,100.0,100000.0,50000.0,1144,0,0.0,88700.0,88700.0,-11300.0
5521,Elliott Payne,paroli,100.0,100000.0,50000.0,1170,0,0.0,99000.0,99000.0,-1000.0
5522,Edward Benton,paroli,100.0,100000.0,50000.0,1136,0,0.0,94600.0,94600.0,-5400.0
5523,Anais Figueroa,paroli,100.0,100000.0,50000.0,1181,0,0.0,99500.0,99500.0,-500.0
5524,Spencer Tang,paroli,100.0,100000.0,50000.0,1149,0,0.0,93300.0,93300.0,-6700.0
5525,Belle Case,paroli,100.0,100000.0,50000.0,1189,2,0.0,103400.0,103400.0,3400.0
5526,Bentlee Hoffman,paroli,100.0,100000.0,50000.0,1116,0,0.0,89100.0,89100.0,-10900.0
5527,Aspen Cole,paroli,100.0,100000.0,50000.0,1143,0,0.0,94200.0,94200.0,-5800.0
5528,Nathaniel Lowe,paroli,100.0,100000.0,50000.0,1143,1,0.0,91600.0,91600.0,-8400.0
5529,Amari Spencer,paroli,100.0,100000.0,50000.0,1114,1,0.0,84500.0,84500.0,-15500.0
5530,Ace Anthony,paroli,100.0,100000.0,50000.0,1158,0,0.0,96200.0,96200.0,-3800.0
5531,Macy Sellers,paroli,100.0,100000.0,50000.0,1111,1,0.0,88700.0,88700.0,-11300.0
5532,Madden Hinton,paroli,100.0,100000.0,50000.0,1098,1,0.0,83800.0,83800.0,-16200.0
5533,Jaelynn Marsh,paroli,100.0,100000.0,50000.0,1192,1,0.0,95500.0,95500.0,-4500.0
5534,Bo Barnett,paroli,100.0,100000.0,50000.0,1200,0,0.0,98300.0,98300.0,-1700.0
5535,Harlow Perry,paroli,100.0,100000.0,50000.0,1174,0,0.0,100400.0,100400.0,400.0
5536,Waylon Christensen,paroli,100.0,100000.0,50000.0,1162,0,0.0,91400.0,91400.0,-8600.0
5537,Carmen Stark,paroli,100.0,100000.0,50000.0,1182,0,0.0,103500.0,103500.0,3500.0
5538,Kristopher Pham,paroli,100.0,100000.0,50000.0,1185,1,0.0,109100.0,109100.0,9100.0
5539,Raelyn Barajas,paroli,100.0,100000.0,50000.0,1151,1,0.0,96400.0,96400.0,-3600.0
5540,Brennan Powers,paroli,100.0,100000.0,50000.0,1121,3,0.0,88600.0,88600.0,-11400.0
5541,Michelle Montgomery,paroli,100.0,100000.0,50000.0,1166,2,0.0,95900.0,95900.0,-4100.0
5542,Maximiliano Jefferson,paroli,100.0,100000.0,50000.0,1136,1,0.0,89700.0,89700.0,-10300.0
5543,Julieta Hurley,paroli,100.0,100000.0,50000.0,1164,4,0.0,96300.0,96300.0,-3700.0
5544,Van Kemp,paroli,100.0,100000.0,50000.0,1142,1,0.0,93900.0,93900.0,-6100.0
5545,Anika Blair,paroli,100.0,100000.0,50000.0,1129,2,0.0,87100.0,87100.0,-12900.0
5546,Troy Sampson,paroli,100.0,100000.0,50000.0,1145,1,0.0,95900.0,95900.0,-4100.0
5547,Meilani Truong,paroli,100.0,100000.0,50000.0,1102,0,0.0,82700.0,82700.0,-17300.0
5548,Ayan Hess,paroli,100.0,100000.0,50000.0,1134,2,0.0,96100.0,96100.0,-3900.0
5549,Kaliyah Lu,paroli,100.0,100000.0,50000.0,1120,0,0.0,84400.0,84400.0,-15600.0
5550,Duncan Spence,paroli,100.0,100000.0,50000.0,1152,0,0.0,96600.0,96600.0,-3400.0
5551,Aislinn Paul,paroli,100.0,100000.0,50000.0,1151,3,0.0,96500.0,96500.0,-3500.0
5552,Noel Waters,paroli,100.0,100000.0,50000.0,1189,0,0.0,104900.0,104900.0,4900.0
5553,Bristol Ramos,paroli,100.0,100000.0,50000.0,1096,0,0.0,84800.0,84800.0,-15200.0
5554,Angel Sosa,paroli,100.0,100000.0,50000.0,1169,0,0.0,95600.0,95600.0,-4400.0
5555,Cassandra Fernandez,paroli,100.0,100000.0,50000.0,1124,0,0.0,82200.0,82200.0,-17800.0
5556,Bentley Castro,paroli,100.0,100000.0,50000.0,1124,0,0.0,84000.0,84000.0,-16000.0
5557,Eloise Christensen,paroli,100.0,100000.0,50000.0,1167,0,0.0,100300.0,100300.0,300.0
5558,Gregory Davila,paroli,100.0,100000.0,50000.0,1147,0,0.0,93100.0,93100.0,-6900.0
5559,Rayne Moses,paroli,100.0,100000.0,50000.0,1155,0,0.0,95100.0,95100.0,-4900.0
5560,Niklaus Branch,paroli,100.0,100000.0,50000.0,1163,0,0.0,102200.0,102200.0,2200.0
5561,Luisa Fry,paroli,100.0,100000.0,50000.0,1111,1,0.0,84100.0,84100.0,-15900.0
5562,Jacoby Chambers,paroli,100.0,100000.0,50000.0,1124,1,0.0,91600.0,91600.0,-8400.0
5563,Makayla Hicks,paroli,100.0,100000.0,50000.0,1149,0,0.0,93800.0,93800.0,-6200.0
5564,Maddox Hensley,paroli,100.0,100000.0,50000.0,1199,1,0.0,109200.0,109200.0,9200.0
5565,Malaya Mullins,paroli,100.0,100000.0,50000.0,1114,1,0.0,88000.0,88000.0,-12000.0
5566,Allen Rubio,paroli,100.0,100000.0,50000.0,1114,0,0.0,90700.0,90700.0,-9300.0
5567,Hadassah Trejo,paroli,100.0,100000.0,50000.0,1191,0,0.0,102500.0,102500.0,2500.0
5568,Wesson Gallegos,paroli,100.0,100000.0,50000.0,1195,1,0.0,103200.0,103200.0,3200.0
5569,Ari Barker,paroli,100.0,100000.0,50000.0,1133,0,0.0,88600.0,88600.0,-11400.0
5570,Kade Henson,paroli,100.0,100000.0,50000.0,1137,1,0.0,95600.0,95600.0,-4400.0
5571,Kinslee Alfaro,paroli,100.0,100000.0,50000.0,1198,2,0.0,102000.0,102000.0,2000.0
5572,Xzavier Bautista,paroli,100.0,100000.0,50000.0,1084,0,0.0,86800.0,86800.0,-13200.0
5573,Antonella Reese,paroli,100.0,100000.0,50000.0,1173,0,0.0,102200.0,102200.0,2200.0
5574,Alijah Fowler,paroli,100.0,100000.0,50000.0,1182,1,0.0,103300.0,103300.0,3300.0
5575,Lennon Rivera,paroli,100.0,100000.0,50000.0,1140,1,0.0,93300.0,93300.0,-6700.0
5576,Charles Burton,paroli,100.0,100000.0,50000.0,1149,0,0.0,91200.0,91200.0,-8800.0
5577,Miriam Cooper,paroli,100.0,100000.0,50000.0,1166,0,0.0,97700.0,97700.0,-2300.0
5578,Jonathan Shah,paroli,100.0,100000.0,50000.0,1153,0,0.0,94600.0,94600.0,-5400.0
5579,Angelica Klein,paroli,100.0,100000.0,50000.0,1219,1,0.0,107000.0,107000.0,7000.0
5580,Marco Fields,paroli,100.0,100000.0,50000.0,1185,1,0.0,98700.0,98700.0,-1300.0
5581,Annie Villa,paroli,100.0,100000.0,50000.0,1151,0,0.0,91200.0,91200.0,-8800.0
5582,Clay McKee,paroli,100.0,100000.0,50000.0,1131,1,0.0,86300.0,86300.0,-13700.0
5583,Kori Brewer,paroli,100.0,100000.0,50000.0,1230,0,0.0,113700.0,113700.0,13700.0
5584,Cruz Good,paroli,100.0,100000.0,50000.0,1186,4,0.0,104200.0,104200.0,4200.0
5585,Nathalia Jaramillo,paroli,100.0,100000.0,50000.0,1155,2,0.0,97200.0,97200.0,-2800.0
5586,Riggs Dudley,paroli,100.0,100000.0,50000.0,1136,1,0.0,88200.0,88200.0,-11800.0
5587,Hadleigh Hutchinson,paroli,100.0,100000.0,50000.0,1177,1,0.0,101700.0,101700.0,1700.0
5588,Korbin Peralta,paroli,100.0,100000.0,50000.0,1207,0,0.0,104100.0,104100.0,4100.0
5589,Malayah Strickland,paroli,100.0,100000.0,50000.0,1209,0,0.0,112100.0,112100.0,12100.0
5590,Keegan Casey,paroli,100.0,100000.0,50000.0,1183,2,0.0,98700.0,98700.0,-1300.0
5591,Sylvia Cantrell,paroli,100.0,100000.0,50000.0,1143,0,0.0,95300.0,95300.0,-4700.0
5592,Harris Hudson,paroli,100.0,100000.0,50000.0,1099,1,0.0,82400.0,82400.0,-17600.0
5593,Kamila Barber,paroli,100.0,100000.0,50000.0,1123,0,0.0,89900.0,89900.0,-10100.0
5594,Solomon Weiss,paroli,100.0,100000.0,50000.0,1170,0,0.0,97900.0,97900.0,-2100.0
5595,Lennox Doyle,paroli,100.0,100000.0,50000.0,1199,0,0.0,103500.0,103500.0,3500.0
5596,Kashton Donovan,paroli,100.0,100000.0,50000.0,1187,0,0.0,101400.0,101400.0,1400.0
5597,Azariah Morris,paroli,100.0,100000.0,50000.0,1111,1,0.0,87700.0,87700.0,-12300.0
5598,Christian Vaughan,paroli,100.0,100000.0,50000.0,1182,0,0.0,101900.0,101900.0,1900.0
5599,Nancy Walton,paroli,100.0,100000.0,50000.0,1074,1,0.0,73600.0,73600.0,-26400.0
5600,Dominick Aguirre,paroli,100.0,100000.0,50000.0,1189,2,0.0,106100.0,106100.0,6100.0
5601,Ariah Nixon,paroli,100.0,100000.0,50000.0,1106,2,0.0,88400.0,88400.0,-11600.0
5602,Cory Ford,paroli,100.0,100000.0,50000.0,1146,2,0.0,89600.0,89600.0,-10400.0
5603,Alexandra Hopkins,paroli,100.0,100000.0,50000.0,1147,0,0.0,97100.0,97100.0,-2900.0
5604,Ali Beard,paroli,100.0,100000.0,50000.0,1181,0,0.0,100800.0,100800.0,800.0
5605,Ezra Patel,paroli,100.0,100000.0,50000.0,1167,1,0.0,102100.0,102100.0,2100.0
5606,Parker O’Connell,paroli,100.0,100000.0,50000.0,1158,2,0.0,96300.0,96300.0,-3700.0
5607,Jillian Coffey,paroli,100.0,100000.0,50000.0,1170,0,0.0,101000.0,101000.0,1000.0
5608,Kody Farmer,paroli,100.0,100000.0,50000.0,1145,2,0.0,96800.0,96800.0,-3200.0
5609,Madelynn Hart,paroli,100.0,100000.0,50000.0,1112,0,0.0,84300.0,84300.0,-15700.0
5610,Joel Juarez,paroli,100.0,100000.0,50000.0,1150,0,0.0,97400.0,97400.0,-2600.0
5611,Juliet Huff,paroli,100.0,100000.0,50000.0,1173,1,0.0,93700.0,93700.0,-6300.0
5612,Finnley Hampton,paroli,100.0,100000.0,50000.0,1164,0,0.0,99600.0,99600.0,-400.0
5613,Leona Bowers,paroli,100.0,100000.0,50000.0,1178,3,0.0,97100.0,97100.0,-2900.0
5614,Dorian Wolfe,paroli,100.0,100000.0,50000.0,1093,0,0.0,81400.0,81400.0,-18600.0
5615,Hallie Marquez,paroli,100.0,100000.0,50000.0,1123,0,0.0,90400.0,90400.0,-9600.0
5616,Malakai Harvey,paroli,100.0,100000.0,50000.0,1136,1,0.0,88000.0,88000.0,-12000.0
5617,Nicole Washington,paroli,100.0,100000.0,50000.0,1187,2,0.0,102400.0,102400.0,2400.0
5618,Juan James,paroli,100.0,100000.0,50000.0,1133,0,0.0,90500.0,90500.0,-9500.0
5619,Quinn Ryan,paroli,100.0,100000.0,50000.0,1143,1,0.0,97700.0,97700.0,-2300.0
5620,Timothy Nava,paroli,100.0,100000.0,50000.0,1187,2,0.0,101000.0,101000.0,1000.0
5621,Scout Ochoa,paroli,100.0,100000.0,50000.0,1136,0,0.0,94800.0,94800.0,-5200.0
5622,Winston Jimenez,paroli,100.0,100000.0,50000.0,1130,0,0.0,90600.0,90600.0,-9400.0
5623,Adeline Lowery,paroli,100.0,100000.0,50000.0,1162,2,0.0,96500.0,96500.0,-3500.0
5624,Jaxxon Ahmed,paroli,100.0,100000.0,50000.0,1108,0,0.0,86900.0,86900.0,-13100.0
5625,Jolie McCullough,paroli,100.0,100000.0,50000.0,1170,1,0.0,97200.0,97200.0,-2800.0
5626,Briar Alfaro,paroli,100.0,100000.0,50000.0,1087,1,0.0,81300.0,81300.0,-18700.0
5627,Yasmin Salas,paroli,100.0,100000.0,50000.0,1123,1,0.0,89000.0,89000.0,-11000.0
5628,Zaiden Hunter,paroli,100.0,100000.0,50000.0,1165,0,0.0,95000.0,95000.0,-5000.0
5629,Khloe Marin,paroli,100.0,100000.0,50000.0,1126,0,0.0,89700.0,89700.0,-10300.0
5630,Aldo Osborne,paroli,100.0,100000.0,50000.0,1159,2,0.0,96400.0,96400.0,-3600.0
5631,Shelby Beil,paroli,100.0,100000.0,50000.0,1138,0,0.0,92600.0,92600.0,-7400.0
5632,Ariel Hawkins,paroli,100.0,100000.0,50000.0,1133,0,0.0,89500.0,89500.0,-10500.0
5633,Ariel Elliott,paroli,100.0,100000.0,50000.0,1093,0,0.0,81100.0,81100.0,-18900.0
5634,Blake Garcia,paroli,100.0,100000.0,50000.0,1161,2,0.0,97200.0,97200.0,-2800.0
5635,Amelia Villa,paroli,100.0,100000.0,50000.0,1112,1,0.0,91300.0,91300.0,-8700.0
5636,Clay McCullough,paroli,100.0,100000.0,50000.0,1121,0,0.0,88700.0,88700.0,-11300.0
5637,Hana Chandler,paroli,100.0,100000.0,50000.0,1176,0,0.0,95800.0,95800.0,-4200.0
5638,Royal Grant,paroli,100.0,100000.0,50000.0,1228,0,0.0,105600.0,105600.0,5600.0
5639,Alaina Reynolds,paroli,100.0,100000.0,50000.0,1129,0,0.0,92100.0,92100.0,-7900.0
5640,Vincent McKee,paroli,100.0,100000.0,50000.0,1140,0,0.0,89600.0,89600.0,-10400.0
5641,Kori Tanner,paroli,100.0,100000.0,50000.0,1175,1,0.0,102400.0,102400.0,2400.0
5642,Bruno Vu,paroli,100.0,100000.0,50000.0,1145,1,0.0,90800.0,90800.0,-9200.0
5643,Kimora Taylor,paroli,100.0,100000.0,50000.0,1167,0,0.0,100000.0,100000.0,0.0
5644,Jackson Hartman,paroli,100.0,100000.0,50000.0,1153,1,0.0,94000.0,94000.0,-6000.0
5645,Kennedi Cherry,paroli,100.0,100000.0,50000.0,1184,0,0.0,98900.0,98900.0,-1100.0
5646,Rome Ryan,paroli,100.0,100000.0,50000.0,1107,2,0.0,87800.0,87800.0,-12200.0
5647,Morgan Curtis,paroli,100.0,100000.0,50000.0,1147,1,0.0,92200.0,92200.0,-7800.0
5648,Muhammad Wolfe,paroli,100.0,100000.0,50000.0,1101,0,0.0,81000.0,81000.0,-19000.0
5649,Hallie Rowland,paroli,100.0,100000.0,50000.0,1172,0,0.0,98800.0,98800.0,-1200.0
5650,Eliezer McKee,paroli,100.0,100000.0,50000.0,1149,0,0.0,98400.0,98400.0,-1600.0
5651,Kori Terry,paroli,100.0,100000.0,50000.0,1180,2,0.0,96800.0,96800.0,-3200.0
5652,Armani Cross,paroli,100.0,100000.0,50000.0,1125,1,0.0,87600.0,87600.0,-12400.0
5653,Nayeli Zamora,paroli,100.0,100000.0,50000.0,1145,1,0.0,94200.0,94200.0,-5800.0
5654,Quentin Tyler,paroli,100.0,100000.0,50000.0,1196,0,0.0,101600.0,101600.0,1600.0
5655,Helena Terrell,paroli,100.0,100000.0,50000.0,1168,2,0.0,98000.0,98000.0,-2000.0
5656,Jaxen Parra,paroli,100.0,100000.0,50000.0,1185,1,0.0,96800.0,96800.0,-3200.0
5657,Dalary Franklin,paroli,100.0,100000.0,50000.0,1146,1,0.0,95500.0,95500.0,-4500.0
5658,Simon Sweeney,paroli,100.0,100000.0,50000.0,1165,2,0.0,96000.0,96000.0,-4000.0
5659,Yara Wilkins,paroli,100.0,100000.0,50000.0,1093,1,0.0,82700.0,82700.0,-17300.0
5660,Yusuf Clay,paroli,100.0,100000.0,50000.0,1150,1,0.0,93600.0,93600.0,-6400.0
5661,Aliana Abbott,paroli,100.0,100000.0,50000.0,1132,1,0.0,92100.0,92100.0,-7900.0
5662,Kohen Bailey,paroli,100.0,100000.0,50000.0,1100,1,0.0,87400.0,87400.0,-12600.0
5663,Kennedy Foley,paroli,100.0,100000.0,50000.0,1202,2,0.0,107200.0,107200.0,7200.0
5664,Mohammad Singleton,paroli,100.0,100000.0,50000.0,1122,2,0.0,89800.0,89800.0,-10200.0
5665,Malaysia Pennington,paroli,100.0,100000.0,50000.0,1144,0,0.0,95600.0,95600.0,-4400.0
5666,Bobby O’Connor,paroli,100.0,100000.0,50000.0,1144,0,0.0,94200.0,94200.0,-5800.0
5667,Charli Elliott,paroli,100.0,100000.0,50000.0,1134,2,0.0,90500.0,90500.0,-9500.0
5668,Blake Grimes,paroli,100.0,100000.0,50000.0,1113,0,0.0,88200.0,88200.0,-11800.0
5669,Braelyn Logan,paroli,100.0,100000.0,50000.0,1178,1,0.0,99200.0,99200.0,-800.0
5670,Rocco Webster,paroli,100.0,100000.0,50000.0,1125,2,0.0,89500.0,89500.0,-10500.0
5671,Kensley Sellers,paroli,100.0,100000.0,50000.0,1089,1,0.0,84800.0,84800.0,-15200.0
5672,Madden Mejia,paroli,100.0,100000.0,50000.0,1117,1,0.0,82400.0,82400.0,-17600.0
5673,Saylor Castillo,paroli,100.0,100000.0,50000.0,1109,2,0.0,88000.0,88000.0,-12000.0
5674,Kai Meyers,paroli,100.0,100000.0,50000.0,1129,1,0.0,92900.0,92900.0,-7100.0
5675,Leyla Pierce,paroli,100.0,100000.0,50000.0,1182,2,0.0,103700.0,103700.0,3700.0
5676,Nicolas Jarvis,paroli,100.0,100000.0,50000.0,1117,2,0.0,87700.0,87700.0,-12300.0
5677,Elisabeth Robinson,paroli,100.0,100000.0,50000.0,1143,1,0.0,89600.0,89600.0,-10400.0
5678,Matthew Delarosa,paroli,100.0,100000.0,50000.0,1164,1,0.0,92900.0,92900.0,-7100.0
5679,Iyla English,paroli,100.0,100000.0,50000.0,1111,0,0.0,84700.0,84700.0,-15300.0
5680,Junior Richards,paroli,100.0,100000.0,50000.0,1120,2,0.0,90500.0,90500.0,-9500.0
5681,Trinity Pittman,paroli,100.0,100000.0,50000.0,1167,1,0.0,92700.0,92700.0,-7300.0
5682,Valentino Alfaro,paroli,100.0,100000.0,50000.0,1130,2,0.0,88800.0,88800.0,-11200.0
5683,Yasmin Mora,paroli,100.0,100000.0,50000.0,1138,0,0.0,95100.0,95100.0,-4900.0
5684,Arturo Ramirez,paroli,100.0,100000.0,50000.0,1142,1,0.0,92200.0,92200.0,-7800.0
5685,Grace Carrillo,paroli,100.0,100000.0,50000.0,1143,0,0.0,92500.0,92500.0,-7500.0
5686,Wade Esquivel,paroli,100.0,100000.0,50000.0,1159,0,0.0,98100.0,98100.0,-1900.0
5687,Jaylee Jackson,paroli,100.0,100000.0,50000.0,1148,1,0.0,94300.0,94300.0,-5700.0
5688,Sebastian Ramirez,paroli,100.0,100000.0,50000.0,1165,1,0.0,96700.0,96700.0,-3300.0
5689,Grace Rivers,paroli,100.0,100000.0,50000.0,1136,0,0.0,94100.0,94100.0,-5900.0
5690,Bear Castro,paroli,100.0,100000.0,50000.0,1178,0,0.0,105000.0,105000.0,5000.0
5691,Eloise Cortez,paroli,100.0,100000.0,50000.0,1164,0,0.0,97800.0,97800.0,-2200.0
5692,Zayn Klein,paroli,100.0,100000.0,50000.0,1129,2,0.0,86600.0,86600.0,-13400.0
5693,Elianna Duarte,paroli,100.0,100000.0,50000.0,1167,1,0.0,100500.0,100500.0,500.0
5694,Abdullah Beck,paroli,100.0,100000.0,50000.0,1147,0,0.0,98100.0,98100.0,-1900.0
5695,Gia Massey,paroli,100.0,100000.0,50000.0,1125,0,0.0,86600.0,86600.0,-13400.0
5696,Donald Potts,paroli,100.0,100000.0,50000.0,1138,1,0.0,89700.0,89700.0,-10300.0
5697,Ellison Reilly,paroli,100.0,100000.0,50000.0,1136,1,0.0,94800.0,94800.0,-5200.0
5698,Alvaro Vazquez,paroli,100.0,100000.0,50000.0,1149,4,0.0,95000.0,95000.0,-5000.0
5699,Journee Molina,paroli,100.0,100000.0,50000.0,1205,1,0.0,100800.0,100800.0,800.0
5700,Prince McCullough,paroli,100.0,100000.0,50000.0,1138,1,0.0,86400.0,86400.0,-13600.0
5701,Hana Johns,paroli,100.0,100000.0,50000.0,1142,0,0.0,86500.0,86500.0,-13500.0
5702,Joziah Parks,paroli,100.0,100000.0,50000.0,1145,0,0.0,97200.0,97200.0,-2800.0
5703,Ainsley Garza,paroli,100.0,100000.0,50000.0,1125,3,0.0,91900.0,91900.0,-8100.0
5704,Judah Farrell,paroli,100.0,100000.0,50000.0,1164,4,0.0,93300.0,93300.0,-6700.0
5705,Kassidy Grimes,paroli,100.0,100000.0,50000.0,1087,1,0.0,79900.0,79900.0,-20100.0
5706,Harlan Huff,paroli,100.0,100000.0,50000.0,1232,0,0.0,109500.0,109500.0,9500.0
5707,Karsyn Randall,paroli,100.0,100000.0,50000.0,1165,1,0.0,101600.0,101600.0,1600.0
5708,Trenton Cummings,paroli,100.0,100000.0,50000.0,1159,1,0.0,96600.0,96600.0,-3400.0
5709,Nylah Duran,paroli,100.0,100000.0,50000.0,1066,0,0.0,74900.0,74900.0,-25100.0
5710,Ismael Rocha,paroli,100.0,100000.0,50000.0,1117,1,0.0,88600.0,88600.0,-11400.0
5711,Emmie Drake,paroli,100.0,100000.0,50000.0,1118,0,0.0,86800.0,86800.0,-13200.0
5712,Jalen Yang,paroli,100.0,100000.0,50000.0,1177,1,0.0,99200.0,99200.0,-800.0
5713,Angelina Vazquez,paroli,100.0,100000.0,50000.0,1172,0,0.0,98800.0,98800.0,-1200.0
5714,Jesse Richard,paroli,100.0,100000.0,50000.0,1211,0,0.0,106600.0,106600.0,6600.0
5715,Davina Stout,paroli,100.0,100000.0,50000.0,1114,2,0.0,89900.0,89900.0,-10100.0
5716,Callahan Rowe,paroli,100.0,100000.0,50000.0,1164,2,0.0,97900.0,97900.0,-2100.0
5717,Matilda Kim,paroli,100.0,100000.0,50000.0,1094,1,0.0,80700.0,80700.0,-19300.0
5718,Roman Bowman,paroli,100.0,100000.0,50000.0,1187,1,0.0,97700.0,97700.0,-2300.0
5719,Fiona Montes,paroli,100.0,100000.0,50000.0,1143,1,0.0,92400.0,92400.0,-7600.0
5720,Darren Rich,paroli,100.0,100000.0,50000.0,1159,3,0.0,94600.0,94600.0,-5400.0
5721,Sunny Barron,paroli,100.0,100000.0,50000.0,1110,0,0.0,86300.0,86300.0,-13700.0
5722,Dustin Lawson,paroli,100.0,100000.0,50000.0,1183,1,0.0,102500.0,102500.0,2500.0
5723,Phoebe Duncan,paroli,100.0,100000.0,50000.0,1177,0,0.0,101300.0,101300.0,1300.0
5724,Avery Bowman,paroli,100.0,100000.0,50000.0,1133,1,0.0,89100.0,89100.0,-10900.0
5725,Fiona York,paroli,100.0,100000.0,50000.0,1172,1,0.0,100200.0,100200.0,200.0
5726,Leandro Vega,paroli,100.0,100000.0,50000.0,1168,0,0.0,97300.0,97300.0,-2700.0
5727,Dakota Hurley,paroli,100.0,100000.0,50000.0,1139,0,0.0,93500.0,93500.0,-6500.0
5728,Van O’Connell,paroli,100.0,100000.0,50000.0,1131,2,0.0,95900.0,95900.0,-4100.0
5729,Jillian Cantu,paroli,100.0,100000.0,50000.0,1150,2,0.0,92200.0,92200.0,-7800.0
5730,Anakin Rocha,paroli,100.0,100000.0,50000.0,1194,1,0.0,99600.0,99600.0,-400.0
5731,Emmie Zamora,paroli,100.0,100000.0,50000.0,1201,0,0.0,107400.0,107400.0,7400.0
5732,Quentin Moon,paroli,100.0,100000.0,50000.0,1185,0,0.0,100000.0,100000.0,0.0
5733,Naya Rush,paroli,100.0,100000.0,50000.0,1157,1,0.0,94600.0,94600.0,-5400.0
5734,Kaiser Ware,paroli,100.0,100000.0,50000.0,1172,0,0.0,99800.0,99800.0,-200.0
5735,Eileen Carter,paroli,100.0,100000.0,50000.0,1150,0,0.0,93600.0,93600.0,-6400.0
5736,Maverick Johnston,paroli,100.0,100000.0,50000.0,1151,0,0.0,95400.0,95400.0,-4600.0
5737,Laila Calhoun,paroli,100.0,100000.0,50000.0,1091,1,0.0,83800.0,83800.0,-16200.0
5738,Gary Booker,paroli,100.0,100000.0,50000.0,1136,0,0.0,95000.0,95000.0,-5000.0
5739,Nataly McLean,paroli,100.0,100000.0,50000.0,1150,5,0.0,93500.0,93500.0,-6500.0
5740,Crosby Castaneda,paroli,100.0,100000.0,50000.0,1135,2,0.0,93500.0,93500.0,-6500.0
5741,Keira Alvarez,paroli,100.0,100000.0,50000.0,1189,1,0.0,99900.0,99900.0,-100.0
5742,Xavier Villanueva,paroli,100.0,100000.0,50000.0,1095,0,0.0,87700.0,87700.0,-12300.0
5743,Monroe Robbins,paroli,100.0,100000.0,50000.0,1108,1,0.0,91400.0,91400.0,-8600.0
5744,Finnegan Barrett,paroli,100.0,100000.0,50000.0,1174,1,0.0,98500.0,98500.0,-1500.0
5745,Kendall McIntosh,paroli,100.0,100000.0,50000.0,1141,1,0.0,92600.0,92600.0,-7400.0
5746,Kristian Garner,paroli,100.0,100000.0,50000.0,1143,1,0.0,94300.0,94300.0,-5700.0
5747,Jacqueline Johns,paroli,100.0,100000.0,50000.0,1181,1,0.0,102700.0,102700.0,2700.0
5748,Joziah Shaw,paroli,100.0,100000.0,50000.0,1202,0,0.0,108000.0,108000.0,8000.0
5749,Emersyn Buckley,paroli,100.0,100000.0,50000.0,1156,0,0.0,96800.0,96800.0,-3200.0
5750,Aryan Mayer,paroli,100.0,100000.0,50000.0,1141,0,0.0,91500.0,91500.0,-8500.0
5751,Ainhoa Rubio,paroli,100.0,100000.0,50000.0,1153,0,0.0,102700.0,102700.0,2700.0
5752,Titan McConnell,paroli,100.0,100000.0,50000.0,1156,1,0.0,97100.0,97100.0,-2900.0
5753,Denise Waller,paroli,100.0,100000.0,50000.0,1150,0,0.0,98600.0,98600.0,-1400.0
5754,Marley Weber,paroli,100.0,100000.0,50000.0,1152,1,0.0,96800.0,96800.0,-3200.0
5755,Alayah Aguirre,paroli,100.0,100000.0,50000.0,1185,2,0.0,101500.0,101500.0,1500.0
5756,Andy Daniels,paroli,100.0,100000.0,50000.0,1118,1,0.0,89300.0,89300.0,-10700.0
5757,Ember Hoffman,paroli,100.0,100000.0,50000.0,1167,0,0.0,103300.0,103300.0,3300.0
5758,Steven Alvarez,paroli,100.0,100000.0,50000.0,1130,1,0.0,94000.0,94000.0,-6000.0
5759,Leilani Walls,paroli,100.0,100000.0,50000.0,1140,4,0.0,92600.0,92600.0,-7400.0
5760,Larry Waters,paroli,100.0,100000.0,50000.0,1155,1,0.0,94400.0,94400.0,-5600.0
5761,Bristol Cruz,paroli,100.0,100000.0,50000.0,1128,2,0.0,90800.0,90800.0,-9200.0
5762,Ryan McFarland,paroli,100.0,100000.0,50000.0,1129,0,0.0,85900.0,85900.0,-14100.0
5763,Annika Henson,paroli,100.0,100000.0,50000.0,1157,1,0.0,93700.0,93700.0,-6300.0
5764,Bellamy Brady,paroli,100.0,100000.0,50000.0,1107,0,0.0,88600.0,88600.0,-11400.0
5765,Ryan Sosa,paroli,100.0,100000.0,50000.0,1162,0,0.0,97300.0,97300.0,-2700.0
5766,Emir Schmitt,paroli,100.0,100000.0,50000.0,1102,0,0.0,85100.0,85100.0,-14900.0
5767,Queen Woodard,paroli,100.0,100000.0,50000.0,1147,1,0.0,90300.0,90300.0,-9700.0
5768,Westley Macias,paroli,100.0,100000.0,50000.0,1172,1,0.0,103800.0,103800.0,3800.0
5769,Adley Steele,paroli,100.0,100000.0,50000.0,1196,1,0.0,104700.0,104700.0,4700.0
5770,Elian Leonard,paroli,100.0,100000.0,50000.0,1186,1,0.0,104700.0,104700.0,4700.0
5771,Demi Solis,paroli,100.0,100000.0,50000.0,1201,1,0.0,104000.0,104000.0,4000.0
5772,Ronin Copeland,paroli,100.0,100000.0,50000.0,1135,0,0.0,89900.0,89900.0,-10100.0
5773,Dayana Shaw,paroli,100.0,100000.0,50000.0,1153,0,0.0,100700.0,100700.0,700.0
5774,Elliot Maynard,paroli,100.0,100000.0,50000.0,1184,2,0.0,100000.0,100000.0,0.0
5775,Carolyn Brewer,paroli,100.0,100000.0,50000.0,1131,0,0.0,93900.0,93900.0,-6100.0
5776,Cruz Hobbs,paroli,100.0,100000.0,50000.0,1147,2,0.0,94900.0,94900.0,-5100.0
5777,Lacey Bauer,paroli,100.0,100000.0,50000.0,1194,1,0.0,113000.0,113000.0,13000.0
5778,Kieran Morales,paroli,100.0,100000.0,50000.0,1112,1,0.0,85900.0,85900.0,-14100.0
5779,Skylar Buchanan,paroli,100.0,100000.0,50000.0,1153,2,0.0,92800.0,92800.0,-7200.0
5780,Enrique Bruce,paroli,100.0,100000.0,50000.0,1141,1,0.0,92000.0,92000.0,-8000.0
5781,Marilyn Shaffer,paroli,100.0,100000.0,50000.0,1219,0,0.0,108800.0,108800.0,8800.0
5782,Dexter Rush,paroli,100.0,100000.0,50000.0,1144,0,0.0,90100.0,90100.0,-9900.0
5783,Maleah Vaughn,paroli,100.0,100000.0,50000.0,1118,0,0.0,87600.0,87600.0,-12400.0
5784,Remy Chase,paroli,100.0,100000.0,50000.0,1169,0,0.0,92100.0,92100.0,-7900.0
5785,Angie Hull,paroli,100.0,100000.0,50000.0,1157,3,0.0,91800.0,91800.0,-8200.0
5786,Salem Duffy,paroli,100.0,100000.0,50000.0,1102,1,0.0,86300.0,86300.0,-13700.0
5787,Addisyn Bradley,paroli,100.0,100000.0,50000.0,1199,4,0.0,106100.0,106100.0,6100.0
5788,Richard Little,paroli,100.0,100000.0,50000.0,1153,2,0.0,94500.0,94500.0,-5500.0
5789,Harley Dudley,paroli,100.0,100000.0,50000.0,1099,0,0.0,84200.0,84200.0,-15800.0
5790,Colter Baldwin,paroli,100.0,100000.0,50000.0,1143,1,0.0,92600.0,92600.0,-7400.0
5791,Esmeralda Holmes,paroli,100.0,100000.0,50000.0,1100,1,0.0,84400.0,84400.0,-15600.0
5792,King Anthony,paroli,100.0,100000.0,50000.0,1177,0,0.0,101000.0,101000.0,1000.0
5793,Macy Sharp,paroli,100.0,100000.0,50000.0,1109,4,0.0,86500.0,86500.0,-13500.0
5794,Royce Moore,paroli,100.0,100000.0,50000.0,1140,0,0.0,90400.0,90400.0,-9600.0
5795,Emily Conway,paroli,100.0,100000.0,50000.0,1143,0,0.0,90200.0,90200.0,-9800.0
5796,Orlando Branch,paroli,100.0,100000.0,50000.0,1170,2,0.0,103500.0,103500.0,3500.0
5797,Luisa Fitzpatrick,paroli,100.0,100000.0,50000.0,1113,0,0.0,88900.0,88900.0,-11100.0
5798,Blaze Guerra,paroli,100.0,100000.0,50000.0,1222,2,0.0,110000.0,110000.0,10000.0
5799,Edith Delgado,paroli,100.0,100000.0,50000.0,1124,0,0.0,91500.0,91500.0,-8500.0
5800,Colt Salinas,paroli,100.0,100000.0,50000.0,1193,0,0.0,104900.0,104900.0,4900.0
5801,Royalty Norman,paroli,100.0,100000.0,50000.0,1209,1,0.0,104400.0,104400.0,4400.0
5802,Aziel Ramos,paroli,100.0,100000.0,50000.0,1182,0,0.0,100900.0,100900.0,900.0
5803,Alice Carpenter,paroli,100.0,100000.0,50000.0,1125,1,0.0,92000.0,92000.0,-8000.0
5804,Jeremy McCullough,paroli,100.0,100000.0,50000.0,1194,0,0.0,102300.0,102300.0,2300.0
5805,Hana House,paroli,100.0,100000.0,50000.0,1189,0,0.0,108600.0,108600.0,8600.0
5806,Yehuda Wilson,paroli,100.0,100000.0,50000.0,1147,0,0.0,99300.0,99300.0,-700.0
5807,Luna Merritt,paroli,100.0,100000.0,50000.0,1157,2,0.0,92700.0,92700.0,-7300.0
5808,Colten Khan,paroli,100.0,100000.0,50000.0,1165,1,0.0,94100.0,94100.0,-5900.0
5809,Mabel Calderon,paroli,100.0,100000.0,50000.0,1084,0,0.0,84700.0,84700.0,-15300.0
5810,Oakley Phan,paroli,100.0,100000.0,50000.0,1161,1,0.0,92200.0,92200.0,-7800.0
5811,Elsa Silva,paroli,100.0,100000.0,50000.0,1206,2,0.0,106100.0,106100.0,6100.0
5812,Luka Cervantes,paroli,100.0,100000.0,50000.0,1141,1,0.0,95100.0,95100.0,-4900.0
5813,Aylin Snow,paroli,100.0,100000.0,50000.0,1227,1,0.0,113600.0,113600.0,13600.0
5814,Houston Wu,paroli,100.0,100000.0,50000.0,1158,0,0.0,93100.0,93100.0,-6900.0
5815,Liana Escobar,paroli,100.0,100000.0,50000.0,1169,0,0.0,97600.0,97600.0,-2400.0
5816,Zachariah Roy,paroli,100.0,100000.0,50000.0,1159,1,0.0,96200.0,96200.0,-3800.0
5817,Savanna Yoder,paroli,100.0,100000.0,50000.0,1216,3,0.0,107300.0,107300.0,7300.0
5818,Johan Morrison,paroli,100.0,100000.0,50000.0,1140,2,0.0,91600.0,91600.0,-8400.0
5819,Rebecca Figueroa,paroli,100.0,100000.0,50000.0,1166,1,0.0,102900.0,102900.0,2900.0
5820,Spencer Ware,paroli,100.0,100000.0,50000.0,1093,0,0.0,82100.0,82100.0,-17900.0
5821,Eileen Porter,paroli,100.0,100000.0,50000.0,1127,0,0.0,95000.0,95000.0,-5000.0
5822,Rhett Parks,paroli,100.0,100000.0,50000.0,1213,2,0.0,109300.0,109300.0,9300.0
5823,Ainsley Henry,paroli,100.0,100000.0,50000.0,1151,1,0.0,92700.0,92700.0,-7300.0
5824,Carlos Strickland,paroli,100.0,100000.0,50000.0,1143,0,0.0,95900.0,95900.0,-4100.0
5825,Nia Duarte,paroli,100.0,100000.0,50000.0,1162,1,0.0,98600.0,98600.0,-1400.0
5826,Abdullah Perry,paroli,100.0,100000.0,50000.0,1140,0,0.0,92500.0,92500.0,-7500.0
5827,Clara Roy,paroli,100.0,100000.0,50000.0,1113,0,0.0,89600.0,89600.0,-10400.0
5828,Marcelo Larsen,paroli,100.0,100000.0,50000.0,1198,0,0.0,105300.0,105300.0,5300.0
5829,Xiomara Best,paroli,100.0,100000.0,50000.0,1108,0,0.0,82800.0,82800.0,-17200.0
5830,Harlem Flynn,paroli,100.0,100000.0,50000.0,1141,0,0.0,93600.0,93600.0,-6400.0
5831,Dorothy Howard,paroli,100.0,100000.0,50000.0,1111,0,0.0,90500.0,90500.0,-9500.0
5832,Jeremiah Hale,paroli,100.0,100000.0,50000.0,1158,1,0.0,95600.0,95600.0,-4400.0
5833,Brinley Moreno,paroli,100.0,100000.0,50000.0,1193,0,0.0,103700.0,103700.0,3700.0
5834,Myles Hansen,paroli,100.0,100000.0,50000.0,1097,1,0.0,86800.0,86800.0,-13200.0
5835,Hope Ellis,paroli,100.0,100000.0,50000.0,1108,1,0.0,89200.0,89200.0,-10800.0
5836,Cole Owen,paroli,100.0,100000.0,50000.0,1139,0,0.0,90800.0,90800.0,-9200.0
5837,Mikayla Sheppard,paroli,100.0,100000.0,50000.0,1175,4,0.0,101900.0,101900.0,1900.0
5838,Trent Garrett,paroli,100.0,100000.0,50000.0,1144,1,0.0,97900.0,97900.0,-2100.0
5839,Tessa Manning,paroli,100.0,100000.0,50000.0,1134,1,0.0,90700.0,90700.0,-9300.0
5840,Seth Brooks,paroli,100.0,100000.0,50000.0,1169,0,0.0,99800.0,99800.0,-200.0
5841,Autumn Novak,paroli,100.0,100000.0,50000.0,1130,0,0.0,95100.0,95100.0,-4900.0
5842,Bishop Walters,paroli,100.0,100000.0,50000.0,1124,1,0.0,87900.0,87900.0,-12100.0
5843,Samara Lawrence,paroli,100.0,100000.0,50000.0,1120,1,0.0,87900.0,87900.0,-12100.0
5844,Kaleb Sellers,paroli,100.0,100000.0,50000.0,1100,0,0.0,85500.0,85500.0,-14500.0
5845,Mercy Schmitt,paroli,100.0,100000.0,50000.0,1132,1,0.0,96300.0,96300.0,-3700.0
5846,Murphy Frost,paroli,100.0,100000.0,50000.0,1189,0,0.0,104800.0,104800.0,4800.0
5847,Paula Petersen,paroli,100.0,100000.0,50000.0,1163,0,0.0,99200.0,99200.0,-800.0
5848,Samson Summers,paroli,100.0,100000.0,50000.0,1143,0,0.0,94300.0,94300.0,-5700.0
5849,Frankie Rodgers,paroli,100.0,100000.0,50000.0,1193,1,0.0,101500.0,101500.0,1500.0
5850,Mathias Hill,paroli,100.0,100000.0,50000.0,1109,0,0.0,85400.0,85400.0,-14600.0
5851,Hannah Valencia,paroli,100.0,100000.0,50000.0,1153,0,0.0,95500.0,95500.0,-4500.0
5852,Dax Chavez,paroli,100.0,100000.0,50000.0,1138,1,0.0,94900.0,94900.0,-5100.0
5853,Nevaeh Olsen,paroli,100.0,100000.0,50000.0,1123,1,0.0,91900.0,91900.0,-8100.0
5854,Skyler Douglas,paroli,100.0,100000.0,50000.0,1115,0,0.0,90000.0,90000.0,-10000.0
5855,Aniyah Jarvis,paroli,100.0,100000.0,50000.0,1113,0,0.0,86800.0,86800.0,-13200.0
5856,Marlon Gentry,paroli,100.0,100000.0,50000.0,1152,1,0.0,95300.0,95300.0,-4700.0
5857,Amelie Santana,paroli,100.0,100000.0,50000.0,1163,1,0.0,97400.0,97400.0,-2600.0
5858,Mohamed Hodge,paroli,100.0,100000.0,50000.0,1200,0,0.0,105900.0,105900.0,5900.0
5859,Coraline Velasquez,paroli,100.0,100000.0,50000.0,1159,0,0.0,90200.0,90200.0,-9800.0
5860,Sullivan Dennis,paroli,100.0,100000.0,50000.0,1155,1,0.0,97700.0,97700.0,-2300.0
5861,Maisie Willis,paroli,100.0,100000.0,50000.0,1169,4,0.0,95000.0,95000.0,-5000.0
5862,Remington Maddox,paroli,100.0,100000.0,50000.0,1202,2,0.0,105200.0,105200.0,5200.0
5863,Zainab Armstrong,paroli,100.0,100000.0,50000.0,1057,0,0.0,74700.0,74700.0,-25300.0
5864,Grant Jenkins,paroli,100.0,100000.0,50000.0,1180,0,0.0,96400.0,96400.0,-3600.0
5865,Rylee Malone,paroli,100.0,100000.0,50000.0,1109,3,0.0,86300.0,86300.0,-13700.0
5866,Ruben House,paroli,100.0,100000.0,50000.0,1156,0,0.0,96800.0,96800.0,-3200.0
5867,Sariah McIntosh,paroli,100.0,100000.0,50000.0,1149,1,0.0,91100.0,91100.0,-8900.0
5868,Kristian Avalos,paroli,100.0,100000.0,50000.0,1144,0,0.0,96100.0,96100.0,-3900.0
5869,Paloma Henry,paroli,100.0,100000.0,50000.0,1177,4,0.0,101700.0,101700.0,1700.0
5870,Carlos Li,paroli,100.0,100000.0,50000.0,1170,0,0.0,99700.0,99700.0,-300.0
5871,Paige Villanueva,paroli,100.0,100000.0,50000.0,1144,0,0.0,88800.0,88800.0,-11200.0
5872,Huxley Sellers,paroli,100.0,100000.0,50000.0,1144,2,0.0,97200.0,97200.0,-2800.0
5873,Mercy Benson,paroli,100.0,100000.0,50000.0,1094,0,0.0,83400.0,83400.0,-16600.0
5874,Desmond Casey,paroli,100.0,100000.0,50000.0,1158,0,0.0,95200.0,95200.0,-4800.0
5875,Sylvia Alexander,paroli,100.0,100000.0,50000.0,1152,2,0.0,93900.0,93900.0,-6100.0
5876,Kingston Espinosa,paroli,100.0,100000.0,50000.0,1118,2,0.0,87400.0,87400.0,-12600.0
5877,Braylee Rice,paroli,100.0,100000.0,50000.0,1166,0,0.0,99200.0,99200.0,-800.0
5878,Graham Keller,paroli,100.0,100000.0,50000.0,1139,1,0.0,91800.0,91800.0,-8200.0
5879,Logan Hansen,paroli,100.0,100000.0,50000.0,1170,3,0.0,98200.0,98200.0,-1800.0
5880,Charlie Summers,paroli,100.0,100000.0,50000.0,1128,2,0.0,92000.0,92000.0,-8000.0
5881,Frankie Fisher,paroli,100.0,100000.0,50000.0,1114,1,0.0,86500.0,86500.0,-13500.0
5882,Gael Allison,paroli,100.0,100000.0,50000.0,1117,0,0.0,86100.0,86100.0,-13900.0
5883,Chelsea Shaw,paroli,100.0,100000.0,50000.0,1127,0,0.0,90100.0,90100.0,-9900.0
5884,Elliot Harvey,paroli,100.0,100000.0,50000.0,1155,1,0.0,97200.0,97200.0,-2800.0
5885,Nicole McDaniel,paroli,100.0,100000.0,50000.0,1110,1,0.0,88300.0,88300.0,-11700.0
5886,Major Randolph,paroli,100.0,100000.0,50000.0,1201,0,0.0,107100.0,107100.0,7100.0
5887,Kailey Walker,paroli,100.0,100000.0,50000.0,1114,1,0.0,92700.0,92700.0,-7300.0
5888,Luke Quinn,paroli,100.0,100000.0,50000.0,1166,1,0.0,93800.0,93800.0,-6200.0
5889,Heaven Glass,paroli,100.0,100000.0,50000.0,1152,0,0.0,99400.0,99400.0,-600.0
5890,Allan Booker,paroli,100.0,100000.0,50000.0,1206,0,0.0,108100.0,108100.0,8100.0
5891,Nataly Dunn,paroli,100.0,100000.0,50000.0,1086,2,0.0,82600.0,82600.0,-17400.0
5892,Dawson Cameron,paroli,100.0,100000.0,50000.0,1155,3,0.0,93300.0,93300.0,-6700.0
5893,Julie Sims,paroli,100.0,100000.0,50000.0,1118,1,0.0,83300.0,83300.0,-16700.0
5894,Brian Hood,paroli,100.0,100000.0,50000.0,1133,1,0.0,87500.0,87500.0,-12500.0
5895,Briana Meyers,paroli,100.0,100000.0,50000.0,1138,1,0.0,95500.0,95500.0,-4500.0
5896,Julien Moses,paroli,100.0,100000.0,50000.0,1166,1,0.0,96400.0,96400.0,-3600.0
5897,Karter Rose,paroli,100.0,100000.0,50000.0,1166,0,0.0,101500.0,101500.0,1500.0
5898,Hayden Wise,paroli,100.0,100000.0,50000.0,1191,3,0.0,103000.0,103000.0,3000.0
5899,Mira Scott,paroli,100.0,100000.0,50000.0,1142,2,0.0,95000.0,95000.0,-5000.0
5900,Leo Aguilar,paroli,100.0,100000.0,50000.0,1120,0,0.0,93400.0,93400.0,-6600.0
5901,Josie Thompson,paroli,100.0,100000.0,50000.0,1182,0,0.0,95600.0,95600.0,-4400.0
5902,Theodore Saunders,paroli,100.0,100000.0,50000.0,1169,1,0.0,100900.0,100900.0,900.0
5903,Meadow Pope,paroli,100.0,100000.0,50000.0,1196,1,0.0,102700.0,102700.0,2700.0
5904,Gunnar Lowery,paroli,100.0,100000.0,50000.0,1184,0,0.0,103200.0,103200.0,3200.0
5905,Estelle Bond,paroli,100.0,100000.0,50000.0,1172,1,0.0,94700.0,94700.0,-5300.0
5906,Roger Woods,paroli,100.0,100000.0,50000.0,1134,1,0.0,93800.0,93800.0,-6200.0
5907,Reese Gray,paroli,100.0,100000.0,50000.0,1138,1,0.0,93900.0,93900.0,-6100.0
5908,Nicholas Glover,paroli,100.0,100000.0,50000.0,1190,0,0.0,101600.0,101600.0,1600.0
5909,Alessia McKay,paroli,100.0,100000.0,50000.0,1166,0,0.0,99200.0,99200.0,-800.0
5910,Joey Wu,paroli,100.0,100000.0,50000.0,1111,0,0.0,88700.0,88700.0,-11300.0
5911,Liana Ingram,paroli,100.0,100000.0,50000.0,1166,2,0.0,96900.0,96900.0,-3100.0
5912,Tripp Lynch,paroli,100.0,100000.0,50000.0,1132,1,0.0,89500.0,89500.0,-10500.0
5913,Malia Avalos,paroli,100.0,100000.0,50000.0,1130,1,0.0,88500.0,88500.0,-11500.0
5914,Coen Powell,paroli,100.0,100000.0,50000.0,1086,2,0.0,82200.0,82200.0,-17800.0
5915,Vivian Pugh,paroli,100.0,100000.0,50000.0,1208,1,0.0,106700.0,106700.0,6700.0
5916,Judson Schultz,paroli,100.0,100000.0,50000.0,1112,0,0.0,86300.0,86300.0,-13700.0
5917,Briella Bowen,paroli,100.0,100000.0,50000.0,1093,0,0.0,82800.0,82800.0,-17200.0
5918,Trevor Villanueva,paroli,100.0,100000.0,50000.0,1170,1,0.0,93700.0,93700.0,-6300.0
5919,Monroe Humphrey,paroli,100.0,100000.0,50000.0,1143,0,0.0,90600.0,90600.0,-9400.0
5920,Krew Stevens,paroli,100.0,100000.0,50000.0,1140,1,0.0,90200.0,90200.0,-9800.0
5921,Katherine Parsons,paroli,100.0,100000.0,50000.0,1163,0,0.0,94500.0,94500.0,-5500.0
5922,Lewis Spencer,paroli,100.0,100000.0,50000.0,1149,0,0.0,97400.0,97400.0,-2600.0
5923,Alyssa Jefferson,paroli,100.0,100000.0,50000.0,1141,2,0.0,93600.0,93600.0,-6400.0
5924,Raylan Hayes,paroli,100.0,100000.0,50000.0,1164,2,0.0,97000.0,97000.0,-3000.0
5925,Iris Cortez,paroli,100.0,100000.0,50000.0,1227,3,0.0,103000.0,103000.0,3000.0
5926,Zayn Lewis,paroli,100.0,100000.0,50000.0,1221,0,0.0,112000.0,112000.0,12000.0
5927,Ellie Park,paroli,100.0,100000.0,50000.0,1158,1,0.0,97300.0,97300.0,-2700.0
5928,Daxton Howell,paroli,100.0,100000.0,50000.0,1101,1,0.0,83700.0,83700.0,-16300.0
5929,Mckenna Blake,paroli,100.0,100000.0,50000.0,1133,1,0.0,89800.0,89800.0,-10200.0
5930,Zyaire Farrell,paroli,100.0,100000.0,50000.0,1158,1,0.0,97600.0,97600.0,-2400.0
5931,Kassidy Ford,paroli,100.0,100000.0,50000.0,1129,1,0.0,93900.0,93900.0,-6100.0
5932,Luis Barrett,paroli,100.0,100000.0,50000.0,1169,0,0.0,96200.0,96200.0,-3800.0
5933,Kendall Knapp,paroli,100.0,100000.0,50000.0,1103,0,0.0,86100.0,86100.0,-13900.0
5934,Boden Sweeney,paroli,100.0,100000.0,50000.0,1146,2,0.0,93000.0,93000.0,-7000.0
5935,Yara Michael,paroli,100.0,100000.0,50000.0,1142,1,0.0,92600.0,92600.0,-7400.0
5936,Bronson Berger,paroli,100.0,100000.0,50000.0,1178,1,0.0,101900.0,101900.0,1900.0
5937,Laylah Ferguson,paroli,100.0,100000.0,50000.0,1162,0,0.0,97800.0,97800.0,-2200.0
5938,Miguel Vo,paroli,100.0,100000.0,50000.0,1212,1,0.0,110800.0,110800.0,10800.0
5939,Artemis Good,paroli,100.0,100000.0,50000.0,1181,1,0.0,98100.0,98100.0,-1900.0
5940,Davian Bailey,paroli,100.0,100000.0,50000.0,1132,0,0.0,89600.0,89600.0,-10400.0
5941,Kennedy Bean,paroli,100.0,100000.0,50000.0,1146,1,0.0,90300.0,90300.0,-9700.0
5942,Mccoy McGee,paroli,100.0,100000.0,50000.0,1106,0,0.0,89900.0,89900.0,-10100.0
5943,Kayleigh Bush,paroli,100.0,100000.0,50000.0,1158,0,0.0,94100.0,94100.0,-5900.0
5944,Tyson Bell,paroli,100.0,100000.0,50000.0,1142,0,0.0,96200.0,96200.0,-3800.0
5945,Melody Clarke,paroli,100.0,100000.0,50000.0,1156,0,0.0,94800.0,94800.0,-5200.0
5946,Stetson Terrell,paroli,100.0,100000.0,50000.0,1189,4,0.0,103900.0,103900.0,3900.0
5947,Paityn Leach,paroli,100.0,100000.0,50000.0,1111,0,0.0,84000.0,84000.0,-16000.0
5948,Westin Ho,paroli,100.0,100000.0,50000.0,1139,1,0.0,93900.0,93900.0,-6100.0
5949,Calliope Richmond,paroli,100.0,100000.0,50000.0,1181,0,0.0,97400.0,97400.0,-2600.0
5950,Mordechai Montgomery,paroli,100.0,100000.0,50000.0,1205,0,0.0,104300.0,104300.0,4300.0
5951,Evangeline Strong,paroli,100.0,100000.0,50000.0,1127,0,0.0,90000.0,90000.0,-10000.0
5952,Axl Black,paroli,100.0,100000.0,50000.0,1118,2,0.0,84100.0,84100.0,-15900.0
5953,Molly Gill,paroli,100.0,100000.0,50000.0,1129,1,0.0,91000.0,91000.0,-9000.0
5954,Matthias Boone,paroli,100.0,100000.0,50000.0,1140,0,0.0,93600.0,93600.0,-6400.0
5955,Mariam Farrell,paroli,100.0,100000.0,50000.0,1138,0,0.0,94500.0,94500.0,-5500.0
5956,Ty Bentley,paroli,100.0,100000.0,50000.0,1221,1,0.0,105100.0,105100.0,5100.0
5957,Jaylin Pierce,paroli,100.0,100000.0,50000.0,1150,1,0.0,96000.0,96000.0,-4000.0
5958,Nicolas Robles,paroli,100.0,100000.0,50000.0,1112,2,0.0,89100.0,89100.0,-10900.0
5959,Felicity Harrell,paroli,100.0,100000.0,50000.0,1170,0,0.0,97700.0,97700.0,-2300.0
5960,Nelson Felix,paroli,100.0,100000.0,50000.0,1177,0,0.0,94200.0,94200.0,-5800.0
5961,Paisleigh Donovan,paroli,100.0,100000.0,50000.0,1153,0,0.0,92600.0,92600.0,-7400.0
5962,Brayan Barajas,paroli,100.0,100000.0,50000.0,1204,0,0.0,103300.0,103300.0,3300.0
5963,Keilani Wood,paroli,100.0,100000.0,50000.0,1113,2,0.0,89800.0,89800.0,-10200.0
5964,Carson Enriquez,paroli,100.0,100000.0,50000.0,1115,1,0.0,83100.0,83100.0,-16900.0
5965,Nellie Cohen,paroli,100.0,100000.0,50000.0,1109,0,0.0,85700.0,85700.0,-14300.0
5966,Killian Meyer,paroli,100.0,100000.0,50000.0,1160,0,0.0,96000.0,96000.0,-4000.0
5967,Sara Haley,paroli,100.0,100000.0,50000.0,1145,0,0.0,95100.0,95100.0,-4900.0
5968,Leif Murphy,paroli,100.0,100000.0,50000.0,1165,0,0.0,97700.0,97700.0,-2300.0
5969,Bella Rocha,paroli,100.0,100000.0,50000.0,1172,0,0.0,98700.0,98700.0,-1300.0
5970,Onyx Randall,paroli,100.0,100000.0,50000.0,1221,1,0.0,113100.0,113100.0,13100.0
5971,Christina Ahmed,paroli,100.0,100000.0,50000.0,1136,3,0.0,88700.0,88700.0,-11300.0
5972,Harry Bowman,paroli,100.0,100000.0,50000.0,1121,2,0.0,90000.0,90000.0,-10000.0
5973,Fiona Ware,paroli,100.0,100000.0,50000.0,1105,0,0.0,91000.0,91000.0,-9000.0
5974,Tadeo Gallagher,paroli,100.0,100000.0,50000.0,1150,0,0.0,92500.0,92500.0,-7500.0
5975,Elliott Burgess,paroli,100.0,100000.0,50000.0,1165,3,0.0,100700.0,100700.0,700.0
5976,Kolton Fry,paroli,100.0,100000.0,50000.0,1173,0,0.0,98000.0,98000.0,-2000.0
5977,Clarissa Ramirez,paroli,100.0,100000.0,50000.0,1158,0,0.0,93700.0,93700.0,-6300.0
5978,David Ellis,paroli,100.0,100000.0,50000.0,1142,8,0.0,92800.0,92800.0,-7200.0
5979,Ayla Cochran,paroli,100.0,100000.0,50000.0,1133,0,0.0,92700.0,92700.0,-7300.0
5980,Danny Santos,paroli,100.0,100000.0,50000.0,1115,1,0.0,89000.0,89000.0,-11000.0
5981,Alana Mahoney,paroli,100.0,100000.0,50000.0,1201,0,0.0,104400.0,104400.0,4400.0
5982,Kamryn Galindo,paroli,100.0,100000.0,50000.0,1105,0,0.0,87100.0,87100.0,-12900.0
5983,Corinne McBride,paroli,100.0,100000.0,50000.0,1157,1,0.0,98100.0,98100.0,-1900.0
5984,Denver Henderson,paroli,100.0,100000.0,50000.0,1131,0,0.0,91900.0,91900.0,-8100.0
5985,Maria Solis,paroli,100.0,100000.0,50000.0,1173,0,0.0,96800.0,96800.0,-3200.0
5986,Ronin Levy,paroli,100.0,100000.0,50000.0,1145,0,0.0,96800.0,96800.0,-3200.0
5987,Flora Montoya,paroli,100.0,100000.0,50000.0,1163,0,0.0,98400.0,98400.0,-1600.0
5988,Ford Whitehead,paroli,100.0,100000.0,50000.0,1171,0,0.0,98500.0,98500.0,-1500.0
5989,Sylvie Roman,paroli,100.0,100000.0,50000.0,1202,0,0.0,104200.0,104200.0,4200.0
5990,Kian Portillo,paroli,100.0,100000.0,50000.0,1143,0,0.0,93700.0,93700.0,-6300.0
5991,Nathalie Castillo,paroli,100.0,100000.0,50000.0,1163,1,0.0,94200.0,94200.0,-5800.0
5992,Kai Dean,paroli,100.0,100000.0,50000.0,1180,1,0.0,94600.0,94600.0,-5400.0
5993,Julianna Weiss,paroli,100.0,100000.0,50000.0,1232,1,0.0,110500.0,110500.0,10500.0
5994,Koa Preston,paroli,100.0,100000.0,50000.0,1169,0,0.0,97600.0,97600.0,-2400.0
5995,Indie Hernandez,paroli,100.0,100000.0,50000.0,1216,1,0.0,107100.0,107100.0,7100.0
5996,Mason Crane,paroli,100.0,100000.0,50000.0,1103,0,0.0,85400.0,85400.0,-14600.0
5997,Della Leal,paroli,100.0,100000.0,50000.0,1174,0,0.0,97000.0,97000.0,-3000.0
5998,Cedric Best,paroli,100.0,100000.0,50000.0,1139,0,0.0,95400.0,95400.0,-4600.0
5999,Lexie Ross,paroli,100.0,100000.0,50000.0,1140,3,0.0,85900.0,85900.0,-14100.0
6000,Wesley Brennan,paroli,100.0,100000.0,50000.0,1141,1,0.0,93000.0,93000.0,-7000.0
6001,Chanel Page,paroli,100.0,100000.0,50000.0,1227,2,0.0,105000.0,105000.0,5000.0
6002,Pablo Campos,paroli,100.0,100000.0,50000.0,1191,1,0.0,102900.0,102900.0,2900.0
6003,Sutton Sanford,paroli,100.0,100000.0,50000.0,1116,0,0.0,89100.0,89100.0,-10900.0
6004,Truett Mayo,paroli,100.0,100000.0,50000.0,1185,1,0.0,101400.0,101400.0,1400.0
6005,Aarya House,paroli,100.0,100000.0,50000.0,1157,0,0.0,94000.0,94000.0,-6000.0
6006,Yehuda Duncan,paroli,100.0,100000.0,50000.0,1119,1,0.0,88700.0,88700.0,-11300.0
6007,Elise Beasley,paroli,100.0,100000.0,50000.0,1190,1,0.0,99600.0,99600.0,-400.0
6008,Stanley Aguirre,paroli,100.0,100000.0,50000.0,1159,0,0.0,90700.0,90700.0,-9300.0
6009,Ariah Atkinson,paroli,100.0,100000.0,50000.0,1157,2,0.0,92600.0,92600.0,-7400.0
6010,Duke Howard,paroli,100.0,100000.0,50000.0,1229,0,0.0,108300.0,108300.0,8300.0
6011,Sophie Olsen,paroli,100.0,100000.0,50000.0,1128,0,0.0,90000.0,90000.0,-10000.0
6012,Skyler Francis,paroli,100.0,100000.0,50000.0,1125,2,0.0,93000.0,93000.0,-7000.0
6013,Daniella O’Neill,paroli,100.0,100000.0,50000.0,1196,0,0.0,103600.0,103600.0,3600.0
6014,Marcel Rowe,paroli,100.0,100000.0,50000.0,1174,0,0.0,92300.0,92300.0,-7700.0
6015,Matilda Holloway,paroli,100.0,100000.0,50000.0,1161,1,0.0,100300.0,100300.0,300.0
6016,Sutton Skinner,paroli,100.0,100000.0,50000.0,1119,1,0.0,89100.0,89100.0,-10900.0
6017,Mara Hebert,paroli,100.0,100000.0,50000.0,1136,1,0.0,90500.0,90500.0,-9500.0
6018,Guillermo Ochoa,paroli,100.0,100000.0,50000.0,1154,0,0.0,91600.0,91600.0,-8400.0
6019,Luciana Blair,paroli,100.0,100000.0,50000.0,1088,0,0.0,80800.0,80800.0,-19200.0
6020,Troy Crane,paroli,100.0,100000.0,50000.0,1184,0,0.0,103100.0,103100.0,3100.0
6021,Della Patton,paroli,100.0,100000.0,50000.0,1144,1,0.0,93600.0,93600.0,-6400.0
6022,Moises Rodriguez,paroli,100.0,100000.0,50000.0,1173,2,0.0,98300.0,98300.0,-1700.0
6023,Evelyn Cole,paroli,100.0,100000.0,50000.0,1181,1,0.0,106900.0,106900.0,6900.0
6024,Nathaniel Matthews,paroli,100.0,100000.0,50000.0,1190,0,0.0,103200.0,103200.0,3200.0
6025,Lila Booker,paroli,100.0,100000.0,50000.0,1128,1,0.0,90500.0,90500.0,-9500.0
6026,Dominik Lucas,paroli,100.0,100000.0,50000.0,1174,0,0.0,99300.0,99300.0,-700.0
6027,Phoenix Arroyo,paroli,100.0,100000.0,50000.0,1168,0,0.0,96000.0,96000.0,-4000.0
6028,Alberto Davis,paroli,100.0,100000.0,50000.0,1129,0,0.0,93400.0,93400.0,-6600.0
6029,Mia Payne,paroli,100.0,100000.0,50000.0,1195,0,0.0,104600.0,104600.0,4600.0
6030,Edward Strong,paroli,100.0,100000.0,50000.0,1130,1,0.0,90700.0,90700.0,-9300.0
6031,Margo Farmer,paroli,100.0,100000.0,50000.0,1153,0,0.0,95800.0,95800.0,-4200.0
6032,Jamison Wiggins,paroli,100.0,100000.0,50000.0,1130,1,0.0,91800.0,91800.0,-8200.0
6033,Capri Fields,paroli,100.0,100000.0,50000.0,1089,1,0.0,84600.0,84600.0,-15400.0
6034,Clayton Wilkins,paroli,100.0,100000.0,50000.0,1130,0,0.0,86500.0,86500.0,-13500.0
6035,Amalia McGuire,paroli,100.0,100000.0,50000.0,1084,2,0.0,84300.0,84300.0,-15700.0
6036,Casey Buchanan,paroli,100.0,100000.0,50000.0,1144,1,0.0,95400.0,95400.0,-4600.0
6037,Maryam Gill,paroli,100.0,100000.0,50000.0,1101,3,0.0,86000.0,86000.0,-14000.0
6038,Matthias Jefferson,paroli,100.0,100000.0,50000.0,1114,0,0.0,87700.0,87700.0,-12300.0
6039,Julieta Sexton,paroli,100.0,100000.0,50000.0,1150,1,0.0,93700.0,93700.0,-6300.0
6040,Mylo Meza,paroli,100.0,100000.0,50000.0,1211,0,0.0,111000.0,111000.0,11000.0
6041,Rosa Hebert,paroli,100.0,100000.0,50000.0,1133,0,0.0,92300.0,92300.0,-7700.0
6042,Guillermo Barron,paroli,100.0,100000.0,50000.0,1102,2,0.0,85200.0,85200.0,-14800.0
6043,Anya Melton,paroli,100.0,100000.0,50000.0,1140,1,0.0,90300.0,90300.0,-9700.0
6044,Lennon Leal,paroli,100.0,100000.0,50000.0,1148,0,0.0,91700.0,91700.0,-8300.0
6045,Murphy Rocha,paroli,100.0,100000.0,50000.0,1133,0,0.0,96700.0,96700.0,-3300.0
6046,Onyx Haynes,paroli,100.0,100000.0,50000.0,1144,1,0.0,93800.0,93800.0,-6200.0
6047,Lexi Valdez,paroli,100.0,100000.0,50000.0,1198,0,0.0,105500.0,105500.0,5500.0
6048,Kyler Nelson,paroli,100.0,100000.0,50000.0,1138,1,0.0,91600.0,91600.0,-8400.0
6049,Everly Powell,paroli,100.0,100000.0,50000.0,1180,0,0.0,100000.0,100000.0,0.0
6050,Bennett Brewer,paroli,100.0,100000.0,50000.0,1151,2,0.0,96200.0,96200.0,-3800.0
6051,Thea Beck,paroli,100.0,100000.0,50000.0,1146,2,0.0,98600.0,98600.0,-1400.0
6052,Eduardo Sutton,paroli,100.0,100000.0,50000.0,1142,0,0.0,92400.0,92400.0,-7600.0
6053,Izabella Hubbard,paroli,100.0,100000.0,50000.0,1135,1,0.0,95600.0,95600.0,-4400.0
6054,Forrest Moran,paroli,100.0,100000.0,50000.0,1121,0,0.0,90600.0,90600.0,-9400.0
6055,Celeste Dickson,paroli,100.0,100000.0,50000.0,1200,1,0.0,111000.0,111000.0,11000.0
6056,Maxton Roy,paroli,100.0,100000.0,50000.0,1132,0,0.0,94800.0,94800.0,-5200.0
6057,Savanna Orozco,paroli,100.0,100000.0,50000.0,1172,1,0.0,95800.0,95800.0,-4200.0
6058,Keanu Hawkins,paroli,100.0,100000.0,50000.0,1125,1,0.0,89000.0,89000.0,-11000.0
6059,Ariel Waller,paroli,100.0,100000.0,50000.0,1231,1,0.0,108900.0,108900.0,8900.0
6060,Marley Chambers,paroli,100.0,100000.0,50000.0,1204,2,0.0,107400.0,107400.0,7400.0
6061,Makayla Rowe,paroli,100.0,100000.0,50000.0,1140,0,0.0,90900.0,90900.0,-9100.0
6062,Kamden Clay,paroli,100.0,100000.0,50000.0,1208,2,0.0,110600.0,110600.0,10600.0
6063,Aliana Duarte,paroli,100.0,100000.0,50000.0,1160,2,0.0,98300.0,98300.0,-1700.0
6064,Abdullah Cantu,paroli,100.0,100000.0,50000.0,1130,2,0.0,89100.0,89100.0,-10900.0
6065,Galilea Eaton,paroli,100.0,100000.0,50000.0,1166,2,0.0,98500.0,98500.0,-1500.0
6066,Leighton Pham,paroli,100.0,100000.0,50000.0,1215,2,0.0,108600.0,108600.0,8600.0
6067,Raelyn Koch,paroli,100.0,100000.0,50000.0,1065,0,0.0,84100.0,84100.0,-15900.0
6068,Salvador Ramirez,paroli,100.0,100000.0,50000.0,1177,0,0.0,96200.0,96200.0,-3800.0
6069,Grace Harris,paroli,100.0,100000.0,50000.0,1080,1,0.0,82900.0,82900.0,-17100.0
6070,Samuel Malone,paroli,100.0,100000.0,50000.0,1127,1,0.0,88400.0,88400.0,-11600.0
6071,Skyler Freeman,paroli,100.0,100000.0,50000.0,1119,2,0.0,95500.0,95500.0,-4500.0
6072,Jayce Hancock,paroli,100.0,100000.0,50000.0,1132,2,0.0,85700.0,85700.0,-14300.0
6073,Katelyn White,paroli,100.0,100000.0,50000.0,1123,2,0.0,88000.0,88000.0,-12000.0
6074,Aiden Moody,paroli,100.0,100000.0,50000.0,1138,0,0.0,93800.0,93800.0,-6200.0
6075,Elaine Parks,paroli,100.0,100000.0,50000.0,1135,1,0.0,93200.0,93200.0,-6800.0
6076,Gianni Farmer,paroli,100.0,100000.0,50000.0,1171,1,0.0,97500.0,97500.0,-2500.0
6077,Madelynn Gilmore,paroli,100.0,100000.0,50000.0,1155,1,0.0,95000.0,95000.0,-5000.0
6078,Vihaan Maldonado,paroli,100.0,100000.0,50000.0,1129,0,0.0,96900.0,96900.0,-3100.0
6079,Elaina Massey,paroli,100.0,100000.0,50000.0,1182,0,0.0,105400.0,105400.0,5400.0
6080,Donald Hill,paroli,100.0,100000.0,50000.0,1226,2,0.0,108500.0,108500.0,8500.0
6081,Hannah Brandt,paroli,100.0,100000.0,50000.0,1180,0,0.0,94900.0,94900.0,-5100.0
6082,Damir Yu,paroli,100.0,100000.0,50000.0,1205,1,0.0,108600.0,108600.0,8600.0
6083,Navy Brown,paroli,100.0,100000.0,50000.0,1185,1,0.0,105400.0,105400.0,5400.0
6084,Elijah Bailey,paroli,100.0,100000.0,50000.0,1182,0,0.0,96700.0,96700.0,-3300.0
6085,Kennedy Barajas,paroli,100.0,100000.0,50000.0,1170,1,0.0,94100.0,94100.0,-5900.0
6086,Brennan Henderson,paroli,100.0,100000.0,50000.0,1220,2,0.0,110200.0,110200.0,10200.0
6087,Maria Estes,paroli,100.0,100000.0,50000.0,1128,0,0.0,95000.0,95000.0,-5000.0
6088,Hakeem Bates,paroli,100.0,100000.0,50000.0,1154,2,0.0,93800.0,93800.0,-6200.0
6089,Madilyn Mathews,paroli,100.0,100000.0,50000.0,1173,1,0.0,98900.0,98900.0,-1100.0
6090,Jamir Norris,paroli,100.0,100000.0,50000.0,1177,0,0.0,101400.0,101400.0,1400.0
6091,Arielle Gill,paroli,100.0,100000.0,50000.0,1117,2,0.0,88600.0,88600.0,-11400.0
6092,Matthias Deleon,paroli,100.0,100000.0,50000.0,1147,1,0.0,94200.0,94200.0,-5800.0
6093,Gabrielle Beck,paroli,100.0,100000.0,50000.0,1122,2,0.0,92300.0,92300.0,-7700.0
6094,Eduardo David,paroli,100.0,100000.0,50000.0,1169,1,0.0,94000.0,94000.0,-6000.0
6095,Haylee Brewer,paroli,100.0,100000.0,50000.0,1151,1,0.0,92700.0,92700.0,-7300.0
6096,Cruz Fields,paroli,100.0,100000.0,50000.0,1186,0,0.0,97700.0,97700.0,-2300.0
6097,Annie Black,paroli,100.0,100000.0,50000.0,1135,0,0.0,91600.0,91600.0,-8400.0
6098,Matteo Park,paroli,100.0,100000.0,50000.0,1136,3,0.0,92100.0,92100.0,-7900.0
6099,Lia Morton,paroli,100.0,100000.0,50000.0,1141,1,0.0,87200.0,87200.0,-12800.0
6100,Roland Barton,paroli,100.0,100000.0,50000.0,1159,0,0.0,97600.0,97600.0,-2400.0
6101,Danna Arnold,paroli,100.0,100000.0,50000.0,1166,3,0.0,99800.0,99800.0,-200.0
6102,Abraham Friedman,paroli,100.0,100000.0,50000.0,1155,1,0.0,94900.0,94900.0,-5100.0
6103,Aspyn David,paroli,100.0,100000.0,50000.0,1169,1,0.0,103100.0,103100.0,3100.0
6104,Alonso Hodge,paroli,100.0,100000.0,50000.0,1185,4,0.0,102200.0,102200.0,2200.0
6105,Coraline Rodgers,paroli,100.0,100000.0,50000.0,1135,2,0.0,94600.0,94600.0,-5400.0
6106,Mathias Vazquez,paroli,100.0,100000.0,50000.0,1162,0,0.0,96700.0,96700.0,-3300.0
6107,Journee Moore,paroli,100.0,100000.0,50000.0,1168,0,0.0,99900.0,99900.0,-100.0
6108,Levi Hinton,paroli,100.0,100000.0,50000.0,1157,1,0.0,95900.0,95900.0,-4100.0
6109,Jaelynn Meadows,paroli,100.0,100000.0,50000.0,1122,1,0.0,92400.0,92400.0,-7600.0
6110,Wayne Bernard,paroli,100.0,100000.0,50000.0,1183,1,0.0,99500.0,99500.0,-500.0
6111,Barbara Harmon,paroli,100.0,100000.0,50000.0,1171,1,0.0,98400.0,98400.0,-1600.0
6112,Roberto Li,paroli,100.0,100000.0,50000.0,1180,0,0.0,102100.0,102100.0,2100.0
6113,Paige Mora,paroli,100.0,100000.0,50000.0,1180,1,0.0,104200.0,104200.0,4200.0
6114,Arturo Griffith,paroli,100.0,100000.0,50000.0,1193,0,0.0,101900.0,101900.0,1900.0
6115,Alicia Peterson,paroli,100.0,100000.0,50000.0,1192,7,0.0,106100.0,106100.0,6100.0
6116,Santiago Villegas,paroli,100.0,100000.0,50000.0,1150,1,0.0,96500.0,96500.0,-3500.0
6117,Jessie Wilcox,paroli,100.0,100000.0,50000.0,1139,0,0.0,91900.0,91900.0,-8100.0
6118,Jerry McIntyre,paroli,100.0,100000.0,50000.0,1131,0,0.0,87200.0,87200.0,-12800.0
6119,Rebekah Simmons,paroli,100.0,100000.0,50000.0,1102,0,0.0,90200.0,90200.0,-9800.0
6120,Harrison Boyd,paroli,100.0,100000.0,50000.0,1087,1,0.0,80000.0,80000.0,-20000.0
6121,Georgia Hogan,paroli,100.0,100000.0,50000.0,1192,1,0.0,105500.0,105500.0,5500.0
6122,Sonny Cobb,paroli,100.0,100000.0,50000.0,1160,1,0.0,94600.0,94600.0,-5400.0
6123,Aviana Copeland,paroli,100.0,100000.0,50000.0,1117,0,0.0,84900.0,84900.0,-15100.0
6124,Axton Gillespie,paroli,100.0,100000.0,50000.0,1185,2,0.0,100000.0,100000.0,0.0
6125,Alianna Black,paroli,100.0,100000.0,50000.0,1130,0,0.0,91300.0,91300.0,-8700.0
6126,Matteo Ashley,paroli,100.0,100000.0,50000.0,1154,1,0.0,91200.0,91200.0,-8800.0
6127,Khalani Nielsen,paroli,100.0,100000.0,50000.0,1154,0,0.0,98300.0,98300.0,-1700.0
6128,Tru Golden,paroli,100.0,100000.0,50000.0,1157,0,0.0,93600.0,93600.0,-6400.0
6129,Giuliana Hernandez,paroli,100.0,100000.0,50000.0,1179,2,0.0,101500.0,101500.0,1500.0
6130,Mason Carpenter,paroli,100.0,100000.0,50000.0,1194,1,0.0,103000.0,103000.0,3000.0
6131,Lilly Sanford,paroli,100.0,100000.0,50000.0,1191,0,0.0,101800.0,101800.0,1800.0
6132,Truett Brooks,paroli,100.0,100000.0,50000.0,1152,2,0.0,100000.0,100000.0,0.0
6133,Autumn Sullivan,paroli,100.0,100000.0,50000.0,1161,1,0.0,95200.0,95200.0,-4800.0
6134,Evan Fox,paroli,100.0,100000.0,50000.0,1130,0,0.0,92000.0,92000.0,-8000.0
6135,Juliette Stark,paroli,100.0,100000.0,50000.0,1167,0,0.0,97100.0,97100.0,-2900.0
6136,Kristopher Ramirez,paroli,100.0,100000.0,50000.0,1126,1,0.0,90500.0,90500.0,-9500.0
6137,Grace Hoover,paroli,100.0,100000.0,50000.0,1172,0,0.0,99700.0,99700.0,-300.0
6138,Jaziel Cabrera,paroli,100.0,100000.0,50000.0,1180,0,0.0,103600.0,103600.0,3600.0
6139,Daleyza Harper,paroli,100.0,100000.0,50000.0,1193,1,0.0,107400.0,107400.0,7400.0
6140,Hayes Orr,paroli,100.0,100000.0,50000.0,1205,1,0.0,107400.0,107400.0,7400.0
6141,Alaiya Stewart,paroli,100.0,100000.0,50000.0,1209,2,0.0,102100.0,102100.0,2100.0
6142,Nolan Barrett,paroli,100.0,100000.0,50000.0,1215,2,0.0,111500.0,111500.0,11500.0
6143,Kendall House,paroli,100.0,100000.0,50000.0,1135,0,0.0,86700.0,86700.0,-13300.0
6144,Yehuda Phan,paroli,100.0,100000.0,50000.0,1142,1,0.0,96400.0,96400.0,-3600.0
6145,Elsa Nash,paroli,100.0,100000.0,50000.0,1156,0,0.0,94900.0,94900.0,-5100.0
6146,Chandler Lam,paroli,100.0,100000.0,50000.0,1196,1,0.0,102600.0,102600.0,2600.0
6147,Karina Barber,paroli,100.0,100000.0,50000.0,1159,0,0.0,94800.0,94800.0,-5200.0
6148,Solomon Shepherd,paroli,100.0,100000.0,50000.0,1148,2,0.0,94300.0,94300.0,-5700.0
6149,Katalina Velazquez,paroli,100.0,100000.0,50000.0,1209,2,0.0,107300.0,107300.0,7300.0
6150,Drew Harris,paroli,100.0,100000.0,50000.0,1123,0,0.0,91700.0,91700.0,-8300.0
6151,Penelope Faulkner,paroli,100.0,100000.0,50000.0,1097,0,0.0,83700.0,83700.0,-16300.0
6152,Jabari Brock,paroli,100.0,100000.0,50000.0,1185,0,0.0,104500.0,104500.0,4500.0
6153,Jada Ramirez,paroli,100.0,100000.0,50000.0,1153,0,0.0,96200.0,96200.0,-3800.0
6154,David Hutchinson,paroli,100.0,100000.0,50000.0,1106,0,0.0,86100.0,86100.0,-13900.0
6155,Jamie Wiggins,paroli,100.0,100000.0,50000.0,1221,0,0.0,103900.0,103900.0,3900.0
6156,Azariah Villa,paroli,100.0,100000.0,50000.0,1157,2,0.0,96700.0,96700.0,-3300.0
6157,Johanna Carroll,paroli,100.0,100000.0,50000.0,1140,0,0.0,96800.0,96800.0,-3200.0
6158,Oscar Hogan,paroli,100.0,100000.0,50000.0,1142,1,0.0,92700.0,92700.0,-7300.0
6159,Kathryn Spence,paroli,100.0,100000.0,50000.0,1138,0,0.0,92100.0,92100.0,-7900.0
6160,Cillian Cox,paroli,100.0,100000.0,50000.0,1111,0,0.0,85000.0,85000.0,-15000.0
6161,Sadie McDowell,paroli,100.0,100000.0,50000.0,1145,0,0.0,93600.0,93600.0,-6400.0
6162,Lachlan Dunn,paroli,100.0,100000.0,50000.0,1221,1,0.0,109000.0,109000.0,9000.0
6163,Olive Arias,paroli,100.0,100000.0,50000.0,1160,0,0.0,100600.0,100600.0,600.0
6164,Alec Pittman,paroli,100.0,100000.0,50000.0,1131,2,0.0,88600.0,88600.0,-11400.0
6165,Marie Stephenson,paroli,100.0,100000.0,50000.0,1165,0,0.0,103600.0,103600.0,3600.0
6166,Joe Morse,paroli,100.0,100000.0,50000.0,1133,0,0.0,87200.0,87200.0,-12800.0
6167,Kairi Armstrong,paroli,100.0,100000.0,50000.0,1152,1,0.0,95100.0,95100.0,-4900.0
6168,Grant Guerra,paroli,100.0,100000.0,50000.0,1166,1,0.0,103400.0,103400.0,3400.0
6169,Edith Hammond,paroli,100.0,100000.0,50000.0,1160,1,0.0,99100.0,99100.0,-900.0
6170,Francis Shelton,paroli,100.0,100000.0,50000.0,1157,2,0.0,99800.0,99800.0,-200.0
6171,Makenzie Marsh,paroli,100.0,100000.0,50000.0,1115,0,0.0,88500.0,88500.0,-11500.0
6172,Bo Aguirre,paroli,100.0,100000.0,50000.0,1134,0,0.0,95700.0,95700.0,-4300.0
6173,Ariah Stokes,paroli,100.0,100000.0,50000.0,1158,2,0.0,98600.0,98600.0,-1400.0
6174,Santana Wright,paroli,100.0,100000.0,50000.0,1196,1,0.0,102700.0,102700.0,2700.0
6175,Lily Scott,paroli,100.0,100000.0,50000.0,1163,1,0.0,93000.0,93000.0,-7000.0
6176,Leo Warren,paroli,100.0,100000.0,50000.0,1143,0,0.0,94200.0,94200.0,-5800.0
6177,Sloane Lamb,paroli,100.0,100000.0,50000.0,1178,2,0.0,103600.0,103600.0,3600.0
6178,Kaysen Wiley,paroli,100.0,100000.0,50000.0,1163,0,0.0,97400.0,97400.0,-2600.0
6179,Lauryn Arnold,paroli,100.0,100000.0,50000.0,1158,1,0.0,93600.0,93600.0,-6400.0
6180,Abraham Nguyen,paroli,100.0,100000.0,50000.0,1117,0,0.0,86100.0,86100.0,-13900.0
6181,Nova Powers,paroli,100.0,100000.0,50000.0,1094,0,0.0,87700.0,87700.0,-12300.0
6182,Sean Escobar,paroli,100.0,100000.0,50000.0,1137,1,0.0,95000.0,95000.0,-5000.0
6183,Erin Powers,paroli,100.0,100000.0,50000.0,1123,0,0.0,85800.0,85800.0,-14200.0
6184,Sean Baldwin,paroli,100.0,100000.0,50000.0,1146,0,0.0,91500.0,91500.0,-8500.0
6185,Esmeralda Kirby,paroli,100.0,100000.0,50000.0,1119,0,0.0,90700.0,90700.0,-9300.0
6186,Tony Griffin,paroli,100.0,100000.0,50000.0,1101,1,0.0,86200.0,86200.0,-13800.0
6187,Charlie Stone,paroli,100.0,100000.0,50000.0,1169,2,0.0,97300.0,97300.0,-2700.0
6188,Finn Watkins,paroli,100.0,100000.0,50000.0,1122,1,0.0,89500.0,89500.0,-10500.0
6189,Lola Golden,paroli,100.0,100000.0,50000.0,1118,0,0.0,84300.0,84300.0,-15700.0
6190,Amias Farmer,paroli,100.0,100000.0,50000.0,1166,1,0.0,96900.0,96900.0,-3100.0
6191,Madelynn Woods,paroli,100.0,100000.0,50000.0,1198,1,0.0,104900.0,104900.0,4900.0
6192,Zion Pennington,paroli,100.0,100000.0,50000.0,1148,0,0.0,97700.0,97700.0,-2300.0
6193,Yareli Gallagher,paroli,100.0,100000.0,50000.0,1189,0,0.0,102900.0,102900.0,2900.0
6194,Marcos Rangel,paroli,100.0,100000.0,50000.0,1125,0,0.0,90800.0,90800.0,-9200.0
6195,Gloria Alvarado,paroli,100.0,100000.0,50000.0,1201,0,0.0,110700.0,110700.0,10700.0
6196,Andres Vincent,paroli,100.0,100000.0,50000.0,1152,0,0.0,96600.0,96600.0,-3400.0
6197,Allyson Garcia,paroli,100.0,100000.0,50000.0,1154,2,0.0,98600.0,98600.0,-1400.0
6198,James Weiss,paroli,100.0,100000.0,50000.0,1104,1,0.0,87000.0,87000.0,-13000.0
6199,Lennox Little,paroli,100.0,100000.0,50000.0,1077,0,0.0,79500.0,79500.0,-20500.0
6200,Lennox Valdez,paroli,100.0,100000.0,50000.0,1209,0,0.0,104000.0,104000.0,4000.0
6201,Diana Foley,paroli,100.0,100000.0,50000.0,1135,2,0.0,88800.0,88800.0,-11200.0
6202,Mohammad Roy,paroli,100.0,100000.0,50000.0,1154,0,0.0,91800.0,91800.0,-8200.0
6203,Savanna Schmitt,paroli,100.0,100000.0,50000.0,1144,0,0.0,92500.0,92500.0,-7500.0
6204,Murphy Griffith,paroli,100.0,100000.0,50000.0,1132,0,0.0,87500.0,87500.0,-12500.0
6205,Alicia Dalton,paroli,100.0,100000.0,50000.0,1128,2,0.0,89900.0,89900.0,-10100.0
6206,Fletcher Rivers,paroli,100.0,100000.0,50000.0,1152,0,0.0,97400.0,97400.0,-2600.0
6207,Kiana Jacobson,paroli,100.0,100000.0,50000.0,1101,2,0.0,85600.0,85600.0,-14400.0
6208,Legacy Scott,paroli,100.0,100000.0,50000.0,1145,0,0.0,95300.0,95300.0,-4700.0
6209,Aurora Pace,paroli,100.0,100000.0,50000.0,1122,2,0.0,90700.0,90700.0,-9300.0
6210,Dior White,paroli,100.0,100000.0,50000.0,1106,3,0.0,85400.0,85400.0,-14600.0
6211,Layla Little,paroli,100.0,100000.0,50000.0,1144,2,0.0,96000.0,96000.0,-4000.0
6212,Lennox Mosley,paroli,100.0,100000.0,50000.0,1097,0,0.0,81000.0,81000.0,-19000.0
6213,Zaniyah Nixon,paroli,100.0,100000.0,50000.0,1192,1,0.0,104200.0,104200.0,4200.0
6214,Cory Hobbs,paroli,100.0,100000.0,50000.0,1132,1,0.0,91800.0,91800.0,-8200.0
6215,Lacey Leach,paroli,100.0,100000.0,50000.0,1128,1,0.0,93500.0,93500.0,-6500.0
6216,Westin Nixon,paroli,100.0,100000.0,50000.0,1137,2,0.0,89000.0,89000.0,-11000.0
6217,Deborah Harvey,paroli,100.0,100000.0,50000.0,1117,0,0.0,87100.0,87100.0,-12900.0
6218,Cayden Williams,paroli,100.0,100000.0,50000.0,1162,0,0.0,96600.0,96600.0,-3400.0
6219,Ava Boyd,paroli,100.0,100000.0,50000.0,1148,0,0.0,93400.0,93400.0,-6600.0
6220,Dean Salas,paroli,100.0,100000.0,50000.0,1108,0,0.0,89800.0,89800.0,-10200.0
6221,Amber Armstrong,paroli,100.0,100000.0,50000.0,1154,0,0.0,97200.0,97200.0,-2800.0
6222,Grant Trujillo,paroli,100.0,100000.0,50000.0,1144,1,0.0,92800.0,92800.0,-7200.0
6223,Danielle Sanchez,paroli,100.0,100000.0,50000.0,1164,2,0.0,95900.0,95900.0,-4100.0
6224,Joseph Faulkner,paroli,100.0,100000.0,50000.0,1151,0,0.0,99400.0,99400.0,-600.0
6225,Ansley Wright,paroli,100.0,100000.0,50000.0,1130,1,0.0,93200.0,93200.0,-6800.0
6226,Grayson Atkins,paroli,100.0,100000.0,50000.0,1102,0,0.0,81000.0,81000.0,-19000.0
6227,Mina Padilla,paroli,100.0,100000.0,50000.0,1150,0,0.0,95600.0,95600.0,-4400.0
6228,Jaden Hughes,paroli,100.0,100000.0,50000.0,1184,2,0.0,100700.0,100700.0,700.0
6229,Samantha Beard,paroli,100.0,100000.0,50000.0,1173,2,0.0,98100.0,98100.0,-1900.0
6230,Nathanael Sexton,paroli,100.0,100000.0,50000.0,1116,0,0.0,90300.0,90300.0,-9700.0
6231,Ellen Day,paroli,100.0,100000.0,50000.0,1134,0,0.0,91100.0,91100.0,-8900.0
6232,Kayson Sherman,paroli,100.0,100000.0,50000.0,1151,1,0.0,93400.0,93400.0,-6600.0
6233,Addilyn Fields,paroli,100.0,100000.0,50000.0,1150,0,0.0,95200.0,95200.0,-4800.0
6234,Clayton Donovan,paroli,100.0,100000.0,50000.0,1216,4,0.0,102400.0,102400.0,2400.0
6235,Azariah Casey,paroli,100.0,100000.0,50000.0,1107,0,0.0,88500.0,88500.0,-11500.0
6236,Armando Burnett,paroli,100.0,100000.0,50000.0,1140,0,0.0,91200.0,91200.0,-8800.0
6237,Emberly Nicholson,paroli,100.0,100000.0,50000.0,1122,2,0.0,91300.0,91300.0,-8700.0
6238,Rodrigo Daugherty,paroli,100.0,100000.0,50000.0,1163,2,0.0,96000.0,96000.0,-4000.0
6239,Magdalena Arroyo,paroli,100.0,100000.0,50000.0,1110,2,0.0,88500.0,88500.0,-11500.0
6240,Alberto Cummings,paroli,100.0,100000.0,50000.0,1167,0,0.0,94300.0,94300.0,-5700.0
6241,Nylah Preston,paroli,100.0,100000.0,50000.0,1179,1,0.0,99000.0,99000.0,-1000.0
6242,Vincenzo Summers,paroli,100.0,100000.0,50000.0,1183,1,0.0,101000.0,101000.0,1000.0
6243,Frankie Truong,paroli,100.0,100000.0,50000.0,1190,1,0.0,100800.0,100800.0,800.0
6244,Ayan Day,paroli,100.0,100000.0,50000.0,1203,1,0.0,104600.0,104600.0,4600.0
6245,Hayden Pearson,paroli,100.0,100000.0,50000.0,1144,4,0.0,91300.0,91300.0,-8700.0
6246,Gunner Mayer,paroli,100.0,100000.0,50000.0,1163,2,0.0,101300.0,101300.0,1300.0
6247,Ainhoa Tucker,paroli,100.0,100000.0,50000.0,1148,2,0.0,94200.0,94200.0,-5800.0
6248,Ivan Moreno,paroli,100.0,100000.0,50000.0,1140,1,0.0,94500.0,94500.0,-5500.0
6249,Mary Huff,paroli,100.0,100000.0,50000.0,1116,0,0.0,88800.0,88800.0,-11200.0
6250,Finnley Burgess,paroli,100.0,100000.0,50000.0,1146,0,0.0,95000.0,95000.0,-5000.0
6251,Emory Archer,paroli,100.0,100000.0,50000.0,1110,0,0.0,91200.0,91200.0,-8800.0
6252,Ephraim McCarty,paroli,100.0,100000.0,50000.0,1144,0,0.0,90500.0,90500.0,-9500.0
6253,Halo Lowe,paroli,100.0,100000.0,50000.0,1163,2,0.0,100600.0,100600.0,600.0
6254,Julius Duran,paroli,100.0,100000.0,50000.0,1157,0,0.0,98400.0,98400.0,-1600.0
6255,Willa Stafford,paroli,100.0,100000.0,50000.0,1136,2,0.0,90600.0,90600.0,-9400.0
6256,Alfredo Mercado,paroli,100.0,100000.0,50000.0,1133,2,0.0,91200.0,91200.0,-8800.0
6257,Mckinley Wood,paroli,100.0,100000.0,50000.0,1143,3,0.0,93600.0,93600.0,-6400.0
6258,Carson Lucas,paroli,100.0,100000.0,50000.0,1201,0,0.0,106200.0,106200.0,6200.0
6259,Phoenix Moyer,paroli,100.0,100000.0,50000.0,1150,0,0.0,91700.0,91700.0,-8300.0
6260,Ahmir Wiley,paroli,100.0,100000.0,50000.0,1172,0,0.0,96900.0,96900.0,-3100.0
6261,Lauryn Vance,paroli,100.0,100000.0,50000.0,1141,0,0.0,94900.0,94900.0,-5100.0
6262,Casen Salgado,paroli,100.0,100000.0,50000.0,1116,1,0.0,83500.0,83500.0,-16500.0
6263,Avalynn Gomez,paroli,100.0,100000.0,50000.0,1099,0,0.0,79700.0,79700.0,-20300.0
6264,Isaiah Pham,paroli,100.0,100000.0,50000.0,1179,1,0.0,99000.0,99000.0,-1000.0
6265,Raelyn Lane,paroli,100.0,100000.0,50000.0,1133,1,0.0,88300.0,88300.0,-11700.0
6266,Matias Cuevas,paroli,100.0,100000.0,50000.0,1141,0,0.0,91900.0,91900.0,-8100.0
6267,Adele Benitez,paroli,100.0,100000.0,50000.0,1176,0,0.0,95700.0,95700.0,-4300.0
6268,Justice McCall,paroli,100.0,100000.0,50000.0,1150,1,0.0,95400.0,95400.0,-4600.0
6269,Kai Beck,paroli,100.0,100000.0,50000.0,1141,0,0.0,91500.0,91500.0,-8500.0
6270,Eduardo Haley,paroli,100.0,100000.0,50000.0,1127,0,0.0,88900.0,88900.0,-11100.0
6271,Addilynn Turner,paroli,100.0,100000.0,50000.0,1161,1,0.0,95900.0,95900.0,-4100.0
6272,Joshua McClain,paroli,100.0,100000.0,50000.0,1144,0,0.0,89700.0,89700.0,-10300.0
6273,Marleigh Salinas,paroli,100.0,100000.0,50000.0,1167,2,0.0,95500.0,95500.0,-4500.0
6274,Edgar Terry,paroli,100.0,100000.0,50000.0,1169,1,0.0,96300.0,96300.0,-3700.0
6275,Wren Lugo,paroli,100.0,100000.0,50000.0,1200,1,0.0,106100.0,106100.0,6100.0
6276,Santos Jordan,paroli,100.0,100000.0,50000.0,1180,0,0.0,101000.0,101000.0,1000.0
6277,Adalynn Nolan,paroli,100.0,100000.0,50000.0,1176,1,0.0,102000.0,102000.0,2000.0
6278,Maximo Burns,paroli,100.0,100000.0,50000.0,1160,0,0.0,97100.0,97100.0,-2900.0
6279,Emerson Madden,paroli,100.0,100000.0,50000.0,1167,0,0.0,96800.0,96800.0,-3200.0
6280,Everest Lewis,paroli,100.0,100000.0,50000.0,1154,1,0.0,96300.0,96300.0,-3700.0
6281,Ellie Stanton,paroli,100.0,100000.0,50000.0,1220,0,0.0,108700.0,108700.0,8700.0
6282,Zyair Valdez,paroli,100.0,100000.0,50000.0,1176,1,0.0,97500.0,97500.0,-2500.0
6283,Diana Buckley,paroli,100.0,100000.0,50000.0,1184,0,0.0,101800.0,101800.0,1800.0
6284,Aryan Jefferson,paroli,100.0,100000.0,50000.0,1126,0,0.0,88600.0,88600.0,-11400.0
6285,Julieta Le,paroli,100.0,100000.0,50000.0,1196,0,0.0,101500.0,101500.0,1500.0
6286,Damien Taylor,paroli,100.0,100000.0,50000.0,1152,1,0.0,94100.0,94100.0,-5900.0
6287,Sofia Booth,paroli,100.0,100000.0,50000.0,1183,1,0.0,103900.0,103900.0,3900.0
6288,Chaim Pacheco,paroli,100.0,100000.0,50000.0,1135,1,0.0,93000.0,93000.0,-7000.0
6289,Paris Frank,paroli,100.0,100000.0,50000.0,1081,2,0.0,81600.0,81600.0,-18400.0
6290,Braylen Hess,paroli,100.0,100000.0,50000.0,1173,0,0.0,102700.0,102700.0,2700.0
6291,Kaliyah Allen,paroli,100.0,100000.0,50000.0,1199,1,0.0,106300.0,106300.0,6300.0
6292,Carter Shah,paroli,100.0,100000.0,50000.0,1130,2,0.0,89800.0,89800.0,-10200.0
6293,Angelica Sloan,paroli,100.0,100000.0,50000.0,1142,0,0.0,94600.0,94600.0,-5400.0
6294,Ocean Huerta,paroli,100.0,100000.0,50000.0,1134,2,0.0,91200.0,91200.0,-8800.0
6295,Dulce Mata,paroli,100.0,100000.0,50000.0,1147,0,0.0,96300.0,96300.0,-3700.0
6296,Ray Gilmore,paroli,100.0,100000.0,50000.0,1184,2,0.0,101600.0,101600.0,1600.0
6297,Chanel Sanders,paroli,100.0,100000.0,50000.0,1202,0,0.0,108300.0,108300.0,8300.0
6298,Jose Mercado,paroli,100.0,100000.0,50000.0,1146,0,0.0,95500.0,95500.0,-4500.0
6299,Mckinley Richard,paroli,100.0,100000.0,50000.0,1118,0,0.0,82500.0,82500.0,-17500.0
6300,Ahmed Raymond,paroli,100.0,100000.0,50000.0,1155,0,0.0,97500.0,97500.0,-2500.0
6301,Hadlee Jarvis,paroli,100.0,100000.0,50000.0,1166,1,0.0,99500.0,99500.0,-500.0
6302,Marlon McGee,paroli,100.0,100000.0,50000.0,1114,0,0.0,87500.0,87500.0,-12500.0
6303,Kayleigh Jordan,paroli,100.0,100000.0,50000.0,1175,1,0.0,97700.0,97700.0,-2300.0
6304,Sawyer Waters,paroli,100.0,100000.0,50000.0,1186,0,0.0,101700.0,101700.0,1700.0
6305,Bristol Hail,paroli,100.0,100000.0,50000.0,1141,1,0.0,93500.0,93500.0,-6500.0
6306,Hector Kelley,paroli,100.0,100000.0,50000.0,1178,0,0.0,102200.0,102200.0,2200.0
6307,Rosalie Farmer,paroli,100.0,100000.0,50000.0,1126,3,0.0,86100.0,86100.0,-13900.0
6308,Jamison Walter,paroli,100.0,100000.0,50000.0,1132,0,0.0,87900.0,87900.0,-12100.0
6309,Penny Rush,paroli,100.0,100000.0,50000.0,1150,0,0.0,93000.0,93000.0,-7000.0
6310,Kaiser Brown,paroli,100.0,100000.0,50000.0,1142,0,0.0,91400.0,91400.0,-8600.0
6311,Charlotte Hobbs,paroli,100.0,100000.0,50000.0,1174,2,0.0,97800.0,97800.0,-2200.0
6312,Brendan Thornton,paroli,100.0,100000.0,50000.0,1143,1,0.0,92500.0,92500.0,-7500.0
6313,Haisley Olsen,paroli,100.0,100000.0,50000.0,1134,1,0.0,91500.0,91500.0,-8500.0
6314,Skyler Cortez,paroli,100.0,100000.0,50000.0,1109,1,0.0,87900.0,87900.0,-12100.0
6315,Haven Travis,paroli,100.0,100000.0,50000.0,1144,0,0.0,93900.0,93900.0,-6100.0
6316,Willie McCarthy,paroli,100.0,100000.0,50000.0,1141,0,0.0,91400.0,91400.0,-8600.0
6317,Kira Stone,paroli,100.0,100000.0,50000.0,1160,2,0.0,95400.0,95400.0,-4600.0
6318,Finn Foster,paroli,100.0,100000.0,50000.0,1118,1,0.0,92600.0,92600.0,-7400.0
6319,Brielle Carpenter,paroli,100.0,100000.0,50000.0,1160,0,0.0,94600.0,94600.0,-5400.0
6320,Jeremy Lucero,paroli,100.0,100000.0,50000.0,1123,0,0.0,90800.0,90800.0,-9200.0
6321,Ila Silva,paroli,100.0,100000.0,50000.0,1171,0,0.0,95400.0,95400.0,-4600.0
6322,Luka Booth,paroli,100.0,100000.0,50000.0,1179,1,0.0,97400.0,97400.0,-2600.0
6323,Zariyah Simon,paroli,100.0,100000.0,50000.0,1192,1,0.0,100200.0,100200.0,200.0
6324,Zayne Osborne,paroli,100.0,100000.0,50000.0,1173,0,0.0,100200.0,100200.0,200.0
6325,Shelby Silva,paroli,100.0,100000.0,50000.0,1172,0,0.0,101800.0,101800.0,1800.0
6326,Luka Duke,paroli,100.0,100000.0,50000.0,1123,2,0.0,87100.0,87100.0,-12900.0
6327,Melani Decker,paroli,100.0,100000.0,50000.0,1122,1,0.0,93200.0,93200.0,-6800.0
6328,Taylor Hahn,paroli,100.0,100000.0,50000.0,1174,0,0.0,106000.0,106000.0,6000.0
6329,Fallon Shields,paroli,100.0,100000.0,50000.0,1161,0,0.0,93300.0,93300.0,-6700.0
6330,Devon Solis,paroli,100.0,100000.0,50000.0,1136,3,0.0,87300.0,87300.0,-12700.0
6331,Miracle Shannon,paroli,100.0,100000.0,50000.0,1179,0,0.0,101800.0,101800.0,1800.0
6332,Eliel Richards,paroli,100.0,100000.0,50000.0,1116,0,0.0,89400.0,89400.0,-10600.0
6333,Trinity Fitzpatrick,paroli,100.0,100000.0,50000.0,1153,0,0.0,94400.0,94400.0,-5600.0
6334,Blaze Guerrero,paroli,100.0,100000.0,50000.0,1182,3,0.0,101800.0,101800.0,1800.0
6335,Margot Nicholson,paroli,100.0,100000.0,50000.0,1137,0,0.0,92500.0,92500.0,-7500.0
6336,Rodrigo Ingram,paroli,100.0,100000.0,50000.0,1181,4,0.0,100800.0,100800.0,800.0
6337,Katie Parrish,paroli,100.0,100000.0,50000.0,1135,1,0.0,91800.0,91800.0,-8200.0
6338,Karsyn Barton,paroli,100.0,100000.0,50000.0,1211,1,0.0,108900.0,108900.0,8900.0
6339,Danna Gregory,paroli,100.0,100000.0,50000.0,1125,0,0.0,94400.0,94400.0,-5600.0
6340,Travis Burgess,paroli,100.0,100000.0,50000.0,1168,0,0.0,98700.0,98700.0,-1300.0
6341,Emory Palacios,paroli,100.0,100000.0,50000.0,1187,2,0.0,103000.0,103000.0,3000.0
6342,Thaddeus Ali,paroli,100.0,100000.0,50000.0,1104,0,0.0,87200.0,87200.0,-12800.0
6343,Zelda Small,paroli,100.0,100000.0,50000.0,1188,0,0.0,105900.0,105900.0,5900.0
6344,Rudy House,paroli,100.0,100000.0,50000.0,1121,0,0.0,89800.0,89800.0,-10200.0
6345,Sariah Richmond,paroli,100.0,100000.0,50000.0,1128,4,0.0,91500.0,91500.0,-8500.0
6346,Mordechai McCoy,paroli,100.0,100000.0,50000.0,1127,1,0.0,87600.0,87600.0,-12400.0
6347,Mckenzie Skinner,paroli,100.0,100000.0,50000.0,1191,2,0.0,100900.0,100900.0,900.0
6348,Ridge Krueger,paroli,100.0,100000.0,50000.0,1160,0,0.0,94400.0,94400.0,-5600.0
6349,Kamari Osborne,paroli,100.0,100000.0,50000.0,1181,1,0.0,101700.0,101700.0,1700.0
6350,Augustus Ellison,paroli,100.0,100000.0,50000.0,1149,0,0.0,93900.0,93900.0,-6100.0
6351,Raina Molina,paroli,100.0,100000.0,50000.0,1131,2,0.0,91700.0,91700.0,-8300.0
6352,Prince Roach,paroli,100.0,100000.0,50000.0,1122,1,0.0,83900.0,83900.0,-16100.0
6353,Lyanna Dorsey,paroli,100.0,100000.0,50000.0,1173,0,0.0,98900.0,98900.0,-1100.0
6354,Enoch Lowery,paroli,100.0,100000.0,50000.0,1181,0,0.0,97000.0,97000.0,-3000.0
6355,Estelle Gray,paroli,100.0,100000.0,50000.0,1100,0,0.0,87700.0,87700.0,-12300.0
6356,Nicholas Bruce,paroli,100.0,100000.0,50000.0,1165,1,0.0,97300.0,97300.0,-2700.0
6357,Marilyn Cortes,paroli,100.0,100000.0,50000.0,1118,0,0.0,90900.0,90900.0,-9100.0
6358,Banks Jaramillo,paroli,100.0,100000.0,50000.0,1188,0,0.0,105600.0,105600.0,5600.0
6359,Guadalupe Maxwell,paroli,100.0,100000.0,50000.0,1114,0,0.0,90300.0,90300.0,-9700.0
6360,Eden Booker,paroli,100.0,100000.0,50000.0,1136,1,0.0,89400.0,89400.0,-10600.0
6361,Nataly Long,paroli,100.0,100000.0,50000.0,1134,1,0.0,92600.0,92600.0,-7400.0
6362,Jace Molina,paroli,100.0,100000.0,50000.0,1206,0,0.0,106200.0,106200.0,6200.0
6363,Alexandria Chang,paroli,100.0,100000.0,50000.0,1115,1,0.0,86700.0,86700.0,-13300.0
6364,Ari Beil,paroli,100.0,100000.0,50000.0,1193,2,0.0,101200.0,101200.0,1200.0
6365,Itzel Owens,paroli,100.0,100000.0,50000.0,1155,0,0.0,95500.0,95500.0,-4500.0
6366,Adriel Fleming,paroli,100.0,100000.0,50000.0,1164,0,0.0,97000.0,97000.0,-3000.0
6367,Fatima Randall,paroli,100.0,100000.0,50000.0,1158,2,0.0,97300.0,97300.0,-2700.0
6368,Trenton McFarland,paroli,100.0,100000.0,50000.0,1170,0,0.0,95400.0,95400.0,-4600.0
6369,Annika Henson,paroli,100.0,100000.0,50000.0,1130,0,0.0,85300.0,85300.0,-14700.0
6370,Bellamy Warner,paroli,100.0,100000.0,50000.0,1185,0,0.0,103800.0,103800.0,3800.0
6371,Wynter Barry,paroli,100.0,100000.0,50000.0,1087,2,0.0,83800.0,83800.0,-16200.0
6372,Emery Snow,paroli,100.0,100000.0,50000.0,1139,1,0.0,92200.0,92200.0,-7800.0
6373,Alexia Hall,paroli,100.0,100000.0,50000.0,1092,0,0.0,83500.0,83500.0,-16500.0
6374,Thomas Coffey,paroli,100.0,100000.0,50000.0,1218,2,0.0,106600.0,106600.0,6600.0
6375,Paola Rosales,paroli,100.0,100000.0,50000.0,1149,0,0.0,95000.0,95000.0,-5000.0
6376,Wilder Hoover,paroli,100.0,100000.0,50000.0,1139,1,0.0,91800.0,91800.0,-8200.0
6377,Virginia Fischer,paroli,100.0,100000.0,50000.0,1148,0,0.0,96900.0,96900.0,-3100.0
6378,Leonidas Cuevas,paroli,100.0,100000.0,50000.0,1195,0,0.0,101500.0,101500.0,1500.0
6379,Adele Brock,paroli,100.0,100000.0,50000.0,1160,2,0.0,98500.0,98500.0,-1500.0
6380,Julio Warren,paroli,100.0,100000.0,50000.0,1175,0,0.0,99600.0,99600.0,-400.0
6381,Sloane Mays,paroli,100.0,100000.0,50000.0,1124,1,0.0,89600.0,89600.0,-10400.0
6382,Jadiel Faulkner,paroli,100.0,100000.0,50000.0,1148,1,0.0,91400.0,91400.0,-8600.0
6383,Ansley Espinosa,paroli,100.0,100000.0,50000.0,1144,1,0.0,91800.0,91800.0,-8200.0
6384,Khalid Barajas,paroli,100.0,100000.0,50000.0,1135,0,0.0,92400.0,92400.0,-7600.0
6385,Keilani Richards,paroli,100.0,100000.0,50000.0,1098,0,0.0,88500.0,88500.0,-11500.0
6386,Holden Ali,paroli,100.0,100000.0,50000.0,1098,0,0.0,80900.0,80900.0,-19100.0
6387,Zelda Joseph,paroli,100.0,100000.0,50000.0,1135,0,0.0,95000.0,95000.0,-5000.0
6388,Kyle Blair,paroli,100.0,100000.0,50000.0,1155,0,0.0,92700.0,92700.0,-7300.0
6389,Frances Whitaker,paroli,100.0,100000.0,50000.0,1130,0,0.0,94800.0,94800.0,-5200.0
6390,Keith Benson,paroli,100.0,100000.0,50000.0,1191,0,0.0,100600.0,100600.0,600.0
6391,Collins Douglas,paroli,100.0,100000.0,50000.0,1107,0,0.0,87500.0,87500.0,-12500.0
6392,Derek Merritt,paroli,100.0,100000.0,50000.0,1115,0,0.0,84600.0,84600.0,-15400.0
6393,Kaisley Cervantes,paroli,100.0,100000.0,50000.0,1124,1,0.0,85900.0,85900.0,-14100.0
6394,Kamari McClure,paroli,100.0,100000.0,50000.0,1101,0,0.0,83300.0,83300.0,-16700.0
6395,Estella Castillo,paroli,100.0,100000.0,50000.0,1158,0,0.0,98500.0,98500.0,-1500.0
6396,Kai Schultz,paroli,100.0,100000.0,50000.0,1143,0,0.0,92100.0,92100.0,-7900.0
6397,Briella Gregory,paroli,100.0,100000.0,50000.0,1157,0,0.0,94800.0,94800.0,-5200.0
6398,Travis Shepherd,paroli,100.0,100000.0,50000.0,1148,1,0.0,91100.0,91100.0,-8900.0
6399,Katalina Whitaker,paroli,100.0,100000.0,50000.0,1111,0,0.0,86100.0,86100.0,-13900.0
6400,Keith Price,paroli,100.0,100000.0,50000.0,1178,1,0.0,100100.0,100100.0,100.0
6401,Piper Summers,paroli,100.0,100000.0,50000.0,1137,2,0.0,96300.0,96300.0,-3700.0
6402,Darius Simon,paroli,100.0,100000.0,50000.0,1160,0,0.0,97200.0,97200.0,-2800.0
6403,Kalani Stein,paroli,100.0,100000.0,50000.0,1144,0,0.0,89900.0,89900.0,-10100.0
6404,Creed Wilcox,paroli,100.0,100000.0,50000.0,1141,1,0.0,90600.0,90600.0,-9400.0
6405,Ashlyn Perez,paroli,100.0,100000.0,50000.0,1169,1,0.0,96000.0,96000.0,-4000.0
6406,Owen Campbell,paroli,100.0,100000.0,50000.0,1161,0,0.0,96600.0,96600.0,-3400.0
6407,Addison George,paroli,100.0,100000.0,50000.0,1104,0,0.0,89200.0,89200.0,-10800.0
6408,Mark Duke,paroli,100.0,100000.0,50000.0,1140,1,0.0,90300.0,90300.0,-9700.0
6409,Melani Benton,paroli,100.0,100000.0,50000.0,1132,1,0.0,90400.0,90400.0,-9600.0
6410,Jamal Reed,paroli,100.0,100000.0,50000.0,1156,0,0.0,99000.0,99000.0,-1000.0
6411,Valentina Keller,paroli,100.0,100000.0,50000.0,1131,1,0.0,93200.0,93200.0,-6800.0
6412,Nico Smith,paroli,100.0,100000.0,50000.0,1176,3,0.0,98400.0,98400.0,-1600.0
6413,Olivia Perez,paroli,100.0,100000.0,50000.0,1145,0,0.0,92200.0,92200.0,-7800.0
6414,Owen Magana,paroli,100.0,100000.0,50000.0,1195,2,0.0,106500.0,106500.0,6500.0
6415,Amaris Hurley,paroli,100.0,100000.0,50000.0,1140,1,0.0,95200.0,95200.0,-4800.0
6416,Van Fleming,paroli,100.0,100000.0,50000.0,1131,1,0.0,89500.0,89500.0,-10500.0
6417,Fatima McClure,paroli,100.0,100000.0,50000.0,1116,0,0.0,89100.0,89100.0,-10900.0
6418,Reese Eaton,paroli,100.0,100000.0,50000.0,1132,1,0.0,95800.0,95800.0,-4200.0
6419,Miley Weeks,paroli,100.0,100000.0,50000.0,1128,0,0.0,89000.0,89000.0,-11000.0
6420,Anders Benjamin,paroli,100.0,100000.0,50000.0,1195,0,0.0,110200.0,110200.0,10200.0
6421,Jianna Brock,paroli,100.0,100000.0,50000.0,1116,0,0.0,90300.0,90300.0,-9700.0
6422,Julio Saunders,paroli,100.0,100000.0,50000.0,1146,0,0.0,97900.0,97900.0,-2100.0
6423,Meadow Carey,paroli,100.0,100000.0,50000.0,1183,2,0.0,102600.0,102600.0,2600.0
6424,Watson Hickman,paroli,100.0,100000.0,50000.0,1159,0,0.0,96200.0,96200.0,-3800.0
6425,Scarlette McCormick,paroli,100.0,100000.0,50000.0,1155,1,0.0,97600.0,97600.0,-2400.0
6426,Jasiah Brady,paroli,100.0,100000.0,50000.0,1178,4,0.0,95000.0,95000.0,-5000.0
6427,Ryan Valencia,paroli,100.0,100000.0,50000.0,1128,0,0.0,86500.0,86500.0,-13500.0
6428,Dax Rodgers,paroli,100.0,100000.0,50000.0,1147,3,0.0,94400.0,94400.0,-5600.0
6429,Selah Barton,paroli,100.0,100000.0,50000.0,1153,2,0.0,92700.0,92700.0,-7300.0
6430,Cassius Camacho,paroli,100.0,100000.0,50000.0,1161,0,0.0,99700.0,99700.0,-300.0
6431,Armani Fitzpatrick,paroli,100.0,100000.0,50000.0,1125,0,0.0,92900.0,92900.0,-7100.0
6432,Blaze Esparza,paroli,100.0,100000.0,50000.0,1141,0,0.0,93100.0,93100.0,-6900.0
6433,Ramona Castaneda,paroli,100.0,100000.0,50000.0,1141,0,0.0,90900.0,90900.0,-9100.0
6434,Collin Walton,paroli,100.0,100000.0,50000.0,1127,0,0.0,93200.0,93200.0,-6800.0
6435,Scarlet Taylor,paroli,100.0,100000.0,50000.0,1161,1,0.0,96200.0,96200.0,-3800.0
6436,Jackson Wang,paroli,100.0,100000.0,50000.0,1171,0,0.0,98600.0,98600.0,-1400.0
6437,Kailani Rowe,paroli,100.0,100000.0,50000.0,1181,0,0.0,103700.0,103700.0,3700.0
6438,Kamden McCullough,paroli,100.0,100000.0,50000.0,1127,0,0.0,89200.0,89200.0,-10800.0
6439,Hana Sosa,paroli,100.0,100000.0,50000.0,1173,1,0.0,103900.0,103900.0,3900.0
6440,Emir Garrett,paroli,100.0,100000.0,50000.0,1096,0,0.0,84300.0,84300.0,-15700.0
6441,Tessa Mullen,paroli,100.0,100000.0,50000.0,1209,0,0.0,107100.0,107100.0,7100.0
6442,Shepard Patrick,paroli,100.0,100000.0,50000.0,1200,2,0.0,101500.0,101500.0,1500.0
6443,Lyra Jenkins,paroli,100.0,100000.0,50000.0,1153,1,0.0,95600.0,95600.0,-4400.0
6444,Declan Sims,paroli,100.0,100000.0,50000.0,1113,0,0.0,89900.0,89900.0,-10100.0
6445,Lena Thompson,paroli,100.0,100000.0,50000.0,1183,1,0.0,98000.0,98000.0,-2000.0
6446,Theodore Raymond,paroli,100.0,100000.0,50000.0,1110,2,0.0,88300.0,88300.0,-11700.0
6447,Hadlee Cabrera,paroli,100.0,100000.0,50000.0,1147,0,0.0,96400.0,96400.0,-3600.0
6448,Cade Woodward,paroli,100.0,100000.0,50000.0,1186,0,0.0,105000.0,105000.0,5000.0
6449,Drew Bullock,paroli,100.0,100000.0,50000.0,1215,1,0.0,109600.0,109600.0,9600.0
6450,Ben Vance,paroli,100.0,100000.0,50000.0,1129,0,0.0,83600.0,83600.0,-16400.0
6451,Maxine Hensley,paroli,100.0,100000.0,50000.0,1179,1,0.0,101400.0,101400.0,1400.0
6452,Layne Cox,paroli,100.0,100000.0,50000.0,1122,0,0.0,85700.0,85700.0,-14300.0
6453,Sadie Sweeney,paroli,100.0,100000.0,50000.0,1128,0,0.0,88900.0,88900.0,-11100.0
6454,Nixon McLaughlin,paroli,100.0,100000.0,50000.0,1123,0,0.0,91800.0,91800.0,-8200.0
6455,Stephanie Dixon,paroli,100.0,100000.0,50000.0,1137,1,0.0,91500.0,91500.0,-8500.0
6456,Camden Person,paroli,100.0,100000.0,50000.0,1174,1,0.0,96300.0,96300.0,-3700.0
6457,Dylan Ortega,paroli,100.0,100000.0,50000.0,1106,0,0.0,84400.0,84400.0,-15600.0
6458,Kobe Sherman,paroli,100.0,100000.0,50000.0,1128,2,0.0,88600.0,88600.0,-11400.0
6459,Addilyn Curtis,paroli,100.0,100000.0,50000.0,1162,1,0.0,95800.0,95800.0,-4200.0
6460,Muhammad Wells,paroli,100.0,100000.0,50000.0,1121,1,0.0,93500.0,93500.0,-6500.0
6461,Cecilia Castro,paroli,100.0,100000.0,50000.0,1124,1,0.0,90700.0,90700.0,-9300.0
6462,Jasper Weiss,paroli,100.0,100000.0,50000.0,1146,1,0.0,89900.0,89900.0,-10100.0
6463,Lennox George,paroli,100.0,100000.0,50000.0,1113,0,0.0,90800.0,90800.0,-9200.0
6464,Mark Barrera,paroli,100.0,100000.0,50000.0,1135,0,0.0,89600.0,89600.0,-10400.0
6465,Beatrice Odom,paroli,100.0,100000.0,50000.0,1219,0,0.0,110700.0,110700.0,10700.0
6466,Kylian Huynh,paroli,100.0,100000.0,50000.0,1181,1,0.0,97600.0,97600.0,-2400.0
6467,Oaklee Mejia,paroli,100.0,100000.0,50000.0,1167,1,0.0,98200.0,98200.0,-1800.0
6468,Atticus Mack,paroli,100.0,100000.0,50000.0,1127,1,0.0,90900.0,90900.0,-9100.0
6469,Nadia Evans,paroli,100.0,100000.0,50000.0,1158,2,0.0,99100.0,99100.0,-900.0
6470,Elias Velasquez,paroli,100.0,100000.0,50000.0,1152,0,0.0,93300.0,93300.0,-6700.0
6471,Esme Patterson,paroli,100.0,100000.0,50000.0,1135,0,0.0,95100.0,95100.0,-4900.0
6472,Amir Macias,paroli,100.0,100000.0,50000.0,1115,1,0.0,88400.0,88400.0,-11600.0
6473,Adley Hunt,paroli,100.0,100000.0,50000.0,1134,1,0.0,95300.0,95300.0,-4700.0
6474,Jesus Flynn,paroli,100.0,100000.0,50000.0,1122,1,0.0,93300.0,93300.0,-6700.0
6475,Dorothy Ayers,paroli,100.0,100000.0,50000.0,1140,1,0.0,92400.0,92400.0,-7600.0
6476,Ulises Bullock,paroli,100.0,100000.0,50000.0,1172,1,0.0,97200.0,97200.0,-2800.0
6477,Winnie Truong,paroli,100.0,100000.0,50000.0,1164,0,0.0,92600.0,92600.0,-7400.0
6478,Ayan Taylor,paroli,100.0,100000.0,50000.0,1196,0,0.0,103000.0,103000.0,3000.0
6479,Sofia Caldwell,paroli,100.0,100000.0,50000.0,1160,2,0.0,92000.0,92000.0,-8000.0
6480,Rylan Rosas,paroli,100.0,100000.0,50000.0,1266,0,0.0,122800.0,122800.0,22800.0
6481,Joelle Correa,paroli,100.0,100000.0,50000.0,1145,1,0.0,90600.0,90600.0,-9400.0
6482,Zakai Dougherty,paroli,100.0,100000.0,50000.0,1198,2,0.0,105400.0,105400.0,5400.0
6483,Alisson Curry,paroli,100.0,100000.0,50000.0,1138,0,0.0,92100.0,92100.0,-7900.0
6484,Briggs Duke,paroli,100.0,100000.0,50000.0,1071,1,0.0,80000.0,80000.0,-20000.0
6485,Melani Preston,paroli,100.0,100000.0,50000.0,1209,2,0.0,110700.0,110700.0,10700.0
6486,Vincenzo Rosales,paroli,100.0,100000.0,50000.0,1125,0,0.0,88400.0,88400.0,-11600.0
6487,Kinley Matthews,paroli,100.0,100000.0,50000.0,1147,1,0.0,94500.0,94500.0,-5500.0
6488,Preston Barker,paroli,100.0,100000.0,50000.0,1127,0,0.0,92300.0,92300.0,-7700.0
6489,Remington Paul,paroli,100.0,100000.0,50000.0,1167,2,0.0,97100.0,97100.0,-2900.0
6490,Noel Trejo,paroli,100.0,100000.0,50000.0,1129,1,0.0,94800.0,94800.0,-5200.0
6491,Rosalyn Suarez,paroli,100.0,100000.0,50000.0,1190,0,0.0,102200.0,102200.0,2200.0
6492,Soren Wagner,paroli,100.0,100000.0,50000.0,1183,1,0.0,94500.0,94500.0,-5500.0
6493,Maeve Fletcher,paroli,100.0,100000.0,50000.0,1134,1,0.0,91200.0,91200.0,-8800.0
6494,Jay Hensley,paroli,100.0,100000.0,50000.0,1185,0,0.0,99800.0,99800.0,-200.0
6495,Malaya Walter,paroli,100.0,100000.0,50000.0,1262,0,0.0,115900.0,115900.0,15900.0
6496,Lochlan Weber,paroli,100.0,100000.0,50000.0,1153,0,0.0,95000.0,95000.0,-5000.0
6497,Alayah Pope,paroli,100.0,100000.0,50000.0,1148,0,0.0,96700.0,96700.0,-3300.0
6498,Gunnar Jacobs,paroli,100.0,100000.0,50000.0,1100,0,0.0,83900.0,83900.0,-16100.0
6499,Camilla Merritt,paroli,100.0,100000.0,50000.0,1086,0,0.0,80300.0,80300.0,-19700.0
6500,Colten Doyle,paroli,100.0,100000.0,50000.0,1145,2,0.0,92700.0,92700.0,-7300.0
6501,Annalise David,paroli,100.0,100000.0,50000.0,1148,0,0.0,95400.0,95400.0,-4600.0
6502,Alonso Robinson,paroli,100.0,100000.0,50000.0,1181,2,0.0,99500.0,99500.0,-500.0
6503,Nora Patton,paroli,100.0,100000.0,50000.0,1173,1,0.0,97000.0,97000.0,-3000.0
6504,Moises Wolfe,paroli,100.0,100000.0,50000.0,1197,0,0.0,104300.0,104300.0,4300.0
6505,Hallie Nguyen,paroli,100.0,100000.0,50000.0,1107,0,0.0,85700.0,85700.0,-14300.0
6506,Gabriel Sawyer,paroli,100.0,100000.0,50000.0,1121,0,0.0,89200.0,89200.0,-10800.0
6507,Marina Cortes,paroli,100.0,100000.0,50000.0,1165,0,0.0,98700.0,98700.0,-1300.0
6508,Banks Sheppard,paroli,100.0,100000.0,50000.0,1137,2,0.0,88900.0,88900.0,-11100.0
6509,Veda Berry,paroli,100.0,100000.0,50000.0,1105,0,0.0,88600.0,88600.0,-11400.0
6510,Adonis Robinson,paroli,100.0,100000.0,50000.0,1172,0,0.0,103100.0,103100.0,3100.0
6511,Nora Stuart,paroli,100.0,100000.0,50000.0,1116,1,0.0,96900.0,96900.0,-3100.0
6512,Dion Brady,paroli,100.0,100000.0,50000.0,1221,3,0.0,111000.0,111000.0,11000.0
6513,Ryan Valencia,paroli,100.0,100000.0,50000.0,1138,1,0.0,92100.0,92100.0,-7900.0
6514,Dax Hogan,paroli,100.0,100000.0,50000.0,1164,4,0.0,93300.0,93300.0,-6700.0
6515,Kathryn Boyer,paroli,100.0,100000.0,50000.0,1125,3,0.0,87400.0,87400.0,-12600.0
6516,Zeke Trejo,paroli,100.0,100000.0,50000.0,1172,0,0.0,95900.0,95900.0,-4100.0
6517,Rosalyn Jarvis,paroli,100.0,100000.0,50000.0,1144,2,0.0,100900.0,100900.0,900.0
6518,Marlon Wolfe,paroli,100.0,100000.0,50000.0,1111,0,0.0,86900.0,86900.0,-13100.0
6519,Hallie Becker,paroli,100.0,100000.0,50000.0,1108,1,0.0,85700.0,85700.0,-14300.0
6520,Lawson Willis,paroli,100.0,100000.0,50000.0,1160,1,0.0,96300.0,96300.0,-3700.0
6521,Alexa Phan,paroli,100.0,100000.0,50000.0,1189,0,0.0,100600.0,100600.0,600.0
6522,Maison Friedman,paroli,100.0,100000.0,50000.0,1174,0,0.0,97700.0,97700.0,-2300.0
6523,Aspyn Molina,paroli,100.0,100000.0,50000.0,1130,0,0.0,96800.0,96800.0,-3200.0
6524,Prince Shaffer,paroli,100.0,100000.0,50000.0,1215,5,0.0,105800.0,105800.0,5800.0
6525,Alanna Carrillo,paroli,100.0,100000.0,50000.0,1175,0,0.0,99900.0,99900.0,-100.0
6526,Wade Chavez,paroli,100.0,100000.0,50000.0,1161,2,0.0,95700.0,95700.0,-4300.0
6527,Nevaeh Stewart,paroli,100.0,100000.0,50000.0,1186,2,0.0,102300.0,102300.0,2300.0
6528,Nolan Costa,paroli,100.0,100000.0,50000.0,1141,2,0.0,92500.0,92500.0,-7500.0
6529,Robin Potts,paroli,100.0,100000.0,50000.0,1194,0,0.0,110300.0,110300.0,10300.0
6530,Alfred McKenzie,paroli,100.0,100000.0,50000.0,1136,0,0.0,91300.0,91300.0,-8700.0
6531,Briar Carey,paroli,100.0,100000.0,50000.0,1152,0,0.0,91200.0,91200.0,-8800.0
6532,Watson Stewart,paroli,100.0,100000.0,50000.0,1105,0,0.0,90700.0,90700.0,-9300.0
6533,Maya Cantu,paroli,100.0,100000.0,50000.0,1165,3,0.0,99800.0,99800.0,-200.0
6534,Anakin Schultz,paroli,100.0,100000.0,50000.0,1154,0,0.0,99500.0,99500.0,-500.0
6535,Briella Best,paroli,100.0,100000.0,50000.0,1198,1,0.0,102400.0,102400.0,2400.0
6536,Harlem Rose,paroli,100.0,100000.0,50000.0,1169,3,0.0,92300.0,92300.0,-7700.0
6537,Magnolia Becker,paroli,100.0,100000.0,50000.0,1154,1,0.0,97700.0,97700.0,-2300.0
6538,Lawson Vincent,paroli,100.0,100000.0,50000.0,1165,0,0.0,98600.0,98600.0,-1400.0
6539,Allyson Foley,paroli,100.0,100000.0,50000.0,1196,0,0.0,104800.0,104800.0,4800.0
6540,Mohammad Manning,paroli,100.0,100000.0,50000.0,1124,0,0.0,85800.0,85800.0,-14200.0
6541,Jennifer McDonald,paroli,100.0,100000.0,50000.0,1158,0,0.0,96800.0,96800.0,-3200.0
6542,Calvin Daniel,paroli,100.0,100000.0,50000.0,1129,0,0.0,91000.0,91000.0,-9000.0
6543,Joy O’Connell,paroli,100.0,100000.0,50000.0,1174,5,0.0,98800.0,98800.0,-1200.0
6544,Jovanni Phan,paroli,100.0,100000.0,50000.0,1158,0,0.0,101300.0,101300.0,1300.0
6545,Elsa Poole,paroli,100.0,100000.0,50000.0,1157,0,0.0,99400.0,99400.0,-600.0
6546,Quincy Shields,paroli,100.0,100000.0,50000.0,1139,0,0.0,93700.0,93700.0,-6300.0
6547,Analia Dominguez,paroli,100.0,100000.0,50000.0,1108,0,0.0,88800.0,88800.0,-11200.0
6548,Kaden Holloway,paroli,100.0,100000.0,50000.0,1180,1,0.0,97200.0,97200.0,-2800.0
6549,Mae Keith,paroli,100.0,100000.0,50000.0,1153,1,0.0,95600.0,95600.0,-4400.0
6550,Jagger Monroe,paroli,100.0,100000.0,50000.0,1132,0,0.0,92000.0,92000.0,-8000.0
6551,Carly Keller,paroli,100.0,100000.0,50000.0,1148,2,0.0,102400.0,102400.0,2400.0
6552,Nico Glenn,paroli,100.0,100000.0,50000.0,1210,0,0.0,104100.0,104100.0,4100.0
6553,Blaire Stone,paroli,100.0,100000.0,50000.0,1128,0,0.0,91500.0,91500.0,-8500.0
6554,Finn Frazier,paroli,100.0,100000.0,50000.0,1154,1,0.0,95500.0,95500.0,-4500.0
6555,Octavia Moody,paroli,100.0,100000.0,50000.0,1127,0,0.0,91800.0,91800.0,-8200.0
6556,Ryland Lucero,paroli,100.0,100000.0,50000.0,1166,0,0.0,95500.0,95500.0,-4500.0
6557,Ila Mills,paroli,100.0,100000.0,50000.0,1156,2,0.0,94200.0,94200.0,-5800.0
6558,Alex Barrera,paroli,100.0,100000.0,50000.0,1181,3,0.0,104800.0,104800.0,4800.0
6559,Beatrice Horne,paroli,100.0,100000.0,50000.0,1123,0,0.0,86000.0,86000.0,-14000.0
6560,Zev Boyd,paroli,100.0,100000.0,50000.0,1163,1,0.0,96200.0,96200.0,-3800.0
6561,Georgia Hull,paroli,100.0,100000.0,50000.0,1139,1,0.0,89400.0,89400.0,-10600.0
6562,Salem Rios,paroli,100.0,100000.0,50000.0,1167,2,0.0,98900.0,98900.0,-1100.0
6563,Brooke Curry,paroli,100.0,100000.0,50000.0,1160,4,0.0,94300.0,94300.0,-5700.0
6564,Briggs Spears,paroli,100.0,100000.0,50000.0,1140,0,0.0,96100.0,96100.0,-3900.0
6565,Isabela Wu,paroli,100.0,100000.0,50000.0,1171,0,0.0,107000.0,107000.0,7000.0
6566,Kyson Meadows,paroli,100.0,100000.0,50000.0,1147,1,0.0,90500.0,90500.0,-9500.0
6567,Pearl Summers,paroli,100.0,100000.0,50000.0,1168,0,0.0,97200.0,97200.0,-2800.0
6568,Darius Cantrell,paroli,100.0,100000.0,50000.0,1185,1,0.0,102000.0,102000.0,2000.0
6569,Yamileth Kim,paroli,100.0,100000.0,50000.0,1097,0,0.0,88100.0,88100.0,-11900.0
6570,Roman Valentine,paroli,100.0,100000.0,50000.0,1166,1,0.0,99100.0,99100.0,-900.0
6571,August McIntosh,paroli,100.0,100000.0,50000.0,1156,0,0.0,93600.0,93600.0,-6400.0
6572,Kristian Duffy,paroli,100.0,100000.0,50000.0,1139,2,0.0,93400.0,93400.0,-6600.0
6573,Addisyn Armstrong,paroli,100.0,100000.0,50000.0,1084,1,0.0,83700.0,83700.0,-16300.0
6574,Grant Buchanan,paroli,100.0,100000.0,50000.0,1102,1,0.0,85400.0,85400.0,-14600.0
6575,Maryam Kerr,paroli,100.0,100000.0,50000.0,1148,2,0.0,94300.0,94300.0,-5700.0
6576,Louie Tucker,paroli,100.0,100000.0,50000.0,1084,1,0.0,81900.0,81900.0,-18100.0
6577,Esther Haynes,paroli,100.0,100000.0,50000.0,1117,0,0.0,89500.0,89500.0,-10500.0
6578,Kason Sharp,paroli,100.0,100000.0,50000.0,1162,1,0.0,95400.0,95400.0,-4600.0
6579,Camryn Douglas,paroli,100.0,100000.0,50000.0,1189,0,0.0,99700.0,99700.0,-300.0
6580,Derek Cano,paroli,100.0,100000.0,50000.0,1180,1,0.0,103400.0,103400.0,3400.0
6581,Egypt Barry,paroli,100.0,100000.0,50000.0,1162,2,0.0,97900.0,97900.0,-2100.0
6582,Emery Swanson,paroli,100.0,100000.0,50000.0,1119,1,0.0,89000.0,89000.0,-11000.0
6583,Helen Everett,paroli,100.0,100000.0,50000.0,1160,2,0.0,98000.0,98000.0,-2000.0
6584,Camilo Bartlett,paroli,100.0,100000.0,50000.0,1225,2,0.0,111600.0,111600.0,11600.0
6585,Aubrielle McDowell,paroli,100.0,100000.0,50000.0,1203,2,0.0,109100.0,109100.0,9100.0
6586,Lachlan Morales,paroli,100.0,100000.0,50000.0,1205,1,0.0,103700.0,103700.0,3700.0
6587,Skylar Logan,paroli,100.0,100000.0,50000.0,1195,3,0.0,104200.0,104200.0,4200.0
6588,Rocco Moss,paroli,100.0,100000.0,50000.0,1189,0,0.0,100000.0,100000.0,0.0
6589,Bianca Russo,paroli,100.0,100000.0,50000.0,1158,0,0.0,99700.0,99700.0,-300.0
6590,Jamie Barton,paroli,100.0,100000.0,50000.0,1141,1,0.0,97800.0,97800.0,-2200.0
6591,Danna Beasley,paroli,100.0,100000.0,50000.0,1152,0,0.0,91300.0,91300.0,-8700.0
6592,Stanley Munoz,paroli,100.0,100000.0,50000.0,1184,0,0.0,95800.0,95800.0,-4200.0
6593,Kehlani Barnett,paroli,100.0,100000.0,50000.0,1123,1,0.0,89400.0,89400.0,-10600.0
6594,Stephen Norton,paroli,100.0,100000.0,50000.0,1107,0,0.0,89500.0,89500.0,-10500.0
6595,Kylee Page,paroli,100.0,100000.0,50000.0,1153,1,0.0,91500.0,91500.0,-8500.0
6596,Pablo Bernard,paroli,100.0,100000.0,50000.0,1114,1,0.0,85600.0,85600.0,-14400.0
6597,Barbara Lozano,paroli,100.0,100000.0,50000.0,1153,0,0.0,91200.0,91200.0,-8800.0
6598,Boone Graham,paroli,100.0,100000.0,50000.0,1107,1,0.0,83900.0,83900.0,-16100.0
6599,Alaia Edwards,paroli,100.0,100000.0,50000.0,1104,1,0.0,85000.0,85000.0,-15000.0
6600,Adrian Cooper,paroli,100.0,100000.0,50000.0,1169,1,0.0,103100.0,103100.0,3100.0
6601,Serenity Holloway,paroli,100.0,100000.0,50000.0,1114,1,0.0,89200.0,89200.0,-10800.0
6602,Sutton Ponce,paroli,100.0,100000.0,50000.0,1148,0,0.0,94900.0,94900.0,-5100.0
6603,Aileen Barajas,paroli,100.0,100000.0,50000.0,1127,0,0.0,92300.0,92300.0,-7700.0
6604,Brennan Bentley,paroli,100.0,100000.0,50000.0,1162,2,0.0,105100.0,105100.0,5100.0
6605,Jaylin McKee,paroli,100.0,100000.0,50000.0,1183,1,0.0,102700.0,102700.0,2700.0
6606,Bjorn Tran,paroli,100.0,100000.0,50000.0,1177,1,0.0,103400.0,103400.0,3400.0
6607,Kylie Campbell,paroli,100.0,100000.0,50000.0,1116,0,0.0,89100.0,89100.0,-10900.0
6608,Christopher Cameron,paroli,100.0,100000.0,50000.0,1164,1,0.0,100200.0,100200.0,200.0
6609,Julie McCann,paroli,100.0,100000.0,50000.0,1095,0,0.0,83800.0,83800.0,-16200.0
6610,Heath Hawkins,paroli,100.0,100000.0,50000.0,1186,2,0.0,102100.0,102100.0,2100.0
6611,Ariel Webster,paroli,100.0,100000.0,50000.0,1139,0,0.0,92300.0,92300.0,-7700.0
6612,Shawn Rangel,paroli,100.0,100000.0,50000.0,1174,3,0.0,95700.0,95700.0,-4300.0
6613,Gloria Doyle,paroli,100.0,100000.0,50000.0,1143,0,0.0,89600.0,89600.0,-10400.0
6614,Kashton Esquivel,paroli,100.0,100000.0,50000.0,1151,0,0.0,94100.0,94100.0,-5900.0
6615,Jaylee Salas,paroli,100.0,100000.0,50000.0,1124,2,0.0,87300.0,87300.0,-12700.0
6616,Zaiden Best,paroli,100.0,100000.0,50000.0,1181,0,0.0,102500.0,102500.0,2500.0
6617,Lexie Lucas,paroli,100.0,100000.0,50000.0,1124,2,0.0,91300.0,91300.0,-8700.0
6618,Chance White,paroli,100.0,100000.0,50000.0,1127,0,0.0,89700.0,89700.0,-10300.0
6619,Layla Bowman,paroli,100.0,100000.0,50000.0,1171,1,0.0,95500.0,95500.0,-4500.0
6620,Francisco Li,paroli,100.0,100000.0,50000.0,1170,1,0.0,98900.0,98900.0,-1100.0
6621,Paige Dawson,paroli,100.0,100000.0,50000.0,1215,0,0.0,110700.0,110700.0,10700.0
6622,Iker Galvan,paroli,100.0,100000.0,50000.0,1209,0,0.0,111000.0,111000.0,11000.0
6623,Dallas Rasmussen,paroli,100.0,100000.0,50000.0,1117,1,0.0,86700.0,86700.0,-13300.0
6624,Will Dalton,paroli,100.0,100000.0,50000.0,1165,4,0.0,99400.0,99400.0,-600.0
6625,Lilian Benjamin,paroli,100.0,100000.0,50000.0,1109,2,0.0,86700.0,86700.0,-13300.0
6626,Kyro Wyatt,paroli,100.0,100000.0,50000.0,1189,1,0.0,107200.0,107200.0,7200.0
6627,Liberty Bell,paroli,100.0,100000.0,50000.0,1074,1,0.0,83200.0,83200.0,-16800.0
6628,Emmett Magana,paroli,100.0,100000.0,50000.0,1185,0,0.0,102900.0,102900.0,2900.0
6629,Amaris Powers,paroli,100.0,100000.0,50000.0,1232,0,0.0,109100.0,109100.0,9100.0
6630,Sean Alfaro,paroli,100.0,100000.0,50000.0,1136,1,0.0,95900.0,95900.0,-4100.0
6631,Yasmin Murillo,paroli,100.0,100000.0,50000.0,1129,0,0.0,91700.0,91700.0,-8300.0
6632,Lance Skinner,paroli,100.0,100000.0,50000.0,1143,2,0.0,91800.0,91800.0,-8200.0
6633,Mara Snyder,paroli,100.0,100000.0,50000.0,1128,0,0.0,92900.0,92900.0,-7100.0
6634,Thiago McBride,paroli,100.0,100000.0,50000.0,1218,1,0.0,107700.0,107700.0,7700.0
6635,Kelsey Lin,paroli,100.0,100000.0,50000.0,1131,1,0.0,87100.0,87100.0,-12900.0
6636,Conor Vance,paroli,100.0,100000.0,50000.0,1202,1,0.0,103100.0,103100.0,3100.0
6637,Maxine Fry,paroli,100.0,100000.0,50000.0,1132,0,0.0,93600.0,93600.0,-6400.0
6638,Jacoby Chandler,paroli,100.0,100000.0,50000.0,1162,1,0.0,95600.0,95600.0,-4400.0
6639,Viviana Marks,paroli,100.0,100000.0,50000.0,1158,1,0.0,95700.0,95700.0,-4300.0
6640,Amos Potter,paroli,100.0,100000.0,50000.0,1160,0,0.0,93500.0,93500.0,-6500.0
6641,Rory Fisher,paroli,100.0,100000.0,50000.0,1087,1,0.0,81600.0,81600.0,-18400.0
6642,Gael Salazar,paroli,100.0,100000.0,50000.0,1212,2,0.0,109900.0,109900.0,9900.0
6643,Freya Klein,paroli,100.0,100000.0,50000.0,1153,1,0.0,96700.0,96700.0,-3300.0
6644,Marco Hunter,paroli,100.0,100000.0,50000.0,1117,1,0.0,88700.0,88700.0,-11300.0
6645,Khloe Brandt,paroli,100.0,100000.0,50000.0,1143,2,0.0,91900.0,91900.0,-8100.0
6646,Damir Page,paroli,100.0,100000.0,50000.0,1185,0,0.0,102700.0,102700.0,2700.0
6647,Cataleya Solis,paroli,100.0,100000.0,50000.0,1157,0,0.0,99700.0,99700.0,-300.0
6648,Ronin Christian,paroli,100.0,100000.0,50000.0,1105,1,0.0,84900.0,84900.0,-15100.0
6649,Anahi Ryan,paroli,100.0,100000.0,50000.0,1085,1,0.0,80700.0,80700.0,-19300.0
6650,Timothy Bailey,paroli,100.0,100000.0,50000.0,1136,0,0.0,94900.0,94900.0,-5100.0
6651,Kennedy Erickson,paroli,100.0,100000.0,50000.0,1124,0,0.0,91300.0,91300.0,-8700.0
6652,Johnny Marquez,paroli,100.0,100000.0,50000.0,1112,3,0.0,89700.0,89700.0,-10300.0
6653,Milani Skinner,paroli,100.0,100000.0,50000.0,1151,1,0.0,97300.0,97300.0,-2700.0
6654,Ridge Rhodes,paroli,100.0,100000.0,50000.0,1158,1,0.0,91500.0,91500.0,-8500.0
6655,Tatum Pruitt,paroli,100.0,100000.0,50000.0,1155,0,0.0,93400.0,93400.0,-6600.0
6656,Gatlin Gray,paroli,100.0,100000.0,50000.0,1164,2,0.0,96300.0,96300.0,-3700.0
6657,Sarah Brooks,paroli,100.0,100000.0,50000.0,1137,0,0.0,85600.0,85600.0,-14400.0
6658,Jordan Meyer,paroli,100.0,100000.0,50000.0,1166,1,0.0,99300.0,99300.0,-700.0
6659,Sara Gordon,paroli,100.0,100000.0,50000.0,1175,1,0.0,99900.0,99900.0,-100.0
6660,Karter Mack,paroli,100.0,100000.0,50000.0,1128,0,0.0,93000.0,93000.0,-7000.0
6661,Nadia French,paroli,100.0,100000.0,50000.0,1166,1,0.0,97300.0,97300.0,-2700.0
6662,Corey Bravo,paroli,100.0,100000.0,50000.0,1172,0,0.0,101900.0,101900.0,1900.0
6663,Amoura Cabrera,paroli,100.0,100000.0,50000.0,1155,2,0.0,91400.0,91400.0,-8600.0
6664,Cade Hardy,paroli,100.0,100000.0,50000.0,1122,0,0.0,87200.0,87200.0,-12800.0
6665,Jessica Ventura,paroli,100.0,100000.0,50000.0,1175,1,0.0,103000.0,103000.0,3000.0
6666,Branson Rangel,paroli,100.0,100000.0,50000.0,1166,1,0.0,99000.0,99000.0,-1000.0
6667,Gloria Moran,paroli,100.0,100000.0,50000.0,1125,1,0.0,88200.0,88200.0,-11800.0
6668,Tate Schmidt,paroli,100.0,100000.0,50000.0,1153,1,0.0,94700.0,94700.0,-5300.0
6669,Kimberly Cummings,paroli,100.0,100000.0,50000.0,1112,2,0.0,86800.0,86800.0,-13200.0
6670,Raiden O’brien,paroli,100.0,100000.0,50000.0,1160,1,0.0,102300.0,102300.0,2300.0
6671,Joanna Stanton,paroli,100.0,100000.0,50000.0,1142,0,0.0,90500.0,90500.0,-9500.0
6672,Zyair Reynolds,paroli,100.0,100000.0,50000.0,1163,0,0.0,95600.0,95600.0,-4400.0
6673,Isabelle Walls,paroli,100.0,100000.0,50000.0,1162,0,0.0,97300.0,97300.0,-2700.0
6674,Larry Graves,paroli,100.0,100000.0,50000.0,1150,0,0.0,95400.0,95400.0,-4600.0
6675,Elle Rodgers,paroli,100.0,100000.0,50000.0,1113,0,0.0,89400.0,89400.0,-10600.0
6676,Mathias Cantu,paroli,100.0,100000.0,50000.0,1109,0,0.0,80900.0,80900.0,-19100.0
6677,Galilea Blair,paroli,100.0,100000.0,50000.0,1151,2,0.0,94800.0,94800.0,-5200.0
6678,Troy Choi,paroli,100.0,100000.0,50000.0,1165,2,0.0,96100.0,96100.0,-3900.0
6679,Karla Ward,paroli,100.0,100000.0,50000.0,1186,0,0.0,100200.0,100200.0,200.0
6680,Jameson Reyna,paroli,100.0,100000.0,50000.0,1183,0,0.0,101900.0,101900.0,1900.0
6681,Luella Burke,paroli,100.0,100000.0,50000.0,1183,2,0.0,101800.0,101800.0,1800.0
6682,Jax Sullivan,paroli,100.0,100000.0,50000.0,1133,2,0.0,91400.0,91400.0,-8600.0
6683,Melanie Escobar,paroli,100.0,100000.0,50000.0,1137,1,0.0,92700.0,92700.0,-7300.0
6684,Zachariah Smith,paroli,100.0,100000.0,50000.0,1187,0,0.0,102400.0,102400.0,2400.0
6685,Olivia Brooks,paroli,100.0,100000.0,50000.0,1156,0,0.0,96200.0,96200.0,-3800.0
6686,Jordan Rosales,paroli,100.0,100000.0,50000.0,1102,0,0.0,82800.0,82800.0,-17200.0
6687,Kinley Hamilton,paroli,100.0,100000.0,50000.0,1142,3,0.0,89600.0,89600.0,-10400.0
6688,Jason Schmitt,paroli,100.0,100000.0,50000.0,1188,1,0.0,102700.0,102700.0,2700.0
6689,Queen Estes,paroli,100.0,100000.0,50000.0,1101,0,0.0,85700.0,85700.0,-14300.0
6690,Hakeem Kerr,paroli,100.0,100000.0,50000.0,1111,1,0.0,89700.0,89700.0,-10300.0
6691,Baylee Macias,paroli,100.0,100000.0,50000.0,1170,2,0.0,98300.0,98300.0,-1700.0
6692,Moshe Cobb,paroli,100.0,100000.0,50000.0,1193,1,0.0,103800.0,103800.0,3800.0
6693,Aviana Wade,paroli,100.0,100000.0,50000.0,1141,0,0.0,89700.0,89700.0,-10300.0
6694,Jake Houston,paroli,100.0,100000.0,50000.0,1158,0,0.0,102300.0,102300.0,2300.0
6695,Lylah Vu,paroli,100.0,100000.0,50000.0,1159,2,0.0,94400.0,94400.0,-5600.0
6696,Kamdyn Boyd,paroli,100.0,100000.0,50000.0,1209,0,0.0,104600.0,104600.0,4600.0
6697,Georgia Benton,paroli,100.0,100000.0,50000.0,1094,2,0.0,80900.0,80900.0,-19100.0
6698,Jamal Edwards,paroli,100.0,100000.0,50000.0,1146,0,0.0,91900.0,91900.0,-8100.0
6699,Ivy Mullins,paroli,100.0,100000.0,50000.0,1142,1,0.0,97500.0,97500.0,-2500.0
6700,Allen Morrow,paroli,100.0,100000.0,50000.0,1166,1,0.0,98400.0,98400.0,-1600.0
6701,Reyna Cano,paroli,100.0,100000.0,50000.0,1172,1,0.0,96800.0,96800.0,-3200.0
6702,Terry Nunez,paroli,100.0,100000.0,50000.0,1227,2,0.0,110000.0,110000.0,10000.0
6703,Mya Pace,paroli,100.0,100000.0,50000.0,1174,1,0.0,97100.0,97100.0,-2900.0
6704,Dior Johns,paroli,100.0,100000.0,50000.0,1182,2,0.0,100300.0,100300.0,300.0
6705,Giovanna Burgess,paroli,100.0,100000.0,50000.0,1098,0,0.0,81400.0,81400.0,-18600.0
6706,Kolton Ball,paroli,100.0,100000.0,50000.0,1153,0,0.0,94600.0,94600.0,-5400.0
6707,Abby Shaffer,paroli,100.0,100000.0,50000.0,1129,0,0.0,92000.0,92000.0,-8000.0
6708,Dexter Gallegos,paroli,100.0,100000.0,50000.0,1173,0,0.0,93700.0,93700.0,-6300.0
6709,Ari Clayton,paroli,100.0,100000.0,50000.0,1140,4,0.0,97900.0,97900.0,-2100.0
6710,Boston Yoder,paroli,100.0,100000.0,50000.0,1186,0,0.0,101800.0,101800.0,1800.0
6711,Emerie Ellis,paroli,100.0,100000.0,50000.0,1110,0,0.0,91100.0,91100.0,-8900.0
6712,Cole Ferguson,paroli,100.0,100000.0,50000.0,1129,0,0.0,96400.0,96400.0,-3600.0
6713,Juliana Curry,paroli,100.0,100000.0,50000.0,1163,0,0.0,98200.0,98200.0,-1800.0
6714,Briggs Arnold,paroli,100.0,100000.0,50000.0,1216,0,0.0,110200.0,110200.0,10200.0
6715,Finley Moreno,paroli,100.0,100000.0,50000.0,1170,0,0.0,95000.0,95000.0,-5000.0
6716,Myles Calhoun,paroli,100.0,100000.0,50000.0,1134,2,0.0,90400.0,90400.0,-9600.0
6717,Thalia Horne,paroli,100.0,100000.0,50000.0,1138,0,0.0,93400.0,93400.0,-6600.0
6718,Zev Burke,paroli,100.0,100000.0,50000.0,1106,5,0.0,85200.0,85200.0,-14800.0
6719,Vera Schmitt,paroli,100.0,100000.0,50000.0,1125,0,0.0,86400.0,86400.0,-13600.0
6720,Murphy Gonzales,paroli,100.0,100000.0,50000.0,1180,1,0.0,100200.0,100200.0,200.0
6721,Hadley Novak,paroli,100.0,100000.0,50000.0,1181,0,0.0,102500.0,102500.0,2500.0
6722,Bishop Lindsey,paroli,100.0,100000.0,50000.0,1189,0,0.0,97600.0,97600.0,-2400.0
6723,Colette Spears,paroli,100.0,100000.0,50000.0,1200,3,0.0,100600.0,100600.0,600.0
6724,Ameer Walter,paroli,100.0,100000.0,50000.0,1124,1,0.0,93500.0,93500.0,-6500.0
6725,Penny Nichols,paroli,100.0,100000.0,50000.0,1097,1,0.0,86100.0,86100.0,-13900.0
6726,Atlas Jennings,paroli,100.0,100000.0,50000.0,1165,3,0.0,97300.0,97300.0,-2700.0
6727,Palmer Herring,paroli,100.0,100000.0,50000.0,1183,1,0.0,101700.0,101700.0,1700.0
6728,Henrik McClain,paroli,100.0,100000.0,50000.0,1169,0,0.0,95500.0,95500.0,-4500.0
6729,Marleigh Melendez,paroli,100.0,100000.0,50000.0,1083,0,0.0,77800.0,77800.0,-22200.0
6730,Nikolas Pace,paroli,100.0,100000.0,50000.0,1168,0,0.0,98100.0,98100.0,-1900.0
6731,Giana Zimmerman,paroli,100.0,100000.0,50000.0,1161,0,0.0,98700.0,98700.0,-1300.0
6732,Sergio Durham,paroli,100.0,100000.0,50000.0,1131,0,0.0,93200.0,93200.0,-6800.0
6733,Tiffany Rosas,paroli,100.0,100000.0,50000.0,1151,0,0.0,95500.0,95500.0,-4500.0
6734,Remi Guerra,paroli,100.0,100000.0,50000.0,1162,0,0.0,100900.0,100900.0,900.0
6735,Edith Rosas,paroli,100.0,100000.0,50000.0,1141,0,0.0,97100.0,97100.0,-2900.0
6736,Remi Burns,paroli,100.0,100000.0,50000.0,1120,1,0.0,88100.0,88100.0,-11900.0
6737,Emerson Whitehead,paroli,100.0,100000.0,50000.0,1090,0,0.0,84300.0,84300.0,-15700.0
6738,Zayd Lloyd,paroli,100.0,100000.0,50000.0,1151,1,0.0,95500.0,95500.0,-4500.0
6739,Emely Atkinson,paroli,100.0,100000.0,50000.0,1143,0,0.0,89500.0,89500.0,-10500.0
6740,Duke Lewis,paroli,100.0,100000.0,50000.0,1132,1,0.0,92700.0,92700.0,-7300.0
6741,Ellie Peterson,paroli,100.0,100000.0,50000.0,1195,0,0.0,103700.0,103700.0,3700.0
6742,Santiago Bond,paroli,100.0,100000.0,50000.0,1150,0,0.0,97700.0,97700.0,-2300.0
6743,Alena Kerr,paroli,100.0,100000.0,50000.0,1111,0,0.0,90900.0,90900.0,-9100.0
6744,Louie Walter,paroli,100.0,100000.0,50000.0,1170,2,0.0,96900.0,96900.0,-3100.0
6745,Penny Velasquez,paroli,100.0,100000.0,50000.0,1142,0,0.0,93000.0,93000.0,-7000.0
6746,Sullivan Andrade,paroli,100.0,100000.0,50000.0,1137,1,0.0,94000.0,94000.0,-6000.0
6747,Emmy Nixon,paroli,100.0,100000.0,50000.0,1188,1,0.0,99200.0,99200.0,-800.0
6748,Cory Simpson,paroli,100.0,100000.0,50000.0,1108,1,0.0,84800.0,84800.0,-15200.0
6749,Anastasia McIntyre,paroli,100.0,100000.0,50000.0,1138,2,0.0,92700.0,92700.0,-7300.0
6750,Eliseo Rojas,paroli,100.0,100000.0,50000.0,1144,0,0.0,88100.0,88100.0,-11900.0
6751,Adaline Parsons,paroli,100.0,100000.0,50000.0,1157,1,0.0,97900.0,97900.0,-2100.0
6752,Lewis Taylor,paroli,100.0,100000.0,50000.0,1086,0,0.0,82400.0,82400.0,-17600.0
6753,Sofia Peck,paroli,100.0,100000.0,50000.0,1081,1,0.0,81800.0,81800.0,-18200.0
6754,Yousef Reese,paroli,100.0,100000.0,50000.0,1150,3,0.0,94300.0,94300.0,-5700.0
6755,Rosemary Doyle,paroli,100.0,100000.0,50000.0,1152,3,0.0,100200.0,100200.0,200.0
6756,Kashton Boyer,paroli,100.0,100000.0,50000.0,1105,1,0.0,85300.0,85300.0,-14700.0
6757,Chaya Shepherd,paroli,100.0,100000.0,50000.0,1186,1,0.0,101300.0,101300.0,1300.0
6758,Ronald Serrano,paroli,100.0,100000.0,50000.0,1144,0,0.0,88400.0,88400.0,-11600.0
6759,Allie Benjamin,paroli,100.0,100000.0,50000.0,1143,1,0.0,92800.0,92800.0,-7200.0
6760,Kyro Vargas,paroli,100.0,100000.0,50000.0,1167,0,0.0,101800.0,101800.0,1800.0
6761,Andrea Stafford,paroli,100.0,100000.0,50000.0,1202,1,0.0,104300.0,104300.0,4300.0
6762,Alfredo Whitney,paroli,100.0,100000.0,50000.0,1147,1,0.0,95600.0,95600.0,-4400.0
6763,Madalynn Rocha,paroli,100.0,100000.0,50000.0,1100,0,0.0,84900.0,84900.0,-15100.0
6764,Onyx Carpenter,paroli,100.0,100000.0,50000.0,1141,0,0.0,95600.0,95600.0,-4400.0
6765,Lilly Buck,paroli,100.0,100000.0,50000.0,1159,2,0.0,99100.0,99100.0,-900.0
6766,Jon Whitney,paroli,100.0,100000.0,50000.0,1199,0,0.0,106400.0,106400.0,6400.0
6767,Madalynn Horton,paroli,100.0,100000.0,50000.0,1121,4,0.0,87800.0,87800.0,-12200.0
6768,Garrett Bravo,paroli,100.0,100000.0,50000.0,1082,0,0.0,81200.0,81200.0,-18800.0
6769,Amoura Vincent,paroli,100.0,100000.0,50000.0,1145,0,0.0,94100.0,94100.0,-5900.0
6770,Aarav Bautista,paroli,100.0,100000.0,50000.0,1195,1,0.0,101600.0,101600.0,1600.0
6771,Antonella Berger,paroli,100.0,100000.0,50000.0,1104,1,0.0,84600.0,84600.0,-15400.0
6772,Byron Cameron,paroli,100.0,100000.0,50000.0,1196,2,0.0,106100.0,106100.0,6100.0
6773,Julie Noble,paroli,100.0,100000.0,50000.0,1157,1,0.0,90600.0,90600.0,-9400.0
6774,Idris Camacho,paroli,100.0,100000.0,50000.0,1132,0,0.0,91100.0,91100.0,-8900.0
6775,Armani Ryan,paroli,100.0,100000.0,50000.0,1118,0,0.0,87300.0,87300.0,-12700.0
6776,Timothy Butler,paroli,100.0,100000.0,50000.0,1195,0,0.0,105600.0,105600.0,5600.0
6777,Athena Potts,paroli,100.0,100000.0,50000.0,1196,2,0.0,103200.0,103200.0,3200.0
6778,Alfred Strickland,paroli,100.0,100000.0,50000.0,1177,1,0.0,99900.0,99900.0,-100.0
6779,Nia Skinner,paroli,100.0,100000.0,50000.0,1150,0,0.0,92500.0,92500.0,-7500.0
6780,Ridge Hendricks,paroli,100.0,100000.0,50000.0,1125,0,0.0,95000.0,95000.0,-5000.0
6781,Dani Escobar,paroli,100.0,100000.0,50000.0,1169,1,0.0,101100.0,101100.0,1100.0
6782,Zachariah Washington,paroli,100.0,100000.0,50000.0,1164,0,0.0,96200.0,96200.0,-3800.0
6783,Valerie Valenzuela,paroli,100.0,100000.0,50000.0,1123,2,0.0,87500.0,87500.0,-12500.0
6784,Jamari Mayo,paroli,100.0,100000.0,50000.0,1196,1,0.0,105500.0,105500.0,5500.0
6785,Aarya Collins,paroli,100.0,100000.0,50000.0,1126,0,0.0,89300.0,89300.0,-10700.0
6786,Miles Rodriguez,paroli,100.0,100000.0,50000.0,1154,0,0.0,98100.0,98100.0,-1900.0
6787,Evelyn Edwards,paroli,100.0,100000.0,50000.0,1168,2,0.0,98000.0,98000.0,-2000.0
6788,Adrian Lowe,paroli,100.0,100000.0,50000.0,1163,0,0.0,94000.0,94000.0,-6000.0
6789,Amari Barajas,paroli,100.0,100000.0,50000.0,1151,2,0.0,96200.0,96200.0,-3800.0
6790,Brennan Waller,paroli,100.0,100000.0,50000.0,1187,1,0.0,105900.0,105900.0,5900.0
6791,Whitley Daugherty,paroli,100.0,100000.0,50000.0,1102,2,0.0,88600.0,88600.0,-11400.0
6792,Turner Jarvis,paroli,100.0,100000.0,50000.0,1109,1,0.0,84300.0,84300.0,-15700.0
6793,Elisabeth Little,paroli,100.0,100000.0,50000.0,1129,0,0.0,89400.0,89400.0,-10600.0
6794,Lennox Berry,paroli,100.0,100000.0,50000.0,1144,2,0.0,93900.0,93900.0,-6100.0
6795,Annabelle Maldonado,paroli,100.0,100000.0,50000.0,1201,0,0.0,100200.0,100200.0,200.0
6796,Javier Colon,paroli,100.0,100000.0,50000.0,1113,0,0.0,89400.0,89400.0,-10600.0
6797,Remy Petersen,paroli,100.0,100000.0,50000.0,1168,3,0.0,96500.0,96500.0,-3500.0
6798,Samson Pratt,paroli,100.0,100000.0,50000.0,1119,0,0.0,87000.0,87000.0,-13000.0
6799,Ailani Bush,paroli,100.0,100000.0,50000.0,1186,0,0.0,100200.0,100200.0,200.0
6800,Tyson Howard,paroli,100.0,100000.0,50000.0,1123,0,0.0,87700.0,87700.0,-12300.0
6801,Sophie Nash,paroli,100.0,100000.0,50000.0,1134,1,0.0,96200.0,96200.0,-3800.0
6802,Chandler Davila,paroli,100.0,100000.0,50000.0,1136,1,0.0,93100.0,93100.0,-6900.0
6803,Rayne Lowery,paroli,100.0,100000.0,50000.0,1159,1,0.0,94000.0,94000.0,-6000.0
6804,Jaxxon Duncan,paroli,100.0,100000.0,50000.0,1129,1,0.0,87200.0,87200.0,-12800.0
6805,Elise Fox,paroli,100.0,100000.0,50000.0,1167,2,0.0,97400.0,97400.0,-2600.0
6806,Antonio Alfaro,paroli,100.0,100000.0,50000.0,1158,2,0.0,94500.0,94500.0,-5500.0
6807,Yasmin Esparza,paroli,100.0,100000.0,50000.0,1177,0,0.0,102800.0,102800.0,2800.0
6808,Carl Meyers,paroli,100.0,100000.0,50000.0,1096,0,0.0,85100.0,85100.0,-14900.0
6809,Leyla Schneider,paroli,100.0,100000.0,50000.0,1192,2,0.0,99300.0,99300.0,-700.0
6810,Raymond Holloway,paroli,100.0,100000.0,50000.0,1129,0,0.0,88100.0,88100.0,-11900.0
6811,Mae Cunningham,paroli,100.0,100000.0,50000.0,1109,0,0.0,89100.0,89100.0,-10900.0
6812,Alejandro McDowell,paroli,100.0,100000.0,50000.0,1173,0,0.0,102400.0,102400.0,2400.0
6813,Rayna Dawson,paroli,100.0,100000.0,50000.0,1129,2,0.0,88600.0,88600.0,-11400.0
6814,Iker Shelton,paroli,100.0,100000.0,50000.0,1193,0,0.0,101500.0,101500.0,1500.0
6815,Makenzie Levy,paroli,100.0,100000.0,50000.0,1177,0,0.0,98700.0,98700.0,-1300.0
6816,Harold Lindsey,paroli,100.0,100000.0,50000.0,1185,0,0.0,103400.0,103400.0,3400.0
6817,Colette Reese,paroli,100.0,100000.0,50000.0,1163,2,0.0,93500.0,93500.0,-6500.0
6818,Alijah Payne,paroli,100.0,100000.0,50000.0,1120,0,0.0,87200.0,87200.0,-12800.0
6819,London Ho,paroli,100.0,100000.0,50000.0,1154,3,0.0,92000.0,92000.0,-8000.0
6820,Morgan Mathews,paroli,100.0,100000.0,50000.0,1173,0,0.0,100900.0,100900.0,900.0
6821,Sloan Harrington,paroli,100.0,100000.0,50000.0,1132,0,0.0,91700.0,91700.0,-8300.0
6822,Omari McCarty,paroli,100.0,100000.0,50000.0,1130,0,0.0,90500.0,90500.0,-9500.0
6823,Halo Cordova,paroli,100.0,100000.0,50000.0,1144,0,0.0,94500.0,94500.0,-5500.0
6824,Vicente Franklin,paroli,100.0,100000.0,50000.0,1138,1,0.0,90100.0,90100.0,-9900.0
6825,Angela Solis,paroli,100.0,100000.0,50000.0,1180,1,0.0,100000.0,100000.0,0.0
6826,Ronin Hansen,paroli,100.0,100000.0,50000.0,1180,1,0.0,100000.0,100000.0,0.0
6827,Hope Mason,paroli,100.0,100000.0,50000.0,1147,0,0.0,92300.0,92300.0,-7700.0
6828,Brandon French,paroli,100.0,100000.0,50000.0,1151,0,0.0,90400.0,90400.0,-9600.0
6829,Lorelai Aguilar,paroli,100.0,100000.0,50000.0,1176,2,0.0,101300.0,101300.0,1300.0
6830,Milo Barrera,paroli,100.0,100000.0,50000.0,1191,3,0.0,103600.0,103600.0,3600.0
6831,Beatrice Felix,paroli,100.0,100000.0,50000.0,1170,0,0.0,102600.0,102600.0,2600.0
6832,Rodney Sanford,paroli,100.0,100000.0,50000.0,1142,0,0.0,87500.0,87500.0,-12500.0
6833,Emerald Benjamin,paroli,100.0,100000.0,50000.0,1109,0,0.0,85200.0,85200.0,-14800.0
6834,Kyro Watts,paroli,100.0,100000.0,50000.0,1125,2,0.0,88500.0,88500.0,-11500.0
6835,Melissa Buckley,paroli,100.0,100000.0,50000.0,1164,0,0.0,97500.0,97500.0,-2500.0
6836,Aryan Stark,paroli,100.0,100000.0,50000.0,1152,0,0.0,95700.0,95700.0,-4300.0
6837,Kamilah Fuller,paroli,100.0,100000.0,50000.0,1151,2,0.0,93500.0,93500.0,-6500.0
6838,Andre Simon,paroli,100.0,100000.0,50000.0,1148,0,0.0,96800.0,96800.0,-3200.0
6839,Kalani Martinez,paroli,100.0,100000.0,50000.0,1219,1,0.0,106000.0,106000.0,6000.0
6840,Alexander Meza,paroli,100.0,100000.0,50000.0,1164,0,0.0,98100.0,98100.0,-1900.0
6841,Rosa Hail,paroli,100.0,100000.0,50000.0,1089,1,0.0,82100.0,82100.0,-17900.0
6842,Hector Livingston,paroli,100.0,100000.0,50000.0,1155,2,0.0,95900.0,95900.0,-4100.0
6843,Milena Lloyd,paroli,100.0,100000.0,50000.0,1158,2,0.0,96600.0,96600.0,-3400.0
6844,Zaire Valdez,paroli,100.0,100000.0,50000.0,1119,2,0.0,87900.0,87900.0,-12100.0
6845,Diana Beard,paroli,100.0,100000.0,50000.0,1182,0,0.0,103000.0,103000.0,3000.0
6846,Nathanael Lara,paroli,100.0,100000.0,50000.0,1169,1,0.0,95200.0,95200.0,-4800.0
6847,Heidi Gregory,paroli,100.0,100000.0,50000.0,1154,1,0.0,92100.0,92100.0,-7900.0
6848,Travis Silva,paroli,100.0,100000.0,50000.0,1137,0,0.0,91800.0,91800.0,-8200.0
6849,Lucia Reyes,paroli,100.0,100000.0,50000.0,1140,0,0.0,93600.0,93600.0,-6400.0
6850,Eli Avalos,paroli,100.0,100000.0,50000.0,1208,3,0.0,102200.0,102200.0,2200.0
6851,Paloma Cuevas,paroli,100.0,100000.0,50000.0,1128,0,0.0,91000.0,91000.0,-9000.0
6852,Brecken Gilmore,paroli,100.0,100000.0,50000.0,1136,0,0.0,92400.0,92400.0,-7600.0
6853,Chanel Tran,paroli,100.0,100000.0,50000.0,1164,0,0.0,99500.0,99500.0,-500.0
6854,Braxton Boyle,paroli,100.0,100000.0,50000.0,1110,0,0.0,87600.0,87600.0,-12400.0
6855,Aliya Rodgers,paroli,100.0,100000.0,50000.0,1151,0,0.0,95100.0,95100.0,-4900.0
6856,Mathias Esparza,paroli,100.0,100000.0,50000.0,1143,1,0.0,91900.0,91900.0,-8100.0
6857,Ramona Peralta,paroli,100.0,100000.0,50000.0,1147,1,0.0,94100.0,94100.0,-5900.0
6858,Dangelo Browning,paroli,100.0,100000.0,50000.0,1147,1,0.0,94800.0,94800.0,-5200.0
6859,Princess Lang,paroli,100.0,100000.0,50000.0,1167,0,0.0,103200.0,103200.0,3200.0
6860,Wells Russell,paroli,100.0,100000.0,50000.0,1120,0,0.0,86400.0,86400.0,-13600.0
6861,Raelynn Short,paroli,100.0,100000.0,50000.0,1175,4,0.0,98900.0,98900.0,-1100.0
6862,Hezekiah Carr,paroli,100.0,100000.0,50000.0,1190,1,0.0,101000.0,101000.0,1000.0
6863,Rowan Atkins,paroli,100.0,100000.0,50000.0,1159,1,0.0,99500.0,99500.0,-500.0
6864,Cason Carroll,paroli,100.0,100000.0,50000.0,1140,2,0.0,91500.0,91500.0,-8500.0
6865,Zara Miller,paroli,100.0,100000.0,50000.0,1098,1,0.0,87400.0,87400.0,-12600.0
6866,Benjamin Flynn,paroli,100.0,100000.0,50000.0,1203,2,0.0,101500.0,101500.0,1500.0
6867,Dorothy Gentry,paroli,100.0,100000.0,50000.0,1132,1,0.0,90200.0,90200.0,-9800.0
6868,Magnus Parsons,paroli,100.0,100000.0,50000.0,1143,1,0.0,89500.0,89500.0,-10500.0
6869,Maia Dominguez,paroli,100.0,100000.0,50000.0,1118,1,0.0,93900.0,93900.0,-6100.0
6870,Kaden Person,paroli,100.0,100000.0,50000.0,1163,1,0.0,92600.0,92600.0,-7400.0
6871,Dylan Tang,paroli,100.0,100000.0,50000.0,1154,0,0.0,92200.0,92200.0,-7800.0
6872,Rogelio Aguirre,paroli,100.0,100000.0,50000.0,1129,0,0.0,90900.0,90900.0,-9100.0
6873,Ariah Burnett,paroli,100.0,100000.0,50000.0,1147,0,0.0,93600.0,93600.0,-6400.0
6874,Davis Duncan,paroli,100.0,100000.0,50000.0,1166,2,0.0,98500.0,98500.0,-1500.0
6875,Elise Booth,paroli,100.0,100000.0,50000.0,1127,2,0.0,90300.0,90300.0,-9700.0
6876,Chaim Castaneda,paroli,100.0,100000.0,50000.0,1130,3,0.0,93800.0,93800.0,-6200.0
6877,Keira Huber,paroli,100.0,100000.0,50000.0,1165,0,0.0,96500.0,96500.0,-3500.0
6878,Mac McCarthy,paroli,100.0,100000.0,50000.0,1155,0,0.0,95600.0,95600.0,-4400.0
6879,Kira Conner,paroli,100.0,100000.0,50000.0,1119,0,0.0,84000.0,84000.0,-16000.0
6880,Phillip Marin,paroli,100.0,100000.0,50000.0,1172,0,0.0,97400.0,97400.0,-2600.0
6881,Celia Lin,paroli,100.0,100000.0,50000.0,1133,0,0.0,90400.0,90400.0,-9600.0
6882,Conor Le,paroli,100.0,100000.0,50000.0,1139,1,0.0,92000.0,92000.0,-8000.0
6883,Myla Yu,paroli,100.0,100000.0,50000.0,1149,2,0.0,93100.0,93100.0,-6900.0
6884,Bryant Vasquez,paroli,100.0,100000.0,50000.0,1133,0,0.0,93200.0,93200.0,-6800.0
6885,Rose Wheeler,paroli,100.0,100000.0,50000.0,1148,5,0.0,93100.0,93100.0,-6900.0
6886,Kenneth Butler,paroli,100.0,100000.0,50000.0,1127,1,0.0,93700.0,93700.0,-6300.0
6887,Athena Spence,paroli,100.0,100000.0,50000.0,1160,1,0.0,97700.0,97700.0,-2300.0
6888,Cillian Taylor,paroli,100.0,100000.0,50000.0,1119,0,0.0,89200.0,89200.0,-10800.0
6889,Sofia Doyle,paroli,100.0,100000.0,50000.0,1184,1,0.0,97900.0,97900.0,-2100.0
6890,Kashton McFarland,paroli,100.0,100000.0,50000.0,1111,1,0.0,85600.0,85600.0,-14400.0
6891,Annika Bernal,paroli,100.0,100000.0,50000.0,1178,1,0.0,100700.0,100700.0,700.0
6892,Eithan Meadows,paroli,100.0,100000.0,50000.0,1125,0,0.0,93000.0,93000.0,-7000.0
6893,Pearl Valdez,paroli,100.0,100000.0,50000.0,1115,1,0.0,89400.0,89400.0,-10600.0
6894,Kyler O’Connell,paroli,100.0,100000.0,50000.0,1125,0,0.0,88900.0,88900.0,-11100.0
6895,Jillian Frank,paroli,100.0,100000.0,50000.0,1128,0,0.0,90300.0,90300.0,-9700.0
6896,Braylen Ball,paroli,100.0,100000.0,50000.0,1111,0,0.0,85700.0,85700.0,-14300.0
6897,Abby Holmes,paroli,100.0,100000.0,50000.0,1164,0,0.0,95700.0,95700.0,-4300.0
6898,King Rosales,paroli,100.0,100000.0,50000.0,1154,2,0.0,94400.0,94400.0,-5600.0
6899,Kinley Yang,paroli,100.0,100000.0,50000.0,1184,1,0.0,105100.0,105100.0,5100.0
6900,Malcolm Boyer,paroli,100.0,100000.0,50000.0,1166,4,0.0,96800.0,96800.0,-3200.0
6901,Chaya Soto,paroli,100.0,100000.0,50000.0,1139,2,0.0,92400.0,92400.0,-7600.0
6902,Barrett Townsend,paroli,100.0,100000.0,50000.0,1170,0,0.0,102500.0,102500.0,2500.0
6903,Azalea French,paroli,100.0,100000.0,50000.0,1182,0,0.0,97900.0,97900.0,-2100.0
6904,Corey Carson,paroli,100.0,100000.0,50000.0,1164,1,0.0,96900.0,96900.0,-3100.0
6905,Nalani Vaughn,paroli,100.0,100000.0,50000.0,1149,0,0.0,97600.0,97600.0,-2400.0
6906,Remy Meza,paroli,100.0,100000.0,50000.0,1124,1,0.0,87500.0,87500.0,-12500.0
6907,Rosa Armstrong,paroli,100.0,100000.0,50000.0,1110,1,0.0,91200.0,91200.0,-8800.0
6908,Grant Bryan,paroli,100.0,100000.0,50000.0,1140,1,0.0,93900.0,93900.0,-6100.0
6909,Meredith Cantrell,paroli,100.0,100000.0,50000.0,1166,0,0.0,94300.0,94300.0,-5700.0
6910,Harris Reese,paroli,100.0,100000.0,50000.0,1209,4,0.0,106800.0,106800.0,6800.0
6911,Rosemary Rosales,paroli,100.0,100000.0,50000.0,1121,0,0.0,87800.0,87800.0,-12200.0
6912,Wilder Bailey,paroli,100.0,100000.0,50000.0,1163,1,0.0,101800.0,101800.0,1800.0
6913,Kennedy Gates,paroli,100.0,100000.0,50000.0,1136,0,0.0,91300.0,91300.0,-8700.0
6914,Ermias Gonzales,paroli,100.0,100000.0,50000.0,1153,2,0.0,97900.0,97900.0,-2100.0
6915,Hadley Beltran,paroli,100.0,100000.0,50000.0,1151,0,0.0,96100.0,96100.0,-3900.0
6916,Ricky Moreno,paroli,100.0,100000.0,50000.0,1141,1,0.0,92200.0,92200.0,-7800.0
6917,Mary McCoy,paroli,100.0,100000.0,50000.0,1123,1,0.0,87100.0,87100.0,-12900.0
6918,Jett Norris,paroli,100.0,100000.0,50000.0,1099,1,0.0,85000.0,85000.0,-15000.0
6919,Arielle Chandler,paroli,100.0,100000.0,50000.0,1192,1,0.0,105400.0,105400.0,5400.0
6920,Royal Conley,paroli,100.0,100000.0,50000.0,1135,4,0.0,87000.0,87000.0,-13000.0
6921,Salem Stuart,paroli,100.0,100000.0,50000.0,1143,4,0.0,89700.0,89700.0,-10300.0
6922,Dion Olson,paroli,100.0,100000.0,50000.0,1143,0,0.0,94900.0,94900.0,-5100.0
6923,Isabel Hale,paroli,100.0,100000.0,50000.0,1152,0,0.0,95000.0,95000.0,-5000.0
6924,Ezequiel Dickerson,paroli,100.0,100000.0,50000.0,1160,0,0.0,95600.0,95600.0,-4400.0
6925,Opal Pearson,paroli,100.0,100000.0,50000.0,1122,0,0.0,90400.0,90400.0,-9600.0
6926,Gunner Rocha,paroli,100.0,100000.0,50000.0,1190,0,0.0,104800.0,104800.0,4800.0
6927,Emmie Gilbert,paroli,100.0,100000.0,50000.0,1150,1,0.0,97500.0,97500.0,-2500.0
6928,Tobias Barr,paroli,100.0,100000.0,50000.0,1181,1,0.0,100200.0,100200.0,200.0
6929,Noemi Trevino,paroli,100.0,100000.0,50000.0,1126,1,0.0,89700.0,89700.0,-10300.0
6930,Jaime Chavez,paroli,100.0,100000.0,50000.0,1114,0,0.0,85400.0,85400.0,-14600.0
6931,Nevaeh Beasley,paroli,100.0,100000.0,50000.0,1131,1,0.0,88400.0,88400.0,-11600.0
6932,Stanley Compton,paroli,100.0,100000.0,50000.0,1141,0,0.0,96600.0,96600.0,-3400.0
6933,Elina Simpson,paroli,100.0,100000.0,50000.0,1190,2,0.0,101900.0,101900.0,1900.0
6934,Elliott Hartman,paroli,100.0,100000.0,50000.0,1110,0,0.0,81100.0,81100.0,-18900.0
6935,Kennedi Patel,paroli,100.0,100000.0,50000.0,1127,0,0.0,89400.0,89400.0,-10600.0
6936,Parker Hayden,paroli,100.0,100000.0,50000.0,1141,0,0.0,95300.0,95300.0,-4700.0
6937,Avayah Atkins,paroli,100.0,100000.0,50000.0,1154,0,0.0,93900.0,93900.0,-6100.0
6938,Cason Bowman,paroli,100.0,100000.0,50000.0,1193,0,0.0,102700.0,102700.0,2700.0
6939,Fiona Howell,paroli,100.0,100000.0,50000.0,1108,1,0.0,85400.0,85400.0,-14600.0
6940,Bradley Moreno,paroli,100.0,100000.0,50000.0,1119,0,0.0,87400.0,87400.0,-12600.0
6941,Mary Shelton,paroli,100.0,100000.0,50000.0,1173,1,0.0,96200.0,96200.0,-3800.0
6942,Leonel Hartman,paroli,100.0,100000.0,50000.0,1133,0,0.0,88400.0,88400.0,-11600.0
6943,Kennedi Conley,paroli,100.0,100000.0,50000.0,1149,0,0.0,95700.0,95700.0,-4300.0
6944,Marvin Willis,paroli,100.0,100000.0,50000.0,1210,1,0.0,101400.0,101400.0,1400.0
6945,Alexa Bernard,paroli,100.0,100000.0,50000.0,1171,5,0.0,97900.0,97900.0,-2100.0
6946,Jair David,paroli,100.0,100000.0,50000.0,1132,0,0.0,92700.0,92700.0,-7300.0
6947,Haylee Watkins,paroli,100.0,100000.0,50000.0,1131,0,0.0,94600.0,94600.0,-5400.0
6948,Nash Dickerson,paroli,100.0,100000.0,50000.0,1150,0,0.0,95300.0,95300.0,-4700.0
6949,Opal Ball,paroli,100.0,100000.0,50000.0,1108,1,0.0,89600.0,89600.0,-10400.0
6950,Shane Vaughn,paroli,100.0,100000.0,50000.0,1147,0,0.0,96100.0,96100.0,-3900.0
6951,Reign Snow,paroli,100.0,100000.0,50000.0,1115,1,0.0,84200.0,84200.0,-15800.0
6952,Houston Pena,paroli,100.0,100000.0,50000.0,1182,0,0.0,94200.0,94200.0,-5800.0
6953,Rachel Gill,paroli,100.0,100000.0,50000.0,1177,2,0.0,95100.0,95100.0,-4900.0
6954,Matthias Wood,paroli,100.0,100000.0,50000.0,1121,0,0.0,89000.0,89000.0,-11000.0
6955,Natalia Holloway,paroli,100.0,100000.0,50000.0,1162,0,0.0,99800.0,99800.0,-200.0
6956,Sutton Keith,paroli,100.0,100000.0,50000.0,1147,0,0.0,95800.0,95800.0,-4200.0
6957,Elyse Taylor,paroli,100.0,100000.0,50000.0,1154,2,0.0,92900.0,92900.0,-7100.0
6958,Jackson Sanchez,paroli,100.0,100000.0,50000.0,1113,1,0.0,92500.0,92500.0,-7500.0
6959,Aria Savage,paroli,100.0,100000.0,50000.0,1153,0,0.0,98100.0,98100.0,-1900.0
6960,Keaton Benitez,paroli,100.0,100000.0,50000.0,1184,2,0.0,101300.0,101300.0,1300.0
6961,Aliza Morales,paroli,100.0,100000.0,50000.0,1168,0,0.0,102100.0,102100.0,2100.0
6962,Aaron Madden,paroli,100.0,100000.0,50000.0,1104,2,0.0,82500.0,82500.0,-17500.0
6963,Violette Beck,paroli,100.0,100000.0,50000.0,1131,1,0.0,91100.0,91100.0,-8900.0
6964,Eduardo Harrell,paroli,100.0,100000.0,50000.0,1197,0,0.0,105100.0,105100.0,5100.0
6965,Kara Guerrero,paroli,100.0,100000.0,50000.0,1131,1,0.0,93400.0,93400.0,-6600.0
6966,Bryce Barker,paroli,100.0,100000.0,50000.0,1136,1,0.0,94000.0,94000.0,-6000.0
6967,Remington Stephens,paroli,100.0,100000.0,50000.0,1163,2,0.0,96900.0,96900.0,-3100.0
6968,Messiah Peralta,paroli,100.0,100000.0,50000.0,1168,0,0.0,97800.0,97800.0,-2200.0
6969,Malayah Mathis,paroli,100.0,100000.0,50000.0,1109,0,0.0,84000.0,84000.0,-16000.0
6970,Gustavo Arellano,paroli,100.0,100000.0,50000.0,1149,0,0.0,92000.0,92000.0,-8000.0
6971,Faye Good,paroli,100.0,100000.0,50000.0,1217,0,0.0,109900.0,109900.0,9900.0
6972,Davian Berg,paroli,100.0,100000.0,50000.0,1186,1,0.0,98100.0,98100.0,-1900.0
6973,Emmalyn Moss,paroli,100.0,100000.0,50000.0,1153,0,0.0,96300.0,96300.0,-3700.0
6974,Porter Lee,paroli,100.0,100000.0,50000.0,1159,1,0.0,94600.0,94600.0,-5400.0
6975,Scarlett Cabrera,paroli,100.0,100000.0,50000.0,1174,0,0.0,100400.0,100400.0,400.0
6976,Cade Chandler,paroli,100.0,100000.0,50000.0,1099,0,0.0,85100.0,85100.0,-14900.0
6977,Viviana Cunningham,paroli,100.0,100000.0,50000.0,1170,0,0.0,103100.0,103100.0,3100.0
6978,Alejandro Pierce,paroli,100.0,100000.0,50000.0,1150,2,0.0,94400.0,94400.0,-5600.0
6979,Arabella Harrison,paroli,100.0,100000.0,50000.0,1130,1,0.0,93200.0,93200.0,-6800.0
6980,Gavin Deleon,paroli,100.0,100000.0,50000.0,1216,0,0.0,103300.0,103300.0,3300.0
6981,Gabrielle Snow,paroli,100.0,100000.0,50000.0,1119,0,0.0,86900.0,86900.0,-13100.0
6982,Houston Blackwell,paroli,100.0,100000.0,50000.0,1107,0,0.0,88800.0,88800.0,-11200.0
6983,Saoirse Owen,paroli,100.0,100000.0,50000.0,1173,1,0.0,96200.0,96200.0,-3800.0
6984,Cannon Turner,paroli,100.0,100000.0,50000.0,1105,2,0.0,81700.0,81700.0,-18300.0
6985,Brooklyn Hines,paroli,100.0,100000.0,50000.0,1196,0,0.0,107500.0,107500.0,7500.0
6986,Uriel Pineda,paroli,100.0,100000.0,50000.0,1190,1,0.0,103300.0,103300.0,3300.0
6987,Nola Adkins,paroli,100.0,100000.0,50000.0,1129,1,0.0,93000.0,93000.0,-7000.0
6988,Kylo Brandt,paroli,100.0,100000.0,50000.0,1158,0,0.0,101100.0,101100.0,1100.0
6989,Loretta Alvarez,paroli,100.0,100000.0,50000.0,1176,1,0.0,100700.0,100700.0,700.0
6990,Xavier Frye,paroli,100.0,100000.0,50000.0,1139,0,0.0,87800.0,87800.0,-12200.0
6991,Raya Guerra,paroli,100.0,100000.0,50000.0,1169,0,0.0,95200.0,95200.0,-4800.0
6992,Leland Jimenez,paroli,100.0,100000.0,50000.0,1190,3,0.0,98500.0,98500.0,-1500.0
6993,Adeline Arroyo,paroli,100.0,100000.0,50000.0,1167,2,0.0,100000.0,100000.0,0.0
6994,Alberto Lamb,paroli,100.0,100000.0,50000.0,1185,0,0.0,100300.0,100300.0,300.0
6995,Amaia Patrick,paroli,100.0,100000.0,50000.0,1130,1,0.0,89100.0,89100.0,-10900.0
6996,Derrick Vu,paroli,100.0,100000.0,50000.0,1106,4,0.0,84300.0,84300.0,-15700.0
6997,Kimora Frost,paroli,100.0,100000.0,50000.0,1160,0,0.0,97700.0,97700.0,-2300.0
6998,Dario Buckley,paroli,100.0,100000.0,50000.0,1202,1,0.0,107400.0,107400.0,7400.0
6999,Theodora Vaughn,paroli,100.0,100000.0,50000.0,1168,0,0.0,95600.0,95600.0,-4400.0
7000,Remy Potts,paroli,100.0,100000.0,50000.0,1193,2,0.0,102200.0,102200.0,2200.0
7001,Angelica Walker,paroli,100.0,100000.0,50000.0,1207,0,0.0,104700.0,104700.0,4700.0
7002,Luke Roberts,paroli,100.0,100000.0,50000.0,1123,1,0.0,92900.0,92900.0,-7100.0
7003,Paisley McGee,paroli,100.0,100000.0,50000.0,1141,1,0.0,93900.0,93900.0,-6100.0
7004,Conner Fleming,paroli,100.0,100000.0,50000.0,1096,1,0.0,78400.0,78400.0,-21600.0
7005,Fatima Rosario,paroli,100.0,100000.0,50000.0,1240,0,0.0,114700.0,114700.0,14700.0
7006,Jedidiah Estrada,paroli,100.0,100000.0,50000.0,1129,1,0.0,91900.0,91900.0,-8100.0
7007,Sawyer Vaughan,paroli,100.0,100000.0,50000.0,1086,0,0.0,80800.0,80800.0,-19200.0
7008,Castiel Cohen,paroli,100.0,100000.0,50000.0,1165,0,0.0,98700.0,98700.0,-1300.0
7009,Destiny Wall,paroli,100.0,100000.0,50000.0,1194,1,0.0,106200.0,106200.0,6200.0
7010,Issac Bush,paroli,100.0,100000.0,50000.0,1175,0,0.0,98100.0,98100.0,-1900.0
7011,Everlee Peralta,paroli,100.0,100000.0,50000.0,1085,1,0.0,84600.0,84600.0,-15400.0
7012,Dangelo Johnson,paroli,100.0,100000.0,50000.0,1193,0,0.0,105100.0,105100.0,5100.0
7013,Emma Baker,paroli,100.0,100000.0,50000.0,1164,1,0.0,99600.0,99600.0,-400.0
7014,Ezra Browning,paroli,100.0,100000.0,50000.0,1217,1,0.0,111600.0,111600.0,11600.0
7015,Princess Hickman,paroli,100.0,100000.0,50000.0,1144,0,0.0,100000.0,100000.0,0.0
7016,Jakobe Howard,paroli,100.0,100000.0,50000.0,1146,1,0.0,88200.0,88200.0,-11800.0
7017,Sophie O’Connell,paroli,100.0,100000.0,50000.0,1115,0,0.0,88100.0,88100.0,-11900.0
7018,Jovanni French,paroli,100.0,100000.0,50000.0,1112,0,0.0,86700.0,86700.0,-13300.0
7019,Lorelai Blanchard,paroli,100.0,100000.0,50000.0,1101,2,0.0,86800.0,86800.0,-13200.0
7020,Adler Hickman,paroli,100.0,100000.0,50000.0,1113,0,0.0,91200.0,91200.0,-8800.0
7021,Scarlette McKenzie,paroli,100.0,100000.0,50000.0,1142,0,0.0,96200.0,96200.0,-3800.0
7022,Scott Haley,paroli,100.0,100000.0,50000.0,1119,0,0.0,87500.0,87500.0,-12500.0
7023,Addilynn Sierra,paroli,100.0,100000.0,50000.0,1106,1,0.0,87300.0,87300.0,-12700.0
7024,Dayton Medina,paroli,100.0,100000.0,50000.0,1142,0,0.0,92000.0,92000.0,-8000.0
7025,Elliana Glenn,paroli,100.0,100000.0,50000.0,1147,1,0.0,94200.0,94200.0,-5800.0
7026,Zaid Velasquez,paroli,100.0,100000.0,50000.0,1090,0,0.0,86200.0,86200.0,-13800.0
7027,Esme Villalobos,paroli,100.0,100000.0,50000.0,1158,1,0.0,96400.0,96400.0,-3600.0
7028,Reuben Wood,paroli,100.0,100000.0,50000.0,1173,0,0.0,102000.0,102000.0,2000.0
7029,Natalia Gilbert,paroli,100.0,100000.0,50000.0,1171,1,0.0,96300.0,96300.0,-3700.0
7030,Tobias Jackson,paroli,100.0,100000.0,50000.0,1128,0,0.0,90100.0,90100.0,-9900.0
7031,Avery Montgomery,paroli,100.0,100000.0,50000.0,1143,2,0.0,94300.0,94300.0,-5700.0
7032,Maximiliano Trejo,paroli,100.0,100000.0,50000.0,1181,0,0.0,98700.0,98700.0,-1300.0
7033,Rosalyn Sandoval,paroli,100.0,100000.0,50000.0,1127,1,0.0,86100.0,86100.0,-13900.0
7034,Brantley Esquivel,paroli,100.0,100000.0,50000.0,1200,0,0.0,103300.0,103300.0,3300.0
7035,Jaylee Figueroa,paroli,100.0,100000.0,50000.0,1153,1,0.0,93700.0,93700.0,-6300.0
7036,Spencer Owen,paroli,100.0,100000.0,50000.0,1206,0,0.0,103900.0,103900.0,3900.0
7037,Mikayla Hudson,paroli,100.0,100000.0,50000.0,1143,1,0.0,92500.0,92500.0,-7500.0
7038,Peter Holt,paroli,100.0,100000.0,50000.0,1116,3,0.0,87900.0,87900.0,-12100.0
7039,Adelynn Rhodes,paroli,100.0,100000.0,50000.0,1152,1,0.0,95100.0,95100.0,-4900.0
7040,Titus Dyer,paroli,100.0,100000.0,50000.0,1172,1,0.0,99900.0,99900.0,-100.0
7041,Estrella Lane,paroli,100.0,100000.0,50000.0,1145,2,0.0,94200.0,94200.0,-5800.0
7042,Matias Leal,paroli,100.0,100000.0,50000.0,1183,0,0.0,96000.0,96000.0,-4000.0
7043,Murphy Townsend,paroli,100.0,100000.0,50000.0,1198,0,0.0,105000.0,105000.0,5000.0
7044,Alexis McCarthy,paroli,100.0,100000.0,50000.0,1221,0,0.0,108300.0,108300.0,8300.0
7045,Kira Maldonado,paroli,100.0,100000.0,50000.0,1117,2,0.0,87900.0,87900.0,-12100.0
7046,Javier Marks,paroli,100.0,100000.0,50000.0,1131,0,0.0,94300.0,94300.0,-5700.0
7047,Monica Diaz,paroli,100.0,100000.0,50000.0,1168,0,0.0,98100.0,98100.0,-1900.0
7048,Nathan Anthony,paroli,100.0,100000.0,50000.0,1160,0,0.0,94800.0,94800.0,-5200.0
7049,Macy Burns,paroli,100.0,100000.0,50000.0,1171,3,0.0,98700.0,98700.0,-1300.0
7050,August Dickerson,paroli,100.0,100000.0,50000.0,1193,1,0.0,101400.0,101400.0,1400.0
7051,Opal Horton,paroli,100.0,100000.0,50000.0,1145,1,0.0,93800.0,93800.0,-6200.0
7052,Garrett Morales,paroli,100.0,100000.0,50000.0,1119,0,0.0,86100.0,86100.0,-13900.0
7053,Skylar Houston,paroli,100.0,100000.0,50000.0,1200,0,0.0,103300.0,103300.0,3300.0
7054,Sylas Hodge,paroli,100.0,100000.0,50000.0,1136,0,0.0,89800.0,89800.0,-10200.0
7055,Coraline Porter,paroli,100.0,100000.0,50000.0,1177,1,0.0,100900.0,100900.0,900.0
7056,Rhett Holloway,paroli,100.0,100000.0,50000.0,1155,0,0.0,92600.0,92600.0,-7400.0
7057,Mae Landry,paroli,100.0,100000.0,50000.0,1115,0,0.0,87200.0,87200.0,-12800.0
7058,Jaxx Barron,paroli,100.0,100000.0,50000.0,1120,0,0.0,90900.0,90900.0,-9100.0
7059,Anya Hahn,paroli,100.0,100000.0,50000.0,1164,0,0.0,101300.0,101300.0,1300.0
7060,Kabir Gaines,paroli,100.0,100000.0,50000.0,1172,0,0.0,103500.0,103500.0,3500.0
7061,Aya Brown,paroli,100.0,100000.0,50000.0,1119,1,0.0,93500.0,93500.0,-6500.0
7062,Elijah Peters,paroli,100.0,100000.0,50000.0,1114,1,0.0,87100.0,87100.0,-12900.0
7063,Leila Palmer,paroli,100.0,100000.0,50000.0,1090,0,0.0,83400.0,83400.0,-16600.0
7064,Theo May,paroli,100.0,100000.0,50000.0,1178,1,0.0,100700.0,100700.0,700.0
7065,Adriana Hebert,paroli,100.0,100000.0,50000.0,1197,0,0.0,108000.0,108000.0,8000.0
7066,Guillermo Galindo,paroli,100.0,100000.0,50000.0,1150,0,0.0,93500.0,93500.0,-6500.0
7067,Corinne Anderson,paroli,100.0,100000.0,50000.0,1115,1,0.0,84000.0,84000.0,-16000.0
7068,Jacob Walters,paroli,100.0,100000.0,50000.0,1133,1,0.0,84900.0,84900.0,-15100.0
7069,Samara Ashley,paroli,100.0,100000.0,50000.0,1179,1,0.0,101500.0,101500.0,1500.0
7070,Kylen Kirk,paroli,100.0,100000.0,50000.0,1133,1,0.0,91400.0,91400.0,-8600.0
7071,Ellis Esparza,paroli,100.0,100000.0,50000.0,1127,0,0.0,88100.0,88100.0,-11900.0
7072,Carl Villa,paroli,100.0,100000.0,50000.0,1235,2,0.0,111300.0,111300.0,11300.0
7073,Johanna Henry,paroli,100.0,100000.0,50000.0,1169,2,0.0,99700.0,99700.0,-300.0
7074,Carlos David,paroli,100.0,100000.0,50000.0,1136,2,0.0,90600.0,90600.0,-9400.0
7075,Haylee Hall,paroli,100.0,100000.0,50000.0,1214,1,0.0,105800.0,105800.0,5800.0
7076,Thomas Levy,paroli,100.0,100000.0,50000.0,1118,1,0.0,89700.0,89700.0,-10300.0
7077,Flora Deleon,paroli,100.0,100000.0,50000.0,1149,0,0.0,93600.0,93600.0,-6400.0
7078,Nasir Pennington,paroli,100.0,100000.0,50000.0,1100,4,0.0,84400.0,84400.0,-15600.0
7079,Yareli Mack,paroli,100.0,100000.0,50000.0,1147,3,0.0,90700.0,90700.0,-9300.0
7080,Esteban Atkinson,paroli,100.0,100000.0,50000.0,1212,1,0.0,106500.0,106500.0,6500.0
7081,Jazmin McCarty,paroli,100.0,100000.0,50000.0,1116,0,0.0,88500.0,88500.0,-11500.0
7082,Blaise Rodriguez,paroli,100.0,100000.0,50000.0,1131,2,0.0,95000.0,95000.0,-5000.0
7083,Evelyn Coffey,paroli,100.0,100000.0,50000.0,1114,0,0.0,88600.0,88600.0,-11400.0
7084,Kody Estrada,paroli,100.0,100000.0,50000.0,1168,1,0.0,95700.0,95700.0,-4300.0
7085,Sawyer Lucas,paroli,100.0,100000.0,50000.0,1128,0,0.0,94600.0,94600.0,-5400.0
7086,Chance Michael,paroli,100.0,100000.0,50000.0,1188,0,0.0,103700.0,103700.0,3700.0
7087,Aubriella Washington,paroli,100.0,100000.0,50000.0,1128,0,0.0,89500.0,89500.0,-10500.0
7088,Juan Sellers,paroli,100.0,100000.0,50000.0,1107,0,0.0,86500.0,86500.0,-13500.0
7089,Mercy Hendrix,paroli,100.0,100000.0,50000.0,1118,0,0.0,91900.0,91900.0,-8100.0
7090,Korbyn Proctor,paroli,100.0,100000.0,50000.0,1138,0,0.0,88900.0,88900.0,-11100.0
7091,Chandler Morton,paroli,100.0,100000.0,50000.0,1140,1,0.0,92700.0,92700.0,-7300.0
7092,Roland Cisneros,paroli,100.0,100000.0,50000.0,1185,0,0.0,102500.0,102500.0,2500.0
7093,Janelle Graham,paroli,100.0,100000.0,50000.0,1167,0,0.0,97800.0,97800.0,-2200.0
7094,Giovanni Bush,paroli,100.0,100000.0,50000.0,1137,0,0.0,90200.0,90200.0,-9800.0
7095,Everlee Huerta,paroli,100.0,100000.0,50000.0,1151,0,0.0,91000.0,91000.0,-9000.0
7096,Douglas Weiss,paroli,100.0,100000.0,50000.0,1166,0,0.0,99300.0,99300.0,-700.0
7097,Lennox Lloyd,paroli,100.0,100000.0,50000.0,1111,3,0.0,87900.0,87900.0,-12100.0
7098,Zaire Greene,paroli,100.0,100000.0,50000.0,1154,1,0.0,94900.0,94900.0,-5100.0
7099,Selena Kirby,paroli,100.0,100000.0,50000.0,1155,3,0.0,97900.0,97900.0,-2100.0
7100,Tony O’Donnell,paroli,100.0,100000.0,50000.0,1091,0,0.0,87200.0,87200.0,-12800.0
7101,Bellamy Wong,paroli,100.0,100000.0,50000.0,1154,1,0.0,93400.0,93400.0,-6600.0
7102,Walter Hanna,paroli,100.0,100000.0,50000.0,1091,0,0.0,80500.0,80500.0,-19500.0
7103,Cynthia Freeman,paroli,100.0,100000.0,50000.0,1174,1,0.0,103000.0,103000.0,3000.0
7104,Jayce Crawford,paroli,100.0,100000.0,50000.0,1175,0,0.0,104200.0,104200.0,4200.0
7105,Aubree Meyer,paroli,100.0,100000.0,50000.0,1163,0,0.0,92900.0,92900.0,-7100.0
7106,Tristan Xiong,paroli,100.0,100000.0,50000.0,1117,1,0.0,93200.0,93200.0,-6800.0
7107,Amayah Velazquez,paroli,100.0,100000.0,50000.0,1186,1,0.0,103700.0,103700.0,3700.0
7108,Drew Cross,paroli,100.0,100000.0,50000.0,1161,0,0.0,94500.0,94500.0,-5500.0
7109,Nayeli Bryant,paroli,100.0,100000.0,50000.0,1182,0,0.0,102500.0,102500.0,2500.0
7110,Jonah Ballard,paroli,100.0,100000.0,50000.0,1102,0,0.0,80800.0,80800.0,-19200.0
7111,Alejandra Dudley,paroli,100.0,100000.0,50000.0,1120,0,0.0,88300.0,88300.0,-11700.0
7112,Colter Huerta,paroli,100.0,100000.0,50000.0,1149,2,0.0,95400.0,95400.0,-4600.0
7113,Dulce Bowers,paroli,100.0,100000.0,50000.0,1150,1,0.0,93700.0,93700.0,-6300.0
7114,Dorian Velez,paroli,100.0,100000.0,50000.0,1165,1,0.0,97100.0,97100.0,-2900.0
7115,Megan Dickson,paroli,100.0,100000.0,50000.0,1122,3,0.0,88900.0,88900.0,-11100.0
7116,Maxton Munoz,paroli,100.0,100000.0,50000.0,1170,1,0.0,102500.0,102500.0,2500.0
7117,Kehlani Wallace,paroli,100.0,100000.0,50000.0,1182,1,0.0,98000.0,98000.0,-2000.0
7118,Chase McFarland,paroli,100.0,100000.0,50000.0,1126,1,0.0,86600.0,86600.0,-13400.0
7119,Annika Rose,paroli,100.0,100000.0,50000.0,1110,0,0.0,87200.0,87200.0,-12800.0
7120,Hayden Calhoun,paroli,100.0,100000.0,50000.0,1139,0,0.0,94200.0,94200.0,-5800.0
7121,Thalia Hickman,paroli,100.0,100000.0,50000.0,1132,0,0.0,88300.0,88300.0,-11700.0
7122,Jakobe Villarreal,paroli,100.0,100000.0,50000.0,1165,0,0.0,94200.0,94200.0,-5800.0
7123,Jazlyn Massey,paroli,100.0,100000.0,50000.0,1156,0,0.0,96700.0,96700.0,-3300.0
7124,Donald Brock,paroli,100.0,100000.0,50000.0,1150,1,0.0,91700.0,91700.0,-8300.0
7125,Jada Farmer,paroli,100.0,100000.0,50000.0,1191,4,0.0,99600.0,99600.0,-400.0
7126,Jamison McClure,paroli,100.0,100000.0,50000.0,1158,4,0.0,95000.0,95000.0,-5000.0
7127,Estella Duncan,paroli,100.0,100000.0,50000.0,1158,1,0.0,97300.0,97300.0,-2700.0
7128,Avery Summers,paroli,100.0,100000.0,50000.0,1176,0,0.0,101600.0,101600.0,1600.0
7129,Frankie Patton,paroli,100.0,100000.0,50000.0,1125,1,0.0,85500.0,85500.0,-14500.0
7130,Moises Stanley,paroli,100.0,100000.0,50000.0,1219,2,0.0,102300.0,102300.0,2300.0
7131,Gracelyn Costa,paroli,100.0,100000.0,50000.0,1174,0,0.0,95800.0,95800.0,-4200.0
7132,Kenji Lowery,paroli,100.0,100000.0,50000.0,1092,1,0.0,81100.0,81100.0,-18900.0
7133,Estelle Kane,paroli,100.0,100000.0,50000.0,1126,1,0.0,92700.0,92700.0,-7300.0
7134,Brock Carr,paroli,100.0,100000.0,50000.0,1186,0,0.0,102700.0,102700.0,2700.0
7135,Rowan Hanna,paroli,100.0,100000.0,50000.0,1109,1,0.0,88900.0,88900.0,-11100.0
7136,Aydin Houston,paroli,100.0,100000.0,50000.0,1132,1,0.0,90700.0,90700.0,-9300.0
7137,Lylah Huber,paroli,100.0,100000.0,50000.0,1165,0,0.0,95900.0,95900.0,-4100.0
7138,Mac Hughes,paroli,100.0,100000.0,50000.0,1127,2,0.0,91400.0,91400.0,-8600.0
7139,Samantha Dejesus,paroli,100.0,100000.0,50000.0,1180,1,0.0,103400.0,103400.0,3400.0
7140,Rio Felix,paroli,100.0,100000.0,50000.0,1142,0,0.0,95100.0,95100.0,-4900.0
7141,Paisleigh Hahn,paroli,100.0,100000.0,50000.0,1116,0,0.0,85300.0,85300.0,-14700.0
7142,Kabir Wang,paroli,100.0,100000.0,50000.0,1147,0,0.0,92700.0,92700.0,-7300.0
7143,Kailani Hurley,paroli,100.0,100000.0,50000.0,1132,1,0.0,90200.0,90200.0,-9800.0
7144,Van Kline,paroli,100.0,100000.0,50000.0,1124,0,0.0,88000.0,88000.0,-12000.0
7145,Sevyn Hoover,paroli,100.0,100000.0,50000.0,1132,3,0.0,92200.0,92200.0,-7800.0
7146,Jaziel Lowery,paroli,100.0,100000.0,50000.0,1143,0,0.0,94000.0,94000.0,-6000.0
7147,Estelle O’Connor,paroli,100.0,100000.0,50000.0,1141,0,0.0,97300.0,97300.0,-2700.0
7148,Princeton Hughes,paroli,100.0,100000.0,50000.0,1140,0,0.0,90000.0,90000.0,-10000.0
7149,Samantha Terrell,paroli,100.0,100000.0,50000.0,1136,0,0.0,94000.0,94000.0,-6000.0
7150,Jaxen Cox,paroli,100.0,100000.0,50000.0,1149,0,0.0,94100.0,94100.0,-5900.0
7151,Sadie McDowell,paroli,100.0,100000.0,50000.0,1111,0,0.0,89400.0,89400.0,-10600.0
7152,Lachlan Holmes,paroli,100.0,100000.0,50000.0,1154,0,0.0,92000.0,92000.0,-8000.0
7153,Bailey Rojas,paroli,100.0,100000.0,50000.0,1136,2,0.0,91100.0,91100.0,-8900.0
7154,Colin Bush,paroli,100.0,100000.0,50000.0,1215,0,0.0,104500.0,104500.0,4500.0
7155,Everlee Willis,paroli,100.0,100000.0,50000.0,1124,3,0.0,92700.0,92700.0,-7300.0
7156,Remington Douglas,paroli,100.0,100000.0,50000.0,1133,3,0.0,95400.0,95400.0,-4600.0
7157,Aniyah Knight,paroli,100.0,100000.0,50000.0,1148,0,0.0,96400.0,96400.0,-3600.0
7158,Beckett Farley,paroli,100.0,100000.0,50000.0,1210,0,0.0,104900.0,104900.0,4900.0
7159,Wrenley Johns,paroli,100.0,100000.0,50000.0,1153,1,0.0,94800.0,94800.0,-5200.0
7160,Joziah Rasmussen,paroli,100.0,100000.0,50000.0,1239,1,0.0,115400.0,115400.0,15400.0
7161,Esperanza Mills,paroli,100.0,100000.0,50000.0,1163,2,0.0,99600.0,99600.0,-400.0
7162,Alex Vargas,paroli,100.0,100000.0,50000.0,1167,1,0.0,98200.0,98200.0,-1800.0
7163,Andrea Walter,paroli,100.0,100000.0,50000.0,1204,1,0.0,103400.0,103400.0,3400.0
7164,Lochlan Ford,paroli,100.0,100000.0,50000.0,1089,1,0.0,88800.0,88800.0,-11200.0
7165,Alexandra Clayton,paroli,100.0,100000.0,50000.0,1186,2,0.0,102500.0,102500.0,2500.0
7166,Boston Chandler,paroli,100.0,100000.0,50000.0,1166,3,0.0,94800.0,94800.0,-5200.0
7167,Viviana Welch,paroli,100.0,100000.0,50000.0,1084,1,0.0,82800.0,82800.0,-17200.0
7168,Hendrix Cisneros,paroli,100.0,100000.0,50000.0,1115,0,0.0,84500.0,84500.0,-15500.0
7169,Janelle Lucero,paroli,100.0,100000.0,50000.0,1120,1,0.0,91900.0,91900.0,-8100.0
7170,Felipe Case,paroli,100.0,100000.0,50000.0,1157,1,0.0,96000.0,96000.0,-4000.0
7171,Cleo Banks,paroli,100.0,100000.0,50000.0,1148,0,0.0,92500.0,92500.0,-7500.0
7172,Martin White,paroli,100.0,100000.0,50000.0,1162,0,0.0,93700.0,93700.0,-6300.0
7173,Layla Morse,paroli,100.0,100000.0,50000.0,1137,2,0.0,92600.0,92600.0,-7400.0
7174,Bode Weber,paroli,100.0,100000.0,50000.0,1141,2,0.0,94000.0,94000.0,-6000.0
7175,Alayah Abbott,paroli,100.0,100000.0,50000.0,1126,0,0.0,90700.0,90700.0,-9300.0
7176,Kohen Schroeder,paroli,100.0,100000.0,50000.0,1222,0,0.0,110400.0,110400.0,10400.0
7177,Cameron Burgess,paroli,100.0,100000.0,50000.0,1118,0,0.0,85200.0,85200.0,-14800.0
7178,Kolton Travis,paroli,100.0,100000.0,50000.0,1154,7,0.0,94400.0,94400.0,-5600.0
7179,Mazikee Frazier,paroli,100.0,100000.0,50000.0,1124,2,0.0,91700.0,91700.0,-8300.0
7180,Callum Horn,paroli,100.0,100000.0,50000.0,1148,2,0.0,94600.0,94600.0,-5400.0
7181,Avah Knapp,paroli,100.0,100000.0,50000.0,1129,2,0.0,91800.0,91800.0,-8200.0
7182,Boden Kim,paroli,100.0,100000.0,50000.0,1131,2,0.0,82200.0,82200.0,-17800.0
7183,Gabriella Carson,paroli,100.0,100000.0,50000.0,1158,0,0.0,96800.0,96800.0,-3200.0
7184,Ares Wang,paroli,100.0,100000.0,50000.0,1167,0,0.0,99100.0,99100.0,-900.0
7185,Kailani Le,paroli,100.0,100000.0,50000.0,1137,0,0.0,90800.0,90800.0,-9200.0
7186,Damien Peralta,paroli,100.0,100000.0,50000.0,1172,0,0.0,101200.0,101200.0,1200.0
7187,Malayah Sellers,paroli,100.0,100000.0,50000.0,1126,0,0.0,89900.0,89900.0,-10100.0
7188,Madden Terry,paroli,100.0,100000.0,50000.0,1166,0,0.0,102800.0,102800.0,2800.0
7189,Wren Howe,paroli,100.0,100000.0,50000.0,1148,0,0.0,100500.0,100500.0,500.0
7190,Alaric Tran,paroli,100.0,100000.0,50000.0,1126,1,0.0,91100.0,91100.0,-8900.0
7191,Kylie Jimenez,paroli,100.0,100000.0,50000.0,1137,0,0.0,92600.0,92600.0,-7400.0
7192,Silas Wiley,paroli,100.0,100000.0,50000.0,1155,1,0.0,96400.0,96400.0,-3600.0
7193,Lauryn Miranda,paroli,100.0,100000.0,50000.0,1167,0,0.0,101300.0,101300.0,1300.0
7194,Rory Ho,paroli,100.0,100000.0,50000.0,1134,1,0.0,92300.0,92300.0,-7700.0
7195,Calliope Ross,paroli,100.0,100000.0,50000.0,1181,0,0.0,105400.0,105400.0,5400.0
7196,Wesley McFarland,paroli,100.0,100000.0,50000.0,1161,1,0.0,96500.0,96500.0,-3500.0
7197,Annika Gould,paroli,100.0,100000.0,50000.0,1132,0,0.0,94500.0,94500.0,-5500.0
7198,Blaine Johns,paroli,100.0,100000.0,50000.0,1102,0,0.0,90200.0,90200.0,-9800.0
7199,Giovanna Hayes,paroli,100.0,100000.0,50000.0,1188,1,0.0,103900.0,103900.0,3900.0
7200,Legend Nava,paroli,100.0,100000.0,50000.0,1173,0,0.0,101500.0,101500.0,1500.0
7201,Scout Franco,paroli,100.0,100000.0,50000.0,1174,0,0.0,99600.0,99600.0,-400.0
7202,Gage Bryant,paroli,100.0,100000.0,50000.0,1144,0,0.0,91300.0,91300.0,-8700.0
7203,Parker Cantu,paroli,100.0,100000.0,50000.0,1143,0,0.0,98200.0,98200.0,-1800.0
7204,Anakin McDaniel,paroli,100.0,100000.0,50000.0,1106,0,0.0,88900.0,88900.0,-11100.0
7205,Dahlia Nichols,paroli,100.0,100000.0,50000.0,1184,1,0.0,107200.0,107200.0,7200.0
7206,Atlas Yang,paroli,100.0,100000.0,50000.0,1130,1,0.0,92200.0,92200.0,-7800.0
7207,Angelina Bentley,paroli,100.0,100000.0,50000.0,1110,1,0.0,88400.0,88400.0,-11600.0
7208,Randy Davidson,paroli,100.0,100000.0,50000.0,1171,0,0.0,104600.0,104600.0,4600.0
7209,Jayla Schmidt,paroli,100.0,100000.0,50000.0,1135,1,0.0,89600.0,89600.0,-10400.0
7210,Zayden Hancock,paroli,100.0,100000.0,50000.0,1171,3,0.0,100400.0,100400.0,400.0
7211,Katelyn Parks,paroli,100.0,100000.0,50000.0,1125,0,0.0,90500.0,90500.0,-9500.0
7212,Gianni Bryant,paroli,100.0,100000.0,50000.0,1147,0,0.0,97800.0,97800.0,-2200.0
7213,Parker Herring,paroli,100.0,100000.0,50000.0,1201,0,0.0,105000.0,105000.0,5000.0
7214,Henrik Dudley,paroli,100.0,100000.0,50000.0,1122,0,0.0,89600.0,89600.0,-10400.0
7215,Hadleigh Lang,paroli,100.0,100000.0,50000.0,1188,1,0.0,102300.0,102300.0,2300.0
7216,Wells Reed,paroli,100.0,100000.0,50000.0,1150,0,0.0,96600.0,96600.0,-3400.0
7217,Valentina Melendez,paroli,100.0,100000.0,50000.0,1132,1,0.0,93900.0,93900.0,-6100.0
7218,Nikolas Hamilton,paroli,100.0,100000.0,50000.0,1096,0,0.0,87400.0,87400.0,-12600.0
7219,Mackenzie Beard,paroli,100.0,100000.0,50000.0,1146,5,0.0,90500.0,90500.0,-9500.0
7220,Nathanael Shelton,paroli,100.0,100000.0,50000.0,1169,5,0.0,98600.0,98600.0,-1400.0
7221,Makenzie Mercado,paroli,100.0,100000.0,50000.0,1139,0,0.0,93800.0,93800.0,-6200.0
7222,Abram McCormick,paroli,100.0,100000.0,50000.0,1216,2,0.0,106300.0,106300.0,6300.0
7223,Macie Hensley,paroli,100.0,100000.0,50000.0,1091,0,0.0,82000.0,82000.0,-18000.0
7224,Layne Hensley,paroli,100.0,100000.0,50000.0,1120,0,0.0,88900.0,88900.0,-11100.0
7225,Malaya Bryan,paroli,100.0,100000.0,50000.0,1124,0,0.0,88200.0,88200.0,-11800.0
7226,Jaxtyn Shepard,paroli,100.0,100000.0,50000.0,1189,0,0.0,99200.0,99200.0,-800.0
7227,Noor Contreras,paroli,100.0,100000.0,50000.0,1075,0,0.0,78400.0,78400.0,-21600.0
7228,Emilio Ahmed,paroli,100.0,100000.0,50000.0,1124,1,0.0,86100.0,86100.0,-13900.0
7229,Jolie Leal,paroli,100.0,100000.0,50000.0,1157,0,0.0,96800.0,96800.0,-3200.0
7230,Cedric Sherman,paroli,100.0,100000.0,50000.0,1113,2,0.0,83900.0,83900.0,-16100.0
7231,Addilyn Sosa,paroli,100.0,100000.0,50000.0,1193,0,0.0,106900.0,106900.0,6900.0
7232,Emir Yu,paroli,100.0,100000.0,50000.0,1141,0,0.0,94200.0,94200.0,-5800.0
7233,Navy Newman,paroli,100.0,100000.0,50000.0,1154,1,0.0,96400.0,96400.0,-3600.0
7234,Anderson Waters,paroli,100.0,100000.0,50000.0,1137,1,0.0,90500.0,90500.0,-9500.0
7235,Bristol McCoy,paroli,100.0,100000.0,50000.0,1154,1,0.0,94000.0,94000.0,-6000.0
7236,Jett Rich,paroli,100.0,100000.0,50000.0,1139,1,0.0,95200.0,95200.0,-4800.0
7237,Sunny Dominguez,paroli,100.0,100000.0,50000.0,1123,0,0.0,87400.0,87400.0,-12600.0
7238,Kaden Barrera,paroli,100.0,100000.0,50000.0,1140,0,0.0,95500.0,95500.0,-4500.0
7239,Beatrice McCoy,paroli,100.0,100000.0,50000.0,1168,0,0.0,99700.0,99700.0,-300.0
7240,Jett Morse,paroli,100.0,100000.0,50000.0,1137,0,0.0,90200.0,90200.0,-9800.0
7241,Kairi Craig,paroli,100.0,100000.0,50000.0,1140,1,0.0,91300.0,91300.0,-8700.0
7242,Odin Ashley,paroli,100.0,100000.0,50000.0,1116,0,0.0,91300.0,91300.0,-8700.0
7243,Khalani Hammond,paroli,100.0,100000.0,50000.0,1214,2,0.0,108200.0,108200.0,8200.0
7244,Francis Ramirez,paroli,100.0,100000.0,50000.0,1112,0,0.0,85500.0,85500.0,-14500.0
7245,Grace Kane,paroli,100.0,100000.0,50000.0,1153,1,0.0,93700.0,93700.0,-6300.0
7246,Brock Richards,paroli,100.0,100000.0,50000.0,1100,0,0.0,85400.0,85400.0,-14600.0
7247,Trinity Hicks,paroli,100.0,100000.0,50000.0,1191,1,0.0,95900.0,95900.0,-4100.0
7248,Maddox Maddox,paroli,100.0,100000.0,50000.0,1180,1,0.0,103500.0,103500.0,3500.0
7249,Zainab Carroll,paroli,100.0,100000.0,50000.0,1166,0,0.0,95100.0,95100.0,-4900.0
7250,Oscar Brock,paroli,100.0,100000.0,50000.0,1144,1,0.0,94200.0,94200.0,-5800.0
7251,Jada Lawson,paroli,100.0,100000.0,50000.0,1172,1,0.0,96000.0,96000.0,-4000.0
7252,Lane Crane,paroli,100.0,100000.0,50000.0,1181,0,0.0,103300.0,103300.0,3300.0
7253,Della Cobb,paroli,100.0,100000.0,50000.0,1161,0,0.0,97600.0,97600.0,-2400.0
7254,Raphael Mosley,paroli,100.0,100000.0,50000.0,1135,0,0.0,90700.0,90700.0,-9300.0
7255,Zaniyah McCann,paroli,100.0,100000.0,50000.0,1122,0,0.0,88500.0,88500.0,-11500.0
7256,Heath Kemp,paroli,100.0,100000.0,50000.0,1132,0,0.0,92200.0,92200.0,-7800.0
7257,Anika Dorsey,paroli,100.0,100000.0,50000.0,1149,0,0.0,95100.0,95100.0,-4900.0
7258,Enoch Oliver,paroli,100.0,100000.0,50000.0,1145,3,0.0,89400.0,89400.0,-10600.0
7259,Camille Perkins,paroli,100.0,100000.0,50000.0,1154,0,0.0,95000.0,95000.0,-5000.0
7260,Kyrie Stanley,paroli,100.0,100000.0,50000.0,1161,0,0.0,97300.0,97300.0,-2700.0
7261,Gracelyn Christian,paroli,100.0,100000.0,50000.0,1174,0,0.0,103700.0,103700.0,3700.0
7262,Ledger Rodgers,paroli,100.0,100000.0,50000.0,1095,0,0.0,85400.0,85400.0,-14600.0
7263,Selah Guerrero,paroli,100.0,100000.0,50000.0,1151,3,0.0,94200.0,94200.0,-5800.0
7264,Bryce Barry,paroli,100.0,100000.0,50000.0,1208,1,0.0,103000.0,103000.0,3000.0
7265,Waverly Walker,paroli,100.0,100000.0,50000.0,1187,0,0.0,104500.0,104500.0,4500.0
7266,Luke Elliott,paroli,100.0,100000.0,50000.0,1134,0,0.0,89700.0,89700.0,-10300.0
7267,Noelle Guevara,paroli,100.0,100000.0,50000.0,1142,2,0.0,90400.0,90400.0,-9600.0
7268,Tommy Hester,paroli,100.0,100000.0,50000.0,1153,2,0.0,94700.0,94700.0,-5300.0
7269,Zendaya Davidson,paroli,100.0,100000.0,50000.0,1149,0,0.0,93700.0,93700.0,-6300.0
7270,Dante Burnett,paroli,100.0,100000.0,50000.0,1093,1,0.0,81600.0,81600.0,-18400.0
7271,Emberly Wolfe,paroli,100.0,100000.0,50000.0,1139,0,0.0,94900.0,94900.0,-5100.0
7272,Donovan Beck,paroli,100.0,100000.0,50000.0,1149,1,0.0,96700.0,96700.0,-3300.0
7273,Gia McLean,paroli,100.0,100000.0,50000.0,1147,0,0.0,88400.0,88400.0,-11600.0
7274,Crosby Ramsey,paroli,100.0,100000.0,50000.0,1133,3,0.0,93800.0,93800.0,-6200.0
7275,Lyric Brewer,paroli,100.0,100000.0,50000.0,1163,0,0.0,97300.0,97300.0,-2700.0
7276,Cruz Wood,paroli,100.0,100000.0,50000.0,1153,0,0.0,95700.0,95700.0,-4300.0
7277,Natalia Rocha,paroli,100.0,100000.0,50000.0,1208,0,0.0,108300.0,108300.0,8300.0
7278,Onyx Fischer,paroli,100.0,100000.0,50000.0,1173,0,0.0,97800.0,97800.0,-2200.0
7279,Maci Vincent,paroli,100.0,100000.0,50000.0,1133,2,0.0,93500.0,93500.0,-6500.0
7280,Aarav Wiggins,paroli,100.0,100000.0,50000.0,1192,0,0.0,105300.0,105300.0,5300.0
7281,Capri Calhoun,paroli,100.0,100000.0,50000.0,1109,1,0.0,81500.0,81500.0,-18500.0
7282,Gary Terry,paroli,100.0,100000.0,50000.0,1190,0,0.0,98800.0,98800.0,-1200.0
7283,Wren Phelps,paroli,100.0,100000.0,50000.0,1173,1,0.0,104300.0,104300.0,4300.0
7284,Hamza Benitez,paroli,100.0,100000.0,50000.0,1161,0,0.0,99400.0,99400.0,-600.0
7285,Aliza Cantu,paroli,100.0,100000.0,50000.0,1203,1,0.0,105100.0,105100.0,5100.0
7286,Anakin Allison,paroli,100.0,100000.0,50000.0,1122,0,0.0,91900.0,91900.0,-8100.0
7287,Chelsea Wyatt,paroli,100.0,100000.0,50000.0,1126,0,0.0,89700.0,89700.0,-10300.0
7288,Sam Cain,paroli,100.0,100000.0,50000.0,1169,2,0.0,94900.0,94900.0,-5100.0
7289,Kendra Mahoney,paroli,100.0,100000.0,50000.0,1196,1,0.0,105400.0,105400.0,5400.0
7290,Kamryn Vaughn,paroli,100.0,100000.0,50000.0,1191,0,0.0,106300.0,106300.0,6300.0
7291,Reign Barnett,paroli,100.0,100000.0,50000.0,1160,0,0.0,96900.0,96900.0,-3100.0
7292,Stephen Navarro,paroli,100.0,100000.0,50000.0,1129,0,0.0,88600.0,88600.0,-11400.0
7293,Winter Macdonald,paroli,100.0,100000.0,50000.0,1108,1,0.0,81300.0,81300.0,-18700.0
7294,Hugh Macias,paroli,100.0,100000.0,50000.0,1115,1,0.0,91800.0,91800.0,-8200.0
7295,Adley Valencia,paroli,100.0,100000.0,50000.0,1161,0,0.0,95500.0,95500.0,-4500.0
7296,Dax Andrade,paroli,100.0,100000.0,50000.0,1160,0,0.0,98400.0,98400.0,-1600.0
7297,Emmy McDaniel,paroli,100.0,100000.0,50000.0,1128,1,0.0,96100.0,96100.0,-3900.0
7298,Major Preston,paroli,100.0,100000.0,50000.0,1129,1,0.0,94200.0,94200.0,-5800.0
7299,Indie Powers,paroli,100.0,100000.0,50000.0,1170,1,0.0,95500.0,95500.0,-4500.0
7300,Sean Harmon,paroli,100.0,100000.0,50000.0,1154,1,0.0,99300.0,99300.0,-700.0
7301,Maren Walsh,paroli,100.0,100000.0,50000.0,1193,1,0.0,101000.0,101000.0,1000.0
7302,Bodhi Ortiz,paroli,100.0,100000.0,50000.0,1109,1,0.0,91000.0,91000.0,-9000.0
7303,Anna Castaneda,paroli,100.0,100000.0,50000.0,1227,0,0.0,111100.0,111100.0,11100.0
7304,Collin Peralta,paroli,100.0,100000.0,50000.0,1126,0,0.0,88900.0,88900.0,-11100.0
7305,Malayah Fischer,paroli,100.0,100000.0,50000.0,1190,0,0.0,103500.0,103500.0,3500.0
7306,Leonidas Rogers,paroli,100.0,100000.0,50000.0,1121,2,0.0,88600.0,88600.0,-11400.0
7307,Madelyn Henson,paroli,100.0,100000.0,50000.0,1149,1,0.0,97400.0,97400.0,-2600.0
7308,Bellamy Jenkins,paroli,100.0,100000.0,50000.0,1140,2,0.0,95800.0,95800.0,-4200.0
7309,Rylee Cain,paroli,100.0,100000.0,50000.0,1131,1,0.0,92900.0,92900.0,-7100.0
7310,Benson Shaw,paroli,100.0,100000.0,50000.0,1130,0,0.0,90500.0,90500.0,-9500.0
7311,Emersyn Martinez,paroli,100.0,100000.0,50000.0,1133,2,0.0,89500.0,89500.0,-10500.0
7312,Alexander Hall,paroli,100.0,100000.0,50000.0,1178,0,0.0,102000.0,102000.0,2000.0
7313,Leah Harrison,paroli,100.0,100000.0,50000.0,1141,0,0.0,95600.0,95600.0,-4400.0
7314,Gavin Cervantes,paroli,100.0,100000.0,50000.0,1134,1,0.0,89000.0,89000.0,-11000.0
7315,Aylin Juarez,paroli,100.0,100000.0,50000.0,1109,0,0.0,89900.0,89900.0,-10100.0
7316,Joaquin Huynh,paroli,100.0,100000.0,50000.0,1219,0,0.0,116200.0,116200.0,16200.0
7317,Oaklee Newton,paroli,100.0,100000.0,50000.0,1099,0,0.0,83000.0,83000.0,-17000.0
7318,Santino Phelps,paroli,100.0,100000.0,50000.0,1115,1,0.0,85900.0,85900.0,-14100.0
7319,Laney Bullock,paroli,100.0,100000.0,50000.0,1154,1,0.0,96600.0,96600.0,-3400.0
7320,Ben Gallegos,paroli,100.0,100000.0,50000.0,1173,0,0.0,99800.0,99800.0,-200.0
7321,Ari Moses,paroli,100.0,100000.0,50000.0,1108,0,0.0,83100.0,83100.0,-16900.0
7322,Niklaus McCann,paroli,100.0,100000.0,50000.0,1124,0,0.0,86200.0,86200.0,-13800.0
7323,Joyce Adkins,paroli,100.0,100000.0,50000.0,1162,1,0.0,98600.0,98600.0,-1400.0
7324,Kylo Hurley,paroli,100.0,100000.0,50000.0,1164,0,0.0,94700.0,94700.0,-5300.0
7325,Rylan Ray,paroli,100.0,100000.0,50000.0,1209,2,0.0,103700.0,103700.0,3700.0
7326,Arlo Dalton,paroli,100.0,100000.0,50000.0,1152,0,0.0,97200.0,97200.0,-2800.0
7327,Lilian Hardin,paroli,100.0,100000.0,50000.0,1153,0,0.0,97400.0,97400.0,-2600.0
7328,Hassan Lowe,paroli,100.0,100000.0,50000.0,1149,3,0.0,95000.0,95000.0,-5000.0
7329,Amari Webb,paroli,100.0,100000.0,50000.0,1184,0,0.0,103000.0,103000.0,3000.0
7330,Lorenzo Wilcox,paroli,100.0,100000.0,50000.0,1162,4,0.0,94700.0,94700.0,-5300.0
7331,Ashlyn Bentley,paroli,100.0,100000.0,50000.0,1192,1,0.0,102700.0,102700.0,2700.0
7332,Randy McCarty,paroli,100.0,100000.0,50000.0,1167,2,0.0,96100.0,96100.0,-3900.0
7333,Halo Aguilar,paroli,100.0,100000.0,50000.0,1145,0,0.0,96700.0,96700.0,-3300.0
7334,Milo Pena,paroli,100.0,100000.0,50000.0,1205,1,0.0,108300.0,108300.0,8300.0
7335,Rachel Zavala,paroli,100.0,100000.0,50000.0,1162,0,0.0,101200.0,101200.0,1200.0
7336,Dillon Romero,paroli,100.0,100000.0,50000.0,1098,0,0.0,87300.0,87300.0,-12700.0
7337,Eliza Peterson,paroli,100.0,100000.0,50000.0,1148,0,0.0,101600.0,101600.0,1600.0
7338,Santiago Andrews,paroli,100.0,100000.0,50000.0,1125,0,0.0,86900.0,86900.0,-13100.0
7339,Payton Vance,paroli,100.0,100000.0,50000.0,1135,0,0.0,88500.0,88500.0,-11500.0
7340,Casen Aguirre,paroli,100.0,100000.0,50000.0,1188,2,0.0,102600.0,102600.0,2600.0
7341,Ariah Gordon,paroli,100.0,100000.0,50000.0,1098,1,0.0,86600.0,86600.0,-13400.0
7342,Karter Rogers,paroli,100.0,100000.0,50000.0,1087,2,0.0,83100.0,83100.0,-16900.0
7343,Madelyn Berry,paroli,100.0,100000.0,50000.0,1196,0,0.0,98000.0,98000.0,-2000.0
7344,Adonis Carter,paroli,100.0,100000.0,50000.0,1156,1,0.0,96600.0,96600.0,-3400.0
7345,Lucy Harper,paroli,100.0,100000.0,50000.0,1150,2,0.0,93600.0,93600.0,-6400.0
7346,Hayes Andrade,paroli,100.0,100000.0,50000.0,1094,1,0.0,86500.0,86500.0,-13500.0
7347,Emmy Lewis,paroli,100.0,100000.0,50000.0,1140,1,0.0,90200.0,90200.0,-9800.0
7348,Wyatt Miller,paroli,100.0,100000.0,50000.0,1126,0,0.0,90400.0,90400.0,-9600.0
7349,Isabella Martin,paroli,100.0,100000.0,50000.0,1134,2,0.0,87400.0,87400.0,-12600.0
7350,Mateo Leon,paroli,100.0,100000.0,50000.0,1118,2,0.0,88900.0,88900.0,-11100.0
7351,Amora Gill,paroli,100.0,100000.0,50000.0,1121,0,0.0,93400.0,93400.0,-6600.0
7352,Matthias Howe,paroli,100.0,100000.0,50000.0,1176,1,0.0,100400.0,100400.0,400.0
7353,Persephone Byrd,paroli,100.0,100000.0,50000.0,1149,0,0.0,98200.0,98200.0,-1800.0
7354,Cristian O’Connor,paroli,100.0,100000.0,50000.0,1117,2,0.0,92600.0,92600.0,-7400.0
7355,Charli Hansen,paroli,100.0,100000.0,50000.0,1099,0,0.0,85600.0,85600.0,-14400.0
7356,Charlie Holt,paroli,100.0,100000.0,50000.0,1160,2,0.0,98600.0,98600.0,-1400.0
7357,Adelynn Zimmerman,paroli,100.0,100000.0,50000.0,1180,0,0.0,98800.0,98800.0,-1200.0
7358,Sergio Kane,paroli,100.0,100000.0,50000.0,1114,1,0.0,93100.0,93100.0,-6900.0
7359,Ellianna Barry,paroli,100.0,100000.0,50000.0,1150,0,0.0,90200.0,90200.0,-9800.0
7360,Emery Woodard,paroli,100.0,100000.0,50000.0,1202,0,0.0,105700.0,105700.0,5700.0
7361,Aubrie Madden,paroli,100.0,100000.0,50000.0,1100,0,0.0,85900.0,85900.0,-14100.0
7362,Everest Galindo,paroli,100.0,100000.0,50000.0,1205,1,0.0,107500.0,107500.0,7500.0
7363,Corinne Stevenson,paroli,100.0,100000.0,50000.0,1210,1,0.0,107900.0,107900.0,7900.0
7364,Callan Love,paroli,100.0,100000.0,50000.0,1189,0,0.0,105200.0,105200.0,5200.0
7365,Avianna Montes,paroli,100.0,100000.0,50000.0,1126,2,0.0,89900.0,89900.0,-10100.0
7366,Darren Meadows,paroli,100.0,100000.0,50000.0,1132,1,0.0,97300.0,97300.0,-2700.0
7367,Pearl Barker,paroli,100.0,100000.0,50000.0,1171,1,0.0,99700.0,99700.0,-300.0
7368,Kade Chavez,paroli,100.0,100000.0,50000.0,1185,2,0.0,102100.0,102100.0,2100.0
7369,Nevaeh Weeks,paroli,100.0,100000.0,50000.0,1113,1,0.0,90800.0,90800.0,-9200.0
7370,Anders Bernal,paroli,100.0,100000.0,50000.0,1131,0,0.0,91400.0,91400.0,-8600.0
7371,Emmeline Goodwin,paroli,100.0,100000.0,50000.0,1178,0,0.0,103700.0,103700.0,3700.0
7372,Kaison Bartlett,paroli,100.0,100000.0,50000.0,1134,0,0.0,90900.0,90900.0,-9100.0
7373,Aubrielle Case,paroli,100.0,100000.0,50000.0,1165,3,0.0,100400.0,100400.0,400.0
7374,Bentlee Huerta,paroli,100.0,100000.0,50000.0,1158,0,0.0,97900.0,97900.0,-2100.0
7375,Dulce Medrano,paroli,100.0,100000.0,50000.0,1131,1,0.0,88400.0,88400.0,-11600.0
7376,Arian Galvan,paroli,100.0,100000.0,50000.0,1142,0,0.0,91500.0,91500.0,-8500.0
7377,Dallas Poole,paroli,100.0,100000.0,50000.0,1139,3,0.0,90000.0,90000.0,-10000.0
7378,Quincy Reilly,paroli,100.0,100000.0,50000.0,1111,1,0.0,91500.0,91500.0,-8500.0
7379,Tori Moreno,paroli,100.0,100000.0,50000.0,1169,0,0.0,97800.0,97800.0,-2200.0
7380,Myles Velasquez,paroli,100.0,100000.0,50000.0,1208,0,0.0,105900.0,105900.0,5900.0
7381,Esme Salgado,paroli,100.0,100000.0,50000.0,1148,2,0.0,92400.0,92400.0,-7600.0
7382,Trace Marshall,paroli,100.0,100000.0,50000.0,1116,1,0.0,84700.0,84700.0,-15300.0
7383,Adalyn Harrell,paroli,100.0,100000.0,50000.0,1158,0,0.0,91300.0,91300.0,-8700.0
7384,Nelson Small,paroli,100.0,100000.0,50000.0,1240,1,0.0,114500.0,114500.0,14500.0
7385,Zaria Tanner,paroli,100.0,100000.0,50000.0,1122,0,0.0,89000.0,89000.0,-11000.0
7386,Bruno Boyd,paroli,100.0,100000.0,50000.0,1133,1,0.0,96700.0,96700.0,-3300.0
7387,Georgia Wallace,paroli,100.0,100000.0,50000.0,1139,0,0.0,90500.0,90500.0,-9500.0
7388,Chase Randolph,paroli,100.0,100000.0,50000.0,1153,1,0.0,94200.0,94200.0,-5800.0
7389,Kailey Wells,paroli,100.0,100000.0,50000.0,1128,1,0.0,88300.0,88300.0,-11700.0
7390,Max Carey,paroli,100.0,100000.0,50000.0,1121,2,0.0,92100.0,92100.0,-7900.0
7391,Alora Terrell,paroli,100.0,100000.0,50000.0,1128,0,0.0,93200.0,93200.0,-6800.0
7392,Jaxen Travis,paroli,100.0,100000.0,50000.0,1148,3,0.0,99700.0,99700.0,-300.0
7393,Mazikee Tang,paroli,100.0,100000.0,50000.0,1111,1,0.0,86800.0,86800.0,-13200.0
7394,Rogelio Corona,paroli,100.0,100000.0,50000.0,1151,0,0.0,95400.0,95400.0,-4600.0
7395,Marianna Henderson,paroli,100.0,100000.0,50000.0,1122,2,0.0,88100.0,88100.0,-11900.0
7396,Beau Carroll,paroli,100.0,100000.0,50000.0,1155,0,0.0,92300.0,92300.0,-7700.0
7397,Zara Chase,paroli,100.0,100000.0,50000.0,1152,0,0.0,100600.0,100600.0,600.0
7398,Otis Cisneros,paroli,100.0,100000.0,50000.0,1158,1,0.0,95800.0,95800.0,-4200.0
7399,Janelle Callahan,paroli,100.0,100000.0,50000.0,1200,0,0.0,101200.0,101200.0,1200.0
7400,Quinton Waller,paroli,100.0,100000.0,50000.0,1137,0,0.0,94900.0,94900.0,-5100.0
7401,Whitley Lindsey,paroli,100.0,100000.0,50000.0,1166,0,0.0,100500.0,100500.0,500.0
7402,Jayson Bass,paroli,100.0,100000.0,50000.0,1135,1,0.0,88900.0,88900.0,-11100.0
7403,Zahra Dawson,paroli,100.0,100000.0,50000.0,1170,1,0.0,100500.0,100500.0,500.0
7404,Iker Dawson,paroli,100.0,100000.0,50000.0,1166,0,0.0,104400.0,104400.0,4400.0
7405,Veronica Raymond,paroli,100.0,100000.0,50000.0,1149,0,0.0,97900.0,97900.0,-2100.0
7406,Maurice Sampson,paroli,100.0,100000.0,50000.0,1130,1,0.0,95600.0,95600.0,-4400.0
7407,Meilani Erickson,paroli,100.0,100000.0,50000.0,1148,1,0.0,95000.0,95000.0,-5000.0
7408,Johnny Kelly,paroli,100.0,100000.0,50000.0,1137,1,0.0,88700.0,88700.0,-11300.0
7409,Ruby Weaver,paroli,100.0,100000.0,50000.0,1140,0,0.0,94900.0,94900.0,-5100.0
7410,Tucker Medrano,paroli,100.0,100000.0,50000.0,1157,0,0.0,96600.0,96600.0,-3400.0
7411,Halle Wolf,paroli,100.0,100000.0,50000.0,1119,2,0.0,85000.0,85000.0,-15000.0
7412,Jase Maldonado,paroli,100.0,100000.0,50000.0,1131,1,0.0,88300.0,88300.0,-11700.0
7413,Elaina Roberson,paroli,100.0,100000.0,50000.0,1176,0,0.0,102400.0,102400.0,2400.0
7414,Shepherd Macdonald,paroli,100.0,100000.0,50000.0,1165,1,0.0,96300.0,96300.0,-3700.0
7415,Rosalia Cox,paroli,100.0,100000.0,50000.0,1204,7,0.0,102700.0,102700.0,2700.0
7416,Connor Hawkins,paroli,100.0,100000.0,50000.0,1168,1,0.0,100600.0,100600.0,600.0
7417,Ariel Watson,paroli,100.0,100000.0,50000.0,1160,0,0.0,94800.0,94800.0,-5200.0
7418,Greyson Hernandez,paroli,100.0,100000.0,50000.0,1182,1,0.0,99000.0,99000.0,-1000.0
7419,Camila Charles,paroli,100.0,100000.0,50000.0,1150,0,0.0,101700.0,101700.0,1700.0
7420,Conrad Maldonado,paroli,100.0,100000.0,50000.0,1181,0,0.0,98900.0,98900.0,-1100.0
7421,Elaina Perry,paroli,100.0,100000.0,50000.0,1118,0,0.0,88000.0,88000.0,-12000.0
7422,Waylon Huynh,paroli,100.0,100000.0,50000.0,1145,1,0.0,95000.0,95000.0,-5000.0
7423,Oaklee Lee,paroli,100.0,100000.0,50000.0,1144,0,0.0,92500.0,92500.0,-7500.0
7424,Jack Villa,paroli,100.0,100000.0,50000.0,1132,0,0.0,90600.0,90600.0,-9400.0
7425,Johanna Calderon,paroli,100.0,100000.0,50000.0,1112,0,0.0,89400.0,89400.0,-10600.0
7426,Oakley Beck,paroli,100.0,100000.0,50000.0,1153,2,0.0,99600.0,99600.0,-400.0
7427,Gia Hobbs,paroli,100.0,100000.0,50000.0,1175,0,0.0,102600.0,102600.0,2600.0
7428,Brendan Hines,paroli,100.0,100000.0,50000.0,1124,0,0.0,90000.0,90000.0,-10000.0
7429,Poppy Cordova,paroli,100.0,100000.0,50000.0,1174,0,0.0,96600.0,96600.0,-3400.0
7430,Vicente Petersen,paroli,100.0,100000.0,50000.0,1184,2,0.0,103500.0,103500.0,3500.0
7431,Fernanda Barnes,paroli,100.0,100000.0,50000.0,1122,0,0.0,84800.0,84800.0,-15200.0
7432,Damian Lloyd,paroli,100.0,100000.0,50000.0,1213,0,0.0,107800.0,107800.0,7800.0
7433,Emely Hopkins,paroli,100.0,100000.0,50000.0,1201,2,0.0,104600.0,104600.0,4600.0
7434,Ali Lindsey,paroli,100.0,100000.0,50000.0,1158,1,0.0,99000.0,99000.0,-1000.0
7435,Colette Rhodes,paroli,100.0,100000.0,50000.0,1176,1,0.0,99100.0,99100.0,-900.0
7436,Titus Clarke,paroli,100.0,100000.0,50000.0,1098,1,0.0,87300.0,87300.0,-12700.0
7437,Kaitlyn Vance,paroli,100.0,100000.0,50000.0,1123,0,0.0,88300.0,88300.0,-11700.0
7438,Casen Hopkins,paroli,100.0,100000.0,50000.0,1197,0,0.0,101700.0,101700.0,1700.0
7439,Gabriela Lester,paroli,100.0,100000.0,50000.0,1178,1,0.0,96400.0,96400.0,-3600.0
7440,Lee Gilbert,paroli,100.0,100000.0,50000.0,1078,1,0.0,81200.0,81200.0,-18800.0
7441,Jocelyn Campos,paroli,100.0,100000.0,50000.0,1137,0,0.0,92800.0,92800.0,-7200.0
7442,Gideon Bowers,paroli,100.0,100000.0,50000.0,1162,0,0.0,91200.0,91200.0,-8800.0
7443,Elisa Montes,paroli,100.0,100000.0,50000.0,1135,1,0.0,87200.0,87200.0,-12800.0
7444,Darren Cameron,paroli,100.0,100000.0,50000.0,1141,0,0.0,97200.0,97200.0,-2800.0
7445,Julie McCarthy,paroli,100.0,100000.0,50000.0,1159,1,0.0,91200.0,91200.0,-8800.0
7446,Devin Navarro,paroli,100.0,100000.0,50000.0,1133,1,0.0,91400.0,91400.0,-8600.0
7447,Winter Simpson,paroli,100.0,100000.0,50000.0,1190,1,0.0,99700.0,99700.0,-300.0
7448,Elliott Barber,paroli,100.0,100000.0,50000.0,1113,0,0.0,89600.0,89600.0,-10400.0
7449,Cassidy Rangel,paroli,100.0,100000.0,50000.0,1089,1,0.0,83300.0,83300.0,-16700.0
7450,Saint Larson,paroli,100.0,100000.0,50000.0,1189,0,0.0,98100.0,98100.0,-1900.0
7451,Alayna Singh,paroli,100.0,100000.0,50000.0,1152,0,0.0,91600.0,91600.0,-8400.0
7452,Louis Solis,paroli,100.0,100000.0,50000.0,1132,4,0.0,86900.0,86900.0,-13100.0
7453,Miracle Taylor,paroli,100.0,100000.0,50000.0,1227,2,0.0,111800.0,111800.0,11800.0
7454,Jackson Macias,paroli,100.0,100000.0,50000.0,1185,0,0.0,102900.0,102900.0,2900.0
7455,Adley Cooper,paroli,100.0,100000.0,50000.0,1148,0,0.0,96200.0,96200.0,-3800.0
7456,Jonathan Curtis,paroli,100.0,100000.0,50000.0,1168,3,0.0,94900.0,94900.0,-5100.0
7457,Alexis Raymond,paroli,100.0,100000.0,50000.0,1142,1,0.0,96200.0,96200.0,-3800.0
7458,Maurice Griffith,paroli,100.0,100000.0,50000.0,1209,1,0.0,109800.0,109800.0,9800.0
7459,Alicia Petersen,paroli,100.0,100000.0,50000.0,1104,0,0.0,86300.0,86300.0,-13700.0
7460,Samson Chang,paroli,100.0,100000.0,50000.0,1180,1,0.0,97900.0,97900.0,-2100.0
7461,Ophelia Ryan,paroli,100.0,100000.0,50000.0,1174,2,0.0,100300.0,100300.0,300.0
7462,Timothy Noble,paroli,100.0,100000.0,50000.0,1152,0,0.0,97400.0,97400.0,-2600.0
7463,Hunter Huerta,paroli,100.0,100000.0,50000.0,1132,0,0.0,93300.0,93300.0,-6700.0
7464,Douglas Maynard,paroli,100.0,100000.0,50000.0,1144,0,0.0,94900.0,94900.0,-5100.0
7465,Carolyn Flowers,paroli,100.0,100000.0,50000.0,1107,1,0.0,89600.0,89600.0,-10400.0
7466,Saul Good,paroli,100.0,100000.0,50000.0,1191,2,0.0,96900.0,96900.0,-3100.0
7467,Nathalia Keller,paroli,100.0,100000.0,50000.0,1130,1,0.0,89900.0,89900.0,-10100.0
7468,Nico Deleon,paroli,100.0,100000.0,50000.0,1122,3,0.0,85600.0,85600.0,-14400.0
7469,Gabrielle Corona,paroli,100.0,100000.0,50000.0,1085,1,0.0,81400.0,81400.0,-18600.0
7470,Darian Sloan,paroli,100.0,100000.0,50000.0,1116,1,0.0,84800.0,84800.0,-15200.0
7471,Selene Ray,paroli,100.0,100000.0,50000.0,1182,0,0.0,96200.0,96200.0,-3800.0
7472,Arlo Williamson,paroli,100.0,100000.0,50000.0,1136,0,0.0,87900.0,87900.0,-12100.0
7473,Catherine Branch,paroli,100.0,100000.0,50000.0,1118,0,0.0,90100.0,90100.0,-9900.0
7474,Keenan Blair,paroli,100.0,100000.0,50000.0,1190,0,0.0,102100.0,102100.0,2100.0
7475,Frances Hampton,paroli,100.0,100000.0,50000.0,1097,1,0.0,87400.0,87400.0,-12600.0
7476,Hank Palmer,paroli,100.0,100000.0,50000.0,1175,0,0.0,101000.0,101000.0,1000.0
7477,Juniper Adkins,paroli,100.0,100000.0,50000.0,1176,0,0.0,102000.0,102000.0,2000.0
7478,Kylo Zavala,paroli,100.0,100000.0,50000.0,1103,0,0.0,84500.0,84500.0,-15500.0
7479,Liv Bernard,paroli,100.0,100000.0,50000.0,1132,0,0.0,87800.0,87800.0,-12200.0
7480,Jair Phelps,paroli,100.0,100000.0,50000.0,1164,0,0.0,97600.0,97600.0,-2400.0
7481,Laney Ferguson,paroli,100.0,100000.0,50000.0,1173,0,0.0,103500.0,103500.0,3500.0
7482,Miguel Pearson,paroli,100.0,100000.0,50000.0,1177,0,0.0,103500.0,103500.0,3500.0
7483,Kiara Scott,paroli,100.0,100000.0,50000.0,1208,0,0.0,106400.0,106400.0,6400.0
7484,Leo Cano,paroli,100.0,100000.0,50000.0,1161,1,0.0,93700.0,93700.0,-6300.0
7485,Egypt Huynh,paroli,100.0,100000.0,50000.0,1127,0,0.0,88700.0,88700.0,-11300.0
7486,Layton Rose,paroli,100.0,100000.0,50000.0,1106,1,0.0,89200.0,89200.0,-10800.0
7487,Magnolia Thornton,paroli,100.0,100000.0,50000.0,1131,2,0.0,88700.0,88700.0,-11300.0
7488,Malik Atkinson,paroli,100.0,100000.0,50000.0,1141,1,0.0,95900.0,95900.0,-4100.0
7489,Jazmin Liu,paroli,100.0,100000.0,50000.0,1151,1,0.0,91800.0,91800.0,-8200.0
7490,Pedro Frazier,paroli,100.0,100000.0,50000.0,1150,2,0.0,92800.0,92800.0,-7200.0
7491,Octavia Anderson,paroli,100.0,100000.0,50000.0,1135,1,0.0,92800.0,92800.0,-7200.0
7492,Jacob Bartlett,paroli,100.0,100000.0,50000.0,1124,1,0.0,86600.0,86600.0,-13400.0
7493,Aubrielle Hahn,paroli,100.0,100000.0,50000.0,1125,0,0.0,89600.0,89600.0,-10400.0
7494,Kabir Charles,paroli,100.0,100000.0,50000.0,1083,1,0.0,85300.0,85300.0,-14700.0
7495,Jenna Galindo,paroli,100.0,100000.0,50000.0,1189,2,0.0,101200.0,101200.0,1200.0
7496,Salvatore Everett,paroli,100.0,100000.0,50000.0,1125,1,0.0,89900.0,89900.0,-10100.0
7497,Noah Jimenez,paroli,100.0,100000.0,50000.0,1135,0,0.0,88100.0,88100.0,-11900.0
7498,Silas Greene,paroli,100.0,100000.0,50000.0,1170,2,0.0,99800.0,99800.0,-200.0
7499,Selena Berg,paroli,100.0,100000.0,50000.0,1186,0,0.0,106200.0,106200.0,6200.0
7500,Cayson Friedman,paroli,100.0,100000.0,50000.0,1172,0,0.0,99200.0,99200.0,-800.0
7501,Aspyn Huff,paroli,100.0,100000.0,50000.0,1175,1,0.0,98100.0,98100.0,-1900.0
7502,Finnley Phillips,paroli,100.0,100000.0,50000.0,1113,0,0.0,86900.0,86900.0,-13100.0
7503,Naomi Reid,paroli,100.0,100000.0,50000.0,1110,0,0.0,87300.0,87300.0,-12700.0
7504,Josue Craig,paroli,100.0,100000.0,50000.0,1180,0,0.0,101900.0,101900.0,1900.0
7505,Brynn Santos,paroli,100.0,100000.0,50000.0,1154,1,0.0,97100.0,97100.0,-2900.0
7506,Walker Velazquez,paroli,100.0,100000.0,50000.0,1169,0,0.0,101500.0,101500.0,1500.0
7507,Jaliyah Henson,paroli,100.0,100000.0,50000.0,1177,0,0.0,105200.0,105200.0,5200.0
7508,Bellamy Chandler,paroli,100.0,100000.0,50000.0,1158,1,0.0,95300.0,95300.0,-4700.0
7509,Viviana Gallegos,paroli,100.0,100000.0,50000.0,1126,1,0.0,92100.0,92100.0,-7900.0
7510,Jonas Graves,paroli,100.0,100000.0,50000.0,1174,2,0.0,99100.0,99100.0,-900.0
7511,Elle Crosby,paroli,100.0,100000.0,50000.0,1101,1,0.0,83900.0,83900.0,-16100.0
7512,Tristen Bernal,paroli,100.0,100000.0,50000.0,1190,2,0.0,101300.0,101300.0,1300.0
7513,Emmeline Weaver,paroli,100.0,100000.0,50000.0,1129,0,0.0,88900.0,88900.0,-11100.0
7514,Tucker Frederick,paroli,100.0,100000.0,50000.0,1137,0,0.0,90100.0,90100.0,-9900.0
7515,Sariyah Lester,paroli,100.0,100000.0,50000.0,1091,0,0.0,81400.0,81400.0,-18600.0
7516,Lee Wilkerson,paroli,100.0,100000.0,50000.0,1100,1,0.0,89100.0,89100.0,-10900.0
7517,Janiyah Castillo,paroli,100.0,100000.0,50000.0,1167,0,0.0,103200.0,103200.0,3200.0
7518,Kai Everett,paroli,100.0,100000.0,50000.0,1130,1,0.0,89500.0,89500.0,-10500.0
7519,Noah Ventura,paroli,100.0,100000.0,50000.0,1133,3,0.0,87600.0,87600.0,-12400.0
7520,Branson Bean,paroli,100.0,100000.0,50000.0,1161,0,0.0,100200.0,100200.0,200.0
7521,Jenesis Bullock,paroli,100.0,100000.0,50000.0,1094,1,0.0,85000.0,85000.0,-15000.0
7522,Ben Guzman,paroli,100.0,100000.0,50000.0,1177,2,0.0,95400.0,95400.0,-4600.0
7523,Ashley Lowery,paroli,100.0,100000.0,50000.0,1155,4,0.0,94500.0,94500.0,-5500.0
7524,Jaxxon Osborne,paroli,100.0,100000.0,50000.0,1162,0,0.0,92400.0,92400.0,-7600.0
7525,Shelby Meadows,paroli,100.0,100000.0,50000.0,1182,0,0.0,100600.0,100600.0,600.0
7526,Wayne Kane,paroli,100.0,100000.0,50000.0,1162,0,0.0,96800.0,96800.0,-3200.0
7527,Ellianna Espinosa,paroli,100.0,100000.0,50000.0,1108,1,0.0,89500.0,89500.0,-10500.0
7528,Khalid Pittman,paroli,100.0,100000.0,50000.0,1123,0,0.0,93400.0,93400.0,-6600.0
7529,Marie Blackwell,paroli,100.0,100000.0,50000.0,1105,1,0.0,85000.0,85000.0,-15000.0
7530,Marcellus Ford,paroli,100.0,100000.0,50000.0,1133,1,0.0,92800.0,92800.0,-7200.0
7531,Alexandra Miller,paroli,100.0,100000.0,50000.0,1224,0,0.0,112200.0,112200.0,12200.0
7532,Benjamin Patterson,paroli,100.0,100000.0,50000.0,1219,2,0.0,108600.0,108600.0,8600.0
7533,Kaylee Marshall,paroli,100.0,100000.0,50000.0,1149,3,0.0,95400.0,95400.0,-4600.0
7534,Kaiden Lloyd,paroli,100.0,100000.0,50000.0,1161,1,0.0,93900.0,93900.0,-6100.0
7535,Emely Newman,paroli,100.0,100000.0,50000.0,1153,1,0.0,94500.0,94500.0,-5500.0
7536,Anderson Guerra,paroli,100.0,100000.0,50000.0,1103,0,0.0,84000.0,84000.0,-16000.0
7537,Edith Hodges,paroli,100.0,100000.0,50000.0,1147,1,0.0,92500.0,92500.0,-7500.0
7538,Alonzo Day,paroli,100.0,100000.0,50000.0,1163,4,0.0,100700.0,100700.0,700.0
7539,Hayden Church,paroli,100.0,100000.0,50000.0,1140,1,0.0,90200.0,90200.0,-9800.0
7540,Terrance Roy,paroli,100.0,100000.0,50000.0,1152,0,0.0,93500.0,93500.0,-6500.0
7541,Savanna Anderson,paroli,100.0,100000.0,50000.0,1123,7,0.0,89200.0,89200.0,-10800.0
7542,Jacob Anderson,paroli,100.0,100000.0,50000.0,1123,0,0.0,84000.0,84000.0,-16000.0
7543,Ella Cobb,paroli,100.0,100000.0,50000.0,1095,0,0.0,82100.0,82100.0,-17900.0
7544,Raphael Warren,paroli,100.0,100000.0,50000.0,1144,2,0.0,90600.0,90600.0,-9400.0
7545,Sloane Haynes,paroli,100.0,100000.0,50000.0,1141,0,0.0,90000.0,90000.0,-10000.0
7546,Kason Lloyd,paroli,100.0,100000.0,50000.0,1103,0,0.0,89200.0,89200.0,-10800.0
7547,Emely Frank,paroli,100.0,100000.0,50000.0,1130,0,0.0,90800.0,90800.0,-9200.0
7548,Braylen Castro,paroli,100.0,100000.0,50000.0,1191,1,0.0,102500.0,102500.0,2500.0
7549,Eloise Fitzgerald,paroli,100.0,100000.0,50000.0,1121,2,0.0,91100.0,91100.0,-8900.0
7550,Peyton Moon,paroli,100.0,100000.0,50000.0,1123,2,0.0,89400.0,89400.0,-10600.0
7551,Naya Espinoza,paroli,100.0,100000.0,50000.0,1140,1,0.0,92000.0,92000.0,-8000.0
7552,Dallas Stein,paroli,100.0,100000.0,50000.0,1187,1,0.0,99100.0,99100.0,-900.0
7553,Leilany Moreno,paroli,100.0,100000.0,50000.0,1179,2,0.0,98400.0,98400.0,-1600.0
7554,Myles Wright,paroli,100.0,100000.0,50000.0,1162,0,0.0,94800.0,94800.0,-5200.0
7555,Lily Hahn,paroli,100.0,100000.0,50000.0,1159,0,0.0,97100.0,97100.0,-2900.0
7556,Kabir Preston,paroli,100.0,100000.0,50000.0,1197,1,0.0,102200.0,102200.0,2200.0
7557,Indie Clarke,paroli,100.0,100000.0,50000.0,1188,3,0.0,104300.0,104300.0,4300.0
7558,Stetson Ayala,paroli,100.0,100000.0,50000.0,1134,0,0.0,94300.0,94300.0,-5700.0
7559,Blair Jennings,paroli,100.0,100000.0,50000.0,1178,0,0.0,99800.0,99800.0,-200.0
7560,Corbin Archer,paroli,100.0,100000.0,50000.0,1131,0,0.0,88800.0,88800.0,-11200.0
7561,Kadence Golden,paroli,100.0,100000.0,50000.0,1176,3,0.0,99600.0,99600.0,-400.0
7562,Amias Owens,paroli,100.0,100000.0,50000.0,1148,0,0.0,95900.0,95900.0,-4100.0
7563,Amaya Hanson,paroli,100.0,100000.0,50000.0,1125,2,0.0,91000.0,91000.0,-9000.0
7564,Khalil Merritt,paroli,100.0,100000.0,50000.0,1119,0,0.0,88100.0,88100.0,-11900.0
7565,Kaisley Leach,paroli,100.0,100000.0,50000.0,1124,0,0.0,87200.0,87200.0,-12800.0
7566,Westin Ashley,paroli,100.0,100000.0,50000.0,1211,0,0.0,103600.0,103600.0,3600.0
7567,Khalani Henson,paroli,100.0,100000.0,50000.0,1128,0,0.0,92000.0,92000.0,-8000.0
7568,Bellamy Schwartz,paroli,100.0,100000.0,50000.0,1114,0,0.0,86200.0,86200.0,-13800.0
7569,Lilliana Cruz,paroli,100.0,100000.0,50000.0,1153,0,0.0,94000.0,94000.0,-6000.0
7570,Ryan Frye,paroli,100.0,100000.0,50000.0,1134,1,0.0,91500.0,91500.0,-8500.0
7571,Raya Morrison,paroli,100.0,100000.0,50000.0,1155,0,0.0,94000.0,94000.0,-6000.0
7572,Maximus Hancock,paroli,100.0,100000.0,50000.0,1163,3,0.0,102600.0,102600.0,2600.0
7573,Katelyn Briggs,paroli,100.0,100000.0,50000.0,1160,2,0.0,98200.0,98200.0,-1800.0
7574,Case Wilson,paroli,100.0,100000.0,50000.0,1122,4,0.0,84600.0,84600.0,-15400.0
7575,Luna French,paroli,100.0,100000.0,50000.0,1151,0,0.0,97200.0,97200.0,-2800.0
7576,Corey Enriquez,paroli,100.0,100000.0,50000.0,1176,1,0.0,104400.0,104400.0,4400.0
7577,Nellie McDonald,paroli,100.0,100000.0,50000.0,1134,0,0.0,90800.0,90800.0,-9200.0
7578,Calvin Pace,paroli,100.0,100000.0,50000.0,1116,0,0.0,89600.0,89600.0,-10400.0
7579,Giana Warren,paroli,100.0,100000.0,50000.0,1172,1,0.0,102600.0,102600.0,2600.0
7580,Abel Livingston,paroli,100.0,100000.0,50000.0,1108,3,0.0,87300.0,87300.0,-12700.0
7581,Milena Middleton,paroli,100.0,100000.0,50000.0,1165,2,0.0,97200.0,97200.0,-2800.0
7582,Misael Wheeler,paroli,100.0,100000.0,50000.0,1138,0,0.0,93100.0,93100.0,-6900.0
7583,Sydney Truong,paroli,100.0,100000.0,50000.0,1131,1,0.0,90000.0,90000.0,-10000.0
7584,Ayan David,paroli,100.0,100000.0,50000.0,1130,0,0.0,91600.0,91600.0,-8400.0
7585,Haylee Tyler,paroli,100.0,100000.0,50000.0,1139,0,0.0,88500.0,88500.0,-11500.0
7586,Emmitt Brandt,paroli,100.0,100000.0,50000.0,1157,1,0.0,100900.0,100900.0,900.0
7587,Loretta Truong,paroli,100.0,100000.0,50000.0,1189,0,0.0,104100.0,104100.0,4100.0
7588,Ayan Goodwin,paroli,100.0,100000.0,50000.0,1189,1,0.0,103700.0,103700.0,3700.0
7589,Shiloh Jackson,paroli,100.0,100000.0,50000.0,1102,2,0.0,88600.0,88600.0,-11400.0
7590,Sebastian Meadows,paroli,100.0,100000.0,50000.0,1150,4,0.0,100700.0,100700.0,700.0
7591,Pearl Bravo,paroli,100.0,100000.0,50000.0,1162,2,0.0,98100.0,98100.0,-1900.0
7592,Genesis Winters,paroli,100.0,100000.0,50000.0,1165,1,0.0,93800.0,93800.0,-6200.0
7593,Kataleya Howard,paroli,100.0,100000.0,50000.0,1163,0,0.0,99900.0,99900.0,-100.0
7594,Jeremiah Gates,paroli,100.0,100000.0,50000.0,1128,0,0.0,91400.0,91400.0,-8600.0
7595,Melina Lowe,paroli,100.0,100000.0,50000.0,1127,2,0.0,94600.0,94600.0,-5400.0
7596,Julius Tang,paroli,100.0,100000.0,50000.0,1184,1,0.0,98400.0,98400.0,-1600.0
7597,Belle Porter,paroli,100.0,100000.0,50000.0,1188,2,0.0,106100.0,106100.0,6100.0
7598,Rhett Schultz,paroli,100.0,100000.0,50000.0,1103,0,0.0,83700.0,83700.0,-16300.0
7599,Briella Holmes,paroli,100.0,100000.0,50000.0,1129,0,0.0,94600.0,94600.0,-5400.0
7600,King Dyer,paroli,100.0,100000.0,50000.0,1128,4,0.0,89000.0,89000.0,-11000.0
7601,Estrella O’brien,paroli,100.0,100000.0,50000.0,1140,0,0.0,88400.0,88400.0,-11600.0
7602,Riley Hicks,paroli,100.0,100000.0,50000.0,1190,0,0.0,103400.0,103400.0,3400.0
7603,Alina Green,paroli,100.0,100000.0,50000.0,1162,0,0.0,104800.0,104800.0,4800.0
7604,Anthony Moore,paroli,100.0,100000.0,50000.0,1134,2,0.0,91600.0,91600.0,-8400.0
7605,Emily Shepard,paroli,100.0,100000.0,50000.0,1161,1,0.0,93600.0,93600.0,-6400.0
7606,Damari Manning,paroli,100.0,100000.0,50000.0,1161,0,0.0,94600.0,94600.0,-5400.0
7607,Jennifer Moon,paroli,100.0,100000.0,50000.0,1158,2,0.0,95100.0,95100.0,-4900.0
7608,Nova Dodson,paroli,100.0,100000.0,50000.0,1171,1,0.0,103100.0,103100.0,3100.0
7609,Etta Shepard,paroli,100.0,100000.0,50000.0,1086,1,0.0,80800.0,80800.0,-19200.0
7610,Damari Zimmerman,paroli,100.0,100000.0,50000.0,1135,0,0.0,90400.0,90400.0,-9600.0
7611,Ariyah Brewer,paroli,100.0,100000.0,50000.0,1139,1,0.0,93800.0,93800.0,-6200.0
7612,Cruz Banks,paroli,100.0,100000.0,50000.0,1137,0,0.0,92900.0,92900.0,-7100.0
7613,Cali Morrow,paroli,100.0,100000.0,50000.0,1158,1,0.0,93400.0,93400.0,-6600.0
7614,Kyree Zamora,paroli,100.0,100000.0,50000.0,1189,4,0.0,102000.0,102000.0,2000.0
7615,Sierra Sanchez,paroli,100.0,100000.0,50000.0,1151,1,0.0,91800.0,91800.0,-8200.0
7616,Joseph Galvan,paroli,100.0,100000.0,50000.0,1136,0,0.0,90600.0,90600.0,-9400.0
7617,Dallas Calhoun,paroli,100.0,100000.0,50000.0,1139,1,0.0,96100.0,96100.0,-3900.0
7618,Gary Roberson,paroli,100.0,100000.0,50000.0,1111,2,0.0,87800.0,87800.0,-12200.0
7619,Sasha Clarke,paroli,100.0,100000.0,50000.0,1108,0,0.0,88200.0,88200.0,-11800.0
7620,Stetson Wong,paroli,100.0,100000.0,50000.0,1169,0,0.0,94300.0,94300.0,-5700.0
7621,Adelaide Wilson,paroli,100.0,100000.0,50000.0,1175,1,0.0,98700.0,98700.0,-1300.0
7622,Daniel Coleman,paroli,100.0,100000.0,50000.0,1129,0,0.0,94700.0,94700.0,-5300.0
7623,Julia Allison,paroli,100.0,100000.0,50000.0,1159,0,0.0,96400.0,96400.0,-3600.0
7624,Dennis Shannon,paroli,100.0,100000.0,50000.0,1115,1,0.0,87000.0,87000.0,-13000.0
7625,Harlee Ventura,paroli,100.0,100000.0,50000.0,1171,0,0.0,97100.0,97100.0,-2900.0
7626,Branson Ward,paroli,100.0,100000.0,50000.0,1171,0,0.0,103100.0,103100.0,3100.0
7627,Ariana Simon,paroli,100.0,100000.0,50000.0,1155,1,0.0,98000.0,98000.0,-2000.0
7628,Zayne Gilbert,paroli,100.0,100000.0,50000.0,1115,0,0.0,86200.0,86200.0,-13800.0
7629,Jocelyn Gross,paroli,100.0,100000.0,50000.0,1139,0,0.0,90900.0,90900.0,-9100.0
7630,Quinn Atkins,paroli,100.0,100000.0,50000.0,1168,0,0.0,97500.0,97500.0,-2500.0
7631,Mina Villarreal,paroli,100.0,100000.0,50000.0,1112,0,0.0,85000.0,85000.0,-15000.0
7632,Nikolai Kirk,paroli,100.0,100000.0,50000.0,1100,1,0.0,84100.0,84100.0,-15900.0
7633,Ellis Palmer,paroli,100.0,100000.0,50000.0,1148,0,0.0,96000.0,96000.0,-4000.0
7634,Theo Woodard,paroli,100.0,100000.0,50000.0,1181,2,0.0,100000.0,100000.0,0.0
7635,Aubrie Lang,paroli,100.0,100000.0,50000.0,1143,0,0.0,93000.0,93000.0,-7000.0
7636,Wells Long,paroli,100.0,100000.0,50000.0,1128,0,0.0,97500.0,97500.0,-2500.0
7637,Jade Leal,paroli,100.0,100000.0,50000.0,1104,0,0.0,84100.0,84100.0,-15900.0
7638,Cedric Walters,paroli,100.0,100000.0,50000.0,1146,1,0.0,96500.0,96500.0,-3500.0
7639,Samara Potts,paroli,100.0,100000.0,50000.0,1130,1,0.0,91100.0,91100.0,-8900.0
7640,Alfred White,paroli,100.0,100000.0,50000.0,1158,1,0.0,93700.0,93700.0,-6300.0
7641,Layla Ashley,paroli,100.0,100000.0,50000.0,1120,1,0.0,87800.0,87800.0,-12200.0
7642,Kylen Good,paroli,100.0,100000.0,50000.0,1129,1,0.0,96000.0,96000.0,-4000.0
7643,Nathalia O’Neal,paroli,100.0,100000.0,50000.0,1195,1,0.0,105700.0,105700.0,5700.0
7644,Eddie McClure,paroli,100.0,100000.0,50000.0,1132,0,0.0,90000.0,90000.0,-10000.0
7645,Estella Swanson,paroli,100.0,100000.0,50000.0,1105,0,0.0,84900.0,84900.0,-15100.0
7646,Hugo Wells,paroli,100.0,100000.0,50000.0,1166,2,0.0,99200.0,99200.0,-800.0
7647,Cecilia Morris,paroli,100.0,100000.0,50000.0,1133,1,0.0,91700.0,91700.0,-8300.0
7648,Christian Larsen,paroli,100.0,100000.0,50000.0,1123,2,0.0,89400.0,89400.0,-10600.0
7649,Xiomara West,paroli,100.0,100000.0,50000.0,1123,2,0.0,90600.0,90600.0,-9400.0
7650,Diego Olsen,paroli,100.0,100000.0,50000.0,1137,0,0.0,94800.0,94800.0,-5200.0
7651,Oaklyn Roy,paroli,100.0,100000.0,50000.0,1189,2,0.0,106600.0,106600.0,6600.0
7652,Marcelo Dawson,paroli,100.0,100000.0,50000.0,1123,0,0.0,88600.0,88600.0,-11400.0
7653,Veronica McCoy,paroli,100.0,100000.0,50000.0,1173,2,0.0,98000.0,98000.0,-2000.0
7654,Jett Huang,paroli,100.0,100000.0,50000.0,1192,0,0.0,103400.0,103400.0,3400.0
7655,Francesca Bender,paroli,100.0,100000.0,50000.0,1206,0,0.0,105800.0,105800.0,5800.0
7656,Zavier Duffy,paroli,100.0,100000.0,50000.0,1138,0,0.0,96400.0,96400.0,-3600.0
7657,Addisyn Glass,paroli,100.0,100000.0,50000.0,1171,1,0.0,93800.0,93800.0,-6200.0
7658,Allan Steele,paroli,100.0,100000.0,50000.0,1147,0,0.0,96500.0,96500.0,-3500.0
7659,Rylie Drake,paroli,100.0,100000.0,50000.0,1210,0,0.0,108500.0,108500.0,8500.0
7660,Jalen Daniels,paroli,100.0,100000.0,50000.0,1110,2,0.0,86800.0,86800.0,-13200.0
7661,Ember Long,paroli,100.0,100000.0,50000.0,1136,0,0.0,91400.0,91400.0,-8600.0
7662,Jace Ray,paroli,100.0,100000.0,50000.0,1152,0,0.0,90000.0,90000.0,-10000.0
7663,Ruth Cunningham,paroli,100.0,100000.0,50000.0,1168,1,0.0,102200.0,102200.0,2200.0
7664,Alejandro Wise,paroli,100.0,100000.0,50000.0,1181,3,0.0,101000.0,101000.0,1000.0
7665,Mira Ayers,paroli,100.0,100000.0,50000.0,1109,1,0.0,84100.0,84100.0,-15900.0
7666,Ulises Hudson,paroli,100.0,100000.0,50000.0,1187,0,0.0,104200.0,104200.0,4200.0
7667,Kamila Patterson,paroli,100.0,100000.0,50000.0,1185,0,0.0,104100.0,104100.0,4100.0
7668,Amir Chan,paroli,100.0,100000.0,50000.0,1178,0,0.0,99900.0,99900.0,-100.0
7669,Hattie Smith,paroli,100.0,100000.0,50000.0,1158,0,0.0,94000.0,94000.0,-6000.0
7670,Liam Burke,paroli,100.0,100000.0,50000.0,1135,1,0.0,93500.0,93500.0,-6500.0
7671,Vera Truong,paroli,100.0,100000.0,50000.0,1074,0,0.0,81400.0,81400.0,-18600.0
7672,Ayan Dennis,paroli,100.0,100000.0,50000.0,1147,0,0.0,93800.0,93800.0,-6200.0
7673,Maisie Ford,paroli,100.0,100000.0,50000.0,1105,0,0.0,86900.0,86900.0,-13100.0
7674,Luis Giles,paroli,100.0,100000.0,50000.0,1146,0,0.0,92100.0,92100.0,-7900.0
7675,Bailee Bravo,paroli,100.0,100000.0,50000.0,1157,0,0.0,95500.0,95500.0,-4500.0
7676,Genesis O’Connell,paroli,100.0,100000.0,50000.0,1158,0,0.0,96800.0,96800.0,-3200.0
7677,Jillian Ellison,paroli,100.0,100000.0,50000.0,1100,2,0.0,84300.0,84300.0,-15700.0
7678,Kye Acevedo,paroli,100.0,100000.0,50000.0,1139,2,0.0,91100.0,91100.0,-8900.0
7679,Ashlynn Moore,paroli,100.0,100000.0,50000.0,1139,0,0.0,90100.0,90100.0,-9900.0
7680,Levi Rivas,paroli,100.0,100000.0,50000.0,1144,0,0.0,95400.0,95400.0,-4600.0
7681,Averie Mata,paroli,100.0,100000.0,50000.0,1186,0,0.0,103400.0,103400.0,3400.0
7682,Ray Vang,paroli,100.0,100000.0,50000.0,1099,2,0.0,85600.0,85600.0,-14400.0
7683,Madisyn Howe,paroli,100.0,100000.0,50000.0,1130,0,0.0,92100.0,92100.0,-7900.0
7684,Alaric Lugo,paroli,100.0,100000.0,50000.0,1118,1,0.0,85700.0,85700.0,-14300.0
7685,Kaylie Hoffman,paroli,100.0,100000.0,50000.0,1180,0,0.0,102200.0,102200.0,2200.0
7686,Steven Dean,paroli,100.0,100000.0,50000.0,1122,2,0.0,84800.0,84800.0,-15200.0
7687,Julianna Huang,paroli,100.0,100000.0,50000.0,1207,1,0.0,105700.0,105700.0,5700.0
7688,Ayaan Banks,paroli,100.0,100000.0,50000.0,1186,0,0.0,103500.0,103500.0,3500.0
7689,Cali Krueger,paroli,100.0,100000.0,50000.0,1161,1,0.0,94100.0,94100.0,-5900.0
7690,Jones Wallace,paroli,100.0,100000.0,50000.0,1225,1,0.0,105600.0,105600.0,5600.0
7691,Arianna Spears,paroli,100.0,100000.0,50000.0,1152,0,0.0,91400.0,91400.0,-8600.0
7692,Ameer Rodgers,paroli,100.0,100000.0,50000.0,1165,1,0.0,94600.0,94600.0,-5400.0
7693,Selah Colon,paroli,100.0,100000.0,50000.0,1201,1,0.0,107200.0,107200.0,7200.0
7694,Bruce Phillips,paroli,100.0,100000.0,50000.0,1110,0,0.0,84000.0,84000.0,-16000.0
7695,Naomi Tyler,paroli,100.0,100000.0,50000.0,1157,1,0.0,95600.0,95600.0,-4400.0
7696,Emmitt Russo,paroli,100.0,100000.0,50000.0,1116,4,0.0,93200.0,93200.0,-6800.0
7697,Tinsley Hull,paroli,100.0,100000.0,50000.0,1156,2,0.0,96700.0,96700.0,-3300.0
7698,Salem Anderson,paroli,100.0,100000.0,50000.0,1126,1,0.0,91900.0,91900.0,-8100.0
7699,Ella Krueger,paroli,100.0,100000.0,50000.0,1179,0,0.0,95900.0,95900.0,-4100.0
7700,Jones Faulkner,paroli,100.0,100000.0,50000.0,1092,2,0.0,81800.0,81800.0,-18200.0
7701,Ansley Briggs,paroli,100.0,100000.0,50000.0,1211,0,0.0,107500.0,107500.0,7500.0
7702,Case Martin,paroli,100.0,100000.0,50000.0,1146,0,0.0,93100.0,93100.0,-6900.0
7703,Mila Spence,paroli,100.0,100000.0,50000.0,1188,3,0.0,102100.0,102100.0,2100.0
7704,Cillian Morgan,paroli,100.0,100000.0,50000.0,1153,2,0.0,94000.0,94000.0,-6000.0
7705,Delilah Harris,paroli,100.0,100000.0,50000.0,1154,2,0.0,95900.0,95900.0,-4100.0
7706,Samuel Golden,paroli,100.0,100000.0,50000.0,1166,1,0.0,96700.0,96700.0,-3300.0
7707,Giuliana Ventura,paroli,100.0,100000.0,50000.0,1157,0,0.0,100500.0,100500.0,500.0
7708,Branson Conway,paroli,100.0,100000.0,50000.0,1176,1,0.0,100900.0,100900.0,900.0
7709,Ryann O’Donnell,paroli,100.0,100000.0,50000.0,1127,0,0.0,92400.0,92400.0,-7600.0
7710,Lian Rojas,paroli,100.0,100000.0,50000.0,1096,1,0.0,83700.0,83700.0,-16300.0
7711,Adaline Booth,paroli,100.0,100000.0,50000.0,1126,0,0.0,87300.0,87300.0,-12700.0
7712,Chaim Bullock,paroli,100.0,100000.0,50000.0,1165,0,0.0,95900.0,95900.0,-4100.0
7713,Winnie Valentine,paroli,100.0,100000.0,50000.0,1085,1,0.0,83400.0,83400.0,-16600.0
7714,Demetrius Crosby,paroli,100.0,100000.0,50000.0,1196,0,0.0,104700.0,104700.0,4700.0
7715,Keily Sherman,paroli,100.0,100000.0,50000.0,1123,0,0.0,88000.0,88000.0,-12000.0
7716,Adan Daniel,paroli,100.0,100000.0,50000.0,1140,0,0.0,97000.0,97000.0,-3000.0
7717,Joy Hess,paroli,100.0,100000.0,50000.0,1128,0,0.0,92200.0,92200.0,-7800.0
7718,Lawrence Arroyo,paroli,100.0,100000.0,50000.0,1138,0,0.0,91300.0,91300.0,-8700.0
7719,Kyra Horn,paroli,100.0,100000.0,50000.0,1166,0,0.0,93900.0,93900.0,-6100.0
7720,Wilson Gray,paroli,100.0,100000.0,50000.0,1138,3,0.0,89300.0,89300.0,-10700.0
7721,Sarah Aguilar,paroli,100.0,100000.0,50000.0,1157,1,0.0,96700.0,96700.0,-3300.0
7722,Milo Randall,paroli,100.0,100000.0,50000.0,1150,0,0.0,91300.0,91300.0,-8700.0
7723,Christina Christensen,paroli,100.0,100000.0,50000.0,1114,2,0.0,86900.0,86900.0,-13100.0
7724,Gregory Lang,paroli,100.0,100000.0,50000.0,1138,2,0.0,89300.0,89300.0,-10700.0
7725,Amirah Walton,paroli,100.0,100000.0,50000.0,1128,0,0.0,91800.0,91800.0,-8200.0
7726,Dominick Good,paroli,100.0,100000.0,50000.0,1120,1,0.0,88300.0,88300.0,-11700.0
7727,Nathalia Cherry,paroli,100.0,100000.0,50000.0,1119,1,0.0,87400.0,87400.0,-12600.0
7728,Rome Parks,paroli,100.0,100000.0,50000.0,1162,1,0.0,96700.0,96700.0,-3300.0
7729,Ainsley Haynes,paroli,100.0,100000.0,50000.0,1110,2,0.0,87000.0,87000.0,-13000.0
7730,Kason Ahmed,paroli,100.0,100000.0,50000.0,1141,1,0.0,91400.0,91400.0,-8600.0
7731,Jolie Moses,paroli,100.0,100000.0,50000.0,1114,2,0.0,84800.0,84800.0,-15200.0
7732,Niklaus Velasquez,paroli,100.0,100000.0,50000.0,1149,0,0.0,94500.0,94500.0,-5500.0
7733,Esme Wilkins,paroli,100.0,100000.0,50000.0,1187,1,0.0,105600.0,105600.0,5600.0
7734,Yusuf Rocha,paroli,100.0,100000.0,50000.0,1184,0,0.0,100800.0,100800.0,800.0
7735,Emmie Rocha,paroli,100.0,100000.0,50000.0,1169,1,0.0,94200.0,94200.0,-5800.0
7736,Onyx Pittman,paroli,100.0,100000.0,50000.0,1218,2,0.0,108300.0,108300.0,8300.0
7737,Marie Allison,paroli,100.0,100000.0,50000.0,1108,0,0.0,86600.0,86600.0,-13400.0
7738,Dennis Crosby,paroli,100.0,100000.0,50000.0,1202,1,0.0,104700.0,104700.0,4700.0
7739,Keily Fernandez,paroli,100.0,100000.0,50000.0,1113,0,0.0,88800.0,88800.0,-11200.0
7740,Bentley Hill,paroli,100.0,100000.0,50000.0,1161,0,0.0,96100.0,96100.0,-3900.0
7741,Hannah Blake,paroli,100.0,100000.0,50000.0,1149,0,0.0,90200.0,90200.0,-9800.0
7742,Zyaire Johns,paroli,100.0,100000.0,50000.0,1140,0,0.0,97200.0,97200.0,-2800.0
7743,Giovanna Garrison,paroli,100.0,100000.0,50000.0,1141,2,0.0,92800.0,92800.0,-7200.0
7744,Noe Martinez,paroli,100.0,100000.0,50000.0,1149,0,0.0,99700.0,99700.0,-300.0
7745,Harper Walter,paroli,100.0,100000.0,50000.0,1190,1,0.0,99800.0,99800.0,-200.0
7746,Lochlan Powell,paroli,100.0,100000.0,50000.0,1148,1,0.0,93300.0,93300.0,-6700.0
7747,Vivian Thomas,paroli,100.0,100000.0,50000.0,1174,1,0.0,100300.0,100300.0,300.0
7748,Logan Moran,paroli,100.0,100000.0,50000.0,1164,1,0.0,98800.0,98800.0,-1200.0
7749,Celeste Church,paroli,100.0,100000.0,50000.0,1147,0,0.0,93700.0,93700.0,-6300.0
7750,Terrance Barr,paroli,100.0,100000.0,50000.0,1177,3,0.0,95900.0,95900.0,-4100.0
7751,Noemi Arroyo,paroli,100.0,100000.0,50000.0,1142,0,0.0,93700.0,93700.0,-6300.0
7752,Alberto Dyer,paroli,100.0,100000.0,50000.0,1107,1,0.0,85200.0,85200.0,-14800.0
7753,Estrella Brooks,paroli,100.0,100000.0,50000.0,1174,0,0.0,96800.0,96800.0,-3200.0
7754,Jordan Gibson,paroli,100.0,100000.0,50000.0,1146,2,0.0,93000.0,93000.0,-7000.0
7755,Eden Miles,paroli,100.0,100000.0,50000.0,1119,4,0.0,85700.0,85700.0,-14300.0
7756,Jared Duffy,paroli,100.0,100000.0,50000.0,1159,0,0.0,97500.0,97500.0,-2500.0
7757,Addisyn Page,paroli,100.0,100000.0,50000.0,1153,1,0.0,94800.0,94800.0,-5200.0
7758,Pablo Christensen,paroli,100.0,100000.0,50000.0,1179,1,0.0,105000.0,105000.0,5000.0
7759,Carmen Rodgers,paroli,100.0,100000.0,50000.0,1141,2,0.0,95400.0,95400.0,-4600.0
7760,Mathias Cortez,paroli,100.0,100000.0,50000.0,1147,2,0.0,93100.0,93100.0,-6900.0
7761,Haven Hodge,paroli,100.0,100000.0,50000.0,1151,2,0.0,94600.0,94600.0,-5400.0
7762,Reign Molina,paroli,100.0,100000.0,50000.0,1141,1,0.0,97000.0,97000.0,-3000.0
7763,Alexandria Gould,paroli,100.0,100000.0,50000.0,1191,2,0.0,103600.0,103600.0,3600.0
7764,Blaine Benjamin,paroli,100.0,100000.0,50000.0,1142,1,0.0,94400.0,94400.0,-5600.0
7765,Jianna Berg,paroli,100.0,100000.0,50000.0,1123,1,0.0,93200.0,93200.0,-6800.0
7766,Cayson Calhoun,paroli,100.0,100000.0,50000.0,1181,2,0.0,101800.0,101800.0,1800.0
7767,Thalia Sherman,paroli,100.0,100000.0,50000.0,1159,0,0.0,94300.0,94300.0,-5700.0
7768,Adan Schwartz,paroli,100.0,100000.0,50000.0,1200,0,0.0,101500.0,101500.0,1500.0
7769,Lilliana Wheeler,paroli,100.0,100000.0,50000.0,1153,0,0.0,96800.0,96800.0,-3200.0
7770,Kenneth Sellers,paroli,100.0,100000.0,50000.0,1181,1,0.0,96700.0,96700.0,-3300.0
7771,Mercy Perez,paroli,100.0,100000.0,50000.0,1105,0,0.0,86100.0,86100.0,-13900.0
7772,Owen Booker,paroli,100.0,100000.0,50000.0,1134,0,0.0,91600.0,91600.0,-8400.0
7773,Nataly Chen,paroli,100.0,100000.0,50000.0,1139,2,0.0,91100.0,91100.0,-8900.0
7774,Emmanuel Bennett,paroli,100.0,100000.0,50000.0,1167,0,0.0,98800.0,98800.0,-1200.0
7775,Josephine Blair,paroli,100.0,100000.0,50000.0,1202,0,0.0,105900.0,105900.0,5900.0
7776,Troy Portillo,paroli,100.0,100000.0,50000.0,1168,2,0.0,97900.0,97900.0,-2100.0
7777,Nathalie Hale,paroli,100.0,100000.0,50000.0,1154,0,0.0,96000.0,96000.0,-4000.0
7778,Ezequiel Cobb,paroli,100.0,100000.0,50000.0,1184,0,0.0,100300.0,100300.0,300.0
7779,Aviana Jarvis,paroli,100.0,100000.0,50000.0,1083,1,0.0,83400.0,83400.0,-16600.0
7780,Marlon Barton,paroli,100.0,100000.0,50000.0,1113,0,0.0,88900.0,88900.0,-11100.0
7781,Danna Lindsey,paroli,100.0,100000.0,50000.0,1110,0,0.0,87400.0,87400.0,-12600.0
7782,Jayson Anderson,paroli,100.0,100000.0,50000.0,1175,6,0.0,100000.0,100000.0,0.0
7783,Ella Wong,paroli,100.0,100000.0,50000.0,1171,0,0.0,98400.0,98400.0,-1600.0
7784,Walter Wilkins,paroli,100.0,100000.0,50000.0,1169,1,0.0,101300.0,101300.0,1300.0
7785,Amalia McFarland,paroli,100.0,100000.0,50000.0,1163,0,0.0,94300.0,94300.0,-5700.0
7786,Dane Bridges,paroli,100.0,100000.0,50000.0,1145,1,0.0,92800.0,92800.0,-7200.0
7787,Elora Blackwell,paroli,100.0,100000.0,50000.0,1122,1,0.0,84900.0,84900.0,-15100.0
7788,Marcellus Lynn,paroli,100.0,100000.0,50000.0,1121,0,0.0,84400.0,84400.0,-15600.0
7789,Samira Dougherty,paroli,100.0,100000.0,50000.0,1127,0,0.0,93300.0,93300.0,-6700.0
7790,Brett Ventura,paroli,100.0,100000.0,50000.0,1181,0,0.0,99800.0,99800.0,-200.0
7791,Zora Perez,paroli,100.0,100000.0,50000.0,1155,0,0.0,95700.0,95700.0,-4300.0
7792,Owen Diaz,paroli,100.0,100000.0,50000.0,1142,1,0.0,92700.0,92700.0,-7300.0
7793,Elena Hall,paroli,100.0,100000.0,50000.0,1178,2,0.0,100800.0,100800.0,800.0
7794,Thomas Chen,paroli,100.0,100000.0,50000.0,1123,2,0.0,95100.0,95100.0,-4900.0
7795,Valeria Wright,paroli,100.0,100000.0,50000.0,1147,0,0.0,91600.0,91600.0,-8400.0
7796,Grayson Merritt,paroli,100.0,100000.0,50000.0,1205,2,0.0,103300.0,103300.0,3300.0
7797,Kaisley Ryan,paroli,100.0,100000.0,50000.0,1109,0,0.0,93300.0,93300.0,-6700.0
7798,Timothy David,paroli,100.0,100000.0,50000.0,1190,0,0.0,103600.0,103600.0,3600.0
7799,Haylee Nichols,paroli,100.0,100000.0,50000.0,1132,1,0.0,89900.0,89900.0,-10100.0
7800,Atlas Velasquez,paroli,100.0,100000.0,50000.0,1136,0,0.0,93500.0,93500.0,-6500.0
7801,Esme Erickson,paroli,100.0,100000.0,50000.0,1189,0,0.0,104300.0,104300.0,4300.0
7802,Johnny Short,paroli,100.0,100000.0,50000.0,1133,2,0.0,88900.0,88900.0,-11100.0
7803,Cheyenne Knox,paroli,100.0,100000.0,50000.0,1143,0,0.0,92100.0,92100.0,-7900.0
7804,Valentin Carrillo,paroli,100.0,100000.0,50000.0,1137,1,0.0,96500.0,96500.0,-3500.0
7805,Kaylani Hull,paroli,100.0,100000.0,50000.0,1184,0,0.0,102900.0,102900.0,2900.0
7806,Salem Reid,paroli,100.0,100000.0,50000.0,1162,1,0.0,103100.0,103100.0,3100.0
7807,Charlee Taylor,paroli,100.0,100000.0,50000.0,1177,1,0.0,96900.0,96900.0,-3100.0
7808,Jackson Hahn,paroli,100.0,100000.0,50000.0,1210,0,0.0,107400.0,107400.0,7400.0
7809,Fallon Skinner,paroli,100.0,100000.0,50000.0,1132,0,0.0,92300.0,92300.0,-7700.0
7810,Ridge Norton,paroli,100.0,100000.0,50000.0,1229,0,0.0,115500.0,115500.0,15500.0
7811,Kylee Shepard,paroli,100.0,100000.0,50000.0,1118,0,0.0,90700.0,90700.0,-9300.0
7812,Damari Dunn,paroli,100.0,100000.0,50000.0,1157,1,0.0,96600.0,96600.0,-3400.0
7813,Olive Bradley,paroli,100.0,100000.0,50000.0,1188,1,0.0,103300.0,103300.0,3300.0
7814,Richard Johnston,paroli,100.0,100000.0,50000.0,1113,0,0.0,90500.0,90500.0,-9500.0
7815,Laila Lawrence,paroli,100.0,100000.0,50000.0,1108,1,0.0,85400.0,85400.0,-14600.0
7816,Kaleb Simmons,paroli,100.0,100000.0,50000.0,1169,1,0.0,101000.0,101000.0,1000.0
7817,Reagan Washington,paroli,100.0,100000.0,50000.0,1080,0,0.0,82000.0,82000.0,-18000.0
7818,Juan Hodge,paroli,100.0,100000.0,50000.0,1234,1,0.0,108000.0,108000.0,8000.0
7819,Coraline Mays,paroli,100.0,100000.0,50000.0,1135,0,0.0,88100.0,88100.0,-11900.0
7820,Jadiel Marshall,paroli,100.0,100000.0,50000.0,1140,0,0.0,91000.0,91000.0,-9000.0
7821,Adalyn Kirk,paroli,100.0,100000.0,50000.0,1181,0,0.0,100900.0,100900.0,900.0
7822,Alessandro Nash,paroli,100.0,100000.0,50000.0,1138,0,0.0,91200.0,91200.0,-8800.0
7823,Novah Hodges,paroli,100.0,100000.0,50000.0,1120,0,0.0,85300.0,85300.0,-14700.0
7824,Alonzo Matthews,paroli,100.0,100000.0,50000.0,1153,0,0.0,96400.0,96400.0,-3600.0
7825,Lila Welch,paroli,100.0,100000.0,50000.0,1126,0,0.0,89100.0,89100.0,-10900.0
7826,Hendrix Howe,paroli,100.0,100000.0,50000.0,1147,1,0.0,92500.0,92500.0,-7500.0
7827,Persephone York,paroli,100.0,100000.0,50000.0,1161,0,0.0,95800.0,95800.0,-4200.0
7828,Leandro Holloway,paroli,100.0,100000.0,50000.0,1153,1,0.0,97000.0,97000.0,-3000.0
7829,Mae Raymond,paroli,100.0,100000.0,50000.0,1144,0,0.0,88700.0,88700.0,-11300.0
7830,Maurice Nicholson,paroli,100.0,100000.0,50000.0,1184,2,0.0,100100.0,100100.0,100.0
7831,Justice McLean,paroli,100.0,100000.0,50000.0,1181,0,0.0,104200.0,104200.0,4200.0
7832,Crosby Koch,paroli,100.0,100000.0,50000.0,1150,0,0.0,92800.0,92800.0,-7200.0
7833,Milana Estes,paroli,100.0,100000.0,50000.0,1126,1,0.0,91300.0,91300.0,-8700.0
7834,Hakeem Reed,paroli,100.0,100000.0,50000.0,1122,0,0.0,93200.0,93200.0,-6800.0
7835,Valentina Campbell,paroli,100.0,100000.0,50000.0,1155,1,0.0,95800.0,95800.0,-4200.0
7836,Christopher Wilcox,paroli,100.0,100000.0,50000.0,1124,0,0.0,89800.0,89800.0,-10200.0
7837,Ashlyn Moody,paroli,100.0,100000.0,50000.0,1080,0,0.0,74600.0,74600.0,-25400.0
7838,Ryland Stein,paroli,100.0,100000.0,50000.0,1185,4,0.0,101900.0,101900.0,1900.0
7839,Leilany Ford,paroli,100.0,100000.0,50000.0,1211,1,0.0,109000.0,109000.0,9000.0
7840,Luis Chan,paroli,100.0,100000.0,50000.0,1102,0,0.0,82100.0,82100.0,-17900.0
7841,Hattie Santos,paroli,100.0,100000.0,50000.0,1090,0,0.0,77900.0,77900.0,-22100.0
7842,Walker Corona,paroli,100.0,100000.0,50000.0,1160,0,0.0,94400.0,94400.0,-5600.0
7843,Marianna English,paroli,100.0,100000.0,50000.0,1169,1,0.0,98700.0,98700.0,-1300.0
7844,Junior Roberts,paroli,100.0,100000.0,50000.0,1141,0,0.0,93300.0,93300.0,-6700.0
7845,Paisley Espinosa,paroli,100.0,100000.0,50000.0,1146,0,0.0,94700.0,94700.0,-5300.0
7846,Khalid Avery,paroli,100.0,100000.0,50000.0,1151,1,0.0,96300.0,96300.0,-3700.0
7847,Meghan Boyle,paroli,100.0,100000.0,50000.0,1134,1,0.0,90200.0,90200.0,-9800.0
7848,Robin Merritt,paroli,100.0,100000.0,50000.0,1150,0,0.0,91200.0,91200.0,-8800.0
7849,Kaisley Ibarra,paroli,100.0,100000.0,50000.0,1126,0,0.0,86700.0,86700.0,-13300.0
7850,Asa Schultz,paroli,100.0,100000.0,50000.0,1079,0,0.0,81000.0,81000.0,-19000.0
7851,Briella Fox,paroli,100.0,100000.0,50000.0,1150,2,0.0,96400.0,96400.0,-3600.0
7852,Antonio Eaton,paroli,100.0,100000.0,50000.0,1202,3,0.0,104800.0,104800.0,4800.0
7853,Miley French,paroli,100.0,100000.0,50000.0,1131,0,0.0,94100.0,94100.0,-5900.0
7854,Corey Marshall,paroli,100.0,100000.0,50000.0,1135,0,0.0,92100.0,92100.0,-7900.0
7855,Adalyn Griffin,paroli,100.0,100000.0,50000.0,1158,0,0.0,94200.0,94200.0,-5800.0
7856,Ayden Owens,paroli,100.0,100000.0,50000.0,1137,0,0.0,95400.0,95400.0,-4600.0
7857,Amaya Yang,paroli,100.0,100000.0,50000.0,1134,2,0.0,91500.0,91500.0,-8500.0
7858,Malcolm Mann,paroli,100.0,100000.0,50000.0,1155,0,0.0,90600.0,90600.0,-9400.0
7859,Paislee Chen,paroli,100.0,100000.0,50000.0,1139,0,0.0,92000.0,92000.0,-8000.0
7860,Emmanuel Hill,paroli,100.0,100000.0,50000.0,1158,0,0.0,94300.0,94300.0,-5700.0
7861,Hannah Freeman,paroli,100.0,100000.0,50000.0,1143,0,0.0,96600.0,96600.0,-3400.0
7862,Jayce Yang,paroli,100.0,100000.0,50000.0,1151,2,0.0,91400.0,91400.0,-8600.0
7863,Angelina Vaughan,paroli,100.0,100000.0,50000.0,1141,1,0.0,93800.0,93800.0,-6200.0
7864,Castiel Prince,paroli,100.0,100000.0,50000.0,1143,1,0.0,92600.0,92600.0,-7400.0
7865,Greta Buchanan,paroli,100.0,100000.0,50000.0,1201,2,0.0,105000.0,105000.0,5000.0
7866,Enrique Soto,paroli,100.0,100000.0,50000.0,1118,1,0.0,86400.0,86400.0,-13600.0
7867,Brynlee Kent,paroli,100.0,100000.0,50000.0,1116,0,0.0,84800.0,84800.0,-15200.0
7868,Mekhi Ward,paroli,100.0,100000.0,50000.0,1142,0,0.0,92000.0,92000.0,-8000.0
7869,Ariana Holloway,paroli,100.0,100000.0,50000.0,1134,1,0.0,94500.0,94500.0,-5500.0
7870,Sutton Rogers,paroli,100.0,100000.0,50000.0,1160,1,0.0,98100.0,98100.0,-1900.0
7871,Madelyn Frazier,paroli,100.0,100000.0,50000.0,1161,0,0.0,93900.0,93900.0,-6100.0
7872,Callum Combs,paroli,100.0,100000.0,50000.0,1131,0,0.0,88800.0,88800.0,-11200.0
7873,Irene Valencia,paroli,100.0,100000.0,50000.0,1193,2,0.0,103100.0,103100.0,3100.0
7874,Dax Garza,paroli,100.0,100000.0,50000.0,1145,2,0.0,92700.0,92700.0,-7300.0
7875,River Reynolds,paroli,100.0,100000.0,50000.0,1124,0,0.0,90400.0,90400.0,-9600.0
7876,Vincent Durham,paroli,100.0,100000.0,50000.0,1142,1,0.0,94200.0,94200.0,-5800.0
7877,Tiffany Esquivel,paroli,100.0,100000.0,50000.0,1080,0,0.0,79500.0,79500.0,-20500.0
7878,Bridger Moore,paroli,100.0,100000.0,50000.0,1119,0,0.0,87000.0,87000.0,-13000.0
7879,Emily Bowen,paroli,100.0,100000.0,50000.0,1147,0,0.0,92600.0,92600.0,-7400.0
7880,Trevor Byrd,paroli,100.0,100000.0,50000.0,1160,0,0.0,98700.0,98700.0,-1300.0
7881,Giselle Contreras,paroli,100.0,100000.0,50000.0,1138,1,0.0,95900.0,95900.0,-4100.0
7882,Emilio Waters,paroli,100.0,100000.0,50000.0,1149,1,0.0,92400.0,92400.0,-7600.0
7883,Bristol Ferguson,paroli,100.0,100000.0,50000.0,1170,1,0.0,97600.0,97600.0,-2400.0
7884,Miguel Sparks,paroli,100.0,100000.0,50000.0,1142,1,0.0,95900.0,95900.0,-4100.0
7885,Aisha Rice,paroli,100.0,100000.0,50000.0,1216,1,0.0,106300.0,106300.0,6300.0
7886,Graham Combs,paroli,100.0,100000.0,50000.0,1128,2,0.0,89800.0,89800.0,-10200.0
7887,Irene Gates,paroli,100.0,100000.0,50000.0,1128,0,0.0,87600.0,87600.0,-12400.0
7888,Ermias Ho,paroli,100.0,100000.0,50000.0,1151,2,0.0,94100.0,94100.0,-5900.0
7889,Calliope Hurst,paroli,100.0,100000.0,50000.0,1194,0,0.0,104700.0,104700.0,4700.0
7890,Neil Carson,paroli,100.0,100000.0,50000.0,1160,0,0.0,98100.0,98100.0,-1900.0
7891,Nalani Fleming,paroli,100.0,100000.0,50000.0,1168,1,0.0,101900.0,101900.0,1900.0
7892,Fernando Duarte,paroli,100.0,100000.0,50000.0,1100,1,0.0,79200.0,79200.0,-20800.0
7893,Kynlee Hendricks,paroli,100.0,100000.0,50000.0,1143,4,0.0,91600.0,91600.0,-8400.0
7894,Dash Michael,paroli,100.0,100000.0,50000.0,1144,2,0.0,89300.0,89300.0,-10700.0
7895,Aubriella Copeland,paroli,100.0,100000.0,50000.0,1108,0,0.0,86400.0,86400.0,-13600.0
7896,Axton Guzman,paroli,100.0,100000.0,50000.0,1153,2,0.0,95000.0,95000.0,-5000.0
7897,Ashley Wallace,paroli,100.0,100000.0,50000.0,1092,0,0.0,83700.0,83700.0,-16300.0
7898,Chase Hoover,paroli,100.0,100000.0,50000.0,1180,1,0.0,102600.0,102600.0,2600.0
7899,Virginia Barnes,paroli,100.0,100000.0,50000.0,1118,2,0.0,91700.0,91700.0,-8300.0
7900,Damian Dennis,paroli,100.0,100000.0,50000.0,1136,1,0.0,93800.0,93800.0,-6200.0
7901,Maisie Schultz,paroli,100.0,100000.0,50000.0,1119,0,0.0,93800.0,93800.0,-6200.0
7902,Cody Burke,paroli,100.0,100000.0,50000.0,1115,1,0.0,94600.0,94600.0,-5400.0
7903,Vera Vaughan,paroli,100.0,100000.0,50000.0,1172,1,0.0,96700.0,96700.0,-3300.0
7904,Castiel Bravo,paroli,100.0,100000.0,50000.0,1121,0,0.0,84800.0,84800.0,-15200.0
7905,Amoura Fuentes,paroli,100.0,100000.0,50000.0,1111,1,0.0,86600.0,86600.0,-13400.0
7906,Bowen Cantrell,paroli,100.0,100000.0,50000.0,1091,0,0.0,80800.0,80800.0,-19200.0
7907,Yamileth Frost,paroli,100.0,100000.0,50000.0,1066,0,0.0,76100.0,76100.0,-23900.0
7908,Dario Eaton,paroli,100.0,100000.0,50000.0,1124,0,0.0,88500.0,88500.0,-11500.0
7909,Miley Gallegos,paroli,100.0,100000.0,50000.0,1153,2,0.0,96400.0,96400.0,-3600.0
7910,Jonas Norton,paroli,100.0,100000.0,50000.0,1190,2,0.0,100500.0,100500.0,500.0
7911,Kylee Hanson,paroli,100.0,100000.0,50000.0,1188,1,0.0,105600.0,105600.0,5600.0
7912,Khalil Conrad,paroli,100.0,100000.0,50000.0,1149,1,0.0,96100.0,96100.0,-3900.0
7913,Bexley Heath,paroli,100.0,100000.0,50000.0,1132,2,0.0,84800.0,84800.0,-15200.0
7914,Lionel Trevino,paroli,100.0,100000.0,50000.0,1114,3,0.0,87800.0,87800.0,-12200.0
7915,Priscilla Spencer,paroli,100.0,100000.0,50000.0,1133,0,0.0,91100.0,91100.0,-8900.0
7916,Ace Mercado,paroli,100.0,100000.0,50000.0,1195,1,0.0,100600.0,100600.0,600.0
7917,Mckinley Cain,paroli,100.0,100000.0,50000.0,1145,2,0.0,99000.0,99000.0,-1000.0
7918,Benson Lee,paroli,100.0,100000.0,50000.0,1142,1,0.0,94500.0,94500.0,-5500.0
7919,Scarlett Lane,paroli,100.0,100000.0,50000.0,1088,1,0.0,83100.0,83100.0,-16900.0
7920,Matias Felix,paroli,100.0,100000.0,50000.0,1147,0,0.0,94300.0,94300.0,-5700.0
7921,Paisleigh Macdonald,paroli,100.0,100000.0,50000.0,1186,6,0.0,100300.0,100300.0,300.0
7922,Hugh Blevins,paroli,100.0,100000.0,50000.0,1165,1,0.0,95700.0,95700.0,-4300.0
7923,Aila Hobbs,paroli,100.0,100000.0,50000.0,1171,3,0.0,98800.0,98800.0,-1200.0
7924,Brendan Shaffer,paroli,100.0,100000.0,50000.0,1101,2,0.0,82300.0,82300.0,-17700.0
7925,Alanna McCarthy,paroli,100.0,100000.0,50000.0,1178,2,0.0,98500.0,98500.0,-1500.0
7926,Devin Brown,paroli,100.0,100000.0,50000.0,1137,2,0.0,92300.0,92300.0,-7700.0
7927,Charlotte Garrison,paroli,100.0,100000.0,50000.0,1111,0,0.0,83600.0,83600.0,-16400.0
7928,Noe Savage,paroli,100.0,100000.0,50000.0,1126,0,0.0,86700.0,86700.0,-13300.0
7929,Louise Brooks,paroli,100.0,100000.0,50000.0,1116,2,0.0,86000.0,86000.0,-14000.0
7930,Jordan Drake,paroli,100.0,100000.0,50000.0,1168,0,0.0,97100.0,97100.0,-2900.0
7931,Jayleen Truong,paroli,100.0,100000.0,50000.0,1135,1,0.0,86200.0,86200.0,-13800.0
7932,Ayan Clements,paroli,100.0,100000.0,50000.0,1152,0,0.0,94300.0,94300.0,-5700.0
7933,Cara Villanueva,paroli,100.0,100000.0,50000.0,1120,1,0.0,88300.0,88300.0,-11700.0
7934,Huxley Scott,paroli,100.0,100000.0,50000.0,1152,2,0.0,93100.0,93100.0,-6900.0
7935,Aurora Cline,paroli,100.0,100000.0,50000.0,1144,0,0.0,88400.0,88400.0,-11600.0
7936,Cullen Montoya,paroli,100.0,100000.0,50000.0,1182,0,0.0,104300.0,104300.0,4300.0
7937,Kamryn Khan,paroli,100.0,100000.0,50000.0,1182,0,0.0,98000.0,98000.0,-2000.0
7938,Kendrick Livingston,paroli,100.0,100000.0,50000.0,1137,0,0.0,92600.0,92600.0,-7400.0
7939,Milena Cannon,paroli,100.0,100000.0,50000.0,1198,0,0.0,100600.0,100600.0,600.0
7940,Archie Pierce,paroli,100.0,100000.0,50000.0,1226,2,0.0,112700.0,112700.0,12700.0
7941,Arabella Kaur,paroli,100.0,100000.0,50000.0,1196,0,0.0,106200.0,106200.0,6200.0
7942,Augustine Faulkner,paroli,100.0,100000.0,50000.0,1166,1,0.0,95100.0,95100.0,-4900.0
7943,Ansley Williamson,paroli,100.0,100000.0,50000.0,1102,1,0.0,86500.0,86500.0,-13500.0
7944,Emerson Arnold,paroli,100.0,100000.0,50000.0,1196,1,0.0,101800.0,101800.0,1800.0
7945,Finley Valdez,paroli,100.0,100000.0,50000.0,1157,0,0.0,90900.0,90900.0,-9100.0
7946,Kyler Gallegos,paroli,100.0,100000.0,50000.0,1128,1,0.0,93900.0,93900.0,-6100.0
7947,Ari Truong,paroli,100.0,100000.0,50000.0,1145,0,0.0,94600.0,94600.0,-5400.0
7948,Ayan Peck,paroli,100.0,100000.0,50000.0,1117,1,0.0,87000.0,87000.0,-13000.0
7949,Crystal Gilbert,paroli,100.0,100000.0,50000.0,1101,0,0.0,88200.0,88200.0,-11800.0
7950,Tobias Houston,paroli,100.0,100000.0,50000.0,1122,1,0.0,88700.0,88700.0,-11300.0
7951,Lylah Guzman,paroli,100.0,100000.0,50000.0,1084,0,0.0,81800.0,81800.0,-18200.0
7952,Jude Cordova,paroli,100.0,100000.0,50000.0,1162,0,0.0,101800.0,101800.0,1800.0
7953,Florence Quintana,paroli,100.0,100000.0,50000.0,1206,1,0.0,104900.0,104900.0,4900.0
7954,Kelvin Zavala,paroli,100.0,100000.0,50000.0,1159,2,0.0,95300.0,95300.0,-4700.0
7955,Liv Lu,paroli,100.0,100000.0,50000.0,1173,1,0.0,96800.0,96800.0,-3200.0
7956,Duncan Manning,paroli,100.0,100000.0,50000.0,1175,0,0.0,94200.0,94200.0,-5800.0
7957,Jennifer Stephenson,paroli,100.0,100000.0,50000.0,1120,2,0.0,86700.0,86700.0,-13300.0
7958,Joe Christian,paroli,100.0,100000.0,50000.0,1144,0,0.0,93200.0,93200.0,-6800.0
7959,Anahi Gates,paroli,100.0,100000.0,50000.0,1125,0,0.0,91900.0,91900.0,-8100.0
7960,Ermias Greer,paroli,100.0,100000.0,50000.0,1148,0,0.0,94800.0,94800.0,-5200.0
7961,Reina Reyna,paroli,100.0,100000.0,50000.0,1155,1,0.0,89600.0,89600.0,-10400.0
7962,Reginald Cochran,paroli,100.0,100000.0,50000.0,1138,0,0.0,93500.0,93500.0,-6500.0
7963,Alma Becker,paroli,100.0,100000.0,50000.0,1084,0,0.0,84900.0,84900.0,-15100.0
7964,Lawson Cook,paroli,100.0,100000.0,50000.0,1143,0,0.0,91300.0,91300.0,-8700.0
7965,Aaliyah Mitchell,paroli,100.0,100000.0,50000.0,1147,2,0.0,94300.0,94300.0,-5700.0
7966,Jaxon Wood,paroli,100.0,100000.0,50000.0,1165,0,0.0,100400.0,100400.0,400.0
7967,Natalia Barber,paroli,100.0,100000.0,50000.0,1143,0,0.0,93100.0,93100.0,-6900.0
7968,Solomon Sandoval,paroli,100.0,100000.0,50000.0,1169,1,0.0,98100.0,98100.0,-1900.0
7969,Elsie Serrano,paroli,100.0,100000.0,50000.0,1115,3,0.0,83700.0,83700.0,-16300.0
7970,Milan Burch,paroli,100.0,100000.0,50000.0,1160,0,0.0,98600.0,98600.0,-1400.0
7971,Freyja Fletcher,paroli,100.0,100000.0,50000.0,1154,0,0.0,98000.0,98000.0,-2000.0
7972,Jay Wade,paroli,100.0,100000.0,50000.0,1099,0,0.0,84400.0,84400.0,-15600.0
7973,Evie Carlson,paroli,100.0,100000.0,50000.0,1210,3,0.0,106000.0,106000.0,6000.0
7974,Paul Castillo,paroli,100.0,100000.0,50000.0,1172,2,0.0,98000.0,98000.0,-2000.0
7975,Eva Hendrix,paroli,100.0,100000.0,50000.0,1193,0,0.0,100800.0,100800.0,800.0
7976,Korbyn Montgomery,paroli,100.0,100000.0,50000.0,1140,3,0.0,92600.0,92600.0,-7400.0
7977,Evangeline Schmitt,paroli,100.0,100000.0,50000.0,1175,1,0.0,98200.0,98200.0,-1800.0
7978,Murphy Calhoun,paroli,100.0,100000.0,50000.0,1121,1,0.0,86900.0,86900.0,-13100.0
7979,Thalia Terrell,paroli,100.0,100000.0,50000.0,1151,0,0.0,95600.0,95600.0,-4400.0
7980,Jaxen Gould,paroli,100.0,100000.0,50000.0,1138,0,0.0,94100.0,94100.0,-5900.0
7981,Violeta Erickson,paroli,100.0,100000.0,50000.0,1198,1,0.0,104100.0,104100.0,4100.0
7982,Johnny George,paroli,100.0,100000.0,50000.0,1188,0,0.0,105700.0,105700.0,5700.0
7983,Adelyn Pearson,paroli,100.0,100000.0,50000.0,1144,0,0.0,96600.0,96600.0,-3400.0
7984,Gunner Nicholson,paroli,100.0,100000.0,50000.0,1140,2,0.0,92100.0,92100.0,-7900.0
7985,Justice Cobb,paroli,100.0,100000.0,50000.0,1167,2,0.0,94800.0,94800.0,-5200.0
7986,Raphael Patel,paroli,100.0,100000.0,50000.0,1139,1,0.0,91500.0,91500.0,-8500.0
7987,Madeline Logan,paroli,100.0,100000.0,50000.0,1145,2,0.0,91100.0,91100.0,-8900.0
7988,Rocco Harrell,paroli,100.0,100000.0,50000.0,1167,0,0.0,96800.0,96800.0,-3200.0
7989,Kara Dudley,paroli,100.0,100000.0,50000.0,1142,0,0.0,91100.0,91100.0,-8900.0
7990,Colter Floyd,paroli,100.0,100000.0,50000.0,1164,0,0.0,96100.0,96100.0,-3900.0
7991,Yaretzi Jensen,paroli,100.0,100000.0,50000.0,1169,0,0.0,96800.0,96800.0,-3200.0
7992,Cash Ellis,paroli,100.0,100000.0,50000.0,1120,0,0.0,88800.0,88800.0,-11200.0
7993,Ayla Sampson,paroli,100.0,100000.0,50000.0,1231,1,0.0,110400.0,110400.0,10400.0
7994,Cain Ventura,paroli,100.0,100000.0,50000.0,1129,0,0.0,87400.0,87400.0,-12600.0
7995,Zora Park,paroli,100.0,100000.0,50000.0,1125,2,0.0,88500.0,88500.0,-11500.0
7996,Daxton Pham,paroli,100.0,100000.0,50000.0,1118,0,0.0,77600.0,77600.0,-22400.0
7997,Raelyn Clark,paroli,100.0,100000.0,50000.0,1159,2,0.0,97100.0,97100.0,-2900.0
7998,John Christensen,paroli,100.0,100000.0,50000.0,1102,1,0.0,89900.0,89900.0,-10100.0
7999,Carmen Spence,paroli,100.0,100000.0,50000.0,1125,0,0.0,91600.0,91600.0,-8400.0
8000,Cillian Mason,paroli,100.0,100000.0,50000.0,1123,1,0.0,89700.0,89700.0,-10300.0
8001,Magnolia Foster,paroli,100.0,100000.0,50000.0,1155,1,0.0,91200.0,91200.0,-8800.0
8002,Kayden Cox,paroli,100.0,100000.0,50000.0,1113,1,0.0,86200.0,86200.0,-13800.0
8003,Sadie Costa,paroli,100.0,100000.0,50000.0,1124,0,0.0,92900.0,92900.0,-7100.0
8004,Kenji Person,paroli,100.0,100000.0,50000.0,1160,3,0.0,97900.0,97900.0,-2100.0
8005,Dylan Webb,paroli,100.0,100000.0,50000.0,1175,0,0.0,102600.0,102600.0,2600.0
8006,Lorenzo Phan,paroli,100.0,100000.0,50000.0,1150,1,0.0,94100.0,94100.0,-5900.0
8007,Elsa Avalos,paroli,100.0,100000.0,50000.0,1154,0,0.0,95900.0,95900.0,-4100.0
8008,Coen Whitehead,paroli,100.0,100000.0,50000.0,1156,0,0.0,98600.0,98600.0,-1400.0
8009,Sylvie Richardson,paroli,100.0,100000.0,50000.0,1150,0,0.0,95600.0,95600.0,-4400.0
8010,Robert George,paroli,100.0,100000.0,50000.0,1109,1,0.0,83800.0,83800.0,-16200.0
8011,Adelyn Morales,paroli,100.0,100000.0,50000.0,1105,1,0.0,87300.0,87300.0,-12700.0
8012,Aaron Horn,paroli,100.0,100000.0,50000.0,1166,3,0.0,95900.0,95900.0,-4100.0
8013,Avah Nelson,paroli,100.0,100000.0,50000.0,1184,0,0.0,100100.0,100100.0,100.0
8014,Dylan Marsh,paroli,100.0,100000.0,50000.0,1135,0,0.0,92500.0,92500.0,-7500.0
8015,Adelina Blankenship,paroli,100.0,100000.0,50000.0,1158,2,0.0,96600.0,96600.0,-3400.0
8016,Ernesto Salazar,paroli,100.0,100000.0,50000.0,1136,0,0.0,92500.0,92500.0,-7500.0
8017,Freya Kelly,paroli,100.0,100000.0,50000.0,1135,2,0.0,89800.0,89800.0,-10200.0
8018,Cooper Wilcox,paroli,100.0,100000.0,50000.0,1221,4,0.0,110400.0,110400.0,10400.0
8019,Ashlyn Chase,paroli,100.0,100000.0,50000.0,1157,3,0.0,96700.0,96700.0,-3300.0
8020,Otis Tran,paroli,100.0,100000.0,50000.0,1106,1,0.0,86300.0,86300.0,-13700.0
8021,Kylie Hancock,paroli,100.0,100000.0,50000.0,1109,0,0.0,86800.0,86800.0,-13200.0
8022,Rex Brewer,paroli,100.0,100000.0,50000.0,1145,1,0.0,98500.0,98500.0,-1500.0
8023,Thea Barton,paroli,100.0,100000.0,50000.0,1146,2,0.0,97600.0,97600.0,-2400.0
8024,Cassius Pacheco,paroli,100.0,100000.0,50000.0,1183,1,0.0,103600.0,103600.0,3600.0
8025,Paris Logan,paroli,100.0,100000.0,50000.0,1148,2,0.0,93600.0,93600.0,-6400.0
8026,Rocco Spears,paroli,100.0,100000.0,50000.0,1146,0,0.0,97200.0,97200.0,-2800.0
8027,Isabela Wright,paroli,100.0,100000.0,50000.0,1172,1,0.0,98100.0,98100.0,-1900.0
8028,Grayson Oliver,paroli,100.0,100000.0,50000.0,1130,3,0.0,90500.0,90500.0,-9500.0
8029,Camille Dejesus,paroli,100.0,100000.0,50000.0,1161,0,0.0,98200.0,98200.0,-1800.0
8030,Rio Todd,paroli,100.0,100000.0,50000.0,1158,0,0.0,94300.0,94300.0,-5700.0
8031,Zariah Mann,paroli,100.0,100000.0,50000.0,1182,0,0.0,100500.0,100500.0,500.0
8032,Nehemiah Turner,paroli,100.0,100000.0,50000.0,1174,0,0.0,99600.0,99600.0,-400.0
8033,Brooklyn Dawson,paroli,100.0,100000.0,50000.0,1129,2,0.0,96000.0,96000.0,-4000.0
8034,Iker Galvan,paroli,100.0,100000.0,50000.0,1133,4,0.0,87700.0,87700.0,-12300.0
8035,Dallas Henderson,paroli,100.0,100000.0,50000.0,1144,0,0.0,88800.0,88800.0,-11200.0
8036,Beau Keith,paroli,100.0,100000.0,50000.0,1167,0,0.0,101700.0,101700.0,1700.0
8037,Elyse Everett,paroli,100.0,100000.0,50000.0,1138,3,0.0,94700.0,94700.0,-5300.0
8038,Camilo Kirk,paroli,100.0,100000.0,50000.0,1173,0,0.0,103700.0,103700.0,3700.0
8039,Ellis Hoover,paroli,100.0,100000.0,50000.0,1167,0,0.0,101000.0,101000.0,1000.0
8040,Jaziel Porter,paroli,100.0,100000.0,50000.0,1142,1,0.0,92200.0,92200.0,-7800.0
8041,Ryleigh Mendoza,paroli,100.0,100000.0,50000.0,1119,1,0.0,88900.0,88900.0,-11100.0
8042,Dominic Morgan,paroli,100.0,100000.0,50000.0,1177,0,0.0,101100.0,101100.0,1100.0
8043,Delilah King,paroli,100.0,100000.0,50000.0,1128,0,0.0,88700.0,88700.0,-11300.0
8044,Julian Rodriguez,paroli,100.0,100000.0,50000.0,1196,2,0.0,103800.0,103800.0,3800.0
8045,Evelyn Beasley,paroli,100.0,100000.0,50000.0,1191,0,0.0,98900.0,98900.0,-1100.0
8046,Stanley Campos,paroli,100.0,100000.0,50000.0,1217,0,0.0,109100.0,109100.0,9100.0
8047,Sutton Chung,paroli,100.0,100000.0,50000.0,1131,1,0.0,91100.0,91100.0,-8900.0
8048,Ira Lugo,paroli,100.0,100000.0,50000.0,1114,0,0.0,88600.0,88600.0,-11400.0
8049,Kaylie Evans,paroli,100.0,100000.0,50000.0,1192,2,0.0,101100.0,101100.0,1100.0
8050,Elias Conrad,paroli,100.0,100000.0,50000.0,1151,1,0.0,93100.0,93100.0,-6900.0
8051,Bexley Bass,paroli,100.0,100000.0,50000.0,1210,1,0.0,103500.0,103500.0,3500.0
8052,Landen Cline,paroli,100.0,100000.0,50000.0,1144,0,0.0,90100.0,90100.0,-9900.0
8053,Lina Blake,paroli,100.0,100000.0,50000.0,1154,0,0.0,100600.0,100600.0,600.0
8054,Zyaire Bryant,paroli,100.0,100000.0,50000.0,1118,0,0.0,95600.0,95600.0,-4400.0
8055,Parker Horn,paroli,100.0,100000.0,50000.0,1195,1,0.0,108300.0,108300.0,8300.0
8056,Wilson Hansen,paroli,100.0,100000.0,50000.0,1144,0,0.0,95900.0,95900.0,-4100.0
8057,Hope Santos,paroli,100.0,100000.0,50000.0,1202,2,0.0,109200.0,109200.0,9200.0
8058,Walker Chambers,paroli,100.0,100000.0,50000.0,1168,1,0.0,97500.0,97500.0,-2500.0
8059,Makayla Love,paroli,100.0,100000.0,50000.0,1103,4,0.0,83800.0,83800.0,-16200.0
8060,Jeffrey McIntosh,paroli,100.0,100000.0,50000.0,1150,2,0.0,94900.0,94900.0,-5100.0
8061,Gwen Bennett,paroli,100.0,100000.0,50000.0,1144,2,0.0,94500.0,94500.0,-5500.0
8062,Leonardo Pena,paroli,100.0,100000.0,50000.0,1130,0,0.0,91200.0,91200.0,-8800.0
8063,Rachel Meadows,paroli,100.0,100000.0,50000.0,1135,1,0.0,91200.0,91200.0,-8800.0
8064,Wayne Compton,paroli,100.0,100000.0,50000.0,1179,1,0.0,105100.0,105100.0,5100.0
8065,Elina Davis,paroli,100.0,100000.0,50000.0,1194,1,0.0,99900.0,99900.0,-100.0
8066,Lucas Hinton,paroli,100.0,100000.0,50000.0,1187,2,0.0,103500.0,103500.0,3500.0
8067,Jaelynn Woodard,paroli,100.0,100000.0,50000.0,1135,0,0.0,92300.0,92300.0,-7700.0
8068,Westley Roberts,paroli,100.0,100000.0,50000.0,1151,1,0.0,93700.0,93700.0,-6300.0
8069,Paisley Camacho,paroli,100.0,100000.0,50000.0,1151,1,0.0,101500.0,101500.0,1500.0
8070,Tatum Choi,paroli,100.0,100000.0,50000.0,1176,0,0.0,96400.0,96400.0,-3600.0
8071,Karla Andersen,paroli,100.0,100000.0,50000.0,1183,2,0.0,102000.0,102000.0,2000.0
8072,Alistair Blankenship,paroli,100.0,100000.0,50000.0,1184,2,0.0,105200.0,105200.0,5200.0
8073,Rosalee Ibarra,paroli,100.0,100000.0,50000.0,1152,0,0.0,91800.0,91800.0,-8200.0
8074,Asa Odom,paroli,100.0,100000.0,50000.0,1113,1,0.0,87000.0,87000.0,-13000.0
8075,Laylani Meyer,paroli,100.0,100000.0,50000.0,1123,0,0.0,86700.0,86700.0,-13300.0
8076,Tristan Hicks,paroli,100.0,100000.0,50000.0,1191,2,0.0,100700.0,100700.0,700.0
8077,Alina Dunlap,paroli,100.0,100000.0,50000.0,1166,1,0.0,99300.0,99300.0,-700.0
8078,Aries Cline,paroli,100.0,100000.0,50000.0,1139,1,0.0,90900.0,90900.0,-9100.0
8079,Lina Rowe,paroli,100.0,100000.0,50000.0,1148,0,0.0,91400.0,91400.0,-8600.0
8080,Kamden Villegas,paroli,100.0,100000.0,50000.0,1127,0,0.0,91200.0,91200.0,-8800.0
8081,Jessie Maynard,paroli,100.0,100000.0,50000.0,1167,2,0.0,95500.0,95500.0,-4500.0
8082,Landry Benitez,paroli,100.0,100000.0,50000.0,1127,0,0.0,94900.0,94900.0,-5100.0
8083,Aliza Hahn,paroli,100.0,100000.0,50000.0,1138,1,0.0,92100.0,92100.0,-7900.0
8084,Kabir Morrison,paroli,100.0,100000.0,50000.0,1121,3,0.0,88700.0,88700.0,-11300.0
8085,Rebecca Dodson,paroli,100.0,100000.0,50000.0,1105,1,0.0,91200.0,91200.0,-8800.0
8086,Seven Wu,paroli,100.0,100000.0,50000.0,1167,4,0.0,92700.0,92700.0,-7300.0
8087,Liana McKenzie,paroli,100.0,100000.0,50000.0,1118,1,0.0,87400.0,87400.0,-12600.0
8088,Scott Conner,paroli,100.0,100000.0,50000.0,1149,1,0.0,93800.0,93800.0,-6200.0
8089,Alondra Gonzales,paroli,100.0,100000.0,50000.0,1150,2,0.0,89700.0,89700.0,-10300.0
8090,Brayden Shaw,paroli,100.0,100000.0,50000.0,1172,0,0.0,101700.0,101700.0,1700.0
8091,Emersyn Reyes,paroli,100.0,100000.0,50000.0,1164,0,0.0,99500.0,99500.0,-500.0
8092,Eli Barron,paroli,100.0,100000.0,50000.0,1203,0,0.0,105000.0,105000.0,5000.0
8093,Anya Young,paroli,100.0,100000.0,50000.0,1139,0,0.0,90900.0,90900.0,-9100.0
8094,Asher McIntyre,paroli,100.0,100000.0,50000.0,1102,1,0.0,89500.0,89500.0,-10500.0
8095,Rebekah Tate,paroli,100.0,100000.0,50000.0,1171,2,0.0,98900.0,98900.0,-1100.0
8096,Dalton Bryant,paroli,100.0,100000.0,50000.0,1152,2,0.0,96000.0,96000.0,-4000.0
8097,Parker Callahan,paroli,100.0,100000.0,50000.0,1124,0,0.0,88000.0,88000.0,-12000.0
8098,Quinton Sharp,paroli,100.0,100000.0,50000.0,1151,2,0.0,95600.0,95600.0,-4400.0
8099,Camryn Cox,paroli,100.0,100000.0,50000.0,1149,3,0.0,96300.0,96300.0,-3700.0
8100,Connor David,paroli,100.0,100000.0,50000.0,1098,0,0.0,83700.0,83700.0,-16300.0
8101,Haylee Hanson,paroli,100.0,100000.0,50000.0,1139,2,0.0,96000.0,96000.0,-4000.0
8102,Khalil Adams,paroli,100.0,100000.0,50000.0,1135,2,0.0,93000.0,93000.0,-7000.0
8103,Stella Roy,paroli,100.0,100000.0,50000.0,1178,0,0.0,95200.0,95200.0,-4800.0
8104,Marcelo Esparza,paroli,100.0,100000.0,50000.0,1170,1,0.0,100300.0,100300.0,300.0
8105,Ramona Barrera,paroli,100.0,100000.0,50000.0,1079,1,0.0,82400.0,82400.0,-17600.0
8106,Makai Hodge,paroli,100.0,100000.0,50000.0,1159,2,0.0,96000.0,96000.0,-4000.0
8107,Coraline Avery,paroli,100.0,100000.0,50000.0,1151,4,0.0,91600.0,91600.0,-8400.0
8108,Jakari Lugo,paroli,100.0,100000.0,50000.0,1138,3,0.0,89200.0,89200.0,-10800.0
8109,Kaylie Hendricks,paroli,100.0,100000.0,50000.0,1169,0,0.0,97000.0,97000.0,-3000.0
8110,Dash Blevins,paroli,100.0,100000.0,50000.0,1129,0,0.0,90600.0,90600.0,-9400.0
8111,Aila Ho,paroli,100.0,100000.0,50000.0,1155,0,0.0,95900.0,95900.0,-4100.0
8112,Morgan Wilcox,paroli,100.0,100000.0,50000.0,1156,4,0.0,97000.0,97000.0,-3000.0
8113,Ashlyn Moss,paroli,100.0,100000.0,50000.0,1183,0,0.0,103500.0,103500.0,3500.0
8114,Porter Day,paroli,100.0,100000.0,50000.0,1113,0,0.0,84600.0,84600.0,-15400.0
8115,Hayden Dennis,paroli,100.0,100000.0,50000.0,1151,5,0.0,95900.0,95900.0,-4100.0
8116,Emanuel Blevins,paroli,100.0,100000.0,50000.0,1141,3,0.0,91800.0,91800.0,-8200.0
8117,Aila Morse,paroli,100.0,100000.0,50000.0,1117,1,0.0,82000.0,82000.0,-18000.0
8118,Bode Sellers,paroli,100.0,100000.0,50000.0,1157,4,0.0,93400.0,93400.0,-6600.0
8119,Mercy Sheppard,paroli,100.0,100000.0,50000.0,1161,0,0.0,99500.0,99500.0,-500.0
8120,Trent Tate,paroli,100.0,100000.0,50000.0,1138,2,0.0,90700.0,90700.0,-9300.0
8121,Skye Bartlett,paroli,100.0,100000.0,50000.0,1158,2,0.0,97800.0,97800.0,-2200.0
8122,Kace Whitney,paroli,100.0,100000.0,50000.0,1147,1,0.0,97700.0,97700.0,-2300.0
8123,Madalynn Galvan,paroli,100.0,100000.0,50000.0,1175,0,0.0,107000.0,107000.0,7000.0
8124,Kingsley Owens,paroli,100.0,100000.0,50000.0,1145,1,0.0,88200.0,88200.0,-11800.0
8125,Amaya Vance,paroli,100.0,100000.0,50000.0,1099,4,0.0,87000.0,87000.0,-13000.0
8126,Casen Stevenson,paroli,100.0,100000.0,50000.0,1110,0,0.0,84100.0,84100.0,-15900.0
8127,Regina Turner,paroli,100.0,100000.0,50000.0,1134,0,0.0,90100.0,90100.0,-9900.0
8128,Joshua Stout,paroli,100.0,100000.0,50000.0,1120,0,0.0,92300.0,92300.0,-7700.0
8129,Chana Valenzuela,paroli,100.0,100000.0,50000.0,1182,0,0.0,104100.0,104100.0,4100.0
8130,Jamari Freeman,paroli,100.0,100000.0,50000.0,1185,3,0.0,100400.0,100400.0,400.0
8131,Norah Stein,paroli,100.0,100000.0,50000.0,1144,1,0.0,95100.0,95100.0,-4900.0
8132,Creed Goodman,paroli,100.0,100000.0,50000.0,1111,0,0.0,82000.0,82000.0,-18000.0
8133,Carolina Miles,paroli,100.0,100000.0,50000.0,1198,0,0.0,106200.0,106200.0,6200.0
8134,Jared Guzman,paroli,100.0,100000.0,50000.0,1210,3,0.0,110000.0,110000.0,10000.0
8135,Ashley Lawrence,paroli,100.0,100000.0,50000.0,1152,0,0.0,94000.0,94000.0,-6000.0
8136,Kaleb Person,paroli,100.0,100000.0,50000.0,1134,1,0.0,94100.0,94100.0,-5900.0
8137,Dylan Lugo,paroli,100.0,100000.0,50000.0,1137,0,0.0,92100.0,92100.0,-7900.0
8138,Santos Leach,paroli,100.0,100000.0,50000.0,1169,0,0.0,98800.0,98800.0,-1200.0
8139,Martha Pena,paroli,100.0,100000.0,50000.0,1117,0,0.0,90500.0,90500.0,-9500.0
8140,Marcus Farley,paroli,100.0,100000.0,50000.0,1176,1,0.0,99300.0,99300.0,-700.0
8141,Wrenley Knight,paroli,100.0,100000.0,50000.0,1133,0,0.0,93500.0,93500.0,-6500.0
8142,Beckett Armstrong,paroli,100.0,100000.0,50000.0,1195,1,0.0,107200.0,107200.0,7200.0
8143,Presley O’Neill,paroli,100.0,100000.0,50000.0,1158,1,0.0,94400.0,94400.0,-5600.0
8144,Marcel Shepherd,paroli,100.0,100000.0,50000.0,1174,1,0.0,97900.0,97900.0,-2100.0
8145,Katalina Scott,paroli,100.0,100000.0,50000.0,1155,0,0.0,96900.0,96900.0,-3100.0
8146,Leo Wheeler,paroli,100.0,100000.0,50000.0,1146,0,0.0,90500.0,90500.0,-9500.0
8147,Sydney Novak,paroli,100.0,100000.0,50000.0,1146,1,0.0,96800.0,96800.0,-3200.0
8148,Bishop Leon,paroli,100.0,100000.0,50000.0,1155,0,0.0,96100.0,96100.0,-3900.0
8149,Amora Madden,paroli,100.0,100000.0,50000.0,1113,0,0.0,87000.0,87000.0,-13000.0
8150,Everest Evans,paroli,100.0,100000.0,50000.0,1116,0,0.0,88000.0,88000.0,-12000.0
8151,Eliana Douglas,paroli,100.0,100000.0,50000.0,1118,1,0.0,88500.0,88500.0,-11500.0
8152,Derek Spencer,paroli,100.0,100000.0,50000.0,1111,1,0.0,87200.0,87200.0,-12800.0
8153,Alyssa Flowers,paroli,100.0,100000.0,50000.0,1174,0,0.0,103600.0,103600.0,3600.0
8154,Saul Gross,paroli,100.0,100000.0,50000.0,1092,0,0.0,84900.0,84900.0,-15100.0
8155,Angel Ayers,paroli,100.0,100000.0,50000.0,1205,0,0.0,111800.0,111800.0,11800.0
8156,Ulises Farley,paroli,100.0,100000.0,50000.0,1169,0,0.0,97200.0,97200.0,-2800.0
8157,Wrenley Holt,paroli,100.0,100000.0,50000.0,1211,0,0.0,106500.0,106500.0,6500.0
8158,Niko Johnson,paroli,100.0,100000.0,50000.0,1113,1,0.0,90400.0,90400.0,-9600.0
8159,Emma Fleming,paroli,100.0,100000.0,50000.0,1155,0,0.0,98000.0,98000.0,-2000.0
8160,Fernando Odom,paroli,100.0,100000.0,50000.0,1117,1,0.0,87000.0,87000.0,-13000.0
8161,Laylani Mitchell,paroli,100.0,100000.0,50000.0,1141,0,0.0,92600.0,92600.0,-7400.0
8162,Jaxon Best,paroli,100.0,100000.0,50000.0,1142,0,0.0,94000.0,94000.0,-6000.0
8163,Lexie Willis,paroli,100.0,100000.0,50000.0,1178,1,0.0,105800.0,105800.0,5800.0
8164,Remington Richard,paroli,100.0,100000.0,50000.0,1152,0,0.0,93900.0,93900.0,-6100.0
8165,Davina O’brien,paroli,100.0,100000.0,50000.0,1190,1,0.0,103300.0,103300.0,3300.0
8166,Riley Robles,paroli,100.0,100000.0,50000.0,1155,2,0.0,97000.0,97000.0,-3000.0
8167,Felicity Bravo,paroli,100.0,100000.0,50000.0,1103,1,0.0,85500.0,85500.0,-14500.0
8168,Genesis Stokes,paroli,100.0,100000.0,50000.0,1170,3,0.0,101200.0,101200.0,1200.0
8169,Miranda Baker,paroli,100.0,100000.0,50000.0,1090,1,0.0,79400.0,79400.0,-20600.0
8170,Ezra Rush,paroli,100.0,100000.0,50000.0,1183,0,0.0,103100.0,103100.0,3100.0
8171,Maleah Chapman,paroli,100.0,100000.0,50000.0,1181,0,0.0,100300.0,100300.0,300.0
8172,Knox Stewart,paroli,100.0,100000.0,50000.0,1168,2,0.0,97800.0,97800.0,-2200.0
8173,Maya Vega,paroli,100.0,100000.0,50000.0,1097,3,0.0,83500.0,83500.0,-16500.0
8174,Aidan Norton,paroli,100.0,100000.0,50000.0,1125,0,0.0,91500.0,91500.0,-8500.0
8175,Kylee Arnold,paroli,100.0,100000.0,50000.0,1188,0,0.0,101400.0,101400.0,1400.0
8176,Abraham Weiss,paroli,100.0,100000.0,50000.0,1136,0,0.0,90700.0,90700.0,-9300.0
8177,Lennox Bentley,paroli,100.0,100000.0,50000.0,1152,1,0.0,98500.0,98500.0,-1500.0
8178,Randy Cano,paroli,100.0,100000.0,50000.0,1142,1,0.0,90900.0,90900.0,-9100.0
8179,Egypt Hicks,paroli,100.0,100000.0,50000.0,1160,1,0.0,97500.0,97500.0,-2500.0
8180,Maddox Knight,paroli,100.0,100000.0,50000.0,1140,3,0.0,92600.0,92600.0,-7400.0
8181,Gracie Carey,paroli,100.0,100000.0,50000.0,1133,0,0.0,89600.0,89600.0,-10400.0
8182,Watson Casey,paroli,100.0,100000.0,50000.0,1149,0,0.0,93600.0,93600.0,-6400.0
8183,Sylvia Lam,paroli,100.0,100000.0,50000.0,1139,1,0.0,89800.0,89800.0,-10200.0
8184,Bodie Avery,paroli,100.0,100000.0,50000.0,1171,0,0.0,98500.0,98500.0,-1500.0
8185,Meghan Rivera,paroli,100.0,100000.0,50000.0,1174,0,0.0,103800.0,103800.0,3800.0
8186,Charles Moreno,paroli,100.0,100000.0,50000.0,1167,0,0.0,98200.0,98200.0,-1800.0
8187,Mary Norris,paroli,100.0,100000.0,50000.0,1160,1,0.0,93900.0,93900.0,-6100.0
8188,Cairo Humphrey,paroli,100.0,100000.0,50000.0,1178,0,0.0,97500.0,97500.0,-2500.0
8189,Journi Gonzalez,paroli,100.0,100000.0,50000.0,1186,0,0.0,100500.0,100500.0,500.0
8190,Ethan Lin,paroli,100.0,100000.0,50000.0,1113,0,0.0,85700.0,85700.0,-14300.0
8191,Makenna Fischer,paroli,100.0,100000.0,50000.0,1162,1,0.0,97900.0,97900.0,-2100.0
8192,Leonidas Rivera,paroli,100.0,100000.0,50000.0,1112,0,0.0,85100.0,85100.0,-14900.0
8193,Lillian Gallegos,paroli,100.0,100000.0,50000.0,1124,0,0.0,92600.0,92600.0,-7400.0
8194,Jonas Daniels,paroli,100.0,100000.0,50000.0,1179,2,0.0,101500.0,101500.0,1500.0
8195,Ember Murphy,paroli,100.0,100000.0,50000.0,1184,0,0.0,100800.0,100800.0,800.0
8196,Cameron Choi,paroli,100.0,100000.0,50000.0,1149,0,0.0,90900.0,90900.0,-9100.0
8197,Karla Hahn,paroli,100.0,100000.0,50000.0,1150,0,0.0,98100.0,98100.0,-1900.0
8198,Kabir Griffith,paroli,100.0,100000.0,50000.0,1152,1,0.0,94300.0,94300.0,-5700.0
8199,Alicia West,paroli,100.0,100000.0,50000.0,1146,0,0.0,94800.0,94800.0,-5200.0
8200,Diego Frye,paroli,100.0,100000.0,50000.0,1103,0,0.0,86500.0,86500.0,-13500.0
8201,Raya Malone,paroli,100.0,100000.0,50000.0,1158,1,0.0,93000.0,93000.0,-7000.0
8202,Ruben Odom,paroli,100.0,100000.0,50000.0,1129,0,0.0,88100.0,88100.0,-11900.0
8203,Laylani Munoz,paroli,100.0,100000.0,50000.0,1164,1,0.0,93600.0,93600.0,-6400.0
8204,Justin Cannon,paroli,100.0,100000.0,50000.0,1152,4,0.0,95600.0,95600.0,-4400.0
8205,Noa Lester,paroli,100.0,100000.0,50000.0,1186,2,0.0,96200.0,96200.0,-3800.0
8206,Lee McIntosh,paroli,100.0,100000.0,50000.0,1229,0,0.0,113300.0,113300.0,13300.0
8207,Gwen Medina,paroli,100.0,100000.0,50000.0,1169,3,0.0,103100.0,103100.0,3100.0
8208,George Huang,paroli,100.0,100000.0,50000.0,1096,0,0.0,83300.0,83300.0,-16700.0
8209,Francesca Zuniga,paroli,100.0,100000.0,50000.0,1160,2,0.0,96200.0,96200.0,-3800.0
8210,Sincere Cantu,paroli,100.0,100000.0,50000.0,1143,0,0.0,97800.0,97800.0,-2200.0
8211,Galilea Archer,paroli,100.0,100000.0,50000.0,1149,2,0.0,99400.0,99400.0,-600.0
8212,Ephraim Andrade,paroli,100.0,100000.0,50000.0,1146,0,0.0,94400.0,94400.0,-5600.0
8213,Emmy Michael,paroli,100.0,100000.0,50000.0,1195,2,0.0,105600.0,105600.0,5600.0
8214,Bronson Fowler,paroli,100.0,100000.0,50000.0,1151,2,0.0,96900.0,96900.0,-3100.0
8215,Lennon Lewis,paroli,100.0,100000.0,50000.0,1143,1,0.0,95900.0,95900.0,-4100.0
8216,Wyatt Eaton,paroli,100.0,100000.0,50000.0,1166,1,0.0,98600.0,98600.0,-1400.0
8217,Miley Pacheco,paroli,100.0,100000.0,50000.0,1179,2,0.0,99700.0,99700.0,-300.0
8218,Erik Chase,paroli,100.0,100000.0,50000.0,1186,1,0.0,101400.0,101400.0,1400.0
8219,Angie Corona,paroli,100.0,100000.0,50000.0,1201,0,0.0,108500.0,108500.0,8500.0
8220,Darian Berry,paroli,100.0,100000.0,50000.0,1140,0,0.0,94600.0,94600.0,-5400.0
8221,Annabelle Yates,paroli,100.0,100000.0,50000.0,1148,1,0.0,95700.0,95700.0,-4300.0
8222,Braylon Bean,paroli,100.0,100000.0,50000.0,1149,1,0.0,91100.0,91100.0,-8900.0
8223,Jenesis Richmond,paroli,100.0,100000.0,50000.0,1153,2,0.0,93000.0,93000.0,-7000.0
8224,Mordechai Kemp,paroli,100.0,100000.0,50000.0,1141,0,0.0,94400.0,94400.0,-5600.0
8225,Anika Roy,paroli,100.0,100000.0,50000.0,1116,0,0.0,93000.0,93000.0,-7000.0
8226,Marcelo Watts,paroli,100.0,100000.0,50000.0,1130,0,0.0,92000.0,92000.0,-8000.0
8227,Melissa Rosas,paroli,100.0,100000.0,50000.0,1096,0,0.0,86400.0,86400.0,-13600.0
8228,Remi Parra,paroli,100.0,100000.0,50000.0,1184,0,0.0,101000.0,101000.0,1000.0
8229,Dalary O’Neill,paroli,100.0,100000.0,50000.0,1133,0,0.0,90900.0,90900.0,-9100.0
8230,Marcel Espinosa,paroli,100.0,100000.0,50000.0,1155,2,0.0,98100.0,98100.0,-1900.0
8231,Braylee Bowers,paroli,100.0,100000.0,50000.0,1205,1,0.0,100800.0,100800.0,800.0
8232,Dorian Dalton,paroli,100.0,100000.0,50000.0,1100,2,0.0,84900.0,84900.0,-15100.0
8233,Lilian Dudley,paroli,100.0,100000.0,50000.0,1160,0,0.0,97200.0,97200.0,-2800.0
8234,Colter Colon,paroli,100.0,100000.0,50000.0,1147,1,0.0,93500.0,93500.0,-6500.0
8235,Remy McGee,paroli,100.0,100000.0,50000.0,1136,2,0.0,96200.0,96200.0,-3800.0
8236,Conner Nguyen,paroli,100.0,100000.0,50000.0,1122,0,0.0,91200.0,91200.0,-8800.0
8237,Nova Thornton,paroli,100.0,100000.0,50000.0,1131,1,0.0,89400.0,89400.0,-10600.0
8238,Malik Lowe,paroli,100.0,100000.0,50000.0,1120,1,0.0,84600.0,84600.0,-15400.0
8239,Amari Nelson,paroli,100.0,100000.0,50000.0,1183,0,0.0,100100.0,100100.0,100.0
8240,Dylan Holt,paroli,100.0,100000.0,50000.0,1183,3,0.0,102300.0,102300.0,2300.0
8241,Adelynn Christensen,paroli,100.0,100000.0,50000.0,1199,1,0.0,106500.0,106500.0,6500.0
8242,Gregory Henry,paroli,100.0,100000.0,50000.0,1161,1,0.0,99000.0,99000.0,-1000.0
8243,Summer Hutchinson,paroli,100.0,100000.0,50000.0,1166,0,0.0,100100.0,100100.0,100.0
8244,Korbin Jennings,paroli,100.0,100000.0,50000.0,1181,1,0.0,100900.0,100900.0,900.0
8245,Palmer Meyer,paroli,100.0,100000.0,50000.0,1091,0,0.0,86700.0,86700.0,-13300.0
8246,Tristan McKay,paroli,100.0,100000.0,50000.0,1182,2,0.0,102300.0,102300.0,2300.0
8247,Leanna Kim,paroli,100.0,100000.0,50000.0,1136,1,0.0,94800.0,94800.0,-5200.0
8248,Roman Lamb,paroli,100.0,100000.0,50000.0,1151,1,0.0,89700.0,89700.0,-10300.0
8249,Amaia Lynch,paroli,100.0,100000.0,50000.0,1143,0,0.0,95400.0,95400.0,-4600.0
8250,Zane Fuller,paroli,100.0,100000.0,50000.0,1172,1,0.0,99600.0,99600.0,-400.0
8251,Oakley Richardson,paroli,100.0,100000.0,50000.0,1158,1,0.0,95300.0,95300.0,-4700.0
8252,Robert Correa,paroli,100.0,100000.0,50000.0,1062,1,0.0,76400.0,76400.0,-23600.0
8253,Valery Neal,paroli,100.0,100000.0,50000.0,1135,0,0.0,91500.0,91500.0,-8500.0
8254,Kane Hale,paroli,100.0,100000.0,50000.0,1151,1,0.0,94500.0,94500.0,-5500.0
8255,Brinley Bender,paroli,100.0,100000.0,50000.0,1190,0,0.0,101600.0,101600.0,1600.0
8256,Zavier Donaldson,paroli,100.0,100000.0,50000.0,1136,0,0.0,92800.0,92800.0,-7200.0
8257,Natasha Avalos,paroli,100.0,100000.0,50000.0,1139,2,0.0,91100.0,91100.0,-8900.0
8258,Coen Franco,paroli,100.0,100000.0,50000.0,1163,0,0.0,98200.0,98200.0,-1800.0
8259,Charleigh Morrison,paroli,100.0,100000.0,50000.0,1140,0,0.0,99700.0,99700.0,-300.0
8260,Maximus Ellison,paroli,100.0,100000.0,50000.0,1159,0,0.0,96400.0,96400.0,-3600.0
8261,Raina Stein,paroli,100.0,100000.0,50000.0,1169,1,0.0,95200.0,95200.0,-4800.0
8262,Creed Lu,paroli,100.0,100000.0,50000.0,1154,1,0.0,96700.0,96700.0,-3300.0
8263,Emani Villarreal,paroli,100.0,100000.0,50000.0,1187,1,0.0,101300.0,101300.0,1300.0
8264,Nikolai McDaniel,paroli,100.0,100000.0,50000.0,1118,0,0.0,86600.0,86600.0,-13400.0
8265,Dahlia Noble,paroli,100.0,100000.0,50000.0,1125,1,0.0,91400.0,91400.0,-8600.0
8266,Idris Holloway,paroli,100.0,100000.0,50000.0,1125,1,0.0,90500.0,90500.0,-9500.0
8267,Mae Garrett,paroli,100.0,100000.0,50000.0,1104,2,0.0,85500.0,85500.0,-14500.0
8268,Kairo Christensen,paroli,100.0,100000.0,50000.0,1112,0,0.0,83600.0,83600.0,-16400.0
8269,Carmen Elliott,paroli,100.0,100000.0,50000.0,1207,0,0.0,107500.0,107500.0,7500.0
8270,Blake Knight,paroli,100.0,100000.0,50000.0,1095,0,0.0,87100.0,87100.0,-12900.0
8271,Gracie Bradshaw,paroli,100.0,100000.0,50000.0,1137,1,0.0,91100.0,91100.0,-8900.0
8272,Emory Banks,paroli,100.0,100000.0,50000.0,1116,0,0.0,85500.0,85500.0,-14500.0
8273,Cali Pittman,paroli,100.0,100000.0,50000.0,1174,2,0.0,100800.0,100800.0,800.0
8274,Valentino McClain,paroli,100.0,100000.0,50000.0,1134,0,0.0,89600.0,89600.0,-10400.0
8275,Marleigh Pham,paroli,100.0,100000.0,50000.0,1167,2,0.0,97700.0,97700.0,-2300.0
8276,Russell Thomas,paroli,100.0,100000.0,50000.0,1189,4,0.0,102900.0,102900.0,2900.0
8277,Elizabeth Carey,paroli,100.0,100000.0,50000.0,1136,0,0.0,95300.0,95300.0,-4700.0
8278,Watson Gutierrez,paroli,100.0,100000.0,50000.0,1144,0,0.0,95200.0,95200.0,-4800.0
8279,Savannah Neal,paroli,100.0,100000.0,50000.0,1104,1,0.0,87200.0,87200.0,-12800.0
8280,Kane Edwards,paroli,100.0,100000.0,50000.0,1124,0,0.0,90800.0,90800.0,-9200.0
8281,Ivy Jarvis,paroli,100.0,100000.0,50000.0,1127,0,0.0,87400.0,87400.0,-12600.0
8282,Marlon Campbell,paroli,100.0,100000.0,50000.0,1119,0,0.0,88100.0,88100.0,-11900.0
8283,Addison Reeves,paroli,100.0,100000.0,50000.0,1136,0,0.0,92000.0,92000.0,-8000.0
8284,Clark Meyer,paroli,100.0,100000.0,50000.0,1149,0,0.0,92800.0,92800.0,-7200.0
8285,Sara Chavez,paroli,100.0,100000.0,50000.0,1170,1,0.0,100200.0,100200.0,200.0
8286,Ian Gilbert,paroli,100.0,100000.0,50000.0,1158,0,0.0,93700.0,93700.0,-6300.0
8287,Jocelyn Nicholson,paroli,100.0,100000.0,50000.0,1161,0,0.0,95000.0,95000.0,-5000.0
8288,Rodrigo Gutierrez,paroli,100.0,100000.0,50000.0,1174,2,0.0,101400.0,101400.0,1400.0
8289,Savannah Thornton,paroli,100.0,100000.0,50000.0,1142,0,0.0,92000.0,92000.0,-8000.0
8290,Malik Hensley,paroli,100.0,100000.0,50000.0,1151,0,0.0,96600.0,96600.0,-3400.0
8291,Malaya Charles,paroli,100.0,100000.0,50000.0,1209,0,0.0,105100.0,105100.0,5100.0
8292,Conrad Ballard,paroli,100.0,100000.0,50000.0,1131,1,0.0,93900.0,93900.0,-6100.0
8293,Alejandra Washington,paroli,100.0,100000.0,50000.0,1168,0,0.0,97700.0,97700.0,-2300.0
8294,Juan Kane,paroli,100.0,100000.0,50000.0,1109,1,0.0,81400.0,81400.0,-18600.0
8295,Ellianna Grant,paroli,100.0,100000.0,50000.0,1115,0,0.0,87700.0,87700.0,-12300.0
8296,Leon McDaniel,paroli,100.0,100000.0,50000.0,1106,2,0.0,83900.0,83900.0,-16100.0
8297,Dahlia Kemp,paroli,100.0,100000.0,50000.0,1165,0,0.0,97200.0,97200.0,-2800.0
8298,Melvin Richard,paroli,100.0,100000.0,50000.0,1075,1,0.0,82700.0,82700.0,-17300.0
8299,Davina Mays,paroli,100.0,100000.0,50000.0,1164,0,0.0,95400.0,95400.0,-4600.0
8300,Jadiel Maxwell,paroli,100.0,100000.0,50000.0,1127,0,0.0,92600.0,92600.0,-7400.0
8301,Kyla Gallegos,paroli,100.0,100000.0,50000.0,1139,0,0.0,96900.0,96900.0,-3100.0
8302,Jonas Truong,paroli,100.0,100000.0,50000.0,1129,1,0.0,89100.0,89100.0,-10900.0
8303,Judith Palmer,paroli,100.0,100000.0,50000.0,1083,1,0.0,81000.0,81000.0,-19000.0
8304,Theo House,paroli,100.0,100000.0,50000.0,1159,0,0.0,91800.0,91800.0,-8200.0
8305,Sariah Mays,paroli,100.0,100000.0,50000.0,1113,0,0.0,91400.0,91400.0,-8600.0
8306,Jadiel Spence,paroli,100.0,100000.0,50000.0,1136,1,0.0,94400.0,94400.0,-5600.0
8307,Aislinn Reyes,paroli,100.0,100000.0,50000.0,1183,1,0.0,98700.0,98700.0,-1300.0
8308,Eli Watson,paroli,100.0,100000.0,50000.0,1126,1,0.0,89400.0,89400.0,-10600.0
8309,Hailey Hampton,paroli,100.0,100000.0,50000.0,1121,0,0.0,88100.0,88100.0,-11900.0
8310,Hank Harrison,paroli,100.0,100000.0,50000.0,1174,1,0.0,99400.0,99400.0,-600.0
8311,Jasmine Sampson,paroli,100.0,100000.0,50000.0,1124,0,0.0,92700.0,92700.0,-7300.0
8312,Cain Shepard,paroli,100.0,100000.0,50000.0,1142,1,0.0,94300.0,94300.0,-5700.0
8313,Noor Velasquez,paroli,100.0,100000.0,50000.0,1202,0,0.0,108600.0,108600.0,8600.0
8314,Sullivan Montgomery,paroli,100.0,100000.0,50000.0,1132,0,0.0,94100.0,94100.0,-5900.0
8315,Evangeline Garner,paroli,100.0,100000.0,50000.0,1198,2,0.0,101000.0,101000.0,1000.0
8316,Sage Melton,paroli,100.0,100000.0,50000.0,1111,0,0.0,87300.0,87300.0,-12700.0
8317,Kamiyah Valentine,paroli,100.0,100000.0,50000.0,1192,0,0.0,102800.0,102800.0,2800.0
8318,Demetrius Olsen,paroli,100.0,100000.0,50000.0,1125,1,0.0,91300.0,91300.0,-8700.0
8319,Oaklyn Bautista,paroli,100.0,100000.0,50000.0,1131,1,0.0,91100.0,91100.0,-8900.0
8320,Raul Maddox,paroli,100.0,100000.0,50000.0,1151,0,0.0,91200.0,91200.0,-8800.0
8321,Zainab Proctor,paroli,100.0,100000.0,50000.0,1151,2,0.0,95600.0,95600.0,-4400.0
8322,Vance Bullock,paroli,100.0,100000.0,50000.0,1134,3,0.0,93700.0,93700.0,-6300.0
8323,Winnie Walls,paroli,100.0,100000.0,50000.0,1176,1,0.0,95500.0,95500.0,-4500.0
8324,Larry Montoya,paroli,100.0,100000.0,50000.0,1117,0,0.0,93400.0,93400.0,-6600.0
8325,Kamryn Vincent,paroli,100.0,100000.0,50000.0,1153,1,0.0,93200.0,93200.0,-6800.0
8326,Aarav Barker,paroli,100.0,100000.0,50000.0,1132,1,0.0,91900.0,91900.0,-8100.0
8327,Remington Gallagher,paroli,100.0,100000.0,50000.0,1148,0,0.0,92200.0,92200.0,-7800.0
8328,Marcos Carrillo,paroli,100.0,100000.0,50000.0,1124,0,0.0,92300.0,92300.0,-7700.0
8329,Kaylani McIntosh,paroli,100.0,100000.0,50000.0,1116,0,0.0,85700.0,85700.0,-14300.0
8330,Kristian Mullins,paroli,100.0,100000.0,50000.0,1123,0,0.0,92300.0,92300.0,-7700.0
8331,Maliyah Steele,paroli,100.0,100000.0,50000.0,1181,2,0.0,99100.0,99100.0,-900.0
8332,Elian Hester,paroli,100.0,100000.0,50000.0,1192,2,0.0,104200.0,104200.0,4200.0
8333,Zendaya Christensen,paroli,100.0,100000.0,50000.0,1117,0,0.0,83400.0,83400.0,-16600.0
8334,Gregory Blanchard,paroli,100.0,100000.0,50000.0,1125,0,0.0,87600.0,87600.0,-12400.0
8335,Layne Valenzuela,paroli,100.0,100000.0,50000.0,1120,0,0.0,88100.0,88100.0,-11900.0
8336,Jamari Le,paroli,100.0,100000.0,50000.0,1198,0,0.0,104700.0,104700.0,4700.0
8337,Myla Hill,paroli,100.0,100000.0,50000.0,1200,1,0.0,104400.0,104400.0,4400.0
8338,Isaac McBride,paroli,100.0,100000.0,50000.0,1150,0,0.0,95900.0,95900.0,-4100.0
8339,Kelsey Watts,paroli,100.0,100000.0,50000.0,1149,3,0.0,91100.0,91100.0,-8900.0
8340,Dakota Galvan,paroli,100.0,100000.0,50000.0,1140,0,0.0,92900.0,92900.0,-7100.0
8341,Dallas Dean,paroli,100.0,100000.0,50000.0,1115,0,0.0,87800.0,87800.0,-12200.0
8342,Ronan Brock,paroli,100.0,100000.0,50000.0,1158,0,0.0,98500.0,98500.0,-1500.0
8343,Jada Adams,paroli,100.0,100000.0,50000.0,1125,1,0.0,90100.0,90100.0,-9900.0
8344,Hudson Carey,paroli,100.0,100000.0,50000.0,1146,1,0.0,91200.0,91200.0,-8800.0
8345,Alora Rios,paroli,100.0,100000.0,50000.0,1155,1,0.0,94800.0,94800.0,-5200.0
8346,Israel Tucker,paroli,100.0,100000.0,50000.0,1130,0,0.0,83900.0,83900.0,-16100.0
8347,Esther Swanson,paroli,100.0,100000.0,50000.0,1138,0,0.0,96600.0,96600.0,-3400.0
8348,Hugo Pearson,paroli,100.0,100000.0,50000.0,1168,1,0.0,98800.0,98800.0,-1200.0
8349,Kiara Galindo,paroli,100.0,100000.0,50000.0,1169,0,0.0,101200.0,101200.0,1200.0
8350,Salvatore Norton,paroli,100.0,100000.0,50000.0,1111,1,0.0,86500.0,86500.0,-13500.0
8351,Kylee Roman,paroli,100.0,100000.0,50000.0,1097,0,0.0,86000.0,86000.0,-14000.0
8352,Kian Mosley,paroli,100.0,100000.0,50000.0,1170,0,0.0,100600.0,100600.0,600.0
8353,Zaniyah Guerra,paroli,100.0,100000.0,50000.0,1129,0,0.0,92300.0,92300.0,-7700.0
8354,Leland Burch,paroli,100.0,100000.0,50000.0,1175,1,0.0,100100.0,100100.0,100.0
8355,Freyja Barrera,paroli,100.0,100000.0,50000.0,1173,1,0.0,99600.0,99600.0,-400.0
8356,Makai King,paroli,100.0,100000.0,50000.0,1109,1,0.0,86600.0,86600.0,-13400.0
8357,Victoria Johnson,paroli,100.0,100000.0,50000.0,1209,0,0.0,108800.0,108800.0,8800.0
8358,Noah Ruiz,paroli,100.0,100000.0,50000.0,1147,0,0.0,90200.0,90200.0,-9800.0
8359,Emery Pace,paroli,100.0,100000.0,50000.0,1091,0,0.0,79500.0,79500.0,-20500.0
8360,Dior Scott,paroli,100.0,100000.0,50000.0,1173,3,0.0,100200.0,100200.0,200.0
8361,Aurora Esparza,paroli,100.0,100000.0,50000.0,1156,0,0.0,95000.0,95000.0,-5000.0
8362,Carl Shepherd,paroli,100.0,100000.0,50000.0,1122,0,0.0,89300.0,89300.0,-10700.0
8363,Katalina Khan,paroli,100.0,100000.0,50000.0,1169,1,0.0,98000.0,98000.0,-2000.0
8364,Kendrick Stuart,paroli,100.0,100000.0,50000.0,1100,0,0.0,80700.0,80700.0,-19300.0
8365,Stormi Arnold,paroli,100.0,100000.0,50000.0,1154,0,0.0,95800.0,95800.0,-4200.0
8366,Abraham Schultz,paroli,100.0,100000.0,50000.0,1129,1,0.0,89000.0,89000.0,-11000.0
8367,Briella Huang,paroli,100.0,100000.0,50000.0,1172,2,0.0,101500.0,101500.0,1500.0
8368,Ayaan Bernard,paroli,100.0,100000.0,50000.0,1132,2,0.0,94200.0,94200.0,-5800.0
8369,Barbara English,paroli,100.0,100000.0,50000.0,1105,1,0.0,86700.0,86700.0,-13300.0
8370,Junior Beard,paroli,100.0,100000.0,50000.0,1174,0,0.0,99900.0,99900.0,-100.0
8371,Ezra Carrillo,paroli,100.0,100000.0,50000.0,1124,0,0.0,94500.0,94500.0,-5500.0
8372,Wade Fox,paroli,100.0,100000.0,50000.0,1176,1,0.0,97000.0,97000.0,-3000.0
8373,Juliette Griffith,paroli,100.0,100000.0,50000.0,1137,1,0.0,90200.0,90200.0,-9800.0
8374,Franklin Griffith,paroli,100.0,100000.0,50000.0,1141,3,0.0,90200.0,90200.0,-9800.0
8375,Alicia Velez,paroli,100.0,100000.0,50000.0,1142,2,0.0,89400.0,89400.0,-10600.0
8376,Kareem Mullins,paroli,100.0,100000.0,50000.0,1192,0,0.0,101800.0,101800.0,1800.0
8377,Maliyah Hess,paroli,100.0,100000.0,50000.0,1169,2,0.0,98600.0,98600.0,-1400.0
8378,Lawrence Person,paroli,100.0,100000.0,50000.0,1150,0,0.0,98900.0,98900.0,-1100.0
8379,Dylan Walls,paroli,100.0,100000.0,50000.0,1119,1,0.0,87200.0,87200.0,-12800.0
8380,Larry Zavala,paroli,100.0,100000.0,50000.0,1133,0,0.0,95000.0,95000.0,-5000.0
8381,Liv Floyd,paroli,100.0,100000.0,50000.0,1117,2,0.0,88300.0,88300.0,-11700.0
8382,Pierce Bartlett,paroli,100.0,100000.0,50000.0,1133,2,0.0,91100.0,91100.0,-8900.0
8383,Aubrielle Vo,paroli,100.0,100000.0,50000.0,1201,0,0.0,101200.0,101200.0,1200.0
8384,Gordon Harmon,paroli,100.0,100000.0,50000.0,1194,0,0.0,108700.0,108700.0,8700.0
8385,Maren Diaz,paroli,100.0,100000.0,50000.0,1161,1,0.0,93500.0,93500.0,-6500.0
8386,Nathan Macdonald,paroli,100.0,100000.0,50000.0,1139,0,0.0,92100.0,92100.0,-7900.0
8387,Rosalia Clements,paroli,100.0,100000.0,50000.0,1144,1,0.0,95900.0,95900.0,-4100.0
8388,Fisher Rollins,paroli,100.0,100000.0,50000.0,1150,0,0.0,94300.0,94300.0,-5700.0
8389,Araceli Dawson,paroli,100.0,100000.0,50000.0,1101,1,0.0,85400.0,85400.0,-14600.0
8390,Iker Brennan,paroli,100.0,100000.0,50000.0,1177,4,0.0,99400.0,99400.0,-600.0
8391,Elodie Wiggins,paroli,100.0,100000.0,50000.0,1140,1,0.0,94500.0,94500.0,-5500.0
8392,Azariah Chavez,paroli,100.0,100000.0,50000.0,1129,0,0.0,93300.0,93300.0,-6700.0
8393,Nevaeh Kennedy,paroli,100.0,100000.0,50000.0,1222,2,0.0,108300.0,108300.0,8300.0
8394,Maxwell Kramer,paroli,100.0,100000.0,50000.0,1145,0,0.0,94200.0,94200.0,-5800.0
8395,Hanna Bradley,paroli,100.0,100000.0,50000.0,1138,0,0.0,96600.0,96600.0,-3400.0
8396,Richard Ramsey,paroli,100.0,100000.0,50000.0,1135,0,0.0,90200.0,90200.0,-9800.0
8397,Lyric Buck,paroli,100.0,100000.0,50000.0,1121,1,0.0,90400.0,90400.0,-9600.0
8398,Jon Wong,paroli,100.0,100000.0,50000.0,1135,0,0.0,91000.0,91000.0,-9000.0
8399,Adelaide O’Neal,paroli,100.0,100000.0,50000.0,1144,0,0.0,92200.0,92200.0,-7800.0
8400,Eddie Schroeder,paroli,100.0,100000.0,50000.0,1112,0,0.0,93900.0,93900.0,-6100.0
8401,Cameron Hicks,paroli,100.0,100000.0,50000.0,1090,1,0.0,84000.0,84000.0,-16000.0
8402,Maddox Corona,paroli,100.0,100000.0,50000.0,1131,2,0.0,91300.0,91300.0,-8700.0
8403,Marianna Barajas,paroli,100.0,100000.0,50000.0,1167,0,0.0,97900.0,97900.0,-2100.0
8404,Brennan Mayer,paroli,100.0,100000.0,50000.0,1121,0,0.0,91100.0,91100.0,-8900.0
8405,Ainhoa Holmes,paroli,100.0,100000.0,50000.0,1163,3,0.0,96000.0,96000.0,-4000.0
8406,King Jackson,paroli,100.0,100000.0,50000.0,1182,0,0.0,95500.0,95500.0,-4500.0
8407,Avery Bruce,paroli,100.0,100000.0,50000.0,1156,1,0.0,93000.0,93000.0,-7000.0
8408,Uriah Sheppard,paroli,100.0,100000.0,50000.0,1175,1,0.0,98200.0,98200.0,-1800.0
8409,Veda Valentine,paroli,100.0,100000.0,50000.0,1199,2,0.0,102600.0,102600.0,2600.0
8410,Demetrius Hutchinson,paroli,100.0,100000.0,50000.0,1210,1,0.0,104600.0,104600.0,4600.0
8411,Jamie Livingston,paroli,100.0,100000.0,50000.0,1165,0,0.0,97100.0,97100.0,-2900.0
8412,Ambrose Hunter,paroli,100.0,100000.0,50000.0,1189,0,0.0,102200.0,102200.0,2200.0
8413,Khloe Waller,paroli,100.0,100000.0,50000.0,1182,0,0.0,101700.0,101700.0,1700.0
8414,Marley Barber,paroli,100.0,100000.0,50000.0,1138,2,0.0,89800.0,89800.0,-10200.0
8415,Cassidy Salgado,paroli,100.0,100000.0,50000.0,1186,0,0.0,101100.0,101100.0,1100.0
8416,Trace Robbins,paroli,100.0,100000.0,50000.0,1196,0,0.0,102100.0,102100.0,2100.0
8417,Stevie Boyer,paroli,100.0,100000.0,50000.0,1208,1,0.0,109700.0,109700.0,9700.0
8418,Zeke Bowers,paroli,100.0,100000.0,50000.0,1170,0,0.0,100400.0,100400.0,400.0
8419,Elisa Conway,paroli,100.0,100000.0,50000.0,1152,0,0.0,92800.0,92800.0,-7200.0
8420,Orlando Mann,paroli,100.0,100000.0,50000.0,1145,0,0.0,93600.0,93600.0,-6400.0
8421,Paislee Glass,paroli,100.0,100000.0,50000.0,1127,1,0.0,87900.0,87900.0,-12100.0
8422,Allan Spencer,paroli,100.0,100000.0,50000.0,1144,4,0.0,91800.0,91800.0,-8200.0
8423,Alyssa McKee,paroli,100.0,100000.0,50000.0,1125,1,0.0,89200.0,89200.0,-10800.0
8424,Bjorn Salgado,paroli,100.0,100000.0,50000.0,1120,2,0.0,87800.0,87800.0,-12200.0
8425,Avalynn Lewis,paroli,100.0,100000.0,50000.0,1142,1,0.0,88500.0,88500.0,-11500.0
8426,Wyatt Bishop,paroli,100.0,100000.0,50000.0,1148,1,0.0,94600.0,94600.0,-5400.0
8427,Brooklynn Short,paroli,100.0,100000.0,50000.0,1146,1,0.0,99600.0,99600.0,-400.0
8428,Hezekiah Baker,paroli,100.0,100000.0,50000.0,1196,2,0.0,104000.0,104000.0,4000.0
8429,Isla Robbins,paroli,100.0,100000.0,50000.0,1197,0,0.0,100100.0,100100.0,100.0
8430,Finnegan McKay,paroli,100.0,100000.0,50000.0,1150,1,0.0,96900.0,96900.0,-3100.0
8431,Leanna Klein,paroli,100.0,100000.0,50000.0,1154,4,0.0,93300.0,93300.0,-6700.0
8432,Marco Long,paroli,100.0,100000.0,50000.0,1099,0,0.0,81500.0,81500.0,-18500.0
8433,Jade Horn,paroli,100.0,100000.0,50000.0,1182,2,0.0,102700.0,102700.0,2700.0
8434,Wilson Vaughan,paroli,100.0,100000.0,50000.0,1143,1,0.0,93600.0,93600.0,-6400.0
8435,Nancy Beil,paroli,100.0,100000.0,50000.0,1126,0,0.0,85200.0,85200.0,-14800.0
8436,Ariel Garrett,paroli,100.0,100000.0,50000.0,1168,0,0.0,96500.0,96500.0,-3500.0
8437,Tessa Strickland,paroli,100.0,100000.0,50000.0,1135,0,0.0,93400.0,93400.0,-6600.0
8438,Keegan Sherman,paroli,100.0,100000.0,50000.0,1135,1,0.0,90600.0,90600.0,-9400.0
8439,Addilyn Banks,paroli,100.0,100000.0,50000.0,1204,0,0.0,108600.0,108600.0,8600.0
8440,Martin Gutierrez,paroli,100.0,100000.0,50000.0,1112,4,0.0,84400.0,84400.0,-15600.0
8441,Savannah Norris,paroli,100.0,100000.0,50000.0,1142,0,0.0,93000.0,93000.0,-7000.0
8442,Cairo Brennan,paroli,100.0,100000.0,50000.0,1177,2,0.0,102200.0,102200.0,2200.0
8443,Elodie Benitez,paroli,100.0,100000.0,50000.0,1123,0,0.0,91500.0,91500.0,-8500.0
8444,Justice Waters,paroli,100.0,100000.0,50000.0,1165,0,0.0,93400.0,93400.0,-6600.0
8445,Bristol Curry,paroli,100.0,100000.0,50000.0,1098,1,0.0,86900.0,86900.0,-13100.0
8446,Briggs Abbott,paroli,100.0,100000.0,50000.0,1195,0,0.0,104200.0,104200.0,4200.0
8447,Melany Jacobs,paroli,100.0,100000.0,50000.0,1130,2,0.0,88500.0,88500.0,-11500.0
8448,Bryan Shelton,paroli,100.0,100000.0,50000.0,1126,2,0.0,91800.0,91800.0,-8200.0
8449,Makenzie Henry,paroli,100.0,100000.0,50000.0,1131,2,0.0,91300.0,91300.0,-8700.0
8450,Carlos Chen,paroli,100.0,100000.0,50000.0,1126,1,0.0,91000.0,91000.0,-9000.0
8451,Valeria McDowell,paroli,100.0,100000.0,50000.0,1138,0,0.0,88300.0,88300.0,-11700.0
8452,Lachlan Sparks,paroli,100.0,100000.0,50000.0,1138,1,0.0,90900.0,90900.0,-9100.0
8453,Aisha Figueroa,paroli,100.0,100000.0,50000.0,1183,0,0.0,98600.0,98600.0,-1400.0
8454,Spencer Cantrell,paroli,100.0,100000.0,50000.0,1171,2,0.0,98100.0,98100.0,-1900.0
8455,Yamileth Carter,paroli,100.0,100000.0,50000.0,1199,2,0.0,103100.0,103100.0,3100.0
8456,Maverick McMahon,paroli,100.0,100000.0,50000.0,1162,0,0.0,90700.0,90700.0,-9300.0
8457,Belen Cummings,paroli,100.0,100000.0,50000.0,1161,0,0.0,94500.0,94500.0,-5500.0
8458,Raiden Pace,paroli,100.0,100000.0,50000.0,1151,1,0.0,92200.0,92200.0,-7800.0
8459,Giana Orr,paroli,100.0,100000.0,50000.0,1172,0,0.0,93500.0,93500.0,-6500.0
8460,Benicio Hill,paroli,100.0,100000.0,50000.0,1165,2,0.0,98300.0,98300.0,-1700.0
8461,Hannah Camacho,paroli,100.0,100000.0,50000.0,1165,0,0.0,96400.0,96400.0,-3600.0
8462,Tatum Hill,paroli,100.0,100000.0,50000.0,1150,3,0.0,96100.0,96100.0,-3900.0
8463,Hannah Hodge,paroli,100.0,100000.0,50000.0,1158,0,0.0,94700.0,94700.0,-5300.0
8464,Reign Austin,paroli,100.0,100000.0,50000.0,1189,2,0.0,98700.0,98700.0,-1300.0
8465,Alivia Garza,paroli,100.0,100000.0,50000.0,1175,2,0.0,100600.0,100600.0,600.0
8466,Judah Austin,paroli,100.0,100000.0,50000.0,1204,0,0.0,110000.0,110000.0,10000.0
8467,Alivia Glenn,paroli,100.0,100000.0,50000.0,1131,2,0.0,89900.0,89900.0,-10100.0
8468,Zaid Carrillo,paroli,100.0,100000.0,50000.0,1087,1,0.0,81600.0,81600.0,-18400.0
8469,Kaylani Kaur,paroli,100.0,100000.0,50000.0,1122,1,0.0,88000.0,88000.0,-12000.0
8470,Augustine Rogers,paroli,100.0,100000.0,50000.0,1117,1,0.0,85700.0,85700.0,-14300.0
8471,Madelyn Vazquez,paroli,100.0,100000.0,50000.0,1112,1,0.0,87500.0,87500.0,-12500.0
8472,Jesse King,paroli,100.0,100000.0,50000.0,1093,0,0.0,82500.0,82500.0,-17500.0
8473,Victoria Sanford,paroli,100.0,100000.0,50000.0,1161,3,0.0,96300.0,96300.0,-3700.0
8474,Truett Barber,paroli,100.0,100000.0,50000.0,1179,0,0.0,101900.0,101900.0,1900.0
8475,Cassidy Hansen,paroli,100.0,100000.0,50000.0,1138,0,0.0,90600.0,90600.0,-9400.0
8476,Charlie Whitehead,paroli,100.0,100000.0,50000.0,1123,0,0.0,89600.0,89600.0,-10400.0
8477,Sylvie Mueller,paroli,100.0,100000.0,50000.0,1211,2,0.0,107500.0,107500.0,7500.0
8478,Albert Hampton,paroli,100.0,100000.0,50000.0,1149,1,0.0,91100.0,91100.0,-8900.0
8479,Leona Bryant,paroli,100.0,100000.0,50000.0,1192,1,0.0,100200.0,100200.0,200.0
8480,Jonah Pearson,paroli,100.0,100000.0,50000.0,1180,1,0.0,104300.0,104300.0,4300.0
8481,Kiara Reilly,paroli,100.0,100000.0,50000.0,1206,1,0.0,104900.0,104900.0,4900.0
8482,Alvaro Mason,paroli,100.0,100000.0,50000.0,1202,1,0.0,105400.0,105400.0,5400.0
8483,Sienna Cochran,paroli,100.0,100000.0,50000.0,1102,2,0.0,83100.0,83100.0,-16900.0
8484,Danny McPherson,paroli,100.0,100000.0,50000.0,1186,0,0.0,104900.0,104900.0,4900.0
8485,Emmaline Butler,paroli,100.0,100000.0,50000.0,1144,1,0.0,93100.0,93100.0,-6900.0
8486,Ryder Hoffman,paroli,100.0,100000.0,50000.0,1210,1,0.0,109700.0,109700.0,9700.0
8487,Aspen Montgomery,paroli,100.0,100000.0,50000.0,1149,4,0.0,98500.0,98500.0,-1500.0
8488,Maximiliano Reese,paroli,100.0,100000.0,50000.0,1136,0,0.0,84700.0,84700.0,-15300.0
8489,Rosemary Lawrence,paroli,100.0,100000.0,50000.0,1152,0,0.0,92400.0,92400.0,-7600.0
8490,Kaleb Sellers,paroli,100.0,100000.0,50000.0,1120,1,0.0,89900.0,89900.0,-10100.0
8491,Mercy Reilly,paroli,100.0,100000.0,50000.0,1174,1,0.0,101400.0,101400.0,1400.0
8492,Alvaro Meza,paroli,100.0,100000.0,50000.0,1167,1,0.0,97100.0,97100.0,-2900.0
8493,Rosa Novak,paroli,100.0,100000.0,50000.0,1222,2,0.0,111700.0,111700.0,11700.0
8494,Bishop Dougherty,paroli,100.0,100000.0,50000.0,1157,0,0.0,97700.0,97700.0,-2300.0
8495,Alisson Mann,paroli,100.0,100000.0,50000.0,1143,1,0.0,90200.0,90200.0,-9800.0
8496,Nehemiah Washington,paroli,100.0,100000.0,50000.0,1152,1,0.0,96100.0,96100.0,-3900.0
8497,Valerie Walter,paroli,100.0,100000.0,50000.0,1193,0,0.0,104700.0,104700.0,4700.0
8498,Lochlan Tucker,paroli,100.0,100000.0,50000.0,1183,1,0.0,103100.0,103100.0,3100.0
8499,Esther Clayton,paroli,100.0,100000.0,50000.0,1189,0,0.0,102600.0,102600.0,2600.0
8500,Boston Melendez,paroli,100.0,100000.0,50000.0,1161,1,0.0,92600.0,92600.0,-7400.0
8501,Bethany Lang,paroli,100.0,100000.0,50000.0,1108,0,0.0,88400.0,88400.0,-11600.0
8502,Wells Cook,paroli,100.0,100000.0,50000.0,1117,0,0.0,88000.0,88000.0,-12000.0
8503,Aaliyah Dunn,paroli,100.0,100000.0,50000.0,1116,0,0.0,90700.0,90700.0,-9300.0
8504,Dawson Reyes,paroli,100.0,100000.0,50000.0,1105,0,0.0,79600.0,79600.0,-20400.0
8505,Audrey Gonzalez,paroli,100.0,100000.0,50000.0,1128,0,0.0,88300.0,88300.0,-11700.0
8506,Ethan Lane,paroli,100.0,100000.0,50000.0,1139,2,0.0,95200.0,95200.0,-4800.0
8507,Amy Meadows,paroli,100.0,100000.0,50000.0,1127,0,0.0,94200.0,94200.0,-5800.0
8508,Wayne Ballard,paroli,100.0,100000.0,50000.0,1222,1,0.0,112600.0,112600.0,12600.0
8509,Alejandra Owen,paroli,100.0,100000.0,50000.0,1159,2,0.0,93700.0,93700.0,-6300.0
8510,Cannon Leblanc,paroli,100.0,100000.0,50000.0,1211,0,0.0,103900.0,103900.0,3900.0
8511,Novalee Deleon,paroli,100.0,100000.0,50000.0,1144,1,0.0,94500.0,94500.0,-5500.0
8512,Nasir Wiley,paroli,100.0,100000.0,50000.0,1139,0,0.0,89600.0,89600.0,-10400.0
8513,Lauryn O’Connor,paroli,100.0,100000.0,50000.0,1202,0,0.0,103100.0,103100.0,3100.0
8514,Princeton Hess,paroli,100.0,100000.0,50000.0,1123,1,0.0,86200.0,86200.0,-13800.0
8515,Kaliyah McMillan,paroli,100.0,100000.0,50000.0,1117,0,0.0,87800.0,87800.0,-12200.0
8516,Rocky Cantu,paroli,100.0,100000.0,50000.0,1163,0,0.0,99300.0,99300.0,-700.0
8517,Galilea Shields,paroli,100.0,100000.0,50000.0,1239,0,0.0,109000.0,109000.0,9000.0
8518,Devon Rosario,paroli,100.0,100000.0,50000.0,1159,2,0.0,92200.0,92200.0,-7800.0
8519,Louisa Frederick,paroli,100.0,100000.0,50000.0,1193,1,0.0,102300.0,102300.0,2300.0
8520,Kase Knox,paroli,100.0,100000.0,50000.0,1155,0,0.0,93100.0,93100.0,-6900.0
8521,Kallie Andersen,paroli,100.0,100000.0,50000.0,1168,1,0.0,99700.0,99700.0,-300.0
8522,Alistair Kirby,paroli,100.0,100000.0,50000.0,1130,0,0.0,94200.0,94200.0,-5800.0
8523,Skyla Murillo,paroli,100.0,100000.0,50000.0,1144,0,0.0,93600.0,93600.0,-6400.0
8524,Lance Garza,paroli,100.0,100000.0,50000.0,1100,0,0.0,86900.0,86900.0,-13100.0
8525,River Rivera,paroli,100.0,100000.0,50000.0,1142,0,0.0,95700.0,95700.0,-4300.0
8526,Charles Garrett,paroli,100.0,100000.0,50000.0,1211,0,0.0,109300.0,109300.0,9300.0
8527,Tessa Neal,paroli,100.0,100000.0,50000.0,1182,1,0.0,100200.0,100200.0,200.0
8528,Kane Marks,paroli,100.0,100000.0,50000.0,1200,1,0.0,104300.0,104300.0,4300.0
8529,Monica Gardner,paroli,100.0,100000.0,50000.0,1173,0,0.0,99500.0,99500.0,-500.0
8530,Alan Anderson,paroli,100.0,100000.0,50000.0,1124,0,0.0,92500.0,92500.0,-7500.0
8531,Ella Good,paroli,100.0,100000.0,50000.0,1138,0,0.0,92200.0,92200.0,-7800.0
8532,Davian Figueroa,paroli,100.0,100000.0,50000.0,1082,2,0.0,83700.0,83700.0,-16300.0
8533,Lilith Roy,paroli,100.0,100000.0,50000.0,1109,0,0.0,85900.0,85900.0,-14100.0
8534,Marcelo Richard,paroli,100.0,100000.0,50000.0,1128,0,0.0,90800.0,90800.0,-9200.0
8535,Davina Bravo,paroli,100.0,100000.0,50000.0,1163,1,0.0,96100.0,96100.0,-3900.0
8536,Genesis Pugh,paroli,100.0,100000.0,50000.0,1124,1,0.0,89700.0,89700.0,-10300.0
8537,Landry Ayers,paroli,100.0,100000.0,50000.0,1151,0,0.0,95700.0,95700.0,-4300.0
8538,Ulises Castillo,paroli,100.0,100000.0,50000.0,1116,1,0.0,90500.0,90500.0,-9500.0
8539,Eva Villanueva,paroli,100.0,100000.0,50000.0,1182,1,0.0,101000.0,101000.0,1000.0
8540,Huxley Gordon,paroli,100.0,100000.0,50000.0,1140,0,0.0,92700.0,92700.0,-7300.0
8541,Taylor Waller,paroli,100.0,100000.0,50000.0,1159,1,0.0,98300.0,98300.0,-1700.0
8542,Marley Johnson,paroli,100.0,100000.0,50000.0,1174,2,0.0,97700.0,97700.0,-2300.0
8543,Emma Carroll,paroli,100.0,100000.0,50000.0,1161,8,0.0,97300.0,97300.0,-2700.0
8544,Oscar Peterson,paroli,100.0,100000.0,50000.0,1096,1,0.0,85000.0,85000.0,-15000.0
8545,Caroline Herman,paroli,100.0,100000.0,50000.0,1103,0,0.0,84400.0,84400.0,-15600.0
8546,Juelz Salazar,paroli,100.0,100000.0,50000.0,1194,1,0.0,104900.0,104900.0,4900.0
8547,Freya Arias,paroli,100.0,100000.0,50000.0,1181,0,0.0,103800.0,103800.0,3800.0
8548,Alec Fuentes,paroli,100.0,100000.0,50000.0,1136,2,0.0,90400.0,90400.0,-9600.0
8549,Madeleine Hicks,paroli,100.0,100000.0,50000.0,1115,1,0.0,91500.0,91500.0,-8500.0
8550,Maddox Petersen,paroli,100.0,100000.0,50000.0,1156,1,0.0,91800.0,91800.0,-8200.0
8551,Fernanda Bernard,paroli,100.0,100000.0,50000.0,1148,1,0.0,94400.0,94400.0,-5600.0
8552,Jair Morrow,paroli,100.0,100000.0,50000.0,1110,1,0.0,85100.0,85100.0,-14900.0
8553,Reyna Ferguson,paroli,100.0,100000.0,50000.0,1138,0,0.0,94400.0,94400.0,-5600.0
8554,Miguel Leblanc,paroli,100.0,100000.0,50000.0,1196,0,0.0,104800.0,104800.0,4800.0
8555,Novalee Campos,paroli,100.0,100000.0,50000.0,1185,2,0.0,101800.0,101800.0,1800.0
8556,Gideon Perry,paroli,100.0,100000.0,50000.0,1130,2,0.0,93200.0,93200.0,-6800.0
8557,Clara Beard,paroli,100.0,100000.0,50000.0,1228,1,0.0,107700.0,107700.0,7700.0
8558,Nathanael Hughes,paroli,100.0,100000.0,50000.0,1099,0,0.0,84200.0,84200.0,-15800.0
8559,Samantha Shaw,paroli,100.0,100000.0,50000.0,1123,0,0.0,88900.0,88900.0,-11100.0
8560,Elliot Eaton,paroli,100.0,100000.0,50000.0,1138,1,0.0,92300.0,92300.0,-7700.0
8561,Miley Yoder,paroli,100.0,100000.0,50000.0,1077,0,0.0,80500.0,80500.0,-19500.0
8562,Johan Delacruz,paroli,100.0,100000.0,50000.0,1181,2,0.0,101300.0,101300.0,1300.0
8563,Celine Hunt,paroli,100.0,100000.0,50000.0,1142,1,0.0,91000.0,91000.0,-9000.0
8564,Jesus Colon,paroli,100.0,100000.0,50000.0,1223,0,0.0,114700.0,114700.0,14700.0
8565,Remy Murray,paroli,100.0,100000.0,50000.0,1192,1,0.0,100400.0,100400.0,400.0
8566,Ashton Wells,paroli,100.0,100000.0,50000.0,1121,0,0.0,94200.0,94200.0,-5800.0
8567,Cecilia Morgan,paroli,100.0,100000.0,50000.0,1132,0,0.0,89700.0,89700.0,-10300.0
8568,Hunter Conner,paroli,100.0,100000.0,50000.0,1200,1,0.0,106600.0,106600.0,6600.0
8569,Alondra Mack,paroli,100.0,100000.0,50000.0,1099,1,0.0,87100.0,87100.0,-12900.0
8570,Esteban Hess,paroli,100.0,100000.0,50000.0,1192,0,0.0,100400.0,100400.0,400.0
8571,Kaliyah Horne,paroli,100.0,100000.0,50000.0,1177,1,0.0,98300.0,98300.0,-1700.0
8572,Zev Watkins,paroli,100.0,100000.0,50000.0,1139,0,0.0,91200.0,91200.0,-8800.0
8573,Lola Logan,paroli,100.0,100000.0,50000.0,1144,0,0.0,92700.0,92700.0,-7300.0
8574,Rocco Ali,paroli,100.0,100000.0,50000.0,1109,2,0.0,85400.0,85400.0,-14600.0
8575,Zelda Cherry,paroli,100.0,100000.0,50000.0,1158,2,0.0,94800.0,94800.0,-5200.0
8576,Rome Nunez,paroli,100.0,100000.0,50000.0,1084,0,0.0,81200.0,81200.0,-18800.0
8577,Mya Rogers,paroli,100.0,100000.0,50000.0,1133,1,0.0,94600.0,94600.0,-5400.0
8578,Colton Dawson,paroli,100.0,100000.0,50000.0,1160,0,0.0,103300.0,103300.0,3300.0
8579,Veronica Martin,paroli,100.0,100000.0,50000.0,1188,0,0.0,98800.0,98800.0,-1200.0
8580,Mateo Deleon,paroli,100.0,100000.0,50000.0,1058,3,0.0,75500.0,75500.0,-24500.0
8581,Gabrielle Hicks,paroli,100.0,100000.0,50000.0,1194,1,0.0,98400.0,98400.0,-1600.0
8582,Maddox McIntosh,paroli,100.0,100000.0,50000.0,1208,0,0.0,106600.0,106600.0,6600.0
8583,Gwen Hubbard,paroli,100.0,100000.0,50000.0,1117,1,0.0,90800.0,90800.0,-9200.0
8584,Forrest Navarro,paroli,100.0,100000.0,50000.0,1193,1,0.0,103700.0,103700.0,3700.0
8585,Winter Berg,paroli,100.0,100000.0,50000.0,1123,0,0.0,86200.0,86200.0,-13800.0
8586,Cayson Arellano,paroli,100.0,100000.0,50000.0,1135,1,0.0,90400.0,90400.0,-9600.0
8587,Faye Navarro,paroli,100.0,100000.0,50000.0,1171,1,0.0,102600.0,102600.0,2600.0
8588,Reid Cardenas,paroli,100.0,100000.0,50000.0,1171,2,0.0,95300.0,95300.0,-4700.0
8589,Raven Maynard,paroli,100.0,100000.0,50000.0,1079,1,0.0,82800.0,82800.0,-17200.0
8590,Landry Guerra,paroli,100.0,100000.0,50000.0,1182,1,0.0,104200.0,104200.0,4200.0
8591,Edith Guerra,paroli,100.0,100000.0,50000.0,1175,1,0.0,103200.0,103200.0,3200.0
8592,Leland Long,paroli,100.0,100000.0,50000.0,1171,2,0.0,100300.0,100300.0,300.0
8593,Jade Wu,paroli,100.0,100000.0,50000.0,1167,1,0.0,96300.0,96300.0,-3700.0
8594,Kyson Clark,paroli,100.0,100000.0,50000.0,1189,0,0.0,104100.0,104100.0,4100.0
8595,Chloe Frazier,paroli,100.0,100000.0,50000.0,1160,0,0.0,92100.0,92100.0,-7900.0
8596,Callum Singh,paroli,100.0,100000.0,50000.0,1174,0,0.0,101300.0,101300.0,1300.0
8597,Vivienne Charles,paroli,100.0,100000.0,50000.0,1146,1,0.0,93900.0,93900.0,-6100.0
8598,Conrad Hogan,paroli,100.0,100000.0,50000.0,1132,1,0.0,96600.0,96600.0,-3400.0
8599,Kathryn Pollard,paroli,100.0,100000.0,50000.0,1140,0,0.0,85600.0,85600.0,-14400.0
8600,Jad Fry,paroli,100.0,100000.0,50000.0,1166,0,0.0,98700.0,98700.0,-1300.0
8601,Clarissa Huang,paroli,100.0,100000.0,50000.0,1092,1,0.0,83500.0,83500.0,-16500.0
8602,Ayaan Calhoun,paroli,100.0,100000.0,50000.0,1142,0,0.0,91500.0,91500.0,-8500.0
8603,Thalia Finley,paroli,100.0,100000.0,50000.0,1087,1,0.0,80600.0,80600.0,-19400.0
8604,Calum Sharp,paroli,100.0,100000.0,50000.0,1188,1,0.0,102100.0,102100.0,2100.0
8605,Camryn Hayden,paroli,100.0,100000.0,50000.0,1135,0,0.0,90300.0,90300.0,-9700.0
8606,Leroy Gallegos,paroli,100.0,100000.0,50000.0,1187,0,0.0,100600.0,100600.0,600.0
8607,Ari Rose,paroli,100.0,100000.0,50000.0,1118,0,0.0,88900.0,88900.0,-11100.0
8608,Hayden Buckley,paroli,100.0,100000.0,50000.0,1134,0,0.0,88400.0,88400.0,-11600.0
8609,Theodora Stanton,paroli,100.0,100000.0,50000.0,1155,1,0.0,97700.0,97700.0,-2300.0
8610,Zyair Barrett,paroli,100.0,100000.0,50000.0,1137,0,0.0,90400.0,90400.0,-9600.0
8611,Kendall Shelton,paroli,100.0,100000.0,50000.0,1151,0,0.0,92000.0,92000.0,-8000.0
8612,Leonel Ayers,paroli,100.0,100000.0,50000.0,1154,1,0.0,94100.0,94100.0,-5900.0
8613,Simone McLean,paroli,100.0,100000.0,50000.0,1121,2,0.0,90900.0,90900.0,-9100.0
8614,Crosby Ochoa,paroli,100.0,100000.0,50000.0,1127,0,0.0,84500.0,84500.0,-15500.0
8615,Luciana Hull,paroli,100.0,100000.0,50000.0,1125,1,0.0,88600.0,88600.0,-11400.0
8616,Salem Ayers,paroli,100.0,100000.0,50000.0,1116,0,0.0,85600.0,85600.0,-14400.0
8617,Simone Dorsey,paroli,100.0,100000.0,50000.0,1150,0,0.0,94900.0,94900.0,-5100.0
8618,Enoch McConnell,paroli,100.0,100000.0,50000.0,1152,3,0.0,94800.0,94800.0,-5200.0
8619,Denise Ballard,paroli,100.0,100000.0,50000.0,1142,1,0.0,94700.0,94700.0,-5300.0
8620,Kenzo Cuevas,paroli,100.0,100000.0,50000.0,1164,1,0.0,100600.0,100600.0,600.0
8621,Adele Wilkins,paroli,100.0,100000.0,50000.0,1118,0,0.0,86600.0,86600.0,-13400.0
8622,Yusuf Lim,paroli,100.0,100000.0,50000.0,1165,0,0.0,97600.0,97600.0,-2400.0
8623,Giavanna Johnston,paroli,100.0,100000.0,50000.0,1188,4,0.0,101300.0,101300.0,1300.0
8624,Felix Zimmerman,paroli,100.0,100000.0,50000.0,1161,0,0.0,94500.0,94500.0,-5500.0
8625,Ariyah Haley,paroli,100.0,100000.0,50000.0,1186,2,0.0,99800.0,99800.0,-200.0
8626,Leif Sims,paroli,100.0,100000.0,50000.0,1089,0,0.0,88200.0,88200.0,-11800.0
8627,Lena Ortiz,paroli,100.0,100000.0,50000.0,1169,1,0.0,94900.0,94900.0,-5100.0
8628,Landon Saunders,paroli,100.0,100000.0,50000.0,1163,1,0.0,94400.0,94400.0,-5600.0
8629,Meadow Ramsey,paroli,100.0,100000.0,50000.0,1121,0,0.0,89300.0,89300.0,-10700.0
8630,Luciano Morton,paroli,100.0,100000.0,50000.0,1137,0,0.0,93400.0,93400.0,-6600.0
8631,Mallory Rowe,paroli,100.0,100000.0,50000.0,1172,2,0.0,96100.0,96100.0,-3900.0
8632,Kamden Compton,paroli,100.0,100000.0,50000.0,1148,0,0.0,95000.0,95000.0,-5000.0
8633,Elina Wagner,paroli,100.0,100000.0,50000.0,1121,0,0.0,90300.0,90300.0,-9700.0
8634,Enzo Herman,paroli,100.0,100000.0,50000.0,1185,2,0.0,100700.0,100700.0,700.0
8635,Paulina Rogers,paroli,100.0,100000.0,50000.0,1110,0,0.0,86700.0,86700.0,-13300.0
8636,Colton Melton,paroli,100.0,100000.0,50000.0,1148,1,0.0,94300.0,94300.0,-5700.0
8637,Kamiyah Hancock,paroli,100.0,100000.0,50000.0,1139,0,0.0,93600.0,93600.0,-6400.0
8638,Rex McDowell,paroli,100.0,100000.0,50000.0,1119,1,0.0,83600.0,83600.0,-16400.0
8639,Rayna McMillan,paroli,100.0,100000.0,50000.0,1114,1,0.0,87700.0,87700.0,-12300.0
8640,Rocky Wood,paroli,100.0,100000.0,50000.0,1133,0,0.0,92600.0,92600.0,-7400.0
8641,Natalia Mora,paroli,100.0,100000.0,50000.0,1188,2,0.0,101400.0,101400.0,1400.0
8642,Arturo Francis,paroli,100.0,100000.0,50000.0,1185,2,0.0,101700.0,101700.0,1700.0
8643,Daniella Nolan,paroli,100.0,100000.0,50000.0,1165,1,0.0,93700.0,93700.0,-6300.0
8644,Maximo Boone,paroli,100.0,100000.0,50000.0,1111,1,0.0,84600.0,84600.0,-15400.0
8645,Mariam Campos,paroli,100.0,100000.0,50000.0,1145,1,0.0,92700.0,92700.0,-7300.0
8646,Gideon Jackson,paroli,100.0,100000.0,50000.0,1183,0,0.0,102200.0,102200.0,2200.0
8647,Avery Johnston,paroli,100.0,100000.0,50000.0,1114,2,0.0,85900.0,85900.0,-14100.0
8648,Felix Knox,paroli,100.0,100000.0,50000.0,1142,2,0.0,94800.0,94800.0,-5200.0
8649,Kallie Pollard,paroli,100.0,100000.0,50000.0,1191,0,0.0,98000.0,98000.0,-2000.0
8650,Jad Welch,paroli,100.0,100000.0,50000.0,1117,2,0.0,88000.0,88000.0,-12000.0
8651,Amira Donovan,paroli,100.0,100000.0,50000.0,1155,4,0.0,94000.0,94000.0,-6000.0
8652,Brayan Moody,paroli,100.0,100000.0,50000.0,1119,0,0.0,84500.0,84500.0,-15500.0
8653,Elaine Rivers,paroli,100.0,100000.0,50000.0,1200,1,0.0,108700.0,108700.0,8700.0
8654,Bear Lamb,paroli,100.0,100000.0,50000.0,1169,0,0.0,96400.0,96400.0,-3600.0
8655,Amaia Daniel,paroli,100.0,100000.0,50000.0,1102,3,0.0,89100.0,89100.0,-10900.0
8656,Grady Hoffman,paroli,100.0,100000.0,50000.0,1164,0,0.0,100800.0,100800.0,800.0
8657,Aspen Dorsey,paroli,100.0,100000.0,50000.0,1133,2,0.0,91100.0,91100.0,-8900.0
8658,Enoch Boyer,paroli,100.0,100000.0,50000.0,1141,2,0.0,93500.0,93500.0,-6500.0
8659,Chaya Middleton,paroli,100.0,100000.0,50000.0,1178,0,0.0,102800.0,102800.0,2800.0
8660,Misael Holt,paroli,100.0,100000.0,50000.0,1145,1,0.0,95500.0,95500.0,-4500.0
8661,Adelynn Hebert,paroli,100.0,100000.0,50000.0,1208,4,0.0,105700.0,105700.0,5700.0
8662,Guillermo Wells,paroli,100.0,100000.0,50000.0,1178,0,0.0,102200.0,102200.0,2200.0
8663,Cecilia Dickson,paroli,100.0,100000.0,50000.0,1116,0,0.0,84300.0,84300.0,-15700.0
8664,Maxton Blanchard,paroli,100.0,100000.0,50000.0,1154,0,0.0,91200.0,91200.0,-8800.0
8665,Layne Anthony,paroli,100.0,100000.0,50000.0,1136,2,0.0,89600.0,89600.0,-10400.0
8666,Shiloh Bruce,paroli,100.0,100000.0,50000.0,1184,0,0.0,100000.0,100000.0,0.0
8667,Marilyn Berger,paroli,100.0,100000.0,50000.0,1171,2,0.0,99100.0,99100.0,-900.0
8668,Byron Meza,paroli,100.0,100000.0,50000.0,1159,0,0.0,96600.0,96600.0,-3400.0
8669,Rosa Wilcox,paroli,100.0,100000.0,50000.0,1203,1,0.0,103400.0,103400.0,3400.0
8670,Jerry Young,paroli,100.0,100000.0,50000.0,1192,0,0.0,102200.0,102200.0,2200.0
8671,Zoey Benitez,paroli,100.0,100000.0,50000.0,1121,2,0.0,89600.0,89600.0,-10400.0
8672,Justice Pratt,paroli,100.0,100000.0,50000.0,1120,1,0.0,90000.0,90000.0,-10000.0
8673,Ailani Meza,paroli,100.0,100000.0,50000.0,1158,0,0.0,100100.0,100100.0,100.0
8674,Lucian Chung,paroli,100.0,100000.0,50000.0,1163,0,0.0,93600.0,93600.0,-6400.0
8675,Rivka Villarreal,paroli,100.0,100000.0,50000.0,1144,1,0.0,91800.0,91800.0,-8200.0
8676,Nikolai Nielsen,paroli,100.0,100000.0,50000.0,1142,1,0.0,93500.0,93500.0,-6500.0
8677,Vienna Bennett,paroli,100.0,100000.0,50000.0,1178,0,0.0,100800.0,100800.0,800.0
8678,Leonardo Mann,paroli,100.0,100000.0,50000.0,1185,1,0.0,98200.0,98200.0,-1800.0
8679,Paislee Montes,paroli,100.0,100000.0,50000.0,1145,0,0.0,92600.0,92600.0,-7400.0
8680,Darren Donaldson,paroli,100.0,100000.0,50000.0,1155,1,0.0,95600.0,95600.0,-4400.0
8681,Natasha Lloyd,paroli,100.0,100000.0,50000.0,1147,1,0.0,91200.0,91200.0,-8800.0
8682,Zaire Ayers,paroli,100.0,100000.0,50000.0,1185,0,0.0,100500.0,100500.0,500.0
8683,Simone Mayer,paroli,100.0,100000.0,50000.0,1145,0,0.0,96600.0,96600.0,-3400.0
8684,Yahir Patterson,paroli,100.0,100000.0,50000.0,1128,1,0.0,87800.0,87800.0,-12200.0
8685,Kaylee Fernandez,paroli,100.0,100000.0,50000.0,1156,3,0.0,99500.0,99500.0,-500.0
8686,Bentley McLean,paroli,100.0,100000.0,50000.0,1171,0,0.0,98100.0,98100.0,-1900.0
8687,Sky Pham,paroli,100.0,100000.0,50000.0,1152,0,0.0,95400.0,95400.0,-4600.0
8688,Russell Pugh,paroli,100.0,100000.0,50000.0,1074,0,0.0,78500.0,78500.0,-21500.0
8689,Landry Levy,paroli,100.0,100000.0,50000.0,1098,1,0.0,83100.0,83100.0,-16900.0
8690,Harold Magana,paroli,100.0,100000.0,50000.0,1173,1,0.0,96000.0,96000.0,-4000.0
8691,Amaris Frost,paroli,100.0,100000.0,50000.0,1140,0,0.0,93900.0,93900.0,-6100.0
8692,Dario Norton,paroli,100.0,100000.0,50000.0,1238,1,0.0,109600.0,109600.0,9600.0
8693,Kylee Green,paroli,100.0,100000.0,50000.0,1157,1,0.0,96000.0,96000.0,-4000.0
8694,Anthony O’Donnell,paroli,100.0,100000.0,50000.0,1149,1,0.0,95000.0,95000.0,-5000.0
8695,Bellamy Stanley,paroli,100.0,100000.0,50000.0,1132,0,0.0,88100.0,88100.0,-11900.0
8696,Manuel Bishop,paroli,100.0,100000.0,50000.0,1102,0,0.0,85200.0,85200.0,-14800.0
8697,Brooklynn Galvan,paroli,100.0,100000.0,50000.0,1152,1,0.0,95900.0,95900.0,-4100.0
8698,Kingsley Rosales,paroli,100.0,100000.0,50000.0,1152,2,0.0,96900.0,96900.0,-3100.0
8699,Kinley Murillo,paroli,100.0,100000.0,50000.0,1099,1,0.0,83000.0,83000.0,-17000.0
8700,Lance Enriquez,paroli,100.0,100000.0,50000.0,1148,0,0.0,96400.0,96400.0,-3600.0
8701,Nellie Michael,paroli,100.0,100000.0,50000.0,1101,0,0.0,83100.0,83100.0,-16900.0
8702,Bronson Greer,paroli,100.0,100000.0,50000.0,1158,0,0.0,97100.0,97100.0,-2900.0
8703,Reina Torres,paroli,100.0,100000.0,50000.0,1135,0,0.0,87100.0,87100.0,-12900.0
8704,Jayden Sosa,paroli,100.0,100000.0,50000.0,1137,8,0.0,94900.0,94900.0,-5100.0
8705,Cassandra Griffin,paroli,100.0,100000.0,50000.0,1106,0,0.0,85900.0,85900.0,-14100.0
8706,Ayden Morris,paroli,100.0,100000.0,50000.0,1210,0,0.0,106900.0,106900.0,6900.0
8707,Genesis Guevara,paroli,100.0,100000.0,50000.0,1107,1,0.0,86400.0,86400.0,-13600.0
8708,Tommy Meyers,paroli,100.0,100000.0,50000.0,1143,2,0.0,93200.0,93200.0,-6800.0
8709,Leyla Kelly,paroli,100.0,100000.0,50000.0,1119,0,0.0,87700.0,87700.0,-12300.0
8710,Cooper Cantu,paroli,100.0,100000.0,50000.0,1145,0,0.0,91500.0,91500.0,-8500.0
8711,Galilea Manning,paroli,100.0,100000.0,50000.0,1153,0,0.0,91200.0,91200.0,-8800.0
8712,Seth Shaw,paroli,100.0,100000.0,50000.0,1070,0,0.0,78800.0,78800.0,-21200.0
8713,Emersyn Erickson,paroli,100.0,100000.0,50000.0,1130,1,0.0,85800.0,85800.0,-14200.0
8714,Johnny Atkins,paroli,100.0,100000.0,50000.0,1140,0,0.0,95900.0,95900.0,-4100.0
8715,Mina Mora,paroli,100.0,100000.0,50000.0,1133,0,0.0,88600.0,88600.0,-11400.0
8716,Arturo Espinosa,paroli,100.0,100000.0,50000.0,1157,1,0.0,97100.0,97100.0,-2900.0
8717,Braylee Bowers,paroli,100.0,100000.0,50000.0,1152,0,0.0,95300.0,95300.0,-4700.0
8718,Dorian Hurst,paroli,100.0,100000.0,50000.0,1121,0,0.0,91500.0,91500.0,-8500.0
8719,Adalee Vaughan,paroli,100.0,100000.0,50000.0,1131,0,0.0,92000.0,92000.0,-8000.0
8720,Castiel Hanson,paroli,100.0,100000.0,50000.0,1163,0,0.0,93900.0,93900.0,-6100.0
8721,Mariana Ali,paroli,100.0,100000.0,50000.0,1165,3,0.0,96000.0,96000.0,-4000.0
8722,Arjun Hurst,paroli,100.0,100000.0,50000.0,1167,2,0.0,97000.0,97000.0,-3000.0
8723,Adalee Klein,paroli,100.0,100000.0,50000.0,1151,1,0.0,93000.0,93000.0,-7000.0
8724,Marco Spencer,paroli,100.0,100000.0,50000.0,1140,2,0.0,88200.0,88200.0,-11800.0
8725,Alyssa Rangel,paroli,100.0,100000.0,50000.0,1159,1,0.0,97000.0,97000.0,-3000.0
8726,Saint Horn,paroli,100.0,100000.0,50000.0,1193,0,0.0,102100.0,102100.0,2100.0
8727,Avah Esquivel,paroli,100.0,100000.0,50000.0,1159,3,0.0,94000.0,94000.0,-6000.0
8728,Bridger Berg,paroli,100.0,100000.0,50000.0,1097,0,0.0,81700.0,81700.0,-18300.0
8729,Emmalyn Castillo,paroli,100.0,100000.0,50000.0,1090,0,0.0,81800.0,81800.0,-18200.0
8730,Kai Floyd,paroli,100.0,100000.0,50000.0,1136,2,0.0,93200.0,93200.0,-6800.0
8731,Yaretzi Burton,paroli,100.0,100000.0,50000.0,1148,0,0.0,92700.0,92700.0,-7300.0
8732,Zander Fletcher,paroli,100.0,100000.0,50000.0,1158,2,0.0,95600.0,95600.0,-4400.0
8733,Anaya Luna,paroli,100.0,100000.0,50000.0,1152,0,0.0,92400.0,92400.0,-7600.0
8734,Erick Francis,paroli,100.0,100000.0,50000.0,1154,0,0.0,95000.0,95000.0,-5000.0
8735,Daniella Short,paroli,100.0,100000.0,50000.0,1145,1,0.0,92100.0,92100.0,-7900.0
8736,Hezekiah Novak,paroli,100.0,100000.0,50000.0,1185,0,0.0,102100.0,102100.0,2100.0
8737,Kaiya O’brien,paroli,100.0,100000.0,50000.0,1148,0,0.0,97300.0,97300.0,-2700.0
8738,Riley Pugh,paroli,100.0,100000.0,50000.0,1125,1,0.0,88000.0,88000.0,-12000.0
8739,Landry Brewer,paroli,100.0,100000.0,50000.0,1120,0,0.0,91700.0,91700.0,-8300.0
8740,Cruz Hendricks,paroli,100.0,100000.0,50000.0,1157,0,0.0,96400.0,96400.0,-3600.0
8741,Dani Mays,paroli,100.0,100000.0,50000.0,1144,2,0.0,93500.0,93500.0,-6500.0
8742,Jadiel McDaniel,paroli,100.0,100000.0,50000.0,1168,0,0.0,93600.0,93600.0,-6400.0
8743,Dahlia Larsen,paroli,100.0,100000.0,50000.0,1148,0,0.0,95100.0,95100.0,-4900.0
8744,Brycen Archer,paroli,100.0,100000.0,50000.0,1152,1,0.0,96300.0,96300.0,-3700.0
8745,Kadence House,paroli,100.0,100000.0,50000.0,1187,0,0.0,100200.0,100200.0,200.0
8746,Yehuda Warner,paroli,100.0,100000.0,50000.0,1111,1,0.0,90900.0,90900.0,-9100.0
8747,Wynter Anderson,paroli,100.0,100000.0,50000.0,1167,0,0.0,95200.0,95200.0,-4800.0
8748,Jacob Moyer,paroli,100.0,100000.0,50000.0,1116,1,0.0,88300.0,88300.0,-11700.0
8749,Zola Warren,paroli,100.0,100000.0,50000.0,1145,0,0.0,94000.0,94000.0,-6000.0
8750,Abel Zuniga,paroli,100.0,100000.0,50000.0,1124,0,0.0,86300.0,86300.0,-13700.0
8751,Leslie Banks,paroli,100.0,100000.0,50000.0,1125,1,0.0,93400.0,93400.0,-6600.0
8752,Martin Moon,paroli,100.0,100000.0,50000.0,1207,2,0.0,106200.0,106200.0,6200.0
8753,Naya Charles,paroli,100.0,100000.0,50000.0,1133,3,0.0,91700.0,91700.0,-8300.0
8754,Conrad Vo,paroli,100.0,100000.0,50000.0,1137,0,0.0,95500.0,95500.0,-4500.0
8755,Artemis Conrad,paroli,100.0,100000.0,50000.0,1174,4,0.0,96100.0,96100.0,-3900.0
8756,Dilan Bruce,paroli,100.0,100000.0,50000.0,1208,0,0.0,105700.0,105700.0,5700.0
8757,Marilyn Olson,paroli,100.0,100000.0,50000.0,1158,1,0.0,95000.0,95000.0,-5000.0
8758,Malachi Webster,paroli,100.0,100000.0,50000.0,1127,1,0.0,91000.0,91000.0,-9000.0
8759,Kensley Parsons,paroli,100.0,100000.0,50000.0,1147,1,0.0,92500.0,92500.0,-7500.0
8760,Lewis Winters,paroli,100.0,100000.0,50000.0,1153,1,0.0,99800.0,99800.0,-200.0
8761,Kataleya Freeman,paroli,100.0,100000.0,50000.0,1133,1,0.0,96700.0,96700.0,-3300.0
8762,Jayce Johnson,paroli,100.0,100000.0,50000.0,1082,4,0.0,84500.0,84500.0,-15500.0
8763,Emma Washington,paroli,100.0,100000.0,50000.0,1185,1,0.0,100300.0,100300.0,300.0
8764,Juan McLaughlin,paroli,100.0,100000.0,50000.0,1173,1,0.0,98500.0,98500.0,-1500.0
8765,Stephanie Rich,paroli,100.0,100000.0,50000.0,1113,0,0.0,86900.0,86900.0,-13100.0
8766,Miller Phillips,paroli,100.0,100000.0,50000.0,1186,2,0.0,98900.0,98900.0,-1100.0
8767,Naomi Larson,paroli,100.0,100000.0,50000.0,1181,3,0.0,103300.0,103300.0,3300.0
8768,Rafael Burnett,paroli,100.0,100000.0,50000.0,1170,1,0.0,104200.0,104200.0,4200.0
8769,Emberly Barber,paroli,100.0,100000.0,50000.0,1156,1,0.0,97600.0,97600.0,-2400.0
8770,Solomon Vincent,paroli,100.0,100000.0,50000.0,1157,0,0.0,95900.0,95900.0,-4100.0
8771,Allyson Quinn,paroli,100.0,100000.0,50000.0,1142,2,0.0,87200.0,87200.0,-12800.0
8772,Rhys Knox,paroli,100.0,100000.0,50000.0,1172,0,0.0,98500.0,98500.0,-1500.0
8773,Kallie Mueller,paroli,100.0,100000.0,50000.0,1150,1,0.0,96300.0,96300.0,-3700.0
8774,Albert Boone,paroli,100.0,100000.0,50000.0,1149,1,0.0,91800.0,91800.0,-8200.0
8775,Mariam Horton,paroli,100.0,100000.0,50000.0,1129,0,0.0,94400.0,94400.0,-5600.0
8776,Garrett Tanner,paroli,100.0,100000.0,50000.0,1165,0,0.0,101600.0,101600.0,1600.0
8777,Harmoni Morton,paroli,100.0,100000.0,50000.0,1118,2,0.0,89300.0,89300.0,-10700.0
8778,Roland Meadows,paroli,100.0,100000.0,50000.0,1106,1,0.0,88300.0,88300.0,-11700.0
8779,Pearl Colon,paroli,100.0,100000.0,50000.0,1161,0,0.0,98300.0,98300.0,-1700.0
8780,Bruce Castro,paroli,100.0,100000.0,50000.0,1172,1,0.0,99600.0,99600.0,-400.0
8781,Eloise Valencia,paroli,100.0,100000.0,50000.0,1119,0,0.0,90200.0,90200.0,-9800.0
8782,Dax McCann,paroli,100.0,100000.0,50000.0,1148,2,0.0,95900.0,95900.0,-4100.0
8783,Joyce Pacheco,paroli,100.0,100000.0,50000.0,1130,2,0.0,93700.0,93700.0,-6300.0
8784,Erik Parrish,paroli,100.0,100000.0,50000.0,1188,0,0.0,102500.0,102500.0,2500.0
8785,Tiana Arellano,paroli,100.0,100000.0,50000.0,1170,2,0.0,99300.0,99300.0,-700.0
8786,Kellan Wyatt,paroli,100.0,100000.0,50000.0,1177,2,0.0,99100.0,99100.0,-900.0
8787,Liberty Marin,paroli,100.0,100000.0,50000.0,1173,0,0.0,98900.0,98900.0,-1100.0
8788,Aldo Snow,paroli,100.0,100000.0,50000.0,1160,0,0.0,97300.0,97300.0,-2700.0
8789,Alexia Potter,paroli,100.0,100000.0,50000.0,1165,0,0.0,101100.0,101100.0,1100.0
8790,Lucca Saunders,paroli,100.0,100000.0,50000.0,1197,0,0.0,101300.0,101300.0,1300.0
8791,Meadow Lambert,paroli,100.0,100000.0,50000.0,1137,2,0.0,93400.0,93400.0,-6600.0
8792,Mario Gonzales,paroli,100.0,100000.0,50000.0,1114,0,0.0,84100.0,84100.0,-15900.0
8793,Hadley Clements,paroli,100.0,100000.0,50000.0,1170,0,0.0,98600.0,98600.0,-1400.0
8794,Fisher Decker,paroli,100.0,100000.0,50000.0,1121,0,0.0,88800.0,88800.0,-11200.0
8795,Aleena Hodges,paroli,100.0,100000.0,50000.0,1185,0,0.0,99900.0,99900.0,-100.0
8796,Alonzo Bryan,paroli,100.0,100000.0,50000.0,1113,2,0.0,87000.0,87000.0,-13000.0
8797,Meredith Tucker,paroli,100.0,100000.0,50000.0,1176,0,0.0,104200.0,104200.0,4200.0
8798,Ivan Allison,paroli,100.0,100000.0,50000.0,1154,2,0.0,98700.0,98700.0,-1300.0
8799,Chelsea Schneider,paroli,100.0,100000.0,50000.0,1117,0,0.0,87600.0,87600.0,-12400.0
8800,Raymond Robles,paroli,100.0,100000.0,50000.0,1147,0,0.0,96000.0,96000.0,-4000.0
8801,Felicity Valencia,paroli,100.0,100000.0,50000.0,1142,2,0.0,98600.0,98600.0,-1400.0
8802,Dax Ross,paroli,100.0,100000.0,50000.0,1129,1,0.0,90400.0,90400.0,-9600.0
8803,Peyton Douglas,paroli,100.0,100000.0,50000.0,1207,0,0.0,104400.0,104400.0,4400.0
8804,Derek Thornton,paroli,100.0,100000.0,50000.0,1184,1,0.0,102700.0,102700.0,2700.0
8805,Haisley Blackburn,paroli,100.0,100000.0,50000.0,1166,0,0.0,95300.0,95300.0,-4700.0
8806,Zahir Holland,paroli,100.0,100000.0,50000.0,1086,1,0.0,81300.0,81300.0,-18700.0
8807,Mariah Peterson,paroli,100.0,100000.0,50000.0,1150,0,0.0,90800.0,90800.0,-9200.0
8808,Santiago Solis,paroli,100.0,100000.0,50000.0,1150,0,0.0,94800.0,94800.0,-5200.0
8809,Miracle Melton,paroli,100.0,100000.0,50000.0,1126,1,0.0,94400.0,94400.0,-5600.0
8810,Lennon Hicks,paroli,100.0,100000.0,50000.0,1125,2,0.0,92400.0,92400.0,-7600.0
8811,Alina Levy,paroli,100.0,100000.0,50000.0,1119,1,0.0,88000.0,88000.0,-12000.0
8812,Harold Johns,paroli,100.0,100000.0,50000.0,1133,1,0.0,90500.0,90500.0,-9500.0
8813,Giovanna Doyle,paroli,100.0,100000.0,50000.0,1146,1,0.0,90700.0,90700.0,-9300.0
8814,Kashton Bonilla,paroli,100.0,100000.0,50000.0,1144,2,0.0,94500.0,94500.0,-5500.0
8815,Romina Harper,paroli,100.0,100000.0,50000.0,1154,0,0.0,98300.0,98300.0,-1700.0
8816,Hayes Vang,paroli,100.0,100000.0,50000.0,1182,0,0.0,100200.0,100200.0,200.0
8817,Madisyn Galindo,paroli,100.0,100000.0,50000.0,1142,0,0.0,93900.0,93900.0,-6100.0
8818,Salvatore Manning,paroli,100.0,100000.0,50000.0,1153,0,0.0,93700.0,93700.0,-6300.0
8819,Jennifer Burton,paroli,100.0,100000.0,50000.0,1163,1,0.0,96400.0,96400.0,-3600.0
8820,Zander Robertson,paroli,100.0,100000.0,50000.0,1133,0,0.0,93300.0,93300.0,-6700.0
8821,Harmony Evans,paroli,100.0,100000.0,50000.0,1179,1,0.0,97900.0,97900.0,-2100.0
8822,Elias Poole,paroli,100.0,100000.0,50000.0,1115,2,0.0,85600.0,85600.0,-14400.0
8823,Bonnie Mendez,paroli,100.0,100000.0,50000.0,1158,2,0.0,96600.0,96600.0,-3400.0
8824,Arthur Harrington,paroli,100.0,100000.0,50000.0,1226,1,0.0,107700.0,107700.0,7700.0
8825,Legacy Hill,paroli,100.0,100000.0,50000.0,1136,0,0.0,89800.0,89800.0,-10200.0
8826,Isaac Burke,paroli,100.0,100000.0,50000.0,1180,0,0.0,102800.0,102800.0,2800.0
8827,Vera Finley,paroli,100.0,100000.0,50000.0,1099,1,0.0,82900.0,82900.0,-17100.0
8828,Calum Dominguez,paroli,100.0,100000.0,50000.0,1131,0,0.0,88800.0,88800.0,-11200.0
8829,Raegan Chung,paroli,100.0,100000.0,50000.0,1131,0,0.0,90300.0,90300.0,-9700.0
8830,Ira Rojas,paroli,100.0,100000.0,50000.0,1155,0,0.0,97100.0,97100.0,-2900.0
8831,Adaline Summers,paroli,100.0,100000.0,50000.0,1142,0,0.0,94300.0,94300.0,-5700.0
8832,Darius Ali,paroli,100.0,100000.0,50000.0,1194,1,0.0,104200.0,104200.0,4200.0
8833,Zelda McFarland,paroli,100.0,100000.0,50000.0,1172,1,0.0,98800.0,98800.0,-1200.0
8834,Dane Gibbs,paroli,100.0,100000.0,50000.0,1118,1,0.0,88400.0,88400.0,-11600.0
8835,Carter Moore,paroli,100.0,100000.0,50000.0,1155,2,0.0,100800.0,100800.0,800.0
8836,Levi Gentry,paroli,100.0,100000.0,50000.0,1140,2,0.0,92900.0,92900.0,-7100.0
8837,Amelie Thompson,paroli,100.0,100000.0,50000.0,1123,0,0.0,88800.0,88800.0,-11200.0
8838,Theodore Jenkins,paroli,100.0,100000.0,50000.0,1122,2,0.0,85100.0,85100.0,-14900.0
8839,Rylee McDaniel,paroli,100.0,100000.0,50000.0,1161,3,0.0,97800.0,97800.0,-2200.0
8840,Major Simon,paroli,100.0,100000.0,50000.0,1097,2,0.0,83800.0,83800.0,-16200.0
8841,Kalani Tran,paroli,100.0,100000.0,50000.0,1137,0,0.0,89500.0,89500.0,-10500.0
8842,Braxton Crosby,paroli,100.0,100000.0,50000.0,1127,2,0.0,90800.0,90800.0,-9200.0
8843,Keily McIntosh,paroli,100.0,100000.0,50000.0,1148,0,0.0,95200.0,95200.0,-4800.0
8844,Kristian Avila,paroli,100.0,100000.0,50000.0,1126,0,0.0,92100.0,92100.0,-7900.0
8845,Amiyah Richmond,paroli,100.0,100000.0,50000.0,1140,1,0.0,89500.0,89500.0,-10500.0
8846,Mordechai McFarland,paroli,100.0,100000.0,50000.0,1175,0,0.0,100500.0,100500.0,500.0
8847,Annika Atkinson,paroli,100.0,100000.0,50000.0,1149,1,0.0,96300.0,96300.0,-3700.0
8848,Duke Ayers,paroli,100.0,100000.0,50000.0,1142,0,0.0,94200.0,94200.0,-5800.0
8849,Simone Barber,paroli,100.0,100000.0,50000.0,1073,0,0.0,79600.0,79600.0,-20400.0
8850,Solomon Webb,paroli,100.0,100000.0,50000.0,1199,0,0.0,107100.0,107100.0,7100.0
8851,Ariella Kaur,paroli,100.0,100000.0,50000.0,1172,2,0.0,99300.0,99300.0,-700.0
8852,Augustine Valentine,paroli,100.0,100000.0,50000.0,1152,0,0.0,89500.0,89500.0,-10500.0
8853,August McCullough,paroli,100.0,100000.0,50000.0,1118,3,0.0,82900.0,82900.0,-17100.0
8854,Briar Richmond,paroli,100.0,100000.0,50000.0,1160,0,0.0,98600.0,98600.0,-1400.0
8855,Whitney Hodges,paroli,100.0,100000.0,50000.0,1220,0,0.0,113500.0,113500.0,13500.0
8856,Alonzo Lucas,paroli,100.0,100000.0,50000.0,1128,2,0.0,90900.0,90900.0,-9100.0
8857,Phoenix Potter,paroli,100.0,100000.0,50000.0,1145,2,0.0,93200.0,93200.0,-6800.0
8858,Lucca Carson,paroli,100.0,100000.0,50000.0,1140,2,0.0,95900.0,95900.0,-4100.0
8859,Nalani Howe,paroli,100.0,100000.0,50000.0,1193,0,0.0,104300.0,104300.0,4300.0
8860,Alaric Hogan,paroli,100.0,100000.0,50000.0,1206,2,0.0,101900.0,101900.0,1900.0
8861,Kathryn Riley,paroli,100.0,100000.0,50000.0,1136,1,0.0,89600.0,89600.0,-10400.0
8862,Amari Rose,paroli,100.0,100000.0,50000.0,1121,1,0.0,87000.0,87000.0,-13000.0
8863,Magnolia Valencia,paroli,100.0,100000.0,50000.0,1129,0,0.0,91500.0,91500.0,-8500.0
8864,Dax Ingram,paroli,100.0,100000.0,50000.0,1147,0,0.0,91600.0,91600.0,-8400.0
8865,Katie Eaton,paroli,100.0,100000.0,50000.0,1169,1,0.0,91000.0,91000.0,-9000.0
8866,Leighton Hood,paroli,100.0,100000.0,50000.0,1145,1,0.0,96200.0,96200.0,-3800.0
8867,Briana Velez,paroli,100.0,100000.0,50000.0,1119,1,0.0,90800.0,90800.0,-9200.0
8868,Kareem Raymond,paroli,100.0,100000.0,50000.0,1092,2,0.0,85900.0,85900.0,-14100.0
8869,Hadlee Liu,paroli,100.0,100000.0,50000.0,1136,0,0.0,91900.0,91900.0,-8100.0
8870,Pedro Wade,paroli,100.0,100000.0,50000.0,1150,0,0.0,97100.0,97100.0,-2900.0
8871,Evie Hines,paroli,100.0,100000.0,50000.0,1171,1,0.0,105300.0,105300.0,5300.0
8872,Uriel Parra,paroli,100.0,100000.0,50000.0,1183,1,0.0,104200.0,104200.0,4200.0
8873,Dalary Reese,paroli,100.0,100000.0,50000.0,1151,3,0.0,99100.0,99100.0,-900.0
8874,Alijah Velasquez,paroli,100.0,100000.0,50000.0,1114,2,0.0,85800.0,85800.0,-14200.0
8875,Esme Patterson,paroli,100.0,100000.0,50000.0,1176,0,0.0,96500.0,96500.0,-3500.0
8876,Amir Reyna,paroli,100.0,100000.0,50000.0,1187,2,0.0,104500.0,104500.0,4500.0
8877,Luella Shannon,paroli,100.0,100000.0,50000.0,1088,0,0.0,84100.0,84100.0,-15900.0
8878,Eliel McCann,paroli,100.0,100000.0,50000.0,1166,2,0.0,100900.0,100900.0,900.0
8879,Joyce Chan,paroli,100.0,100000.0,50000.0,1126,2,0.0,90300.0,90300.0,-9700.0
8880,Frank Perry,paroli,100.0,100000.0,50000.0,1196,0,0.0,98500.0,98500.0,-1500.0
8881,Clara Massey,paroli,100.0,100000.0,50000.0,1146,4,0.0,97600.0,97600.0,-2400.0
8882,Donald Jarvis,paroli,100.0,100000.0,50000.0,1115,1,0.0,87800.0,87800.0,-12200.0
8883,Elisabeth Macdonald,paroli,100.0,100000.0,50000.0,1157,2,0.0,98500.0,98500.0,-1500.0
8884,Hugh Beil,paroli,100.0,100000.0,50000.0,1109,1,0.0,88900.0,88900.0,-11100.0
8885,Itzel Carpenter,paroli,100.0,100000.0,50000.0,1175,1,0.0,96200.0,96200.0,-3800.0
8886,Jeremy Barrera,paroli,100.0,100000.0,50000.0,1126,0,0.0,93300.0,93300.0,-6700.0
8887,Beatrice Mayer,paroli,100.0,100000.0,50000.0,1104,0,0.0,84600.0,84600.0,-15400.0
8888,Yahir Holt,paroli,100.0,100000.0,50000.0,1136,0,0.0,93800.0,93800.0,-6200.0
8889,Adelynn Hoover,paroli,100.0,100000.0,50000.0,1167,1,0.0,97900.0,97900.0,-2100.0
8890,Jaziel Harrison,paroli,100.0,100000.0,50000.0,1185,1,0.0,103600.0,103600.0,3600.0
8891,Jasmine Howell,paroli,100.0,100000.0,50000.0,1105,2,0.0,85500.0,85500.0,-14500.0
8892,Bradley McClain,paroli,100.0,100000.0,50000.0,1174,0,0.0,100700.0,100700.0,700.0
8893,Marleigh Dean,paroli,100.0,100000.0,50000.0,1122,1,0.0,83700.0,83700.0,-16300.0
8894,Ronan Good,paroli,100.0,100000.0,50000.0,1158,2,0.0,94400.0,94400.0,-5600.0
8895,Nathalia Kirby,paroli,100.0,100000.0,50000.0,1128,1,0.0,91000.0,91000.0,-9000.0
8896,Tony Kim,paroli,100.0,100000.0,50000.0,1140,0,0.0,91800.0,91800.0,-8200.0
8897,Gabriella Norris,paroli,100.0,100000.0,50000.0,1174,0,0.0,99800.0,99800.0,-200.0
8898,Cairo Walton,paroli,100.0,100000.0,50000.0,1133,0,0.0,93600.0,93600.0,-6400.0
8899,Scarlet Turner,paroli,100.0,100000.0,50000.0,1147,0,0.0,92500.0,92500.0,-7500.0
8900,Joshua McPherson,paroli,100.0,100000.0,50000.0,1122,1,0.0,88400.0,88400.0,-11600.0
8901,Emmaline Mack,paroli,100.0,100000.0,50000.0,1131,0,0.0,93400.0,93400.0,-6600.0
8902,Esteban James,paroli,100.0,100000.0,50000.0,1080,0,0.0,81700.0,81700.0,-18300.0
8903,Quinn Atkinson,paroli,100.0,100000.0,50000.0,1165,0,0.0,93800.0,93800.0,-6200.0
8904,Duke Gallagher,paroli,100.0,100000.0,50000.0,1143,2,0.0,94800.0,94800.0,-5200.0
8905,Elliott Barrera,paroli,100.0,100000.0,50000.0,1175,0,0.0,97200.0,97200.0,-2800.0
8906,Makai Lawson,paroli,100.0,100000.0,50000.0,1128,0,0.0,96300.0,96300.0,-3700.0
8907,Phoebe Pace,paroli,100.0,100000.0,50000.0,1121,3,0.0,88500.0,88500.0,-11500.0
8908,Dior Miller,paroli,100.0,100000.0,50000.0,1152,1,0.0,97500.0,97500.0,-2500.0
8909,Isabella Rose,paroli,100.0,100000.0,50000.0,1103,1,0.0,82300.0,82300.0,-17700.0
8910,Hayden Pearson,paroli,100.0,100000.0,50000.0,1182,0,0.0,101700.0,101700.0,1700.0
8911,Kiara Hammond,paroli,100.0,100000.0,50000.0,1140,1,0.0,93500.0,93500.0,-6500.0
8912,Francis Fox,paroli,100.0,100000.0,50000.0,1192,0,0.0,100100.0,100100.0,100.0
8913,Juliette Miller,paroli,100.0,100000.0,50000.0,1204,2,0.0,105100.0,105100.0,5100.0
8914,Benjamin Duarte,paroli,100.0,100000.0,50000.0,1154,1,0.0,88200.0,88200.0,-11800.0
8915,Kynlee Robertson,paroli,100.0,100000.0,50000.0,1144,1,0.0,91300.0,91300.0,-8700.0
8916,Emiliano Hodges,paroli,100.0,100000.0,50000.0,1158,1,0.0,95900.0,95900.0,-4100.0
8917,Eve Wall,paroli,100.0,100000.0,50000.0,1098,0,0.0,83700.0,83700.0,-16300.0
8918,Issac Tate,paroli,100.0,100000.0,50000.0,1175,1,0.0,99700.0,99700.0,-300.0
8919,Skye O’brien,paroli,100.0,100000.0,50000.0,1124,2,0.0,89300.0,89300.0,-10700.0
8920,Riley Greene,paroli,100.0,100000.0,50000.0,1152,2,0.0,94400.0,94400.0,-5600.0
8921,Selena Boyle,paroli,100.0,100000.0,50000.0,1177,1,0.0,98400.0,98400.0,-1600.0
8922,Robin Walter,paroli,100.0,100000.0,50000.0,1147,0,0.0,93800.0,93800.0,-6200.0
8923,Penny Lynn,paroli,100.0,100000.0,50000.0,1148,1,0.0,94700.0,94700.0,-5300.0
8924,Zechariah Berg,paroli,100.0,100000.0,50000.0,1142,1,0.0,88300.0,88300.0,-11700.0
8925,Emmalyn Joseph,paroli,100.0,100000.0,50000.0,1133,1,0.0,90700.0,90700.0,-9300.0
8926,Kyle Nixon,paroli,100.0,100000.0,50000.0,1162,2,0.0,100400.0,100400.0,400.0
8927,Deborah Vang,paroli,100.0,100000.0,50000.0,1100,0,0.0,85900.0,85900.0,-14100.0
8928,Jimmy Richardson,paroli,100.0,100000.0,50000.0,1191,1,0.0,106800.0,106800.0,6800.0
8929,Allison Chung,paroli,100.0,100000.0,50000.0,1165,1,0.0,95200.0,95200.0,-4800.0
8930,Ira Blevins,paroli,100.0,100000.0,50000.0,1204,2,0.0,102400.0,102400.0,2400.0
8931,Aila Bartlett,paroli,100.0,100000.0,50000.0,1178,2,0.0,106100.0,106100.0,6100.0
8932,Kace Vargas,paroli,100.0,100000.0,50000.0,1111,1,0.0,91200.0,91200.0,-8800.0
8933,Andrea Hahn,paroli,100.0,100000.0,50000.0,1103,1,0.0,85200.0,85200.0,-14800.0
8934,Kabir Patterson,paroli,100.0,100000.0,50000.0,1137,0,0.0,90900.0,90900.0,-9100.0
8935,Kaylee Norton,paroli,100.0,100000.0,50000.0,1183,2,0.0,97600.0,97600.0,-2400.0
8936,Callen Holmes,paroli,100.0,100000.0,50000.0,1193,2,0.0,99900.0,99900.0,-100.0
8937,Bailey May,paroli,100.0,100000.0,50000.0,1136,1,0.0,88500.0,88500.0,-11500.0
8938,Finley Shaw,paroli,100.0,100000.0,50000.0,1138,0,0.0,88000.0,88000.0,-12000.0
8939,Emersyn Craig,paroli,100.0,100000.0,50000.0,1146,0,0.0,97300.0,97300.0,-2700.0
8940,Odin Beck,paroli,100.0,100000.0,50000.0,1144,0,0.0,98000.0,98000.0,-2000.0
8941,Gia Greene,paroli,100.0,100000.0,50000.0,1103,1,0.0,81900.0,81900.0,-18100.0
8942,Griffin Parsons,paroli,100.0,100000.0,50000.0,1176,0,0.0,100500.0,100500.0,500.0
8943,Maia Hodge,paroli,100.0,100000.0,50000.0,1130,0,0.0,91000.0,91000.0,-9000.0
8944,Reign Hogan,paroli,100.0,100000.0,50000.0,1176,0,0.0,104900.0,104900.0,4900.0
8945,Kathryn Andrade,paroli,100.0,100000.0,50000.0,1103,0,0.0,87500.0,87500.0,-12500.0
8946,Abdiel Ward,paroli,100.0,100000.0,50000.0,1138,2,0.0,90200.0,90200.0,-9800.0
8947,Ariana Clements,paroli,100.0,100000.0,50000.0,1186,1,0.0,97900.0,97900.0,-2100.0
8948,Fisher Estrada,paroli,100.0,100000.0,50000.0,1145,0,0.0,93500.0,93500.0,-6500.0
8949,Sawyer Bonilla,paroli,100.0,100000.0,50000.0,1069,2,0.0,80600.0,80600.0,-19400.0
8950,Aden Bennett,paroli,100.0,100000.0,50000.0,1171,0,0.0,96400.0,96400.0,-3600.0
8951,Josephine Best,paroli,100.0,100000.0,50000.0,1145,0,0.0,98500.0,98500.0,-1500.0
8952,Harlem O’Connell,paroli,100.0,100000.0,50000.0,1096,0,0.0,83000.0,83000.0,-17000.0
8953,Jillian Reyna,paroli,100.0,100000.0,50000.0,1130,0,0.0,92100.0,92100.0,-7900.0
8954,Reginald Long,paroli,100.0,100000.0,50000.0,1139,1,0.0,91500.0,91500.0,-8500.0
8955,Jade Houston,paroli,100.0,100000.0,50000.0,1105,0,0.0,86700.0,86700.0,-13300.0
8956,Sylas Brooks,paroli,100.0,100000.0,50000.0,1144,0,0.0,92000.0,92000.0,-8000.0
8957,Autumn Alvarez,paroli,100.0,100000.0,50000.0,1157,2,0.0,97400.0,97400.0,-2600.0
8958,Xavier Nielsen,paroli,100.0,100000.0,50000.0,1196,2,0.0,104200.0,104200.0,4200.0
8959,Vienna Kennedy,paroli,100.0,100000.0,50000.0,1157,0,0.0,95400.0,95400.0,-4600.0
8960,Maxwell Castillo,paroli,100.0,100000.0,50000.0,1175,1,0.0,99900.0,99900.0,-100.0
8961,Eva Hartman,paroli,100.0,100000.0,50000.0,1186,1,0.0,100500.0,100500.0,500.0
8962,Baker Haley,paroli,100.0,100000.0,50000.0,1143,0,0.0,92000.0,92000.0,-8000.0
8963,Addilynn Crane,paroli,100.0,100000.0,50000.0,1181,0,0.0,97100.0,97100.0,-2900.0
8964,Fox Aguirre,paroli,100.0,100000.0,50000.0,1156,0,0.0,93500.0,93500.0,-6500.0
8965,Ariah House,paroli,100.0,100000.0,50000.0,1158,0,0.0,95500.0,95500.0,-4500.0
8966,Yehuda Moody,paroli,100.0,100000.0,50000.0,1092,0,0.0,85200.0,85200.0,-14800.0
8967,Elaine Henry,paroli,100.0,100000.0,50000.0,1236,3,0.0,111900.0,111900.0,11900.0
8968,Carlos Gallegos,paroli,100.0,100000.0,50000.0,1138,1,0.0,93000.0,93000.0,-7000.0
8969,Ari Glover,paroli,100.0,100000.0,50000.0,1134,2,0.0,90200.0,90200.0,-9800.0
8970,Mack Trujillo,paroli,100.0,100000.0,50000.0,1160,0,0.0,95400.0,95400.0,-4600.0
8971,Danielle Rhodes,paroli,100.0,100000.0,50000.0,1165,0,0.0,96900.0,96900.0,-3100.0
8972,Titus Hartman,paroli,100.0,100000.0,50000.0,1108,2,0.0,85600.0,85600.0,-14400.0
8973,Kennedi Beard,paroli,100.0,100000.0,50000.0,1147,0,0.0,90100.0,90100.0,-9900.0
8974,Nathanael Floyd,paroli,100.0,100000.0,50000.0,1189,0,0.0,102000.0,102000.0,2000.0
8975,Yaretzi Lu,paroli,100.0,100000.0,50000.0,1141,0,0.0,99300.0,99300.0,-700.0
8976,Duncan Waters,paroli,100.0,100000.0,50000.0,1141,1,0.0,91900.0,91900.0,-8100.0
8977,Bristol Hickman,paroli,100.0,100000.0,50000.0,1174,2,0.0,95900.0,95900.0,-4100.0
8978,Jakobe Moreno,paroli,100.0,100000.0,50000.0,1133,2,0.0,86200.0,86200.0,-13800.0
8979,Mary Hutchinson,paroli,100.0,100000.0,50000.0,1147,0,0.0,94400.0,94400.0,-5600.0
8980,Korbin Ho,paroli,100.0,100000.0,50000.0,1076,0,0.0,77300.0,77300.0,-22700.0
8981,Calliope Benitez,paroli,100.0,100000.0,50000.0,1121,1,0.0,90800.0,90800.0,-9200.0
8982,Justice Hull,paroli,100.0,100000.0,50000.0,1130,2,0.0,87700.0,87700.0,-12300.0
8983,Andi Houston,paroli,100.0,100000.0,50000.0,1182,0,0.0,100200.0,100200.0,200.0
8984,Sylas Rojas,paroli,100.0,100000.0,50000.0,1136,1,0.0,90100.0,90100.0,-9900.0
8985,Adaline Rosario,paroli,100.0,100000.0,50000.0,1187,1,0.0,101400.0,101400.0,1400.0
8986,Jedidiah Tucker,paroli,100.0,100000.0,50000.0,1102,0,0.0,86700.0,86700.0,-13300.0
8987,Esther Reid,paroli,100.0,100000.0,50000.0,1142,0,0.0,90600.0,90600.0,-9400.0
8988,Josue Jennings,paroli,100.0,100000.0,50000.0,1136,0,0.0,88800.0,88800.0,-11200.0
8989,Palmer Juarez,paroli,100.0,100000.0,50000.0,1168,2,0.0,102600.0,102600.0,2600.0
8990,Joaquin Velazquez,paroli,100.0,100000.0,50000.0,1151,0,0.0,94300.0,94300.0,-5700.0
8991,Jaliyah Benton,paroli,100.0,100000.0,50000.0,1120,2,0.0,91700.0,91700.0,-8300.0
8992,Jamal Clark,paroli,100.0,100000.0,50000.0,1077,0,0.0,86700.0,86700.0,-13300.0
8993,Chloe Frank,paroli,100.0,100000.0,50000.0,1154,1,0.0,95200.0,95200.0,-4800.0
8994,Braylen Brandt,paroli,100.0,100000.0,50000.0,1151,2,0.0,99800.0,99800.0,-200.0
8995,Loretta Lang,paroli,100.0,100000.0,50000.0,1120,0,0.0,92100.0,92100.0,-7900.0
8996,Wells Mays,paroli,100.0,100000.0,50000.0,1133,3,0.0,86600.0,86600.0,-13400.0
8997,Denisse Ballard,paroli,100.0,100000.0,50000.0,1103,0,0.0,86300.0,86300.0,-13700.0
8998,Kenzo Dillon,paroli,100.0,100000.0,50000.0,1147,0,0.0,94300.0,94300.0,-5700.0
8999,Laurel Reid,paroli,100.0,100000.0,50000.0,1138,0,0.0,89500.0,89500.0,-10500.0
9000,Josue Hutchinson,paroli,100.0,100000.0,50000.0,1150,2,0.0,96800.0,96800.0,-3200.0
9001,Martha Gonzales,paroli,100.0,100000.0,50000.0,1165,0,0.0,99100.0,99100.0,-900.0
9002,Brayden Atkins,paroli,100.0,100000.0,50000.0,1142,0,0.0,91900.0,91900.0,-8100.0
9003,Mina Burgess,paroli,100.0,100000.0,50000.0,1161,0,0.0,92800.0,92800.0,-7200.0
9004,Kolton Bates,paroli,100.0,100000.0,50000.0,1157,1,0.0,98100.0,98100.0,-1900.0
9005,Madilyn Mathis,paroli,100.0,100000.0,50000.0,1130,2,0.0,86700.0,86700.0,-13300.0
9006,Gustavo Petersen,paroli,100.0,100000.0,50000.0,1192,1,0.0,100800.0,100800.0,800.0
9007,Fernanda Burton,paroli,100.0,100000.0,50000.0,1141,0,0.0,89500.0,89500.0,-10500.0
9008,Zander Barton,paroli,100.0,100000.0,50000.0,1168,1,0.0,95100.0,95100.0,-4900.0
9009,Danna Garrett,paroli,100.0,100000.0,50000.0,1112,0,0.0,90000.0,90000.0,-10000.0
9010,Kairo Monroe,paroli,100.0,100000.0,50000.0,1227,4,0.0,114100.0,114100.0,14100.0
9011,Carly Santana,paroli,100.0,100000.0,50000.0,1170,0,0.0,102200.0,102200.0,2200.0
9012,Mohamed Whitaker,paroli,100.0,100000.0,50000.0,1153,0,0.0,89000.0,89000.0,-11000.0
9013,Ivanna Moran,paroli,100.0,100000.0,50000.0,1108,1,0.0,83000.0,83000.0,-17000.0
9014,Tate York,paroli,100.0,100000.0,50000.0,1139,3,0.0,87600.0,87600.0,-12400.0
9015,Milan Shaw,paroli,100.0,100000.0,50000.0,1153,2,0.0,93400.0,93400.0,-6600.0
9016,Elliot Miles,paroli,100.0,100000.0,50000.0,1163,2,0.0,96500.0,96500.0,-3500.0
9017,Alessandra Abbott,paroli,100.0,100000.0,50000.0,1171,0,0.0,102600.0,102600.0,2600.0
9018,Kohen Lam,paroli,100.0,100000.0,50000.0,1140,0,0.0,96300.0,96300.0,-3700.0
9019,Karina Zuniga,paroli,100.0,100000.0,50000.0,1168,2,0.0,100800.0,100800.0,800.0
9020,Sincere Garrett,paroli,100.0,100000.0,50000.0,1135,0,0.0,88100.0,88100.0,-11900.0
9021,Tessa Patterson,paroli,100.0,100000.0,50000.0,1165,0,0.0,96900.0,96900.0,-3100.0
9022,Amir Hobbs,paroli,100.0,100000.0,50000.0,1143,2,0.0,93300.0,93300.0,-6700.0
9023,Lacey Huang,paroli,100.0,100000.0,50000.0,1131,2,0.0,94900.0,94900.0,-5100.0
9024,Ayaan Acosta,paroli,100.0,100000.0,50000.0,1159,2,0.0,99300.0,99300.0,-700.0
9025,Kaia Everett,paroli,100.0,100000.0,50000.0,1134,0,0.0,87300.0,87300.0,-12700.0
9026,Camilo Pratt,paroli,100.0,100000.0,50000.0,1095,0,0.0,85500.0,85500.0,-14500.0
9027,Ailani McPherson,paroli,100.0,100000.0,50000.0,1173,0,0.0,100500.0,100500.0,500.0
9028,Foster Dyer,paroli,100.0,100000.0,50000.0,1150,0,0.0,92600.0,92600.0,-7400.0
9029,Estrella Harding,paroli,100.0,100000.0,50000.0,1167,0,0.0,94300.0,94300.0,-5700.0
9030,Brodie Sims,paroli,100.0,100000.0,50000.0,1134,2,0.0,90200.0,90200.0,-9800.0
9031,Lena Jennings,paroli,100.0,100000.0,50000.0,1181,1,0.0,100000.0,100000.0,0.0
9032,Corbin Blackwell,paroli,100.0,100000.0,50000.0,1148,0,0.0,90600.0,90600.0,-9400.0
9033,Saoirse Morris,paroli,100.0,100000.0,50000.0,1142,0,0.0,92500.0,92500.0,-7500.0
9034,Christian Jackson,paroli,100.0,100000.0,50000.0,1147,0,0.0,90700.0,90700.0,-9300.0
9035,Avery Kelly,paroli,100.0,100000.0,50000.0,1187,2,0.0,102800.0,102800.0,2800.0
9036,Cooper Barker,paroli,100.0,100000.0,50000.0,1153,2,0.0,92200.0,92200.0,-7800.0
9037,Remington Richardson,paroli,100.0,100000.0,50000.0,1138,1,0.0,93000.0,93000.0,-7000.0
9038,Robert Vo,paroli,100.0,100000.0,50000.0,1135,1,0.0,90100.0,90100.0,-9900.0
9039,Artemis Jenkins,paroli,100.0,100000.0,50000.0,1125,0,0.0,89900.0,89900.0,-10100.0
9040,Declan Castaneda,paroli,100.0,100000.0,50000.0,1120,0,0.0,89000.0,89000.0,-11000.0
9041,Keira Brewer,paroli,100.0,100000.0,50000.0,1136,1,0.0,90700.0,90700.0,-9300.0
9042,Cruz Cuevas,paroli,100.0,100000.0,50000.0,1097,1,0.0,86700.0,86700.0,-13300.0
9043,Adele Pham,paroli,100.0,100000.0,50000.0,1182,0,0.0,103800.0,103800.0,3800.0
9044,Russell Giles,paroli,100.0,100000.0,50000.0,1115,2,0.0,85800.0,85800.0,-14200.0
9045,Bailee Bowman,paroli,100.0,100000.0,50000.0,1198,0,0.0,103500.0,103500.0,3500.0
9046,Francisco Phan,paroli,100.0,100000.0,50000.0,1137,1,0.0,90300.0,90300.0,-9700.0
9047,Elsa Ray,paroli,100.0,100000.0,50000.0,1150,0,0.0,95700.0,95700.0,-4300.0
9048,Arlo Webb,paroli,100.0,100000.0,50000.0,1183,1,0.0,99700.0,99700.0,-300.0
9049,Ariella Palmer,paroli,100.0,100000.0,50000.0,1203,0,0.0,109000.0,109000.0,9000.0
9050,Theo Fitzgerald,paroli,100.0,100000.0,50000.0,1143,2,0.0,92400.0,92400.0,-7600.0
9051,Marlee Roy,paroli,100.0,100000.0,50000.0,1170,1,0.0,95500.0,95500.0,-4500.0
9052,Marcelo Hale,paroli,100.0,100000.0,50000.0,1145,1,0.0,91600.0,91600.0,-8400.0
9053,Brinley Becker,paroli,100.0,100000.0,50000.0,1139,4,0.0,88400.0,88400.0,-11600.0
9054,Lawson Hogan,paroli,100.0,100000.0,50000.0,1220,1,0.0,113100.0,113100.0,13100.0
9055,Kathryn Grant,paroli,100.0,100000.0,50000.0,1190,1,0.0,103400.0,103400.0,3400.0
9056,Leon Black,paroli,100.0,100000.0,50000.0,1191,0,0.0,101900.0,101900.0,1900.0
9057,Molly Lugo,paroli,100.0,100000.0,50000.0,1147,1,0.0,96100.0,96100.0,-3900.0
9058,Santos Truong,paroli,100.0,100000.0,50000.0,1146,0,0.0,91800.0,91800.0,-8200.0
9059,Judith Webb,paroli,100.0,100000.0,50000.0,1145,0,0.0,96400.0,96400.0,-3600.0
9060,Lorenzo Abbott,paroli,100.0,100000.0,50000.0,1094,0,0.0,82000.0,82000.0,-18000.0
9061,Melany Farrell,paroli,100.0,100000.0,50000.0,1191,1,0.0,99500.0,99500.0,-500.0
9062,Ty Coffey,paroli,100.0,100000.0,50000.0,1208,0,0.0,109200.0,109200.0,9200.0
9063,Paola Dalton,paroli,100.0,100000.0,50000.0,1167,1,0.0,98900.0,98900.0,-1100.0
9064,Fletcher Washington,paroli,100.0,100000.0,50000.0,1130,1,0.0,92600.0,92600.0,-7400.0
9065,Valerie Phelps,paroli,100.0,100000.0,50000.0,1152,0,0.0,94200.0,94200.0,-5800.0
9066,Hamza Mack,paroli,100.0,100000.0,50000.0,1086,0,0.0,90600.0,90600.0,-9400.0
9067,Nadia Sellers,paroli,100.0,100000.0,50000.0,1191,0,0.0,106100.0,106100.0,6100.0
9068,Madden Ellison,paroli,100.0,100000.0,50000.0,1201,2,0.0,106200.0,106200.0,6200.0
9069,Raina Bradshaw,paroli,100.0,100000.0,50000.0,1123,0,0.0,90300.0,90300.0,-9700.0
9070,Emory York,paroli,100.0,100000.0,50000.0,1154,1,0.0,92800.0,92800.0,-7200.0
9071,Milan Larsen,paroli,100.0,100000.0,50000.0,1122,0,0.0,89500.0,89500.0,-10500.0
9072,Brycen Correa,paroli,100.0,100000.0,50000.0,1087,0,0.0,80800.0,80800.0,-19200.0
9073,Valery Guevara,paroli,100.0,100000.0,50000.0,1117,0,0.0,89800.0,89800.0,-10200.0
9074,Tommy Villegas,paroli,100.0,100000.0,50000.0,1101,1,0.0,83400.0,83400.0,-16600.0
9075,Jessie Pitts,paroli,100.0,100000.0,50000.0,1135,0,0.0,91400.0,91400.0,-8600.0
9076,Trey Wallace,paroli,100.0,100000.0,50000.0,1167,1,0.0,98900.0,98900.0,-1100.0
9077,Arianna Ortega,paroli,100.0,100000.0,50000.0,1106,1,0.0,82000.0,82000.0,-18000.0
9078,Kobe Simmons,paroli,100.0,100000.0,50000.0,1179,0,0.0,104200.0,104200.0,4200.0
9079,Reagan Luna,paroli,100.0,100000.0,50000.0,1155,1,0.0,94200.0,94200.0,-5800.0
9080,Erick Wall,paroli,100.0,100000.0,50000.0,1137,1,0.0,90600.0,90600.0,-9400.0
9081,Jayda Dennis,paroli,100.0,100000.0,50000.0,1134,0,0.0,92800.0,92800.0,-7200.0
9082,Emanuel Spears,paroli,100.0,100000.0,50000.0,1150,0,0.0,95900.0,95900.0,-4100.0
9083,Isabela Williamson,paroli,100.0,100000.0,50000.0,1126,0,0.0,88800.0,88800.0,-11200.0
9084,Emerson Drake,paroli,100.0,100000.0,50000.0,1166,0,0.0,99800.0,99800.0,-200.0
9085,Jayleen Guerra,paroli,100.0,100000.0,50000.0,1097,0,0.0,85000.0,85000.0,-15000.0
9086,Leland Durham,paroli,100.0,100000.0,50000.0,1168,0,0.0,99400.0,99400.0,-600.0
9087,Tiffany Schaefer,paroli,100.0,100000.0,50000.0,1154,0,0.0,94500.0,94500.0,-5500.0
9088,Ishaan McKay,paroli,100.0,100000.0,50000.0,1193,2,0.0,99100.0,99100.0,-900.0
9089,Leanna Villalobos,paroli,100.0,100000.0,50000.0,1124,0,0.0,93200.0,93200.0,-6800.0
9090,Reuben Sexton,paroli,100.0,100000.0,50000.0,1094,0,0.0,81100.0,81100.0,-18900.0
9091,Ellen Lloyd,paroli,100.0,100000.0,50000.0,1179,1,0.0,100700.0,100700.0,700.0
9092,Zaire Rich,paroli,100.0,100000.0,50000.0,1138,0,0.0,91000.0,91000.0,-9000.0
9093,Sunny Beltran,paroli,100.0,100000.0,50000.0,1168,0,0.0,102700.0,102700.0,2700.0
9094,Ricky Vo,paroli,100.0,100000.0,50000.0,1190,0,0.0,100100.0,100100.0,100.0
9095,Artemis Vargas,paroli,100.0,100000.0,50000.0,1088,1,0.0,85100.0,85100.0,-14900.0
9096,Ryker David,paroli,100.0,100000.0,50000.0,1167,1,0.0,99000.0,99000.0,-1000.0
9097,Haylee Thompson,paroli,100.0,100000.0,50000.0,1123,1,0.0,87400.0,87400.0,-12600.0
9098,Theodore Myers,paroli,100.0,100000.0,50000.0,1189,0,0.0,99200.0,99200.0,-800.0
9099,Lydia Armstrong,paroli,100.0,100000.0,50000.0,1184,1,0.0,98300.0,98300.0,-1700.0
9100,Grant Goodwin,paroli,100.0,100000.0,50000.0,1131,1,0.0,90400.0,90400.0,-9600.0
9101,Shiloh Patton,paroli,100.0,100000.0,50000.0,1201,2,0.0,103100.0,103100.0,3100.0
9102,Moises Evans,paroli,100.0,100000.0,50000.0,1164,0,0.0,99500.0,99500.0,-500.0
9103,Eliana Fowler,paroli,100.0,100000.0,50000.0,1128,0,0.0,90500.0,90500.0,-9500.0
9104,Kameron Wong,paroli,100.0,100000.0,50000.0,1135,0,0.0,89700.0,89700.0,-10300.0
9105,Adelaide Mason,paroli,100.0,100000.0,50000.0,1223,0,0.0,109500.0,109500.0,9500.0
9106,Brandon Stephens,paroli,100.0,100000.0,50000.0,1128,3,0.0,92400.0,92400.0,-7600.0
9107,Millie Rollins,paroli,100.0,100000.0,50000.0,1094,1,0.0,79300.0,79300.0,-20700.0
9108,Wes McBride,paroli,100.0,100000.0,50000.0,1158,0,0.0,98300.0,98300.0,-1700.0
9109,Kelsey Mann,paroli,100.0,100000.0,50000.0,1219,0,0.0,108400.0,108400.0,8400.0
9110,Nehemiah Rush,paroli,100.0,100000.0,50000.0,1230,1,0.0,111000.0,111000.0,11000.0
9111,Maleah Knight,paroli,100.0,100000.0,50000.0,1160,2,0.0,103300.0,103300.0,3300.0
9112,Beckett Zamora,paroli,100.0,100000.0,50000.0,1198,0,0.0,104900.0,104900.0,4900.0
9113,Sierra Morales,paroli,100.0,100000.0,50000.0,1096,2,0.0,81800.0,81800.0,-18200.0
9114,Aaron Keller,paroli,100.0,100000.0,50000.0,1188,0,0.0,106800.0,106800.0,6800.0
9115,Logan Hartman,paroli,100.0,100000.0,50000.0,1178,0,0.0,99600.0,99600.0,-400.0
9116,Baker Kane,paroli,100.0,100000.0,50000.0,1137,0,0.0,97000.0,97000.0,-3000.0
9117,Ellianna Simpson,paroli,100.0,100000.0,50000.0,1185,0,0.0,103600.0,103600.0,3600.0
9118,Elliott Marshall,paroli,100.0,100000.0,50000.0,1205,1,0.0,107300.0,107300.0,7300.0
9119,Adalyn Reese,paroli,100.0,100000.0,50000.0,1165,0,0.0,98200.0,98200.0,-1800.0
9120,Alijah Lawrence,paroli,100.0,100000.0,50000.0,1176,1,0.0,98600.0,98600.0,-1400.0
9121,Lauren Hoffman,paroli,100.0,100000.0,50000.0,1164,1,0.0,94700.0,94700.0,-5300.0
9122,Steven Matthews,paroli,100.0,100000.0,50000.0,1213,1,0.0,107400.0,107400.0,7400.0
9123,Lila Rosales,paroli,100.0,100000.0,50000.0,1215,1,0.0,110200.0,110200.0,10200.0
9124,Wilder Mathews,paroli,100.0,100000.0,50000.0,1159,1,0.0,99300.0,99300.0,-700.0
9125,Sloan Walker,paroli,100.0,100000.0,50000.0,1159,0,0.0,97300.0,97300.0,-2700.0
9126,Luke Strong,paroli,100.0,100000.0,50000.0,1142,1,0.0,96200.0,96200.0,-3800.0
9127,Margo Pierce,paroli,100.0,100000.0,50000.0,1148,0,0.0,95200.0,95200.0,-4800.0
9128,Nicolas Combs,paroli,100.0,100000.0,50000.0,1090,1,0.0,80500.0,80500.0,-19500.0
9129,Irene Cunningham,paroli,100.0,100000.0,50000.0,1203,3,0.0,103400.0,103400.0,3400.0
9130,Alejandro Matthews,paroli,100.0,100000.0,50000.0,1193,2,0.0,103300.0,103300.0,3300.0
9131,Lila Weaver,paroli,100.0,100000.0,50000.0,1135,1,0.0,93700.0,93700.0,-6300.0
9132,Tucker Armstrong,paroli,100.0,100000.0,50000.0,1150,1,0.0,99200.0,99200.0,-800.0
9133,Presley Knight,paroli,100.0,100000.0,50000.0,1135,1,0.0,92200.0,92200.0,-7800.0
9134,Beckett Murillo,paroli,100.0,100000.0,50000.0,1209,0,0.0,101500.0,101500.0,1500.0
9135,Mikaela Hunter,paroli,100.0,100000.0,50000.0,1126,1,0.0,89800.0,89800.0,-10200.0
9136,Archer Ingram,paroli,100.0,100000.0,50000.0,1100,1,0.0,86400.0,86400.0,-13600.0
9137,Katie Dorsey,paroli,100.0,100000.0,50000.0,1124,0,0.0,86300.0,86300.0,-13700.0
9138,Enoch Medrano,paroli,100.0,100000.0,50000.0,1228,0,0.0,109300.0,109300.0,9300.0
9139,Halle Osborne,paroli,100.0,100000.0,50000.0,1130,0,0.0,92400.0,92400.0,-7600.0
9140,Augustus Gillespie,paroli,100.0,100000.0,50000.0,1191,0,0.0,104400.0,104400.0,4400.0
9141,Alianna Dominguez,paroli,100.0,100000.0,50000.0,1113,0,0.0,84300.0,84300.0,-15700.0
9142,Kaden Truong,paroli,100.0,100000.0,50000.0,1169,1,0.0,96900.0,96900.0,-3100.0
9143,Judith McKee,paroli,100.0,100000.0,50000.0,1190,2,0.0,102100.0,102100.0,2100.0
9144,Bjorn Golden,paroli,100.0,100000.0,50000.0,1202,0,0.0,107400.0,107400.0,7400.0
9145,Giuliana Moses,paroli,100.0,100000.0,50000.0,1155,0,0.0,96000.0,96000.0,-4000.0
9146,Niklaus Howard,paroli,100.0,100000.0,50000.0,1163,0,0.0,98100.0,98100.0,-1900.0
9147,Sophie Woods,paroli,100.0,100000.0,50000.0,1132,2,0.0,89300.0,89300.0,-10700.0
9148,Zion Gutierrez,paroli,100.0,100000.0,50000.0,1199,0,0.0,103600.0,103600.0,3600.0
9149,Savannah Jones,paroli,100.0,100000.0,50000.0,1126,1,0.0,92200.0,92200.0,-7800.0
9150,William Whitaker,paroli,100.0,100000.0,50000.0,1165,0,0.0,102700.0,102700.0,2700.0
9151,Ivanna Macias,paroli,100.0,100000.0,50000.0,1202,0,0.0,100200.0,100200.0,200.0
9152,Moshe Cunningham,paroli,100.0,100000.0,50000.0,1195,4,0.0,99200.0,99200.0,-800.0
9153,Marley Small,paroli,100.0,100000.0,50000.0,1163,1,0.0,96400.0,96400.0,-3600.0
9154,Rudy Mueller,paroli,100.0,100000.0,50000.0,1162,0,0.0,93100.0,93100.0,-6900.0
9155,Imani Felix,paroli,100.0,100000.0,50000.0,1164,1,0.0,95800.0,95800.0,-4200.0
9156,Rodney Williamson,paroli,100.0,100000.0,50000.0,1189,3,0.0,102200.0,102200.0,2200.0
9157,Catherine Tucker,paroli,100.0,100000.0,50000.0,1178,2,0.0,101300.0,101300.0,1300.0
9158,Ivan Holt,paroli,100.0,100000.0,50000.0,1169,0,0.0,99200.0,99200.0,-800.0
9159,Adelynn Leach,paroli,100.0,100000.0,50000.0,1118,0,0.0,88000.0,88000.0,-12000.0
9160,Westin Shah,paroli,100.0,100000.0,50000.0,1119,4,0.0,88600.0,88600.0,-11400.0
9161,Angelica Hayden,paroli,100.0,100000.0,50000.0,1158,0,0.0,94900.0,94900.0,-5100.0
9162,Leroy Bridges,paroli,100.0,100000.0,50000.0,1201,2,0.0,104900.0,104900.0,4900.0
9163,Elora Mosley,paroli,100.0,100000.0,50000.0,1081,1,0.0,80800.0,80800.0,-19200.0
9164,Rayden McCormick,paroli,100.0,100000.0,50000.0,1171,2,0.0,97500.0,97500.0,-2500.0
9165,Macie Bailey,paroli,100.0,100000.0,50000.0,1168,0,0.0,97900.0,97900.0,-2100.0
9166,Axel Sloan,paroli,100.0,100000.0,50000.0,1094,0,0.0,81400.0,81400.0,-18600.0
9167,Selene Drake,paroli,100.0,100000.0,50000.0,1145,2,0.0,92700.0,92700.0,-7300.0
9168,Jalen Gould,paroli,100.0,100000.0,50000.0,1125,3,0.0,89100.0,89100.0,-10900.0
9169,Violeta Underwood,paroli,100.0,100000.0,50000.0,1142,0,0.0,96700.0,96700.0,-3300.0
9170,Reece Newton,paroli,100.0,100000.0,50000.0,1116,0,0.0,87000.0,87000.0,-13000.0
9171,Braelynn Lowery,paroli,100.0,100000.0,50000.0,1119,0,0.0,83800.0,83800.0,-16200.0
9172,Jaxxon Rivas,paroli,100.0,100000.0,50000.0,1116,0,0.0,94000.0,94000.0,-6000.0
9173,Averie Schaefer,paroli,100.0,100000.0,50000.0,1137,3,0.0,95800.0,95800.0,-4200.0
9174,Ishaan Warren,paroli,100.0,100000.0,50000.0,1154,0,0.0,92500.0,92500.0,-7500.0
9175,Sloane McDaniel,paroli,100.0,100000.0,50000.0,1208,0,0.0,103300.0,103300.0,3300.0
9176,Major Payne,paroli,100.0,100000.0,50000.0,1110,1,0.0,85300.0,85300.0,-14700.0
9177,London Crosby,paroli,100.0,100000.0,50000.0,1161,1,0.0,95000.0,95000.0,-5000.0
9178,Tristen Henson,paroli,100.0,100000.0,50000.0,1171,1,0.0,98900.0,98900.0,-1100.0
9179,Kinslee Lewis,paroli,100.0,100000.0,50000.0,1180,2,0.0,103000.0,103000.0,3000.0
9180,Wyatt Stevens,paroli,100.0,100000.0,50000.0,1122,1,0.0,88300.0,88300.0,-11700.0
9181,Katherine Graves,paroli,100.0,100000.0,50000.0,1115,3,0.0,87900.0,87900.0,-12100.0
9182,Cesar Cohen,paroli,100.0,100000.0,50000.0,1145,0,0.0,97300.0,97300.0,-2700.0
9183,Destiny Porter,paroli,100.0,100000.0,50000.0,1103,2,0.0,86000.0,86000.0,-14000.0
9184,Rhett Maddox,paroli,100.0,100000.0,50000.0,1183,0,0.0,99200.0,99200.0,-800.0
9185,Zainab Holland,paroli,100.0,100000.0,50000.0,1167,1,0.0,100500.0,100500.0,500.0
9186,Brady Rivers,paroli,100.0,100000.0,50000.0,1148,1,0.0,95200.0,95200.0,-4800.0
9187,Kiana Michael,paroli,100.0,100000.0,50000.0,1161,1,0.0,95900.0,95900.0,-4100.0
9188,Bronson McPherson,paroli,100.0,100000.0,50000.0,1167,0,0.0,99100.0,99100.0,-900.0
9189,Emmaline Burch,paroli,100.0,100000.0,50000.0,1160,0,0.0,96500.0,96500.0,-3500.0
9190,Gerald Gould,paroli,100.0,100000.0,50000.0,1130,0,0.0,87100.0,87100.0,-12900.0
9191,Violeta Meyers,paroli,100.0,100000.0,50000.0,1173,2,0.0,98300.0,98300.0,-1700.0
9192,Julien Flynn,paroli,100.0,100000.0,50000.0,1129,2,0.0,96000.0,96000.0,-4000.0
9193,Dorothy Poole,paroli,100.0,100000.0,50000.0,1225,0,0.0,106700.0,106700.0,6700.0
9194,Quincy Douglas,paroli,100.0,100000.0,50000.0,1082,0,0.0,77700.0,77700.0,-22300.0
9195,Aniyah Pollard,paroli,100.0,100000.0,50000.0,1236,1,0.0,109500.0,109500.0,9500.0
9196,Jad Murphy,paroli,100.0,100000.0,50000.0,1157,2,0.0,97300.0,97300.0,-2700.0
9197,Bella Dejesus,paroli,100.0,100000.0,50000.0,1170,0,0.0,94400.0,94400.0,-5600.0
9198,Rio Parker,paroli,100.0,100000.0,50000.0,1139,0,0.0,94200.0,94200.0,-5800.0
9199,Aubrey Vasquez,paroli,100.0,100000.0,50000.0,1138,2,0.0,96300.0,96300.0,-3700.0
9200,Rowan Brewer,paroli,100.0,100000.0,50000.0,1122,1,0.0,89200.0,89200.0,-10800.0
9201,Thea Hinton,paroli,100.0,100000.0,50000.0,1145,1,0.0,91400.0,91400.0,-8600.0
9202,Frankie Robinson,paroli,100.0,100000.0,50000.0,1159,1,0.0,95700.0,95700.0,-4300.0
9203,Nora Taylor,paroli,100.0,100000.0,50000.0,1223,1,0.0,110000.0,110000.0,10000.0
9204,Jackson James,paroli,100.0,100000.0,50000.0,1120,2,0.0,89200.0,89200.0,-10800.0
9205,Quinn Gonzalez,paroli,100.0,100000.0,50000.0,1178,1,0.0,100100.0,100100.0,100.0
9206,Ethan Hudson,paroli,100.0,100000.0,50000.0,1199,0,0.0,104800.0,104800.0,4800.0
9207,Kamila Tate,paroli,100.0,100000.0,50000.0,1184,1,0.0,101900.0,101900.0,1900.0
9208,Dalton Keith,paroli,100.0,100000.0,50000.0,1142,0,0.0,92200.0,92200.0,-7800.0
9209,Elyse McKinney,paroli,100.0,100000.0,50000.0,1113,0,0.0,87500.0,87500.0,-12500.0
9210,Romeo Galvan,paroli,100.0,100000.0,50000.0,1134,3,0.0,94100.0,94100.0,-5900.0
9211,Dallas Duran,paroli,100.0,100000.0,50000.0,1182,1,0.0,108400.0,108400.0,8400.0
9212,Ismael Holmes,paroli,100.0,100000.0,50000.0,1129,1,0.0,90900.0,90900.0,-9100.0
9213,Bailey Galvan,paroli,100.0,100000.0,50000.0,1109,2,0.0,85400.0,85400.0,-14600.0
9214,Kingsley Beil,paroli,100.0,100000.0,50000.0,1139,1,0.0,90600.0,90600.0,-9400.0
9215,Itzel Chase,paroli,100.0,100000.0,50000.0,1175,0,0.0,99800.0,99800.0,-200.0
9216,Otis Pope,paroli,100.0,100000.0,50000.0,1195,1,0.0,100500.0,100500.0,500.0
9217,Aurelia Novak,paroli,100.0,100000.0,50000.0,1184,1,0.0,104100.0,104100.0,4100.0
9218,Bishop Hubbard,paroli,100.0,100000.0,50000.0,1146,2,0.0,95400.0,95400.0,-4600.0
9219,Rosie Frye,paroli,100.0,100000.0,50000.0,1144,3,0.0,91500.0,91500.0,-8500.0
9220,Franco Terrell,paroli,100.0,100000.0,50000.0,1201,0,0.0,107400.0,107400.0,7400.0
9221,Paityn Hartman,paroli,100.0,100000.0,50000.0,1192,1,0.0,103200.0,103200.0,3200.0
9222,Baker Lowe,paroli,100.0,100000.0,50000.0,1185,2,0.0,102200.0,102200.0,2200.0
9223,Amari Sampson,paroli,100.0,100000.0,50000.0,1117,2,0.0,86100.0,86100.0,-13900.0
9224,Cain Herman,paroli,100.0,100000.0,50000.0,1159,2,0.0,98200.0,98200.0,-1800.0
9225,Paulina Alvarez,paroli,100.0,100000.0,50000.0,1183,1,0.0,101300.0,101300.0,1300.0
9226,Xavier Doyle,paroli,100.0,100000.0,50000.0,1250,0,0.0,113800.0,113800.0,13800.0
9227,Annalise Mendoza,paroli,100.0,100000.0,50000.0,1105,1,0.0,82700.0,82700.0,-17300.0
9228,Dominic Brewer,paroli,100.0,100000.0,50000.0,1138,0,0.0,87000.0,87000.0,-13000.0
9229,Thea Pratt,paroli,100.0,100000.0,50000.0,1151,1,0.0,95700.0,95700.0,-4300.0
9230,Rowen Hanna,paroli,100.0,100000.0,50000.0,1159,1,0.0,100200.0,100200.0,200.0
9231,Cynthia Rivas,paroli,100.0,100000.0,50000.0,1152,3,0.0,97600.0,97600.0,-2400.0
9232,Damon Callahan,paroli,100.0,100000.0,50000.0,1105,4,0.0,82100.0,82100.0,-17900.0
9233,Kimber Shaw,paroli,100.0,100000.0,50000.0,1198,0,0.0,105100.0,105100.0,5100.0
9234,Elliot McGuire,paroli,100.0,100000.0,50000.0,1152,0,0.0,96800.0,96800.0,-3200.0
9235,April Hendricks,paroli,100.0,100000.0,50000.0,1137,2,0.0,90700.0,90700.0,-9300.0
9236,Dash Prince,paroli,100.0,100000.0,50000.0,1161,4,0.0,95000.0,95000.0,-5000.0
9237,Greta Weber,paroli,100.0,100000.0,50000.0,1150,1,0.0,92600.0,92600.0,-7400.0
9238,Crew Garza,paroli,100.0,100000.0,50000.0,1148,0,0.0,94500.0,94500.0,-5500.0
9239,River Graves,paroli,100.0,100000.0,50000.0,1147,3,0.0,96600.0,96600.0,-3400.0
9240,Cesar Wilkerson,paroli,100.0,100000.0,50000.0,1188,0,0.0,102900.0,102900.0,2900.0
9241,Janiyah Zavala,paroli,100.0,100000.0,50000.0,1172,1,0.0,97700.0,97700.0,-2300.0
9242,Dillon Peck,paroli,100.0,100000.0,50000.0,1143,0,0.0,98900.0,98900.0,-1100.0
9243,Crystal Riley,paroli,100.0,100000.0,50000.0,1176,2,0.0,98700.0,98700.0,-1300.0
9244,Amari Foley,paroli,100.0,100000.0,50000.0,1113,1,0.0,87400.0,87400.0,-12600.0
9245,Zaylee Mosley,paroli,100.0,100000.0,50000.0,1118,1,0.0,84800.0,84800.0,-15200.0
9246,Rayden McKay,paroli,100.0,100000.0,50000.0,1194,2,0.0,105800.0,105800.0,5800.0
9247,Leanna Pittman,paroli,100.0,100000.0,50000.0,1116,0,0.0,86500.0,86500.0,-13500.0
9248,Valentino Buchanan,paroli,100.0,100000.0,50000.0,1066,0,0.0,81000.0,81000.0,-19000.0
9249,Maryam Castillo,paroli,100.0,100000.0,50000.0,1187,1,0.0,102700.0,102700.0,2700.0
9250,Kai Mayer,paroli,100.0,100000.0,50000.0,1223,2,0.0,107300.0,107300.0,7300.0
9251,Ainhoa Keller,paroli,100.0,100000.0,50000.0,1113,0,0.0,87500.0,87500.0,-12500.0
9252,Nico Fernandez,paroli,100.0,100000.0,50000.0,1160,1,0.0,96400.0,96400.0,-3600.0
9253,Amara Day,paroli,100.0,100000.0,50000.0,1135,2,0.0,89800.0,89800.0,-10200.0
9254,Kayson Wyatt,paroli,100.0,100000.0,50000.0,1140,0,0.0,98200.0,98200.0,-1800.0
9255,Liberty Ware,paroli,100.0,100000.0,50000.0,1139,2,0.0,100300.0,100300.0,300.0
9256,Tadeo Maddox,paroli,100.0,100000.0,50000.0,1140,4,0.0,94200.0,94200.0,-5800.0
9257,Zainab Schmidt,paroli,100.0,100000.0,50000.0,1190,1,0.0,99300.0,99300.0,-700.0
9258,Zayden Molina,paroli,100.0,100000.0,50000.0,1173,1,0.0,100600.0,100600.0,600.0
9259,Alexandria McCall,paroli,100.0,100000.0,50000.0,1171,1,0.0,97200.0,97200.0,-2800.0
9260,Kiaan Flynn,paroli,100.0,100000.0,50000.0,1204,1,0.0,104500.0,104500.0,4500.0
9261,Dorothy Guevara,paroli,100.0,100000.0,50000.0,1132,1,0.0,94000.0,94000.0,-6000.0
9262,Tommy Meyer,paroli,100.0,100000.0,50000.0,1126,1,0.0,84500.0,84500.0,-15500.0
9263,Sara Mayer,paroli,100.0,100000.0,50000.0,1161,1,0.0,103100.0,103100.0,3100.0
9264,Yahir Luna,paroli,100.0,100000.0,50000.0,1121,0,0.0,91100.0,91100.0,-8900.0
9265,Journey Newton,paroli,100.0,100000.0,50000.0,1178,0,0.0,102700.0,102700.0,2700.0
9266,Santino Campbell,paroli,100.0,100000.0,50000.0,1097,0,0.0,87000.0,87000.0,-13000.0
9267,Addison Knox,paroli,100.0,100000.0,50000.0,1128,1,0.0,88200.0,88200.0,-11800.0
9268,Valentin Beltran,paroli,100.0,100000.0,50000.0,1145,2,0.0,99400.0,99400.0,-600.0
9269,Kaydence Hopkins,paroli,100.0,100000.0,50000.0,1134,0,0.0,93900.0,93900.0,-6100.0
9270,Ali Mahoney,paroli,100.0,100000.0,50000.0,1141,1,0.0,93500.0,93500.0,-6500.0
9271,Promise Allison,paroli,100.0,100000.0,50000.0,1113,0,0.0,86100.0,86100.0,-13900.0
9272,Dennis Ochoa,paroli,100.0,100000.0,50000.0,1132,0,0.0,86200.0,86200.0,-13800.0
9273,Luciana Bruce,paroli,100.0,100000.0,50000.0,1126,0,0.0,95300.0,95300.0,-4700.0
9274,Uriah Dougherty,paroli,100.0,100000.0,50000.0,1167,1,0.0,96200.0,96200.0,-3800.0
9275,Alisson Herrera,paroli,100.0,100000.0,50000.0,1164,1,0.0,97100.0,97100.0,-2900.0
9276,River Hodge,paroli,100.0,100000.0,50000.0,1116,1,0.0,87600.0,87600.0,-12400.0
9277,Coraline Roberts,paroli,100.0,100000.0,50000.0,1163,1,0.0,94800.0,94800.0,-5200.0
9278,Josiah Perkins,paroli,100.0,100000.0,50000.0,1114,1,0.0,85900.0,85900.0,-14100.0
9279,Sage Sherman,paroli,100.0,100000.0,50000.0,1149,2,0.0,91300.0,91300.0,-8700.0
9280,Adan Chavez,paroli,100.0,100000.0,50000.0,1155,2,0.0,103900.0,103900.0,3900.0
9281,Nevaeh Lloyd,paroli,100.0,100000.0,50000.0,1121,1,0.0,91600.0,91600.0,-8400.0
9282,Zaire Proctor,paroli,100.0,100000.0,50000.0,1165,1,0.0,98200.0,98200.0,-1800.0
9283,Chandler Guerra,paroli,100.0,100000.0,50000.0,1178,0,0.0,101000.0,101000.0,1000.0
9284,Leland Hancock,paroli,100.0,100000.0,50000.0,1155,0,0.0,92500.0,92500.0,-7500.0
9285,Katelyn Underwood,paroli,100.0,100000.0,50000.0,1143,1,0.0,95800.0,95800.0,-4200.0
9286,Reece Sellers,paroli,100.0,100000.0,50000.0,1211,0,0.0,107200.0,107200.0,7200.0
9287,Mercy Chapman,paroli,100.0,100000.0,50000.0,1154,0,0.0,92900.0,92900.0,-7100.0
9288,Knox Mercado,paroli,100.0,100000.0,50000.0,1131,0,0.0,92200.0,92200.0,-7800.0
9289,Mckinley Hancock,paroli,100.0,100000.0,50000.0,1170,0,0.0,99900.0,99900.0,-100.0
9290,Rex Bond,paroli,100.0,100000.0,50000.0,1165,0,0.0,96300.0,96300.0,-3700.0
9291,Alena Salazar,paroli,100.0,100000.0,50000.0,1183,4,0.0,101700.0,101700.0,1700.0
9292,Brody Bruce,paroli,100.0,100000.0,50000.0,1195,0,0.0,103100.0,103100.0,3100.0
9293,Marilyn Hood,paroli,100.0,100000.0,50000.0,1096,0,0.0,81300.0,81300.0,-18700.0
9294,Brixton Walton,paroli,100.0,100000.0,50000.0,1120,1,0.0,87400.0,87400.0,-12600.0
9295,Scarlet Huerta,paroli,100.0,100000.0,50000.0,1173,1,0.0,101000.0,101000.0,1000.0
9296,Douglas Reese,paroli,100.0,100000.0,50000.0,1114,2,0.0,92000.0,92000.0,-8000.0
9297,Rosemary Cano,paroli,100.0,100000.0,50000.0,1170,1,0.0,96500.0,96500.0,-3500.0
9298,Terry James,paroli,100.0,100000.0,50000.0,1191,0,0.0,103200.0,103200.0,3200.0
9299,Quinn Calhoun,paroli,100.0,100000.0,50000.0,1155,1,0.0,98700.0,98700.0,-1300.0
9300,Gary Collier,paroli,100.0,100000.0,50000.0,1128,0,0.0,88000.0,88000.0,-12000.0
9301,Ivory Fisher,paroli,100.0,100000.0,50000.0,1169,2,0.0,99900.0,99900.0,-100.0
9302,Gael Osborne,paroli,100.0,100000.0,50000.0,1132,0,0.0,93300.0,93300.0,-6700.0
9303,Shelby Conner,paroli,100.0,100000.0,50000.0,1133,1,0.0,91500.0,91500.0,-8500.0
9304,Phillip Glenn,paroli,100.0,100000.0,50000.0,1154,1,0.0,93300.0,93300.0,-6700.0
9305,Blaire Blackburn,paroli,100.0,100000.0,50000.0,1153,1,0.0,98200.0,98200.0,-1800.0
9306,Zahir Blackburn,paroli,100.0,100000.0,50000.0,1199,1,0.0,104400.0,104400.0,4400.0
9307,Frida Mann,paroli,100.0,100000.0,50000.0,1120,1,0.0,92000.0,92000.0,-8000.0
9308,Nehemiah Gibbs,paroli,100.0,100000.0,50000.0,1190,0,0.0,98700.0,98700.0,-1300.0
9309,Carter Graham,paroli,100.0,100000.0,50000.0,1125,0,0.0,89400.0,89400.0,-10600.0
9310,Giovanni Moran,paroli,100.0,100000.0,50000.0,1166,0,0.0,100000.0,100000.0,0.0
9311,Celeste Hurst,paroli,100.0,100000.0,50000.0,1126,0,0.0,90200.0,90200.0,-9800.0
9312,Neil Parra,paroli,100.0,100000.0,50000.0,1155,0,0.0,95100.0,95100.0,-4900.0
9313,Dalary Neal,paroli,100.0,100000.0,50000.0,1183,1,0.0,101900.0,101900.0,1900.0
9314,Kane Compton,paroli,100.0,100000.0,50000.0,1179,1,0.0,96700.0,96700.0,-3300.0
9315,Elina Yang,paroli,100.0,100000.0,50000.0,1136,2,0.0,87500.0,87500.0,-12500.0
9316,Malcolm Peralta,paroli,100.0,100000.0,50000.0,1218,0,0.0,109700.0,109700.0,9700.0
9317,Malayah Fletcher,paroli,100.0,100000.0,50000.0,1150,0,0.0,94000.0,94000.0,-6000.0
9318,Jay Nunez,paroli,100.0,100000.0,50000.0,1141,0,0.0,89800.0,89800.0,-10200.0
9319,Mya Wade,paroli,100.0,100000.0,50000.0,1176,0,0.0,96000.0,96000.0,-4000.0
9320,Jake Brock,paroli,100.0,100000.0,50000.0,1179,1,0.0,102400.0,102400.0,2400.0
9321,Jada Solomon,paroli,100.0,100000.0,50000.0,1160,0,0.0,97700.0,97700.0,-2300.0
9322,Musa Kline,paroli,100.0,100000.0,50000.0,1124,0,0.0,92500.0,92500.0,-7500.0
9323,Sevyn Terry,paroli,100.0,100000.0,50000.0,1180,1,0.0,101500.0,101500.0,1500.0
9324,Armani Kemp,paroli,100.0,100000.0,50000.0,1176,1,0.0,97200.0,97200.0,-2800.0
9325,Anika McMillan,paroli,100.0,100000.0,50000.0,1161,3,0.0,98600.0,98600.0,-1400.0
9326,Rocky Santos,paroli,100.0,100000.0,50000.0,1097,1,0.0,82200.0,82200.0,-17800.0
9327,Alana Anthony,paroli,100.0,100000.0,50000.0,1133,1,0.0,90700.0,90700.0,-9300.0
9328,Shiloh Garza,paroli,100.0,100000.0,50000.0,1170,2,0.0,103300.0,103300.0,3300.0
9329,River Ford,paroli,100.0,100000.0,50000.0,1161,2,0.0,97400.0,97400.0,-2600.0
9330,Luis Mueller,paroli,100.0,100000.0,50000.0,1158,2,0.0,95400.0,95400.0,-4600.0
9331,Imani Barrera,paroli,100.0,100000.0,50000.0,1151,3,0.0,92700.0,92700.0,-7300.0
9332,Makai Roy,paroli,100.0,100000.0,50000.0,1201,1,0.0,109000.0,109000.0,9000.0
9333,Savanna Wade,paroli,100.0,100000.0,50000.0,1142,0,0.0,93500.0,93500.0,-6500.0
9334,Jake Moses,paroli,100.0,100000.0,50000.0,1177,1,0.0,101300.0,101300.0,1300.0
9335,Karter Webb,paroli,100.0,100000.0,50000.0,1098,0,0.0,81600.0,81600.0,-18400.0
9336,Lorenzo Estes,paroli,100.0,100000.0,50000.0,1130,0,0.0,93100.0,93100.0,-6900.0
9337,Brittany Villalobos,paroli,100.0,100000.0,50000.0,1162,1,0.0,92400.0,92400.0,-7600.0
9338,Reuben Wood,paroli,100.0,100000.0,50000.0,1172,0,0.0,97100.0,97100.0,-2900.0
9339,Natalia Wallace,paroli,100.0,100000.0,50000.0,1103,1,0.0,90200.0,90200.0,-9800.0
9340,Chase Christensen,paroli,100.0,100000.0,50000.0,1174,0,0.0,102900.0,102900.0,2900.0
9341,Carmen Esquivel,paroli,100.0,100000.0,50000.0,1097,0,0.0,84000.0,84000.0,-16000.0
9342,Bridger Miller,paroli,100.0,100000.0,50000.0,1127,1,0.0,90500.0,90500.0,-9500.0
9343,Isabella Stephens,paroli,100.0,100000.0,50000.0,1182,1,0.0,96600.0,96600.0,-3400.0
9344,Messiah Dougherty,paroli,100.0,100000.0,50000.0,1168,1,0.0,98800.0,98800.0,-1200.0
9345,Alisson Blake,paroli,100.0,100000.0,50000.0,1151,2,0.0,99100.0,99100.0,-900.0
9346,Zyaire Dorsey,paroli,100.0,100000.0,50000.0,1137,0,0.0,87700.0,87700.0,-12300.0
9347,Addyson Torres,paroli,100.0,100000.0,50000.0,1165,3,0.0,96600.0,96600.0,-3400.0
9348,Jayden House,paroli,100.0,100000.0,50000.0,1169,0,0.0,97200.0,97200.0,-2800.0
9349,Sariah Hendricks,paroli,100.0,100000.0,50000.0,1085,0,0.0,81900.0,81900.0,-18100.0
9350,Dash Prince,paroli,100.0,100000.0,50000.0,1194,0,0.0,99700.0,99700.0,-300.0
9351,Greta Curtis,paroli,100.0,100000.0,50000.0,1185,0,0.0,106200.0,106200.0,6200.0
9352,Muhammad Schultz,paroli,100.0,100000.0,50000.0,1126,1,0.0,91600.0,91600.0,-8400.0
9353,Briella Duncan,paroli,100.0,100000.0,50000.0,1152,2,0.0,95000.0,95000.0,-5000.0
9354,Avery McCarthy,paroli,100.0,100000.0,50000.0,1133,0,0.0,90400.0,90400.0,-9600.0
9355,Kira Bradford,paroli,100.0,100000.0,50000.0,1133,0,0.0,90400.0,90400.0,-9600.0
9356,Ander Gonzales,paroli,100.0,100000.0,50000.0,1168,0,0.0,99500.0,99500.0,-500.0
9357,Hadley Corona,paroli,100.0,100000.0,50000.0,1198,0,0.0,105900.0,105900.0,5900.0
9358,Darian Peralta,paroli,100.0,100000.0,50000.0,1160,0,0.0,100600.0,100600.0,600.0
9359,Malayah Chung,paroli,100.0,100000.0,50000.0,1106,0,0.0,91400.0,91400.0,-8600.0
9360,Ira Montoya,paroli,100.0,100000.0,50000.0,1127,1,0.0,85600.0,85600.0,-14400.0
9361,Kamryn Camacho,paroli,100.0,100000.0,50000.0,1157,1,0.0,103200.0,103200.0,3200.0
9362,Tatum Wise,paroli,100.0,100000.0,50000.0,1176,0,0.0,102000.0,102000.0,2000.0
9363,Mira Walls,paroli,100.0,100000.0,50000.0,1118,2,0.0,88900.0,88900.0,-11100.0
9364,Larry Acosta,paroli,100.0,100000.0,50000.0,1152,1,0.0,93100.0,93100.0,-6900.0
9365,Kaia Gonzales,paroli,100.0,100000.0,50000.0,1090,1,0.0,83400.0,83400.0,-16600.0
9366,Brayden Proctor,paroli,100.0,100000.0,50000.0,1182,0,0.0,103400.0,103400.0,3400.0
9367,Chandler Villanueva,paroli,100.0,100000.0,50000.0,1120,0,0.0,85800.0,85800.0,-14200.0
9368,Huxley Flowers,paroli,100.0,100000.0,50000.0,1174,3,0.0,100600.0,100600.0,600.0
9369,Ariya Davidson,paroli,100.0,100000.0,50000.0,1130,2,0.0,92400.0,92400.0,-7600.0
9370,Dante Romero,paroli,100.0,100000.0,50000.0,1188,0,0.0,103400.0,103400.0,3400.0
9371,Eliza Carter,paroli,100.0,100000.0,50000.0,1194,6,0.0,105000.0,105000.0,5000.0
9372,Maverick Smith,paroli,100.0,100000.0,50000.0,1162,0,0.0,97500.0,97500.0,-2500.0
9373,Olivia Leblanc,paroli,100.0,100000.0,50000.0,1123,3,0.0,91000.0,91000.0,-9000.0
9374,Braden McIntyre,paroli,100.0,100000.0,50000.0,1091,1,0.0,84100.0,84100.0,-15900.0
9375,Rebekah O’Connell,paroli,100.0,100000.0,50000.0,1136,0,0.0,96100.0,96100.0,-3900.0
9376,Jovanni Duarte,paroli,100.0,100000.0,50000.0,1100,1,0.0,85900.0,85900.0,-14100.0
9377,Kynlee Riley,paroli,100.0,100000.0,50000.0,1116,0,0.0,89300.0,89300.0,-10700.0
9378,Amari McPherson,paroli,100.0,100000.0,50000.0,1164,0,0.0,96500.0,96500.0,-3500.0
9379,Emmaline Fuentes,paroli,100.0,100000.0,50000.0,1162,1,0.0,100000.0,100000.0,0.0
9380,Bowen Holt,paroli,100.0,100000.0,50000.0,1095,0,0.0,85600.0,85600.0,-14400.0
9381,Adelynn Rich,paroli,100.0,100000.0,50000.0,1172,0,0.0,101400.0,101400.0,1400.0
9382,Miller Jenkins,paroli,100.0,100000.0,50000.0,1208,1,0.0,108400.0,108400.0,8400.0
9383,Rylee Melendez,paroli,100.0,100000.0,50000.0,1133,0,0.0,93800.0,93800.0,-6200.0
9384,Nikolas Walls,paroli,100.0,100000.0,50000.0,1147,1,0.0,95900.0,95900.0,-4100.0
9385,Lilianna Schwartz,paroli,100.0,100000.0,50000.0,1160,0,0.0,95100.0,95100.0,-4900.0
9386,Edwin Huber,paroli,100.0,100000.0,50000.0,1065,1,0.0,77200.0,77200.0,-22800.0
9387,Raquel Vazquez,paroli,100.0,100000.0,50000.0,1140,2,0.0,92900.0,92900.0,-7100.0
9388,Jesse Bradford,paroli,100.0,100000.0,50000.0,1201,0,0.0,106200.0,106200.0,6200.0
9389,Rhea Adams,paroli,100.0,100000.0,50000.0,1160,1,0.0,93100.0,93100.0,-6900.0
9390,Hudson Liu,paroli,100.0,100000.0,50000.0,1136,0,0.0,89700.0,89700.0,-10300.0
9391,Kate McCarthy,paroli,100.0,100000.0,50000.0,1204,1,0.0,108400.0,108400.0,8400.0
9392,Devin Howe,paroli,100.0,100000.0,50000.0,1164,1,0.0,96000.0,96000.0,-4000.0
9393,Persephone Gross,paroli,100.0,100000.0,50000.0,1183,0,0.0,93900.0,93900.0,-6100.0
9394,Quinn Williams,paroli,100.0,100000.0,50000.0,1093,3,0.0,85000.0,85000.0,-15000.0
9395,Ava Young,paroli,100.0,100000.0,50000.0,1141,0,0.0,97200.0,97200.0,-2800.0
9396,Asher Sherman,paroli,100.0,100000.0,50000.0,1126,0,0.0,87300.0,87300.0,-12700.0
9397,Addilyn Rojas,paroli,100.0,100000.0,50000.0,1160,0,0.0,95800.0,95800.0,-4200.0
9398,Colin Espinosa,paroli,100.0,100000.0,50000.0,1143,2,0.0,95100.0,95100.0,-4900.0
9399,Braylee Pacheco,paroli,100.0,100000.0,50000.0,1122,3,0.0,89900.0,89900.0,-10100.0
9400,Erik Frye,paroli,100.0,100000.0,50000.0,1172,0,0.0,100600.0,100600.0,600.0
9401,Raya Schmitt,paroli,100.0,100000.0,50000.0,1140,1,0.0,93800.0,93800.0,-6200.0
9402,Murphy Kemp,paroli,100.0,100000.0,50000.0,1153,0,0.0,98100.0,98100.0,-1900.0
9403,Anika Shah,paroli,100.0,100000.0,50000.0,1170,1,0.0,94900.0,94900.0,-5100.0
9404,Zain Sanders,paroli,100.0,100000.0,50000.0,1171,1,0.0,101800.0,101800.0,1800.0
9405,Everleigh Vang,paroli,100.0,100000.0,50000.0,1182,1,0.0,99300.0,99300.0,-700.0
9406,Jimmy Hammond,paroli,100.0,100000.0,50000.0,1145,1,0.0,96300.0,96300.0,-3700.0
9407,Holly Barber,paroli,100.0,100000.0,50000.0,1120,2,0.0,87400.0,87400.0,-12600.0
9408,Solomon Bennett,paroli,100.0,100000.0,50000.0,1161,1,0.0,97400.0,97400.0,-2600.0
9409,Josephine Wells,paroli,100.0,100000.0,50000.0,1177,0,0.0,101500.0,101500.0,1500.0
9410,Max McKenzie,paroli,100.0,100000.0,50000.0,1199,0,0.0,105000.0,105000.0,5000.0
9411,Briar Pierce,paroli,100.0,100000.0,50000.0,1123,1,0.0,93600.0,93600.0,-6400.0
9412,Nicolas Matthews,paroli,100.0,100000.0,50000.0,1177,2,0.0,95100.0,95100.0,-4900.0
9413,Lila Bailey,paroli,100.0,100000.0,50000.0,1117,1,0.0,89800.0,89800.0,-10200.0
9414,Axel Hayes,paroli,100.0,100000.0,50000.0,1136,2,0.0,92100.0,92100.0,-7900.0
9415,Iris David,paroli,100.0,100000.0,50000.0,1142,0,0.0,92600.0,92600.0,-7400.0
9416,Alonso Cain,paroli,100.0,100000.0,50000.0,1184,1,0.0,105000.0,105000.0,5000.0
9417,Kendra Norris,paroli,100.0,100000.0,50000.0,1175,1,0.0,101700.0,101700.0,1700.0
9418,Cairo Parker,paroli,100.0,100000.0,50000.0,1163,1,0.0,100500.0,100500.0,500.0
9419,Aubrey Davidson,paroli,100.0,100000.0,50000.0,1175,2,0.0,104400.0,104400.0,4400.0
9420,Dante Salgado,paroli,100.0,100000.0,50000.0,1143,0,0.0,88700.0,88700.0,-11300.0
9421,Avalynn Love,paroli,100.0,100000.0,50000.0,1128,0,0.0,88600.0,88600.0,-11400.0
9422,Jeffrey Jennings,paroli,100.0,100000.0,50000.0,1109,2,0.0,88600.0,88600.0,-11400.0
9423,Palmer Moody,paroli,100.0,100000.0,50000.0,1189,0,0.0,102900.0,102900.0,2900.0
9424,Ryland Kane,paroli,100.0,100000.0,50000.0,1176,0,0.0,96500.0,96500.0,-3500.0
9425,Ellianna Chambers,paroli,100.0,100000.0,50000.0,1186,0,0.0,104000.0,104000.0,4000.0
9426,Orion Melendez,paroli,100.0,100000.0,50000.0,1136,0,0.0,94400.0,94400.0,-5600.0
9427,Bethany Carson,paroli,100.0,100000.0,50000.0,1146,0,0.0,96400.0,96400.0,-3600.0
9428,Ares Vega,paroli,100.0,100000.0,50000.0,1162,1,0.0,95600.0,95600.0,-4400.0
9429,Dakota Salgado,paroli,100.0,100000.0,50000.0,1148,1,0.0,95100.0,95100.0,-4900.0
9430,Trace Espinosa,paroli,100.0,100000.0,50000.0,1150,1,0.0,94100.0,94100.0,-5900.0
9431,Braylee Morrow,paroli,100.0,100000.0,50000.0,1119,0,0.0,88300.0,88300.0,-11700.0
9432,Kyree Roman,paroli,100.0,100000.0,50000.0,1140,0,0.0,91600.0,91600.0,-8400.0
9433,Astrid Schneider,paroli,100.0,100000.0,50000.0,1140,0,0.0,91600.0,91600.0,-8400.0
9434,Raymond Wright,paroli,100.0,100000.0,50000.0,1125,1,0.0,92000.0,92000.0,-8000.0
9435,Lily Daniels,paroli,100.0,100000.0,50000.0,1160,3,0.0,95600.0,95600.0,-4400.0
9436,Xander Thomas,paroli,100.0,100000.0,50000.0,1157,4,0.0,97300.0,97300.0,-2700.0
9437,Elizabeth Rangel,paroli,100.0,100000.0,50000.0,1128,0,0.0,90100.0,90100.0,-9900.0
9438,Saint Miranda,paroli,100.0,100000.0,50000.0,1138,0,0.0,100100.0,100100.0,100.0
9439,Amina Lane,paroli,100.0,100000.0,50000.0,1178,0,0.0,103800.0,103800.0,3800.0
9440,Matias Mays,paroli,100.0,100000.0,50000.0,1147,0,0.0,95300.0,95300.0,-4700.0
9441,Denisse McLean,paroli,100.0,100000.0,50000.0,1140,1,0.0,91300.0,91300.0,-8700.0
9442,Crosby McCarty,paroli,100.0,100000.0,50000.0,1136,1,0.0,96700.0,96700.0,-3300.0
9443,Halo Short,paroli,100.0,100000.0,50000.0,1167,0,0.0,102100.0,102100.0,2100.0
9444,Hezekiah Hanson,paroli,100.0,100000.0,50000.0,1134,0,0.0,88100.0,88100.0,-11900.0
9445,Mariana Barber,paroli,100.0,100000.0,50000.0,1143,1,0.0,92300.0,92300.0,-7700.0
9446,Solomon Gillespie,paroli,100.0,100000.0,50000.0,1167,3,0.0,101300.0,101300.0,1300.0
9447,Alianna Salas,paroli,100.0,100000.0,50000.0,1189,1,0.0,101200.0,101200.0,1200.0
9448,Zaiden Huynh,paroli,100.0,100000.0,50000.0,1143,0,0.0,91700.0,91700.0,-8300.0
9449,Oaklee Lin,paroli,100.0,100000.0,50000.0,1195,3,0.0,101200.0,101200.0,1200.0
9450,Conor Cross,paroli,100.0,100000.0,50000.0,1181,0,0.0,102100.0,102100.0,2100.0
9451,Nayeli Felix,paroli,100.0,100000.0,50000.0,1123,3,0.0,93800.0,93800.0,-6200.0
9452,Rodney Barajas,paroli,100.0,100000.0,50000.0,1164,2,0.0,95300.0,95300.0,-4700.0
9453,Keilani Gentry,paroli,100.0,100000.0,50000.0,1107,2,0.0,90100.0,90100.0,-9900.0
9454,Magnus Zavala,paroli,100.0,100000.0,50000.0,1177,0,0.0,93100.0,93100.0,-6900.0
9455,Liv Gonzales,paroli,100.0,100000.0,50000.0,1165,2,0.0,101500.0,101500.0,1500.0
9456,Brayden Ayala,paroli,100.0,100000.0,50000.0,1175,0,0.0,102800.0,102800.0,2800.0
9457,Blair Jones,paroli,100.0,100000.0,50000.0,1146,0,0.0,92200.0,92200.0,-7800.0
9458,William Gutierrez,paroli,100.0,100000.0,50000.0,1091,0,0.0,84200.0,84200.0,-15800.0
9459,Savannah Green,paroli,100.0,100000.0,50000.0,1151,0,0.0,97300.0,97300.0,-2700.0
9460,Anthony Walton,paroli,100.0,100000.0,50000.0,1178,0,0.0,100400.0,100400.0,400.0
9461,Scarlet Paul,paroli,100.0,100000.0,50000.0,1125,1,0.0,90000.0,90000.0,-10000.0
9462,Noel Hood,paroli,100.0,100000.0,50000.0,1164,1,0.0,97200.0,97200.0,-2800.0
9463,Briana Davidson,paroli,100.0,100000.0,50000.0,1153,0,0.0,93200.0,93200.0,-6800.0
9464,Dante Vargas,paroli,100.0,100000.0,50000.0,1161,2,0.0,94200.0,94200.0,-5800.0
9465,Andrea Gaines,paroli,100.0,100000.0,50000.0,1167,0,0.0,94500.0,94500.0,-5500.0
9466,Talon Bautista,paroli,100.0,100000.0,50000.0,1185,1,0.0,102300.0,102300.0,2300.0
9467,Antonella Casey,paroli,100.0,100000.0,50000.0,1078,2,0.0,82100.0,82100.0,-17900.0
9468,Armando McCann,paroli,100.0,100000.0,50000.0,1111,0,0.0,81800.0,81800.0,-18200.0
9469,Joyce Buck,paroli,100.0,100000.0,50000.0,1236,2,0.0,113200.0,113200.0,13200.0
9470,Jon Trejo,paroli,100.0,100000.0,50000.0,1160,1,0.0,99100.0,99100.0,-900.0
9471,Rosalyn Flowers,paroli,100.0,100000.0,50000.0,1127,1,0.0,88300.0,88300.0,-11700.0
9472,Saul Ball,paroli,100.0,100000.0,50000.0,1115,1,0.0,89100.0,89100.0,-10900.0
9473,Abby Jenkins,paroli,100.0,100000.0,50000.0,1091,1,0.0,82200.0,82200.0,-17800.0
9474,Declan Hicks,paroli,100.0,100000.0,50000.0,1145,0,0.0,95900.0,95900.0,-4100.0
9475,Alina Harmon,paroli,100.0,100000.0,50000.0,1177,1,0.0,99700.0,99700.0,-300.0
9476,Roberto Lindsey,paroli,100.0,100000.0,50000.0,1091,0,0.0,84600.0,84600.0,-15400.0
9477,Colette Andrews,paroli,100.0,100000.0,50000.0,1218,1,0.0,106400.0,106400.0,6400.0
9478,Lukas Goodman,paroli,100.0,100000.0,50000.0,1106,0,0.0,85100.0,85100.0,-14900.0
9479,Carolina Santana,paroli,100.0,100000.0,50000.0,1134,1,0.0,89300.0,89300.0,-10700.0
9480,Mohamed Parsons,paroli,100.0,100000.0,50000.0,1101,3,0.0,86600.0,86600.0,-13400.0
9481,Maia Delgado,paroli,100.0,100000.0,50000.0,1178,3,0.0,100400.0,100400.0,400.0
9482,Colt Kaur,paroli,100.0,100000.0,50000.0,1136,2,0.0,90500.0,90500.0,-9500.0
9483,Holland Odom,paroli,100.0,100000.0,50000.0,1168,0,0.0,98000.0,98000.0,-2000.0
9484,Kylian Aguilar,paroli,100.0,100000.0,50000.0,1104,2,0.0,84400.0,84400.0,-15600.0
9485,Josie Greene,paroli,100.0,100000.0,50000.0,1172,0,0.0,101100.0,101100.0,1100.0
9486,Griffin Maddox,paroli,100.0,100000.0,50000.0,1113,2,0.0,85400.0,85400.0,-14600.0
9487,Zainab Marks,paroli,100.0,100000.0,50000.0,1112,0,0.0,90300.0,90300.0,-9700.0
9488,Amos Mack,paroli,100.0,100000.0,50000.0,1217,2,0.0,105900.0,105900.0,5900.0
9489,Nadia McKenzie,paroli,100.0,100000.0,50000.0,1119,0,0.0,88000.0,88000.0,-12000.0
9490,Scott Reyes,paroli,100.0,100000.0,50000.0,1159,1,0.0,102900.0,102900.0,2900.0
9491,Audrey Sexton,paroli,100.0,100000.0,50000.0,1124,1,0.0,86100.0,86100.0,-13900.0
9492,Mylo Calderon,paroli,100.0,100000.0,50000.0,1128,0,0.0,92900.0,92900.0,-7100.0
9493,Serena Zuniga,paroli,100.0,100000.0,50000.0,1192,1,0.0,101200.0,101200.0,1200.0
9494,Sincere Lugo,paroli,100.0,100000.0,50000.0,1147,1,0.0,91900.0,91900.0,-8100.0
9495,Kaylie Mason,paroli,100.0,100000.0,50000.0,1133,0,0.0,97300.0,97300.0,-2700.0
9496,Brandon Bradshaw,paroli,100.0,100000.0,50000.0,1159,4,0.0,96600.0,96600.0,-3400.0
9497,Berkley Garrison,paroli,100.0,100000.0,50000.0,1162,0,0.0,96300.0,96300.0,-3700.0
9498,Noe Bauer,paroli,100.0,100000.0,50000.0,1127,1,0.0,89400.0,89400.0,-10600.0
9499,Haley Contreras,paroli,100.0,100000.0,50000.0,1119,1,0.0,91600.0,91600.0,-8400.0
9500,Emilio Duffy,paroli,100.0,100000.0,50000.0,1166,0,0.0,100700.0,100700.0,700.0
9501,Addisyn Frost,paroli,100.0,100000.0,50000.0,1149,0,0.0,91800.0,91800.0,-8200.0
9502,Dario Hartman,paroli,100.0,100000.0,50000.0,1109,0,0.0,86400.0,86400.0,-13600.0
9503,Kennedi Rhodes,paroli,100.0,100000.0,50000.0,1198,2,0.0,98300.0,98300.0,-1700.0
9504,Titus Snow,paroli,100.0,100000.0,50000.0,1089,3,0.0,80900.0,80900.0,-19100.0
9505,Alexia Leonard,paroli,100.0,100000.0,50000.0,1177,1,0.0,102700.0,102700.0,2700.0
9506,Ricardo Stout,paroli,100.0,100000.0,50000.0,1183,1,0.0,104200.0,104200.0,4200.0
9507,Chana Madden,paroli,100.0,100000.0,50000.0,1194,0,0.0,103500.0,103500.0,3500.0
9508,Everest Williams,paroli,100.0,100000.0,50000.0,1133,5,0.0,87500.0,87500.0,-12500.0
9509,Ava Morton,paroli,100.0,100000.0,50000.0,1167,0,0.0,100600.0,100600.0,600.0
9510,Roland Rich,paroli,100.0,100000.0,50000.0,1165,0,0.0,96800.0,96800.0,-3200.0
9511,Sunny Roberson,paroli,100.0,100000.0,50000.0,1170,1,0.0,96600.0,96600.0,-3400.0
9512,Shepherd Bullock,paroli,100.0,100000.0,50000.0,1119,2,0.0,91300.0,91300.0,-8700.0
9513,Winnie Clements,paroli,100.0,100000.0,50000.0,1153,0,0.0,94800.0,94800.0,-5200.0
9514,Fisher Greene,paroli,100.0,100000.0,50000.0,1154,2,0.0,93500.0,93500.0,-6500.0
9515,Selena Salazar,paroli,100.0,100000.0,50000.0,1144,3,0.0,94000.0,94000.0,-6000.0
9516,Brody Sherman,paroli,100.0,100000.0,50000.0,1098,0,0.0,85600.0,85600.0,-14400.0
9517,Addilyn Wyatt,paroli,100.0,100000.0,50000.0,1143,0,0.0,90300.0,90300.0,-9700.0
9518,Sam Potts,paroli,100.0,100000.0,50000.0,1139,1,0.0,96200.0,96200.0,-3800.0
9519,Ellison Serrano,paroli,100.0,100000.0,50000.0,1115,1,0.0,89000.0,89000.0,-11000.0
9520,Milan Rice,paroli,100.0,100000.0,50000.0,1108,0,0.0,89600.0,89600.0,-10400.0
9521,Ada Whitaker,paroli,100.0,100000.0,50000.0,1126,1,0.0,88800.0,88800.0,-11200.0
9522,Keith Norman,paroli,100.0,100000.0,50000.0,1183,1,0.0,101800.0,101800.0,1800.0
9523,Malani Heath,paroli,100.0,100000.0,50000.0,1170,0,0.0,99100.0,99100.0,-900.0
9524,Lionel Snyder,paroli,100.0,100000.0,50000.0,1137,1,0.0,93200.0,93200.0,-6800.0
9525,Callie Carey,paroli,100.0,100000.0,50000.0,1213,0,0.0,105100.0,105100.0,5100.0
9526,Watson Andersen,paroli,100.0,100000.0,50000.0,1209,4,0.0,103400.0,103400.0,3400.0
9527,Zoie Sloan,paroli,100.0,100000.0,50000.0,1127,0,0.0,93900.0,93900.0,-6100.0
9528,Ocean Chan,paroli,100.0,100000.0,50000.0,1118,0,0.0,90100.0,90100.0,-9900.0
9529,Hattie Huerta,paroli,100.0,100000.0,50000.0,1173,2,0.0,98600.0,98600.0,-1400.0
9530,Douglas Hudson,paroli,100.0,100000.0,50000.0,1135,1,0.0,92300.0,92300.0,-7700.0
9531,Kamila Pace,paroli,100.0,100000.0,50000.0,1115,1,0.0,94400.0,94400.0,-5600.0
9532,Dior Weber,paroli,100.0,100000.0,50000.0,1141,2,0.0,95800.0,95800.0,-4200.0
9533,Alayah Parker,paroli,100.0,100000.0,50000.0,1106,2,0.0,89500.0,89500.0,-10500.0
9534,Caleb Blanchard,paroli,100.0,100000.0,50000.0,1189,0,0.0,103700.0,103700.0,3700.0
9535,Layne Chapman,paroli,100.0,100000.0,50000.0,1133,0,0.0,96400.0,96400.0,-3600.0
9536,Knox Berry,paroli,100.0,100000.0,50000.0,1148,0,0.0,96900.0,96900.0,-3100.0
9537,Annabelle Garcia,paroli,100.0,100000.0,50000.0,1124,1,0.0,90400.0,90400.0,-9600.0
9538,James Lamb,paroli,100.0,100000.0,50000.0,1074,1,0.0,82300.0,82300.0,-17700.0
9539,Amaia Vang,paroli,100.0,100000.0,50000.0,1133,0,0.0,91300.0,91300.0,-8700.0
9540,Jimmy Martin,paroli,100.0,100000.0,50000.0,1146,0,0.0,89000.0,89000.0,-11000.0
9541,Mila Sanders,paroli,100.0,100000.0,50000.0,1184,0,0.0,104100.0,104100.0,4100.0
9542,Jose Harrell,paroli,100.0,100000.0,50000.0,1201,1,0.0,107200.0,107200.0,7200.0
9543,Kara Sloan,paroli,100.0,100000.0,50000.0,1192,2,0.0,99500.0,99500.0,-500.0
9544,Ocean Trevino,paroli,100.0,100000.0,50000.0,1168,0,0.0,97700.0,97700.0,-2300.0
9545,Priscilla Cannon,paroli,100.0,100000.0,50000.0,1178,0,0.0,96800.0,96800.0,-3200.0
9546,Archie McKay,paroli,100.0,100000.0,50000.0,1097,2,0.0,86800.0,86800.0,-13200.0
9547,Leanna Fuentes,paroli,100.0,100000.0,50000.0,1123,1,0.0,91500.0,91500.0,-8500.0
9548,Bowen Cabrera,paroli,100.0,100000.0,50000.0,1146,0,0.0,90100.0,90100.0,-9900.0
9549,Daleyza Marquez,paroli,100.0,100000.0,50000.0,1198,2,0.0,103900.0,103900.0,3900.0
9550,Malakai Chambers,paroli,100.0,100000.0,50000.0,1179,0,0.0,100500.0,100500.0,500.0
9551,Makayla Herring,paroli,100.0,100000.0,50000.0,1129,0,0.0,88400.0,88400.0,-11600.0
9552,Henrik Alvarado,paroli,100.0,100000.0,50000.0,1191,1,0.0,105900.0,105900.0,5900.0
9553,Blake Ford,paroli,100.0,100000.0,50000.0,1155,1,0.0,94200.0,94200.0,-5800.0
9554,Luis Dawson,paroli,100.0,100000.0,50000.0,1121,1,0.0,88600.0,88600.0,-11400.0
9555,Veronica Moss,paroli,100.0,100000.0,50000.0,1114,0,0.0,90700.0,90700.0,-9300.0
9556,Porter Cross,paroli,100.0,100000.0,50000.0,1170,1,0.0,100600.0,100600.0,600.0
9557,Nayeli Ellison,paroli,100.0,100000.0,50000.0,1143,0,0.0,95400.0,95400.0,-4600.0
9558,Kye Byrd,paroli,100.0,100000.0,50000.0,1151,1,0.0,97800.0,97800.0,-2200.0
9559,Giselle Mitchell,paroli,100.0,100000.0,50000.0,1188,1,0.0,98200.0,98200.0,-1800.0
9560,Jaxon Wade,paroli,100.0,100000.0,50000.0,1170,1,0.0,102100.0,102100.0,2100.0
9561,Evie Richard,paroli,100.0,100000.0,50000.0,1171,0,0.0,99500.0,99500.0,-500.0
9562,Ahmed Ingram,paroli,100.0,100000.0,50000.0,1164,0,0.0,94100.0,94100.0,-5900.0
9563,Katie Boyle,paroli,100.0,100000.0,50000.0,1180,2,0.0,105300.0,105300.0,5300.0
9564,Robin Fox,paroli,100.0,100000.0,50000.0,1155,1,0.0,93500.0,93500.0,-6500.0
9565,Juliette Olson,paroli,100.0,100000.0,50000.0,1162,1,0.0,92200.0,92200.0,-7800.0
9566,Malachi Le,paroli,100.0,100000.0,50000.0,1142,2,0.0,94900.0,94900.0,-5100.0
9567,Myla Carr,paroli,100.0,100000.0,50000.0,1125,0,0.0,90900.0,90900.0,-9100.0
9568,Kash Rich,paroli,100.0,100000.0,50000.0,1154,0,0.0,96800.0,96800.0,-3200.0
9569,Sunny Scott,paroli,100.0,100000.0,50000.0,1105,3,0.0,87100.0,87100.0,-12900.0
9570,Leo Gaines,paroli,100.0,100000.0,50000.0,1200,0,0.0,109700.0,109700.0,9700.0
9571,Aya Horn,paroli,100.0,100000.0,50000.0,1121,0,0.0,88200.0,88200.0,-11800.0
9572,Wilson Bates,paroli,100.0,100000.0,50000.0,1174,2,0.0,94500.0,94500.0,-5500.0
9573,Madilyn Clements,paroli,100.0,100000.0,50000.0,1181,0,0.0,97800.0,97800.0,-2200.0
9574,Fisher Kennedy,paroli,100.0,100000.0,50000.0,1117,1,0.0,89000.0,89000.0,-11000.0
9575,Brianna Pace,paroli,100.0,100000.0,50000.0,1095,2,0.0,81900.0,81900.0,-18100.0
9576,Dior Steele,paroli,100.0,100000.0,50000.0,1130,0,0.0,93000.0,93000.0,-7000.0
9577,Rylie Schwartz,paroli,100.0,100000.0,50000.0,1159,2,0.0,95200.0,95200.0,-4800.0
9578,Edwin Barker,paroli,100.0,100000.0,50000.0,1139,1,0.0,95600.0,95600.0,-4400.0
9579,Remington Parker,paroli,100.0,100000.0,50000.0,1145,1,0.0,94600.0,94600.0,-5400.0
9580,Caleb Galindo,paroli,100.0,100000.0,50000.0,1174,0,0.0,98500.0,98500.0,-1500.0
9581,Corinne Patel,paroli,100.0,100000.0,50000.0,1132,1,0.0,95500.0,95500.0,-4500.0
9582,Parker Jordan,paroli,100.0,100000.0,50000.0,1148,0,0.0,95000.0,95000.0,-5000.0
9583,Adalynn Peck,paroli,100.0,100000.0,50000.0,1139,0,0.0,92200.0,92200.0,-7800.0
9584,Yousef Burgess,paroli,100.0,100000.0,50000.0,1111,1,0.0,87000.0,87000.0,-13000.0
9585,Emory Valdez,paroli,100.0,100000.0,50000.0,1193,0,0.0,101600.0,101600.0,1600.0
9586,Kyler Pennington,paroli,100.0,100000.0,50000.0,1149,1,0.0,94500.0,94500.0,-5500.0
9587,Yareli Ross,paroli,100.0,100000.0,50000.0,1116,0,0.0,89700.0,89700.0,-10300.0
9588,Wesley Boyer,paroli,100.0,100000.0,50000.0,1103,2,0.0,84900.0,84900.0,-15100.0
9589,Chaya Wilkins,paroli,100.0,100000.0,50000.0,1106,0,0.0,83700.0,83700.0,-16300.0
9590,Yusuf Mejia,paroli,100.0,100000.0,50000.0,1173,0,0.0,101000.0,101000.0,1000.0
9591,Saylor Cantu,paroli,100.0,100000.0,50000.0,1159,2,0.0,99200.0,99200.0,-800.0
9592,Anakin Best,paroli,100.0,100000.0,50000.0,1185,0,0.0,101100.0,101100.0,1100.0
9593,Lexie Dudley,paroli,100.0,100000.0,50000.0,1192,1,0.0,101500.0,101500.0,1500.0
9594,Colter Young,paroli,100.0,100000.0,50000.0,1162,0,0.0,96800.0,96800.0,-3200.0
9595,Zoey Curtis,paroli,100.0,100000.0,50000.0,1180,2,0.0,98700.0,98700.0,-1300.0
9596,Muhammad Humphrey,paroli,100.0,100000.0,50000.0,1117,3,0.0,87800.0,87800.0,-12200.0
9597,Journi Weber,paroli,100.0,100000.0,50000.0,1154,0,0.0,92800.0,92800.0,-7200.0
9598,Crew Blake,paroli,100.0,100000.0,50000.0,1090,2,0.0,84000.0,84000.0,-16000.0
9599,Amanda Rowe,paroli,100.0,100000.0,50000.0,1133,0,0.0,89000.0,89000.0,-11000.0
9600,Kamden Clayton,paroli,100.0,100000.0,50000.0,1184,0,0.0,103800.0,103800.0,3800.0
9601,Saige Alvarez,paroli,100.0,100000.0,50000.0,1106,1,0.0,94200.0,94200.0,-5800.0
9602,Xavier Valenzuela,paroli,100.0,100000.0,50000.0,1156,0,0.0,96100.0,96100.0,-3900.0
9603,Henley McKay,paroli,100.0,100000.0,50000.0,1117,0,0.0,86400.0,86400.0,-13600.0
9604,Joey Russell,paroli,100.0,100000.0,50000.0,1121,0,0.0,88300.0,88300.0,-11700.0
9605,Raelynn Wolf,paroli,100.0,100000.0,50000.0,1077,0,0.0,80000.0,80000.0,-20000.0
9606,Jase Bonilla,paroli,100.0,100000.0,50000.0,1143,1,0.0,91700.0,91700.0,-8300.0
9607,Romina Rivera,paroli,100.0,100000.0,50000.0,1156,2,0.0,91300.0,91300.0,-8700.0
9608,Charles Schmidt,paroli,100.0,100000.0,50000.0,1182,0,0.0,100900.0,100900.0,900.0
9609,Kimberly Pitts,paroli,100.0,100000.0,50000.0,1167,1,0.0,95500.0,95500.0,-4500.0
9610,Trey Travis,paroli,100.0,100000.0,50000.0,1154,2,0.0,96100.0,96100.0,-3900.0
9611,Mazikee Harrison,paroli,100.0,100000.0,50000.0,1172,1,0.0,100000.0,100000.0,0.0
9612,Gavin Dennis,paroli,100.0,100000.0,50000.0,1126,0,0.0,91700.0,91700.0,-8300.0
9613,Maisie Dickson,paroli,100.0,100000.0,50000.0,1163,0,0.0,98900.0,98900.0,-1100.0
9614,Maxton McKee,paroli,100.0,100000.0,50000.0,1157,0,0.0,92200.0,92200.0,-7800.0
9615,Kori Carey,paroli,100.0,100000.0,50000.0,1126,0,0.0,90300.0,90300.0,-9700.0
9616,Watson O’Neill,paroli,100.0,100000.0,50000.0,1122,1,0.0,86100.0,86100.0,-13900.0
9617,Kenna Oliver,paroli,100.0,100000.0,50000.0,1103,0,0.0,80200.0,80200.0,-19800.0
9618,Karson Correa,paroli,100.0,100000.0,50000.0,1178,1,0.0,100500.0,100500.0,500.0
9619,Valery Rhodes,paroli,100.0,100000.0,50000.0,1222,1,0.0,109000.0,109000.0,9000.0
9620,Titus Perry,paroli,100.0,100000.0,50000.0,1152,2,0.0,95300.0,95300.0,-4700.0
9621,Clara Roberson,paroli,100.0,100000.0,50000.0,1163,0,0.0,96400.0,96400.0,-3600.0
9622,Shepherd Gilbert,paroli,100.0,100000.0,50000.0,1136,0,0.0,91700.0,91700.0,-8300.0
9623,Jocelyn O’Connor,paroli,100.0,100000.0,50000.0,1153,1,0.0,96700.0,96700.0,-3300.0
9624,Princeton Hampton,paroli,100.0,100000.0,50000.0,1085,1,0.0,82900.0,82900.0,-17100.0
9625,Leona Fowler,paroli,100.0,100000.0,50000.0,1152,2,0.0,96600.0,96600.0,-3400.0
9626,Kameron Bender,paroli,100.0,100000.0,50000.0,1179,0,0.0,103900.0,103900.0,3900.0
9627,Lilyana Price,paroli,100.0,100000.0,50000.0,1117,1,0.0,86800.0,86800.0,-13200.0
9628,Brooks Munoz,paroli,100.0,100000.0,50000.0,1141,0,0.0,91900.0,91900.0,-8100.0
9629,Kehlani Gentry,paroli,100.0,100000.0,50000.0,1178,0,0.0,102300.0,102300.0,2300.0
9630,Magnus Tang,paroli,100.0,100000.0,50000.0,1172,2,0.0,97700.0,97700.0,-2300.0
9631,Belle Murray,paroli,100.0,100000.0,50000.0,1145,0,0.0,94700.0,94700.0,-5300.0
9632,Ashton Hart,paroli,100.0,100000.0,50000.0,1208,1,0.0,108500.0,108500.0,8500.0
9633,Gemma Wilcox,paroli,100.0,100000.0,50000.0,1120,0,0.0,90200.0,90200.0,-9800.0
9634,Jerry Keith,paroli,100.0,100000.0,50000.0,1109,1,0.0,84100.0,84100.0,-15900.0
9635,Elyse Bautista,paroli,100.0,100000.0,50000.0,1132,2,0.0,87200.0,87200.0,-12800.0
9636,Raul Esquivel,paroli,100.0,100000.0,50000.0,1183,0,0.0,95500.0,95500.0,-4500.0
9637,Jaylee Santos,paroli,100.0,100000.0,50000.0,1108,0,0.0,84000.0,84000.0,-16000.0
9638,Walker Lloyd,paroli,100.0,100000.0,50000.0,1156,2,0.0,96400.0,96400.0,-3600.0
9639,Emely Drake,paroli,100.0,100000.0,50000.0,1143,0,0.0,93200.0,93200.0,-6800.0
9640,Jalen Wong,paroli,100.0,100000.0,50000.0,1118,0,0.0,88300.0,88300.0,-11700.0
9641,Adelaide Dudley,paroli,100.0,100000.0,50000.0,1187,1,0.0,105700.0,105700.0,5700.0
9642,Colter Cole,paroli,100.0,100000.0,50000.0,1112,0,0.0,88100.0,88100.0,-11900.0
9643,Margaret Nunez,paroli,100.0,100000.0,50000.0,1097,0,0.0,85300.0,85300.0,-14700.0
9644,Caden Rodriguez,paroli,100.0,100000.0,50000.0,1146,0,0.0,95100.0,95100.0,-4900.0
9645,Evelyn Patrick,paroli,100.0,100000.0,50000.0,1179,0,0.0,96500.0,96500.0,-3500.0
9646,Derrick Costa,paroli,100.0,100000.0,50000.0,1148,1,0.0,95700.0,95700.0,-4300.0
9647,Robin Newman,paroli,100.0,100000.0,50000.0,1120,2,0.0,85400.0,85400.0,-14600.0
9648,Anderson Ray,paroli,100.0,100000.0,50000.0,1152,1,0.0,90900.0,90900.0,-9100.0
9649,Ruth Cox,paroli,100.0,100000.0,50000.0,1157,2,0.0,98400.0,98400.0,-1600.0
9650,Connor Finley,paroli,100.0,100000.0,50000.0,1125,3,0.0,92900.0,92900.0,-7100.0
9651,Jovie Mercado,paroli,100.0,100000.0,50000.0,1168,0,0.0,98900.0,98900.0,-1100.0
9652,Abram Campbell,paroli,100.0,100000.0,50000.0,1056,1,0.0,77000.0,77000.0,-23000.0
9653,Addison Beck,paroli,100.0,100000.0,50000.0,1202,0,0.0,104000.0,104000.0,4000.0
9654,Eduardo Roach,paroli,100.0,100000.0,50000.0,1178,0,0.0,100400.0,100400.0,400.0
9655,Lyanna Garza,paroli,100.0,100000.0,50000.0,1149,0,0.0,90200.0,90200.0,-9800.0
9656,Judah Rhodes,paroli,100.0,100000.0,50000.0,1170,1,0.0,99100.0,99100.0,-900.0
9657,Tatum Benjamin,paroli,100.0,100000.0,50000.0,1135,0,0.0,91800.0,91800.0,-8200.0
9658,Kyro Hensley,paroli,100.0,100000.0,50000.0,1122,1,0.0,86400.0,86400.0,-13600.0
9659,Malaya Schaefer,paroli,100.0,100000.0,50000.0,1158,3,0.0,95500.0,95500.0,-4500.0
9660,Ishaan Blevins,paroli,100.0,100000.0,50000.0,1126,3,0.0,91200.0,91200.0,-8800.0
9661,Aila Burgess,paroli,100.0,100000.0,50000.0,1182,0,0.0,103400.0,103400.0,3400.0
9662,Kolton Castro,paroli,100.0,100000.0,50000.0,1183,1,0.0,102500.0,102500.0,2500.0
9663,Eloise Hahn,paroli,100.0,100000.0,50000.0,1138,1,0.0,90600.0,90600.0,-9400.0
9664,Kabir Kelly,paroli,100.0,100000.0,50000.0,1179,0,0.0,102800.0,102800.0,2800.0
9665,Ruby Blackwell,paroli,100.0,100000.0,50000.0,1125,1,0.0,88000.0,88000.0,-12000.0
9666,Marcellus Butler,paroli,100.0,100000.0,50000.0,1125,0,0.0,88000.0,88000.0,-12000.0
9667,Athena Cummings,paroli,100.0,100000.0,50000.0,1161,0,0.0,97300.0,97300.0,-2700.0
9668,Raiden Lucas,paroli,100.0,100000.0,50000.0,1096,1,0.0,85800.0,85800.0,-14200.0
9669,Phoenix Gillespie,paroli,100.0,100000.0,50000.0,1113,0,0.0,86100.0,86100.0,-13900.0
9670,Forest Jaramillo,paroli,100.0,100000.0,50000.0,1226,0,0.0,107700.0,107700.0,7700.0
9671,Guadalupe Riley,paroli,100.0,100000.0,50000.0,1185,0,0.0,100300.0,100300.0,300.0
9672,Amari Diaz,paroli,100.0,100000.0,50000.0,1129,0,0.0,91300.0,91300.0,-8700.0
9673,Elena Page,paroli,100.0,100000.0,50000.0,1171,3,0.0,98600.0,98600.0,-1400.0
9674,Pablo Mendez,paroli,100.0,100000.0,50000.0,1159,0,0.0,96600.0,96600.0,-3400.0
9675,Londyn Melendez,paroli,100.0,100000.0,50000.0,1182,0,0.0,100500.0,100500.0,500.0
9676,Nikolas Conley,paroli,100.0,100000.0,50000.0,1122,0,0.0,90400.0,90400.0,-9600.0
9677,Salem Velasquez,paroli,100.0,100000.0,50000.0,1173,1,0.0,95700.0,95700.0,-4300.0
9678,Sullivan Blanchard,paroli,100.0,100000.0,50000.0,1211,3,0.0,109500.0,109500.0,9500.0
9679,Layne Shields,paroli,100.0,100000.0,50000.0,1162,1,0.0,96700.0,96700.0,-3300.0
9680,Devon Carlson,paroli,100.0,100000.0,50000.0,1122,1,0.0,87800.0,87800.0,-12200.0
9681,Kali Cisneros,paroli,100.0,100000.0,50000.0,1158,1,0.0,90700.0,90700.0,-9300.0
9682,Alden Novak,paroli,100.0,100000.0,50000.0,1153,2,0.0,92300.0,92300.0,-7700.0
9683,Kaiya Rangel,paroli,100.0,100000.0,50000.0,1143,2,0.0,94700.0,94700.0,-5300.0
9684,Saint Esparza,paroli,100.0,100000.0,50000.0,1109,0,0.0,88400.0,88400.0,-11600.0
9685,Ramona Frost,paroli,100.0,100000.0,50000.0,1168,0,0.0,98400.0,98400.0,-1600.0
9686,Dario Sparks,paroli,100.0,100000.0,50000.0,1111,1,0.0,86100.0,86100.0,-13900.0
9687,Aisha Pena,paroli,100.0,100000.0,50000.0,1148,0,0.0,93700.0,93700.0,-6300.0
9688,Marcus Herrera,paroli,100.0,100000.0,50000.0,1146,0,0.0,94500.0,94500.0,-5500.0
9689,Ximena Short,paroli,100.0,100000.0,50000.0,1123,0,0.0,90900.0,90900.0,-9100.0
9690,Hezekiah Cortes,paroli,100.0,100000.0,50000.0,1102,0,0.0,86800.0,86800.0,-13200.0
9691,Lea Barrett,paroli,100.0,100000.0,50000.0,1176,1,0.0,99200.0,99200.0,-800.0
9692,Angelo Jennings,paroli,100.0,100000.0,50000.0,1160,1,0.0,97200.0,97200.0,-2800.0
9693,Palmer Hawkins,paroli,100.0,100000.0,50000.0,1167,2,0.0,97700.0,97700.0,-2300.0
9694,Victor Cantu,paroli,100.0,100000.0,50000.0,1199,1,0.0,103600.0,103600.0,3600.0
9695,Galilea Thornton,paroli,100.0,100000.0,50000.0,1205,2,0.0,112000.0,112000.0,12000.0
9696,Malik Perez,paroli,100.0,100000.0,50000.0,1180,1,0.0,105600.0,105600.0,5600.0
9697,Eleanor Roy,paroli,100.0,100000.0,50000.0,1207,1,0.0,104900.0,104900.0,4900.0
9698,Marcelo Carlson,paroli,100.0,100000.0,50000.0,1114,3,0.0,89700.0,89700.0,-10300.0
9699,Kali Dougherty,paroli,100.0,100000.0,50000.0,1173,0,0.0,100300.0,100300.0,300.0
9700,Brett Combs,paroli,100.0,100000.0,50000.0,1171,0,0.0,98600.0,98600.0,-1400.0
9701,Irene Zamora,paroli,100.0,100000.0,50000.0,1098,1,0.0,83700.0,83700.0,-16300.0
9702,Quentin Giles,paroli,100.0,100000.0,50000.0,1136,0,0.0,90600.0,90600.0,-9400.0
9703,Bailee Figueroa,paroli,100.0,100000.0,50000.0,1170,0,0.0,99800.0,99800.0,-200.0
9704,Spencer Dennis,paroli,100.0,100000.0,50000.0,1144,1,0.0,97300.0,97300.0,-2700.0
9705,Maisie Hood,paroli,100.0,100000.0,50000.0,1113,1,0.0,92200.0,92200.0,-7800.0
9706,Brixton Houston,paroli,100.0,100000.0,50000.0,1185,1,0.0,102900.0,102900.0,2900.0
9707,Lylah Salazar,paroli,100.0,100000.0,50000.0,1163,1,0.0,92800.0,92800.0,-7200.0
9708,Brody Tapia,paroli,100.0,100000.0,50000.0,1131,0,0.0,93100.0,93100.0,-6900.0
9709,Michaela Dean,paroli,100.0,100000.0,50000.0,1149,0,0.0,96700.0,96700.0,-3300.0
9710,Ronan Patterson,paroli,100.0,100000.0,50000.0,1166,0,0.0,98000.0,98000.0,-2000.0
9711,Kaylee Flowers,paroli,100.0,100000.0,50000.0,1148,2,0.0,91100.0,91100.0,-8900.0
9712,Saul Curry,paroli,100.0,100000.0,50000.0,1179,2,0.0,102000.0,102000.0,2000.0
9713,Alison Navarro,paroli,100.0,100000.0,50000.0,1128,2,0.0,95300.0,95300.0,-4700.0
9714,Reid Clarke,paroli,100.0,100000.0,50000.0,1123,0,0.0,86100.0,86100.0,-13900.0
9715,Kaitlyn Bernal,paroli,100.0,100000.0,50000.0,1118,0,0.0,92500.0,92500.0,-7500.0
9716,Eithan Bauer,paroli,100.0,100000.0,50000.0,1094,1,0.0,83300.0,83300.0,-16700.0
9717,Haley Parker,paroli,100.0,100000.0,50000.0,1158,1,0.0,98600.0,98600.0,-1400.0
9718,Caleb White,paroli,100.0,100000.0,50000.0,1158,1,0.0,93100.0,93100.0,-6900.0
9719,Layla Gallagher,paroli,100.0,100000.0,50000.0,1192,1,0.0,100400.0,100400.0,400.0
9720,Marcos Morrison,paroli,100.0,100000.0,50000.0,1128,0,0.0,90300.0,90300.0,-9700.0
9721,Rebecca Wilkerson,paroli,100.0,100000.0,50000.0,1128,1,0.0,87700.0,87700.0,-12300.0
9722,Carmelo Fry,paroli,100.0,100000.0,50000.0,1143,0,0.0,94800.0,94800.0,-5200.0
9723,Clarissa Horton,paroli,100.0,100000.0,50000.0,1121,0,0.0,92900.0,92900.0,-7100.0
9724,Garrett Kaur,paroli,100.0,100000.0,50000.0,1127,0,0.0,94100.0,94100.0,-5900.0
9725,Holland Hopkins,paroli,100.0,100000.0,50000.0,1161,0,0.0,97300.0,97300.0,-2700.0
9726,Ali Cobb,paroli,100.0,100000.0,50000.0,1138,0,0.0,93500.0,93500.0,-6500.0
9727,Aviana Lynn,paroli,100.0,100000.0,50000.0,1163,1,0.0,94500.0,94500.0,-5500.0
9728,Zechariah Bond,paroli,100.0,100000.0,50000.0,1134,0,0.0,93200.0,93200.0,-6800.0
9729,Alena Lane,paroli,100.0,100000.0,50000.0,1148,1,0.0,91900.0,91900.0,-8100.0
9730,Matias Stevens,paroli,100.0,100000.0,50000.0,1098,1,0.0,81900.0,81900.0,-18100.0
9731,Katherine Davila,paroli,100.0,100000.0,50000.0,1181,2,0.0,104000.0,104000.0,4000.0
9732,Grey Marsh,paroli,100.0,100000.0,50000.0,1087,1,0.0,81500.0,81500.0,-18500.0
9733,Adelina Webb,paroli,100.0,100000.0,50000.0,1181,0,0.0,99100.0,99100.0,-900.0
9734,Lorenzo Freeman,paroli,100.0,100000.0,50000.0,1136,0,0.0,91600.0,91600.0,-8400.0
9735,Norah Velasquez,paroli,100.0,100000.0,50000.0,1207,0,0.0,104800.0,104800.0,4800.0
9736,Sullivan Benjamin,paroli,100.0,100000.0,50000.0,1127,0,0.0,88900.0,88900.0,-11100.0
9737,Jianna Holland,paroli,100.0,100000.0,50000.0,1163,0,0.0,96900.0,96900.0,-3100.0
9738,Brady Bates,paroli,100.0,100000.0,50000.0,1086,2,0.0,80100.0,80100.0,-19900.0
9739,Madilyn Weiss,paroli,100.0,100000.0,50000.0,1158,0,0.0,98300.0,98300.0,-1700.0
9740,Koa Bennett,paroli,100.0,100000.0,50000.0,1201,0,0.0,104600.0,104600.0,4600.0
9741,Josephine Cardenas,paroli,100.0,100000.0,50000.0,1154,1,0.0,95400.0,95400.0,-4600.0
9742,Johnathan Velez,paroli,100.0,100000.0,50000.0,1173,0,0.0,98300.0,98300.0,-1700.0
9743,Megan Jacobs,paroli,100.0,100000.0,50000.0,1143,1,0.0,92500.0,92500.0,-7500.0
9744,Bryan Dalton,paroli,100.0,100000.0,50000.0,1103,0,0.0,83200.0,83200.0,-16800.0
9745,Lilian Nelson,paroli,100.0,100000.0,50000.0,1130,1,0.0,91900.0,91900.0,-8100.0
9746,Dylan Hardin,paroli,100.0,100000.0,50000.0,1106,0,0.0,89200.0,89200.0,-10800.0
9747,Vada Deleon,paroli,100.0,100000.0,50000.0,1114,0,0.0,88100.0,88100.0,-11900.0
9748,Nasir Galvan,paroli,100.0,100000.0,50000.0,1113,1,0.0,89100.0,89100.0,-10900.0
9749,Dallas Rush,paroli,100.0,100000.0,50000.0,1178,0,0.0,96600.0,96600.0,-3400.0
9750,Kaiser Hayes,paroli,100.0,100000.0,50000.0,1170,1,0.0,101100.0,101100.0,1100.0
9751,Iris Xiong,paroli,100.0,100000.0,50000.0,1139,1,0.0,90700.0,90700.0,-9300.0
9752,Azrael Meza,paroli,100.0,100000.0,50000.0,1179,1,0.0,99300.0,99300.0,-700.0
9753,Rosa Pena,paroli,100.0,100000.0,50000.0,1140,1,0.0,94300.0,94300.0,-5700.0
9754,Marcus Knapp,paroli,100.0,100000.0,50000.0,1180,4,0.0,97500.0,97500.0,-2500.0
9755,Linda Fleming,paroli,100.0,100000.0,50000.0,1137,1,0.0,90700.0,90700.0,-9300.0
9756,Fernando Knapp,paroli,100.0,100000.0,50000.0,1136,0,0.0,95300.0,95300.0,-4700.0
9757,Linda Gibson,paroli,100.0,100000.0,50000.0,1154,0,0.0,94200.0,94200.0,-5800.0
9758,Tyler Kelly,paroli,100.0,100000.0,50000.0,1179,1,0.0,97300.0,97300.0,-2700.0
9759,Ruby Drake,paroli,100.0,100000.0,50000.0,1158,0,0.0,96000.0,96000.0,-4000.0
9760,Jalen Savage,paroli,100.0,100000.0,50000.0,1163,1,0.0,99000.0,99000.0,-1000.0
9761,Louise Coffey,paroli,100.0,100000.0,50000.0,1167,2,0.0,96000.0,96000.0,-4000.0
9762,Kody Brennan,paroli,100.0,100000.0,50000.0,1176,1,0.0,100300.0,100300.0,300.0
9763,Elodie Shaffer,paroli,100.0,100000.0,50000.0,1140,0,0.0,96600.0,96600.0,-3400.0
9764,Dexter Villa,paroli,100.0,100000.0,50000.0,1174,2,0.0,94700.0,94700.0,-5300.0
9765,Johanna Macdonald,paroli,100.0,100000.0,50000.0,1164,0,0.0,96600.0,96600.0,-3400.0
9766,Hugh Watkins,paroli,100.0,100000.0,50000.0,1168,1,0.0,99900.0,99900.0,-100.0
9767,Lola Sheppard,paroli,100.0,100000.0,50000.0,1151,1,0.0,89900.0,89900.0,-10100.0
9768,Trent Wilson,paroli,100.0,100000.0,50000.0,1191,1,0.0,104200.0,104200.0,4200.0
9769,Luna Tucker,paroli,100.0,100000.0,50000.0,1167,1,0.0,95900.0,95900.0,-4100.0
9770,Ivan Park,paroli,100.0,100000.0,50000.0,1154,0,0.0,93500.0,93500.0,-6500.0
9771,Lia Howe,paroli,100.0,100000.0,50000.0,1126,0,0.0,89400.0,89400.0,-10600.0
9772,Alaric Richardson,paroli,100.0,100000.0,50000.0,1153,0,0.0,94600.0,94600.0,-5400.0
9773,Allison Orozco,paroli,100.0,100000.0,50000.0,1175,0,0.0,96000.0,96000.0,-4000.0
9774,Keanu Xiong,paroli,100.0,100000.0,50000.0,1173,0,0.0,98600.0,98600.0,-1400.0
9775,Amayah Nichols,paroli,100.0,100000.0,50000.0,1165,1,0.0,96900.0,96900.0,-3100.0
9776,Atlas Kelley,paroli,100.0,100000.0,50000.0,1163,0,0.0,102400.0,102400.0,2400.0
9777,Rosalie Zhang,paroli,100.0,100000.0,50000.0,1113,0,0.0,87000.0,87000.0,-13000.0
9778,Isaias Taylor,paroli,100.0,100000.0,50000.0,1243,0,0.0,113700.0,113700.0,13700.0
9779,Sofia McIntosh,paroli,100.0,100000.0,50000.0,1124,1,0.0,91400.0,91400.0,-8600.0
9780,Kristian Boyd,paroli,100.0,100000.0,50000.0,1099,1,0.0,85200.0,85200.0,-14800.0
9781,Georgia Wyatt,paroli,100.0,100000.0,50000.0,1138,0,0.0,92000.0,92000.0,-8000.0
9782,Sam Henry,paroli,100.0,100000.0,50000.0,1115,4,0.0,88400.0,88400.0,-11600.0
9783,Summer Stephenson,paroli,100.0,100000.0,50000.0,1173,0,0.0,103000.0,103000.0,3000.0
9784,Joe Fletcher,paroli,100.0,100000.0,50000.0,1206,0,0.0,106000.0,106000.0,6000.0
9785,Anaya Massey,paroli,100.0,100000.0,50000.0,1208,3,0.0,109200.0,109200.0,9200.0
9786,Donald Buckley,paroli,100.0,100000.0,50000.0,1087,1,0.0,83100.0,83100.0,-16900.0
9787,Theodora Hicks,paroli,100.0,100000.0,50000.0,1165,2,0.0,100900.0,100900.0,900.0
9788,Maddox Shaffer,paroli,100.0,100000.0,50000.0,1190,2,0.0,100400.0,100400.0,400.0
9789,Alanna O’brien,paroli,100.0,100000.0,50000.0,1133,1,0.0,93700.0,93700.0,-6300.0
9790,Riley Lamb,paroli,100.0,100000.0,50000.0,1191,0,0.0,102500.0,102500.0,2500.0
9791,Amaia Olsen,paroli,100.0,100000.0,50000.0,1140,1,0.0,90900.0,90900.0,-9100.0
9792,Skyler Arias,paroli,100.0,100000.0,50000.0,1101,4,0.0,85300.0,85300.0,-14700.0
9793,Aleah Dennis,paroli,100.0,100000.0,50000.0,1170,3,0.0,94700.0,94700.0,-5300.0
9794,Emanuel Patton,paroli,100.0,100000.0,50000.0,1122,0,0.0,85700.0,85700.0,-14300.0
9795,Lorelei Lee,paroli,100.0,100000.0,50000.0,1145,1,0.0,93400.0,93400.0,-6600.0
9796,Jack Knight,paroli,100.0,100000.0,50000.0,1184,2,0.0,103700.0,103700.0,3700.0
9797,Gracie Strong,paroli,100.0,100000.0,50000.0,1184,2,0.0,98800.0,98800.0,-1200.0
9798,Axl Nicholson,paroli,100.0,100000.0,50000.0,1152,0,0.0,96900.0,96900.0,-3100.0
9799,Justice Haley,paroli,100.0,100000.0,50000.0,1198,0,0.0,103300.0,103300.0,3300.0
9800,Leif Massey,paroli,100.0,100000.0,50000.0,1093,0,0.0,83000.0,83000.0,-17000.0
9801,Clementine Lawrence,paroli,100.0,100000.0,50000.0,1134,0,0.0,96200.0,96200.0,-3800.0
9802,Kaleb Cabrera,paroli,100.0,100000.0,50000.0,1115,1,0.0,86500.0,86500.0,-13500.0
9803,Daleyza Vu,paroli,100.0,100000.0,50000.0,1126,0,0.0,91000.0,91000.0,-9000.0
9804,Kamdyn Jennings,paroli,100.0,100000.0,50000.0,1188,1,0.0,103400.0,103400.0,3400.0
9805,Palmer Oliver,paroli,100.0,100000.0,50000.0,1208,2,0.0,104600.0,104600.0,4600.0
9806,Karson May,paroli,100.0,100000.0,50000.0,1151,0,0.0,94600.0,94600.0,-5400.0
9807,Adriana Rosas,paroli,100.0,100000.0,50000.0,1173,0,0.0,98400.0,98400.0,-1600.0
9808,Remi Dorsey,paroli,100.0,100000.0,50000.0,1158,1,0.0,94500.0,94500.0,-5500.0
9809,Addyson Yu,paroli,100.0,100000.0,50000.0,1136,0,0.0,93900.0,93900.0,-6100.0
9810,Bryant Ellis,paroli,100.0,100000.0,50000.0,1158,1,0.0,97900.0,97900.0,-2100.0
9811,Ayla Nash,paroli,100.0,100000.0,50000.0,1194,1,0.0,99000.0,99000.0,-1000.0
9812,Chandler Frederick,paroli,100.0,100000.0,50000.0,1179,0,0.0,100900.0,100900.0,900.0
9813,Sariyah Todd,paroli,100.0,100000.0,50000.0,1148,0,0.0,91100.0,91100.0,-8900.0
9814,Baylor Cannon,paroli,100.0,100000.0,50000.0,1148,2,0.0,95600.0,95600.0,-4400.0
9815,Noa Best,paroli,100.0,100000.0,50000.0,1152,3,0.0,99500.0,99500.0,-500.0
9816,Harlem Martinez,paroli,100.0,100000.0,50000.0,1115,0,0.0,86100.0,86100.0,-13900.0
9817,Harper Farrell,paroli,100.0,100000.0,50000.0,1129,1,0.0,89200.0,89200.0,-10800.0
9818,Ty Dickson,paroli,100.0,100000.0,50000.0,1201,0,0.0,105500.0,105500.0,5500.0
9819,Emmalynn Huff,paroli,100.0,100000.0,50000.0,1167,1,0.0,96300.0,96300.0,-3700.0
9820,Finnley Enriquez,paroli,100.0,100000.0,50000.0,1177,0,0.0,100000.0,100000.0,0.0
9821,Nellie Keller,paroli,100.0,100000.0,50000.0,1168,2,0.0,96700.0,96700.0,-3300.0
9822,Nico Barton,paroli,100.0,100000.0,50000.0,1120,0,0.0,90100.0,90100.0,-9900.0
9823,Danna Vincent,paroli,100.0,100000.0,50000.0,1177,0,0.0,101000.0,101000.0,1000.0
9824,Aarav McIntyre,paroli,100.0,100000.0,50000.0,1132,0,0.0,90400.0,90400.0,-9600.0
9825,Rebekah Charles,paroli,100.0,100000.0,50000.0,1190,0,0.0,101500.0,101500.0,1500.0
9826,Conrad Parsons,paroli,100.0,100000.0,50000.0,1145,1,0.0,92900.0,92900.0,-7100.0
9827,Maia Nelson,paroli,100.0,100000.0,50000.0,1118,1,0.0,82600.0,82600.0,-17400.0
9828,Dylan Stafford,paroli,100.0,100000.0,50000.0,1128,2,0.0,90600.0,90600.0,-9400.0
9829,Bridget McCullough,paroli,100.0,100000.0,50000.0,1141,4,0.0,90400.0,90400.0,-9600.0
9830,Briar Cardenas,paroli,100.0,100000.0,50000.0,1125,1,0.0,88000.0,88000.0,-12000.0
9831,Raven Long,paroli,100.0,100000.0,50000.0,1153,1,0.0,93400.0,93400.0,-6600.0
9832,Jace Stark,paroli,100.0,100000.0,50000.0,1161,1,0.0,96400.0,96400.0,-3600.0
9833,Kamilah Eaton,paroli,100.0,100000.0,50000.0,1129,0,0.0,95900.0,95900.0,-4100.0
9834,Leighton Sellers,paroli,100.0,100000.0,50000.0,1146,1,0.0,94900.0,94900.0,-5100.0
9835,Mercy Graves,paroli,100.0,100000.0,50000.0,1108,0,0.0,88900.0,88900.0,-11100.0
9836,Cesar Cameron,paroli,100.0,100000.0,50000.0,1138,1,0.0,85300.0,85300.0,-14700.0
9837,Julie Short,paroli,100.0,100000.0,50000.0,1178,1,0.0,99400.0,99400.0,-600.0
9838,Hezekiah Chung,paroli,100.0,100000.0,50000.0,1171,0,0.0,94400.0,94400.0,-5600.0
9839,Rivka Leblanc,paroli,100.0,100000.0,50000.0,1148,0,0.0,93100.0,93100.0,-6900.0
9840,Braden Buckley,paroli,100.0,100000.0,50000.0,1115,2,0.0,85400.0,85400.0,-14600.0
9841,Theodora Heath,paroli,100.0,100000.0,50000.0,1164,0,0.0,95100.0,95100.0,-4900.0
9842,Lionel May,paroli,100.0,100000.0,50000.0,1159,1,0.0,96600.0,96600.0,-3400.0
9843,Adriana Robbins,paroli,100.0,100000.0,50000.0,1143,3,0.0,92600.0,92600.0,-7400.0
9844,Finnegan Duarte,paroli,100.0,100000.0,50000.0,1144,0,0.0,98000.0,98000.0,-2000.0
9845,Kynlee Bush,paroli,100.0,100000.0,50000.0,1123,0,0.0,88100.0,88100.0,-11900.0
9846,Tyson Maxwell,paroli,100.0,100000.0,50000.0,1143,1,0.0,92800.0,92800.0,-7200.0
9847,Kyla Grimes,paroli,100.0,100000.0,50000.0,1109,0,0.0,84700.0,84700.0,-15300.0
9848,Harlan Peterson,paroli,100.0,100000.0,50000.0,1102,1,0.0,85800.0,85800.0,-14200.0
9849,Caroline Sherman,paroli,100.0,100000.0,50000.0,1124,1,0.0,91300.0,91300.0,-8700.0
9850,Adan Valentine,paroli,100.0,100000.0,50000.0,1093,0,0.0,85000.0,85000.0,-15000.0
9851,August Combs,paroli,100.0,100000.0,50000.0,1132,0,0.0,93500.0,93500.0,-6500.0
9852,Ahmad Underwood,paroli,100.0,100000.0,50000.0,1132,0,0.0,89800.0,89800.0,-10200.0
9853,Ensley Fitzgerald,paroli,100.0,100000.0,50000.0,1117,2,0.0,85400.0,85400.0,-14600.0
9854,Peyton Prince,paroli,100.0,100000.0,50000.0,1123,1,0.0,90500.0,90500.0,-9500.0
9855,Greta Bridges,paroli,100.0,100000.0,50000.0,1131,0,0.0,88200.0,88200.0,-11800.0
9856,Mohammed Cantrell,paroli,100.0,100000.0,50000.0,1152,0,0.0,97200.0,97200.0,-2800.0
9857,Yamileth Terrell,paroli,100.0,100000.0,50000.0,1111,0,0.0,88100.0,88100.0,-11900.0
9858,Jaxen Choi,paroli,100.0,100000.0,50000.0,1176,0,0.0,100800.0,100800.0,800.0
9859,Karla Xiong,paroli,100.0,100000.0,50000.0,1149,1,0.0,95000.0,95000.0,-5000.0
9860,Azrael Peterson,paroli,100.0,100000.0,50000.0,1126,0,0.0,92500.0,92500.0,-7500.0
9861,Caroline Middleton,paroli,100.0,100000.0,50000.0,1097,4,0.0,86600.0,86600.0,-13400.0
9862,Misael Carrillo,paroli,100.0,100000.0,50000.0,1187,2,0.0,103800.0,103800.0,3800.0
9863,Kaylani Figueroa,paroli,100.0,100000.0,50000.0,1181,0,0.0,100100.0,100100.0,100.0
9864,Spencer Harrington,paroli,100.0,100000.0,50000.0,1215,0,0.0,106900.0,106900.0,6900.0
9865,Legacy Garner,paroli,100.0,100000.0,50000.0,1172,0,0.0,101300.0,101300.0,1300.0
9866,Sage Vargas,paroli,100.0,100000.0,50000.0,1106,1,0.0,82900.0,82900.0,-17100.0
9867,Andrea Ibarra,paroli,100.0,100000.0,50000.0,1195,0,0.0,107400.0,107400.0,7400.0
9868,Asa Lee,paroli,100.0,100000.0,50000.0,1151,1,0.0,91400.0,91400.0,-8600.0
9869,Scarlett Burns,paroli,100.0,100000.0,50000.0,1162,1,0.0,98500.0,98500.0,-1500.0
9870,August Bravo,paroli,100.0,100000.0,50000.0,1179,1,0.0,97900.0,97900.0,-2100.0
9871,Amoura Potter,paroli,100.0,100000.0,50000.0,1126,1,0.0,91800.0,91800.0,-8200.0
9872,Lucca Moreno,paroli,100.0,100000.0,50000.0,1168,0,0.0,96700.0,96700.0,-3300.0
9873,Mary Rivers,paroli,100.0,100000.0,50000.0,1112,1,0.0,87300.0,87300.0,-12700.0
9874,Bear Pruitt,paroli,100.0,100000.0,50000.0,1200,0,0.0,98400.0,98400.0,-1600.0
9875,Brylee Rich,paroli,100.0,100000.0,50000.0,1126,1,0.0,93700.0,93700.0,-6300.0
9876,Miller Durham,paroli,100.0,100000.0,50000.0,1123,1,0.0,88000.0,88000.0,-12000.0
9877,Tiffany Hubbard,paroli,100.0,100000.0,50000.0,1116,0,0.0,90200.0,90200.0,-9800.0
9878,Forrest Lloyd,paroli,100.0,100000.0,50000.0,1152,0,0.0,92000.0,92000.0,-8000.0
9879,Emely Robles,paroli,100.0,100000.0,50000.0,1183,2,0.0,102000.0,102000.0,2000.0
9880,Otto Vu,paroli,100.0,100000.0,50000.0,1104,0,0.0,87900.0,87900.0,-12100.0
9881,Kimora Estrada,paroli,100.0,100000.0,50000.0,1204,0,0.0,105200.0,105200.0,5200.0
9882,Phoenix Holt,paroli,100.0,100000.0,50000.0,1132,2,0.0,93100.0,93100.0,-6900.0
9883,Adelynn Jacobson,paroli,100.0,100000.0,50000.0,1139,0,0.0,89800.0,89800.0,-10200.0
9884,Legacy Trevino,paroli,100.0,100000.0,50000.0,1119,3,0.0,83800.0,83800.0,-16200.0
9885,Priscilla Murphy,paroli,100.0,100000.0,50000.0,1188,0,0.0,100000.0,100000.0,0.0
9886,Cameron Booth,paroli,100.0,100000.0,50000.0,1188,2,0.0,99600.0,99600.0,-400.0
9887,Zariyah Townsend,paroli,100.0,100000.0,50000.0,1151,2,0.0,90000.0,90000.0,-10000.0
9888,Alexis Hester,paroli,100.0,100000.0,50000.0,1172,0,0.0,96200.0,96200.0,-3800.0
9889,Zendaya Maynard,paroli,100.0,100000.0,50000.0,1180,0,0.0,104500.0,104500.0,4500.0
9890,Landry Colon,paroli,100.0,100000.0,50000.0,1196,0,0.0,106300.0,106300.0,6300.0
9891,Remy Reed,paroli,100.0,100000.0,50000.0,1193,1,0.0,100400.0,100400.0,400.0
9892,Easton Blackwell,paroli,100.0,100000.0,50000.0,1154,0,0.0,93000.0,93000.0,-7000.0
9893,Saoirse Atkinson,paroli,100.0,100000.0,50000.0,1118,2,0.0,91300.0,91300.0,-8700.0
9894,Duke Moss,paroli,100.0,100000.0,50000.0,1134,0,0.0,94500.0,94500.0,-5500.0
9895,Bianca Keller,paroli,100.0,100000.0,50000.0,1102,0,0.0,84500.0,84500.0,-15500.0
9896,Nico Erickson,paroli,100.0,100000.0,50000.0,1130,1,0.0,94900.0,94900.0,-5100.0
9897,Sabrina Payne,paroli,100.0,100000.0,50000.0,1126,2,0.0,90100.0,90100.0,-9900.0
9898,Edward Johnston,paroli,100.0,100000.0,50000.0,1196,0,0.0,103600.0,103600.0,3600.0
9899,Laila Brown,paroli,100.0,100000.0,50000.0,1123,1,0.0,90500.0,90500.0,-9500.0
9900,Elijah Love,paroli,100.0,100000.0,50000.0,1129,4,0.0,91100.0,91100.0,-8900.0
9901,Avianna Cohen,paroli,100.0,100000.0,50000.0,1198,1,0.0,107900.0,107900.0,7900.0
9902,Killian Evans,paroli,100.0,100000.0,50000.0,1160,1,0.0,94700.0,94700.0,-5300.0
9903,Eliana Blanchard,paroli,100.0,100000.0,50000.0,1107,0,0.0,85200.0,85200.0,-14800.0
9904,Adler Avalos,paroli,100.0,100000.0,50000.0,1178,0,0.0,101200.0,101200.0,1200.0
9905,Paloma Harmon,paroli,100.0,100000.0,50000.0,1143,1,0.0,98500.0,98500.0,-1500.0
9906,Roberto Bean,paroli,100.0,100000.0,50000.0,1131,6,0.0,91300.0,91300.0,-8700.0
9907,Jenesis Marks,paroli,100.0,100000.0,50000.0,1172,0,0.0,101400.0,101400.0,1400.0
9908,Amos Sampson,paroli,100.0,100000.0,50000.0,1214,0,0.0,105700.0,105700.0,5700.0
9909,Meilani Shaw,paroli,100.0,100000.0,50000.0,1190,1,0.0,101100.0,101100.0,1100.0
9910,Elliot Poole,paroli,100.0,100000.0,50000.0,1178,2,0.0,102500.0,102500.0,2500.0
9911,Bonnie Clarke,paroli,100.0,100000.0,50000.0,1127,0,0.0,92400.0,92400.0,-7600.0
9912,Stetson Peralta,paroli,100.0,100000.0,50000.0,1143,2,0.0,89600.0,89600.0,-10400.0
9913,Malayah Nguyen,paroli,100.0,100000.0,50000.0,1109,0,0.0,89500.0,89500.0,-10500.0
9914,Gabriel Roberson,paroli,100.0,100000.0,50000.0,1191,1,0.0,106100.0,106100.0,6100.0
9915,Sasha Arellano,paroli,100.0,100000.0,50000.0,1145,1,0.0,93500.0,93500.0,-6500.0
9916,Kellan Castaneda,paroli,100.0,100000.0,50000.0,1148,2,0.0,90600.0,90600.0,-9400.0
9917,Keira Robinson,paroli,100.0,100000.0,50000.0,1115,0,0.0,92800.0,92800.0,-7200.0
9918,Matthew Alexander,paroli,100.0,100000.0,50000.0,1092,0,0.0,80300.0,80300.0,-19700.0
9919,Lyla Lane,paroli,100.0,100000.0,50000.0,1114,0,0.0,94400.0,94400.0,-5600.0
9920,Matias Wolfe,paroli,100.0,100000.0,50000.0,1077,1,0.0,77800.0,77800.0,-22200.0
9921,Hallie Booth,paroli,100.0,100000.0,50000.0,1149,4,0.0,96300.0,96300.0,-3700.0
9922,Chaim Gray,paroli,100.0,100000.0,50000.0,1140,0,0.0,94300.0,94300.0,-5700.0
9923,Sarah Giles,paroli,100.0,100000.0,50000.0,1185,2,0.0,99700.0,99700.0,-300.0
9924,Kole Villalobos,paroli,100.0,100000.0,50000.0,1154,1,0.0,97500.0,97500.0,-2500.0
9925,Zoya Lynn,paroli,100.0,100000.0,50000.0,1198,0,0.0,104300.0,104300.0,4300.0
9926,Zechariah Alvarado,paroli,100.0,100000.0,50000.0,1170,0,0.0,99300.0,99300.0,-700.0
9927,Blake Cox,paroli,100.0,100000.0,50000.0,1193,0,0.0,102200.0,102200.0,2200.0
9928,Connor Martinez,paroli,100.0,100000.0,50000.0,1099,0,0.0,87500.0,87500.0,-12500.0
9929,Harper Waller,paroli,100.0,100000.0,50000.0,1138,2,0.0,87700.0,87700.0,-12300.0
9930,Marley Dunn,paroli,100.0,100000.0,50000.0,1095,0,0.0,85000.0,85000.0,-15000.0
9931,Olive Kramer,paroli,100.0,100000.0,50000.0,1137,1,0.0,95800.0,95800.0,-4200.0
9932,Kylan Sexton,paroli,100.0,100000.0,50000.0,1217,1,0.0,109100.0,109100.0,9100.0
9933,Ellen Bautista,paroli,100.0,100000.0,50000.0,1186,1,0.0,103700.0,103700.0,3700.0
9934,Raul Wilkerson,paroli,100.0,100000.0,50000.0,1117,1,0.0,82700.0,82700.0,-17300.0
9935,Janiyah Castro,paroli,100.0,100000.0,50000.0,1138,0,0.0,92900.0,92900.0,-7100.0
9936,Jasper Herman,paroli,100.0,100000.0,50000.0,1130,2,0.0,89600.0,89600.0,-10400.0
9937,Paulina Golden,paroli,100.0,100000.0,50000.0,1216,6,0.0,103400.0,103400.0,3400.0
9938,Amias Dean,paroli,100.0,100000.0,50000.0,1160,0,0.0,94800.0,94800.0,-5200.0
9939,Julianna Lester,paroli,100.0,100000.0,50000.0,1141,0,0.0,94200.0,94200.0,-5800.0
9940,Lee Beard,paroli,100.0,100000.0,50000.0,1149,1,0.0,93100.0,93100.0,-6900.0
9941,Ezra Hartman,paroli,100.0,100000.0,50000.0,1109,0,0.0,85200.0,85200.0,-14800.0
9942,Baker Contreras,paroli,100.0,100000.0,50000.0,1132,1,0.0,93300.0,93300.0,-6700.0
9943,Daniela Grimes,paroli,100.0,100000.0,50000.0,1147,1,0.0,97700.0,97700.0,-2300.0
9944,Harlan Snyder,paroli,100.0,100000.0,50000.0,1167,1,0.0,95400.0,95400.0,-4600.0
9945,Callie Graham,paroli,100.0,100000.0,50000.0,1167,1,0.0,94200.0,94200.0,-5800.0
9946,Giovanni Berger,paroli,100.0,100000.0,50000.0,1135,1,0.0,88800.0,88800.0,-11200.0
9947,Laylah Johnson,paroli,100.0,100000.0,50000.0,1181,0,0.0,101900.0,101900.0,1900.0
9948,Noah Stout,paroli,100.0,100000.0,50000.0,1203,1,0.0,111800.0,111800.0,11800.0
9949,Chana Alvarado,paroli,100.0,100000.0,50000.0,1132,1,0.0,88900.0,88900.0,-11100.0
9950,Andres Joseph,paroli,100.0,100000.0,50000.0,1142,0,0.0,96800.0,96800.0,-3200.0
9951,Gracelynn McPherson,paroli,100.0,100000.0,50000.0,1190,0,0.0,103200.0,103200.0,3200.0
9952,Foster Cruz,paroli,100.0,100000.0,50000.0,1158,0,0.0,97200.0,97200.0,-2800.0
9953,Claire Ahmed,paroli,100.0,100000.0,50000.0,1171,0,0.0,96200.0,96200.0,-3800.0
9954,Harry Giles,paroli,100.0,100000.0,50000.0,1105,1,0.0,88800.0,88800.0,-11200.0
9955,Bailee Delgado,paroli,100.0,100000.0,50000.0,1221,2,0.0,107000.0,107000.0,7000.0
9956,Colt Bennett,paroli,100.0,100000.0,50000.0,1176,1,0.0,100000.0,100000.0,0.0
9957,Josephine Ray,paroli,100.0,100000.0,50000.0,1166,1,0.0,99300.0,99300.0,-700.0
9958,Arlo Morrow,paroli,100.0,100000.0,50000.0,1158,2,0.0,90500.0,90500.0,-9500.0
9959,Reyna Barr,paroli,100.0,100000.0,50000.0,1110,0,0.0,86800.0,86800.0,-13200.0
9960,Harley Leon,paroli,100.0,100000.0,50000.0,1167,1,0.0,100100.0,100100.0,100.0
9961,Amora Kramer,paroli,100.0,100000.0,50000.0,1174,0,0.0,96600.0,96600.0,-3400.0
9962,Kylan Cohen,paroli,100.0,100000.0,50000.0,1136,1,0.0,91800.0,91800.0,-8200.0
9963,Destiny Brooks,paroli,100.0,100000.0,50000.0,1172,1,0.0,100100.0,100100.0,100.0
9964,Jordan Solomon,paroli,100.0,100000.0,50000.0,1097,1,0.0,79300.0,79300.0,-20700.0
9965,Mylah Coffey,paroli,100.0,100000.0,50000.0,1121,1,0.0,88100.0,88100.0,-11900.0
9966,Kody Velez,paroli,100.0,100000.0,50000.0,1155,1,0.0,91500.0,91500.0,-8500.0
9967,Megan Flores,paroli,100.0,100000.0,50000.0,1133,1,0.0,90400.0,90400.0,-9600.0
9968,Lincoln Cline,paroli,100.0,100000.0,50000.0,1136,1,0.0,91600.0,91600.0,-8400.0
9969,Lina Nguyen,paroli,100.0,100000.0,50000.0,1107,0,0.0,87300.0,87300.0,-12700.0
9970,Gabriel Lin,paroli,100.0,100000.0,50000.0,1118,0,0.0,90100.0,90100.0,-9900.0
9971,Makenna Hensley,paroli,100.0,100000.0,50000.0,1118,0,0.0,93200.0,93200.0,-6800.0
9972,Layne Cortez,paroli,100.0,100000.0,50000.0,1132,0,0.0,91600.0,91600.0,-8400.0
9973,Haven Guerrero,paroli,100.0,100000.0,50000.0,1141,0,0.0,90000.0,90000.0,-10000.0
9974,Bryce Schroeder,paroli,100.0,100000.0,50000.0,1173,0,0.0,100600.0,100600.0,600.0
9975,Cameron Davis,paroli,100.0,100000.0,50000.0,1125,0,0.0,89400.0,89400.0,-10600.0
9976,Lucas Vu,paroli,100.0,100000.0,50000.0,1135,0,0.0,90700.0,90700.0,-9300.0
9977,Kimora Espinoza,paroli,100.0,100000.0,50000.0,1154,0,0.0,97400.0,97400.0,-2600.0
9978,Dallas Gibson,paroli,100.0,100000.0,50000.0,1121,0,0.0,92500.0,92500.0,-7500.0
9979,Eden Clark,paroli,100.0,100000.0,50000.0,1186,2,0.0,100500.0,100500.0,500.0
9980,John Wilson,paroli,100.0,100000.0,50000.0,1154,1,0.0,95600.0,95600.0,-4400.0
9981,Luna Benitez,paroli,100.0,100000.0,50000.0,1112,0,0.0,87100.0,87100.0,-12900.0
9982,Justice Patton,paroli,100.0,100000.0,50000.0,1110,1,0.0,89400.0,89400.0,-10600.0
9983,Lorelei Zamora,paroli,100.0,100000.0,50000.0,1157,1,0.0,96200.0,96200.0,-3800.0
9984,Quentin Ryan,paroli,100.0,100000.0,50000.0,1218,1,0.0,105000.0,105000.0,5000.0
9985,Morgan Cameron,paroli,100.0,100000.0,50000.0,1104,1,0.0,88200.0,88200.0,-11800.0
9986,Rayan Washington,paroli,100.0,100000.0,50000.0,1159,1,0.0,94500.0,94500.0,-5500.0
9987,Valerie Meyer,paroli,100.0,100000.0,50000.0,1152,1,0.0,91900.0,91900.0,-8100.0
9988,Tristan Pineda,paroli,100.0,100000.0,50000.0,1135,3,0.0,89400.0,89400.0,-10600.0
9989,Nola Ellison,paroli,100.0,100000.0,50000.0,1162,2,0.0,94500.0,94500.0,-5500.0
9990,Kye Franco,paroli,100.0,100000.0,50000.0,1109,0,0.0,81800.0,81800.0,-18200.0
9991,Charleigh Powers,paroli,100.0,100000.0,50000.0,1128,1,0.0,89900.0,89900.0,-10100.0
9992,Sean Moses,paroli,100.0,100000.0,50000.0,1187,2,0.0,103400.0,103400.0,3400.0
9993,Karter Baldwin,paroli,100.0,100000.0,50000.0,1121,0,0.0,89300.0,89300.0,-10700.0
9994,Jaiden Jordan,paroli,100.0,100000.0,50000.0,1104,0,0.0,84100.0,84100.0,-15900.0
9995,Adalynn Rasmussen,paroli,100.0,100000.0,50000.0,1145,0,0.0,96100.0,96100.0,-3900.0
9996,Will Carr,paroli,100.0,100000.0,50000.0,1139,0,0.0,93100.0,93100.0,-6900.0
9997,Rowan Dougherty,paroli,100.0,100000.0,50000.0,1186,1,0.0,104100.0,104100.0,4100.0
9998,Brett Yang,paroli,100.0,100000.0,50000.0,1125,0,0.0,87700.0,87700.0,-12300.0
9999,Angelina Miles,paroli,100.0,100000.0,50000.0,1100,5,0.0,84800.0,84800.0,-15200.0
10000,Jared Marks,paroli,100.0,100000.0,50000.0,1165,0,0.0,98400.0,98400.0,-1600.0
