bot_id,bot_name,strategy,base_bet,starting_pool,table_max,rounds_played,rounds_capped,final_playing_pool,final_winnings,final_total,net_profit
1,Ellie Brooks,martingale,100.0,100000.0,50000.0,267,3,0.0,87600.0,87600.0,-12400.0
2,Jordan Payne,martingale,100.0,100000.0,50000.0,323,1,0.0,82200.0,82200.0,-17800.0
3,London Holloway,martingale,100.0,100000.0,50000.0,630,1,0.0,122600.0,122600.0,22600.0
4,Sutton Sanders,martingale,100.0,100000.0,50000.0,576,1,0.0,96600.0,96600.0,-3400.0
5,Everleigh Dominguez,martingale,100.0,100000.0,50000.0,554,2,0.0,120400.0,120400.0,20400.0
6,Kaden Castaneda,martingale,100.0,100000.0,50000.0,305,1,0.0,108300.0,108300.0,8300.0
7,Keira Palacios,martingale,100.0,100000.0,50000.0,300,1,0.0,67100.0,67100.0,-32900.0
8,Thaddeus Pratt,martingale,100.0,100000.0,50000.0,458,1,0.0,99700.0,99700.0,-300.0
9,Ailani Rogers,martingale,100.0,100000.0,50000.0,493,2,0.0,118400.0,118400.0,18400.0
10,Colton Ramos,martingale,100.0,100000.0,50000.0,391,1,0.0,97000.0,97000.0,-3000.0
11,Alice Hull,martingale,100.0,100000.0,50000.0,452,1,0.0,100200.0,100200.0,200.0
12,Salem Jenkins,martingale,100.0,100000.0,50000.0,547,2,0.0,120800.0,120800.0,20800.0
13,Rylee Farmer,martingale,100.0,100000.0,50000.0,842,1,0.0,142200.0,142200.0,42200.0
14,Jamison Galvan,martingale,100.0,100000.0,50000.0,544,2,0.0,113900.0,113900.0,13900.0
15,Dallas Steele,martingale,100.0,100000.0,50000.0,429,1,0.0,100200.0,100200.0,200.0
16,Elian Ortega,martingale,100.0,100000.0,50000.0,618,1,0.0,109700.0,109700.0,9700.0
17,Lilah Lowery,martingale,100.0,100000.0,50000.0,319,2,0.0,104500.0,104500.0,4500.0
18,Jaxxon Estrada,martingale,100.0,100000.0,50000.0,680,1,0.0,131800.0,131800.0,31800.0
19,Sawyer Morrison,martingale,100.0,100000.0,50000.0,142,2,0.0,64700.0,64700.0,-35300.0
20,Maximus Wiggins,martingale,100.0,100000.0,50000.0,280,2,0.0,88800.0,88800.0,-11200.0
21,Capri Dalton,martingale,100.0,100000.0,50000.0,350,3,0.0,97300.0,97300.0,-2700.0
22,Fletcher Mann,martingale,100.0,100000.0,50000.0,582,1,0.0,123900.0,123900.0,23900.0
23,Paislee McGuire,martingale,100.0,100000.0,50000.0,348,3,0.0,105600.0,105600.0,5600.0
24,Casey Combs,martingale,100.0,100000.0,50000.0,299,1,0.0,99800.0,99800.0,-200.0
25,Irene Wagner,martingale,100.0,100000.0,50000.0,493,2,0.0,103300.0,103300.0,3300.0
26,Enzo McFarland,martingale,100.0,100000.0,50000.0,515,2,0.0,120200.0,120200.0,20200.0
27,Annika Deleon,martingale,100.0,100000.0,50000.0,605,3,0.0,128300.0,128300.0,28300.0
28,Nasir Pineda,martingale,100.0,100000.0,50000.0,593,2,0.0,118600.0,118600.0,18600.0
29,Nola Whitehead,martingale,100.0,100000.0,50000.0,282,1,0.0,65200.0,65200.0,-34800.0
30,Zayd Hancock,martingale,100.0,100000.0,50000.0,576,2,0.0,116100.0,116100.0,16100.0
31,Katelyn Christian,martingale,100.0,100000.0,50000.0,465,2,0.0,115700.0,115700.0,15700.0
32,Ledger Solomon,martingale,100.0,100000.0,50000.0,404,1,0.0,101400.0,101400.0,1400.0
33,Mylah Shelton,martingale,100.0,100000.0,50000.0,652,1,0.0,128200.0,128200.0,28200.0
34,Leonel Rosas,martingale,100.0,100000.0,50000.0,465,1,0.0,99100.0,99100.0,-900.0
35,Joelle Patel,martingale,100.0,100000.0,50000.0,336,1,0.0,94900.0,94900.0,-5100.0
36,Parker Black,martingale,100.0,100000.0,50000.0,561,1,0.0,122800.0,122800.0,22800.0
37,Molly Hobbs,martingale,100.0,100000.0,50000.0,527,1,0.0,119500.0,119500.0,19500.0
38,Brendan McCoy,martingale,100.0,100000.0,50000.0,303,2,0.0,66400.0,66400.0,-33600.0
39,Mckenzie Chavez,martingale,100.0,100000.0,50000.0,558,2,0.0,120800.0,120800.0,20800.0
40,Ian Schmitt,martingale,100.0,100000.0,50000.0,589,3,0.0,126700.0,126700.0,26700.0
41,Queen Ho,martingale,100.0,100000.0,50000.0,322,1,0.0,96200.0,96200.0,-3800.0
42,Morgan Orozco,martingale,100.0,100000.0,50000.0,396,2,0.0,110100.0,110100.0,10100.0
43,Renata Marin,martingale,100.0,100000.0,50000.0,369,3,0.0,114200.0,114200.0,14200.0
44,Aldo Turner,martingale,100.0,100000.0,50000.0,428,3,0.0,105600.0,105600.0,5600.0
45,Brooklyn Foster,martingale,100.0,100000.0,50000.0,278,3,0.0,92800.0,92800.0,-7200.0
46,Kayden Ochoa,martingale,100.0,100000.0,50000.0,417,1,0.0,91500.0,91500.0,-8500.0
47,Luciana Rush,martingale,100.0,100000.0,50000.0,27,1,0.0,1800.0,1800.0,-98200.0
48,Kaiser Burton,martingale,100.0,100000.0,50000.0,504,1,0.0,123100.0,123100.0,23100.0
49,Miriam Yoder,martingale,100.0,100000.0,50000.0,565,1,0.0,96100.0,96100.0,-3900.0
50,Johan Townsend,martingale,100.0,100000.0,50000.0,392,1,0.0,92800.0,92800.0,-7200.0
51,Azalea York,martingale,100.0,100000.0,50000.0,471,2,0.0,111800.0,111800.0,11800.0
52,Leandro Snow,martingale,100.0,100000.0,50000.0,273,2,0.0,109500.0,109500.0,9500.0
53,Alexia Roberson,martingale,100.0,100000.0,50000.0,610,1,0.0,127200.0,127200.0,27200.0
54,Shepherd Lucero,martingale,100.0,100000.0,50000.0,617,2,0.0,125600.0,125600.0,25600.0
55,Ila Wade,martingale,100.0,100000.0,50000.0,309,1,0.0,83200.0,83200.0,-16800.0
56,Jake Larsen,martingale,100.0,100000.0,50000.0,409,1,0.0,117900.0,117900.0,17900.0
57,Xiomara Hendrix,martingale,100.0,100000.0,50000.0,451,2,0.0,99600.0,99600.0,-400.0
58,Korbyn Fuentes,martingale,100.0,100000.0,50000.0,506,3,0.0,120000.0,120000.0,20000.0
59,Madeleine Burke,martingale,100.0,100000.0,50000.0,505,1,0.0,124300.0,124300.0,24300.0
60,Jax Fernandez,martingale,100.0,100000.0,50000.0,574,3,0.0,119100.0,119100.0,19100.0
61,Amara Alexander,martingale,100.0,100000.0,50000.0,672,4,0.0,129400.0,129400.0,29400.0
62,Kingston Jordan,martingale,100.0,100000.0,50000.0,399,1,0.0,107800.0,107800.0,7800.0
63,Adalynn Magana,martingale,100.0,100000.0,50000.0,594,1,0.0,123600.0,123600.0,23600.0
64,Rey Truong,martingale,100.0,100000.0,50000.0,483,3,0.0,104100.0,104100.0,4100.0
65,Judith King,martingale,100.0,100000.0,50000.0,122,1,0.0,17000.0,17000.0,-83000.0
66,Julian Stark,martingale,100.0,100000.0,50000.0,499,1,0.0,111200.0,111200.0,11200.0
67,Kamilah Bryan,martingale,100.0,100000.0,50000.0,307,0,0.0,63100.0,63100.0,-36900.0
68,Jaxtyn Rodgers,martingale,100.0,100000.0,50000.0,328,2,0.0,89100.0,89100.0,-10900.0
69,Selah Stone,martingale,100.0,100000.0,50000.0,452,1,0.0,106500.0,106500.0,6500.0
70,Finn Francis,martingale,100.0,100000.0,50000.0,596,2,0.0,127500.0,127500.0,27500.0
71,Daniella Dillon,martingale,100.0,100000.0,50000.0,506,1,0.0,99700.0,99700.0,-300.0
72,Alvin Nicholson,martingale,100.0,100000.0,50000.0,481,1,0.0,112800.0,112800.0,12800.0
73,Justice Richard,martingale,100.0,100000.0,50000.0,496,1,0.0,121000.0,121000.0,21000.0
74,Ahmed Manning,martingale,100.0,100000.0,50000.0,192,2,0.0,59100.0,59100.0,-40900.0
75,Jennifer Levy,martingale,100.0,100000.0,50000.0,498,3,0.0,123900.0,123900.0,23900.0
76,Harold Welch,martingale,100.0,100000.0,50000.0,449,1,0.0,108400.0,108400.0,8400.0
77,Amira Boyer,martingale,100.0,100000.0,50000.0,573,2,0.0,125200.0,125200.0,25200.0
78,Zeke Fox,martingale,100.0,100000.0,50000.0,363,1,0.0,105100.0,105100.0,5100.0
79,Juliette Spence,martingale,100.0,100000.0,50000.0,154,1,0.0,38000.0,38000.0,-62000.0
80,Cillian Lamb,martingale,100.0,100000.0,50000.0,303,1,0.0,102900.0,102900.0,2900.0
81,Amaia Farrell,martingale,100.0,100000.0,50000.0,451,1,0.0,110800.0,110800.0,10800.0
82,Ty Hess,martingale,100.0,100000.0,50000.0,312,1,0.0,55600.0,55600.0,-44400.0
83,Kaliyah Burke,martingale,100.0,100000.0,50000.0,736,2,0.0,136500.0,136500.0,36500.0
84,Jax Huff,martingale,100.0,100000.0,50000.0,442,3,0.0,110100.0,110100.0,10100.0
85,Karsyn Dennis,martingale,100.0,100000.0,50000.0,134,1,0.0,44000.0,44000.0,-56000.0
86,Emanuel Howard,martingale,100.0,100000.0,50000.0,350,1,0.0,78700.0,78700.0,-21300.0
87,Sophie Evans,martingale,100.0,100000.0,50000.0,394,1,0.0,114200.0,114200.0,14200.0
88,Elias Kerr,martingale,100.0,100000.0,50000.0,346,1,0.0,68300.0,68300.0,-31700.0
89,Baylee Carr,martingale,100.0,100000.0,50000.0,678,1,0.0,127200.0,127200.0,27200.0
90,Kash Rodgers,martingale,100.0,100000.0,50000.0,387,1,0.0,71700.0,71700.0,-28300.0
91,Selah Hogan,martingale,100.0,100000.0,50000.0,432,1,0.0,96300.0,96300.0,-3700.0
92,Sonny Underwood,martingale,100.0,100000.0,50000.0,573,1,0.0,107400.0,107400.0,7400.0
93,Ensley Blankenship,martingale,100.0,100000.0,50000.0,352,3,0.0,81800.0,81800.0,-18200.0
94,Ernesto Barrett,martingale,100.0,100000.0,50000.0,397,3,0.0,87500.0,87500.0,-12500.0
95,Kendall Johns,martingale,100.0,100000.0,50000.0,794,2,0.0,141100.0,141100.0,41100.0
96,Joziah Simon,martingale,100.0,100000.0,50000.0,443,2,0.0,111800.0,111800.0,11800.0
97,Kalani Mullen,martingale,100.0,100000.0,50000.0,336,4,0.0,111600.0,111600.0,11600.0
98,Shepard Lang,martingale,100.0,100000.0,50000.0,325,3,0.0,103100.0,103100.0,3100.0
99,Amirah Velazquez,martingale,100.0,100000.0,50000.0,754,2,0.0,134500.0,134500.0,34500.0
100,Drew McPherson,martingale,100.0,100000.0,50000.0,702,1,0.0,128800.0,128800.0,28800.0
101,Emmaline Andrade,martingale,100.0,100000.0,50000.0,284,1,0.0,82700.0,82700.0,-17300.0
102,Abdiel Fowler,martingale,100.0,100000.0,50000.0,525,2,0.0,120300.0,120300.0,20300.0
103,Lennon Vega,martingale,100.0,100000.0,50000.0,383,3,0.0,110400.0,110400.0,10400.0
104,Aidan Lynn,martingale,100.0,100000.0,50000.0,483,1,0.0,85400.0,85400.0,-14600.0
105,Samira Carson,martingale,100.0,100000.0,50000.0,349,3,0.0,102900.0,102900.0,2900.0
106,Ares Hudson,martingale,100.0,100000.0,50000.0,104,1,0.0,12500.0,12500.0,-87500.0
107,Kamila Frost,martingale,100.0,100000.0,50000.0,372,1,0.0,106500.0,106500.0,6500.0
108,Dario Berger,martingale,100.0,100000.0,50000.0,392,1,0.0,80100.0,80100.0,-19900.0
109,Laylah Berry,martingale,100.0,100000.0,50000.0,59,1,0.0,7300.0,7300.0,-92700.0
110,Adonis Marquez,martingale,100.0,100000.0,50000.0,330,3,0.0,110300.0,110300.0,10300.0
111,Milani Lucero,martingale,100.0,100000.0,50000.0,569,3,0.0,126600.0,126600.0,26600.0
112,Felipe Holt,martingale,100.0,100000.0,50000.0,667,2,0.0,131700.0,131700.0,31700.0
113,Adelynn Yoder,martingale,100.0,100000.0,50000.0,326,4,0.0,112600.0,112600.0,12600.0
114,Johan Briggs,martingale,100.0,100000.0,50000.0,345,1,0.0,113800.0,113800.0,13800.0
115,Alia Campos,martingale,100.0,100000.0,50000.0,144,1,0.0,24200.0,24200.0,-75800.0
116,Gideon Simmons,martingale,100.0,100000.0,50000.0,598,5,0.0,122300.0,122300.0,22300.0
117,Reagan Palacios,martingale,100.0,100000.0,50000.0,130,2,0.0,62700.0,62700.0,-37300.0
118,Thaddeus Melton,martingale,100.0,100000.0,50000.0,247,3,0.0,78500.0,78500.0,-21500.0
119,Kamiyah Harrington,martingale,100.0,100000.0,50000.0,307,2,0.0,89700.0,89700.0,-10300.0
120,Omari Avalos,martingale,100.0,100000.0,50000.0,23,1,0.0,1600.0,1600.0,-98400.0
121,Paloma O’Connor,martingale,100.0,100000.0,50000.0,490,1,0.0,112200.0,112200.0,12200.0
122,Princeton Wu,martingale,100.0,100000.0,50000.0,163,1,0.0,29300.0,29300.0,-70700.0
123,Liana Rios,martingale,100.0,100000.0,50000.0,546,3,0.0,112900.0,112900.0,12900.0
124,Israel Skinner,martingale,100.0,100000.0,50000.0,524,1,0.0,113300.0,113300.0,13300.0
125,Mara Hobbs,martingale,100.0,100000.0,50000.0,532,1,0.0,122700.0,122700.0,22700.0
126,Brendan Huff,martingale,100.0,100000.0,50000.0,340,1,0.0,91000.0,91000.0,-9000.0
127,Karsyn Ho,martingale,100.0,100000.0,50000.0,518,2,0.0,112400.0,112400.0,12400.0
128,Morgan Best,martingale,100.0,100000.0,50000.0,266,1,0.0,77200.0,77200.0,-22800.0
129,Lexie Daugherty,martingale,100.0,100000.0,50000.0,10,1,0.0,0.0,0.0,-100000.0
130,Turner Miles,martingale,100.0,100000.0,50000.0,166,4,0.0,73800.0,73800.0,-26200.0
131,Alessandra Benjamin,martingale,100.0,100000.0,50000.0,543,2,0.0,124200.0,124200.0,24200.0
132,Kyro Stuart,martingale,100.0,100000.0,50000.0,582,1,0.0,106800.0,106800.0,6800.0
133,Stormi Cooper,martingale,100.0,100000.0,50000.0,447,1,0.0,80000.0,80000.0,-20000.0
134,Jonathan Shelton,martingale,100.0,100000.0,50000.0,567,3,0.0,103500.0,103500.0,3500.0
135,Makenzie Arroyo,martingale,100.0,100000.0,50000.0,705,0,0.0,134100.0,134100.0,34100.0
136,Alberto Abbott,martingale,100.0,100000.0,50000.0,578,1,0.0,122400.0,122400.0,22400.0
137,Melany Lim,martingale,100.0,100000.0,50000.0,85,1,0.0,15200.0,15200.0,-84800.0
138,Cal Gordon,martingale,100.0,100000.0,50000.0,493,2,0.0,115700.0,115700.0,15700.0
139,Taylor Schwartz,martingale,100.0,100000.0,50000.0,271,1,0.0,47800.0,47800.0,-52200.0
140,Edwin McMillan,martingale,100.0,100000.0,50000.0,544,2,0.0,113600.0,113600.0,13600.0
141,Oakleigh Gallagher,martingale,100.0,100000.0,50000.0,313,1,0.0,78300.0,78300.0,-21700.0
142,Marcos Wu,martingale,100.0,100000.0,50000.0,500,2,0.0,118400.0,118400.0,18400.0
143,Liana Best,martingale,100.0,100000.0,50000.0,642,1,0.0,124800.0,124800.0,24800.0
144,Harlem Whitney,martingale,100.0,100000.0,50000.0,369,2,0.0,112700.0,112700.0,12700.0
145,Madalynn Stone,martingale,100.0,100000.0,50000.0,458,1,0.0,82800.0,82800.0,-17200.0
146,Finn Howard,martingale,100.0,100000.0,50000.0,426,1,0.0,117200.0,117200.0,17200.0
147,Sophie Terry,martingale,100.0,100000.0,50000.0,601,1,0.0,124900.0,124900.0,24900.0
148,Armani Simpson,martingale,100.0,100000.0,50000.0,524,1,0.0,115500.0,115500.0,15500.0
149,Anastasia Valencia,martingale,100.0,100000.0,50000.0,675,1,0.0,125200.0,125200.0,25200.0
150,Dax Truong,martingale,100.0,100000.0,50000.0,123,1,0.0,20900.0,20900.0,-79100.0
151,Judith Smith,martingale,100.0,100000.0,50000.0,354,1,0.0,66000.0,66000.0,-34000.0
152,Liam Riley,martingale,100.0,100000.0,50000.0,528,2,0.0,123300.0,123300.0,23300.0
153,Kayla Patel,martingale,100.0,100000.0,50000.0,260,1,0.0,38300.0,38300.0,-61700.0
154,Parker Santiago,martingale,100.0,100000.0,50000.0,19,1,0.0,1000.0,1000.0,-99000.0
155,Nyla Hall,martingale,100.0,100000.0,50000.0,103,1,0.0,15500.0,15500.0,-84500.0
156,Thomas Hendrix,martingale,100.0,100000.0,50000.0,553,1,0.0,112500.0,112500.0,12500.0
157,Zhuri Greer,martingale,100.0,100000.0,50000.0,509,1,0.0,116800.0,116800.0,16800.0
158,Koda English,martingale,100.0,100000.0,50000.0,450,1,0.0,110400.0,110400.0,10400.0
159,Kelly Leonard,martingale,100.0,100000.0,50000.0,641,1,0.0,130300.0,130300.0,30300.0
160,Ricardo Cannon,martingale,100.0,100000.0,50000.0,249,1,0.0,74800.0,74800.0,-25200.0
161,Noa McCann,martingale,100.0,100000.0,50000.0,258,1,0.0,87200.0,87200.0,-12800.0
162,Heath Alvarado,martingale,100.0,100000.0,50000.0,450,2,0.0,110600.0,110600.0,10600.0
163,Blake Kerr,martingale,100.0,100000.0,50000.0,575,2,0.0,128300.0,128300.0,28300.0
164,Louie O’Neal,martingale,100.0,100000.0,50000.0,326,3,0.0,86100.0,86100.0,-13900.0
165,Treasure Zamora,martingale,100.0,100000.0,50000.0,496,1,0.0,117400.0,117400.0,17400.0
166,Quentin Ray,martingale,100.0,100000.0,50000.0,87,1,0.0,15200.0,15200.0,-84800.0
167,Ruth Alfaro,martingale,100.0,100000.0,50000.0,182,1,0.0,49800.0,49800.0,-50200.0
168,Xzavier Barrera,martingale,100.0,100000.0,50000.0,578,1,0.0,117000.0,117000.0,17000.0
169,Beatrice Sexton,martingale,100.0,100000.0,50000.0,617,1,0.0,115700.0,115700.0,15700.0
170,Mylo Walton,martingale,100.0,100000.0,50000.0,529,1,0.0,122400.0,122400.0,22400.0
171,Scarlet O’Donnell,martingale,100.0,100000.0,50000.0,464,3,0.0,110900.0,110900.0,10900.0
172,Lian Lowe,martingale,100.0,100000.0,50000.0,410,1,0.0,117600.0,117600.0,17600.0
173,Amari Wyatt,martingale,100.0,100000.0,50000.0,553,3,0.0,119700.0,119700.0,19700.0
174,Sam Hampton,martingale,100.0,100000.0,50000.0,566,1,0.0,104900.0,104900.0,4900.0
175,Leona Reese,martingale,100.0,100000.0,50000.0,113,1,0.0,24200.0,24200.0,-75800.0
176,Alijah Parra,martingale,100.0,100000.0,50000.0,383,2,0.0,110800.0,110800.0,10800.0
177,Dalary Lawrence,martingale,100.0,100000.0,50000.0,393,2,0.0,95500.0,95500.0,-4500.0
178,Kaleb Conrad,martingale,100.0,100000.0,50000.0,442,2,0.0,117400.0,117400.0,17400.0
179,Bexley Gonzales,martingale,100.0,100000.0,50000.0,650,1,0.0,126000.0,126000.0,26000.0
180,Brayden Bentley,martingale,100.0,100000.0,50000.0,621,3,0.0,125600.0,125600.0,25600.0
181,Jaylin Maldonado,martingale,100.0,100000.0,50000.0,406,2,0.0,101600.0,101600.0,1600.0
182,Javier Ellison,martingale,100.0,100000.0,50000.0,321,2,0.0,84000.0,84000.0,-16000.0
183,Raina Greene,martingale,100.0,100000.0,50000.0,650,2,0.0,132400.0,132400.0,32400.0
184,Griffin Robbins,martingale,100.0,100000.0,50000.0,376,1,0.0,93700.0,93700.0,-6300.0
185,Stevie McCall,martingale,100.0,100000.0,50000.0,49,1,0.0,6400.0,6400.0,-93600.0
186,Kiaan Kelly,martingale,100.0,100000.0,50000.0,458,1,0.0,117500.0,117500.0,17500.0
187,Ruby McDowell,martingale,100.0,100000.0,50000.0,336,1,0.0,74400.0,74400.0,-25600.0
188,Lachlan Callahan,martingale,100.0,100000.0,50000.0,432,1,0.0,109600.0,109600.0,9600.0
189,Kimber Vu,martingale,100.0,100000.0,50000.0,742,2,0.0,114600.0,114600.0,14600.0
190,Kamdyn Barton,martingale,100.0,100000.0,50000.0,576,1,0.0,125800.0,125800.0,25800.0
191,Danna Lloyd,martingale,100.0,100000.0,50000.0,567,3,0.0,119600.0,119600.0,19600.0
192,Zaire Cook,martingale,100.0,100000.0,50000.0,413,2,0.0,106300.0,106300.0,6300.0
193,Aaliyah Brewer,martingale,100.0,100000.0,50000.0,611,2,0.0,129900.0,129900.0,29900.0
194,Cruz Woodard,martingale,100.0,100000.0,50000.0,566,1,0.0,124000.0,124000.0,24000.0
195,Aubrie Barr,martingale,100.0,100000.0,50000.0,115,1,0.0,30000.0,30000.0,-70000.0
196,Harley O’Connor,martingale,100.0,100000.0,50000.0,489,3,0.0,104700.0,104700.0,4700.0
197,Charli Tucker,martingale,100.0,100000.0,50000.0,473,2,0.0,112200.0,112200.0,12200.0
198,Ivan Benton,martingale,100.0,100000.0,50000.0,296,2,0.0,94800.0,94800.0,-5200.0
199,Anais Ortiz,martingale,100.0,100000.0,50000.0,566,3,0.0,121100.0,121100.0,21100.0
200,Landon Shields,martingale,100.0,100000.0,50000.0,482,2,0.0,117900.0,117900.0,17900.0
201,Analia Marshall,martingale,100.0,100000.0,50000.0,495,2,0.0,115800.0,115800.0,15800.0
202,Kaiden Lucas,martingale,100.0,100000.0,50000.0,342,2,0.0,80100.0,80100.0,-19900.0
203,Phoenix King,martingale,100.0,100000.0,50000.0,349,3,0.0,113800.0,113800.0,13800.0
204,Julian Foley,martingale,100.0,100000.0,50000.0,323,1,0.0,98300.0,98300.0,-1700.0
205,Zaylee Leach,martingale,100.0,100000.0,50000.0,699,3,0.0,133600.0,133600.0,33600.0
206,Westin Mathis,martingale,100.0,100000.0,50000.0,580,1,0.0,124900.0,124900.0,24900.0
207,Anne Walker,martingale,100.0,100000.0,50000.0,569,1,0.0,112200.0,112200.0,12200.0
208,Luke Cervantes,martingale,100.0,100000.0,50000.0,442,1,0.0,79200.0,79200.0,-20800.0
209,Aylin Villalobos,martingale,100.0,100000.0,50000.0,328,1,0.0,104100.0,104100.0,4100.0
210,Reuben Mendez,martingale,100.0,100000.0,50000.0,410,3,0.0,92700.0,92700.0,-7300.0
211,Londyn Galindo,martingale,100.0,100000.0,50000.0,528,3,0.0,122500.0,122500.0,22500.0
212,Salvatore Phelps,martingale,100.0,100000.0,50000.0,201,1,0.0,34600.0,34600.0,-65400.0
213,Laney Jacobs,martingale,100.0,100000.0,50000.0,189,3,0.0,80200.0,80200.0,-19800.0
214,Bryan Jensen,martingale,100.0,100000.0,50000.0,660,2,0.0,121100.0,121100.0,21100.0
215,Jane Conley,martingale,100.0,100000.0,50000.0,660,1,0.0,130800.0,130800.0,30800.0
216,Marvin Gordon,martingale,100.0,100000.0,50000.0,359,1,0.0,54000.0,54000.0,-46000.0
217,Taylor Huff,martingale,100.0,100000.0,50000.0,453,2,0.0,110200.0,110200.0,10200.0
218,Finnley Cano,martingale,100.0,100000.0,50000.0,371,3,0.0,84900.0,84900.0,-15100.0
219,Egypt Travis,martingale,100.0,100000.0,50000.0,545,1,0.0,106100.0,106100.0,6100.0
220,Willie Gilbert,martingale,100.0,100000.0,50000.0,478,1,0.0,88100.0,88100.0,-11900.0
221,Jocelyn Gibbs,martingale,100.0,100000.0,50000.0,629,1,0.0,130200.0,130200.0,30200.0
222,Deacon Felix,martingale,100.0,100000.0,50000.0,322,1,0.0,99600.0,99600.0,-400.0
223,Paisleigh Stone,martingale,100.0,100000.0,50000.0,670,1,0.0,129200.0,129200.0,29200.0
224,Finn Mann,martingale,100.0,100000.0,50000.0,249,1,0.0,63500.0,63500.0,-36500.0
225,Paislee Mendez,martingale,100.0,100000.0,50000.0,21,1,0.0,3300.0,3300.0,-96700.0
226,Arthur Avalos,martingale,100.0,100000.0,50000.0,68,1,0.0,12100.0,12100.0,-87900.0
227,Paloma Carroll,martingale,100.0,100000.0,50000.0,433,1,0.0,114800.0,114800.0,14800.0
228,Oscar Hughes,martingale,100.0,100000.0,50000.0,381,1,0.0,83400.0,83400.0,-16600.0
229,Samantha Munoz,martingale,100.0,100000.0,50000.0,54,1,0.0,6200.0,6200.0,-93800.0
230,Justin Bonilla,martingale,100.0,100000.0,50000.0,602,1,0.0,113800.0,113800.0,13800.0
231,Romina Lozano,martingale,100.0,100000.0,50000.0,527,1,0.0,125400.0,125400.0,25400.0
232,Boone Cardenas,martingale,100.0,100000.0,50000.0,673,2,0.0,131700.0,131700.0,31700.0
233,Raven Hobbs,martingale,100.0,100000.0,50000.0,765,2,0.0,137400.0,137400.0,37400.0
234,Brendan Lopez,martingale,100.0,100000.0,50000.0,406,1,0.0,110100.0,110100.0,10100.0
235,Gianna Gaines,martingale,100.0,100000.0,50000.0,269,1,0.0,65400.0,65400.0,-34600.0
236,Talon Shannon,martingale,100.0,100000.0,50000.0,221,1,0.0,68200.0,68200.0,-31800.0
237,Harlee Pena,martingale,100.0,100000.0,50000.0,652,1,0.0,130300.0,130300.0,30300.0
238,Marcus Stuart,martingale,100.0,100000.0,50000.0,320,1,0.0,66000.0,66000.0,-34000.0
239,Stormi Pope,martingale,100.0,100000.0,50000.0,423,3,0.0,120100.0,120100.0,20100.0
240,Gunnar Figueroa,martingale,100.0,100000.0,50000.0,367,2,0.0,108000.0,108000.0,8000.0
241,Lilith Cantu,martingale,100.0,100000.0,50000.0,349,1,0.0,102500.0,102500.0,2500.0
242,Anakin Daniel,martingale,100.0,100000.0,50000.0,447,3,0.0,117700.0,117700.0,17700.0
243,Joy Lawrence,martingale,100.0,100000.0,50000.0,615,1,0.0,124600.0,124600.0,24600.0
244,Kaleb Lowe,martingale,100.0,100000.0,50000.0,268,2,0.0,94300.0,94300.0,-5700.0
245,Amari Frost,martingale,100.0,100000.0,50000.0,485,1,0.0,102600.0,102600.0,2600.0
246,Dario Ashley,martingale,100.0,100000.0,50000.0,213,1,0.0,35500.0,35500.0,-64500.0
247,Khalani Hammond,martingale,100.0,100000.0,50000.0,573,3,0.0,123100.0,123100.0,23100.0
248,Francis Fitzpatrick,martingale,100.0,100000.0,50000.0,504,1,0.0,121300.0,121300.0,21300.0
249,Annabella Sharp,martingale,100.0,100000.0,50000.0,597,1,0.0,121000.0,121000.0,21000.0
250,Royce Berry,martingale,100.0,100000.0,50000.0,510,2,0.0,112400.0,112400.0,12400.0
251,Annabelle Shelton,martingale,100.0,100000.0,50000.0,608,1,0.0,131700.0,131700.0,31700.0
252,Leonel Rasmussen,martingale,100.0,100000.0,50000.0,333,1,0.0,85500.0,85500.0,-14500.0
253,Esperanza Lara,martingale,100.0,100000.0,50000.0,469,3,0.0,117500.0,117500.0,17500.0
254,Caiden Tucker,martingale,100.0,100000.0,50000.0,177,1,0.0,68200.0,68200.0,-31800.0
255,Esther Crosby,martingale,100.0,100000.0,50000.0,545,2,0.0,123100.0,123100.0,23100.0
256,Tristen Roy,martingale,100.0,100000.0,50000.0,553,1,0.0,121100.0,121100.0,21100.0
257,Savanna Stone,martingale,100.0,100000.0,50000.0,418,2,0.0,108500.0,108500.0,8500.0
258,Finn Spears,martingale,100.0,100000.0,50000.0,549,1,0.0,123800.0,123800.0,23800.0
259,Isabela Garcia,martingale,100.0,100000.0,50000.0,762,1,0.0,132400.0,132400.0,32400.0
260,James Arellano,martingale,100.0,100000.0,50000.0,413,2,0.0,79900.0,79900.0,-20100.0
261,Faye Daugherty,martingale,100.0,100000.0,50000.0,571,0,0.0,128200.0,128200.0,28200.0
262,Turner Gomez,martingale,100.0,100000.0,50000.0,23,1,0.0,2400.0,2400.0,-97600.0
263,Natalie Phelps,martingale,100.0,100000.0,50000.0,132,1,0.0,44400.0,44400.0,-55600.0
264,Hamza Hendrix,martingale,100.0,100000.0,50000.0,471,3,0.0,117800.0,117800.0,17800.0
265,Zhuri Gallagher,martingale,100.0,100000.0,50000.0,487,1,0.0,115600.0,115600.0,15600.0
266,Marcos Dixon,martingale,100.0,100000.0,50000.0,125,1,0.0,16300.0,16300.0,-83700.0
267,Blakely Kent,martingale,100.0,100000.0,50000.0,540,2,0.0,124100.0,124100.0,24100.0
268,Mekhi Cain,martingale,100.0,100000.0,50000.0,470,1,0.0,107300.0,107300.0,7300.0
269,Kendra David,martingale,100.0,100000.0,50000.0,71,1,0.0,21600.0,21600.0,-78400.0
270,Alonso Patel,martingale,100.0,100000.0,50000.0,494,1,0.0,93600.0,93600.0,-6400.0
271,Madeline Salgado,martingale,100.0,100000.0,50000.0,384,1,0.0,90200.0,90200.0,-9800.0
272,Trace Douglas,martingale,100.0,100000.0,50000.0,531,4,0.0,120500.0,120500.0,20500.0
273,Aniyah Weber,martingale,100.0,100000.0,50000.0,555,2,0.0,124200.0,124200.0,24200.0
274,Crew Mayer,martingale,100.0,100000.0,50000.0,565,4,0.0,121500.0,121500.0,21500.0
275,Ainhoa Glenn,martingale,100.0,100000.0,50000.0,616,4,0.0,125700.0,125700.0,25700.0
276,Zaid Morrow,martingale,100.0,100000.0,50000.0,453,2,0.0,102000.0,102000.0,2000.0
277,Reyna Stewart,martingale,100.0,100000.0,50000.0,298,1,0.0,57600.0,57600.0,-42400.0
278,Nolan Frazier,martingale,100.0,100000.0,50000.0,701,2,0.0,135000.0,135000.0,35000.0
279,Octavia O’Connor,martingale,100.0,100000.0,50000.0,403,3,0.0,107700.0,107700.0,7700.0
280,Princeton Camacho,martingale,100.0,100000.0,50000.0,619,3,0.0,118000.0,118000.0,18000.0
281,Armani Portillo,martingale,100.0,100000.0,50000.0,576,2,0.0,130000.0,130000.0,30000.0
282,Wallace Pruitt,martingale,100.0,100000.0,50000.0,213,1,0.0,61600.0,61600.0,-38400.0
283,Brylee Robbins,martingale,100.0,100000.0,50000.0,141,1,0.0,58800.0,58800.0,-41200.0
284,Finnegan Collier,martingale,100.0,100000.0,50000.0,291,1,0.0,91900.0,91900.0,-8100.0
285,Ivory Fuentes,martingale,100.0,100000.0,50000.0,343,0,0.0,113600.0,113600.0,13600.0
286,Bowen McLean,martingale,100.0,100000.0,50000.0,188,2,0.0,59900.0,59900.0,-40100.0
287,Sky Todd,martingale,100.0,100000.0,50000.0,748,1,0.0,133300.0,133300.0,33300.0
288,Baylor Fields,martingale,100.0,100000.0,50000.0,378,1,0.0,98800.0,98800.0,-1200.0
289,Annie Moyer,martingale,100.0,100000.0,50000.0,545,2,0.0,105600.0,105600.0,5600.0
290,Ahmir Shelton,martingale,100.0,100000.0,50000.0,414,2,0.0,96900.0,96900.0,-3100.0
291,Makenzie Flores,martingale,100.0,100000.0,50000.0,93,1,0.0,37500.0,37500.0,-62500.0
292,Lincoln Crosby,martingale,100.0,100000.0,50000.0,223,1,0.0,49800.0,49800.0,-50200.0
293,Keily Reyna,martingale,100.0,100000.0,50000.0,543,1,0.0,103100.0,103100.0,3100.0
294,Reginald Espinosa,martingale,100.0,100000.0,50000.0,423,1,0.0,96200.0,96200.0,-3800.0
295,Braylee Hayes,martingale,100.0,100000.0,50000.0,645,2,0.0,131400.0,131400.0,31400.0
296,Legend Snyder,martingale,100.0,100000.0,50000.0,215,1,0.0,34300.0,34300.0,-65700.0
297,Callie Solis,martingale,100.0,100000.0,50000.0,752,1,0.0,136000.0,136000.0,36000.0
298,Ronin Howell,martingale,100.0,100000.0,50000.0,862,1,0.0,143500.0,143500.0,43500.0
299,Mckenna Beil,martingale,100.0,100000.0,50000.0,358,2,0.0,113900.0,113900.0,13900.0
300,Ariel Correa,martingale,100.0,100000.0,50000.0,538,1,0.0,115400.0,115400.0,15400.0
301,Valery Buchanan,martingale,100.0,100000.0,50000.0,165,1,0.0,37000.0,37000.0,-63000.0
302,Enrique Guerrero,martingale,100.0,100000.0,50000.0,607,1,0.0,122300.0,122300.0,22300.0
303,Margot Glass,martingale,100.0,100000.0,50000.0,343,1,0.0,93900.0,93900.0,-6100.0
304,Allan Horton,martingale,100.0,100000.0,50000.0,250,3,0.0,61500.0,61500.0,-38500.0
305,Aitana Flowers,martingale,100.0,100000.0,50000.0,329,1,0.0,109400.0,109400.0,9400.0
306,Saul Ramsey,martingale,100.0,100000.0,50000.0,115,1,0.0,19500.0,19500.0,-80500.0
307,Lyric Zavala,martingale,100.0,100000.0,50000.0,300,1,0.0,89700.0,89700.0,-10300.0
308,Dillon Lara,martingale,100.0,100000.0,50000.0,182,2,0.0,76300.0,76300.0,-23700.0
309,Heidi Benson,martingale,100.0,100000.0,50000.0,567,1,0.0,117800.0,117800.0,17800.0
310,Desmond Todd,martingale,100.0,100000.0,50000.0,225,1,0.0,57100.0,57100.0,-42900.0
311,Zariah Delacruz,martingale,100.0,100000.0,50000.0,440,3,0.0,109000.0,109000.0,9000.0
312,Memphis Trujillo,martingale,100.0,100000.0,50000.0,297,2,0.0,105000.0,105000.0,5000.0
313,Danielle Eaton,martingale,100.0,100000.0,50000.0,660,4,0.0,124700.0,124700.0,24700.0
314,Leighton Mathis,martingale,100.0,100000.0,50000.0,646,3,0.0,127400.0,127400.0,27400.0
315,Anne Collier,martingale,100.0,100000.0,50000.0,161,4,0.0,93300.0,93300.0,-6700.0
316,Edison Pruitt,martingale,100.0,100000.0,50000.0,572,2,0.0,125600.0,125600.0,25600.0
317,Brylee Moses,martingale,100.0,100000.0,50000.0,190,2,0.0,92600.0,92600.0,-7400.0
318,Niklaus Tyler,martingale,100.0,100000.0,50000.0,310,2,0.0,67200.0,67200.0,-32800.0
319,Helena Ellison,martingale,100.0,100000.0,50000.0,578,2,0.0,122800.0,122800.0,22800.0
320,Kye Jensen,martingale,100.0,100000.0,50000.0,410,1,0.0,117300.0,117300.0,17300.0
321,Jane Benjamin,martingale,100.0,100000.0,50000.0,643,1,0.0,129100.0,129100.0,29100.0
322,Kyro Abbott,martingale,100.0,100000.0,50000.0,316,1,0.0,73500.0,73500.0,-26500.0
323,Melany Donaldson,martingale,100.0,100000.0,50000.0,458,2,0.0,100800.0,100800.0,800.0
324,Canaan Stanley,martingale,100.0,100000.0,50000.0,564,1,0.0,124900.0,124900.0,24900.0
325,Gracelyn Berger,martingale,100.0,100000.0,50000.0,621,2,0.0,127000.0,127000.0,27000.0
326,Byron Liu,martingale,100.0,100000.0,50000.0,391,1,0.0,78300.0,78300.0,-21700.0
327,Kate Newton,martingale,100.0,100000.0,50000.0,514,1,0.0,115500.0,115500.0,15500.0
328,Santino McCann,martingale,100.0,100000.0,50000.0,663,1,0.0,118300.0,118300.0,18300.0
329,Joyce Anderson,martingale,100.0,100000.0,50000.0,480,3,0.0,99700.0,99700.0,-300.0
330,Jacob Glass,martingale,100.0,100000.0,50000.0,44,1,0.0,4700.0,4700.0,-95300.0
331,Clare Warner,martingale,100.0,100000.0,50000.0,563,3,0.0,124200.0,124200.0,24200.0
332,Jaxton Fletcher,martingale,100.0,100000.0,50000.0,491,1,0.0,112200.0,112200.0,12200.0
333,Anaya Schneider,martingale,100.0,100000.0,50000.0,402,3,0.0,117300.0,117300.0,17300.0
334,Raymond Hicks,martingale,100.0,100000.0,50000.0,381,1,0.0,95900.0,95900.0,-4100.0
335,Alina Herrera,martingale,100.0,100000.0,50000.0,179,2,0.0,84900.0,84900.0,-15100.0
336,River Torres,martingale,100.0,100000.0,50000.0,237,3,0.0,82300.0,82300.0,-17700.0
337,Violet Gill,martingale,100.0,100000.0,50000.0,621,1,0.0,128600.0,128600.0,28600.0
338,Matthias Campbell,martingale,100.0,100000.0,50000.0,553,3,0.0,123500.0,123500.0,23500.0
339,Addison Frost,martingale,100.0,100000.0,50000.0,565,1,0.0,127400.0,127400.0,27400.0
340,Dario Foley,martingale,100.0,100000.0,50000.0,147,1,0.0,28400.0,28400.0,-71600.0
341,Zaylee Daniels,martingale,100.0,100000.0,50000.0,330,1,0.0,71800.0,71800.0,-28200.0
342,Xander Rosario,martingale,100.0,100000.0,50000.0,511,1,0.0,112000.0,112000.0,12000.0
343,Louisa Ayala,martingale,100.0,100000.0,50000.0,314,3,0.0,100600.0,100600.0,600.0
344,Tanner Underwood,martingale,100.0,100000.0,50000.0,273,1,0.0,58200.0,58200.0,-41800.0
345,Ensley Melton,martingale,100.0,100000.0,50000.0,75,1,0.0,25100.0,25100.0,-74900.0
346,Lennon Espinoza,martingale,100.0,100000.0,50000.0,498,1,0.0,82900.0,82900.0,-17100.0
347,Lucille Duke,martingale,100.0,100000.0,50000.0,691,1,0.0,130300.0,130300.0,30300.0
348,Kalel Hudson,martingale,100.0,100000.0,50000.0,486,0,0.0,109900.0,109900.0,9900.0
349,Kamila Prince,martingale,100.0,100000.0,50000.0,515,2,0.0,122000.0,122000.0,22000.0
350,Aron Petersen,martingale,100.0,100000.0,50000.0,606,1,0.0,128900.0,128900.0,28900.0
351,Fernanda Jacobson,martingale,100.0,100000.0,50000.0,405,2,0.0,101900.0,101900.0,1900.0
352,Legacy Pearson,martingale,100.0,100000.0,50000.0,643,2,0.0,118700.0,118700.0,18700.0
353,Kiara Pugh,martingale,100.0,100000.0,50000.0,479,3,0.0,115900.0,115900.0,15900.0
354,Judson Ali,martingale,100.0,100000.0,50000.0,341,2,0.0,72200.0,72200.0,-27800.0
355,Zelda Adkins,martingale,100.0,100000.0,50000.0,604,2,0.0,131600.0,131600.0,31600.0
356,Kylo Turner,martingale,100.0,100000.0,50000.0,47,1,0.0,7300.0,7300.0,-92700.0
357,Brooklyn Mack,martingale,100.0,100000.0,50000.0,134,1,0.0,50000.0,50000.0,-50000.0
358,Esteban Leon,martingale,100.0,100000.0,50000.0,462,1,0.0,78000.0,78000.0,-22000.0
359,Amora Kline,martingale,100.0,100000.0,50000.0,521,3,0.0,116900.0,116900.0,16900.0
360,Ramon Moran,martingale,100.0,100000.0,50000.0,461,1,0.0,115500.0,115500.0,15500.0
361,Celeste Harmon,martingale,100.0,100000.0,50000.0,616,1,0.0,130400.0,130400.0,30400.0
362,Roberto Burgess,martingale,100.0,100000.0,50000.0,524,1,0.0,123000.0,123000.0,23000.0
363,Emory Mitchell,martingale,100.0,100000.0,50000.0,36,1,0.0,8700.0,8700.0,-91300.0
364,Jaxon Conley,martingale,100.0,100000.0,50000.0,288,1,0.0,66100.0,66100.0,-33900.0
365,Salem Hendricks,martingale,100.0,100000.0,50000.0,163,1,0.0,29500.0,29500.0,-70500.0
366,Dash Shepard,martingale,100.0,100000.0,50000.0,411,2,0.0,69100.0,69100.0,-30900.0
367,Noor Franco,martingale,100.0,100000.0,50000.0,335,1,0.0,95700.0,95700.0,-4300.0
368,Gage Malone,martingale,100.0,100000.0,50000.0,620,2,0.0,121300.0,121300.0,21300.0
369,Skyler Mayo,martingale,100.0,100000.0,50000.0,329,2,0.0,76600.0,76600.0,-23400.0
370,Jericho Kelley,martingale,100.0,100000.0,50000.0,569,1,0.0,120500.0,120500.0,20500.0
371,Rosalie McDonald,martingale,100.0,100000.0,50000.0,353,2,0.0,109000.0,109000.0,9000.0
372,Calvin Cherry,martingale,100.0,100000.0,50000.0,403,2,0.0,104600.0,104600.0,4600.0
373,Nyomi Salas,martingale,100.0,100000.0,50000.0,509,1,0.0,122200.0,122200.0,22200.0
374,Zaiden Grimes,martingale,100.0,100000.0,50000.0,450,2,0.0,107400.0,107400.0,7400.0
375,Braelyn Coleman,martingale,100.0,100000.0,50000.0,271,1,0.0,45000.0,45000.0,-55000.0
376,Micah Rose,martingale,100.0,100000.0,50000.0,368,1,0.0,56500.0,56500.0,-43500.0
377,Magnolia Ayala,martingale,100.0,100000.0,50000.0,160,1,0.0,24700.0,24700.0,-75300.0
378,Tanner Byrd,martingale,100.0,100000.0,50000.0,585,1,0.0,125800.0,125800.0,25800.0
379,Giselle Stanton,martingale,100.0,100000.0,50000.0,111,4,0.0,67400.0,67400.0,-32600.0
380,Zyair Hurst,martingale,100.0,100000.0,50000.0,633,1,0.0,124000.0,124000.0,24000.0
381,Adalee Beil,martingale,100.0,100000.0,50000.0,526,0,0.0,125700.0,125700.0,25700.0
382,Ariel Lane,martingale,100.0,100000.0,50000.0,446,3,0.0,108300.0,108300.0,8300.0
383,Amy Phelps,martingale,100.0,100000.0,50000.0,585,2,0.0,121200.0,121200.0,21200.0
384,Hamza Cuevas,martingale,100.0,100000.0,50000.0,574,2,0.0,127300.0,127300.0,27300.0
385,Adele Vincent,martingale,100.0,100000.0,50000.0,474,3,0.0,116900.0,116900.0,16900.0
386,Aarav Thornton,martingale,100.0,100000.0,50000.0,550,1,0.0,119600.0,119600.0,19600.0
387,Haisley Salazar,martingale,100.0,100000.0,50000.0,118,1,0.0,19600.0,19600.0,-80400.0
388,Brody Hodges,martingale,100.0,100000.0,50000.0,490,1,0.0,108000.0,108000.0,8000.0
389,Eve Alexander,martingale,100.0,100000.0,50000.0,329,1,0.0,93300.0,93300.0,-6700.0
390,Kingston Whitney,martingale,100.0,100000.0,50000.0,329,1,0.0,96100.0,96100.0,-3900.0
391,Madalynn Payne,martingale,100.0,100000.0,50000.0,85,1,0.0,15100.0,15100.0,-84900.0
392,Edward Bowman,martingale,100.0,100000.0,50000.0,257,1,0.0,56400.0,56400.0,-43600.0
393,Fiona Portillo,martingale,100.0,100000.0,50000.0,635,1,0.0,117100.0,117100.0,17100.0
394,Wallace Steele,martingale,100.0,100000.0,50000.0,421,1,0.0,100100.0,100100.0,100.0
395,Rylie Lucero,martingale,100.0,100000.0,50000.0,416,2,0.0,94500.0,94500.0,-5500.0
396,Felipe Gallegos,martingale,100.0,100000.0,50000.0,381,1,0.0,95100.0,95100.0,-4900.0
397,Ari Park,martingale,100.0,100000.0,50000.0,254,1,0.0,88900.0,88900.0,-11100.0
398,Daxton Johns,martingale,100.0,100000.0,50000.0,130,1,0.0,19800.0,19800.0,-80200.0
399,Giovanna Everett,martingale,100.0,100000.0,50000.0,268,1,0.0,66100.0,66100.0,-33900.0
400,Camilo Bradshaw,martingale,100.0,100000.0,50000.0,280,2,0.0,61200.0,61200.0,-38800.0
401,Berkley McCullough,martingale,100.0,100000.0,50000.0,726,1,0.0,133200.0,133200.0,33200.0
402,Briar Fernandez,martingale,100.0,100000.0,50000.0,499,1,0.0,100600.0,100600.0,600.0
403,Amara Zimmerman,martingale,100.0,100000.0,50000.0,346,1,0.0,52200.0,52200.0,-47800.0
404,Sergio Gibson,martingale,100.0,100000.0,50000.0,191,3,0.0,74400.0,74400.0,-25600.0
405,Eden Escobar,martingale,100.0,100000.0,50000.0,139,1,0.0,25300.0,25300.0,-74700.0
406,Zachariah Austin,martingale,100.0,100000.0,50000.0,607,1,0.0,127100.0,127100.0,27100.0
407,Alivia Eaton,martingale,100.0,100000.0,50000.0,586,2,0.0,126700.0,126700.0,26700.0
408,Leighton Moody,martingale,100.0,100000.0,50000.0,386,3,0.0,91900.0,91900.0,-8100.0
409,Elaine Blair,martingale,100.0,100000.0,50000.0,747,2,0.0,137100.0,137100.0,37100.0
410,Troy Esparza,martingale,100.0,100000.0,50000.0,282,1,0.0,62600.0,62600.0,-37400.0
411,Ramona Aguilar,martingale,100.0,100000.0,50000.0,316,2,0.0,91000.0,91000.0,-9000.0
412,Milo Norris,martingale,100.0,100000.0,50000.0,292,3,0.0,107800.0,107800.0,7800.0
413,Arielle Hurst,martingale,100.0,100000.0,50000.0,644,1,0.0,128100.0,128100.0,28100.0
414,Neil McCann,martingale,100.0,100000.0,50000.0,532,1,0.0,122400.0,122400.0,22400.0
415,Joyce Shah,martingale,100.0,100000.0,50000.0,513,3,0.0,119700.0,119700.0,19700.0
416,Zain Leach,martingale,100.0,100000.0,50000.0,471,1,0.0,98000.0,98000.0,-2000.0
417,Martha Delarosa,martingale,100.0,100000.0,50000.0,345,1,0.0,78200.0,78200.0,-21800.0
418,Osiris Maxwell,martingale,100.0,100000.0,50000.0,403,2,0.0,99900.0,99900.0,-100.0
419,Kyla Weber,martingale,100.0,100000.0,50000.0,306,2,0.0,70700.0,70700.0,-29300.0
420,Crew Sawyer,martingale,100.0,100000.0,50000.0,569,2,0.0,124900.0,124900.0,24900.0
421,Marina Nava,martingale,100.0,100000.0,50000.0,416,2,0.0,108000.0,108000.0,8000.0
422,Stefan Dixon,martingale,100.0,100000.0,50000.0,540,2,0.0,122200.0,122200.0,22200.0
423,Blakely Strickland,martingale,100.0,100000.0,50000.0,101,1,0.0,20600.0,20600.0,-79400.0
424,Keegan Ventura,martingale,100.0,100000.0,50000.0,346,2,0.0,72300.0,72300.0,-27700.0
425,Zora Larson,martingale,100.0,100000.0,50000.0,226,1,0.0,41700.0,41700.0,-58300.0
426,Rafael Nash,martingale,100.0,100000.0,50000.0,515,1,0.0,104300.0,104300.0,4300.0
427,Novah Roach,martingale,100.0,100000.0,50000.0,618,1,0.0,114400.0,114400.0,14400.0
428,Caspian Saunders,martingale,100.0,100000.0,50000.0,521,2,0.0,121500.0,121500.0,21500.0
429,Meadow Stephens,martingale,100.0,100000.0,50000.0,457,2,0.0,111900.0,111900.0,11900.0
430,Messiah Gentry,martingale,100.0,100000.0,50000.0,554,2,0.0,121300.0,121300.0,21300.0
431,Amelie Larsen,martingale,100.0,100000.0,50000.0,653,2,0.0,130000.0,130000.0,30000.0
432,Brycen Hardin,martingale,100.0,100000.0,50000.0,492,1,0.0,105900.0,105900.0,5900.0
433,Vada Perez,martingale,100.0,100000.0,50000.0,359,1,0.0,93600.0,93600.0,-6400.0
434,Owen Jaramillo,martingale,100.0,100000.0,50000.0,356,1,0.0,84900.0,84900.0,-15100.0
435,Guadalupe Esquivel,martingale,100.0,100000.0,50000.0,245,1,0.0,54500.0,54500.0,-45500.0
436,Bridger Smith,martingale,100.0,100000.0,50000.0,406,2,0.0,119100.0,119100.0,19100.0
437,Olivia Lucero,martingale,100.0,100000.0,50000.0,627,2,0.0,130300.0,130300.0,30300.0
438,Felipe Pierce,martingale,100.0,100000.0,50000.0,219,2,0.0,62100.0,62100.0,-37900.0
439,Arabella Sexton,martingale,100.0,100000.0,50000.0,427,2,0.0,113700.0,113700.0,13700.0
440,Mylo Willis,martingale,100.0,100000.0,50000.0,700,1,0.0,133900.0,133900.0,33900.0
441,Alexa Montes,martingale,100.0,100000.0,50000.0,631,2,0.0,131100.0,131100.0,31100.0
442,Darren Kline,martingale,100.0,100000.0,50000.0,414,1,0.0,95300.0,95300.0,-4700.0
443,Sevyn Waller,martingale,100.0,100000.0,50000.0,342,1,0.0,92500.0,92500.0,-7500.0
444,Marley Byrd,martingale,100.0,100000.0,50000.0,544,1,0.0,121800.0,121800.0,21800.0
445,Giselle Hernandez,martingale,100.0,100000.0,50000.0,432,1,0.0,100200.0,100200.0,200.0
446,Mason Baxter,martingale,100.0,100000.0,50000.0,812,1,0.0,140700.0,140700.0,40700.0
447,Lara Hill,martingale,100.0,100000.0,50000.0,560,1,0.0,127100.0,127100.0,27100.0
448,Isaac Dixon,martingale,100.0,100000.0,50000.0,832,1,0.0,138000.0,138000.0,38000.0
449,Blakely Wilcox,martingale,100.0,100000.0,50000.0,487,3,0.0,122800.0,122800.0,22800.0
450,Jerry Weaver,martingale,100.0,100000.0,50000.0,858,1,0.0,144000.0,144000.0,44000.0
451,Teagan Phillips,martingale,100.0,100000.0,50000.0,222,1,0.0,75100.0,75100.0,-24900.0
452,Andrew Graham,martingale,100.0,100000.0,50000.0,207,2,0.0,95600.0,95600.0,-4400.0
453,Alaia Tate,martingale,100.0,100000.0,50000.0,371,4,0.0,113900.0,113900.0,13900.0
454,Dalton David,martingale,100.0,100000.0,50000.0,457,3,0.0,115200.0,115200.0,15200.0
455,Haylee Ross,martingale,100.0,100000.0,50000.0,168,1,0.0,29200.0,29200.0,-70800.0
456,Wesley Dyer,martingale,100.0,100000.0,50000.0,197,1,0.0,36300.0,36300.0,-63700.0
457,Estrella Ashley,martingale,100.0,100000.0,50000.0,598,2,0.0,108100.0,108100.0,8100.0
458,Kylen Golden,martingale,100.0,100000.0,50000.0,515,3,0.0,113400.0,113400.0,13400.0
459,Giuliana Montgomery,martingale,100.0,100000.0,50000.0,568,1,0.0,112200.0,112200.0,12200.0
460,Maximiliano Pitts,martingale,100.0,100000.0,50000.0,128,1,0.0,25700.0,25700.0,-74300.0
461,Nala Ryan,martingale,100.0,100000.0,50000.0,613,3,0.0,120800.0,120800.0,20800.0
462,Timothy Faulkner,martingale,100.0,100000.0,50000.0,264,2,0.0,86900.0,86900.0,-13100.0
463,Ansley Figueroa,martingale,100.0,100000.0,50000.0,209,1,0.0,91800.0,91800.0,-8200.0
464,Spencer Patton,martingale,100.0,100000.0,50000.0,401,1,0.0,84500.0,84500.0,-15500.0
465,Lorelei Woodward,martingale,100.0,100000.0,50000.0,511,2,0.0,123300.0,123300.0,23300.0
466,Jeremias Jefferson,martingale,100.0,100000.0,50000.0,430,2,0.0,115700.0,115700.0,15700.0
467,Julieta Duran,martingale,100.0,100000.0,50000.0,483,2,0.0,117800.0,117800.0,17800.0
468,Ismael Floyd,martingale,100.0,100000.0,50000.0,474,1,0.0,123500.0,123500.0,23500.0
469,Yaretzi Carroll,martingale,100.0,100000.0,50000.0,531,4,0.0,102300.0,102300.0,2300.0
470,Oscar Correa,martingale,100.0,100000.0,50000.0,90,1,0.0,30000.0,30000.0,-70000.0
471,Valery Trevino,martingale,100.0,100000.0,50000.0,537,1,0.0,115900.0,115900.0,15900.0
472,Jaime Duke,martingale,100.0,100000.0,50000.0,709,4,0.0,130700.0,130700.0,30700.0
473,Melani Mullins,martingale,100.0,100000.0,50000.0,307,2,0.0,106700.0,106700.0,6700.0
474,Allen Norton,martingale,100.0,100000.0,50000.0,96,1,0.0,14900.0,14900.0,-85100.0
475,Kylee Merritt,martingale,100.0,100000.0,50000.0,583,1,0.0,113600.0,113600.0,13600.0
476,Colten Robertson,martingale,100.0,100000.0,50000.0,234,2,0.0,75800.0,75800.0,-24200.0
477,Harmony McGuire,martingale,100.0,100000.0,50000.0,567,1,0.0,123800.0,123800.0,23800.0
478,Casey Green,martingale,100.0,100000.0,50000.0,157,3,0.0,91000.0,91000.0,-9000.0
479,Zoe Chandler,martingale,100.0,100000.0,50000.0,358,3,0.0,115300.0,115300.0,15300.0
480,Royal Cohen,martingale,100.0,100000.0,50000.0,378,2,0.0,112300.0,112300.0,12300.0
481,Destiny Pope,martingale,100.0,100000.0,50000.0,833,2,0.0,135600.0,135600.0,35600.0
482,Gunnar Lim,martingale,100.0,100000.0,50000.0,510,1,0.0,120800.0,120800.0,20800.0
483,Giavanna Estes,martingale,100.0,100000.0,50000.0,65,1,0.0,33800.0,33800.0,-66200.0
484,Hakeem Villegas,martingale,100.0,100000.0,50000.0,537,2,0.0,121700.0,121700.0,21700.0
485,Jessie Dunlap,martingale,100.0,100000.0,50000.0,66,1,0.0,11000.0,11000.0,-89000.0
486,Aries Zuniga,martingale,100.0,100000.0,50000.0,357,3,0.0,101200.0,101200.0,1200.0
487,Leslie Peck,martingale,100.0,100000.0,50000.0,210,2,0.0,63500.0,63500.0,-36500.0
488,Yousef Snow,martingale,100.0,100000.0,50000.0,522,1,0.0,124200.0,124200.0,24200.0
489,Alexia Zimmerman,martingale,100.0,100000.0,50000.0,487,2,0.0,111600.0,111600.0,11600.0
490,Sergio Valencia,martingale,100.0,100000.0,50000.0,207,1,0.0,33500.0,33500.0,-66500.0
491,Maddison Paul,martingale,100.0,100000.0,50000.0,373,1,0.0,109400.0,109400.0,9400.0
492,Noel Flowers,martingale,100.0,100000.0,50000.0,504,1,0.0,120000.0,120000.0,20000.0
493,Ariya Pena,martingale,100.0,100000.0,50000.0,509,1,0.0,109700.0,109700.0,9700.0
494,Marcus Orr,martingale,100.0,100000.0,50000.0,645,2,0.0,128900.0,128900.0,28900.0
495,Alaiya Bean,martingale,100.0,100000.0,50000.0,297,2,0.0,70600.0,70600.0,-29400.0
496,Mccoy Preston,martingale,100.0,100000.0,50000.0,292,3,0.0,73200.0,73200.0,-26800.0
497,Indie Proctor,martingale,100.0,100000.0,50000.0,405,1,0.0,97500.0,97500.0,-2500.0
498,Vance Lyons,martingale,100.0,100000.0,50000.0,110,1,0.0,14100.0,14100.0,-85900.0
499,Kenzie Gomez,martingale,100.0,100000.0,50000.0,577,2,0.0,128600.0,128600.0,28600.0
500,Isaiah Bauer,martingale,100.0,100000.0,50000.0,507,2,0.0,121300.0,121300.0,21300.0
501,Haley Maxwell,martingale,100.0,100000.0,50000.0,598,1,0.0,124200.0,124200.0,24200.0
502,Eden Bowen,martingale,100.0,100000.0,50000.0,347,1,0.0,93300.0,93300.0,-6700.0
503,Dream Oliver,martingale,100.0,100000.0,50000.0,232,1,0.0,70100.0,70100.0,-29900.0
504,Karson Curtis,martingale,100.0,100000.0,50000.0,375,1,0.0,112300.0,112300.0,12300.0
505,Alexis Sutton,martingale,100.0,100000.0,50000.0,398,2,0.0,90900.0,90900.0,-9100.0
506,Warren Chen,martingale,100.0,100000.0,50000.0,421,1,0.0,74600.0,74600.0,-25400.0
507,Valeria Floyd,martingale,100.0,100000.0,50000.0,143,1,0.0,32700.0,32700.0,-67300.0
508,Pierce Graham,martingale,100.0,100000.0,50000.0,448,1,0.0,102400.0,102400.0,2400.0
509,Alaia Bernard,martingale,100.0,100000.0,50000.0,712,2,0.0,131700.0,131700.0,31700.0
510,Jair Erickson,martingale,100.0,100000.0,50000.0,478,3,0.0,98000.0,98000.0,-2000.0
511,Sabrina Le,martingale,100.0,100000.0,50000.0,168,1,0.0,32800.0,32800.0,-67200.0
512,Damien Macdonald,martingale,100.0,100000.0,50000.0,539,2,0.0,123300.0,123300.0,23300.0
513,Rosalia Bauer,martingale,100.0,100000.0,50000.0,484,1,0.0,116300.0,116300.0,16300.0
514,Kieran Pittman,martingale,100.0,100000.0,50000.0,472,1,0.0,116100.0,116100.0,16100.0
515,Marie Yoder,martingale,100.0,100000.0,50000.0,37,1,0.0,6500.0,6500.0,-93500.0
516,Johan Sosa,martingale,100.0,100000.0,50000.0,225,1,0.0,42600.0,42600.0,-57400.0
517,Cassandra Erickson,martingale,100.0,100000.0,50000.0,489,1,0.0,102500.0,102500.0,2500.0
518,Johnny Cortes,martingale,100.0,100000.0,50000.0,499,3,0.0,124100.0,124100.0,24100.0
519,Lea Bridges,martingale,100.0,100000.0,50000.0,528,3,0.0,120500.0,120500.0,20500.0
520,Mohammed Shah,martingale,100.0,100000.0,50000.0,524,3,0.0,125400.0,125400.0,25400.0
521,Angelica Romero,martingale,100.0,100000.0,50000.0,263,2,0.0,71900.0,71900.0,-28100.0
522,Bryson Hensley,martingale,100.0,100000.0,50000.0,522,2,0.0,120700.0,120700.0,20700.0
523,Malaya Larsen,martingale,100.0,100000.0,50000.0,350,1,0.0,87100.0,87100.0,-12900.0
524,Brycen Peralta,martingale,100.0,100000.0,50000.0,389,1,0.0,115000.0,115000.0,15000.0
525,Malayah Leal,martingale,100.0,100000.0,50000.0,466,1,0.0,114700.0,114700.0,14700.0
526,Cedric Nguyen,martingale,100.0,100000.0,50000.0,66,1,0.0,7100.0,7100.0,-92900.0
527,Nova Bryan,martingale,100.0,100000.0,50000.0,205,3,0.0,91000.0,91000.0,-9000.0
528,Jaxtyn Gilmore,martingale,100.0,100000.0,50000.0,581,1,0.0,125700.0,125700.0,25700.0
529,Chanel Figueroa,martingale,100.0,100000.0,50000.0,318,1,0.0,63900.0,63900.0,-36100.0
530,Spencer Howard,martingale,100.0,100000.0,50000.0,618,1,0.0,129900.0,129900.0,29900.0
531,Sophie Benton,martingale,100.0,100000.0,50000.0,142,2,0.0,56100.0,56100.0,-43900.0
532,Jamal Schwartz,martingale,100.0,100000.0,50000.0,94,1,0.0,25800.0,25800.0,-74200.0
533,Lilliana Stevenson,martingale,100.0,100000.0,50000.0,290,3,0.0,62800.0,62800.0,-37200.0
534,Callan Hahn,martingale,100.0,100000.0,50000.0,433,2,0.0,118800.0,118800.0,18800.0
535,Fallon Patton,martingale,100.0,100000.0,50000.0,690,2,0.0,131500.0,131500.0,31500.0
536,Moises Cohen,martingale,100.0,100000.0,50000.0,184,1,0.0,30700.0,30700.0,-69300.0
537,Destiny Buckley,martingale,100.0,100000.0,50000.0,556,1,0.0,122700.0,122700.0,22700.0
538,Aryan Case,martingale,100.0,100000.0,50000.0,275,4,0.0,84500.0,84500.0,-15500.0
539,Cleo Sims,martingale,100.0,100000.0,50000.0,626,2,0.0,131400.0,131400.0,31400.0
540,Brian Harrell,martingale,100.0,100000.0,50000.0,581,2,0.0,110400.0,110400.0,10400.0
541,Kara Williams,martingale,100.0,100000.0,50000.0,23,1,0.0,3200.0,3200.0,-96800.0
542,Oliver Mayo,martingale,100.0,100000.0,50000.0,551,1,0.0,123900.0,123900.0,23900.0
543,Aarya Boyle,martingale,100.0,100000.0,50000.0,559,1,0.0,98100.0,98100.0,-1900.0
544,Robin King,martingale,100.0,100000.0,50000.0,240,1,0.0,51400.0,51400.0,-48600.0
545,Victoria Andrews,martingale,100.0,100000.0,50000.0,397,4,0.0,102300.0,102300.0,2300.0
546,Lukas Hurst,martingale,100.0,100000.0,50000.0,275,1,0.0,60700.0,60700.0,-39300.0
547,Adalee Moses,martingale,100.0,100000.0,50000.0,614,3,0.0,130900.0,130900.0,30900.0
548,Niklaus Copeland,martingale,100.0,100000.0,50000.0,207,4,0.0,69400.0,69400.0,-30600.0
549,Dayana Jaramillo,martingale,100.0,100000.0,50000.0,622,2,0.0,123000.0,123000.0,23000.0
550,Riggs Smith,martingale,100.0,100000.0,50000.0,609,2,0.0,117500.0,117500.0,17500.0
551,Olivia Roach,martingale,100.0,100000.0,50000.0,348,1,0.0,92000.0,92000.0,-8000.0
552,Caspian Warren,martingale,100.0,100000.0,50000.0,383,4,0.0,100200.0,100200.0,200.0
553,Sloane Lucas,martingale,100.0,100000.0,50000.0,609,3,0.0,120200.0,120200.0,20200.0
554,Chance Summers,martingale,100.0,100000.0,50000.0,428,1,0.0,101900.0,101900.0,1900.0
555,Frankie Burns,martingale,100.0,100000.0,50000.0,349,2,0.0,113500.0,113500.0,13500.0
556,August Lee,martingale,100.0,100000.0,50000.0,391,1,0.0,88400.0,88400.0,-11600.0
557,Scarlett Norman,martingale,100.0,100000.0,50000.0,613,1,0.0,129200.0,129200.0,29200.0
558,Aziel Snow,martingale,100.0,100000.0,50000.0,486,2,0.0,111400.0,111400.0,11400.0
559,Alexia Castillo,martingale,100.0,100000.0,50000.0,454,2,0.0,108500.0,108500.0,8500.0
560,Kai Juarez,martingale,100.0,100000.0,50000.0,237,1,0.0,48600.0,48600.0,-51400.0
561,Juliet James,martingale,100.0,100000.0,50000.0,169,2,0.0,59200.0,59200.0,-40800.0
562,Jaxson Bishop,martingale,100.0,100000.0,50000.0,427,1,0.0,70800.0,70800.0,-29200.0
563,Brooklynn Brooks,martingale,100.0,100000.0,50000.0,471,1,0.0,112500.0,112500.0,12500.0
564,Jordan Dixon,martingale,100.0,100000.0,50000.0,433,1,0.0,81600.0,81600.0,-18400.0
565,Blakely Garrison,martingale,100.0,100000.0,50000.0,475,1,0.0,121000.0,121000.0,21000.0
566,Noe Pierce,martingale,100.0,100000.0,50000.0,545,4,0.0,106800.0,106800.0,6800.0
567,Arabella Hensley,martingale,100.0,100000.0,50000.0,614,1,0.0,121900.0,121900.0,21900.0
568,Layne Parrish,martingale,100.0,100000.0,50000.0,333,1,0.0,84500.0,84500.0,-15500.0
569,Tiana Jacobson,martingale,100.0,100000.0,50000.0,307,1,0.0,68500.0,68500.0,-31500.0
570,Legacy Willis,martingale,100.0,100000.0,50000.0,553,4,0.0,115900.0,115900.0,15900.0
571,Alexa Mora,martingale,100.0,100000.0,50000.0,470,3,0.0,101800.0,101800.0,1800.0
572,Arturo Perez,martingale,100.0,100000.0,50000.0,532,1,0.0,121700.0,121700.0,21700.0
573,Eleanor Sloan,martingale,100.0,100000.0,50000.0,323,1,0.0,98000.0,98000.0,-2000.0
574,Ocean Meza,martingale,100.0,100000.0,50000.0,607,1,0.0,130600.0,130600.0,30600.0
575,Rosa Booth,martingale,100.0,100000.0,50000.0,20,1,0.0,1100.0,1100.0,-98900.0
576,Chaim Estrada,martingale,100.0,100000.0,50000.0,44,1,0.0,4800.0,4800.0,-95200.0
577,Sawyer Curtis,martingale,100.0,100000.0,50000.0,374,2,0.0,95500.0,95500.0,-4500.0
578,Muhammad Wilkins,martingale,100.0,100000.0,50000.0,445,1,0.0,119900.0,119900.0,19900.0
579,Amalia Kaur,martingale,100.0,100000.0,50000.0,433,3,0.0,118900.0,118900.0,18900.0
580,Augustine Shah,martingale,100.0,100000.0,50000.0,227,1,0.0,68300.0,68300.0,-31700.0
581,Angelica Hale,martingale,100.0,100000.0,50000.0,332,3,0.0,82100.0,82100.0,-17900.0
582,Ezequiel Bates,martingale,100.0,100000.0,50000.0,487,2,0.0,120900.0,120900.0,20900.0
583,Madilyn Summers,martingale,100.0,100000.0,50000.0,576,2,0.0,122300.0,122300.0,22300.0
584,Darius Barron,martingale,100.0,100000.0,50000.0,228,4,0.0,66100.0,66100.0,-33900.0
585,Anya Baker,martingale,100.0,100000.0,50000.0,126,1,0.0,23000.0,23000.0,-77000.0
586,Ezra Adkins,martingale,100.0,100000.0,50000.0,47,1,0.0,5500.0,5500.0,-94500.0
587,Emelia Duncan,martingale,100.0,100000.0,50000.0,370,1,0.0,108400.0,108400.0,8400.0
588,Avery Tanner,martingale,100.0,100000.0,50000.0,409,2,0.0,101600.0,101600.0,1600.0
589,Harmoni Eaton,martingale,100.0,100000.0,50000.0,492,1,0.0,114900.0,114900.0,14900.0
590,Leighton Maldonado,martingale,100.0,100000.0,50000.0,622,1,0.0,127500.0,127500.0,27500.0
591,Elaina Hensley,martingale,100.0,100000.0,50000.0,412,3,0.0,105300.0,105300.0,5300.0
592,Layne Benjamin,martingale,100.0,100000.0,50000.0,417,2,0.0,97300.0,97300.0,-2700.0
593,Jianna Wise,martingale,100.0,100000.0,50000.0,218,3,0.0,62200.0,62200.0,-37800.0
594,Frederick Blevins,martingale,100.0,100000.0,50000.0,398,2,0.0,105900.0,105900.0,5900.0
595,Aila McKenzie,martingale,100.0,100000.0,50000.0,495,3,0.0,120900.0,120900.0,20900.0
596,Scott Knight,martingale,100.0,100000.0,50000.0,632,1,0.0,132000.0,132000.0,32000.0
597,Gracie Acevedo,martingale,100.0,100000.0,50000.0,320,1,0.0,83700.0,83700.0,-16300.0
598,Dakari Leon,martingale,100.0,100000.0,50000.0,556,1,0.0,117600.0,117600.0,17600.0
599,Amora Whitehead,martingale,100.0,100000.0,50000.0,379,1,0.0,84200.0,84200.0,-15800.0
600,Zayd Holmes,martingale,100.0,100000.0,50000.0,186,1,0.0,35300.0,35300.0,-64700.0
601,Bailey Hobbs,martingale,100.0,100000.0,50000.0,220,1,0.0,47400.0,47400.0,-52600.0
602,Brendan Floyd,martingale,100.0,100000.0,50000.0,467,1,0.0,109600.0,109600.0,9600.0
603,Yaretzi Espinoza,martingale,100.0,100000.0,50000.0,242,1,0.0,51700.0,51700.0,-48300.0
604,Dallas Rowe,martingale,100.0,100000.0,50000.0,173,2,0.0,70400.0,70400.0,-29600.0
605,Matilda Walters,martingale,100.0,100000.0,50000.0,63,1,0.0,19200.0,19200.0,-80800.0
606,Colson Bernard,martingale,100.0,100000.0,50000.0,512,1,0.0,120000.0,120000.0,20000.0
607,Barbara Le,martingale,100.0,100000.0,50000.0,386,1,0.0,106500.0,106500.0,6500.0
608,Damien Boone,martingale,100.0,100000.0,50000.0,344,1,0.0,72900.0,72900.0,-27100.0
609,Mariam Friedman,martingale,100.0,100000.0,50000.0,391,2,0.0,101400.0,101400.0,1400.0
610,Darwin Douglas,martingale,100.0,100000.0,50000.0,157,1,0.0,21100.0,21100.0,-78900.0
611,Aniyah Manning,martingale,100.0,100000.0,50000.0,191,3,0.0,65000.0,65000.0,-35000.0
612,Seth Sherman,martingale,100.0,100000.0,50000.0,555,3,0.0,120800.0,120800.0,20800.0
613,Addilyn Bush,martingale,100.0,100000.0,50000.0,386,2,0.0,111600.0,111600.0,11600.0
614,Tyson Kennedy,martingale,100.0,100000.0,50000.0,284,2,0.0,104700.0,104700.0,4700.0
615,Brianna Rodriguez,martingale,100.0,100000.0,50000.0,342,1,0.0,61200.0,61200.0,-38800.0
616,Henry Dixon,martingale,100.0,100000.0,50000.0,395,2,0.0,118300.0,118300.0,18300.0
617,Blakely Carrillo,martingale,100.0,100000.0,50000.0,383,1,0.0,101300.0,101300.0,1300.0
618,Wade Clay,martingale,100.0,100000.0,50000.0,529,3,0.0,101800.0,101800.0,1800.0
619,Aliana Page,martingale,100.0,100000.0,50000.0,564,2,0.0,127500.0,127500.0,27500.0
620,Pablo Boyd,martingale,100.0,100000.0,50000.0,664,1,0.0,128800.0,128800.0,28800.0
621,Georgia Sampson,martingale,100.0,100000.0,50000.0,10,1,0.0,0.0,0.0,-100000.0
622,Cain Garza,martingale,100.0,100000.0,50000.0,225,2,0.0,58800.0,58800.0,-41200.0
623,River Velasquez,martingale,100.0,100000.0,50000.0,297,1,0.0,87700.0,87700.0,-12300.0
624,Sullivan Rhodes,martingale,100.0,100000.0,50000.0,261,3,0.0,68700.0,68700.0,-31300.0
625,Tatum Lopez,martingale,100.0,100000.0,50000.0,258,2,0.0,76800.0,76800.0,-23200.0
626,Michael Meadows,martingale,100.0,100000.0,50000.0,410,1,0.0,100700.0,100700.0,700.0
627,Pearl Roman,martingale,100.0,100000.0,50000.0,629,1,0.0,126500.0,126500.0,26500.0
628,Kian Barnett,martingale,100.0,100000.0,50000.0,444,0,0.0,110300.0,110300.0,10300.0
629,Harlow Everett,martingale,100.0,100000.0,50000.0,132,1,0.0,22900.0,22900.0,-77100.0
630,Camilo Clements,martingale,100.0,100000.0,50000.0,256,2,0.0,84300.0,84300.0,-15700.0
631,Cara Terry,martingale,100.0,100000.0,50000.0,336,1,0.0,92500.0,92500.0,-7500.0
632,Armani Whitehead,martingale,100.0,100000.0,50000.0,359,1,0.0,95100.0,95100.0,-4900.0
633,Sylvie Rollins,martingale,100.0,100000.0,50000.0,757,2,0.0,132800.0,132800.0,32800.0
634,Wes Vasquez,martingale,100.0,100000.0,50000.0,77,1,0.0,10900.0,10900.0,-89100.0
635,Rose Church,martingale,100.0,100000.0,50000.0,584,1,0.0,125900.0,125900.0,25900.0
636,Terrance Brandt,martingale,100.0,100000.0,50000.0,401,1,0.0,76500.0,76500.0,-23500.0
637,Loretta Matthews,martingale,100.0,100000.0,50000.0,472,1,0.0,111300.0,111300.0,11300.0
638,Preston Chambers,martingale,100.0,100000.0,50000.0,506,2,0.0,105400.0,105400.0,5400.0
639,Makayla Conway,martingale,100.0,100000.0,50000.0,281,2,0.0,105300.0,105300.0,5300.0
640,Orlando Hensley,martingale,100.0,100000.0,50000.0,492,1,0.0,103800.0,103800.0,3800.0
641,Malaya Joseph,martingale,100.0,100000.0,50000.0,261,2,0.0,95200.0,95200.0,-4800.0
642,Kyle Pacheco,martingale,100.0,100000.0,50000.0,590,2,0.0,123900.0,123900.0,23900.0
643,Paris Ponce,martingale,100.0,100000.0,50000.0,344,1,0.0,63200.0,63200.0,-36800.0
644,Langston Park,martingale,100.0,100000.0,50000.0,351,2,0.0,88100.0,88100.0,-11900.0
645,Lia Callahan,martingale,100.0,100000.0,50000.0,338,4,0.0,109800.0,109800.0,9800.0
646,Quinton Bonilla,martingale,100.0,100000.0,50000.0,588,1,0.0,127900.0,127900.0,27900.0
647,Romina Tapia,martingale,100.0,100000.0,50000.0,432,1,0.0,109100.0,109100.0,9100.0
648,Samir Lester,martingale,100.0,100000.0,50000.0,67,2,0.0,60100.0,60100.0,-39900.0
649,Averi Golden,martingale,100.0,100000.0,50000.0,365,3,0.0,107500.0,107500.0,7500.0
650,Amias Compton,martingale,100.0,100000.0,50000.0,501,2,0.0,118500.0,118500.0,18500.0
651,Elina Moore,martingale,100.0,100000.0,50000.0,377,2,0.0,77300.0,77300.0,-22700.0
652,Levi Hamilton,martingale,100.0,100000.0,50000.0,508,2,0.0,120000.0,120000.0,20000.0
653,Mackenzie Gordon,martingale,100.0,100000.0,50000.0,647,1,0.0,130100.0,130100.0,30100.0
654,Karter Luna,martingale,100.0,100000.0,50000.0,457,2,0.0,112100.0,112100.0,12100.0
655,Journey Huang,martingale,100.0,100000.0,50000.0,687,2,0.0,130900.0,130900.0,30900.0
656,Ayaan Mahoney,martingale,100.0,100000.0,50000.0,707,2,0.0,132300.0,132300.0,32300.0
657,Promise Freeman,martingale,100.0,100000.0,50000.0,83,1,0.0,18100.0,18100.0,-81900.0
658,Jayce Corona,martingale,100.0,100000.0,50000.0,721,1,0.0,136600.0,136600.0,36600.0
659,Marianna Boyd,martingale,100.0,100000.0,50000.0,360,3,0.0,105200.0,105200.0,5200.0
660,Dean Zhang,martingale,100.0,100000.0,50000.0,288,1,0.0,90300.0,90300.0,-9700.0
661,Sarai Gates,martingale,100.0,100000.0,50000.0,549,1,0.0,109000.0,109000.0,9000.0
662,Ermias McDowell,martingale,100.0,100000.0,50000.0,449,2,0.0,120000.0,120000.0,20000.0
663,Rayna McCall,martingale,100.0,100000.0,50000.0,266,2,0.0,81100.0,81100.0,-18900.0
664,Kiaan Pollard,martingale,100.0,100000.0,50000.0,385,1,0.0,100100.0,100100.0,100.0
665,Marisol Boone,martingale,100.0,100000.0,50000.0,480,1,0.0,113700.0,113700.0,13700.0
666,Mauricio Travis,martingale,100.0,100000.0,50000.0,572,3,0.0,109400.0,109400.0,9400.0
667,Mazikee McConnell,martingale,100.0,100000.0,50000.0,553,1,0.0,124900.0,124900.0,24900.0
668,London Hubbard,martingale,100.0,100000.0,50000.0,377,1,0.0,113200.0,113200.0,13200.0
669,Rosie Sullivan,martingale,100.0,100000.0,50000.0,287,1,0.0,53700.0,53700.0,-46300.0
670,Evan Ball,martingale,100.0,100000.0,50000.0,483,1,0.0,120800.0,120800.0,20800.0
671,Abby Wang,martingale,100.0,100000.0,50000.0,337,2,0.0,102300.0,102300.0,2300.0
672,Cohen Stanton,martingale,100.0,100000.0,50000.0,237,2,0.0,60900.0,60900.0,-39100.0
673,Jaycee Parks,martingale,100.0,100000.0,50000.0,19,1,0.0,1100.0,1100.0,-98900.0
674,Gianni McDowell,martingale,100.0,100000.0,50000.0,409,1,0.0,84100.0,84100.0,-15900.0
675,Rayna Durham,martingale,100.0,100000.0,50000.0,558,1,0.0,121100.0,121100.0,21100.0
676,Kellen Guerrero,martingale,100.0,100000.0,50000.0,266,1,0.0,64800.0,64800.0,-35200.0
677,Margot Whitaker,martingale,100.0,100000.0,50000.0,642,1,0.0,123900.0,123900.0,23900.0
678,Keith Schmidt,martingale,100.0,100000.0,50000.0,362,2,0.0,104300.0,104300.0,4300.0
679,Kimberly Norris,martingale,100.0,100000.0,50000.0,547,1,0.0,110100.0,110100.0,10100.0
680,Cairo Ibarra,martingale,100.0,100000.0,50000.0,506,1,0.0,116900.0,116900.0,16900.0
681,Madilynn Torres,martingale,100.0,100000.0,50000.0,465,1,0.0,98700.0,98700.0,-1300.0
682,Jayden Maldonado,martingale,100.0,100000.0,50000.0,293,6,0.0,107400.0,107400.0,7400.0
683,Elaina Rocha,martingale,100.0,100000.0,50000.0,394,2,0.0,90400.0,90400.0,-9600.0
684,Onyx Rose,martingale,100.0,100000.0,50000.0,543,1,0.0,115000.0,115000.0,15000.0
685,Magnolia Carrillo,martingale,100.0,100000.0,50000.0,39,1,0.0,6000.0,6000.0,-94000.0
686,Wade Fischer,martingale,100.0,100000.0,50000.0,459,3,0.0,105500.0,105500.0,5500.0
687,Maci Rich,martingale,100.0,100000.0,50000.0,624,2,0.0,127200.0,127200.0,27200.0
688,Miller Wilcox,martingale,100.0,100000.0,50000.0,534,1,0.0,116500.0,116500.0,16500.0
689,Ashlyn Terrell,martingale,100.0,100000.0,50000.0,392,1,0.0,92700.0,92700.0,-7300.0
690,Jaxen Donovan,martingale,100.0,100000.0,50000.0,247,2,0.0,67700.0,67700.0,-32300.0
691,Azariah McKay,martingale,100.0,100000.0,50000.0,348,2,0.0,92500.0,92500.0,-7500.0
692,Joey Maynard,martingale,100.0,100000.0,50000.0,595,1,0.0,127600.0,127600.0,27600.0
693,Carolyn Stone,martingale,100.0,100000.0,50000.0,106,1,0.0,14800.0,14800.0,-85200.0
694,Finn Reese,martingale,100.0,100000.0,50000.0,280,1,0.0,63200.0,63200.0,-36800.0
695,Rosemary Dillon,martingale,100.0,100000.0,50000.0,441,1,0.0,93000.0,93000.0,-7000.0
696,Alvin Frost,martingale,100.0,100000.0,50000.0,467,3,0.0,114600.0,114600.0,14600.0
697,Paula Petersen,martingale,100.0,100000.0,50000.0,506,2,0.0,124600.0,124600.0,24600.0
698,Samson Duarte,martingale,100.0,100000.0,50000.0,419,1,0.0,112000.0,112000.0,12000.0
699,Kynlee Rivers,martingale,100.0,100000.0,50000.0,477,2,0.0,118100.0,118100.0,18100.0
700,Bear Page,martingale,100.0,100000.0,50000.0,524,1,0.0,91800.0,91800.0,-8200.0
701,Cataleya Delarosa,martingale,100.0,100000.0,50000.0,703,2,0.0,134600.0,134600.0,34600.0
702,Osiris Cabrera,martingale,100.0,100000.0,50000.0,544,1,0.0,105100.0,105100.0,5100.0
703,Daleyza Fowler,martingale,100.0,100000.0,50000.0,140,1,0.0,50000.0,50000.0,-50000.0
704,Kameron Stevens,martingale,100.0,100000.0,50000.0,387,2,0.0,100600.0,100600.0,600.0
705,Katherine Frye,martingale,100.0,100000.0,50000.0,370,3,0.0,109800.0,109800.0,9800.0
706,Franco Welch,martingale,100.0,100000.0,50000.0,665,1,0.0,119900.0,119900.0,19900.0
707,Amira Freeman,martingale,100.0,100000.0,50000.0,484,1,0.0,91600.0,91600.0,-8400.0
708,Jayce Cantrell,martingale,100.0,100000.0,50000.0,554,1,0.0,122400.0,122400.0,22400.0
709,Yamileth Alexander,martingale,100.0,100000.0,50000.0,307,2,0.0,69700.0,69700.0,-30300.0
710,Kingston Boyle,martingale,100.0,100000.0,50000.0,263,1,0.0,66000.0,66000.0,-34000.0
711,Aliya Henson,martingale,100.0,100000.0,50000.0,636,2,0.0,130000.0,130000.0,30000.0
712,Bellamy Bishop,martingale,100.0,100000.0,50000.0,312,1,0.0,57600.0,57600.0,-42400.0
713,Brooklynn Cochran,martingale,100.0,100000.0,50000.0,236,3,0.0,65900.0,65900.0,-34100.0
714,Danny Browning,martingale,100.0,100000.0,50000.0,503,1,0.0,112300.0,112300.0,12300.0
715,Princess Sanders,martingale,100.0,100000.0,50000.0,487,3,0.0,122600.0,122600.0,22600.0
716,Jose Ruiz,martingale,100.0,100000.0,50000.0,356,3,0.0,105500.0,105500.0,5500.0
717,Emery Moran,martingale,100.0,100000.0,50000.0,227,1,0.0,37800.0,37800.0,-62200.0
718,Tate Jaramillo,martingale,100.0,100000.0,50000.0,379,1,0.0,103000.0,103000.0,3000.0
719,Guadalupe Ingram,martingale,100.0,100000.0,50000.0,100,1,0.0,14500.0,14500.0,-85500.0
720,Tripp Nolan,martingale,100.0,100000.0,50000.0,300,1,0.0,105300.0,105300.0,5300.0
721,Itzayana Wilkins,martingale,100.0,100000.0,50000.0,647,2,0.0,127100.0,127100.0,27100.0
722,Yusuf Casey,martingale,100.0,100000.0,50000.0,514,2,0.0,113200.0,113200.0,13200.0
723,Sylvia Dawson,martingale,100.0,100000.0,50000.0,286,1,0.0,70300.0,70300.0,-29700.0
724,Iker Blair,martingale,100.0,100000.0,50000.0,343,1,0.0,77700.0,77700.0,-22300.0
725,Frances Delarosa,martingale,100.0,100000.0,50000.0,303,2,0.0,73800.0,73800.0,-26200.0
726,Osiris Woods,martingale,100.0,100000.0,50000.0,562,2,0.0,123700.0,123700.0,23700.0
727,Reese Jimenez,martingale,100.0,100000.0,50000.0,601,1,0.0,124700.0,124700.0,24700.0
728,Silas Parrish,martingale,100.0,100000.0,50000.0,11,1,0.0,100.0,100.0,-99900.0
729,Tiana Schaefer,martingale,100.0,100000.0,50000.0,289,2,0.0,107000.0,107000.0,7000.0
730,Ishaan Lowery,martingale,100.0,100000.0,50000.0,332,1,0.0,88300.0,88300.0,-11700.0
731,Estelle Parrish,martingale,100.0,100000.0,50000.0,593,2,0.0,109900.0,109900.0,9900.0
732,Karsyn Munoz,martingale,100.0,100000.0,50000.0,145,1,0.0,28500.0,28500.0,-71500.0
733,Kehlani Macias,martingale,100.0,100000.0,50000.0,619,1,0.0,127900.0,127900.0,27900.0
734,Moshe Bautista,martingale,100.0,100000.0,50000.0,571,2,0.0,126300.0,126300.0,26300.0
735,Antonella Duran,martingale,100.0,100000.0,50000.0,559,3,0.0,121000.0,121000.0,21000.0
736,Ismael Strong,martingale,100.0,100000.0,50000.0,313,1,0.0,100300.0,100300.0,300.0
737,Margo Acevedo,martingale,100.0,100000.0,50000.0,289,2,0.0,94400.0,94400.0,-5600.0
738,Dakari Ramsey,martingale,100.0,100000.0,50000.0,613,1,0.0,121700.0,121700.0,21700.0
739,Lyric Arnold,martingale,100.0,100000.0,50000.0,501,2,0.0,116200.0,116200.0,16200.0
740,Abraham Christian,martingale,100.0,100000.0,50000.0,189,1,0.0,29900.0,29900.0,-70100.0
741,Anahi Rodgers,martingale,100.0,100000.0,50000.0,410,1,0.0,112100.0,112100.0,12100.0
742,Mathias Hodge,martingale,100.0,100000.0,50000.0,482,1,0.0,122000.0,122000.0,22000.0
743,Coraline Skinner,martingale,100.0,100000.0,50000.0,540,3,0.0,101000.0,101000.0,1000.0
744,Ridge Goodman,martingale,100.0,100000.0,50000.0,541,2,0.0,113500.0,113500.0,13500.0
745,Carolina Esquivel,martingale,100.0,100000.0,50000.0,66,1,0.0,12600.0,12600.0,-87400.0
746,Bridger Clark,martingale,100.0,100000.0,50000.0,369,1,0.0,73800.0,73800.0,-26200.0
747,Chloe Yates,martingale,100.0,100000.0,50000.0,474,1,0.0,118900.0,118900.0,18900.0
748,Braylon Gray,martingale,100.0,100000.0,50000.0,350,1,0.0,110600.0,110600.0,10600.0
749,Sarah Murillo,martingale,100.0,100000.0,50000.0,247,1,0.0,56000.0,56000.0,-44000.0
750,Lance Krueger,martingale,100.0,100000.0,50000.0,149,1,0.0,45300.0,45300.0,-54700.0
751,Kamari Vang,martingale,100.0,100000.0,50000.0,370,1,0.0,73400.0,73400.0,-26600.0
752,Jimmy Hampton,martingale,100.0,100000.0,50000.0,435,1,0.0,78100.0,78100.0,-21900.0
753,Leona Maxwell,martingale,100.0,100000.0,50000.0,493,2,0.0,112000.0,112000.0,12000.0
754,Eden Esquivel,martingale,100.0,100000.0,50000.0,114,2,0.0,70200.0,70200.0,-29800.0
755,Jaylee Wise,martingale,100.0,100000.0,50000.0,657,1,0.0,134600.0,134600.0,34600.0
756,Frederick Bailey,martingale,100.0,100000.0,50000.0,61,1,0.0,6600.0,6600.0,-93400.0
757,Kennedy Spears,martingale,100.0,100000.0,50000.0,106,1,0.0,21800.0,21800.0,-78200.0
758,Ameer Rush,martingale,100.0,100000.0,50000.0,284,3,0.0,109200.0,109200.0,9200.0
759,Maleah Drake,martingale,100.0,100000.0,50000.0,573,1,0.0,126800.0,126800.0,26800.0
760,Jalen Schwartz,martingale,100.0,100000.0,50000.0,532,1,0.0,116700.0,116700.0,16700.0
761,Lilliana Willis,martingale,100.0,100000.0,50000.0,34,1,0.0,4000.0,4000.0,-96000.0
762,Remington Deleon,martingale,100.0,100000.0,50000.0,381,2,0.0,92700.0,92700.0,-7300.0
763,Gabrielle Walter,martingale,100.0,100000.0,50000.0,155,1,0.0,32500.0,32500.0,-67500.0
764,Lochlan Parker,martingale,100.0,100000.0,50000.0,502,1,0.0,122100.0,122100.0,22100.0
765,Aubrey Marsh,martingale,100.0,100000.0,50000.0,526,1,0.0,109800.0,109800.0,9800.0
766,Bo Clarke,martingale,100.0,100000.0,50000.0,638,2,0.0,127600.0,127600.0,27600.0
767,Kaitlyn Lynn,martingale,100.0,100000.0,50000.0,713,1,0.0,132900.0,132900.0,32900.0
768,Zechariah Perkins,martingale,100.0,100000.0,50000.0,402,2,0.0,106900.0,106900.0,6900.0
769,Sage Peck,martingale,100.0,100000.0,50000.0,556,1,0.0,123000.0,123000.0,23000.0
770,Yousef Gonzalez,martingale,100.0,100000.0,50000.0,744,4,0.0,131300.0,131300.0,31300.0
771,Abigail Martin,martingale,100.0,100000.0,50000.0,340,4,0.0,94300.0,94300.0,-5700.0
772,Mateo Lynn,martingale,100.0,100000.0,50000.0,357,1,0.0,97200.0,97200.0,-2800.0
773,Samira Avery,martingale,100.0,100000.0,50000.0,310,2,0.0,79900.0,79900.0,-20100.0
774,Jakari Carter,martingale,100.0,100000.0,50000.0,384,1,0.0,77000.0,77000.0,-23000.0
775,Lucy Noble,martingale,100.0,100000.0,50000.0,431,1,0.0,75900.0,75900.0,-24100.0
776,Idris Rice,martingale,100.0,100000.0,50000.0,671,1,0.0,126900.0,126900.0,26900.0
777,Ada Sparks,martingale,100.0,100000.0,50000.0,163,1,0.0,60500.0,60500.0,-39500.0
778,Drake Bartlett,martingale,100.0,100000.0,50000.0,549,1,0.0,115900.0,115900.0,15900.0
779,Aubrielle Stanton,martingale,100.0,100000.0,50000.0,475,2,0.0,113200.0,113200.0,13200.0
780,Zyair Lam,martingale,100.0,100000.0,50000.0,695,1,0.0,130800.0,130800.0,30800.0
781,Karina Shaw,martingale,100.0,100000.0,50000.0,381,2,0.0,92700.0,92700.0,-7300.0
782,Elliot Gray,martingale,100.0,100000.0,50000.0,24,1,0.0,4100.0,4100.0,-95900.0
783,Sarah Costa,martingale,100.0,100000.0,50000.0,209,2,0.0,72500.0,72500.0,-27500.0
784,Kenji Cole,martingale,100.0,100000.0,50000.0,428,3,0.0,100500.0,100500.0,500.0
785,Margaret Alfaro,martingale,100.0,100000.0,50000.0,528,1,0.0,123400.0,123400.0,23400.0
786,Xzavier Acosta,martingale,100.0,100000.0,50000.0,582,1,0.0,110400.0,110400.0,10400.0
787,Kaia McIntosh,martingale,100.0,100000.0,50000.0,294,1,0.0,66700.0,66700.0,-33300.0
788,Kristian Chang,martingale,100.0,100000.0,50000.0,423,2,0.0,116300.0,116300.0,16300.0
789,Ophelia Mills,martingale,100.0,100000.0,50000.0,170,1,0.0,28400.0,28400.0,-71600.0
790,Alex Kline,martingale,100.0,100000.0,50000.0,460,1,0.0,110500.0,110500.0,10500.0
791,Sevyn Clayton,martingale,100.0,100000.0,50000.0,522,1,0.0,115100.0,115100.0,15100.0
792,Boston Madden,martingale,100.0,100000.0,50000.0,258,2,0.0,61800.0,61800.0,-38200.0
793,Violette Choi,martingale,100.0,100000.0,50000.0,38,1,0.0,3400.0,3400.0,-96600.0
794,Khari Huber,martingale,100.0,100000.0,50000.0,738,1,0.0,130100.0,130100.0,30100.0
795,Raquel Bruce,martingale,100.0,100000.0,50000.0,379,2,0.0,111700.0,111700.0,11700.0
796,Uriah Torres,martingale,100.0,100000.0,50000.0,110,1,0.0,17800.0,17800.0,-82200.0
797,Violet Schmitt,martingale,100.0,100000.0,50000.0,291,1,0.0,84400.0,84400.0,-15600.0
798,Murphy McLaughlin,martingale,100.0,100000.0,50000.0,356,2,0.0,111100.0,111100.0,11100.0
799,Stephanie Barron,martingale,100.0,100000.0,50000.0,303,2,0.0,76800.0,76800.0,-23200.0
800,Dustin Guzman,martingale,100.0,100000.0,50000.0,729,1,0.0,123600.0,123600.0,23600.0
801,Ashley Valdez,martingale,100.0,100000.0,50000.0,280,3,0.0,78400.0,78400.0,-21600.0
802,Kyler Fischer,martingale,100.0,100000.0,50000.0,667,1,0.0,133000.0,133000.0,33000.0
803,Maci Peralta,martingale,100.0,100000.0,50000.0,450,1,0.0,109000.0,109000.0,9000.0
804,Dangelo Bryant,martingale,100.0,100000.0,50000.0,529,2,0.0,119600.0,119600.0,19600.0
805,Parker Nelson,martingale,100.0,100000.0,50000.0,396,1,0.0,68500.0,68500.0,-31500.0
806,Dylan Morgan,martingale,100.0,100000.0,50000.0,661,2,0.0,125900.0,125900.0,25900.0
807,Delilah Stewart,martingale,100.0,100000.0,50000.0,598,1,0.0,127200.0,127200.0,27200.0
808,Nolan Nolan,martingale,100.0,100000.0,50000.0,633,1,0.0,123200.0,123200.0,23200.0
809,Itzayana Hull,martingale,100.0,100000.0,50000.0,724,2,0.0,129400.0,129400.0,29400.0
810,Salem Harding,martingale,100.0,100000.0,50000.0,65,1,0.0,12200.0,12200.0,-87800.0
811,Aniya Bowen,martingale,100.0,100000.0,50000.0,262,1,0.0,55600.0,55600.0,-44400.0
812,Trevor Travis,martingale,100.0,100000.0,50000.0,550,2,0.0,125400.0,125400.0,25400.0
813,Mazikee Hudson,martingale,100.0,100000.0,50000.0,93,1,0.0,12800.0,12800.0,-87200.0
814,Peter McCormick,martingale,100.0,100000.0,50000.0,272,3,0.0,104300.0,104300.0,4300.0
815,Macie Sierra,martingale,100.0,100000.0,50000.0,494,1,0.0,91200.0,91200.0,-8800.0
816,Dayton Reid,martingale,100.0,100000.0,50000.0,446,1,0.0,100400.0,100400.0,400.0
817,Charlee Noble,martingale,100.0,100000.0,50000.0,377,2,0.0,81900.0,81900.0,-18100.0
818,Idris Pineda,martingale,100.0,100000.0,50000.0,462,1,0.0,119200.0,119200.0,19200.0
819,Nola Wiggins,martingale,100.0,100000.0,50000.0,193,2,0.0,59800.0,59800.0,-40200.0
820,Azariah Craig,martingale,100.0,100000.0,50000.0,699,1,0.0,126600.0,126600.0,26600.0
821,Brynn Valdez,martingale,100.0,100000.0,50000.0,282,1,0.0,80200.0,80200.0,-19800.0
822,Kyler Frye,martingale,100.0,100000.0,50000.0,577,1,0.0,128100.0,128100.0,28100.0
823,Raya Conrad,martingale,100.0,100000.0,50000.0,405,0,0.0,107400.0,107400.0,7400.0
824,Dilan Randall,martingale,100.0,100000.0,50000.0,476,2,0.0,113100.0,113100.0,13100.0
825,Christina Nash,martingale,100.0,100000.0,50000.0,259,1,0.0,69000.0,69000.0,-31000.0
826,Chandler Lin,martingale,100.0,100000.0,50000.0,648,1,0.0,121300.0,121300.0,21300.0
827,Makenna Hardy,martingale,100.0,100000.0,50000.0,429,2,0.0,113300.0,113300.0,13300.0
828,Jayceon Crawford,martingale,100.0,100000.0,50000.0,185,1,0.0,85700.0,85700.0,-14300.0
829,Aubree Walter,martingale,100.0,100000.0,50000.0,99,1,0.0,11900.0,11900.0,-88100.0
830,Lochlan Boyd,martingale,100.0,100000.0,50000.0,445,3,0.0,99800.0,99800.0,-200.0
831,Georgia Blackwell,martingale,100.0,100000.0,50000.0,538,2,0.0,125000.0,125000.0,25000.0
832,Marcellus Hurst,martingale,100.0,100000.0,50000.0,631,1,0.0,126000.0,126000.0,26000.0
833,Adalee Huffman,martingale,100.0,100000.0,50000.0,517,2,0.0,121400.0,121400.0,21400.0
834,Chris Reynolds,martingale,100.0,100000.0,50000.0,160,2,0.0,65900.0,65900.0,-34100.0
835,Isabelle Zhang,martingale,100.0,100000.0,50000.0,763,1,0.0,135200.0,135200.0,35200.0
836,Isaias Watts,martingale,100.0,100000.0,50000.0,483,0,0.0,122900.0,122900.0,22900.0
837,Melissa Wilkins,martingale,100.0,100000.0,50000.0,626,2,0.0,131100.0,131100.0,31100.0
838,Yusuf Neal,martingale,100.0,100000.0,50000.0,235,2,0.0,62900.0,62900.0,-37100.0
839,Talia Savage,martingale,100.0,100000.0,50000.0,632,1,0.0,130900.0,130900.0,30900.0
840,Keaton Myers,martingale,100.0,100000.0,50000.0,508,2,0.0,111800.0,111800.0,11800.0
841,Lydia Boyer,martingale,100.0,100000.0,50000.0,105,1,0.0,32500.0,32500.0,-67500.0
842,Zeke Blake,martingale,100.0,100000.0,50000.0,242,1,0.0,82800.0,82800.0,-17200.0
843,Amanda Gaines,martingale,100.0,100000.0,50000.0,394,1,0.0,90500.0,90500.0,-9500.0
844,Talon Owens,martingale,100.0,100000.0,50000.0,352,2,0.0,104700.0,104700.0,4700.0
845,Amaya Anderson,martingale,100.0,100000.0,50000.0,362,2,0.0,82500.0,82500.0,-17500.0
846,Jacob Adams,martingale,100.0,100000.0,50000.0,542,2,0.0,111500.0,111500.0,11500.0
847,Stella Clark,martingale,100.0,100000.0,50000.0,304,1,0.0,45200.0,45200.0,-54800.0
848,John Richards,martingale,100.0,100000.0,50000.0,311,3,0.0,90000.0,90000.0,-10000.0
849,Trinity Farmer,martingale,100.0,100000.0,50000.0,640,2,0.0,131500.0,131500.0,31500.0
850,Jamison Lamb,martingale,100.0,100000.0,50000.0,385,1,0.0,111200.0,111200.0,11200.0
851,Amaia Webb,martingale,100.0,100000.0,50000.0,527,1,0.0,87200.0,87200.0,-12800.0
852,Lorenzo Farmer,martingale,100.0,100000.0,50000.0,342,1,0.0,56900.0,56900.0,-43100.0
853,Madelynn Yu,martingale,100.0,100000.0,50000.0,609,1,0.0,128900.0,128900.0,28900.0
854,Bryant Bryant,martingale,100.0,100000.0,50000.0,256,1,0.0,51600.0,51600.0,-48400.0
855,Parker Tapia,martingale,100.0,100000.0,50000.0,428,2,0.0,96000.0,96000.0,-4000.0
856,Samir Grimes,martingale,100.0,100000.0,50000.0,438,1,0.0,114600.0,114600.0,14600.0
857,Braelyn Ware,martingale,100.0,100000.0,50000.0,421,2,0.0,117800.0,117800.0,17800.0
858,Tadeo Munoz,martingale,100.0,100000.0,50000.0,611,3,0.0,128900.0,128900.0,28900.0
859,Kehlani Brooks,martingale,100.0,100000.0,50000.0,647,1,0.0,118300.0,118300.0,18300.0
860,Jordan Roman,martingale,100.0,100000.0,50000.0,707,1,0.0,135100.0,135100.0,35100.0
861,Astrid Dougherty,martingale,100.0,100000.0,50000.0,243,3,0.0,69500.0,69500.0,-30500.0
862,Brett McCann,martingale,100.0,100000.0,50000.0,300,1,0.0,95700.0,95700.0,-4300.0
863,Joyce Logan,martingale,100.0,100000.0,50000.0,133,1,0.0,33700.0,33700.0,-66300.0
864,Rocco Lane,martingale,100.0,100000.0,50000.0,407,1,0.0,115300.0,115300.0,15300.0
865,Amy Schmidt,martingale,100.0,100000.0,50000.0,403,1,0.0,118100.0,118100.0,18100.0
866,Zayden Ruiz,martingale,100.0,100000.0,50000.0,505,2,0.0,125200.0,125200.0,25200.0
867,Emery Thornton,martingale,100.0,100000.0,50000.0,202,1,0.0,38400.0,38400.0,-61600.0
868,Malik Lloyd,martingale,100.0,100000.0,50000.0,611,3,0.0,128100.0,128100.0,28100.0
869,Emely Singh,martingale,100.0,100000.0,50000.0,254,1,0.0,61400.0,61400.0,-38600.0
870,Louis Perez,martingale,100.0,100000.0,50000.0,608,3,0.0,130100.0,130100.0,30100.0
871,Eleanor Rasmussen,martingale,100.0,100000.0,50000.0,174,1,0.0,27400.0,27400.0,-72600.0
872,Will Gordon,martingale,100.0,100000.0,50000.0,754,1,0.0,139000.0,139000.0,39000.0
873,Taylor Rasmussen,martingale,100.0,100000.0,50000.0,212,2,0.0,59200.0,59200.0,-40800.0
874,Will Jennings,martingale,100.0,100000.0,50000.0,66,1,0.0,22000.0,22000.0,-78000.0
875,Palmer Snyder,martingale,100.0,100000.0,50000.0,196,2,0.0,60800.0,60800.0,-39200.0
876,Thiago Becker,martingale,100.0,100000.0,50000.0,325,2,0.0,73000.0,73000.0,-27000.0
877,Laura Bender,martingale,100.0,100000.0,50000.0,293,1,0.0,95900.0,95900.0,-4100.0
878,Zavier Erickson,martingale,100.0,100000.0,50000.0,763,3,0.0,138900.0,138900.0,38900.0
879,Sabrina Fry,martingale,100.0,100000.0,50000.0,360,1,0.0,72500.0,72500.0,-27500.0
880,Jacoby Moody,martingale,100.0,100000.0,50000.0,505,1,0.0,101600.0,101600.0,1600.0
881,Elaine Skinner,martingale,100.0,100000.0,50000.0,553,0,0.0,127900.0,127900.0,27900.0
882,Ridge Casey,martingale,100.0,100000.0,50000.0,452,4,0.0,74600.0,74600.0,-25400.0
883,Sylvia Wells,martingale,100.0,100000.0,50000.0,762,1,0.0,137400.0,137400.0,37400.0
884,Max Houston,martingale,100.0,100000.0,50000.0,332,1,0.0,79200.0,79200.0,-20800.0
885,Lylah Serrano,martingale,100.0,100000.0,50000.0,83,1,0.0,21700.0,21700.0,-78300.0
886,Milan Beltran,martingale,100.0,100000.0,50000.0,386,1,0.0,103300.0,103300.0,3300.0
887,Kaydence Escobar,martingale,100.0,100000.0,50000.0,433,1,0.0,80400.0,80400.0,-19600.0
888,Zachariah Sanders,martingale,100.0,100000.0,50000.0,415,3,0.0,113600.0,113600.0,13600.0
889,Everleigh Barker,martingale,100.0,100000.0,50000.0,245,3,0.0,69400.0,69400.0,-30600.0
890,Kade Christian,martingale,100.0,100000.0,50000.0,384,1,0.0,92900.0,92900.0,-7100.0
891,Anahi Kane,martingale,100.0,100000.0,50000.0,580,1,0.0,117000.0,117000.0,17000.0
892,Brock Villegas,martingale,100.0,100000.0,50000.0,273,2,0.0,88800.0,88800.0,-11200.0
893,Jessie McCullough,martingale,100.0,100000.0,50000.0,744,2,0.0,133700.0,133700.0,33700.0
894,Briar Warner,martingale,100.0,100000.0,50000.0,631,2,0.0,129200.0,129200.0,29200.0
895,Wynter Jacobs,martingale,100.0,100000.0,50000.0,412,1,0.0,84500.0,84500.0,-15500.0
896,Bryan Ibarra,martingale,100.0,100000.0,50000.0,567,1,0.0,108800.0,108800.0,8800.0
897,Madilynn Portillo,martingale,100.0,100000.0,50000.0,269,1,0.0,77100.0,77100.0,-22900.0
898,Wallace McDowell,martingale,100.0,100000.0,50000.0,489,2,0.0,123100.0,123100.0,23100.0
899,Rayna Gordon,martingale,100.0,100000.0,50000.0,710,4,0.0,133400.0,133400.0,33400.0
900,Karter Holland,martingale,100.0,100000.0,50000.0,167,2,0.0,55600.0,55600.0,-44400.0
901,Mariah O’Neal,martingale,100.0,100000.0,50000.0,174,1,0.0,23700.0,23700.0,-76300.0
902,Eddie Khan,martingale,100.0,100000.0,50000.0,291,1,0.0,78300.0,78300.0,-21700.0
903,Mabel Lozano,martingale,100.0,100000.0,50000.0,470,1,0.0,98900.0,98900.0,-1100.0
904,Boone Molina,martingale,100.0,100000.0,50000.0,483,1,0.0,118200.0,118200.0,18200.0
905,Alexandria Simpson,martingale,100.0,100000.0,50000.0,505,1,0.0,116500.0,116500.0,16500.0
906,Elliott McKinney,martingale,100.0,100000.0,50000.0,35,1,0.0,9800.0,9800.0,-90200.0
907,Gwendolyn Lozano,martingale,100.0,100000.0,50000.0,632,1,0.0,124300.0,124300.0,24300.0
908,Boone Rollins,martingale,100.0,100000.0,50000.0,510,2,0.0,118500.0,118500.0,18500.0
909,Araceli Schmitt,martingale,100.0,100000.0,50000.0,473,2,0.0,101700.0,101700.0,1700.0
910,Murphy Roach,martingale,100.0,100000.0,50000.0,335,2,0.0,99500.0,99500.0,-500.0
911,Lyanna Fields,martingale,100.0,100000.0,50000.0,682,1,0.0,132700.0,132700.0,32700.0
912,Clayton Suarez,martingale,100.0,100000.0,50000.0,729,1,0.0,125900.0,125900.0,25900.0
913,Jimena Zavala,martingale,100.0,100000.0,50000.0,724,1,0.0,132700.0,132700.0,32700.0
914,Dillon Aguilar,martingale,100.0,100000.0,50000.0,765,1,0.0,125700.0,125700.0,25700.0
915,Josie Jennings,martingale,100.0,100000.0,50000.0,470,3,0.0,98900.0,98900.0,-1100.0
916,Corbin Foster,martingale,100.0,100000.0,50000.0,357,4,0.0,104800.0,104800.0,4800.0
917,Brielle Dudley,martingale,100.0,100000.0,50000.0,578,2,0.0,106200.0,106200.0,6200.0
918,Colter Graham,martingale,100.0,100000.0,50000.0,524,1,0.0,99600.0,99600.0,-400.0
919,Alaia Golden,martingale,100.0,100000.0,50000.0,485,1,0.0,100500.0,100500.0,500.0
920,Amias Payne,martingale,100.0,100000.0,50000.0,451,3,0.0,118900.0,118900.0,18900.0
921,London Browning,martingale,100.0,100000.0,50000.0,333,2,0.0,109900.0,109900.0,9900.0
922,Rohan Moore,martingale,100.0,100000.0,50000.0,431,1,0.0,102400.0,102400.0,2400.0
923,Emily Banks,martingale,100.0,100000.0,50000.0,497,1,0.0,118400.0,118400.0,18400.0
924,Martin Powers,martingale,100.0,100000.0,50000.0,483,1,0.0,111900.0,111900.0,11900.0
925,Michelle O’Neill,martingale,100.0,100000.0,50000.0,525,3,0.0,123300.0,123300.0,23300.0
926,Marcel Fuller,martingale,100.0,100000.0,50000.0,472,2,0.0,116600.0,116600.0,16600.0
927,Oakley Gray,martingale,100.0,100000.0,50000.0,548,3,0.0,123300.0,123300.0,23300.0
928,Nicholas Woods,martingale,100.0,100000.0,50000.0,91,1,0.0,13800.0,13800.0,-86200.0
929,Reese Hahn,martingale,100.0,100000.0,50000.0,345,2,0.0,75100.0,75100.0,-24900.0
930,Kabir McCullough,martingale,100.0,100000.0,50000.0,648,0,0.0,124800.0,124800.0,24800.0
931,Hana Conway,martingale,100.0,100000.0,50000.0,541,1,0.0,113600.0,113600.0,13600.0
932,Orlando Zavala,martingale,100.0,100000.0,50000.0,475,1,0.0,100900.0,100900.0,900.0
933,Liv Gilmore,martingale,100.0,100000.0,50000.0,629,0,0.0,129300.0,129300.0,29300.0
934,Vihaan Daugherty,martingale,100.0,100000.0,50000.0,459,2,0.0,118100.0,118100.0,18100.0
935,Magdalena Jefferson,martingale,100.0,100000.0,50000.0,324,2,0.0,73000.0,73000.0,-27000.0
936,Raylan Keith,martingale,100.0,100000.0,50000.0,387,1,0.0,76300.0,76300.0,-23700.0
937,Elyse Mann,martingale,100.0,100000.0,50000.0,613,1,0.0,127600.0,127600.0,27600.0
938,Nehemiah Estrada,martingale,100.0,100000.0,50000.0,545,1,0.0,125000.0,125000.0,25000.0
939,Sawyer Simpson,martingale,100.0,100000.0,50000.0,593,2,0.0,128500.0,128500.0,28500.0
940,Elliott Harmon,martingale,100.0,100000.0,50000.0,301,1,0.0,107700.0,107700.0,7700.0
941,Maren Winters,martingale,100.0,100000.0,50000.0,380,1,0.0,97200.0,97200.0,-2800.0
942,Deandre Sampson,martingale,100.0,100000.0,50000.0,622,1,0.0,129900.0,129900.0,29900.0
943,Meilani Mack,martingale,100.0,100000.0,50000.0,656,1,0.0,120500.0,120500.0,20500.0
944,Esteban Klein,martingale,100.0,100000.0,50000.0,318,2,0.0,70400.0,70400.0,-29600.0
945,Elianna Anthony,martingale,100.0,100000.0,50000.0,136,1,0.0,40000.0,40000.0,-60000.0
946,Shiloh Knox,martingale,100.0,100000.0,50000.0,94,1,0.0,14900.0,14900.0,-85100.0
947,Kallie McIntyre,martingale,100.0,100000.0,50000.0,498,1,0.0,112000.0,112000.0,12000.0
948,Eliseo Hopkins,martingale,100.0,100000.0,50000.0,494,2,0.0,107000.0,107000.0,7000.0
949,Gabriela Hunter,martingale,100.0,100000.0,50000.0,601,1,0.0,118700.0,118700.0,18700.0
950,Archer Bullock,martingale,100.0,100000.0,50000.0,653,0,0.0,127700.0,127700.0,27700.0
951,Winnie Briggs,martingale,100.0,100000.0,50000.0,306,2,0.0,98800.0,98800.0,-1200.0
952,Case Huff,martingale,100.0,100000.0,50000.0,617,1,0.0,130300.0,130300.0,30300.0
953,Karsyn Copeland,martingale,100.0,100000.0,50000.0,716,2,0.0,131700.0,131700.0,31700.0
954,Axton Richards,martingale,100.0,100000.0,50000.0,582,1,0.0,108800.0,108800.0,8800.0
955,Trinity Dillon,martingale,100.0,100000.0,50000.0,383,2,0.0,92800.0,92800.0,-7200.0
956,Alvin Sierra,martingale,100.0,100000.0,50000.0,388,4,0.0,113600.0,113600.0,13600.0
957,Marceline Johnson,martingale,100.0,100000.0,50000.0,477,2,0.0,117700.0,117700.0,17700.0
958,Noah Quinn,martingale,100.0,100000.0,50000.0,450,1,0.0,114300.0,114300.0,14300.0
959,Heaven Morris,martingale,100.0,100000.0,50000.0,325,1,0.0,66700.0,66700.0,-33300.0
960,Christian Gould,martingale,100.0,100000.0,50000.0,126,1,0.0,28400.0,28400.0,-71600.0
961,Violeta Magana,martingale,100.0,100000.0,50000.0,667,1,0.0,131900.0,131900.0,31900.0
962,Rey Enriquez,martingale,100.0,100000.0,50000.0,311,1,0.0,67700.0,67700.0,-32300.0
963,Nellie Jensen,martingale,100.0,100000.0,50000.0,339,1,0.0,71200.0,71200.0,-28800.0
964,Cash Simpson,martingale,100.0,100000.0,50000.0,557,1,0.0,118000.0,118000.0,18000.0
965,Anastasia Mathis,martingale,100.0,100000.0,50000.0,352,1,0.0,104100.0,104100.0,4100.0
966,Gustavo Hanna,martingale,100.0,100000.0,50000.0,632,2,0.0,120100.0,120100.0,20100.0
967,Cynthia Bauer,martingale,100.0,100000.0,50000.0,300,2,0.0,97300.0,97300.0,-2700.0
968,Kieran Lynch,martingale,100.0,100000.0,50000.0,564,1,0.0,115500.0,115500.0,15500.0
969,Malia Tran,martingale,100.0,100000.0,50000.0,646,2,0.0,132200.0,132200.0,32200.0
970,Braxton Vargas,martingale,100.0,100000.0,50000.0,708,2,0.0,134000.0,134000.0,34000.0
971,Andrea Strong,martingale,100.0,100000.0,50000.0,48,1,0.0,5700.0,5700.0,-94300.0
972,Axl Poole,martingale,100.0,100000.0,50000.0,350,1,0.0,116200.0,116200.0,16200.0
973,Bonnie Drake,martingale,100.0,100000.0,50000.0,288,2,0.0,82200.0,82200.0,-17800.0
974,Jalen Frazier,martingale,100.0,100000.0,50000.0,222,1,0.0,41100.0,41100.0,-58900.0
975,Octavia Ayers,martingale,100.0,100000.0,50000.0,351,2,0.0,106600.0,106600.0,6600.0
976,Ulises Colon,martingale,100.0,100000.0,50000.0,300,1,0.0,44800.0,44800.0,-55200.0
977,Remy Cline,martingale,100.0,100000.0,50000.0,413,1,0.0,77500.0,77500.0,-22500.0
978,Cullen Carpenter,martingale,100.0,100000.0,50000.0,432,3,0.0,120600.0,120600.0,20600.0
979,Lilly Skinner,martingale,100.0,100000.0,50000.0,578,3,0.0,125100.0,125100.0,25100.0
980,Ridge Luna,martingale,100.0,100000.0,50000.0,571,1,0.0,117800.0,117800.0,17800.0
981,Journey Hutchinson,martingale,100.0,100000.0,50000.0,188,1,0.0,30600.0,30600.0,-69400.0
982,Korbin Knox,martingale,100.0,100000.0,50000.0,421,2,0.0,72000.0,72000.0,-28000.0
983,Kallie Houston,martingale,100.0,100000.0,50000.0,373,1,0.0,106100.0,106100.0,6100.0
984,Sylas Montoya,martingale,100.0,100000.0,50000.0,27,1,0.0,2800.0,2800.0,-97200.0
985,Kamryn Griffin,martingale,100.0,100000.0,50000.0,442,1,0.0,93600.0,93600.0,-6400.0
986,Ayden Lynn,martingale,100.0,100000.0,50000.0,574,1,0.0,129400.0,129400.0,29400.0
987,Samira Weiss,martingale,100.0,100000.0,50000.0,159,1,0.0,27500.0,27500.0,-72500.0
988,Koa Reid,martingale,100.0,100000.0,50000.0,417,1,0.0,87800.0,87800.0,-12200.0
989,Charlee Kelley,martingale,100.0,100000.0,50000.0,441,1,0.0,101700.0,101700.0,1700.0
990,Eric Dougherty,martingale,100.0,100000.0,50000.0,355,2,0.0,104700.0,104700.0,4700.0
991,Alisson Benjamin,martingale,100.0,100000.0,50000.0,382,1,0.0,62200.0,62200.0,-37800.0
992,Kyro Mosley,martingale,100.0,100000.0,50000.0,422,1,0.0,109600.0,109600.0,9600.0
993,Zaniyah Hurst,martingale,100.0,100000.0,50000.0,15,1,0.0,600.0,600.0,-99400.0
994,Neil Rosales,martingale,100.0,100000.0,50000.0,97,1,0.0,39500.0,39500.0,-60500.0
995,Kinley Buckley,martingale,100.0,100000.0,50000.0,708,1,0.0,128900.0,128900.0,28900.0
996,Aryan Weaver,martingale,100.0,100000.0,50000.0,347,1,0.0,71700.0,71700.0,-28300.0
997,Teagan Flynn,martingale,100.0,100000.0,50000.0,694,1,0.0,132900.0,132900.0,32900.0
998,Kannon Fernandez,martingale,100.0,100000.0,50000.0,520,1,0.0,101200.0,101200.0,1200.0
999,Amara Chen,martingale,100.0,100000.0,50000.0,283,1,0.0,87600.0,87600.0,-12400.0
1000,Emmanuel Faulkner,martingale,100.0,100000.0,50000.0,357,3,0.0,108000.0,108000.0,8000.0
1001,Lilian Conrad,martingale,100.0,100000.0,50000.0,381,2,0.0,104100.0,104100.0,4100.0
1002,Dilan Moreno,martingale,100.0,100000.0,50000.0,262,1,0.0,92100.0,92100.0,-7900.0
1003,Mary Hebert,martingale,100.0,100000.0,50000.0,545,1,0.0,111600.0,111600.0,11600.0
1004,Guillermo McPherson,martingale,100.0,100000.0,50000.0,92,1,0.0,18900.0,18900.0,-81100.0
1005,Emmaline Wyatt,martingale,100.0,100000.0,50000.0,340,2,0.0,101600.0,101600.0,1600.0
1006,Sam Kennedy,martingale,100.0,100000.0,50000.0,561,2,0.0,120000.0,120000.0,20000.0
1007,Brianna Montoya,martingale,100.0,100000.0,50000.0,458,1,0.0,116900.0,116900.0,16900.0
1008,Ford Le,martingale,100.0,100000.0,50000.0,223,1,0.0,37700.0,37700.0,-62300.0
1009,Myla Kennedy,martingale,100.0,100000.0,50000.0,674,1,0.0,115800.0,115800.0,15800.0
1010,Maxwell Lane,martingale,100.0,100000.0,50000.0,82,1,0.0,10700.0,10700.0,-89300.0
1011,Amy Shepard,martingale,100.0,100000.0,50000.0,508,3,0.0,114200.0,114200.0,14200.0
1012,Damari Medrano,martingale,100.0,100000.0,50000.0,316,2,0.0,100700.0,100700.0,700.0
1013,Halle Dyer,martingale,100.0,100000.0,50000.0,296,2,0.0,68300.0,68300.0,-31700.0
1014,Atreus Lowery,martingale,100.0,100000.0,50000.0,691,2,0.0,132700.0,132700.0,32700.0
1015,Estelle Harrison,martingale,100.0,100000.0,50000.0,348,2,0.0,109300.0,109300.0,9300.0
1016,Gavin Dominguez,martingale,100.0,100000.0,50000.0,514,1,0.0,123700.0,123700.0,23700.0
1017,Raegan Erickson,martingale,100.0,100000.0,50000.0,357,1,0.0,62800.0,62800.0,-37200.0
1018,Johnny Daniel,martingale,100.0,100000.0,50000.0,414,3,0.0,109500.0,109500.0,9500.0
1019,Joy Barron,martingale,100.0,100000.0,50000.0,304,2,0.0,105200.0,105200.0,5200.0
1020,Dustin Franco,martingale,100.0,100000.0,50000.0,546,2,0.0,125700.0,125700.0,25700.0
1021,Charleigh Valenzuela,martingale,100.0,100000.0,50000.0,438,2,0.0,117700.0,117700.0,17700.0
1022,Jamari Pollard,martingale,100.0,100000.0,50000.0,295,2,0.0,65500.0,65500.0,-34500.0
1023,Marisol Dominguez,martingale,100.0,100000.0,50000.0,532,2,0.0,124000.0,124000.0,24000.0
1024,Kaden Flynn,martingale,100.0,100000.0,50000.0,88,1,0.0,9500.0,9500.0,-90500.0
1025,Dorothy Barber,martingale,100.0,100000.0,50000.0,458,3,0.0,116700.0,116700.0,16700.0
1026,Solomon Andrews,martingale,100.0,100000.0,50000.0,323,1,0.0,94200.0,94200.0,-5800.0
1027,Payton Harmon,martingale,100.0,100000.0,50000.0,408,1,0.0,67400.0,67400.0,-32600.0
1028,Roberto Lester,martingale,100.0,100000.0,50000.0,292,3,0.0,79500.0,79500.0,-20500.0
1029,Averi Robles,martingale,100.0,100000.0,50000.0,421,1,0.0,95100.0,95100.0,-4900.0
1030,Otto Daniel,martingale,100.0,100000.0,50000.0,40,1,0.0,3400.0,3400.0,-96600.0
1031,Joy Trevino,martingale,100.0,100000.0,50000.0,203,2,0.0,96900.0,96900.0,-3100.0
1032,Jaime Freeman,martingale,100.0,100000.0,50000.0,201,1,0.0,50400.0,50400.0,-49600.0
1033,Norah Salinas,martingale,100.0,100000.0,50000.0,452,1,0.0,88900.0,88900.0,-11100.0
1034,Edgar Patton,martingale,100.0,100000.0,50000.0,463,2,0.0,118500.0,118500.0,18500.0
1035,Lorelei Esquivel,martingale,100.0,100000.0,50000.0,439,0,0.0,118600.0,118600.0,18600.0
1036,Bridger Zhang,martingale,100.0,100000.0,50000.0,302,3,0.0,70800.0,70800.0,-29200.0
1037,Sarai Pittman,martingale,100.0,100000.0,50000.0,589,2,0.0,123600.0,123600.0,23600.0
1038,Valentino Gill,martingale,100.0,100000.0,50000.0,809,1,0.0,141900.0,141900.0,41900.0
1039,Jordan Hanna,martingale,100.0,100000.0,50000.0,294,1,0.0,97500.0,97500.0,-2500.0
1040,Aydin Townsend,martingale,100.0,100000.0,50000.0,608,1,0.0,125400.0,125400.0,25400.0
1041,Azalea Butler,martingale,100.0,100000.0,50000.0,213,3,0.0,79100.0,79100.0,-20900.0
1042,Ryder Herman,martingale,100.0,100000.0,50000.0,526,1,0.0,94000.0,94000.0,-6000.0
1043,Paulina Nunez,martingale,100.0,100000.0,50000.0,700,1,0.0,133700.0,133700.0,33700.0
1044,Caden West,martingale,100.0,100000.0,50000.0,366,3,0.0,68300.0,68300.0,-31700.0
1045,Remi Yang,martingale,100.0,100000.0,50000.0,50,1,0.0,6500.0,6500.0,-93500.0
1046,Malcolm Norton,martingale,100.0,100000.0,50000.0,403,2,0.0,117400.0,117400.0,17400.0
1047,Kylee Schmitt,martingale,100.0,100000.0,50000.0,377,2,0.0,115000.0,115000.0,15000.0
1048,Murphy Brewer,martingale,100.0,100000.0,50000.0,221,2,0.0,88800.0,88800.0,-11200.0
1049,Thea Curtis,martingale,100.0,100000.0,50000.0,333,1,0.0,107100.0,107100.0,7100.0
1050,Muhammad Sparks,martingale,100.0,100000.0,50000.0,609,2,0.0,127400.0,127400.0,27400.0
1051,Aisha O’Neal,martingale,100.0,100000.0,50000.0,454,1,0.0,116700.0,116700.0,16700.0
1052,Eddie Johnson,martingale,100.0,100000.0,50000.0,499,2,0.0,110700.0,110700.0,10700.0
1053,Emma Brady,martingale,100.0,100000.0,50000.0,492,1,0.0,95000.0,95000.0,-5000.0
1054,Reed Sanchez,martingale,100.0,100000.0,50000.0,370,1,0.0,89000.0,89000.0,-11000.0
1055,Aria Cisneros,martingale,100.0,100000.0,50000.0,150,2,0.0,77000.0,77000.0,-23000.0
1056,Alden Cummings,martingale,100.0,100000.0,50000.0,478,2,0.0,107800.0,107800.0,7800.0
1057,Nylah Vo,martingale,100.0,100000.0,50000.0,264,1,0.0,90600.0,90600.0,-9400.0
1058,Gordon Gill,martingale,100.0,100000.0,50000.0,430,3,0.0,110800.0,110800.0,10800.0
1059,Jordan Dougherty,martingale,100.0,100000.0,50000.0,537,2,0.0,113500.0,113500.0,13500.0
1060,Brett Aguilar,martingale,100.0,100000.0,50000.0,587,1,0.0,127600.0,127600.0,27600.0
1061,Josie Shields,martingale,100.0,100000.0,50000.0,588,2,0.0,128000.0,128000.0,28000.0
1062,Devon Molina,martingale,100.0,100000.0,50000.0,612,2,0.0,126600.0,126600.0,26600.0
1063,Alexandria Dunn,martingale,100.0,100000.0,50000.0,572,1,0.0,121300.0,121300.0,21300.0
1064,Dawson Scott,martingale,100.0,100000.0,50000.0,500,3,0.0,117100.0,117100.0,17100.0
1065,Aurora Hull,martingale,100.0,100000.0,50000.0,79,1,0.0,23700.0,23700.0,-76300.0
1066,Salem Bernal,martingale,100.0,100000.0,50000.0,363,4,0.0,94000.0,94000.0,-6000.0
1067,Emmeline Gilbert,martingale,100.0,100000.0,50000.0,207,1,0.0,61000.0,61000.0,-39000.0
1068,Tobias Randall,martingale,100.0,100000.0,50000.0,274,1,0.0,63000.0,63000.0,-37000.0
1069,Christina Buchanan,martingale,100.0,100000.0,50000.0,628,2,0.0,129200.0,129200.0,29200.0
1070,Enrique Johnson,martingale,100.0,100000.0,50000.0,462,2,0.0,116300.0,116300.0,16300.0
1071,Emma Morris,martingale,100.0,100000.0,50000.0,323,2,0.0,77800.0,77800.0,-22200.0
1072,Christian Cherry,martingale,100.0,100000.0,50000.0,568,1,0.0,101200.0,101200.0,1200.0
1073,Nyomi Campos,martingale,100.0,100000.0,50000.0,249,1,0.0,70400.0,70400.0,-29600.0
1074,Gideon Huber,martingale,100.0,100000.0,50000.0,137,1,0.0,23700.0,23700.0,-76300.0
1075,Raquel Fitzpatrick,martingale,100.0,100000.0,50000.0,663,1,0.0,131500.0,131500.0,31500.0
1076,Blaze Hardy,martingale,100.0,100000.0,50000.0,599,3,0.0,123300.0,123300.0,23300.0
1077,Jessica Berger,martingale,100.0,100000.0,50000.0,313,1,0.0,80800.0,80800.0,-19200.0
1078,Byron Nicholson,martingale,100.0,100000.0,50000.0,397,1,0.0,93900.0,93900.0,-6100.0
1079,Justice Morrison,martingale,100.0,100000.0,50000.0,397,1,0.0,103700.0,103700.0,3700.0
1080,Maximus Roman,martingale,100.0,100000.0,50000.0,226,1,0.0,48300.0,48300.0,-51700.0
1081,Astrid Trujillo,martingale,100.0,100000.0,50000.0,230,1,0.0,45200.0,45200.0,-54800.0
1082,Apollo McLaughlin,martingale,100.0,100000.0,50000.0,696,1,0.0,131800.0,131800.0,31800.0
1083,Stephanie Preston,martingale,100.0,100000.0,50000.0,601,1,0.0,126000.0,126000.0,26000.0
1084,Vincenzo Vazquez,martingale,100.0,100000.0,50000.0,14,1,0.0,800.0,800.0,-99200.0
1085,Journee Bryan,martingale,100.0,100000.0,50000.0,649,2,0.0,132200.0,132200.0,32200.0
1086,Jaxtyn Wolf,martingale,100.0,100000.0,50000.0,462,1,0.0,80900.0,80900.0,-19100.0
1087,Jolene Elliott,martingale,100.0,100000.0,50000.0,258,2,0.0,99000.0,99000.0,-1000.0
1088,Blake Freeman,martingale,100.0,100000.0,50000.0,340,2,0.0,67100.0,67100.0,-32900.0
1089,Norah Cervantes,martingale,100.0,100000.0,50000.0,337,1,0.0,79300.0,79300.0,-20700.0
1090,Kamari Mays,martingale,100.0,100000.0,50000.0,523,1,0.0,123600.0,123600.0,23600.0
1091,Denisse Huang,martingale,100.0,100000.0,50000.0,414,2,0.0,86300.0,86300.0,-13700.0
1092,Ayaan Riley,martingale,100.0,100000.0,50000.0,378,3,0.0,112300.0,112300.0,12300.0
1093,Kayla Khan,martingale,100.0,100000.0,50000.0,564,1,0.0,123600.0,123600.0,23600.0
1094,Kendrick Galindo,martingale,100.0,100000.0,50000.0,646,1,0.0,126800.0,126800.0,26800.0
1095,Corinne Mata,martingale,100.0,100000.0,50000.0,205,4,0.0,66800.0,66800.0,-33200.0
1096,Ray Holmes,martingale,100.0,100000.0,50000.0,761,2,0.0,135900.0,135900.0,35900.0
1097,Bailey McCarty,martingale,100.0,100000.0,50000.0,331,2,0.0,97900.0,97900.0,-2100.0
1098,Blaise Austin,martingale,100.0,100000.0,50000.0,394,1,0.0,109500.0,109500.0,9500.0
1099,Alivia Rivas,martingale,100.0,100000.0,50000.0,415,1,0.0,98200.0,98200.0,-1800.0
1100,Damon Everett,martingale,100.0,100000.0,50000.0,520,1,0.0,104400.0,104400.0,4400.0
1101,Noah Rodriguez,martingale,100.0,100000.0,50000.0,390,1,0.0,106800.0,106800.0,6800.0
1102,Henry Dunlap,martingale,100.0,100000.0,50000.0,262,4,0.0,102400.0,102400.0,2400.0
1103,Iliana Mercado,martingale,100.0,100000.0,50000.0,593,2,0.0,125900.0,125900.0,25900.0
1104,Abram Guerra,martingale,100.0,100000.0,50000.0,865,1,0.0,145100.0,145100.0,45100.0
1105,Edith Vincent,martingale,100.0,100000.0,50000.0,823,2,0.0,138800.0,138800.0,38800.0
1106,Aarav Barber,martingale,100.0,100000.0,50000.0,632,1,0.0,127800.0,127800.0,27800.0
1107,Cassidy Wilkinson,martingale,100.0,100000.0,50000.0,484,1,0.0,109100.0,109100.0,9100.0
1108,Leonard Cain,martingale,100.0,100000.0,50000.0,264,2,0.0,67800.0,67800.0,-32200.0
1109,Kendra Everett,martingale,100.0,100000.0,50000.0,307,1,0.0,75100.0,75100.0,-24900.0
1110,Camilo Garza,martingale,100.0,100000.0,50000.0,483,1,0.0,116000.0,116000.0,16000.0
1111,River Snyder,martingale,100.0,100000.0,50000.0,680,2,0.0,132400.0,132400.0,32400.0
1112,Thiago Cunningham,martingale,100.0,100000.0,50000.0,437,2,0.0,119600.0,119600.0,19600.0
1113,Marley Montgomery,martingale,100.0,100000.0,50000.0,438,1,0.0,95900.0,95900.0,-4100.0
1114,Maximiliano Duncan,martingale,100.0,100000.0,50000.0,394,1,0.0,76000.0,76000.0,-24000.0
1115,Elise Buckley,martingale,100.0,100000.0,50000.0,279,3,0.0,84000.0,84000.0,-16000.0
1116,Aryan Lam,martingale,100.0,100000.0,50000.0,250,1,0.0,49200.0,49200.0,-50800.0
1117,Karina Richards,martingale,100.0,100000.0,50000.0,561,3,0.0,124400.0,124400.0,24400.0
1118,Holden Castro,martingale,100.0,100000.0,50000.0,280,1,0.0,87300.0,87300.0,-12700.0
1119,Eloise Pacheco,martingale,100.0,100000.0,50000.0,470,1,0.0,120900.0,120900.0,20900.0
1120,Erik Adkins,martingale,100.0,100000.0,50000.0,344,2,0.0,112200.0,112200.0,12200.0
1121,Emelia Kent,martingale,100.0,100000.0,50000.0,713,1,0.0,127800.0,127800.0,27800.0
1122,Mekhi Nunez,martingale,100.0,100000.0,50000.0,360,2,0.0,100100.0,100100.0,100.0
1123,Mya Moyer,martingale,100.0,100000.0,50000.0,554,0,0.0,126000.0,126000.0,26000.0
1124,Ahmir Orr,martingale,100.0,100000.0,50000.0,440,3,0.0,117600.0,117600.0,17600.0
1125,Alaiya Williams,martingale,100.0,100000.0,50000.0,444,2,0.0,106900.0,106900.0,6900.0
1126,Oliver Hunter,martingale,100.0,100000.0,50000.0,104,1,0.0,28200.0,28200.0,-71800.0
1127,Khloe Beard,martingale,100.0,100000.0,50000.0,462,1,0.0,97900.0,97900.0,-2100.0
1128,Nathanael Barker,martingale,100.0,100000.0,50000.0,288,2,0.0,78100.0,78100.0,-21900.0
1129,Remington Alvarez,martingale,100.0,100000.0,50000.0,526,2,0.0,121000.0,121000.0,21000.0
1130,Xavier Carson,martingale,100.0,100000.0,50000.0,552,1,0.0,126300.0,126300.0,26300.0
1131,Nalani Sierra,martingale,100.0,100000.0,50000.0,493,2,0.0,99300.0,99300.0,-700.0
1132,Dayton Patterson,martingale,100.0,100000.0,50000.0,505,2,0.0,117100.0,117100.0,17100.0
1133,Kaylee Saunders,martingale,100.0,100000.0,50000.0,409,2,0.0,104700.0,104700.0,4700.0
1134,Kasen Mendoza,martingale,100.0,100000.0,50000.0,428,1,0.0,80800.0,80800.0,-19200.0
1135,Cora May,martingale,100.0,100000.0,50000.0,259,1,0.0,49900.0,49900.0,-50100.0
1136,Finley Peters,martingale,100.0,100000.0,50000.0,543,1,0.0,119500.0,119500.0,19500.0
1137,Leila Arellano,martingale,100.0,100000.0,50000.0,529,1,0.0,123100.0,123100.0,23100.0
1138,Kellan Guevara,martingale,100.0,100000.0,50000.0,460,1,0.0,85700.0,85700.0,-14300.0
1139,Teresa Gomez,martingale,100.0,100000.0,50000.0,215,1,0.0,33200.0,33200.0,-66800.0
1140,Isaiah Burton,martingale,100.0,100000.0,50000.0,506,1,0.0,123700.0,123700.0,23700.0
1141,Miriam Merritt,martingale,100.0,100000.0,50000.0,522,1,0.0,101700.0,101700.0,1700.0
1142,Colten Mullins,martingale,100.0,100000.0,50000.0,485,1,0.0,103200.0,103200.0,3200.0
1143,Maliyah Finley,martingale,100.0,100000.0,50000.0,476,4,0.0,113000.0,113000.0,13000.0
1144,Calum Day,martingale,100.0,100000.0,50000.0,509,1,0.0,119700.0,119700.0,19700.0
1145,Hayden Noble,martingale,100.0,100000.0,50000.0,613,1,0.0,124500.0,124500.0,24500.0
1146,Idris Atkinson,martingale,100.0,100000.0,50000.0,508,1,0.0,103500.0,103500.0,3500.0
1147,Jazmin Rivas,martingale,100.0,100000.0,50000.0,255,2,0.0,75400.0,75400.0,-24600.0
1148,Damon McCann,martingale,100.0,100000.0,50000.0,347,2,0.0,76000.0,76000.0,-24000.0
1149,Joyce Caldwell,martingale,100.0,100000.0,50000.0,102,1,0.0,15500.0,15500.0,-84500.0
1150,Rylan Knapp,martingale,100.0,100000.0,50000.0,401,2,0.0,104900.0,104900.0,4900.0
1151,Linda Webster,martingale,100.0,100000.0,50000.0,395,1,0.0,107500.0,107500.0,7500.0
1152,Shawn Copeland,martingale,100.0,100000.0,50000.0,698,1,0.0,133900.0,133900.0,33900.0
1153,Dayana Dawson,martingale,100.0,100000.0,50000.0,590,1,0.0,124900.0,124900.0,24900.0
1154,Iker Delacruz,martingale,100.0,100000.0,50000.0,97,1,0.0,24700.0,24700.0,-75300.0
1155,Celine Middleton,martingale,100.0,100000.0,50000.0,452,1,0.0,118500.0,118500.0,18500.0
1156,Misael Mora,martingale,100.0,100000.0,50000.0,183,1,0.0,45900.0,45900.0,-54100.0
1157,Jemma Barrera,martingale,100.0,100000.0,50000.0,360,1,0.0,106300.0,106300.0,6300.0
1158,Makai Ellison,martingale,100.0,100000.0,50000.0,334,1,0.0,100100.0,100100.0,100.0
1159,Raina Enriquez,martingale,100.0,100000.0,50000.0,522,1,0.0,114900.0,114900.0,14900.0
1160,Elisha Cardenas,martingale,100.0,100000.0,50000.0,302,2,0.0,94500.0,94500.0,-5500.0
1161,Raven Rollins,martingale,100.0,100000.0,50000.0,510,2,0.0,114800.0,114800.0,14800.0
1162,Wes Berger,martingale,100.0,100000.0,50000.0,476,1,0.0,123100.0,123100.0,23100.0
1163,Laylah Benson,martingale,100.0,100000.0,50000.0,369,3,0.0,110300.0,110300.0,10300.0
1164,Desmond Randolph,martingale,100.0,100000.0,50000.0,316,4,0.0,67800.0,67800.0,-32200.0
1165,Kailey Bryan,martingale,100.0,100000.0,50000.0,196,1,0.0,37600.0,37600.0,-62400.0
1166,Jaxtyn McCoy,martingale,100.0,100000.0,50000.0,417,1,0.0,89400.0,89400.0,-10600.0
1167,Mckenzie McLaughlin,martingale,100.0,100000.0,50000.0,243,1,0.0,38700.0,38700.0,-61300.0
1168,Ibrahim Guerra,martingale,100.0,100000.0,50000.0,145,1,0.0,23700.0,23700.0,-76300.0
1169,Edith Carter,martingale,100.0,100000.0,50000.0,188,2,0.0,77800.0,77800.0,-22200.0
1170,Maverick Joseph,martingale,100.0,100000.0,50000.0,67,1,0.0,9400.0,9400.0,-90600.0
1171,Gracelynn Ramsey,martingale,100.0,100000.0,50000.0,115,1,0.0,15900.0,15900.0,-84100.0
1172,Luciano Simon,martingale,100.0,100000.0,50000.0,521,2,0.0,113700.0,113700.0,13700.0
1173,Kalani Preston,martingale,100.0,100000.0,50000.0,490,2,0.0,120900.0,120900.0,20900.0
1174,Vincenzo Pena,martingale,100.0,100000.0,50000.0,513,1,0.0,103800.0,103800.0,3800.0
1175,Rachel Le,martingale,100.0,100000.0,50000.0,503,2,0.0,121900.0,121900.0,21900.0
1176,Damien Wolfe,martingale,100.0,100000.0,50000.0,347,2,0.0,104000.0,104000.0,4000.0
1177,Hallie Berg,martingale,100.0,100000.0,50000.0,533,2,0.0,122100.0,122100.0,22100.0
1178,Cayson Avery,martingale,100.0,100000.0,50000.0,528,1,0.0,111300.0,111300.0,11300.0
1179,Meghan Stanley,martingale,100.0,100000.0,50000.0,682,1,0.0,134600.0,134600.0,34600.0
1180,Manuel Parks,martingale,100.0,100000.0,50000.0,403,1,0.0,103000.0,103000.0,3000.0
1181,Ainsley Velazquez,martingale,100.0,100000.0,50000.0,493,1,0.0,113300.0,113300.0,13300.0
1182,Drew Perez,martingale,100.0,100000.0,50000.0,203,2,0.0,76100.0,76100.0,-23900.0
1183,Eleanor Velez,martingale,100.0,100000.0,50000.0,501,2,0.0,110500.0,110500.0,10500.0
1184,Kareem Dennis,martingale,100.0,100000.0,50000.0,491,1,0.0,118200.0,118200.0,18200.0
1185,Maisie Shaffer,martingale,100.0,100000.0,50000.0,710,1,0.0,130600.0,130600.0,30600.0
1186,Dexter Banks,martingale,100.0,100000.0,50000.0,377,1,0.0,75600.0,75600.0,-24400.0
1187,Cali Willis,martingale,100.0,100000.0,50000.0,469,3,0.0,99400.0,99400.0,-600.0
1188,Remington O’Connell,martingale,100.0,100000.0,50000.0,526,1,0.0,125000.0,125000.0,25000.0
1189,Jillian McCall,martingale,100.0,100000.0,50000.0,527,2,0.0,123200.0,123200.0,23200.0
1190,Kiaan Bravo,martingale,100.0,100000.0,50000.0,608,1,0.0,125200.0,125200.0,25200.0
1191,Amoura Marsh,martingale,100.0,100000.0,50000.0,508,2,0.0,114700.0,114700.0,14700.0
1192,Bo Bullock,martingale,100.0,100000.0,50000.0,596,1,0.0,124400.0,124400.0,24400.0
1193,Winnie Hawkins,martingale,100.0,100000.0,50000.0,527,2,0.0,110400.0,110400.0,10400.0
1194,Victor McClain,martingale,100.0,100000.0,50000.0,694,2,0.0,134700.0,134700.0,34700.0
1195,Marleigh Dorsey,martingale,100.0,100000.0,50000.0,512,1,0.0,113400.0,113400.0,13400.0
1196,Enoch Li,martingale,100.0,100000.0,50000.0,464,3,0.0,118300.0,118300.0,18300.0
1197,Paige Drake,martingale,100.0,100000.0,50000.0,659,1,0.0,131400.0,131400.0,31400.0
1198,Jalen Fowler,martingale,100.0,100000.0,50000.0,599,2,0.0,110100.0,110100.0,10100.0
1199,Lennon Benitez,martingale,100.0,100000.0,50000.0,634,1,0.0,121400.0,121400.0,21400.0
1200,Justice McIntosh,martingale,100.0,100000.0,50000.0,191,1,0.0,45900.0,45900.0,-54100.0
1201,Gwen Peters,martingale,100.0,100000.0,50000.0,365,1,0.0,98100.0,98100.0,-1900.0
1202,Patrick Ray,martingale,100.0,100000.0,50000.0,385,1,0.0,83900.0,83900.0,-16100.0
1203,Ruth Huerta,martingale,100.0,100000.0,50000.0,349,3,0.0,108600.0,108600.0,8600.0
1204,Douglas Scott,martingale,100.0,100000.0,50000.0,441,2,0.0,109300.0,109300.0,9300.0
1205,Aurora Mejia,martingale,100.0,100000.0,50000.0,496,1,0.0,119500.0,119500.0,19500.0
1206,Atticus Peters,martingale,100.0,100000.0,50000.0,702,2,0.0,123000.0,123000.0,23000.0
1207,Leila O’Neill,martingale,100.0,100000.0,50000.0,488,1,0.0,104800.0,104800.0,4800.0
1208,Marcel Bravo,martingale,100.0,100000.0,50000.0,550,1,0.0,108200.0,108200.0,8200.0
1209,Amoura Tate,martingale,100.0,100000.0,50000.0,597,2,0.0,121500.0,121500.0,21500.0
1210,Dalton Mack,martingale,100.0,100000.0,50000.0,539,3,0.0,118600.0,118600.0,18600.0
1211,Nadia Bailey,martingale,100.0,100000.0,50000.0,57,1,0.0,5600.0,5600.0,-94400.0
1212,Axel Meyers,martingale,100.0,100000.0,50000.0,264,2,0.0,72500.0,72500.0,-27500.0
1213,Leyla Park,martingale,100.0,100000.0,50000.0,591,1,0.0,123000.0,123000.0,23000.0
1214,Daxton Decker,martingale,100.0,100000.0,50000.0,710,1,0.0,135400.0,135400.0,35400.0
1215,Aleena Gibson,martingale,100.0,100000.0,50000.0,786,1,0.0,128100.0,128100.0,28100.0
1216,Tyler Dalton,martingale,100.0,100000.0,50000.0,433,2,0.0,104100.0,104100.0,4100.0
1217,Lilian Abbott,martingale,100.0,100000.0,50000.0,291,2,0.0,72900.0,72900.0,-27100.0
1218,Kohen Wilkerson,martingale,100.0,100000.0,50000.0,594,2,0.0,122300.0,122300.0,22300.0
1219,Janiyah Joseph,martingale,100.0,100000.0,50000.0,548,3,0.0,120900.0,120900.0,20900.0
1220,Kyle Spencer,martingale,100.0,100000.0,50000.0,589,1,0.0,126000.0,126000.0,26000.0
1221,Alyssa Murphy,martingale,100.0,100000.0,50000.0,610,4,0.0,126600.0,126600.0,26600.0
1222,Cameron Patrick,martingale,100.0,100000.0,50000.0,497,1,0.0,110100.0,110100.0,10100.0
1223,Lyra Munoz,martingale,100.0,100000.0,50000.0,404,1,0.0,105800.0,105800.0,5800.0
1224,Justin Higgins,martingale,100.0,100000.0,50000.0,681,1,0.0,131000.0,131000.0,31000.0
1225,Leighton Blake,martingale,100.0,100000.0,50000.0,529,3,0.0,118000.0,118000.0,18000.0
1226,Zyaire Stanley,martingale,100.0,100000.0,50000.0,93,1,0.0,11600.0,11600.0,-88400.0
1227,Gracelyn Rodriguez,martingale,100.0,100000.0,50000.0,687,1,0.0,126000.0,126000.0,26000.0
1228,Henry Moran,martingale,100.0,100000.0,50000.0,220,2,0.0,71300.0,71300.0,-28700.0
1229,Celeste Vaughn,martingale,100.0,100000.0,50000.0,593,1,0.0,126500.0,126500.0,26500.0
1230,Remy Donovan,martingale,100.0,100000.0,50000.0,459,2,0.0,110300.0,110300.0,10300.0
1231,Azariah Bautista,martingale,100.0,100000.0,50000.0,325,2,0.0,90200.0,90200.0,-9800.0
1232,Raul Espinosa,martingale,100.0,100000.0,50000.0,523,2,0.0,122600.0,122600.0,22600.0
1233,Braylee Casey,martingale,100.0,100000.0,50000.0,311,1,0.0,108300.0,108300.0,8300.0
1234,Armando Castillo,martingale,100.0,100000.0,50000.0,224,1,0.0,72900.0,72900.0,-27100.0
1235,Eva Wyatt,martingale,100.0,100000.0,50000.0,380,3,0.0,67500.0,67500.0,-32500.0
1236,Sam Hanna,martingale,100.0,100000.0,50000.0,318,1,0.0,91600.0,91600.0,-8400.0
1237,Cynthia Madden,martingale,100.0,100000.0,50000.0,366,3,0.0,111700.0,111700.0,11700.0
1238,Everest Quintana,martingale,100.0,100000.0,50000.0,572,1,0.0,116800.0,116800.0,16800.0
1239,Kenia Harding,martingale,100.0,100000.0,50000.0,484,1,0.0,105700.0,105700.0,5700.0
1240,Brodie Lowe,martingale,100.0,100000.0,50000.0,285,1,0.0,44800.0,44800.0,-55200.0
1241,Amari Rivers,martingale,100.0,100000.0,50000.0,171,1,0.0,29300.0,29300.0,-70700.0
1242,Bear Watkins,martingale,100.0,100000.0,50000.0,276,1,0.0,72900.0,72900.0,-27100.0
1243,Lola Soto,martingale,100.0,100000.0,50000.0,418,1,0.0,103000.0,103000.0,3000.0
1244,Barrett Walter,martingale,100.0,100000.0,50000.0,170,2,0.0,73400.0,73400.0,-26600.0
1245,Penny Pruitt,martingale,100.0,100000.0,50000.0,460,1,0.0,110300.0,110300.0,10300.0
1246,Gatlin Bond,martingale,100.0,100000.0,50000.0,356,2,0.0,112300.0,112300.0,12300.0
1247,Alena Dominguez,martingale,100.0,100000.0,50000.0,574,1,0.0,124100.0,124100.0,24100.0
1248,Kaden Small,martingale,100.0,100000.0,50000.0,391,1,0.0,111300.0,111300.0,11300.0
1249,Zaria Morton,martingale,100.0,100000.0,50000.0,160,1,0.0,25900.0,25900.0,-74100.0
1250,Roland Phillips,martingale,100.0,100000.0,50000.0,185,2,0.0,58000.0,58000.0,-42000.0
1251,Naomi Hopkins,martingale,100.0,100000.0,50000.0,288,1,0.0,46700.0,46700.0,-53300.0
1252,Ali O’Neill,martingale,100.0,100000.0,50000.0,459,1,0.0,118300.0,118300.0,18300.0
1253,Kenna Greene,martingale,100.0,100000.0,50000.0,652,1,0.0,127100.0,127100.0,27100.0
1254,Griffin Galvan,martingale,100.0,100000.0,50000.0,455,1,0.0,117100.0,117100.0,17100.0
1255,Dallas Villanueva,martingale,100.0,100000.0,50000.0,31,1,0.0,2500.0,2500.0,-97500.0
1256,Huxley Gould,martingale,100.0,100000.0,50000.0,336,3,0.0,71300.0,71300.0,-28700.0
1257,Violeta Landry,martingale,100.0,100000.0,50000.0,271,2,0.0,64200.0,64200.0,-35800.0
1258,Jaxx McKinney,martingale,100.0,100000.0,50000.0,464,1,0.0,118600.0,118600.0,18600.0
1259,Gwendolyn Henson,martingale,100.0,100000.0,50000.0,580,1,0.0,124400.0,124400.0,24400.0
1260,Bellamy Combs,martingale,100.0,100000.0,50000.0,70,1,0.0,21700.0,21700.0,-78300.0
1261,Irene May,martingale,100.0,100000.0,50000.0,418,3,0.0,100100.0,100100.0,100.0
1262,Finley Rodgers,martingale,100.0,100000.0,50000.0,536,2,0.0,115800.0,115800.0,15800.0
1263,Selah Mathis,martingale,100.0,100000.0,50000.0,456,1,0.0,104800.0,104800.0,4800.0
1264,Gustavo Nava,martingale,100.0,100000.0,50000.0,488,1,0.0,81400.0,81400.0,-18600.0
1265,Scout Brock,martingale,100.0,100000.0,50000.0,502,1,0.0,120500.0,120500.0,20500.0
1266,Julio Cruz,martingale,100.0,100000.0,50000.0,503,2,0.0,112600.0,112600.0,12600.0
1267,Claire Sawyer,martingale,100.0,100000.0,50000.0,530,1,0.0,117500.0,117500.0,17500.0
1268,Jefferson Hogan,martingale,100.0,100000.0,50000.0,441,1,0.0,117300.0,117300.0,17300.0
1269,Kathryn Rivas,martingale,100.0,100000.0,50000.0,563,2,0.0,124600.0,124600.0,24600.0
1270,Damon Pennington,martingale,100.0,100000.0,50000.0,251,1,0.0,43900.0,43900.0,-56100.0
1271,Yareli Walter,martingale,100.0,100000.0,50000.0,674,1,0.0,133500.0,133500.0,33500.0
1272,Lochlan McKay,martingale,100.0,100000.0,50000.0,484,1,0.0,86800.0,86800.0,-13200.0
1273,Leanna Berry,martingale,100.0,100000.0,50000.0,747,1,0.0,135800.0,135800.0,35800.0
1274,Adonis Christian,martingale,100.0,100000.0,50000.0,223,1,0.0,42800.0,42800.0,-57200.0
1275,Anahi Roberts,martingale,100.0,100000.0,50000.0,105,1,0.0,12100.0,12100.0,-87900.0
1276,Josiah Russo,martingale,100.0,100000.0,50000.0,548,1,0.0,112700.0,112700.0,12700.0
1277,Tinsley Khan,martingale,100.0,100000.0,50000.0,277,2,0.0,91800.0,91800.0,-8200.0
1278,Kendrick Barry,martingale,100.0,100000.0,50000.0,65,1,0.0,7400.0,7400.0,-92600.0
1279,Waverly Murillo,martingale,100.0,100000.0,50000.0,687,2,0.0,131800.0,131800.0,31800.0
1280,Lance Cline,martingale,100.0,100000.0,50000.0,673,2,0.0,128400.0,128400.0,28400.0
1281,Lina Cortez,martingale,100.0,100000.0,50000.0,540,2,0.0,95100.0,95100.0,-4900.0
1282,Zayn Morrison,martingale,100.0,100000.0,50000.0,462,3,0.0,109300.0,109300.0,9300.0
1283,Rebecca Wiley,martingale,100.0,100000.0,50000.0,670,1,0.0,123500.0,123500.0,23500.0
1284,Mathew Swanson,martingale,100.0,100000.0,50000.0,639,2,0.0,129500.0,129500.0,29500.0
1285,Helen Evans,martingale,100.0,100000.0,50000.0,437,1,0.0,109900.0,109900.0,9900.0
1286,Elias Dudley,martingale,100.0,100000.0,50000.0,111,1,0.0,40200.0,40200.0,-59800.0
1287,Hadleigh Valencia,martingale,100.0,100000.0,50000.0,609,2,0.0,112400.0,112400.0,12400.0
1288,Dax Rowe,martingale,100.0,100000.0,50000.0,738,1,0.0,122300.0,122300.0,22300.0
1289,Matilda Herring,martingale,100.0,100000.0,50000.0,269,2,0.0,72400.0,72400.0,-27600.0
1290,Henrik Green,martingale,100.0,100000.0,50000.0,263,1,0.0,93100.0,93100.0,-6900.0
1291,Zoe Pacheco,martingale,100.0,100000.0,50000.0,514,1,0.0,116500.0,116500.0,16500.0
1292,Erik Jaramillo,martingale,100.0,100000.0,50000.0,360,2,0.0,95600.0,95600.0,-4400.0
1293,Guadalupe Christian,martingale,100.0,100000.0,50000.0,618,1,0.0,128300.0,128300.0,28300.0
1294,Ledger Curry,martingale,100.0,100000.0,50000.0,155,1,0.0,29600.0,29600.0,-70400.0
1295,Alison Solomon,martingale,100.0,100000.0,50000.0,386,1,0.0,71500.0,71500.0,-28500.0
1296,Musa Dalton,martingale,100.0,100000.0,50000.0,511,1,0.0,80500.0,80500.0,-19500.0
1297,Lilian Prince,martingale,100.0,100000.0,50000.0,322,1,0.0,100500.0,100500.0,500.0
1298,Aron Cantu,martingale,100.0,100000.0,50000.0,531,1,0.0,112600.0,112600.0,12600.0
1299,Galilea Parra,martingale,100.0,100000.0,50000.0,253,1,0.0,37500.0,37500.0,-62500.0
1300,Davion Joseph,martingale,100.0,100000.0,50000.0,296,3,0.0,90700.0,90700.0,-9300.0
1301,Gracelynn Moyer,martingale,100.0,100000.0,50000.0,538,1,0.0,122700.0,122700.0,22700.0
1302,Ahmir Benton,martingale,100.0,100000.0,50000.0,251,1,0.0,86400.0,86400.0,-13600.0
1303,Anais Copeland,martingale,100.0,100000.0,50000.0,698,2,0.0,131700.0,131700.0,31700.0
1304,Axton Vo,martingale,100.0,100000.0,50000.0,723,3,0.0,132800.0,132800.0,32800.0
1305,Artemis Keith,martingale,100.0,100000.0,50000.0,345,2,0.0,89900.0,89900.0,-10100.0
1306,Jagger Newton,martingale,100.0,100000.0,50000.0,250,1,0.0,43400.0,43400.0,-56600.0
1307,Braelynn Travis,martingale,100.0,100000.0,50000.0,262,2,0.0,66200.0,66200.0,-33800.0
1308,Willie Moody,martingale,100.0,100000.0,50000.0,43,2,0.0,50400.0,50400.0,-49600.0
1309,Elaine Moss,martingale,100.0,100000.0,50000.0,375,2,0.0,104500.0,104500.0,4500.0
1310,Porter Mendoza,martingale,100.0,100000.0,50000.0,499,1,0.0,117700.0,117700.0,17700.0
1311,Cora Cannon,martingale,100.0,100000.0,50000.0,393,1,0.0,96000.0,96000.0,-4000.0
1312,Archie Proctor,martingale,100.0,100000.0,50000.0,496,3,0.0,100000.0,100000.0,0.0
1313,Chandler Wade,martingale,100.0,100000.0,50000.0,521,1,0.0,103700.0,103700.0,3700.0
1314,Jake Byrd,martingale,100.0,100000.0,50000.0,509,1,0.0,115100.0,115100.0,15100.0
1315,Giselle Winters,martingale,100.0,100000.0,50000.0,424,2,0.0,109900.0,109900.0,9900.0
1316,Deandre Rivera,martingale,100.0,100000.0,50000.0,392,1,0.0,79800.0,79800.0,-20200.0
1317,Lillian Barrett,martingale,100.0,100000.0,50000.0,270,1,0.0,43100.0,43100.0,-56900.0
1318,Angelo Valdez,martingale,100.0,100000.0,50000.0,513,1,0.0,114500.0,114500.0,14500.0
1319,Diana Terrell,martingale,100.0,100000.0,50000.0,52,1,0.0,5800.0,5800.0,-94200.0
1320,Jaxen Deleon,martingale,100.0,100000.0,50000.0,295,3,0.0,97400.0,97400.0,-2600.0
1321,Gabrielle Carter,martingale,100.0,100000.0,50000.0,474,3,0.0,117200.0,117200.0,17200.0
1322,Maverick Everett,martingale,100.0,100000.0,50000.0,148,1,0.0,19600.0,19600.0,-80400.0
1323,Noah McBride,martingale,100.0,100000.0,50000.0,432,1,0.0,116400.0,116400.0,16400.0
1324,Denver Lawrence,martingale,100.0,100000.0,50000.0,610,3,0.0,124900.0,124900.0,24900.0
1325,Lauren Durham,martingale,100.0,100000.0,50000.0,547,3,0.0,122500.0,122500.0,22500.0
1326,Kellen Hensley,martingale,100.0,100000.0,50000.0,583,3,0.0,126500.0,126500.0,26500.0
1327,Malaya Hicks,martingale,100.0,100000.0,50000.0,575,2,0.0,126900.0,126900.0,26900.0
1328,Maddox Boone,martingale,100.0,100000.0,50000.0,382,2,0.0,111900.0,111900.0,11900.0
1329,Mariam Mays,martingale,100.0,100000.0,50000.0,267,2,0.0,61800.0,61800.0,-38200.0
1330,Jadiel Savage,martingale,100.0,100000.0,50000.0,665,2,0.0,132900.0,132900.0,32900.0
1331,Louise Villarreal,martingale,100.0,100000.0,50000.0,335,2,0.0,66700.0,66700.0,-33300.0
1332,Nikolai Koch,martingale,100.0,100000.0,50000.0,346,1,0.0,64700.0,64700.0,-35300.0
1333,Milana Barton,martingale,100.0,100000.0,50000.0,487,1,0.0,98700.0,98700.0,-1300.0
1334,Cassius Oliver,martingale,100.0,100000.0,50000.0,695,2,0.0,124400.0,124400.0,24400.0
1335,Camille English,martingale,100.0,100000.0,50000.0,74,1,0.0,12500.0,12500.0,-87500.0
1336,Junior Austin,martingale,100.0,100000.0,50000.0,108,2,0.0,54400.0,54400.0,-45600.0
1337,Alivia Bender,martingale,100.0,100000.0,50000.0,371,1,0.0,81700.0,81700.0,-18300.0
1338,Zavier Singh,martingale,100.0,100000.0,50000.0,353,4,0.0,107300.0,107300.0,7300.0
1339,Vivienne Sosa,martingale,100.0,100000.0,50000.0,34,1,0.0,2800.0,2800.0,-97200.0
1340,Emir Frazier,martingale,100.0,100000.0,50000.0,551,1,0.0,124100.0,124100.0,24100.0
1341,Octavia Wang,martingale,100.0,100000.0,50000.0,539,1,0.0,116600.0,116600.0,16600.0
1342,Cohen Gibbs,martingale,100.0,100000.0,50000.0,338,2,0.0,102600.0,102600.0,2600.0
1343,Carter Lawrence,martingale,100.0,100000.0,50000.0,368,2,0.0,81900.0,81900.0,-18100.0
1344,Kaleb Pollard,martingale,100.0,100000.0,50000.0,423,2,0.0,98300.0,98300.0,-1700.0
1345,Marisol Torres,martingale,100.0,100000.0,50000.0,520,2,0.0,118000.0,118000.0,18000.0
1346,Jayden Hamilton,martingale,100.0,100000.0,50000.0,253,4,0.0,75900.0,75900.0,-24100.0
1347,Mackenzie McCoy,martingale,100.0,100000.0,50000.0,68,1,0.0,9200.0,9200.0,-90800.0
1348,Jett Boone,martingale,100.0,100000.0,50000.0,477,4,0.0,109800.0,109800.0,9800.0
1349,Mariam Burch,martingale,100.0,100000.0,50000.0,534,1,0.0,113700.0,113700.0,13700.0
1350,Gerald English,martingale,100.0,100000.0,50000.0,691,2,0.0,131700.0,131700.0,31700.0
1351,Kelly Benton,martingale,100.0,100000.0,50000.0,755,1,0.0,134600.0,134600.0,34600.0
1352,Jamal Crawford,martingale,100.0,100000.0,50000.0,360,1,0.0,99600.0,99600.0,-400.0
1353,Aubree Lim,martingale,100.0,100000.0,50000.0,307,1,0.0,92900.0,92900.0,-7100.0
1354,Cal Hammond,martingale,100.0,100000.0,50000.0,550,3,0.0,121300.0,121300.0,21300.0
1355,Holly Riley,martingale,100.0,100000.0,50000.0,502,1,0.0,123200.0,123200.0,23200.0
1356,Amari Anderson,martingale,100.0,100000.0,50000.0,362,3,0.0,82600.0,82600.0,-17400.0
1357,Ella Mercado,martingale,100.0,100000.0,50000.0,381,3,0.0,92900.0,92900.0,-7100.0
1358,Abram Snyder,martingale,100.0,100000.0,50000.0,317,2,0.0,98400.0,98400.0,-1600.0
1359,Callie Holt,martingale,100.0,100000.0,50000.0,170,1,0.0,38800.0,38800.0,-61200.0
1360,Niko Cooper,martingale,100.0,100000.0,50000.0,328,1,0.0,106900.0,106900.0,6900.0
1361,Serenity Stafford,martingale,100.0,100000.0,50000.0,239,3,0.0,92600.0,92600.0,-7400.0
1362,Alfredo Cobb,martingale,100.0,100000.0,50000.0,512,2,0.0,119800.0,119800.0,19800.0
1363,Aviana Carroll,martingale,100.0,100000.0,50000.0,389,4,0.0,101600.0,101600.0,1600.0
1364,Oscar Olson,martingale,100.0,100000.0,50000.0,69,1,0.0,9300.0,9300.0,-90700.0
1365,Isabel Espinosa,martingale,100.0,100000.0,50000.0,457,2,0.0,109900.0,109900.0,9900.0
1366,Khalid Rollins,martingale,100.0,100000.0,50000.0,544,1,0.0,123700.0,123700.0,23700.0
1367,Araceli Reese,martingale,100.0,100000.0,50000.0,577,2,0.0,126200.0,126200.0,26200.0
1368,Alijah Barton,martingale,100.0,100000.0,50000.0,163,1,0.0,23100.0,23100.0,-76900.0
1369,Danna Meza,martingale,100.0,100000.0,50000.0,703,3,0.0,134500.0,134500.0,34500.0
1370,Lucian Stuart,martingale,100.0,100000.0,50000.0,292,2,0.0,66700.0,66700.0,-33300.0
1371,Stormi Goodman,martingale,100.0,100000.0,50000.0,594,1,0.0,126200.0,126200.0,26200.0
1372,Philip Krueger,martingale,100.0,100000.0,50000.0,429,1,0.0,116000.0,116000.0,16000.0
1373,Kamari Barber,martingale,100.0,100000.0,50000.0,408,2,0.0,117400.0,117400.0,17400.0
1374,Solomon Flowers,martingale,100.0,100000.0,50000.0,342,1,0.0,111800.0,111800.0,11800.0
1375,Ariya Church,martingale,100.0,100000.0,50000.0,234,2,0.0,97700.0,97700.0,-2300.0
1376,Terrance Hicks,martingale,100.0,100000.0,50000.0,342,1,0.0,91300.0,91300.0,-8700.0
1377,Alina Medina,martingale,100.0,100000.0,50000.0,137,1,0.0,24600.0,24600.0,-75400.0
1378,George Powers,martingale,100.0,100000.0,50000.0,291,4,0.0,110200.0,110200.0,10200.0
1379,Michelle Chandler,martingale,100.0,100000.0,50000.0,547,2,0.0,118200.0,118200.0,18200.0
1380,Royal Larson,martingale,100.0,100000.0,50000.0,620,1,0.0,120600.0,120600.0,20600.0
1381,Alayna O’Connell,martingale,100.0,100000.0,50000.0,423,1,0.0,96900.0,96900.0,-3100.0
1382,Jovanni Ibarra,martingale,100.0,100000.0,50000.0,463,2,0.0,115100.0,115100.0,15100.0
1383,Madilynn Carpenter,martingale,100.0,100000.0,50000.0,433,4,0.0,108700.0,108700.0,8700.0
1384,Jeremy Bonilla,martingale,100.0,100000.0,50000.0,261,1,0.0,69200.0,69200.0,-30800.0
1385,Romina Bernal,martingale,100.0,100000.0,50000.0,173,1,0.0,38400.0,38400.0,-61600.0
1386,Eithan Harrison,martingale,100.0,100000.0,50000.0,471,4,0.0,115200.0,115200.0,15200.0
1387,Jasmine Hines,martingale,100.0,100000.0,50000.0,326,3,0.0,84700.0,84700.0,-15300.0
1388,Uriel Graves,martingale,100.0,100000.0,50000.0,509,2,0.0,124300.0,124300.0,24300.0
1389,Elle Rush,martingale,100.0,100000.0,50000.0,29,1,0.0,3400.0,3400.0,-96600.0
1390,Kaiser Montgomery,martingale,100.0,100000.0,50000.0,331,2,0.0,85900.0,85900.0,-14100.0
1391,Evangeline Rodriguez,martingale,100.0,100000.0,50000.0,664,2,0.0,131700.0,131700.0,31700.0
1392,Henry Wise,martingale,100.0,100000.0,50000.0,641,4,0.0,127500.0,127500.0,27500.0
1393,Mira Morrow,martingale,100.0,100000.0,50000.0,654,1,0.0,134500.0,134500.0,34500.0
1394,Kyree Cummings,martingale,100.0,100000.0,50000.0,399,2,0.0,102700.0,102700.0,2700.0
1395,Nylah Bradshaw,martingale,100.0,100000.0,50000.0,402,1,0.0,88500.0,88500.0,-11500.0
1396,Emory Lester,martingale,100.0,100000.0,50000.0,444,1,0.0,94100.0,94100.0,-5900.0
1397,Averi Gibson,martingale,100.0,100000.0,50000.0,512,1,0.0,94200.0,94200.0,-5800.0
1398,Tyler Escobar,martingale,100.0,100000.0,50000.0,557,2,0.0,124800.0,124800.0,24800.0
1399,Erin Alfaro,martingale,100.0,100000.0,50000.0,491,2,0.0,116900.0,116900.0,16900.0
1400,Xzavier Cantu,martingale,100.0,100000.0,50000.0,425,3,0.0,108900.0,108900.0,8900.0
1401,Galilea Bean,martingale,100.0,100000.0,50000.0,375,2,0.0,112500.0,112500.0,12500.0
1402,Mccoy Solomon,martingale,100.0,100000.0,50000.0,520,1,0.0,123800.0,123800.0,23800.0
1403,Mylah Moore,martingale,100.0,100000.0,50000.0,415,3,0.0,110600.0,110600.0,10600.0
1404,Levi Liu,martingale,100.0,100000.0,50000.0,640,2,0.0,122400.0,122400.0,22400.0
1405,Kate Berger,martingale,100.0,100000.0,50000.0,691,2,0.0,132300.0,132300.0,32300.0
1406,Byron Hail,martingale,100.0,100000.0,50000.0,655,2,0.0,132200.0,132200.0,32200.0
1407,Lainey Schmidt,martingale,100.0,100000.0,50000.0,463,2,0.0,102800.0,102800.0,2800.0
1408,Zayden Dickson,martingale,100.0,100000.0,50000.0,642,2,0.0,129600.0,129600.0,29600.0
1409,Emmalynn Johns,martingale,100.0,100000.0,50000.0,236,1,0.0,36500.0,36500.0,-63500.0
1410,Joziah Cantu,martingale,100.0,100000.0,50000.0,295,3,0.0,81200.0,81200.0,-18800.0
1411,Galilea Boyle,martingale,100.0,100000.0,50000.0,585,1,0.0,124200.0,124200.0,24200.0
1412,Robin Pineda,martingale,100.0,100000.0,50000.0,256,1,0.0,44500.0,44500.0,-55500.0
1413,Nola Person,martingale,100.0,100000.0,50000.0,478,2,0.0,117500.0,117500.0,17500.0
1414,Moses Glover,martingale,100.0,100000.0,50000.0,337,3,0.0,104800.0,104800.0,4800.0
1415,Alessia Cameron,martingale,100.0,100000.0,50000.0,321,1,0.0,57100.0,57100.0,-42900.0
1416,Rayan Yoder,martingale,100.0,100000.0,50000.0,389,2,0.0,73700.0,73700.0,-26300.0
1417,Emerie Fletcher,martingale,100.0,100000.0,50000.0,372,1,0.0,107900.0,107900.0,7900.0
1418,Jay Padilla,martingale,100.0,100000.0,50000.0,33,1,0.0,2700.0,2700.0,-97300.0
1419,Maggie Boyle,martingale,100.0,100000.0,50000.0,434,2,0.0,119300.0,119300.0,19300.0
1420,Robin McCarthy,martingale,100.0,100000.0,50000.0,595,1,0.0,111800.0,111800.0,11800.0
1421,Kira Phan,martingale,100.0,100000.0,50000.0,447,1,0.0,113200.0,113200.0,13200.0
1422,Maison Richardson,martingale,100.0,100000.0,50000.0,586,1,0.0,119000.0,119000.0,19000.0
1423,Allison Macias,martingale,100.0,100000.0,50000.0,434,3,0.0,109800.0,109800.0,9800.0
1424,Moshe Warren,martingale,100.0,100000.0,50000.0,429,1,0.0,97400.0,97400.0,-2600.0
1425,Sloane Salazar,martingale,100.0,100000.0,50000.0,192,1,0.0,43400.0,43400.0,-56600.0
1426,Brody McCullough,martingale,100.0,100000.0,50000.0,339,2,0.0,112700.0,112700.0,12700.0
1427,Hana Perkins,martingale,100.0,100000.0,50000.0,366,2,0.0,114500.0,114500.0,14500.0
1428,Kyrie Newman,martingale,100.0,100000.0,50000.0,401,1,0.0,107100.0,107100.0,7100.0
1429,Oaklynn Randolph,martingale,100.0,100000.0,50000.0,179,2,0.0,59200.0,59200.0,-40800.0
1430,Eugene Vu,martingale,100.0,100000.0,50000.0,508,2,0.0,120200.0,120200.0,20200.0
1431,Kimora Foster,martingale,100.0,100000.0,50000.0,154,2,0.0,82300.0,82300.0,-17700.0
1432,Kayden Gillespie,martingale,100.0,100000.0,50000.0,126,1,0.0,18000.0,18000.0,-82000.0
1433,Alianna Lim,martingale,100.0,100000.0,50000.0,484,4,0.0,110400.0,110400.0,10400.0
1434,Cal Howell,martingale,100.0,100000.0,50000.0,157,1,0.0,43300.0,43300.0,-56700.0
1435,Mckenna Terrell,martingale,100.0,100000.0,50000.0,263,2,0.0,88300.0,88300.0,-11700.0
1436,Jaxen Willis,martingale,100.0,100000.0,50000.0,77,1,0.0,26000.0,26000.0,-74000.0
1437,Alexa Hensley,martingale,100.0,100000.0,50000.0,17,1,0.0,800.0,800.0,-99200.0
1438,Layne Barron,martingale,100.0,100000.0,50000.0,444,1,0.0,108100.0,108100.0,8100.0
1439,Anya Best,martingale,100.0,100000.0,50000.0,67,1,0.0,8100.0,8100.0,-91900.0
1440,Harlem Gillespie,martingale,100.0,100000.0,50000.0,140,1,0.0,90800.0,90800.0,-9200.0
1441,Alianna Pace,martingale,100.0,100000.0,50000.0,648,1,0.0,131600.0,131600.0,31600.0
1442,Dior Coffey,martingale,100.0,100000.0,50000.0,654,2,0.0,119600.0,119600.0,19600.0
1443,Paola Maynard,martingale,100.0,100000.0,50000.0,285,1,0.0,68200.0,68200.0,-31800.0
1444,Landry O’Connor,martingale,100.0,100000.0,50000.0,540,3,0.0,114500.0,114500.0,14500.0
1445,Charli Murphy,martingale,100.0,100000.0,50000.0,653,2,0.0,128700.0,128700.0,28700.0
1446,Cameron Bonilla,martingale,100.0,100000.0,50000.0,302,2,0.0,88500.0,88500.0,-11500.0
1447,Romina Fuentes,martingale,100.0,100000.0,50000.0,321,2,0.0,76900.0,76900.0,-23100.0
1448,Bowen Keith,martingale,100.0,100000.0,50000.0,266,2,0.0,94600.0,94600.0,-5400.0
1449,Elyse Green,martingale,100.0,100000.0,50000.0,604,1,0.0,129200.0,129200.0,29200.0
1450,Anthony Medrano,martingale,100.0,100000.0,50000.0,617,2,0.0,128300.0,128300.0,28300.0
1451,Halle Gould,martingale,100.0,100000.0,50000.0,108,1,0.0,21300.0,21300.0,-78700.0
1452,Blaine Fox,martingale,100.0,100000.0,50000.0,409,2,0.0,118800.0,118800.0,18800.0
1453,Juliette English,martingale,100.0,100000.0,50000.0,142,1,0.0,31900.0,31900.0,-68100.0
1454,Junior Lamb,martingale,100.0,100000.0,50000.0,445,3,0.0,120200.0,120200.0,20200.0
1455,Amaia Livingston,martingale,100.0,100000.0,50000.0,128,1,0.0,16200.0,16200.0,-83800.0
1456,Ambrose Bartlett,martingale,100.0,100000.0,50000.0,528,1,0.0,118100.0,118100.0,18100.0
1457,Aubrielle Riley,martingale,100.0,100000.0,50000.0,649,2,0.0,122600.0,122600.0,22600.0
1458,Amari Cannon,martingale,100.0,100000.0,50000.0,452,1,0.0,101800.0,101800.0,1800.0
1459,Noa Russo,martingale,100.0,100000.0,50000.0,318,5,0.0,93000.0,93000.0,-7000.0
1460,Jamie Horne,martingale,100.0,100000.0,50000.0,446,1,0.0,98800.0,98800.0,-1200.0
1461,Marlowe Moreno,martingale,100.0,100000.0,50000.0,826,1,0.0,129200.0,129200.0,29200.0
1462,Myles Miranda,martingale,100.0,100000.0,50000.0,641,1,0.0,117200.0,117200.0,17200.0
1463,Amina Browning,martingale,100.0,100000.0,50000.0,359,3,0.0,71200.0,71200.0,-28800.0
1464,Rohan Hardin,martingale,100.0,100000.0,50000.0,547,1,0.0,103700.0,103700.0,3700.0
1465,Vada Dickson,martingale,100.0,100000.0,50000.0,311,2,0.0,92400.0,92400.0,-7600.0
1466,Maxton Estes,martingale,100.0,100000.0,50000.0,384,3,0.0,110600.0,110600.0,10600.0
1467,Brittany Reed,martingale,100.0,100000.0,50000.0,31,1,0.0,4900.0,4900.0,-95100.0
1468,Easton Preston,martingale,100.0,100000.0,50000.0,511,1,0.0,112000.0,112000.0,12000.0
1469,Indie Morris,martingale,100.0,100000.0,50000.0,526,1,0.0,116100.0,116100.0,16100.0
1470,Christian Blackburn,martingale,100.0,100000.0,50000.0,559,2,0.0,120600.0,120600.0,20600.0
1471,Frida Bond,martingale,100.0,100000.0,50000.0,551,2,0.0,124300.0,124300.0,24300.0
1472,Roger Cunningham,martingale,100.0,100000.0,50000.0,295,4,0.0,99400.0,99400.0,-600.0
1473,Marley Richmond,martingale,100.0,100000.0,50000.0,478,3,0.0,121800.0,121800.0,21800.0
1474,Mordechai Porter,martingale,100.0,100000.0,50000.0,435,1,0.0,99500.0,99500.0,-500.0
1475,Ryleigh Miles,martingale,100.0,100000.0,50000.0,421,2,0.0,102900.0,102900.0,2900.0
1476,Jared Brock,martingale,100.0,100000.0,50000.0,33,1,0.0,4900.0,4900.0,-95100.0
1477,Jada Weiss,martingale,100.0,100000.0,50000.0,207,3,0.0,80600.0,80600.0,-19400.0
1478,Koa Castaneda,martingale,100.0,100000.0,50000.0,491,3,0.0,121900.0,121900.0,21900.0
1479,Keira Melendez,martingale,100.0,100000.0,50000.0,570,1,0.0,112500.0,112500.0,12500.0
1480,Nikolas Cordova,martingale,100.0,100000.0,50000.0,517,1,0.0,119500.0,119500.0,19500.0
1481,Florence Smith,martingale,100.0,100000.0,50000.0,429,1,0.0,67000.0,67000.0,-33000.0
1482,Liam Lambert,martingale,100.0,100000.0,50000.0,601,1,0.0,115400.0,115400.0,15400.0
1483,Nina Alfaro,martingale,100.0,100000.0,50000.0,312,1,0.0,102500.0,102500.0,2500.0
1484,Xzavier Keith,martingale,100.0,100000.0,50000.0,392,1,0.0,73200.0,73200.0,-26800.0
1485,Elyse Barr,martingale,100.0,100000.0,50000.0,644,1,0.0,128700.0,128700.0,28700.0
1486,Harley Jaramillo,martingale,100.0,100000.0,50000.0,625,2,0.0,119300.0,119300.0,19300.0
1487,Guadalupe Benton,martingale,100.0,100000.0,50000.0,593,1,0.0,124200.0,124200.0,24200.0
1488,Jamal Gonzales,martingale,100.0,100000.0,50000.0,751,1,0.0,136400.0,136400.0,36400.0
1489,Hadley Taylor,martingale,100.0,100000.0,50000.0,632,1,0.0,125600.0,125600.0,25600.0
1490,Jackson Odom,martingale,100.0,100000.0,50000.0,66,1,0.0,32100.0,32100.0,-67900.0
1491,Laylani Rogers,martingale,100.0,100000.0,50000.0,595,1,0.0,118900.0,118900.0,18900.0
1492,Colton Dillon,martingale,100.0,100000.0,50000.0,607,1,0.0,110300.0,110300.0,10300.0
1493,Laurel Bell,martingale,100.0,100000.0,50000.0,132,1,0.0,22000.0,22000.0,-78000.0
1494,Emmett Macdonald,martingale,100.0,100000.0,50000.0,323,2,0.0,74800.0,74800.0,-25200.0
1495,Rosalia Schneider,martingale,100.0,100000.0,50000.0,565,1,0.0,94200.0,94200.0,-5800.0
1496,Raymond Atkinson,martingale,100.0,100000.0,50000.0,533,2,0.0,120700.0,120700.0,20700.0
1497,Jazmin Guerra,martingale,100.0,100000.0,50000.0,311,1,0.0,82000.0,82000.0,-18000.0
1498,Leland Melton,martingale,100.0,100000.0,50000.0,642,2,0.0,130000.0,130000.0,30000.0
1499,Kamiyah Blevins,martingale,100.0,100000.0,50000.0,383,1,0.0,112000.0,112000.0,12000.0
1500,Avi Ali,martingale,100.0,100000.0,50000.0,470,2,0.0,120100.0,120100.0,20100.0
1501,Zelda Rivas,martingale,100.0,100000.0,50000.0,365,1,0.0,92300.0,92300.0,-7700.0
1502,Damon Guerra,martingale,100.0,100000.0,50000.0,37,1,0.0,8500.0,8500.0,-91500.0
1503,Edith Vaughn,martingale,100.0,100000.0,50000.0,611,0,0.0,128200.0,128200.0,28200.0
1504,Remy George,martingale,100.0,100000.0,50000.0,287,1,0.0,99200.0,99200.0,-800.0
1505,Adelyn Kim,martingale,100.0,100000.0,50000.0,342,2,0.0,100800.0,100800.0,800.0
1506,Roman Blackwell,martingale,100.0,100000.0,50000.0,84,1,0.0,15700.0,15700.0,-84300.0
1507,Saoirse Kirby,martingale,100.0,100000.0,50000.0,201,3,0.0,86200.0,86200.0,-13800.0
1508,Tony Murillo,martingale,100.0,100000.0,50000.0,518,3,0.0,118800.0,118800.0,18800.0
1509,Mikaela Patel,martingale,100.0,100000.0,50000.0,683,1,0.0,124900.0,124900.0,24900.0
1510,Parker McDowell,martingale,100.0,100000.0,50000.0,723,1,0.0,134700.0,134700.0,34700.0
1511,Rayna Hayden,martingale,100.0,100000.0,50000.0,397,1,0.0,103900.0,103900.0,3900.0
1512,Leroy Duffy,martingale,100.0,100000.0,50000.0,221,1,0.0,46100.0,46100.0,-53900.0
1513,Addisyn Simon,martingale,100.0,100000.0,50000.0,625,4,0.0,125000.0,125000.0,25000.0
1514,Zayne Sheppard,martingale,100.0,100000.0,50000.0,122,1,0.0,19200.0,19200.0,-80800.0
1515,Veda Wright,martingale,100.0,100000.0,50000.0,384,3,0.0,100600.0,100600.0,600.0
1516,Grayson Ayala,martingale,100.0,100000.0,50000.0,496,1,0.0,120900.0,120900.0,20900.0
1517,Blair Grant,martingale,100.0,100000.0,50000.0,586,2,0.0,123100.0,123100.0,23100.0
1518,Leon Randolph,martingale,100.0,100000.0,50000.0,555,1,0.0,118800.0,118800.0,18800.0
1519,Kailey Blankenship,martingale,100.0,100000.0,50000.0,526,1,0.0,120300.0,120300.0,20300.0
1520,Ernesto Blanchard,martingale,100.0,100000.0,50000.0,307,2,0.0,92900.0,92900.0,-7100.0
1521,Layne Schwartz,martingale,100.0,100000.0,50000.0,299,1,0.0,90600.0,90600.0,-9400.0
1522,Edwin Vaughan,martingale,100.0,100000.0,50000.0,575,2,0.0,123000.0,123000.0,23000.0
1523,Nancy Porter,martingale,100.0,100000.0,50000.0,492,2,0.0,122400.0,122400.0,22400.0
1524,Rhett Vu,martingale,100.0,100000.0,50000.0,326,2,0.0,92700.0,92700.0,-7300.0
1525,Kimora Ramos,martingale,100.0,100000.0,50000.0,590,4,0.0,124200.0,124200.0,24200.0
1526,Angel Decker,martingale,100.0,100000.0,50000.0,14,1,0.0,400.0,400.0,-99600.0
1527,Aleena Stephens,martingale,100.0,100000.0,50000.0,572,2,0.0,121800.0,121800.0,21800.0
1528,Messiah Zamora,martingale,100.0,100000.0,50000.0,281,2,0.0,83900.0,83900.0,-16100.0
1529,Sierra Boyle,martingale,100.0,100000.0,50000.0,681,4,0.0,130600.0,130600.0,30600.0
1530,Robin Alexander,martingale,100.0,100000.0,50000.0,615,1,0.0,118600.0,118600.0,18600.0
1531,Lyla Washington,martingale,100.0,100000.0,50000.0,426,2,0.0,114000.0,114000.0,14000.0
1532,Juan Bowman,martingale,100.0,100000.0,50000.0,794,0,0.0,141900.0,141900.0,41900.0
1533,Fiona Wolfe,martingale,100.0,100000.0,50000.0,436,1,0.0,110400.0,110400.0,10400.0
1534,Donovan Ruiz,martingale,100.0,100000.0,50000.0,418,1,0.0,77600.0,77600.0,-22400.0
1535,Emery Livingston,martingale,100.0,100000.0,50000.0,450,4,0.0,105000.0,105000.0,5000.0
1536,Ambrose Boone,martingale,100.0,100000.0,50000.0,51,1,0.0,7500.0,7500.0,-92500.0
1537,Mariam Kelly,martingale,100.0,100000.0,50000.0,178,2,0.0,93600.0,93600.0,-6400.0
1538,Cooper Middleton,martingale,100.0,100000.0,50000.0,454,2,0.0,120200.0,120200.0,20200.0
1539,Madalyn Cortes,martingale,100.0,100000.0,50000.0,281,1,0.0,86100.0,86100.0,-13900.0
1540,Banks Villegas,martingale,100.0,100000.0,50000.0,484,2,0.0,121300.0,121300.0,21300.0
1541,Jessie Morton,martingale,100.0,100000.0,50000.0,388,3,0.0,101300.0,101300.0,1300.0
1542,Roland Xiong,martingale,100.0,100000.0,50000.0,287,4,0.0,75400.0,75400.0,-24600.0
1543,Amayah Faulkner,martingale,100.0,100000.0,50000.0,563,3,0.0,117300.0,117300.0,17300.0
1544,Jabari McGuire,martingale,100.0,100000.0,50000.0,615,2,0.0,127900.0,127900.0,27900.0
1545,April Savage,martingale,100.0,100000.0,50000.0,527,2,0.0,123100.0,123100.0,23100.0
1546,Keaton Rowland,martingale,100.0,100000.0,50000.0,352,4,0.0,106900.0,106900.0,6900.0
1547,Harleigh Small,martingale,100.0,100000.0,50000.0,543,1,0.0,109400.0,109400.0,9400.0
1548,Rudy Swanson,martingale,100.0,100000.0,50000.0,125,2,0.0,56000.0,56000.0,-44000.0
1549,Helen Ferguson,martingale,100.0,100000.0,50000.0,426,2,0.0,109200.0,109200.0,9200.0
1550,Miguel Crawford,martingale,100.0,100000.0,50000.0,563,2,0.0,116300.0,116300.0,16300.0
1551,Aubree Tapia,martingale,100.0,100000.0,50000.0,438,3,0.0,110500.0,110500.0,10500.0
1552,Samir Berg,martingale,100.0,100000.0,50000.0,744,1,0.0,127700.0,127700.0,27700.0
1553,Emmalyn Calhoun,martingale,100.0,100000.0,50000.0,559,1,0.0,122100.0,122100.0,22100.0
1554,Gary Stout,martingale,100.0,100000.0,50000.0,442,2,0.0,108700.0,108700.0,8700.0
1555,Chana Griffin,martingale,100.0,100000.0,50000.0,377,2,0.0,106000.0,106000.0,6000.0
1556,Ayden Adams,martingale,100.0,100000.0,50000.0,19,1,0.0,1100.0,1100.0,-98900.0
1557,Stella Crawford,martingale,100.0,100000.0,50000.0,26,1,0.0,1600.0,1600.0,-98400.0
1558,Kevin Brennan,martingale,100.0,100000.0,50000.0,540,2,0.0,122800.0,122800.0,22800.0
1559,Elodie Phan,martingale,100.0,100000.0,50000.0,434,1,0.0,94400.0,94400.0,-5600.0
1560,Maison Armstrong,martingale,100.0,100000.0,50000.0,447,2,0.0,118700.0,118700.0,18700.0
1561,Presley Edwards,martingale,100.0,100000.0,50000.0,318,1,0.0,69400.0,69400.0,-30600.0
1562,Adrian Murray,martingale,100.0,100000.0,50000.0,369,2,0.0,96900.0,96900.0,-3100.0
1563,Faith Duncan,martingale,100.0,100000.0,50000.0,762,1,0.0,129400.0,129400.0,29400.0
1564,Avery Hall,martingale,100.0,100000.0,50000.0,632,2,0.0,126600.0,126600.0,26600.0
1565,Leah Thornton,martingale,100.0,100000.0,50000.0,515,2,0.0,113000.0,113000.0,13000.0
1566,Malik Frost,martingale,100.0,100000.0,50000.0,118,1,0.0,29800.0,29800.0,-70200.0
1567,Paula Robinson,martingale,100.0,100000.0,50000.0,424,1,0.0,109000.0,109000.0,9000.0
1568,Matthew Mason,martingale,100.0,100000.0,50000.0,598,1,0.0,125400.0,125400.0,25400.0
1569,Sienna Ramos,martingale,100.0,100000.0,50000.0,406,1,0.0,72400.0,72400.0,-27600.0
1570,Angel Morrow,martingale,100.0,100000.0,50000.0,387,3,0.0,102200.0,102200.0,2200.0
1571,Reyna Duran,martingale,100.0,100000.0,50000.0,358,1,0.0,110400.0,110400.0,10400.0
1572,Ismael Fry,martingale,100.0,100000.0,50000.0,458,1,0.0,105300.0,105300.0,5300.0
1573,Clarissa Walter,martingale,100.0,100000.0,50000.0,342,2,0.0,104700.0,104700.0,4700.0
1574,Lochlan Peters,martingale,100.0,100000.0,50000.0,432,3,0.0,114800.0,114800.0,14800.0
1575,Leila Chavez,martingale,100.0,100000.0,50000.0,414,2,0.0,99500.0,99500.0,-500.0
1576,Ian Waller,martingale,100.0,100000.0,50000.0,276,1,0.0,60800.0,60800.0,-39200.0
1577,Whitley Graves,martingale,100.0,100000.0,50000.0,598,3,0.0,127400.0,127400.0,27400.0
1578,Cesar Frye,martingale,100.0,100000.0,50000.0,505,0,0.0,123600.0,123600.0,23600.0
1579,Raya Kirby,martingale,100.0,100000.0,50000.0,180,1,0.0,82400.0,82400.0,-17600.0
1580,Tony Mullen,martingale,100.0,100000.0,50000.0,523,2,0.0,119200.0,119200.0,19200.0
1581,Shay Strong,martingale,100.0,100000.0,50000.0,371,1,0.0,106200.0,106200.0,6200.0
1582,Axl Patrick,martingale,100.0,100000.0,50000.0,634,0,0.0,132300.0,132300.0,32300.0
1583,Lyra Harrell,martingale,100.0,100000.0,50000.0,361,3,0.0,90200.0,90200.0,-9800.0
1584,Nelson Tucker,martingale,100.0,100000.0,50000.0,637,1,0.0,128700.0,128700.0,28700.0
1585,Esther Hammond,martingale,100.0,100000.0,50000.0,177,1,0.0,55700.0,55700.0,-44300.0
1586,Francis Maynard,martingale,100.0,100000.0,50000.0,495,1,0.0,92300.0,92300.0,-7700.0
1587,Carolyn Goodman,martingale,100.0,100000.0,50000.0,212,1,0.0,77900.0,77900.0,-22100.0
1588,Philip Sherman,martingale,100.0,100000.0,50000.0,715,1,0.0,134600.0,134600.0,34600.0
1589,Addilyn Crane,martingale,100.0,100000.0,50000.0,499,2,0.0,123300.0,123300.0,23300.0
1590,Fox Daugherty,martingale,100.0,100000.0,50000.0,265,1,0.0,50500.0,50500.0,-49500.0
1591,Magdalena Petersen,martingale,100.0,100000.0,50000.0,609,1,0.0,124700.0,124700.0,24700.0
1592,Samson Wu,martingale,100.0,100000.0,50000.0,517,1,0.0,108000.0,108000.0,8000.0
1593,Liana Hanna,martingale,100.0,100000.0,50000.0,638,1,0.0,121900.0,121900.0,21900.0
1594,Aydin Castillo,martingale,100.0,100000.0,50000.0,345,2,0.0,109500.0,109500.0,9500.0
1595,Eva Everett,martingale,100.0,100000.0,50000.0,57,1,0.0,8700.0,8700.0,-91300.0
1596,Camilo Cobb,martingale,100.0,100000.0,50000.0,263,3,0.0,108500.0,108500.0,8500.0
1597,Aviana Shah,martingale,100.0,100000.0,50000.0,475,1,0.0,122200.0,122200.0,22200.0
1598,Zain Quinn,martingale,100.0,100000.0,50000.0,266,2,0.0,83200.0,83200.0,-16800.0
1599,Heaven Greer,martingale,100.0,100000.0,50000.0,688,1,0.0,128800.0,128800.0,28800.0
1600,Koda Cantrell,martingale,100.0,100000.0,50000.0,490,2,0.0,105400.0,105400.0,5400.0
1601,Yamileth Cardenas,martingale,100.0,100000.0,50000.0,607,1,0.0,119900.0,119900.0,19900.0
1602,Johnathan Guevara,martingale,100.0,100000.0,50000.0,59,1,0.0,7900.0,7900.0,-92100.0
1603,Teresa Santos,martingale,100.0,100000.0,50000.0,96,1,0.0,15700.0,15700.0,-84300.0
1604,Walker Marshall,martingale,100.0,100000.0,50000.0,542,2,0.0,124700.0,124700.0,24700.0
1605,Adalyn Haley,martingale,100.0,100000.0,50000.0,524,1,0.0,122800.0,122800.0,22800.0
1606,Leif Bradford,martingale,100.0,100000.0,50000.0,184,2,0.0,61500.0,61500.0,-38500.0
1607,Rhea Simpson,martingale,100.0,100000.0,50000.0,442,1,0.0,116200.0,116200.0,16200.0
1608,Elliott Todd,martingale,100.0,100000.0,50000.0,683,1,0.0,128300.0,128300.0,28300.0
1609,Zariah Pratt,martingale,100.0,100000.0,50000.0,50,1,0.0,5000.0,5000.0,-95000.0
1610,Rowen Carroll,martingale,100.0,100000.0,50000.0,478,1,0.0,120200.0,120200.0,20200.0
1611,Zara Shaffer,martingale,100.0,100000.0,50000.0,180,1,0.0,47200.0,47200.0,-52800.0
1612,Dexter Hubbard,martingale,100.0,100000.0,50000.0,653,2,0.0,111400.0,111400.0,11400.0
1613,Rosie Avila,martingale,100.0,100000.0,50000.0,582,1,0.0,110700.0,110700.0,10700.0
1614,Jaylen Nolan,martingale,100.0,100000.0,50000.0,616,1,0.0,130600.0,130600.0,30600.0
1615,Itzayana Massey,martingale,100.0,100000.0,50000.0,550,2,0.0,126000.0,126000.0,26000.0
1616,Donald Goodwin,martingale,100.0,100000.0,50000.0,492,2,0.0,104400.0,104400.0,4400.0
1617,Shiloh Bates,martingale,100.0,100000.0,50000.0,279,4,0.0,102300.0,102300.0,2300.0
1618,Ellis Pena,martingale,100.0,100000.0,50000.0,492,1,0.0,111600.0,111600.0,11600.0
1619,Rachel Charles,martingale,100.0,100000.0,50000.0,399,3,0.0,111200.0,111200.0,11200.0
1620,Conrad Stevenson,martingale,100.0,100000.0,50000.0,331,1,0.0,79700.0,79700.0,-20300.0
1621,Regina Maynard,martingale,100.0,100000.0,50000.0,530,4,0.0,125800.0,125800.0,25800.0
1622,Landry Cervantes,martingale,100.0,100000.0,50000.0,239,2,0.0,70900.0,70900.0,-29100.0
1623,Aylin Higgins,martingale,100.0,100000.0,50000.0,442,2,0.0,110400.0,110400.0,10400.0
1624,Sterling Solomon,martingale,100.0,100000.0,50000.0,594,1,0.0,125200.0,125200.0,25200.0
1625,Mylah Le,martingale,100.0,100000.0,50000.0,698,2,0.0,134800.0,134800.0,34800.0
1626,Damien Bender,martingale,100.0,100000.0,50000.0,344,2,0.0,115400.0,115400.0,15400.0
1627,Lilyana Landry,martingale,100.0,100000.0,50000.0,219,1,0.0,45800.0,45800.0,-54200.0
1628,Jaxx Schmitt,martingale,100.0,100000.0,50000.0,492,3,0.0,117900.0,117900.0,17900.0
1629,Queen Brooks,martingale,100.0,100000.0,50000.0,779,1,0.0,140300.0,140300.0,40300.0
1630,Jordan Singh,martingale,100.0,100000.0,50000.0,735,4,0.0,133600.0,133600.0,33600.0
1631,Vivienne Gardner,martingale,100.0,100000.0,50000.0,589,1,0.0,105400.0,105400.0,5400.0
1632,Alan Greer,martingale,100.0,100000.0,50000.0,160,1,0.0,75100.0,75100.0,-24900.0
1633,Reina Robertson,martingale,100.0,100000.0,50000.0,403,2,0.0,114800.0,114800.0,14800.0
1634,Emiliano Beard,martingale,100.0,100000.0,50000.0,516,2,0.0,120300.0,120300.0,20300.0
1635,Ezra Vaughan,martingale,100.0,100000.0,50000.0,494,2,0.0,119300.0,119300.0,19300.0
1636,Castiel Stanley,martingale,100.0,100000.0,50000.0,556,1,0.0,118100.0,118100.0,18100.0
1637,Gracelyn Correa,martingale,100.0,100000.0,50000.0,499,3,0.0,122200.0,122200.0,22200.0
1638,Zakai Liu,martingale,100.0,100000.0,50000.0,583,1,0.0,127600.0,127600.0,27600.0
1639,Kate McCall,martingale,100.0,100000.0,50000.0,439,1,0.0,89200.0,89200.0,-10800.0
1640,Kiaan Pruitt,martingale,100.0,100000.0,50000.0,86,1,0.0,10800.0,10800.0,-89200.0
1641,Brylee Morris,martingale,100.0,100000.0,50000.0,388,1,0.0,74200.0,74200.0,-25800.0
1642,Christian Conner,martingale,100.0,100000.0,50000.0,313,1,0.0,82300.0,82300.0,-17700.0
1643,Alondra Roberts,martingale,100.0,100000.0,50000.0,204,3,0.0,65600.0,65600.0,-34400.0
1644,Josiah Mayer,martingale,100.0,100000.0,50000.0,570,1,0.0,116400.0,116400.0,16400.0
1645,Ainhoa Reed,martingale,100.0,100000.0,50000.0,298,1,0.0,79200.0,79200.0,-20800.0
1646,Easton Santos,martingale,100.0,100000.0,50000.0,474,2,0.0,93600.0,93600.0,-6400.0
1647,Alana Bryan,martingale,100.0,100000.0,50000.0,624,2,0.0,123900.0,123900.0,23900.0
1648,Jaxtyn Ho,martingale,100.0,100000.0,50000.0,132,1,0.0,37200.0,37200.0,-62800.0
1649,Calliope Hunt,martingale,100.0,100000.0,50000.0,652,4,0.0,129800.0,129800.0,29800.0
1650,Jesus Freeman,martingale,100.0,100000.0,50000.0,416,3,0.0,107800.0,107800.0,7800.0
1651,Norah Nielsen,martingale,100.0,100000.0,50000.0,174,1,0.0,53500.0,53500.0,-46500.0
1652,Tru Person,martingale,100.0,100000.0,50000.0,607,0,0.0,129000.0,129000.0,29000.0
1653,Dylan Hobbs,martingale,100.0,100000.0,50000.0,313,1,0.0,78400.0,78400.0,-21600.0
1654,Brendan Yu,martingale,100.0,100000.0,50000.0,575,2,0.0,128000.0,128000.0,28000.0
1655,Navy Branch,martingale,100.0,100000.0,50000.0,308,1,0.0,83200.0,83200.0,-16800.0
1656,Keenan Preston,martingale,100.0,100000.0,50000.0,572,3,0.0,121600.0,121600.0,21600.0
1657,Indie Atkins,martingale,100.0,100000.0,50000.0,711,1,0.0,125200.0,125200.0,25200.0
1658,Cason Walsh,martingale,100.0,100000.0,50000.0,592,1,0.0,117600.0,117600.0,17600.0
1659,Leia Kennedy,martingale,100.0,100000.0,50000.0,596,1,0.0,104200.0,104200.0,4200.0
1660,Maxwell Hunt,martingale,100.0,100000.0,50000.0,250,2,0.0,63500.0,63500.0,-36500.0
1661,Genevieve Chavez,martingale,100.0,100000.0,50000.0,137,1,0.0,18500.0,18500.0,-81500.0
1662,Ian Wade,martingale,100.0,100000.0,50000.0,746,1,0.0,135000.0,135000.0,35000.0
1663,Evie Quintero,martingale,100.0,100000.0,50000.0,779,1,0.0,136200.0,136200.0,36200.0
1664,Thatcher Carey,martingale,100.0,100000.0,50000.0,351,1,0.0,101400.0,101400.0,1400.0
1665,Alora Barr,martingale,100.0,100000.0,50000.0,254,2,0.0,90200.0,90200.0,-9800.0
1666,Harley Dodson,martingale,100.0,100000.0,50000.0,222,2,0.0,61400.0,61400.0,-38600.0
1667,Etta Tyler,martingale,100.0,100000.0,50000.0,222,2,0.0,65800.0,65800.0,-34200.0
1668,Emmitt Davila,martingale,100.0,100000.0,50000.0,386,1,0.0,95400.0,95400.0,-4600.0
1669,Rayne Avila,martingale,100.0,100000.0,50000.0,342,3,0.0,93700.0,93700.0,-6300.0
1670,Jaylen Stewart,martingale,100.0,100000.0,50000.0,527,0,0.0,125000.0,125000.0,25000.0
1671,Maya Wall,martingale,100.0,100000.0,50000.0,698,2,0.0,133000.0,133000.0,33000.0
1672,Issac O’Donnell,martingale,100.0,100000.0,50000.0,570,2,0.0,122300.0,122300.0,22300.0
1673,Bellamy Pruitt,martingale,100.0,100000.0,50000.0,418,1,0.0,95800.0,95800.0,-4200.0
1674,Gatlin Lewis,martingale,100.0,100000.0,50000.0,260,1,0.0,71300.0,71300.0,-28700.0
1675,Ellie Dennis,martingale,100.0,100000.0,50000.0,425,2,0.0,111300.0,111300.0,11300.0
1676,Emanuel Hodge,martingale,100.0,100000.0,50000.0,428,1,0.0,103600.0,103600.0,3600.0
1677,Coraline Salgado,martingale,100.0,100000.0,50000.0,393,2,0.0,113500.0,113500.0,13500.0
1678,Trace McIntosh,martingale,100.0,100000.0,50000.0,580,1,0.0,115200.0,115200.0,15200.0
1679,Gwen Caldwell,martingale,100.0,100000.0,50000.0,429,1,0.0,118400.0,118400.0,18400.0
1680,Rylan Knapp,martingale,100.0,100000.0,50000.0,97,1,0.0,16400.0,16400.0,-83600.0
1681,Linda Owen,martingale,100.0,100000.0,50000.0,318,3,0.0,108700.0,108700.0,8700.0
1682,Cannon Khan,martingale,100.0,100000.0,50000.0,696,2,0.0,124100.0,124100.0,24100.0
1683,Mabel Watts,martingale,100.0,100000.0,50000.0,40,1,0.0,5800.0,5800.0,-94200.0
1684,Dakota Chen,martingale,100.0,100000.0,50000.0,492,0,0.0,122800.0,122800.0,22800.0
1685,Valeria Huerta,martingale,100.0,100000.0,50000.0,433,2,0.0,107500.0,107500.0,7500.0
1686,Douglas Park,martingale,100.0,100000.0,50000.0,90,1,0.0,38500.0,38500.0,-61500.0
1687,Lia Barber,martingale,100.0,100000.0,50000.0,516,1,0.0,121200.0,121200.0,21200.0
1688,Solomon Randall,martingale,100.0,100000.0,50000.0,805,3,0.0,135200.0,135200.0,35200.0
1689,Christina Collier,martingale,100.0,100000.0,50000.0,524,2,0.0,113100.0,113100.0,13100.0
1690,Edison Lyons,martingale,100.0,100000.0,50000.0,621,3,0.0,128300.0,128300.0,28300.0
1691,Kenzie O’Donnell,martingale,100.0,100000.0,50000.0,303,2,0.0,99400.0,99400.0,-600.0
1692,Lian Turner,martingale,100.0,100000.0,50000.0,585,1,0.0,109300.0,109300.0,9300.0
1693,Brooklyn McMahon,martingale,100.0,100000.0,50000.0,170,1,0.0,29900.0,29900.0,-70100.0
1694,Jakob Herring,martingale,100.0,100000.0,50000.0,606,1,0.0,121700.0,121700.0,21700.0
1695,Denver Maldonado,martingale,100.0,100000.0,50000.0,235,1,0.0,58500.0,58500.0,-41500.0
1696,Javier Ventura,martingale,100.0,100000.0,50000.0,509,2,0.0,123900.0,123900.0,23900.0
1697,Zora Barnes,martingale,100.0,100000.0,50000.0,384,3,0.0,80700.0,80700.0,-19300.0
1698,Damian Schultz,martingale,100.0,100000.0,50000.0,372,2,0.0,88700.0,88700.0,-11300.0
1699,Briella Villanueva,martingale,100.0,100000.0,50000.0,285,2,0.0,77800.0,77800.0,-22200.0
1700,Huxley Compton,martingale,100.0,100000.0,50000.0,303,1,0.0,79000.0,79000.0,-21000.0
1701,Elina Webster,martingale,100.0,100000.0,50000.0,187,3,0.0,57300.0,57300.0,-42700.0
1702,Shawn Tucker,martingale,100.0,100000.0,50000.0,661,2,0.0,122100.0,122100.0,22100.0
1703,Esther Gardner,martingale,100.0,100000.0,50000.0,22,1,0.0,2300.0,2300.0,-97700.0
1704,Alan Dixon,martingale,100.0,100000.0,50000.0,569,1,0.0,125300.0,125300.0,25300.0
1705,Blakely Vance,martingale,100.0,100000.0,50000.0,764,1,0.0,138100.0,138100.0,38100.0
1706,Casen Olsen,martingale,100.0,100000.0,50000.0,298,1,0.0,62900.0,62900.0,-37100.0
1707,Oaklyn Anthony,martingale,100.0,100000.0,50000.0,366,2,0.0,86800.0,86800.0,-13200.0
1708,Shiloh Turner,martingale,100.0,100000.0,50000.0,722,2,0.0,133700.0,133700.0,33700.0
1709,Brooklyn Fry,martingale,100.0,100000.0,50000.0,463,2,0.0,96700.0,96700.0,-3300.0
1710,Jacoby Boyle,martingale,100.0,100000.0,50000.0,540,1,0.0,116200.0,116200.0,16200.0
1711,Aliya Maldonado,martingale,100.0,100000.0,50000.0,380,2,0.0,93900.0,93900.0,-6100.0
1712,Javier Hubbard,martingale,100.0,100000.0,50000.0,452,1,0.0,88400.0,88400.0,-11600.0
1713,Rosie Livingston,martingale,100.0,100000.0,50000.0,49,1,0.0,4900.0,4900.0,-95100.0
1714,Ambrose Moreno,martingale,100.0,100000.0,50000.0,192,1,0.0,33300.0,33300.0,-66700.0
1715,Mary Gilmore,martingale,100.0,100000.0,50000.0,403,2,0.0,93700.0,93700.0,-6300.0
1716,Vihaan Chambers,martingale,100.0,100000.0,50000.0,585,2,0.0,117200.0,117200.0,17200.0
1717,Makayla Medrano,martingale,100.0,100000.0,50000.0,621,1,0.0,126400.0,126400.0,26400.0
1718,Arian Parrish,martingale,100.0,100000.0,50000.0,522,3,0.0,119100.0,119100.0,19100.0
1719,Tiana Liu,martingale,100.0,100000.0,50000.0,470,1,0.0,118600.0,118600.0,18600.0
1720,Pedro Pineda,martingale,100.0,100000.0,50000.0,684,1,0.0,130500.0,130500.0,30500.0
1721,Nola Valencia,martingale,100.0,100000.0,50000.0,240,3,0.0,85700.0,85700.0,-14300.0
1722,Dax Kim,martingale,100.0,100000.0,50000.0,681,2,0.0,132100.0,132100.0,32100.0
1723,Gabriella Burton,martingale,100.0,100000.0,50000.0,389,1,0.0,87500.0,87500.0,-12500.0
1724,Zander Bartlett,martingale,100.0,100000.0,50000.0,391,3,0.0,107600.0,107600.0,7600.0
1725,Aubrielle Randolph,martingale,100.0,100000.0,50000.0,339,2,0.0,98500.0,98500.0,-1500.0
1726,Eugene Bridges,martingale,100.0,100000.0,50000.0,543,3,0.0,125300.0,125300.0,25300.0
1727,Elora Yates,martingale,100.0,100000.0,50000.0,494,2,0.0,113200.0,113200.0,13200.0
1728,Braylon Santiago,martingale,100.0,100000.0,50000.0,436,2,0.0,115300.0,115300.0,15300.0
1729,Nyla Eaton,martingale,100.0,100000.0,50000.0,396,2,0.0,111200.0,111200.0,11200.0
1730,Leighton Lara,martingale,100.0,100000.0,50000.0,463,3,0.0,97100.0,97100.0,-2900.0
1731,Heidi Griffin,martingale,100.0,100000.0,50000.0,414,2,0.0,116500.0,116500.0,16500.0
1732,Ayden Stuart,martingale,100.0,100000.0,50000.0,45,1,0.0,4600.0,4600.0,-95400.0
1733,Stormi Hansen,martingale,100.0,100000.0,50000.0,37,1,0.0,3200.0,3200.0,-96800.0
1734,Charlie Quintero,martingale,100.0,100000.0,50000.0,196,1,0.0,90600.0,90600.0,-9400.0
1735,Keyla Wall,martingale,100.0,100000.0,50000.0,311,3,0.0,82000.0,82000.0,-18000.0
1736,Issac Sloan,martingale,100.0,100000.0,50000.0,336,2,0.0,81700.0,81700.0,-18300.0
1737,Selene Fernandez,martingale,100.0,100000.0,50000.0,659,2,0.0,127400.0,127400.0,27400.0
1738,Bentley Howard,martingale,100.0,100000.0,50000.0,469,2,0.0,116800.0,116800.0,16800.0
1739,Sophie French,martingale,100.0,100000.0,50000.0,358,2,0.0,113700.0,113700.0,13700.0
1740,Corey Ahmed,martingale,100.0,100000.0,50000.0,524,2,0.0,125600.0,125600.0,25600.0
1741,Jolie Vega,martingale,100.0,100000.0,50000.0,531,3,0.0,123200.0,123200.0,23200.0
1742,Aidan Stephenson,martingale,100.0,100000.0,50000.0,500,1,0.0,116700.0,116700.0,16700.0
1743,Khaleesi Vasquez,martingale,100.0,100000.0,50000.0,37,1,0.0,3900.0,3900.0,-96100.0
1744,Rowan McIntyre,martingale,100.0,100000.0,50000.0,233,1,0.0,62000.0,62000.0,-38000.0
1745,Rebekah Marin,martingale,100.0,100000.0,50000.0,454,3,0.0,121300.0,121300.0,21300.0
1746,Aldo Barber,martingale,100.0,100000.0,50000.0,540,3,0.0,122700.0,122700.0,22700.0
1747,Cassidy Howe,martingale,100.0,100000.0,50000.0,391,4,0.0,112900.0,112900.0,12900.0
1748,Alaric Liu,martingale,100.0,100000.0,50000.0,521,1,0.0,122300.0,122300.0,22300.0
1749,Kate Huber,martingale,100.0,100000.0,50000.0,644,1,0.0,123800.0,123800.0,23800.0
1750,Mac Reid,martingale,100.0,100000.0,50000.0,463,1,0.0,104600.0,104600.0,4600.0
1751,Charlee Simpson,martingale,100.0,100000.0,50000.0,511,3,0.0,117300.0,117300.0,17300.0
1752,Elliott Black,martingale,100.0,100000.0,50000.0,142,2,0.0,62300.0,62300.0,-37700.0
1753,Molly Molina,martingale,100.0,100000.0,50000.0,491,1,0.0,113900.0,113900.0,13900.0
1754,Prince Haley,martingale,100.0,100000.0,50000.0,474,2,0.0,110100.0,110100.0,10100.0
1755,Addilynn Dennis,martingale,100.0,100000.0,50000.0,507,2,0.0,114900.0,114900.0,14900.0
1756,Emanuel Perry,martingale,100.0,100000.0,50000.0,548,1,0.0,98300.0,98300.0,-1700.0
1757,Clara Bailey,martingale,100.0,100000.0,50000.0,106,1,0.0,33000.0,33000.0,-67000.0
1758,Axel Fitzgerald,martingale,100.0,100000.0,50000.0,116,1,0.0,18900.0,18900.0,-81100.0
1759,Marlee Lin,martingale,100.0,100000.0,50000.0,525,2,0.0,124500.0,124500.0,24500.0
1760,Conor Kent,martingale,100.0,100000.0,50000.0,393,1,0.0,78400.0,78400.0,-21600.0
1761,Jazmine Curtis,martingale,100.0,100000.0,50000.0,348,0,0.0,115200.0,115200.0,15200.0
1762,Muhammad Osborne,martingale,100.0,100000.0,50000.0,565,1,0.0,123000.0,123000.0,23000.0
1763,Shelby Garrett,martingale,100.0,100000.0,50000.0,493,3,0.0,122900.0,122900.0,22900.0
1764,Kairo Shaw,martingale,100.0,100000.0,50000.0,755,1,0.0,135800.0,135800.0,35800.0
1765,Emersyn Pugh,martingale,100.0,100000.0,50000.0,576,1,0.0,128000.0,128000.0,28000.0
1766,Judson Blevins,martingale,100.0,100000.0,50000.0,511,1,0.0,121800.0,121800.0,21800.0
1767,Aila Pacheco,martingale,100.0,100000.0,50000.0,297,1,0.0,103900.0,103900.0,3900.0
1768,Erik Day,martingale,100.0,100000.0,50000.0,678,1,0.0,132300.0,132300.0,32300.0
1769,Hayden Arellano,martingale,100.0,100000.0,50000.0,461,1,0.0,113400.0,113400.0,13400.0
1770,Kellan Gibbs,martingale,100.0,100000.0,50000.0,97,1,0.0,13200.0,13200.0,-86800.0
1771,Carter Cohen,martingale,100.0,100000.0,50000.0,280,3,0.0,93200.0,93200.0,-6800.0
1772,Killian Washington,martingale,100.0,100000.0,50000.0,22,1,0.0,1200.0,1200.0,-98800.0
1773,Valerie Meadows,martingale,100.0,100000.0,50000.0,514,1,0.0,104900.0,104900.0,4900.0
1774,Wayne Henderson,martingale,100.0,100000.0,50000.0,444,1,0.0,120700.0,120700.0,20700.0
1775,Maria Suarez,martingale,100.0,100000.0,50000.0,506,3,0.0,112600.0,112600.0,12600.0
1776,Soren Garrison,martingale,100.0,100000.0,50000.0,496,1,0.0,123000.0,123000.0,23000.0
1777,Cadence Cuevas,martingale,100.0,100000.0,50000.0,496,1,0.0,91400.0,91400.0,-8600.0
1778,Brecken Khan,martingale,100.0,100000.0,50000.0,299,1,0.0,81400.0,81400.0,-18600.0
1779,Mabel Richardson,martingale,100.0,100000.0,50000.0,43,1,0.0,5800.0,5800.0,-94200.0
1780,Robert Snyder,martingale,100.0,100000.0,50000.0,703,1,0.0,124700.0,124700.0,24700.0
1781,Callie Garrison,martingale,100.0,100000.0,50000.0,565,1,0.0,127400.0,127400.0,27400.0
1782,Noe Howard,martingale,100.0,100000.0,50000.0,419,4,0.0,103400.0,103400.0,3400.0
1783,Sophie Villa,martingale,100.0,100000.0,50000.0,263,2,0.0,60700.0,60700.0,-39300.0
1784,Clay Zuniga,martingale,100.0,100000.0,50000.0,307,1,0.0,89100.0,89100.0,-10900.0
1785,Leslie McCall,martingale,100.0,100000.0,50000.0,565,1,0.0,102300.0,102300.0,2300.0
1786,Kiaan Brandt,martingale,100.0,100000.0,50000.0,681,2,0.0,134400.0,134400.0,34400.0
1787,Loretta Love,martingale,100.0,100000.0,50000.0,532,2,0.0,101200.0,101200.0,1200.0
1788,Jeffrey Stanton,martingale,100.0,100000.0,50000.0,374,1,0.0,77700.0,77700.0,-22300.0
1789,Jaycee Landry,martingale,100.0,100000.0,50000.0,386,1,0.0,114800.0,114800.0,14800.0
1790,Jaxx Hodges,martingale,100.0,100000.0,50000.0,631,1,0.0,127800.0,127800.0,27800.0
1791,Eve Baldwin,martingale,100.0,100000.0,50000.0,535,1,0.0,119200.0,119200.0,19200.0
1792,Jaiden Small,martingale,100.0,100000.0,50000.0,72,1,0.0,13100.0,13100.0,-86900.0
1793,Zaria Shaw,martingale,100.0,100000.0,50000.0,704,1,0.0,135300.0,135300.0,35300.0
1794,Elliot Nicholson,martingale,100.0,100000.0,50000.0,465,1,0.0,119600.0,119600.0,19600.0
1795,Justice Kerr,martingale,100.0,100000.0,50000.0,296,1,0.0,89600.0,89600.0,-10400.0
1796,Louie Carlson,martingale,100.0,100000.0,50000.0,552,2,0.0,125600.0,125600.0,25600.0
1797,Kali Buckley,martingale,100.0,100000.0,50000.0,342,4,0.0,102300.0,102300.0,2300.0
1798,Aryan Garza,martingale,100.0,100000.0,50000.0,310,2,0.0,100600.0,100600.0,600.0
1799,River Gentry,martingale,100.0,100000.0,50000.0,424,1,0.0,97800.0,97800.0,-2200.0
1800,Magnus Holloway,martingale,100.0,100000.0,50000.0,438,2,0.0,109900.0,109900.0,9900.0
1801,Mae Farley,martingale,100.0,100000.0,50000.0,602,3,0.0,118200.0,118200.0,18200.0
1802,Graysen Camacho,martingale,100.0,100000.0,50000.0,100,1,0.0,14600.0,14600.0,-85400.0
1803,Armani Hendrix,martingale,100.0,100000.0,50000.0,345,1,0.0,96200.0,96200.0,-3800.0
1804,Korbyn Lim,martingale,100.0,100000.0,50000.0,616,1,0.0,125000.0,125000.0,25000.0
1805,Giavanna Goodman,martingale,100.0,100000.0,50000.0,565,1,0.0,121600.0,121600.0,21600.0
1806,Philip Roach,martingale,100.0,100000.0,50000.0,426,2,0.0,69300.0,69300.0,-30700.0
1807,Lyanna Solomon,martingale,100.0,100000.0,50000.0,205,1,0.0,67100.0,67100.0,-32900.0
1808,Musa Cooper,martingale,100.0,100000.0,50000.0,426,1,0.0,117600.0,117600.0,17600.0
1809,Serenity Browning,martingale,100.0,100000.0,50000.0,675,3,0.0,125500.0,125500.0,25500.0
1810,Rohan Sandoval,martingale,100.0,100000.0,50000.0,298,1,0.0,70000.0,70000.0,-30000.0
1811,Elsie Howard,martingale,100.0,100000.0,50000.0,425,2,0.0,109400.0,109400.0,9400.0
1812,Jeremiah Lam,martingale,100.0,100000.0,50000.0,658,2,0.0,132300.0,132300.0,32300.0
1813,Karina Moreno,martingale,100.0,100000.0,50000.0,86,1,0.0,10800.0,10800.0,-89200.0
1814,Myles Simmons,martingale,100.0,100000.0,50000.0,255,3,0.0,83200.0,83200.0,-16800.0
1815,Reagan Santos,martingale,100.0,100000.0,50000.0,213,1,0.0,60200.0,60200.0,-39800.0
1816,Walker Greene,martingale,100.0,100000.0,50000.0,148,1,0.0,23400.0,23400.0,-76600.0
1817,Selena Horton,martingale,100.0,100000.0,50000.0,557,1,0.0,126400.0,126400.0,26400.0
1818,Garrett Macias,martingale,100.0,100000.0,50000.0,527,1,0.0,120000.0,120000.0,20000.0
1819,Adley Farmer,martingale,100.0,100000.0,50000.0,203,2,0.0,88100.0,88100.0,-11900.0
1820,Jamison Saunders,martingale,100.0,100000.0,50000.0,503,4,0.0,119700.0,119700.0,19700.0
1821,Meadow Quintana,martingale,100.0,100000.0,50000.0,415,2,0.0,115000.0,115000.0,15000.0
1822,Kelvin O’Connell,martingale,100.0,100000.0,50000.0,189,1,0.0,46400.0,46400.0,-53600.0
1823,Jillian Shields,martingale,100.0,100000.0,50000.0,218,1,0.0,85100.0,85100.0,-14900.0
1824,Devon Gillespie,martingale,100.0,100000.0,50000.0,359,1,0.0,77600.0,77600.0,-22400.0
1825,Alianna Sellers,martingale,100.0,100000.0,50000.0,703,2,0.0,130500.0,130500.0,30500.0
1826,Madden Lambert,martingale,100.0,100000.0,50000.0,356,1,0.0,112000.0,112000.0,12000.0
1827,Nina Lu,martingale,100.0,100000.0,50000.0,69,1,0.0,13200.0,13200.0,-86800.0
1828,Duncan Velez,martingale,100.0,100000.0,50000.0,302,1,0.0,87600.0,87600.0,-12400.0
1829,Megan Hines,martingale,100.0,100000.0,50000.0,115,2,0.0,77800.0,77800.0,-22200.0
1830,Uriel Olson,martingale,100.0,100000.0,50000.0,406,1,0.0,104600.0,104600.0,4600.0
1831,Isabel Hahn,martingale,100.0,100000.0,50000.0,377,2,0.0,87300.0,87300.0,-12700.0
1832,Kabir Martin,martingale,100.0,100000.0,50000.0,150,1,0.0,59800.0,59800.0,-40200.0
1833,Mila Archer,martingale,100.0,100000.0,50000.0,463,2,0.0,120000.0,120000.0,20000.0
1834,Ephraim Webster,martingale,100.0,100000.0,50000.0,312,3,0.0,105000.0,105000.0,5000.0
1835,Kensley Olsen,martingale,100.0,100000.0,50000.0,558,2,0.0,124800.0,124800.0,24800.0
1836,Skyler Callahan,martingale,100.0,100000.0,50000.0,173,1,0.0,26900.0,26900.0,-73100.0
1837,Kimber Baker,martingale,100.0,100000.0,50000.0,614,3,0.0,121700.0,121700.0,21700.0
1838,Ezra Beck,martingale,100.0,100000.0,50000.0,406,2,0.0,108300.0,108300.0,8300.0
1839,Gia Trujillo,martingale,100.0,100000.0,50000.0,316,1,0.0,57500.0,57500.0,-42500.0
1840,Apollo Benitez,martingale,100.0,100000.0,50000.0,342,3,0.0,101900.0,101900.0,1900.0
1841,Aliza Donaldson,martingale,100.0,100000.0,50000.0,410,1,0.0,76800.0,76800.0,-23200.0
1842,Canaan Barry,martingale,100.0,100000.0,50000.0,591,1,0.0,126700.0,126700.0,26700.0
1843,Waverly McDowell,martingale,100.0,100000.0,50000.0,411,0,0.0,118000.0,118000.0,18000.0
1844,Lachlan Spears,martingale,100.0,100000.0,50000.0,371,2,0.0,116500.0,116500.0,16500.0
1845,Isabela Zhang,martingale,100.0,100000.0,50000.0,449,1,0.0,100500.0,100500.0,500.0
1846,Isaias Fleming,martingale,100.0,100000.0,50000.0,620,3,0.0,127100.0,127100.0,27100.0
1847,Fatima Davidson,martingale,100.0,100000.0,50000.0,265,2,0.0,67500.0,67500.0,-32500.0
1848,Dante Huynh,martingale,100.0,100000.0,50000.0,458,1,0.0,97100.0,97100.0,-2900.0
1849,Oaklee Arroyo,martingale,100.0,100000.0,50000.0,735,1,0.0,131100.0,131100.0,31100.0
1850,Alberto Duffy,martingale,100.0,100000.0,50000.0,311,3,0.0,90600.0,90600.0,-9400.0
1851,Addisyn Whitehead,martingale,100.0,100000.0,50000.0,313,1,0.0,91100.0,91100.0,-8900.0
1852,Zayd Hanson,martingale,100.0,100000.0,50000.0,76,1,0.0,11700.0,11700.0,-88300.0
1853,Mariana Burton,martingale,100.0,100000.0,50000.0,378,1,0.0,77800.0,77800.0,-22200.0
1854,Zander Atkinson,martingale,100.0,100000.0,50000.0,388,1,0.0,108400.0,108400.0,8400.0
1855,Jazmin Gilbert,martingale,100.0,100000.0,50000.0,512,3,0.0,111000.0,111000.0,11000.0
1856,Tobias Contreras,martingale,100.0,100000.0,50000.0,202,2,0.0,85500.0,85500.0,-14500.0
1857,Daniela Mills,martingale,100.0,100000.0,50000.0,141,1,0.0,18800.0,18800.0,-81200.0
1858,Alex Hanson,martingale,100.0,100000.0,50000.0,284,2,0.0,93300.0,93300.0,-6700.0
1859,Mariana Chung,martingale,100.0,100000.0,50000.0,519,2,0.0,125800.0,125800.0,25800.0
1860,Ira Meza,martingale,100.0,100000.0,50000.0,291,1,0.0,103500.0,103500.0,3500.0
1861,Rosa Bond,martingale,100.0,100000.0,50000.0,478,2,0.0,115900.0,115900.0,15900.0
1862,Roger Bullock,martingale,100.0,100000.0,50000.0,404,3,0.0,110700.0,110700.0,10700.0
1863,Winnie McKenzie,martingale,100.0,100000.0,50000.0,482,1,0.0,111800.0,111800.0,11800.0
1864,Scott Banks,martingale,100.0,100000.0,50000.0,439,3,0.0,118900.0,118900.0,18900.0
1865,Cali Calhoun,martingale,100.0,100000.0,50000.0,435,3,0.0,119900.0,119900.0,19900.0
1866,Gary Meza,martingale,100.0,100000.0,50000.0,566,1,0.0,121700.0,121700.0,21700.0
1867,Rosa Randall,martingale,100.0,100000.0,50000.0,407,3,0.0,114000.0,114000.0,14000.0
1868,Trenton Hobbs,martingale,100.0,100000.0,50000.0,221,1,0.0,49100.0,49100.0,-50900.0
1869,Lacey O’Neal,martingale,100.0,100000.0,50000.0,220,2,0.0,59900.0,59900.0,-40100.0
1870,Eddie Case,martingale,100.0,100000.0,50000.0,634,2,0.0,127800.0,127800.0,27800.0
1871,Cleo Riley,martingale,100.0,100000.0,50000.0,378,1,0.0,73900.0,73900.0,-26100.0
1872,Amari Walters,martingale,100.0,100000.0,50000.0,432,1,0.0,79200.0,79200.0,-20800.0
1873,Samara Harrison,martingale,100.0,100000.0,50000.0,366,2,0.0,92200.0,92200.0,-7800.0
1874,Gavin Fields,martingale,100.0,100000.0,50000.0,721,1,0.0,128600.0,128600.0,28600.0
1875,Annie Dejesus,martingale,100.0,100000.0,50000.0,408,2,0.0,113000.0,113000.0,13000.0
1876,Rio Roberts,martingale,100.0,100000.0,50000.0,650,1,0.0,128000.0,128000.0,28000.0
1877,Paisley Long,martingale,100.0,100000.0,50000.0,404,1,0.0,105600.0,105600.0,5600.0
1878,Jace Barry,martingale,100.0,100000.0,50000.0,376,1,0.0,72300.0,72300.0,-27700.0
1879,Waverly Crawford,martingale,100.0,100000.0,50000.0,698,3,0.0,132000.0,132000.0,32000.0
1880,Kevin Rosario,martingale,100.0,100000.0,50000.0,480,3,0.0,110900.0,110900.0,10900.0
1881,Louisa Lucero,martingale,100.0,100000.0,50000.0,420,2,0.0,117600.0,117600.0,17600.0
1882,Felipe McMahon,martingale,100.0,100000.0,50000.0,319,1,0.0,98100.0,98100.0,-1900.0
1883,Belen Avery,martingale,100.0,100000.0,50000.0,247,2,0.0,76000.0,76000.0,-24000.0
1884,Jakari Fisher,martingale,100.0,100000.0,50000.0,434,1,0.0,111000.0,111000.0,11000.0
1885,Arya Rush,martingale,100.0,100000.0,50000.0,525,1,0.0,115000.0,115000.0,15000.0
1886,Kaiser Mason,martingale,100.0,100000.0,50000.0,445,1,0.0,77300.0,77300.0,-22700.0
1887,Sienna Contreras,martingale,100.0,100000.0,50000.0,622,1,0.0,128800.0,128800.0,28800.0
1888,Emilio Morgan,martingale,100.0,100000.0,50000.0,568,1,0.0,120000.0,120000.0,20000.0
1889,Delilah Lucero,martingale,100.0,100000.0,50000.0,713,2,0.0,131800.0,131800.0,31800.0
1890,Felipe Gibbs,martingale,100.0,100000.0,50000.0,356,1,0.0,57700.0,57700.0,-42300.0
1891,Carter Williams,martingale,100.0,100000.0,50000.0,131,1,0.0,24600.0,24600.0,-75400.0
1892,Oliver Tanner,martingale,100.0,100000.0,50000.0,347,2,0.0,115000.0,115000.0,15000.0
1893,Harmoni Serrano,martingale,100.0,100000.0,50000.0,648,1,0.0,120100.0,120100.0,20100.0
1894,Milan Koch,martingale,100.0,100000.0,50000.0,338,1,0.0,78800.0,78800.0,-21200.0
1895,Milana Frost,martingale,100.0,100000.0,50000.0,223,3,0.0,84300.0,84300.0,-15700.0
1896,Dario Watkins,martingale,100.0,100000.0,50000.0,189,1,0.0,38500.0,38500.0,-61500.0
1897,Lola Woodward,martingale,100.0,100000.0,50000.0,347,2,0.0,102300.0,102300.0,2300.0
1898,Jeremias Villarreal,martingale,100.0,100000.0,50000.0,759,1,0.0,120400.0,120400.0,20400.0
1899,Jazlyn Harrington,martingale,100.0,100000.0,50000.0,353,1,0.0,84600.0,84600.0,-15400.0
1900,Omari Moon,martingale,100.0,100000.0,50000.0,349,3,0.0,91600.0,91600.0,-8400.0
1901,Naya Juarez,martingale,100.0,100000.0,50000.0,607,1,0.0,126000.0,126000.0,26000.0
1902,Joaquin Holloway,martingale,100.0,100000.0,50000.0,683,2,0.0,111900.0,111900.0,11900.0
1903,Mae Mendoza,martingale,100.0,100000.0,50000.0,797,1,0.0,139600.0,139600.0,39600.0
1904,Dominic Delarosa,martingale,100.0,100000.0,50000.0,390,4,0.0,109500.0,109500.0,9500.0
1905,Iyla Lopez,martingale,100.0,100000.0,50000.0,146,1,0.0,19300.0,19300.0,-80700.0
1906,Michael Webb,martingale,100.0,100000.0,50000.0,618,1,0.0,111900.0,111900.0,11900.0
1907,Ariella Short,martingale,100.0,100000.0,50000.0,337,1,0.0,91100.0,91100.0,-8900.0
1908,Hezekiah Meyers,martingale,100.0,100000.0,50000.0,440,3,0.0,71800.0,71800.0,-28200.0
1909,Leyla Keller,martingale,100.0,100000.0,50000.0,242,1,0.0,84300.0,84300.0,-15700.0
1910,Nico Christensen,martingale,100.0,100000.0,50000.0,553,1,0.0,120300.0,120300.0,20300.0
1911,Carmen Boone,martingale,100.0,100000.0,50000.0,348,4,0.0,101600.0,101600.0,1600.0
1912,Mauricio Krueger,martingale,100.0,100000.0,50000.0,360,2,0.0,107700.0,107700.0,7700.0
1913,Kamari Rivers,martingale,100.0,100000.0,50000.0,528,1,0.0,115500.0,115500.0,15500.0
1914,Bear Sullivan,martingale,100.0,100000.0,50000.0,789,2,0.0,134800.0,134800.0,34800.0
1915,Melanie Vega,martingale,100.0,100000.0,50000.0,547,1,0.0,125800.0,125800.0,25800.0
1916,Aidan Holloway,martingale,100.0,100000.0,50000.0,562,1,0.0,104800.0,104800.0,4800.0
1917,Mae Schroeder,martingale,100.0,100000.0,50000.0,328,3,0.0,88200.0,88200.0,-11800.0
1918,Izaiah Parra,martingale,100.0,100000.0,50000.0,557,1,0.0,125200.0,125200.0,25200.0
1919,Dalary Delgado,martingale,100.0,100000.0,50000.0,592,1,0.0,126400.0,126400.0,26400.0
1920,Colt Collier,martingale,100.0,100000.0,50000.0,343,2,0.0,84600.0,84600.0,-15400.0
1921,Ivory Dillon,martingale,100.0,100000.0,50000.0,269,2,0.0,88000.0,88000.0,-12000.0
1922,Alvin Smith,martingale,100.0,100000.0,50000.0,319,2,0.0,105500.0,105500.0,5500.0
1923,Olivia Enriquez,martingale,100.0,100000.0,50000.0,593,3,0.0,127600.0,127600.0,27600.0
1924,Elisha Vega,martingale,100.0,100000.0,50000.0,614,1,0.0,126100.0,126100.0,26100.0
1925,Dakota Valenzuela,martingale,100.0,100000.0,50000.0,174,1,0.0,40700.0,40700.0,-59300.0
1926,Jamari Gibson,martingale,100.0,100000.0,50000.0,365,2,0.0,99000.0,99000.0,-1000.0
1927,Eden Greer,martingale,100.0,100000.0,50000.0,547,1,0.0,121900.0,121900.0,21900.0
1928,Koda Roberson,martingale,100.0,100000.0,50000.0,293,2,0.0,91200.0,91200.0,-8800.0
1929,Sasha Santiago,martingale,100.0,100000.0,50000.0,582,3,0.0,121300.0,121300.0,21300.0
1930,Beckham Carrillo,martingale,100.0,100000.0,50000.0,584,2,0.0,124900.0,124900.0,24900.0
1931,Kaylani Arellano,martingale,100.0,100000.0,50000.0,65,1,0.0,8500.0,8500.0,-91500.0
1932,Kellan Reese,martingale,100.0,100000.0,50000.0,461,2,0.0,96800.0,96800.0,-3200.0
1933,Rosemary Hunt,martingale,100.0,100000.0,50000.0,245,2,0.0,71600.0,71600.0,-28400.0
1934,Jesus Howe,martingale,100.0,100000.0,50000.0,504,1,0.0,119200.0,119200.0,19200.0
1935,Persephone Walton,martingale,100.0,100000.0,50000.0,622,1,0.0,120900.0,120900.0,20900.0
1936,Dominick Wilkins,martingale,100.0,100000.0,50000.0,316,1,0.0,103100.0,103100.0,3100.0
1937,Amalia Murray,martingale,100.0,100000.0,50000.0,587,2,0.0,124000.0,124000.0,24000.0
1938,Ashton Patterson,martingale,100.0,100000.0,50000.0,344,1,0.0,68300.0,68300.0,-31700.0
1939,Kaylee Gray,martingale,100.0,100000.0,50000.0,281,1,0.0,76400.0,76400.0,-23600.0
1940,Nicholas McConnell,martingale,100.0,100000.0,50000.0,505,1,0.0,118100.0,118100.0,18100.0
1941,Denise Thornton,martingale,100.0,100000.0,50000.0,498,2,0.0,116400.0,116400.0,16400.0
1942,Malik Walker,martingale,100.0,100000.0,50000.0,470,1,0.0,107400.0,107400.0,7400.0
1943,Hazel Hart,martingale,100.0,100000.0,50000.0,263,2,0.0,88700.0,88700.0,-11300.0
1944,Joel Griffin,martingale,100.0,100000.0,50000.0,400,3,0.0,111500.0,111500.0,11500.0
1945,Charlie Mora,martingale,100.0,100000.0,50000.0,446,2,0.0,108700.0,108700.0,8700.0
1946,Arturo Nunez,martingale,100.0,100000.0,50000.0,119,1,0.0,17900.0,17900.0,-82100.0
1947,Mya Reyna,martingale,100.0,100000.0,50000.0,67,2,0.0,61000.0,61000.0,-39000.0
1948,Reginald Shepard,martingale,100.0,100000.0,50000.0,194,2,0.0,71700.0,71700.0,-28300.0
1949,Noor Keith,martingale,100.0,100000.0,50000.0,671,1,0.0,135200.0,135200.0,35200.0
1950,Jagger Mosley,martingale,100.0,100000.0,50000.0,469,1,0.0,106000.0,106000.0,6000.0
1951,Zaniyah Olsen,martingale,100.0,100000.0,50000.0,444,2,0.0,107300.0,107300.0,7300.0
1952,Skyler Campos,martingale,100.0,100000.0,50000.0,481,1,0.0,121700.0,121700.0,21700.0
1953,Sutton Harris,martingale,100.0,100000.0,50000.0,464,2,0.0,119500.0,119500.0,19500.0
1954,Samuel Buck,martingale,100.0,100000.0,50000.0,266,2,0.0,75100.0,75100.0,-24900.0
1955,Livia Rollins,martingale,100.0,100000.0,50000.0,257,1,0.0,45900.0,45900.0,-54100.0
1956,Wes Fernandez,martingale,100.0,100000.0,50000.0,740,1,0.0,133900.0,133900.0,33900.0
1957,Amara Mora,martingale,100.0,100000.0,50000.0,303,1,0.0,108500.0,108500.0,8500.0
1958,Arturo Day,martingale,100.0,100000.0,50000.0,657,4,0.0,126100.0,126100.0,26100.0
1959,Hayden Noble,martingale,100.0,100000.0,50000.0,543,3,0.0,120400.0,120400.0,20400.0
1960,Idris Cantrell,martingale,100.0,100000.0,50000.0,22,1,0.0,1600.0,1600.0,-98400.0
1961,Yamileth Livingston,martingale,100.0,100000.0,50000.0,371,1,0.0,103700.0,103700.0,3700.0
1962,Ambrose Gill,martingale,100.0,100000.0,50000.0,223,3,0.0,74500.0,74500.0,-25500.0
1963,Jordan O’Donnell,martingale,100.0,100000.0,50000.0,453,1,0.0,100400.0,100400.0,400.0
1964,Lian Skinner,martingale,100.0,100000.0,50000.0,678,1,0.0,133000.0,133000.0,33000.0
1965,Mara Waters,martingale,100.0,100000.0,50000.0,460,1,0.0,82700.0,82700.0,-17300.0
1966,Maximilian Wong,martingale,100.0,100000.0,50000.0,496,1,0.0,122900.0,122900.0,22900.0
1967,Adelaide Gibbs,martingale,100.0,100000.0,50000.0,529,1,0.0,122000.0,122000.0,22000.0
1968,Deacon Lloyd,martingale,100.0,100000.0,50000.0,160,1,0.0,31400.0,31400.0,-68600.0
1969,Emely Porter,martingale,100.0,100000.0,50000.0,295,1,0.0,45400.0,45400.0,-54600.0
1970,Rhett Leal,martingale,100.0,100000.0,50000.0,422,2,0.0,106800.0,106800.0,6800.0
1971,Murphy Esparza,martingale,100.0,100000.0,50000.0,279,2,0.0,100200.0,100200.0,200.0
1972,Carl Stark,martingale,100.0,100000.0,50000.0,278,2,0.0,96300.0,96300.0,-3700.0
1973,Kamilah Kelly,martingale,100.0,100000.0,50000.0,143,1,0.0,30300.0,30300.0,-69700.0
1974,Cooper Trejo,martingale,100.0,100000.0,50000.0,658,1,0.0,129200.0,129200.0,29200.0
1975,Rosalyn Robertson,martingale,100.0,100000.0,50000.0,304,3,0.0,80700.0,80700.0,-19300.0
1976,Emiliano Lucas,martingale,100.0,100000.0,50000.0,616,1,0.0,127900.0,127900.0,27900.0
1977,Phoenix Kirk,martingale,100.0,100000.0,50000.0,515,2,0.0,124400.0,124400.0,24400.0
1978,Alessandro Prince,martingale,100.0,100000.0,50000.0,430,1,0.0,94700.0,94700.0,-5300.0
1979,Greta Callahan,martingale,100.0,100000.0,50000.0,495,2,0.0,112700.0,112700.0,12700.0
1980,Quinton Mack,martingale,100.0,100000.0,50000.0,669,2,0.0,131700.0,131700.0,31700.0
1981,Nadia Morgan,martingale,100.0,100000.0,50000.0,445,2,0.0,105300.0,105300.0,5300.0
1982,Hunter Travis,martingale,100.0,100000.0,50000.0,359,1,0.0,100100.0,100100.0,100.0
1983,Mazikee Li,martingale,100.0,100000.0,50000.0,463,1,0.0,115600.0,115600.0,15600.0
1984,Jorge Harvey,martingale,100.0,100000.0,50000.0,556,1,0.0,124300.0,124300.0,24300.0
1985,Nicole Stokes,martingale,100.0,100000.0,50000.0,580,3,0.0,122000.0,122000.0,22000.0
1986,Santana Bentley,martingale,100.0,100000.0,50000.0,253,2,0.0,98500.0,98500.0,-1500.0
1987,Jaylin Ware,martingale,100.0,100000.0,50000.0,485,5,0.0,112900.0,112900.0,12900.0
1988,Tadeo Skinner,martingale,100.0,100000.0,50000.0,644,2,0.0,127800.0,127800.0,27800.0
1989,Mara Lester,martingale,100.0,100000.0,50000.0,364,3,0.0,106800.0,106800.0,6800.0
1990,Lee Rosario,martingale,100.0,100000.0,50000.0,86,1,0.0,21700.0,21700.0,-78300.0
1991,Louisa Steele,martingale,100.0,100000.0,50000.0,653,2,0.0,132800.0,132800.0,32800.0
1992,Elian Osborne,martingale,100.0,100000.0,50000.0,467,0,0.0,121200.0,121200.0,21200.0
1993,Shelby Fletcher,martingale,100.0,100000.0,50000.0,232,2,0.0,60900.0,60900.0,-39100.0
1994,Jay Robles,martingale,100.0,100000.0,50000.0,522,2,0.0,121300.0,121300.0,21300.0
1995,Felicity Dudley,martingale,100.0,100000.0,50000.0,259,2,0.0,83400.0,83400.0,-16600.0
1996,Colter Hicks,martingale,100.0,100000.0,50000.0,341,1,0.0,92800.0,92800.0,-7200.0
1997,Alina Hood,martingale,100.0,100000.0,50000.0,462,1,0.0,117200.0,117200.0,17200.0
1998,Brixton Charles,martingale,100.0,100000.0,50000.0,560,1,0.0,114900.0,114900.0,14900.0
1999,Jenna Carrillo,martingale,100.0,100000.0,50000.0,557,2,0.0,122000.0,122000.0,22000.0
2000,Wade Cooper,martingale,100.0,100000.0,50000.0,237,2,0.0,60500.0,60500.0,-39500.0
2001,Ophelia Taylor,martingale,100.0,100000.0,50000.0,460,1,0.0,117400.0,117400.0,17400.0
2002,Jackson Browning,martingale,100.0,100000.0,50000.0,283,1,0.0,106600.0,106600.0,6600.0
2003,Princess Horn,martingale,100.0,100000.0,50000.0,620,1,0.0,116900.0,116900.0,16900.0
2004,Wilson Peterson,martingale,100.0,100000.0,50000.0,598,1,0.0,114500.0,114500.0,14500.0
2005,Caroline Foster,martingale,100.0,100000.0,50000.0,244,1,0.0,40900.0,40900.0,-59100.0
2006,Kayden Simon,martingale,100.0,100000.0,50000.0,462,2,0.0,117100.0,117100.0,17100.0
2007,Kalani Garza,martingale,100.0,100000.0,50000.0,737,3,0.0,136400.0,136400.0,36400.0
2008,Judah Mills,martingale,100.0,100000.0,50000.0,283,0,0.0,110000.0,110000.0,10000.0
2009,June Sheppard,martingale,100.0,100000.0,50000.0,473,4,0.0,114000.0,114000.0,14000.0
2010,Trent Meyer,martingale,100.0,100000.0,50000.0,108,1,0.0,17100.0,17100.0,-82900.0
2011,Sara Noble,martingale,100.0,100000.0,50000.0,649,1,0.0,129100.0,129100.0,29100.0
2012,Idris White,martingale,100.0,100000.0,50000.0,428,2,0.0,99900.0,99900.0,-100.0
2013,Layla Avila,martingale,100.0,100000.0,50000.0,73,1,0.0,10400.0,10400.0,-89600.0
2014,Jaylen Hubbard,martingale,100.0,100000.0,50000.0,345,2,0.0,90800.0,90800.0,-9200.0
2015,Rosie Valdez,martingale,100.0,100000.0,50000.0,533,1,0.0,121900.0,121900.0,21900.0
2016,Kyler Davis,martingale,100.0,100000.0,50000.0,369,3,0.0,112900.0,112900.0,12900.0
2017,Mia O’Neal,martingale,100.0,100000.0,50000.0,50,1,0.0,5000.0,5000.0,-95000.0
2018,Eddie O’Connell,martingale,100.0,100000.0,50000.0,441,2,0.0,102300.0,102300.0,2300.0
2019,Jillian Wong,martingale,100.0,100000.0,50000.0,275,1,0.0,37900.0,37900.0,-62100.0
2020,Walter King,martingale,100.0,100000.0,50000.0,473,1,0.0,110200.0,110200.0,10200.0
2021,Victoria Hutchinson,martingale,100.0,100000.0,50000.0,439,1,0.0,86400.0,86400.0,-13600.0
2022,Korbin Davis,martingale,100.0,100000.0,50000.0,683,2,0.0,129200.0,129200.0,29200.0
2023,Mia Ballard,martingale,100.0,100000.0,50000.0,218,1,0.0,83600.0,83600.0,-16400.0
2024,Kenzo Tang,martingale,100.0,100000.0,50000.0,362,3,0.0,95000.0,95000.0,-5000.0
2025,Belle Potts,martingale,100.0,100000.0,50000.0,318,3,0.0,94500.0,94500.0,-5500.0
2026,Alfred Leonard,martingale,100.0,100000.0,50000.0,582,2,0.0,127200.0,127200.0,27200.0
2027,Demi Doyle,martingale,100.0,100000.0,50000.0,661,3,0.0,130700.0,130700.0,30700.0
2028,Kashton Martin,martingale,100.0,100000.0,50000.0,419,1,0.0,76600.0,76600.0,-23400.0
2029,Mila Villalobos,martingale,100.0,100000.0,50000.0,591,1,0.0,124400.0,124400.0,24400.0
2030,Reuben Guevara,martingale,100.0,100000.0,50000.0,717,1,0.0,131900.0,131900.0,31900.0
2031,Teresa Hensley,martingale,100.0,100000.0,50000.0,686,1,0.0,130700.0,130700.0,30700.0
2032,Layne Escobar,martingale,100.0,100000.0,50000.0,582,2,0.0,115800.0,115800.0,15800.0
2033,Erin Vazquez,martingale,100.0,100000.0,50000.0,520,1,0.0,122000.0,122000.0,22000.0
2034,Jesse Richard,martingale,100.0,100000.0,50000.0,503,4,0.0,124000.0,124000.0,24000.0
2035,Davina Webb,martingale,100.0,100000.0,50000.0,415,1,0.0,74100.0,74100.0,-25900.0
2036,Lorenzo Lara,martingale,100.0,100000.0,50000.0,554,1,0.0,116800.0,116800.0,16800.0
2037,Heidi Foley,martingale,100.0,100000.0,50000.0,420,3,0.0,81900.0,81900.0,-18100.0
2038,Mohammad Marsh,martingale,100.0,100000.0,50000.0,203,2,0.0,62900.0,62900.0,-37100.0
2039,Adelina Quintana,martingale,100.0,100000.0,50000.0,611,1,0.0,128400.0,128400.0,28400.0
2040,Kelvin Ware,martingale,100.0,100000.0,50000.0,196,1,0.0,66700.0,66700.0,-33300.0
2041,Eileen McClain,martingale,100.0,100000.0,50000.0,220,1,0.0,46400.0,46400.0,-53600.0
2042,Mitchell Hale,martingale,100.0,100000.0,50000.0,210,1,0.0,62100.0,62100.0,-37900.0
2043,Brinley Herman,martingale,100.0,100000.0,50000.0,409,1,0.0,92300.0,92300.0,-7700.0
2044,Juelz Berger,martingale,100.0,100000.0,50000.0,105,1,0.0,13400.0,13400.0,-86600.0
2045,Laylah Wilkins,martingale,100.0,100000.0,50000.0,308,2,0.0,102700.0,102700.0,2700.0
2046,Yusuf Trujillo,martingale,100.0,100000.0,50000.0,30,1,0.0,5800.0,5800.0,-94200.0
2047,Danielle McIntyre,martingale,100.0,100000.0,50000.0,304,2,0.0,101500.0,101500.0,1500.0
2048,Eliseo Shannon,martingale,100.0,100000.0,50000.0,438,1,0.0,78800.0,78800.0,-21200.0
2049,Harlee Henry,martingale,100.0,100000.0,50000.0,283,2,0.0,73200.0,73200.0,-26800.0
2050,Carlos Patterson,martingale,100.0,100000.0,50000.0,125,1,0.0,30900.0,30900.0,-69100.0
2051,Kaylee Palacios,martingale,100.0,100000.0,50000.0,254,3,0.0,60800.0,60800.0,-39200.0
2052,Thaddeus Rivers,martingale,100.0,100000.0,50000.0,295,1,0.0,76000.0,76000.0,-24000.0
2053,Kiana Harrington,martingale,100.0,100000.0,50000.0,600,2,0.0,127200.0,127200.0,27200.0
2054,Omari Mendoza,martingale,100.0,100000.0,50000.0,290,2,0.0,111200.0,111200.0,11200.0
2055,Cora McMahon,martingale,100.0,100000.0,50000.0,259,3,0.0,66100.0,66100.0,-33900.0
2056,Jakob Bryan,martingale,100.0,100000.0,50000.0,683,2,0.0,132100.0,132100.0,32100.0
2057,Meredith Davidson,martingale,100.0,100000.0,50000.0,612,3,0.0,124900.0,124900.0,24900.0
2058,Dante Williams,martingale,100.0,100000.0,50000.0,319,1,0.0,70800.0,70800.0,-29200.0
2059,Ava Davidson,martingale,100.0,100000.0,50000.0,400,2,0.0,106200.0,106200.0,6200.0
2060,Dante Matthews,martingale,100.0,100000.0,50000.0,64,2,0.0,50900.0,50900.0,-49100.0
2061,Lila Hendricks,martingale,100.0,100000.0,50000.0,327,2,0.0,89700.0,89700.0,-10300.0
2062,Dash Christensen,martingale,100.0,100000.0,50000.0,522,2,0.0,100400.0,100400.0,400.0
2063,Carmen Acevedo,martingale,100.0,100000.0,50000.0,210,1,0.0,64400.0,64400.0,-35600.0
2064,Dakari Marin,martingale,100.0,100000.0,50000.0,662,2,0.0,126200.0,126200.0,26200.0
2065,Celia Skinner,martingale,100.0,100000.0,50000.0,45,1,0.0,7700.0,7700.0,-92300.0
2066,Ridge Kelly,martingale,100.0,100000.0,50000.0,615,1,0.0,97900.0,97900.0,-2100.0
2067,Ruby Landry,martingale,100.0,100000.0,50000.0,10,1,0.0,0.0,0.0,-100000.0
2068,Jaxx Clayton,martingale,100.0,100000.0,50000.0,533,2,0.0,119500.0,119500.0,19500.0
2069,Saige Bautista,martingale,100.0,100000.0,50000.0,398,2,0.0,100800.0,100800.0,800.0
2070,Raul Coffey,martingale,100.0,100000.0,50000.0,570,1,0.0,113900.0,113900.0,13900.0
2071,Paola McIntosh,martingale,100.0,100000.0,50000.0,649,1,0.0,126700.0,126700.0,26700.0
2072,Kristian Montoya,martingale,100.0,100000.0,50000.0,570,2,0.0,109600.0,109600.0,9600.0
2073,Kamryn Pearson,martingale,100.0,100000.0,50000.0,499,3,0.0,123100.0,123100.0,23100.0
2074,Gunner Potter,martingale,100.0,100000.0,50000.0,373,1,0.0,111400.0,111400.0,11400.0
2075,Rory Wells,martingale,100.0,100000.0,50000.0,474,3,0.0,99400.0,99400.0,-600.0
2076,Max Wolf,martingale,100.0,100000.0,50000.0,643,2,0.0,132900.0,132900.0,32900.0
2077,Jolene Aguilar,martingale,100.0,100000.0,50000.0,16,1,0.0,600.0,600.0,-99400.0
2078,Milo Dean,martingale,100.0,100000.0,50000.0,717,1,0.0,133400.0,133400.0,33400.0
2079,Julianna Vincent,martingale,100.0,100000.0,50000.0,524,4,0.0,121700.0,121700.0,21700.0
2080,Aarav Waller,martingale,100.0,100000.0,50000.0,671,1,0.0,131500.0,131500.0,31500.0
2081,Whitley Maddox,martingale,100.0,100000.0,50000.0,558,3,0.0,102500.0,102500.0,2500.0
2082,Lyric Boyer,martingale,100.0,100000.0,50000.0,388,3,0.0,112800.0,112800.0,12800.0
2083,Chaya Pham,martingale,100.0,100000.0,50000.0,380,1,0.0,94100.0,94100.0,-5900.0
2084,Russell McConnell,martingale,100.0,100000.0,50000.0,250,1,0.0,51900.0,51900.0,-48100.0
2085,Denise Guerra,martingale,100.0,100000.0,50000.0,281,1,0.0,75400.0,75400.0,-24600.0
2086,Leland Cochran,martingale,100.0,100000.0,50000.0,412,4,0.0,95600.0,95600.0,-4400.0
2087,Alma Dickerson,martingale,100.0,100000.0,50000.0,109,1,0.0,19100.0,19100.0,-80900.0
2088,Flynn Esparza,martingale,100.0,100000.0,50000.0,467,2,0.0,119100.0,119100.0,19100.0
2089,Ramona Case,martingale,100.0,100000.0,50000.0,63,1,0.0,7200.0,7200.0,-92800.0
2090,Bentlee Le,martingale,100.0,100000.0,50000.0,466,3,0.0,117400.0,117400.0,17400.0
2091,Myla Dawson,martingale,100.0,100000.0,50000.0,384,2,0.0,91800.0,91800.0,-8200.0
2092,Iker Gonzalez,martingale,100.0,100000.0,50000.0,168,1,0.0,29900.0,29900.0,-70100.0
2093,Abigail Harper,martingale,100.0,100000.0,50000.0,421,1,0.0,112300.0,112300.0,12300.0
2094,Hayes Holt,martingale,100.0,100000.0,50000.0,468,1,0.0,120500.0,120500.0,20500.0
2095,Adelynn Hoover,martingale,100.0,100000.0,50000.0,189,2,0.0,62200.0,62200.0,-37800.0
2096,Jaziel Jacobson,martingale,100.0,100000.0,50000.0,338,2,0.0,73900.0,73900.0,-26100.0
2097,Royal Byrd,martingale,100.0,100000.0,50000.0,368,2,0.0,66900.0,66900.0,-33100.0
2098,Cristian May,martingale,100.0,100000.0,50000.0,431,2,0.0,106300.0,106300.0,6300.0
2099,Adriana Valentine,martingale,100.0,100000.0,50000.0,495,2,0.0,110300.0,110300.0,10300.0
2100,Demetrius Chambers,martingale,100.0,100000.0,50000.0,581,1,0.0,120800.0,120800.0,20800.0
2101,Makayla Dunlap,martingale,100.0,100000.0,50000.0,440,1,0.0,95700.0,95700.0,-4300.0
2102,Aries Dejesus,martingale,100.0,100000.0,50000.0,675,2,0.0,130400.0,130400.0,30400.0
2103,Julissa Sanford,martingale,100.0,100000.0,50000.0,377,1,0.0,66300.0,66300.0,-33700.0
2104,Truett Villarreal,martingale,100.0,100000.0,50000.0,287,1,0.0,50800.0,50800.0,-49200.0
2105,Jazlyn Curtis,martingale,100.0,100000.0,50000.0,17,1,0.0,1100.0,1100.0,-98900.0
2106,Muhammad Hull,martingale,100.0,100000.0,50000.0,411,2,0.0,102500.0,102500.0,2500.0
2107,Andi Tyler,martingale,100.0,100000.0,50000.0,482,1,0.0,95100.0,95100.0,-4900.0
2108,Emmitt Oliver,martingale,100.0,100000.0,50000.0,418,1,0.0,80800.0,80800.0,-19200.0
2109,Camille Howell,martingale,100.0,100000.0,50000.0,314,2,0.0,99500.0,99500.0,-500.0
2110,Bradley Goodwin,martingale,100.0,100000.0,50000.0,525,1,0.0,112800.0,112800.0,12800.0
2111,Shiloh Leblanc,martingale,100.0,100000.0,50000.0,526,0,0.0,125000.0,125000.0,25000.0
2112,Braden Aguirre,martingale,100.0,100000.0,50000.0,31,1,0.0,4900.0,4900.0,-95100.0
2113,Ariah Walton,martingale,100.0,100000.0,50000.0,409,1,0.0,84100.0,84100.0,-15900.0
2114,Dominick Browning,martingale,100.0,100000.0,50000.0,277,1,0.0,66700.0,66700.0,-33300.0
2115,Princess Park,martingale,100.0,100000.0,50000.0,39,1,0.0,28800.0,28800.0,-71200.0
2116,Daxton Briggs,martingale,100.0,100000.0,50000.0,556,1,0.0,125100.0,125100.0,25100.0
2117,Alia Mullen,martingale,100.0,100000.0,50000.0,405,2,0.0,114600.0,114600.0,14600.0
2118,Shepard Stark,martingale,100.0,100000.0,50000.0,667,2,0.0,132000.0,132000.0,32000.0
2119,Kamilah Sosa,martingale,100.0,100000.0,50000.0,523,3,0.0,124700.0,124700.0,24700.0
2120,Emir Vang,martingale,100.0,100000.0,50000.0,21,1,0.0,2200.0,2200.0,-97800.0
2121,Madisyn Watson,martingale,100.0,100000.0,50000.0,319,5,0.0,111400.0,111400.0,11400.0
2122,Greyson Lu,martingale,100.0,100000.0,50000.0,456,2,0.0,120000.0,120000.0,20000.0
2123,Emani Burke,martingale,100.0,100000.0,50000.0,504,1,0.0,89800.0,89800.0,-10200.0
2124,Jax Jimenez,martingale,100.0,100000.0,50000.0,121,1,0.0,18400.0,18400.0,-81600.0
2125,Adeline Kane,martingale,100.0,100000.0,50000.0,741,1,0.0,135100.0,135100.0,35100.0
2126,Brock Travis,martingale,100.0,100000.0,50000.0,634,1,0.0,129900.0,129900.0,29900.0
2127,Mazikee Orr,martingale,100.0,100000.0,50000.0,675,1,0.0,121900.0,121900.0,21900.0
2128,Benicio Bernard,martingale,100.0,100000.0,50000.0,466,1,0.0,81000.0,81000.0,-19000.0
2129,Barbara Blake,martingale,100.0,100000.0,50000.0,452,3,0.0,114500.0,114500.0,14500.0
2130,Zyaire Howe,martingale,100.0,100000.0,50000.0,429,2,0.0,112600.0,112600.0,12600.0
2131,Persephone Solis,martingale,100.0,100000.0,50000.0,409,1,0.0,94200.0,94200.0,-5800.0
2132,Ronin Gallegos,martingale,100.0,100000.0,50000.0,424,1,0.0,86700.0,86700.0,-13300.0
2133,Ari Barnett,martingale,100.0,100000.0,50000.0,212,1,0.0,60000.0,60000.0,-40000.0
2134,Stephen Mahoney,martingale,100.0,100000.0,50000.0,480,1,0.0,115900.0,115900.0,15900.0
2135,Promise Wilkins,martingale,100.0,100000.0,50000.0,380,3,0.0,93500.0,93500.0,-6500.0
2136,Yusuf Rowe,martingale,100.0,100000.0,50000.0,702,1,0.0,133300.0,133300.0,33300.0
2137,Matilda Harrington,martingale,100.0,100000.0,50000.0,251,3,0.0,85200.0,85200.0,-14800.0
2138,Omari Hodge,martingale,100.0,100000.0,50000.0,358,2,0.0,107200.0,107200.0,7200.0
2139,Coraline McClure,martingale,100.0,100000.0,50000.0,509,2,0.0,122700.0,122700.0,22700.0
2140,Reese Flynn,martingale,100.0,100000.0,50000.0,409,2,0.0,76900.0,76900.0,-23100.0
2141,Dorothy Patrick,martingale,100.0,100000.0,50000.0,182,1,0.0,34100.0,34100.0,-65900.0
2142,Derrick Church,martingale,100.0,100000.0,50000.0,549,1,0.0,122200.0,122200.0,22200.0
2143,Ayleen Bullock,martingale,100.0,100000.0,50000.0,133,1,0.0,29700.0,29700.0,-70300.0
2144,Ben Reynolds,martingale,100.0,100000.0,50000.0,252,1,0.0,78700.0,78700.0,-21300.0
2145,Isabelle Hunt,martingale,100.0,100000.0,50000.0,463,3,0.0,119800.0,119800.0,19800.0
2146,Jesus Craig,martingale,100.0,100000.0,50000.0,213,1,0.0,46500.0,46500.0,-53500.0
2147,Brynn Vaughan,martingale,100.0,100000.0,50000.0,569,1,0.0,127200.0,127200.0,27200.0
2148,Castiel Hess,martingale,100.0,100000.0,50000.0,516,1,0.0,106700.0,106700.0,6700.0
2149,Kaliyah Trevino,martingale,100.0,100000.0,50000.0,584,1,0.0,106300.0,106300.0,6300.0
2150,Jaime Shah,martingale,100.0,100000.0,50000.0,615,2,0.0,129500.0,129500.0,29500.0
2151,Angelica McKee,martingale,100.0,100000.0,50000.0,62,1,0.0,6400.0,6400.0,-93600.0
2152,Bjorn Greer,martingale,100.0,100000.0,50000.0,568,2,0.0,123900.0,123900.0,23900.0
2153,Reina Malone,martingale,100.0,100000.0,50000.0,499,3,0.0,108000.0,108000.0,8000.0
2154,Ruben Barry,martingale,100.0,100000.0,50000.0,191,2,0.0,76700.0,76700.0,-23300.0
2155,Waverly May,martingale,100.0,100000.0,50000.0,405,2,0.0,103900.0,103900.0,3900.0
2156,Finley Colon,martingale,100.0,100000.0,50000.0,528,3,0.0,119700.0,119700.0,19700.0
2157,Remy Pratt,martingale,100.0,100000.0,50000.0,607,3,0.0,124300.0,124300.0,24300.0
2158,Rowen Contreras,martingale,100.0,100000.0,50000.0,403,1,0.0,83300.0,83300.0,-16700.0
2159,Daniela Reid,martingale,100.0,100000.0,50000.0,405,4,0.0,85800.0,85800.0,-14200.0
2160,Josue Buchanan,martingale,100.0,100000.0,50000.0,479,1,0.0,117600.0,117600.0,17600.0
2161,Maryam Morris,martingale,100.0,100000.0,50000.0,569,3,0.0,113600.0,113600.0,13600.0
2162,Christian Roy,martingale,100.0,100000.0,50000.0,386,1,0.0,73000.0,73000.0,-27000.0
2163,Savanna Choi,martingale,100.0,100000.0,50000.0,193,1,0.0,30800.0,30800.0,-69200.0
2164,Khari Bishop,martingale,100.0,100000.0,50000.0,423,2,0.0,120400.0,120400.0,20400.0
2165,Brooklynn Cobb,martingale,100.0,100000.0,50000.0,723,1,0.0,127100.0,127100.0,27100.0
2166,Raphael Mason,martingale,100.0,100000.0,50000.0,598,2,0.0,127800.0,127800.0,27800.0
2167,Sienna Cordova,martingale,100.0,100000.0,50000.0,319,1,0.0,111300.0,111300.0,11300.0
2168,Vicente Ochoa,martingale,100.0,100000.0,50000.0,206,1,0.0,47600.0,47600.0,-52400.0
2169,Luciana Houston,martingale,100.0,100000.0,50000.0,165,1,0.0,36000.0,36000.0,-64000.0
2170,Sylas Kane,martingale,100.0,100000.0,50000.0,422,1,0.0,96600.0,96600.0,-3400.0
2171,Ellianna Powers,martingale,100.0,100000.0,50000.0,157,2,0.0,59700.0,59700.0,-40300.0
2172,Sean Doyle,martingale,100.0,100000.0,50000.0,310,1,0.0,65900.0,65900.0,-34100.0
2173,Annalise Dejesus,martingale,100.0,100000.0,50000.0,13,1,0.0,300.0,300.0,-99700.0
2174,Rio Davidson,martingale,100.0,100000.0,50000.0,537,1,0.0,112600.0,112600.0,12600.0
2175,Jayla Blake,martingale,100.0,100000.0,50000.0,850,2,0.0,141800.0,141800.0,41800.0
2176,Zyaire Combs,martingale,100.0,100000.0,50000.0,432,1,0.0,97800.0,97800.0,-2200.0
2177,Irene Roth,martingale,100.0,100000.0,50000.0,670,1,0.0,132900.0,132900.0,32900.0
2178,Roy Blake,martingale,100.0,100000.0,50000.0,39,1,0.0,3900.0,3900.0,-96100.0
2179,Amanda Campos,martingale,100.0,100000.0,50000.0,674,1,0.0,133400.0,133400.0,33400.0
2180,Gideon Small,martingale,100.0,100000.0,50000.0,301,1,0.0,76700.0,76700.0,-23300.0
2181,Zaria Fitzpatrick,martingale,100.0,100000.0,50000.0,630,2,0.0,108000.0,108000.0,8000.0
2182,Blaze Brown,martingale,100.0,100000.0,50000.0,611,2,0.0,107100.0,107100.0,7100.0
2183,Charlotte McCullough,martingale,100.0,100000.0,50000.0,383,3,0.0,116000.0,116000.0,16000.0
2184,Briar Arroyo,martingale,100.0,100000.0,50000.0,304,2,0.0,97600.0,97600.0,-2400.0
2185,Kyra Ingram,martingale,100.0,100000.0,50000.0,341,1,0.0,76900.0,76900.0,-23100.0
2186,Tripp Wilkinson,martingale,100.0,100000.0,50000.0,525,1,0.0,119900.0,119900.0,19900.0
2187,Siena Mendoza,martingale,100.0,100000.0,50000.0,385,1,0.0,94600.0,94600.0,-5400.0
2188,Dominic Owens,martingale,100.0,100000.0,50000.0,356,3,0.0,92600.0,92600.0,-7400.0
2189,Amaya Fitzgerald,martingale,100.0,100000.0,50000.0,587,2,0.0,129000.0,129000.0,29000.0
2190,Peyton Bradley,martingale,100.0,100000.0,50000.0,208,1,0.0,30700.0,30700.0,-69300.0
2191,Vanessa Donaldson,martingale,100.0,100000.0,50000.0,465,1,0.0,91400.0,91400.0,-8600.0
2192,Canaan Michael,martingale,100.0,100000.0,50000.0,244,4,0.0,98200.0,98200.0,-1800.0
2193,Aubriella Lyons,martingale,100.0,100000.0,50000.0,365,2,0.0,92900.0,92900.0,-7100.0
2194,Cyrus Romero,martingale,100.0,100000.0,50000.0,143,3,0.0,60900.0,60900.0,-39100.0
2195,Eliza Atkinson,martingale,100.0,100000.0,50000.0,364,2,0.0,94800.0,94800.0,-5200.0
2196,Duke Woodward,martingale,100.0,100000.0,50000.0,409,1,0.0,97500.0,97500.0,-2500.0
2197,Drew Parrish,martingale,100.0,100000.0,50000.0,720,0,0.0,134600.0,134600.0,34600.0
2198,Karsyn Stanley,martingale,100.0,100000.0,50000.0,462,1,0.0,86800.0,86800.0,-13200.0
2199,Gracelyn Aguilar,martingale,100.0,100000.0,50000.0,294,3,0.0,105300.0,105300.0,5300.0
2200,Milo Gallegos,martingale,100.0,100000.0,50000.0,526,0,0.0,123500.0,123500.0,23500.0
2201,Ari Hawkins,martingale,100.0,100000.0,50000.0,171,1,0.0,40200.0,40200.0,-59800.0
2202,Victor Atkinson,martingale,100.0,100000.0,50000.0,340,1,0.0,96100.0,96100.0,-3900.0
2203,Jazmin Vasquez,martingale,100.0,100000.0,50000.0,628,1,0.0,123300.0,123300.0,23300.0
2204,Rowan Faulkner,martingale,100.0,100000.0,50000.0,625,2,0.0,125800.0,125800.0,25800.0
2205,Ansley Reyes,martingale,100.0,100000.0,50000.0,549,2,0.0,114200.0,114200.0,14200.0
2206,Eli Chavez,martingale,100.0,100000.0,50000.0,503,2,0.0,119000.0,119000.0,19000.0
2207,Nevaeh Rocha,martingale,100.0,100000.0,50000.0,453,1,0.0,81800.0,81800.0,-18200.0
2208,Onyx Salazar,martingale,100.0,100000.0,50000.0,361,1,0.0,93300.0,93300.0,-6700.0
2209,Freya O’brien,martingale,100.0,100000.0,50000.0,191,2,0.0,90500.0,90500.0,-9500.0
2210,Riley Kemp,martingale,100.0,100000.0,50000.0,600,1,0.0,129000.0,129000.0,29000.0
2211,Anika Stevens,martingale,100.0,100000.0,50000.0,567,3,0.0,126400.0,126400.0,26400.0
2212,Zachary Mathis,martingale,100.0,100000.0,50000.0,384,0,0.0,104200.0,104200.0,4200.0
2213,Anne Camacho,martingale,100.0,100000.0,50000.0,301,2,0.0,92600.0,92600.0,-7400.0
2214,Tatum Maddox,martingale,100.0,100000.0,50000.0,578,1,0.0,121700.0,121700.0,21700.0
2215,Zainab Barron,martingale,100.0,100000.0,50000.0,321,1,0.0,92300.0,92300.0,-7700.0
2216,Dustin English,martingale,100.0,100000.0,50000.0,372,3,0.0,87700.0,87700.0,-12300.0
2217,Kelly Fowler,martingale,100.0,100000.0,50000.0,324,1,0.0,53300.0,53300.0,-46700.0
2218,Kameron Garza,martingale,100.0,100000.0,50000.0,404,2,0.0,115300.0,115300.0,15300.0
2219,River Randolph,martingale,100.0,100000.0,50000.0,648,1,0.0,132700.0,132700.0,32700.0
2220,Eugene Spears,martingale,100.0,100000.0,50000.0,567,1,0.0,120900.0,120900.0,20900.0
2221,Isabela Gibson,martingale,100.0,100000.0,50000.0,481,1,0.0,120400.0,120400.0,20400.0
2222,Tyler Faulkner,martingale,100.0,100000.0,50000.0,677,2,0.0,132300.0,132300.0,32300.0
2223,Ansley Steele,martingale,100.0,100000.0,50000.0,396,1,0.0,102300.0,102300.0,2300.0
2224,Elian Glenn,martingale,100.0,100000.0,50000.0,394,1,0.0,85900.0,85900.0,-14100.0
2225,Blaire Holland,martingale,100.0,100000.0,50000.0,457,1,0.0,119400.0,119400.0,19400.0
2226,Brady Berger,martingale,100.0,100000.0,50000.0,190,1,0.0,67600.0,67600.0,-32400.0
2227,Laylah Tang,martingale,100.0,100000.0,50000.0,418,2,0.0,113400.0,113400.0,13400.0
2228,Rogelio Quintana,martingale,100.0,100000.0,50000.0,120,2,0.0,63200.0,63200.0,-36800.0
2229,Kenia Pruitt,martingale,100.0,100000.0,50000.0,127,1,0.0,44600.0,44600.0,-55400.0
2230,Gatlin Washington,martingale,100.0,100000.0,50000.0,461,1,0.0,100700.0,100700.0,700.0
2231,Valerie Adams,martingale,100.0,100000.0,50000.0,358,1,0.0,112400.0,112400.0,12400.0
2232,Hudson Knight,martingale,100.0,100000.0,50000.0,752,3,0.0,132400.0,132400.0,32400.0
2233,Gracie Clayton,martingale,100.0,100000.0,50000.0,101,1,0.0,23500.0,23500.0,-76500.0
2234,Boston Nguyen,martingale,100.0,100000.0,50000.0,259,4,0.0,76600.0,76600.0,-23400.0
2235,Nova Melton,martingale,100.0,100000.0,50000.0,399,1,0.0,110800.0,110800.0,10800.0
2236,Lennon Osborne,martingale,100.0,100000.0,50000.0,561,2,0.0,126400.0,126400.0,26400.0
2237,Shelby Kim,martingale,100.0,100000.0,50000.0,484,1,0.0,97000.0,97000.0,-3000.0
2238,Roman Pham,martingale,100.0,100000.0,50000.0,791,2,0.0,140900.0,140900.0,40900.0
2239,Raelyn Gray,martingale,100.0,100000.0,50000.0,150,2,0.0,60000.0,60000.0,-40000.0
2240,Nicholas Small,martingale,100.0,100000.0,50000.0,363,1,0.0,104400.0,104400.0,4400.0
2241,Zaria Bishop,martingale,100.0,100000.0,50000.0,571,2,0.0,122300.0,122300.0,22300.0
2242,Paxton Santos,martingale,100.0,100000.0,50000.0,351,1,0.0,87600.0,87600.0,-12400.0
2243,Alana Shaffer,martingale,100.0,100000.0,50000.0,443,1,0.0,118400.0,118400.0,18400.0
2244,Dexter Bauer,martingale,100.0,100000.0,50000.0,518,1,0.0,122400.0,122400.0,22400.0
2245,Haley Serrano,martingale,100.0,100000.0,50000.0,30,1,0.0,2300.0,2300.0,-97700.0
2246,Milan Lopez,martingale,100.0,100000.0,50000.0,532,0,0.0,121000.0,121000.0,21000.0
2247,Gianna Woodward,martingale,100.0,100000.0,50000.0,564,3,0.0,125400.0,125400.0,25400.0
2248,Jeremias Strickland,martingale,100.0,100000.0,50000.0,419,1,0.0,117900.0,117900.0,17900.0
2249,Nia Garcia,martingale,100.0,100000.0,50000.0,549,4,0.0,119100.0,119100.0,19100.0
2250,James Terrell,martingale,100.0,100000.0,50000.0,310,4,0.0,70300.0,70300.0,-29700.0
2251,Paityn McKee,martingale,100.0,100000.0,50000.0,172,1,0.0,23500.0,23500.0,-76500.0
2252,Bjorn Church,martingale,100.0,100000.0,50000.0,492,4,0.0,118800.0,118800.0,18800.0
2253,Ayleen Mills,martingale,100.0,100000.0,50000.0,309,2,0.0,72200.0,72200.0,-27800.0
2254,Alex Deleon,martingale,100.0,100000.0,50000.0,642,3,0.0,131700.0,131700.0,31700.0
2255,Gabrielle Lyons,martingale,100.0,100000.0,50000.0,82,1,0.0,9500.0,9500.0,-90500.0
2256,Cyrus Barton,martingale,100.0,100000.0,50000.0,421,3,0.0,114800.0,114800.0,14800.0
2257,Danna Hodge,martingale,100.0,100000.0,50000.0,410,2,0.0,108900.0,108900.0,8900.0
2258,Reign Kramer,martingale,100.0,100000.0,50000.0,477,1,0.0,116600.0,116600.0,16600.0
2259,Hanna Skinner,martingale,100.0,100000.0,50000.0,542,2,0.0,102800.0,102800.0,2800.0
2260,Ridge Burns,martingale,100.0,100000.0,50000.0,583,1,0.0,125800.0,125800.0,25800.0
2261,Emerson Ramsey,martingale,100.0,100000.0,50000.0,473,1,0.0,102400.0,102400.0,2400.0
2262,Luciano Cordova,martingale,100.0,100000.0,50000.0,366,1,0.0,105800.0,105800.0,5800.0
2263,Florence Pace,martingale,100.0,100000.0,50000.0,424,1,0.0,117500.0,117500.0,17500.0
2264,Dior Harding,martingale,100.0,100000.0,50000.0,517,2,0.0,119600.0,119600.0,19600.0
2265,Aniya McMahon,martingale,100.0,100000.0,50000.0,362,1,0.0,84800.0,84800.0,-15200.0
2266,Jakob Hardin,martingale,100.0,100000.0,50000.0,291,2,0.0,70200.0,70200.0,-29800.0
2267,Vada Graves,martingale,100.0,100000.0,50000.0,221,4,0.0,81000.0,81000.0,-19000.0
2268,Cesar Murillo,martingale,100.0,100000.0,50000.0,385,1,0.0,83400.0,83400.0,-16600.0
2269,Mikaela Strickland,martingale,100.0,100000.0,50000.0,173,1,0.0,42400.0,42400.0,-57600.0
2270,Keegan Hail,martingale,100.0,100000.0,50000.0,451,1,0.0,118600.0,118600.0,18600.0
2271,Lainey Schultz,martingale,100.0,100000.0,50000.0,341,3,0.0,110000.0,110000.0,10000.0
2272,Cody Manning,martingale,100.0,100000.0,50000.0,243,1,0.0,64900.0,64900.0,-35100.0
2273,Jennifer Olson,martingale,100.0,100000.0,50000.0,513,1,0.0,105500.0,105500.0,5500.0
2274,Malachi Hampton,martingale,100.0,100000.0,50000.0,34,1,0.0,4400.0,4400.0,-95600.0
2275,Leona Austin,martingale,100.0,100000.0,50000.0,458,3,0.0,99700.0,99700.0,-300.0
2276,Omar Wang,martingale,100.0,100000.0,50000.0,477,1,0.0,118700.0,118700.0,18700.0
2277,Kailani Douglas,martingale,100.0,100000.0,50000.0,327,2,0.0,74800.0,74800.0,-25200.0
2278,Derek Harmon,martingale,100.0,100000.0,50000.0,614,1,0.0,131600.0,131600.0,31600.0
2279,Maren Norton,martingale,100.0,100000.0,50000.0,286,2,0.0,86400.0,86400.0,-13600.0
2280,Callen Craig,martingale,100.0,100000.0,50000.0,212,1,0.0,61500.0,61500.0,-38500.0
2281,Brynn Bowen,martingale,100.0,100000.0,50000.0,364,1,0.0,87200.0,87200.0,-12800.0
2282,Trevor Jones,martingale,100.0,100000.0,50000.0,272,1,0.0,39000.0,39000.0,-61000.0
2283,Sophia Pitts,martingale,100.0,100000.0,50000.0,576,1,0.0,117500.0,117500.0,17500.0
2284,Trey Morrow,martingale,100.0,100000.0,50000.0,268,1,0.0,49500.0,49500.0,-50500.0
2285,Reyna Stuart,martingale,100.0,100000.0,50000.0,517,1,0.0,123000.0,123000.0,23000.0
2286,Dion Franklin,martingale,100.0,100000.0,50000.0,35,1,0.0,3500.0,3500.0,-96500.0
2287,Angela Cole,martingale,100.0,100000.0,50000.0,463,1,0.0,112800.0,112800.0,12800.0
2288,Nathaniel Bennett,martingale,100.0,100000.0,50000.0,594,1,0.0,111100.0,111100.0,11100.0
2289,Josephine Stevenson,martingale,100.0,100000.0,50000.0,519,1,0.0,108500.0,108500.0,8500.0
2290,Callan Rasmussen,martingale,100.0,100000.0,50000.0,453,1,0.0,115900.0,115900.0,15900.0
2291,Esperanza Cox,martingale,100.0,100000.0,50000.0,398,2,0.0,108200.0,108200.0,8200.0
2292,Connor Lindsey,martingale,100.0,100000.0,50000.0,502,1,0.0,123500.0,123500.0,23500.0
2293,Colette Gonzalez,martingale,100.0,100000.0,50000.0,319,3,0.0,75700.0,75700.0,-24300.0
2294,Ethan Ramsey,martingale,100.0,100000.0,50000.0,562,1,0.0,119700.0,119700.0,19700.0
2295,Lyric Spears,martingale,100.0,100000.0,50000.0,388,1,0.0,79700.0,79700.0,-20300.0
2296,Ameer Magana,martingale,100.0,100000.0,50000.0,324,2,0.0,96200.0,96200.0,-3800.0
2297,Amaris Ahmed,martingale,100.0,100000.0,50000.0,285,2,0.0,65700.0,65700.0,-34300.0
2298,Harry Magana,martingale,100.0,100000.0,50000.0,394,1,0.0,94500.0,94500.0,-5500.0
2299,Amaris McMillan,martingale,100.0,100000.0,50000.0,475,1,0.0,113900.0,113900.0,13900.0
2300,Rocky Banks,martingale,100.0,100000.0,50000.0,564,1,0.0,102800.0,102800.0,2800.0
2301,Cali Cherry,martingale,100.0,100000.0,50000.0,418,1,0.0,99900.0,99900.0,-100.0
2302,Rome Zuniga,martingale,100.0,100000.0,50000.0,517,3,0.0,121100.0,121100.0,21100.0
2303,Leslie Wagner,martingale,100.0,100000.0,50000.0,546,1,0.0,127800.0,127800.0,27800.0
2304,Enzo Mullen,martingale,100.0,100000.0,50000.0,810,2,0.0,141300.0,141300.0,41300.0
2305,Shay Davis,martingale,100.0,100000.0,50000.0,453,1,0.0,110800.0,110800.0,10800.0
2306,Lucas Dillon,martingale,100.0,100000.0,50000.0,484,2,0.0,113400.0,113400.0,13400.0
2307,Laurel Walters,martingale,100.0,100000.0,50000.0,294,1,0.0,42000.0,42000.0,-58000.0
2308,Colson Hanna,martingale,100.0,100000.0,50000.0,758,3,0.0,136100.0,136100.0,36100.0
2309,Cynthia Quinn,martingale,100.0,100000.0,50000.0,48,2,0.0,52000.0,52000.0,-48000.0
2310,Rhys Wiggins,martingale,100.0,100000.0,50000.0,623,2,0.0,122500.0,122500.0,22500.0
2311,Capri McCarthy,martingale,100.0,100000.0,50000.0,308,2,0.0,112100.0,112100.0,12100.0
2312,Devin Bullock,martingale,100.0,100000.0,50000.0,283,3,0.0,72000.0,72000.0,-28000.0
2313,Winnie Ayala,martingale,100.0,100000.0,50000.0,340,1,0.0,63800.0,63800.0,-36200.0
2314,Tanner Daniel,martingale,100.0,100000.0,50000.0,86,1,0.0,8800.0,8800.0,-91200.0
2315,Joy Molina,martingale,100.0,100000.0,50000.0,521,1,0.0,123100.0,123100.0,23100.0
2316,Prince Blanchard,martingale,100.0,100000.0,50000.0,576,1,0.0,118800.0,118800.0,18800.0
2317,Layne Gallagher,martingale,100.0,100000.0,50000.0,715,1,0.0,132500.0,132500.0,32500.0
2318,Marcos Dougherty,martingale,100.0,100000.0,50000.0,661,1,0.0,131200.0,131200.0,31200.0
2319,Alisson Ford,martingale,100.0,100000.0,50000.0,512,1,0.0,121200.0,121200.0,21200.0
2320,Luis Rivera,martingale,100.0,100000.0,50000.0,566,1,0.0,121300.0,121300.0,21300.0
2321,Lillian Casey,martingale,100.0,100000.0,50000.0,78,1,0.0,9000.0,9000.0,-91000.0
2322,Armando Ross,martingale,100.0,100000.0,50000.0,520,1,0.0,112900.0,112900.0,12900.0
2323,Peyton Lucas,martingale,100.0,100000.0,50000.0,661,1,0.0,132600.0,132600.0,32600.0
2324,Chance Foley,martingale,100.0,100000.0,50000.0,436,2,0.0,111100.0,111100.0,11100.0
2325,Zaylee Landry,martingale,100.0,100000.0,50000.0,609,3,0.0,127200.0,127200.0,27200.0
2326,Jaxx Edwards,martingale,100.0,100000.0,50000.0,325,4,0.0,73300.0,73300.0,-26700.0
2327,Ivy Phillips,martingale,100.0,100000.0,50000.0,14,1,0.0,800.0,800.0,-99200.0
2328,Andrew Holt,martingale,100.0,100000.0,50000.0,689,1,0.0,132700.0,132700.0,32700.0
2329,Adelynn Bean,martingale,100.0,100000.0,50000.0,443,3,0.0,115100.0,115100.0,15100.0
2330,Mccoy O’Neal,martingale,100.0,100000.0,50000.0,531,1,0.0,102500.0,102500.0,2500.0
2331,Treasure Pierce,martingale,100.0,100000.0,50000.0,474,2,0.0,114900.0,114900.0,14900.0
2332,Nicolas Medina,martingale,100.0,100000.0,50000.0,231,2,0.0,79900.0,79900.0,-20100.0
2333,Elliana Robertson,martingale,100.0,100000.0,50000.0,236,3,0.0,85500.0,85500.0,-14500.0
2334,Emiliano Copeland,martingale,100.0,100000.0,50000.0,750,1,0.0,132900.0,132900.0,32900.0
2335,Dayana Williams,martingale,100.0,100000.0,50000.0,635,2,0.0,127200.0,127200.0,27200.0
2336,Oliver Walters,martingale,100.0,100000.0,50000.0,448,1,0.0,117500.0,117500.0,17500.0
2337,Samara Paul,martingale,100.0,100000.0,50000.0,298,3,0.0,64100.0,64100.0,-35900.0
2338,Noel Shaffer,martingale,100.0,100000.0,50000.0,365,2,0.0,112600.0,112600.0,12600.0
2339,Alanna Garrett,martingale,100.0,100000.0,50000.0,457,2,0.0,97400.0,97400.0,-2600.0
2340,Kairo Sanchez,martingale,100.0,100000.0,50000.0,630,2,0.0,130400.0,130400.0,30400.0
2341,Aria Garner,martingale,100.0,100000.0,50000.0,471,1,0.0,111200.0,111200.0,11200.0
2342,Sage Hoffman,martingale,100.0,100000.0,50000.0,157,1,0.0,45200.0,45200.0,-54800.0
2343,Aspen Dickson,martingale,100.0,100000.0,50000.0,599,1,0.0,121000.0,121000.0,21000.0
2344,Maxton Felix,martingale,100.0,100000.0,50000.0,418,1,0.0,108800.0,108800.0,8800.0
2345,Paisleigh Daugherty,martingale,100.0,100000.0,50000.0,530,1,0.0,116600.0,116600.0,16600.0
2346,Turner Peck,martingale,100.0,100000.0,50000.0,56,1,0.0,6900.0,6900.0,-93100.0
2347,Crystal Moses,martingale,100.0,100000.0,50000.0,396,1,0.0,81600.0,81600.0,-18400.0
2348,Niklaus Trejo,martingale,100.0,100000.0,50000.0,536,3,0.0,123200.0,123200.0,23200.0
2349,Rosalyn Melendez,martingale,100.0,100000.0,50000.0,282,2,0.0,83100.0,83100.0,-16900.0
2350,Nikolas Johnson,martingale,100.0,100000.0,50000.0,452,2,0.0,115200.0,115200.0,15200.0
2351,Emma Schultz,martingale,100.0,100000.0,50000.0,146,1,0.0,25200.0,25200.0,-74800.0
2352,Cody Clements,martingale,100.0,100000.0,50000.0,124,1,0.0,19100.0,19100.0,-80900.0
2353,Cara Dejesus,martingale,100.0,100000.0,50000.0,315,2,0.0,102800.0,102800.0,2800.0
2354,Rio Henry,martingale,100.0,100000.0,50000.0,468,1,0.0,118800.0,118800.0,18800.0
2355,Summer Mendoza,martingale,100.0,100000.0,50000.0,84,1,0.0,10000.0,10000.0,-90000.0
2356,Dominic Frank,martingale,100.0,100000.0,50000.0,466,1,0.0,121900.0,121900.0,21900.0
2357,Dior Bentley,martingale,100.0,100000.0,50000.0,494,2,0.0,123200.0,123200.0,23200.0
2358,Randy Robbins,martingale,100.0,100000.0,50000.0,513,1,0.0,116900.0,116900.0,16900.0
2359,Stevie Holt,martingale,100.0,100000.0,50000.0,697,2,0.0,132200.0,132200.0,32200.0
2360,Niko Chung,martingale,100.0,100000.0,50000.0,585,1,0.0,116000.0,116000.0,16000.0
2361,Rivka Reeves,martingale,100.0,100000.0,50000.0,325,2,0.0,109500.0,109500.0,9500.0
2362,Clark Fuentes,martingale,100.0,100000.0,50000.0,182,1,0.0,42000.0,42000.0,-58000.0
2363,Madeleine Holt,martingale,100.0,100000.0,50000.0,499,3,0.0,119100.0,119100.0,19100.0
2364,Niko Griffin,martingale,100.0,100000.0,50000.0,737,1,0.0,134700.0,134700.0,34700.0
2365,Charlie Carlson,martingale,100.0,100000.0,50000.0,95,2,0.0,53100.0,53100.0,-46900.0
2366,Paul Rosales,martingale,100.0,100000.0,50000.0,497,2,0.0,124500.0,124500.0,24500.0
2367,Kinley Fry,martingale,100.0,100000.0,50000.0,738,1,0.0,131300.0,131300.0,31300.0
2368,Jacoby McCarty,martingale,100.0,100000.0,50000.0,429,2,0.0,113800.0,113800.0,13800.0
2369,Halo Pitts,martingale,100.0,100000.0,50000.0,503,1,0.0,112300.0,112300.0,12300.0
2370,Trey Perkins,martingale,100.0,100000.0,50000.0,532,1,0.0,106200.0,106200.0,6200.0
2371,Sage Underwood,martingale,100.0,100000.0,50000.0,503,1,0.0,121200.0,121200.0,21200.0
2372,Reece Ayers,martingale,100.0,100000.0,50000.0,308,1,0.0,101000.0,101000.0,1000.0
2373,Simone Livingston,martingale,100.0,100000.0,50000.0,578,1,0.0,125100.0,125100.0,25100.0
2374,Ambrose Pham,martingale,100.0,100000.0,50000.0,517,3,0.0,124600.0,124600.0,24600.0
2375,Raelyn Murillo,martingale,100.0,100000.0,50000.0,489,2,0.0,113200.0,113200.0,13200.0
2376,Lance Clark,martingale,100.0,100000.0,50000.0,494,2,0.0,117800.0,117800.0,17800.0
2377,Chloe Wu,martingale,100.0,100000.0,50000.0,213,1,0.0,70800.0,70800.0,-29200.0
2378,Kyson Durham,martingale,100.0,100000.0,50000.0,729,2,0.0,126700.0,126700.0,26700.0
2379,Tiffany West,martingale,100.0,100000.0,50000.0,534,2,0.0,123100.0,123100.0,23100.0
2380,Diego Pittman,martingale,100.0,100000.0,50000.0,120,1,0.0,20500.0,20500.0,-79500.0
2381,Marie Guzman,martingale,100.0,100000.0,50000.0,15,1,0.0,600.0,600.0,-99400.0
2382,Jude Phillips,martingale,100.0,100000.0,50000.0,10,1,0.0,0.0,0.0,-100000.0
2383,Naomi Wyatt,martingale,100.0,100000.0,50000.0,286,1,0.0,74700.0,74700.0,-25300.0
2384,Sam Cantu,martingale,100.0,100000.0,50000.0,453,1,0.0,104300.0,104300.0,4300.0
2385,Galilea Glover,martingale,100.0,100000.0,50000.0,339,1,0.0,67700.0,67700.0,-32300.0
2386,Mack Rogers,martingale,100.0,100000.0,50000.0,235,1,0.0,85000.0,85000.0,-15000.0
2387,Madelyn Lin,martingale,100.0,100000.0,50000.0,533,1,0.0,122600.0,122600.0,22600.0
2388,Conor Carter,martingale,100.0,100000.0,50000.0,103,1,0.0,12700.0,12700.0,-87300.0
2389,Lucy Sampson,martingale,100.0,100000.0,50000.0,74,1,0.0,62300.0,62300.0,-37700.0
2390,Cain Escobar,martingale,100.0,100000.0,50000.0,305,2,0.0,91200.0,91200.0,-8800.0
2391,Erin Sampson,martingale,100.0,100000.0,50000.0,179,2,0.0,59400.0,59400.0,-40600.0
2392,Cain Proctor,martingale,100.0,100000.0,50000.0,177,1,0.0,56300.0,56300.0,-43700.0
2393,Chandler Simpson,martingale,100.0,100000.0,50000.0,369,2,0.0,112400.0,112400.0,12400.0
2394,Elliott Pittman,martingale,100.0,100000.0,50000.0,345,1,0.0,47900.0,47900.0,-52100.0
2395,Marie Holt,martingale,100.0,100000.0,50000.0,14,1,0.0,400.0,400.0,-99600.0
2396,Niko Fernandez,martingale,100.0,100000.0,50000.0,214,1,0.0,37800.0,37800.0,-62200.0
2397,Amara Chen,martingale,100.0,100000.0,50000.0,268,1,0.0,78300.0,78300.0,-21700.0
2398,Emmanuel Lopez,martingale,100.0,100000.0,50000.0,109,1,0.0,19600.0,19600.0,-80400.0
2399,Gianna Chen,martingale,100.0,100000.0,50000.0,347,2,0.0,72900.0,72900.0,-27100.0
2400,Emmanuel Morrison,martingale,100.0,100000.0,50000.0,476,3,0.0,118800.0,118800.0,18800.0
2401,Rebecca Avery,martingale,100.0,100000.0,50000.0,64,1,0.0,6700.0,6700.0,-93300.0
2402,Jakari Hanson,martingale,100.0,100000.0,50000.0,470,1,0.0,77900.0,77900.0,-22100.0
2403,Mariana McClure,martingale,100.0,100000.0,50000.0,593,2,0.0,128700.0,128700.0,28700.0
2404,Reese Coleman,martingale,100.0,100000.0,50000.0,635,3,0.0,130200.0,130200.0,30200.0
2405,Julia Ayers,martingale,100.0,100000.0,50000.0,630,2,0.0,119200.0,119200.0,19200.0
2406,Ulises McGee,martingale,100.0,100000.0,50000.0,424,1,0.0,115800.0,115800.0,15800.0
2407,Kayleigh Carroll,martingale,100.0,100000.0,50000.0,78,1,0.0,8600.0,8600.0,-91400.0
2408,Oscar Hancock,martingale,100.0,100000.0,50000.0,467,2,0.0,111600.0,111600.0,11600.0
2409,Katelyn Flowers,martingale,100.0,100000.0,50000.0,643,2,0.0,128400.0,128400.0,28400.0
2410,Saul Green,martingale,100.0,100000.0,50000.0,116,1,0.0,16200.0,16200.0,-83800.0
2411,Zoe Sellers,martingale,100.0,100000.0,50000.0,746,1,0.0,132300.0,132300.0,32300.0
2412,Madden Michael,martingale,100.0,100000.0,50000.0,292,1,0.0,82200.0,82200.0,-17800.0
2413,Aubriella Avalos,martingale,100.0,100000.0,50000.0,209,1,0.0,61900.0,61900.0,-38100.0
2414,Coen Grimes,martingale,100.0,100000.0,50000.0,414,2,0.0,99400.0,99400.0,-600.0
2415,Braelyn McBride,martingale,100.0,100000.0,50000.0,181,1,0.0,57600.0,57600.0,-42400.0
2416,Denver Dougherty,martingale,100.0,100000.0,50000.0,524,1,0.0,123200.0,123200.0,23200.0
2417,Alisson Shepherd,martingale,100.0,100000.0,50000.0,408,1,0.0,111900.0,111900.0,11900.0
2418,Ronald Trujillo,martingale,100.0,100000.0,50000.0,343,1,0.0,76900.0,76900.0,-23100.0
2419,Danielle Hicks,martingale,100.0,100000.0,50000.0,151,1,0.0,40700.0,40700.0,-59300.0
2420,Maddox Clayton,martingale,100.0,100000.0,50000.0,417,2,0.0,111300.0,111300.0,11300.0
2421,Saige Pacheco,martingale,100.0,100000.0,50000.0,402,1,0.0,93800.0,93800.0,-6200.0
2422,Erik Jensen,martingale,100.0,100000.0,50000.0,111,1,0.0,12500.0,12500.0,-87500.0
2423,Jane Turner,martingale,100.0,100000.0,50000.0,153,1,0.0,44200.0,44200.0,-55800.0
2424,Joshua McClain,martingale,100.0,100000.0,50000.0,273,3,0.0,92900.0,92900.0,-7100.0
2425,Marleigh Boone,martingale,100.0,100000.0,50000.0,409,2,0.0,113500.0,113500.0,13500.0
2426,Mauricio Padilla,martingale,100.0,100000.0,50000.0,174,1,0.0,88300.0,88300.0,-11700.0
2427,Maggie Matthews,martingale,100.0,100000.0,50000.0,332,1,0.0,72200.0,72200.0,-27800.0
2428,Preston Fields,martingale,100.0,100000.0,50000.0,473,1,0.0,111800.0,111800.0,11800.0
2429,Annie Galvan,martingale,100.0,100000.0,50000.0,288,1,0.0,74500.0,74500.0,-25500.0
2430,Kingsley Glenn,martingale,100.0,100000.0,50000.0,569,1,0.0,125600.0,125600.0,25600.0
2431,Blaire Booth,martingale,100.0,100000.0,50000.0,330,2,0.0,111200.0,111200.0,11200.0
2432,Chaim Zhang,martingale,100.0,100000.0,50000.0,504,2,0.0,100000.0,100000.0,0.0
2433,Sarai Hubbard,martingale,100.0,100000.0,50000.0,88,1,0.0,16300.0,16300.0,-83700.0
2434,Forrest Meza,martingale,100.0,100000.0,50000.0,525,3,0.0,121400.0,121400.0,21400.0
2435,Rosa Frost,martingale,100.0,100000.0,50000.0,320,2,0.0,112600.0,112600.0,12600.0
2436,Dario Robinson,martingale,100.0,100000.0,50000.0,503,3,0.0,122600.0,122600.0,22600.0
2437,Nora Mullen,martingale,100.0,100000.0,50000.0,691,2,0.0,134800.0,134800.0,34800.0
2438,Shepard Truong,martingale,100.0,100000.0,50000.0,536,2,0.0,122400.0,122400.0,22400.0
2439,Judith Macias,martingale,100.0,100000.0,50000.0,141,2,0.0,75800.0,75800.0,-24200.0
2440,Moshe Mack,martingale,100.0,100000.0,50000.0,337,1,0.0,51300.0,51300.0,-48700.0
2441,Nadia Shannon,martingale,100.0,100000.0,50000.0,612,2,0.0,124800.0,124800.0,24800.0
2442,Eliel Quintana,martingale,100.0,100000.0,50000.0,451,1,0.0,120200.0,120200.0,20200.0
2443,Kenia Marin,martingale,100.0,100000.0,50000.0,345,1,0.0,84200.0,84200.0,-15800.0
2444,Aldo Underwood,martingale,100.0,100000.0,50000.0,210,1,0.0,42400.0,42400.0,-57600.0
2445,Ensley Shepard,martingale,100.0,100000.0,50000.0,405,2,0.0,110400.0,110400.0,10400.0
2446,Damari Gallagher,martingale,100.0,100000.0,50000.0,488,1,0.0,107800.0,107800.0,7800.0
2447,Elliott Sexton,martingale,100.0,100000.0,50000.0,489,2,0.0,114500.0,114500.0,14500.0
2448,Mylo Pollard,martingale,100.0,100000.0,50000.0,393,1,0.0,70000.0,70000.0,-30000.0
2449,Marisol Robinson,martingale,100.0,100000.0,50000.0,55,1,0.0,6300.0,6300.0,-93700.0
2450,Matthew Quintero,martingale,100.0,100000.0,50000.0,16,1,0.0,700.0,700.0,-99300.0
2451,Keyla Bishop,martingale,100.0,100000.0,50000.0,316,1,0.0,55000.0,55000.0,-45000.0
2452,Paxton McDowell,martingale,100.0,100000.0,50000.0,507,1,0.0,118900.0,118900.0,18900.0
2453,Rayna Pope,martingale,100.0,100000.0,50000.0,523,1,0.0,115400.0,115400.0,15400.0
2454,Gunnar Best,martingale,100.0,100000.0,50000.0,511,2,0.0,113100.0,113100.0,13100.0
2455,Lexie Owens,martingale,100.0,100000.0,50000.0,227,1,0.0,39700.0,39700.0,-60300.0
2456,Adriel Rodgers,martingale,100.0,100000.0,50000.0,257,1,0.0,93700.0,93700.0,-6300.0
2457,Selah Case,martingale,100.0,100000.0,50000.0,679,3,0.0,120800.0,120800.0,20800.0
2458,Bentlee Raymond,martingale,100.0,100000.0,50000.0,426,2,0.0,111100.0,111100.0,11100.0
2459,Hadlee Munoz,martingale,100.0,100000.0,50000.0,346,1,0.0,69000.0,69000.0,-31000.0
2460,Justin Watts,martingale,100.0,100000.0,50000.0,280,1,0.0,107500.0,107500.0,7500.0
2461,Melissa Marquez,martingale,100.0,100000.0,50000.0,405,1,0.0,107400.0,107400.0,7400.0
2462,Malakai Velez,martingale,100.0,100000.0,50000.0,500,1,0.0,123200.0,123200.0,23200.0
2463,Megan Gilbert,martingale,100.0,100000.0,50000.0,390,2,0.0,102100.0,102100.0,2100.0
2464,Tobias Moreno,martingale,100.0,100000.0,50000.0,442,1,0.0,116700.0,116700.0,16700.0
2465,Mary Bond,martingale,100.0,100000.0,50000.0,374,2,0.0,106700.0,106700.0,6700.0
2466,Roger Fowler,martingale,100.0,100000.0,50000.0,539,4,0.0,117400.0,117400.0,17400.0
2467,Lennon Molina,martingale,100.0,100000.0,50000.0,378,1,0.0,103200.0,103200.0,3200.0
2468,Prince Oliver,martingale,100.0,100000.0,50000.0,419,1,0.0,96500.0,96500.0,-3500.0
2469,Camille Watts,martingale,100.0,100000.0,50000.0,415,1,0.0,104600.0,104600.0,4600.0
2470,Dakota Ballard,martingale,100.0,100000.0,50000.0,262,2,0.0,70100.0,70100.0,-29900.0
2471,Alejandra O’Neal,martingale,100.0,100000.0,50000.0,742,3,0.0,136600.0,136600.0,36600.0
2472,Eddie Perez,martingale,100.0,100000.0,50000.0,73,1,0.0,10800.0,10800.0,-89200.0
2473,Eleanor Walker,martingale,100.0,100000.0,50000.0,535,1,0.0,90700.0,90700.0,-9300.0
2474,Luke Rojas,martingale,100.0,100000.0,50000.0,718,2,0.0,136800.0,136800.0,36800.0
2475,Adaline Rice,martingale,100.0,100000.0,50000.0,518,1,0.0,123700.0,123700.0,23700.0
2476,Graham Nava,martingale,100.0,100000.0,50000.0,774,1,0.0,134400.0,134400.0,34400.0
2477,Scout Stewart,martingale,100.0,100000.0,50000.0,483,1,0.0,112800.0,112800.0,12800.0
2478,Nolan Carson,martingale,100.0,100000.0,50000.0,234,1,0.0,47900.0,47900.0,-52100.0
2479,Nalani Casey,martingale,100.0,100000.0,50000.0,323,1,0.0,68700.0,68700.0,-31300.0
2480,Armando Friedman,martingale,100.0,100000.0,50000.0,490,1,0.0,111300.0,111300.0,11300.0
2481,Aspyn Cline,martingale,100.0,100000.0,50000.0,248,1,0.0,48700.0,48700.0,-51300.0
2482,Cullen Walton,martingale,100.0,100000.0,50000.0,514,1,0.0,108800.0,108800.0,8800.0
2483,Scarlet Lara,martingale,100.0,100000.0,50000.0,569,1,0.0,97000.0,97000.0,-3000.0
2484,Caiden Nolan,martingale,100.0,100000.0,50000.0,328,3,0.0,83500.0,83500.0,-16500.0
2485,Itzayana Palmer,martingale,100.0,100000.0,50000.0,67,2,0.0,55300.0,55300.0,-44700.0
2486,Theo Santos,martingale,100.0,100000.0,50000.0,61,1,0.0,39900.0,39900.0,-60100.0
2487,Alana Steele,martingale,100.0,100000.0,50000.0,325,1,0.0,64100.0,64100.0,-35900.0
2488,Elian Enriquez,martingale,100.0,100000.0,50000.0,337,1,0.0,93000.0,93000.0,-7000.0
2489,Nellie Bush,martingale,100.0,100000.0,50000.0,550,1,0.0,125700.0,125700.0,25700.0
2490,Tyson O’Connor,martingale,100.0,100000.0,50000.0,475,2,0.0,121100.0,121100.0,21100.0
2491,Charli Pratt,martingale,100.0,100000.0,50000.0,299,2,0.0,75400.0,75400.0,-24600.0
2492,Rowen Casey,martingale,100.0,100000.0,50000.0,306,4,0.0,92500.0,92500.0,-7500.0
2493,Sylvia Lee,martingale,100.0,100000.0,50000.0,612,2,0.0,113900.0,113900.0,13900.0
2494,Jack Gross,martingale,100.0,100000.0,50000.0,352,2,0.0,98000.0,98000.0,-2000.0
2495,Angel Berger,martingale,100.0,100000.0,50000.0,372,2,0.0,116000.0,116000.0,16000.0
2496,Byron Walsh,martingale,100.0,100000.0,50000.0,286,2,0.0,98800.0,98800.0,-1200.0
2497,Leia Roman,martingale,100.0,100000.0,50000.0,488,1,0.0,99600.0,99600.0,-400.0
2498,Kian Parsons,martingale,100.0,100000.0,50000.0,755,1,0.0,138900.0,138900.0,38900.0
2499,Maia Johnson,martingale,100.0,100000.0,50000.0,426,1,0.0,105900.0,105900.0,5900.0
2500,Noah Villalobos,martingale,100.0,100000.0,50000.0,472,2,0.0,119500.0,119500.0,19500.0
2501,Zoya Ortiz,martingale,100.0,100000.0,50000.0,249,1,0.0,69100.0,69100.0,-30900.0
2502,Landon Rowe,martingale,100.0,100000.0,50000.0,483,1,0.0,117200.0,117200.0,17200.0
2503,Matilda Tucker,martingale,100.0,100000.0,50000.0,568,2,0.0,103400.0,103400.0,3400.0
2504,Ivan Adams,martingale,100.0,100000.0,50000.0,776,2,0.0,137800.0,137800.0,37800.0
2505,Stella Olson,martingale,100.0,100000.0,50000.0,457,1,0.0,82100.0,82100.0,-17900.0
2506,Malachi Sheppard,martingale,100.0,100000.0,50000.0,250,1,0.0,63500.0,63500.0,-36500.0
2507,Veda Gross,martingale,100.0,100000.0,50000.0,155,1,0.0,32400.0,32400.0,-67600.0
2508,Quinn Carrillo,martingale,100.0,100000.0,50000.0,427,1,0.0,117200.0,117200.0,17200.0
2509,Kaylani Shaffer,martingale,100.0,100000.0,50000.0,395,2,0.0,110900.0,110900.0,10900.0
2510,Dexter Bush,martingale,100.0,100000.0,50000.0,645,2,0.0,126700.0,126700.0,26700.0
2511,Everlee Walls,martingale,100.0,100000.0,50000.0,203,2,0.0,67800.0,67800.0,-32200.0
2512,Larry Molina,martingale,100.0,100000.0,50000.0,255,3,0.0,91000.0,91000.0,-9000.0
2513,Alexandria Moreno,martingale,100.0,100000.0,50000.0,501,3,0.0,110200.0,110200.0,10200.0
2514,Myles Reed,martingale,100.0,100000.0,50000.0,616,1,0.0,121200.0,121200.0,21200.0
2515,Valentina Marquez,martingale,100.0,100000.0,50000.0,362,2,0.0,113300.0,113300.0,13300.0
2516,Malakai Perez,martingale,100.0,100000.0,50000.0,279,1,0.0,57300.0,57300.0,-42700.0
2517,Eleanor Holland,martingale,100.0,100000.0,50000.0,426,1,0.0,99500.0,99500.0,-500.0
2518,Brady Curtis,martingale,100.0,100000.0,50000.0,546,2,0.0,118400.0,118400.0,18400.0
2519,Alexis Kramer,martingale,100.0,100000.0,50000.0,552,2,0.0,124700.0,124700.0,24700.0
2520,Kylan Randolph,martingale,100.0,100000.0,50000.0,442,2,0.0,114200.0,114200.0,14200.0
2521,Kailey Reeves,martingale,100.0,100000.0,50000.0,632,1,0.0,118100.0,118100.0,18100.0
2522,Clark Rios,martingale,100.0,100000.0,50000.0,783,3,0.0,138600.0,138600.0,38600.0
2523,Brooke Carey,martingale,100.0,100000.0,50000.0,273,2,0.0,67800.0,67800.0,-32200.0
2524,Watson Pierce,martingale,100.0,100000.0,50000.0,666,2,0.0,126000.0,126000.0,26000.0
2525,Arabella McPherson,martingale,100.0,100000.0,50000.0,67,1,0.0,12200.0,12200.0,-87800.0
2526,Foster Hobbs,martingale,100.0,100000.0,50000.0,521,2,0.0,114500.0,114500.0,14500.0
2527,Lacey Lynn,martingale,100.0,100000.0,50000.0,116,1,0.0,20000.0,20000.0,-80000.0
2528,Zechariah Nixon,martingale,100.0,100000.0,50000.0,441,1,0.0,72600.0,72600.0,-27400.0
2529,Deborah Reyes,martingale,100.0,100000.0,50000.0,520,3,0.0,119800.0,119800.0,19800.0
2530,Eli Sanders,martingale,100.0,100000.0,50000.0,457,2,0.0,101100.0,101100.0,1100.0
2531,Everleigh Cobb,martingale,100.0,100000.0,50000.0,374,1,0.0,113900.0,113900.0,13900.0
2532,Raphael Truong,martingale,100.0,100000.0,50000.0,544,1,0.0,117000.0,117000.0,17000.0
2533,Judith Wilkinson,martingale,100.0,100000.0,50000.0,389,2,0.0,104000.0,104000.0,4000.0
2534,Leonard Villa,martingale,100.0,100000.0,50000.0,360,1,0.0,76000.0,76000.0,-24000.0
2535,Johanna Guevara,martingale,100.0,100000.0,50000.0,398,1,0.0,76200.0,76200.0,-23800.0
2536,Tommy Vu,martingale,100.0,100000.0,50000.0,457,1,0.0,115500.0,115500.0,15500.0
2537,Kimora George,martingale,100.0,100000.0,50000.0,429,2,0.0,107900.0,107900.0,7900.0
2538,Mark Price,martingale,100.0,100000.0,50000.0,433,1,0.0,89100.0,89100.0,-10900.0
2539,Piper Stark,martingale,100.0,100000.0,50000.0,434,1,0.0,109100.0,109100.0,9100.0
2540,Kristopher Zuniga,martingale,100.0,100000.0,50000.0,499,3,0.0,116700.0,116700.0,16700.0
2541,Leslie Hill,martingale,100.0,100000.0,50000.0,223,1,0.0,55300.0,55300.0,-44700.0
2542,Isaac Castillo,martingale,100.0,100000.0,50000.0,556,2,0.0,119900.0,119900.0,19900.0
2543,Eva Cortes,martingale,100.0,100000.0,50000.0,410,1,0.0,107200.0,107200.0,7200.0
2544,Banks Neal,martingale,100.0,100000.0,50000.0,111,1,0.0,26000.0,26000.0,-74000.0
2545,Talia Brock,martingale,100.0,100000.0,50000.0,669,1,0.0,131200.0,131200.0,31200.0
2546,Julio Bartlett,martingale,100.0,100000.0,50000.0,331,2,0.0,110000.0,110000.0,10000.0
2547,Aubrielle Bonilla,martingale,100.0,100000.0,50000.0,442,1,0.0,93100.0,93100.0,-6900.0
2548,Aden Powers,martingale,100.0,100000.0,50000.0,417,1,0.0,107400.0,107400.0,7400.0
2549,Michelle Dean,martingale,100.0,100000.0,50000.0,31,1,0.0,7800.0,7800.0,-92200.0
2550,Ronan Madden,martingale,100.0,100000.0,50000.0,61,1,0.0,11300.0,11300.0,-88700.0
2551,Violette Dejesus,martingale,100.0,100000.0,50000.0,452,2,0.0,93100.0,93100.0,-6900.0
2552,Rio Dean,martingale,100.0,100000.0,50000.0,412,1,0.0,108800.0,108800.0,8800.0
2553,Julianna Rowe,martingale,100.0,100000.0,50000.0,705,1,0.0,128800.0,128800.0,28800.0
2554,Kamden Castillo,martingale,100.0,100000.0,50000.0,570,1,0.0,118900.0,118900.0,18900.0
2555,Eva Shelton,martingale,100.0,100000.0,50000.0,555,3,0.0,116900.0,116900.0,16900.0
2556,Leonel Salazar,martingale,100.0,100000.0,50000.0,300,1,0.0,97800.0,97800.0,-2200.0
2557,Freya Choi,martingale,100.0,100000.0,50000.0,790,3,0.0,139300.0,139300.0,39300.0
2558,Khari Shepherd,martingale,100.0,100000.0,50000.0,497,4,0.0,123200.0,123200.0,23200.0
2559,Katalina Guerra,martingale,100.0,100000.0,50000.0,266,3,0.0,72600.0,72600.0,-27400.0
2560,Leland McGuire,martingale,100.0,100000.0,50000.0,308,1,0.0,57900.0,57900.0,-42100.0
2561,April Barry,martingale,100.0,100000.0,50000.0,271,1,0.0,55500.0,55500.0,-44500.0
2562,Emery Wu,martingale,100.0,100000.0,50000.0,254,1,0.0,60900.0,60900.0,-39100.0
2563,Liana Watkins,martingale,100.0,100000.0,50000.0,41,1,0.0,4700.0,4700.0,-95300.0
2564,Nash Bean,martingale,100.0,100000.0,50000.0,507,4,0.0,104800.0,104800.0,4800.0
2565,Jenesis Ellison,martingale,100.0,100000.0,50000.0,425,1,0.0,92200.0,92200.0,-7800.0
2566,Kye Browning,martingale,100.0,100000.0,50000.0,472,3,0.0,120300.0,120300.0,20300.0
2567,Princess Duncan,martingale,100.0,100000.0,50000.0,197,1,0.0,34300.0,34300.0,-65700.0
2568,Avery Bowers,martingale,100.0,100000.0,50000.0,456,2,0.0,112600.0,112600.0,12600.0
2569,Elisa Washington,martingale,100.0,100000.0,50000.0,629,2,0.0,131100.0,131100.0,31100.0
2570,Juan Richmond,martingale,100.0,100000.0,50000.0,419,2,0.0,103300.0,103300.0,3300.0
2571,Whitney Walton,martingale,100.0,100000.0,50000.0,47,1,0.0,4600.0,4600.0,-95400.0
2572,Dominick Rodriguez,martingale,100.0,100000.0,50000.0,222,1,0.0,32400.0,32400.0,-67600.0
2573,Evelyn Gross,martingale,100.0,100000.0,50000.0,528,2,0.0,120300.0,120300.0,20300.0
2574,Quinn Walls,martingale,100.0,100000.0,50000.0,406,1,0.0,95000.0,95000.0,-5000.0
2575,Lilianna Mason,martingale,100.0,100000.0,50000.0,656,2,0.0,131100.0,131100.0,31100.0
2576,Brandon Blackburn,martingale,100.0,100000.0,50000.0,289,2,0.0,74100.0,74100.0,-25900.0
2577,Frida Norris,martingale,100.0,100000.0,50000.0,673,1,0.0,131400.0,131400.0,31400.0
2578,Cairo Peters,martingale,100.0,100000.0,50000.0,102,1,0.0,17200.0,17200.0,-82800.0
2579,Leila Daniel,martingale,100.0,100000.0,50000.0,463,1,0.0,123000.0,123000.0,23000.0
2580,Grady Gray,martingale,100.0,100000.0,50000.0,396,2,0.0,107300.0,107300.0,7300.0
2581,Sarah Briggs,martingale,100.0,100000.0,50000.0,535,2,0.0,121300.0,121300.0,21300.0
2582,Case Pope,martingale,100.0,100000.0,50000.0,269,2,0.0,94000.0,94000.0,-6000.0
2583,Aurelia Weber,martingale,100.0,100000.0,50000.0,433,1,0.0,75300.0,75300.0,-24700.0
2584,Crew Wagner,martingale,100.0,100000.0,50000.0,414,2,0.0,108000.0,108000.0,8000.0
2585,Maeve Austin,martingale,100.0,100000.0,50000.0,358,2,0.0,94000.0,94000.0,-6000.0
2586,Omar McIntosh,martingale,100.0,100000.0,50000.0,197,2,0.0,93600.0,93600.0,-6400.0
2587,Gwen Powers,martingale,100.0,100000.0,50000.0,141,2,0.0,79500.0,79500.0,-20500.0
2588,Sean Choi,martingale,100.0,100000.0,50000.0,667,1,0.0,125500.0,125500.0,25500.0
2589,Karla Lowery,martingale,100.0,100000.0,50000.0,167,1,0.0,34000.0,34000.0,-66000.0
2590,Jaxxon White,martingale,100.0,100000.0,50000.0,537,3,0.0,124700.0,124700.0,24700.0
2591,Layla Rodriguez,martingale,100.0,100000.0,50000.0,670,3,0.0,114000.0,114000.0,14000.0
2592,Henry Yu,martingale,100.0,100000.0,50000.0,628,2,0.0,129700.0,129700.0,29700.0
2593,Navy Lyons,martingale,100.0,100000.0,50000.0,417,1,0.0,95100.0,95100.0,-4900.0
2594,Cyrus Kramer,martingale,100.0,100000.0,50000.0,531,1,0.0,122900.0,122900.0,22900.0
2595,Hanna Hobbs,martingale,100.0,100000.0,50000.0,499,2,0.0,102700.0,102700.0,2700.0
2596,Brendan Clark,martingale,100.0,100000.0,50000.0,10,1,0.0,0.0,0.0,-100000.0
2597,Chloe Arroyo,martingale,100.0,100000.0,50000.0,490,1,0.0,108100.0,108100.0,8100.0
2598,Alberto Conrad,martingale,100.0,100000.0,50000.0,375,1,0.0,114400.0,114400.0,14400.0
2599,Bexley Rush,martingale,100.0,100000.0,50000.0,396,1,0.0,69100.0,69100.0,-30900.0
2600,Kaiser Duran,martingale,100.0,100000.0,50000.0,204,3,0.0,63800.0,63800.0,-36200.0
2601,Willa Golden,martingale,100.0,100000.0,50000.0,733,1,0.0,134300.0,134300.0,34300.0
2602,Amias Maynard,martingale,100.0,100000.0,50000.0,566,1,0.0,124100.0,124100.0,24100.0
2603,Carolyn Benson,martingale,100.0,100000.0,50000.0,192,2,0.0,59000.0,59000.0,-41000.0
2604,Desmond Pugh,martingale,100.0,100000.0,50000.0,425,1,0.0,101700.0,101700.0,1700.0
2605,Landry Kelly,martingale,100.0,100000.0,50000.0,261,1,0.0,48400.0,48400.0,-51600.0
2606,Cooper Morrison,martingale,100.0,100000.0,50000.0,79,1,0.0,9500.0,9500.0,-90500.0
2607,Rebecca Medrano,martingale,100.0,100000.0,50000.0,334,3,0.0,95100.0,95100.0,-4900.0
2608,Arian Atkins,martingale,100.0,100000.0,50000.0,14,1,0.0,400.0,400.0,-99600.0
2609,Mina Kline,martingale,100.0,100000.0,50000.0,635,1,0.0,125700.0,125700.0,25700.0
2610,Ramon Ashley,martingale,100.0,100000.0,50000.0,555,2,0.0,125300.0,125300.0,25300.0
2611,Khalani Sheppard,martingale,100.0,100000.0,50000.0,210,2,0.0,85900.0,85900.0,-14100.0
2612,Trent Dalton,martingale,100.0,100000.0,50000.0,294,1,0.0,55300.0,55300.0,-44700.0
2613,Lilian Quintana,martingale,100.0,100000.0,50000.0,340,1,0.0,85000.0,85000.0,-15000.0
2614,Kelvin Hunter,martingale,100.0,100000.0,50000.0,494,2,0.0,101300.0,101300.0,1300.0
2615,Khloe Patrick,martingale,100.0,100000.0,50000.0,341,2,0.0,96800.0,96800.0,-3200.0
2616,Derrick Thomas,martingale,100.0,100000.0,50000.0,85,1,0.0,11100.0,11100.0,-88900.0
2617,Elizabeth Kennedy,martingale,100.0,100000.0,50000.0,374,2,0.0,98700.0,98700.0,-1300.0
2618,Maxwell Ford,martingale,100.0,100000.0,50000.0,575,1,0.0,128700.0,128700.0,28700.0
2619,Alexandra Blackburn,martingale,100.0,100000.0,50000.0,282,4,0.0,72200.0,72200.0,-27800.0
2620,Zahir Hale,martingale,100.0,100000.0,50000.0,538,1,0.0,124300.0,124300.0,24300.0
2621,Brinley Dyer,martingale,100.0,100000.0,50000.0,306,3,0.0,83800.0,83800.0,-16200.0
2622,Atreus Juarez,martingale,100.0,100000.0,50000.0,55,1,0.0,8900.0,8900.0,-91100.0
2623,Juliet Cherry,martingale,100.0,100000.0,50000.0,320,4,0.0,94200.0,94200.0,-5800.0
2624,Rome Davidson,martingale,100.0,100000.0,50000.0,387,1,0.0,75400.0,75400.0,-24600.0
2625,Jayla Wyatt,martingale,100.0,100000.0,50000.0,368,1,0.0,84800.0,84800.0,-15200.0
2626,Sam Williams,martingale,100.0,100000.0,50000.0,531,2,0.0,113100.0,113100.0,13100.0
2627,Ava Ventura,martingale,100.0,100000.0,50000.0,221,1,0.0,57100.0,57100.0,-42900.0
2628,Branson Massey,martingale,100.0,100000.0,50000.0,297,1,0.0,56400.0,56400.0,-43600.0
2629,Clementine Salinas,martingale,100.0,100000.0,50000.0,502,1,0.0,123400.0,123400.0,23400.0
2630,Edgar Patton,martingale,100.0,100000.0,50000.0,188,1,0.0,42700.0,42700.0,-57300.0
2631,Lorelei Lawrence,martingale,100.0,100000.0,50000.0,712,2,0.0,133300.0,133300.0,33300.0
2632,Kaleb Zavala,martingale,100.0,100000.0,50000.0,331,1,0.0,80100.0,80100.0,-19900.0
2633,Liv Wade,martingale,100.0,100000.0,50000.0,503,2,0.0,108700.0,108700.0,8700.0
2634,Jake Best,martingale,100.0,100000.0,50000.0,403,1,0.0,105000.0,105000.0,5000.0
2635,Lexie Robbins,martingale,100.0,100000.0,50000.0,455,1,0.0,89800.0,89800.0,-10200.0
2636,Finnegan Washington,martingale,100.0,100000.0,50000.0,212,1,0.0,72100.0,72100.0,-27900.0
2637,Valerie Walker,martingale,100.0,100000.0,50000.0,83,1,0.0,15900.0,15900.0,-84100.0
2638,Luke Olsen,martingale,100.0,100000.0,50000.0,659,1,0.0,120300.0,120300.0,20300.0
2639,Oaklyn Schneider,martingale,100.0,100000.0,50000.0,630,1,0.0,128200.0,128200.0,28200.0
2640,Raymond Frye,martingale,100.0,100000.0,50000.0,114,1,0.0,22900.0,22900.0,-77100.0
2641,Raya Short,martingale,100.0,100000.0,50000.0,365,2,0.0,92300.0,92300.0,-7700.0
2642,Hezekiah Pearson,martingale,100.0,100000.0,50000.0,413,1,0.0,102300.0,102300.0,2300.0
2643,Kiara Mosley,martingale,100.0,100000.0,50000.0,72,1,0.0,9600.0,9600.0,-90400.0
2644,Rayden Rhodes,martingale,100.0,100000.0,50000.0,297,2,0.0,84600.0,84600.0,-15400.0
2645,Tatum Fields,martingale,100.0,100000.0,50000.0,444,3,0.0,115700.0,115700.0,15700.0
2646,Clayton Jackson,martingale,100.0,100000.0,50000.0,389,2,0.0,72100.0,72100.0,-27900.0
2647,Avery Pierce,martingale,100.0,100000.0,50000.0,358,1,0.0,95000.0,95000.0,-5000.0
2648,Nicolas Blevins,martingale,100.0,100000.0,50000.0,389,1,0.0,78000.0,78000.0,-22000.0
2649,Aila Trejo,martingale,100.0,100000.0,50000.0,233,1,0.0,48900.0,48900.0,-51100.0
2650,Wesson Collins,martingale,100.0,100000.0,50000.0,583,1,0.0,117600.0,117600.0,17600.0
2651,Kinsley Burgess,martingale,100.0,100000.0,50000.0,401,2,0.0,100100.0,100100.0,100.0
2652,Kolton Beltran,martingale,100.0,100000.0,50000.0,216,2,0.0,65200.0,65200.0,-34800.0
2653,Kaydence Rodriguez,martingale,100.0,100000.0,50000.0,522,1,0.0,119400.0,119400.0,19400.0
2654,Henry Charles,martingale,100.0,100000.0,50000.0,413,3,0.0,111800.0,111800.0,11800.0
2655,Jenna House,martingale,100.0,100000.0,50000.0,480,1,0.0,120200.0,120200.0,20200.0
2656,Yehuda Escobar,martingale,100.0,100000.0,50000.0,578,1,0.0,127300.0,127300.0,27300.0
2657,Erin Ryan,martingale,100.0,100000.0,50000.0,435,1,0.0,81500.0,81500.0,-18500.0
2658,Timothy Wilkinson,martingale,100.0,100000.0,50000.0,419,2,0.0,114700.0,114700.0,14700.0
2659,Siena Stephenson,martingale,100.0,100000.0,50000.0,532,1,0.0,117800.0,117800.0,17800.0
2660,Joe McLaughlin,martingale,100.0,100000.0,50000.0,458,1,0.0,84200.0,84200.0,-15800.0
2661,Stephanie Stokes,martingale,100.0,100000.0,50000.0,510,1,0.0,113600.0,113600.0,13600.0
2662,Santana Burnett,martingale,100.0,100000.0,50000.0,370,1,0.0,116100.0,116100.0,16100.0
2663,Emberly Warner,martingale,100.0,100000.0,50000.0,533,1,0.0,117000.0,117000.0,17000.0
2664,Jaxton Gaines,martingale,100.0,100000.0,50000.0,455,2,0.0,113700.0,113700.0,13700.0
2665,Aya Mata,martingale,100.0,100000.0,50000.0,632,2,0.0,130700.0,130700.0,30700.0
2666,Ray Russo,martingale,100.0,100000.0,50000.0,545,1,0.0,111800.0,111800.0,11800.0
2667,Tinsley Douglas,martingale,100.0,100000.0,50000.0,460,2,0.0,120900.0,120900.0,20900.0
2668,Derek Valentine,martingale,100.0,100000.0,50000.0,33,1,0.0,3200.0,3200.0,-96800.0
2669,August Ellison,martingale,100.0,100000.0,50000.0,692,4,0.0,128500.0,128500.0,28500.0
2670,Kye McCullough,martingale,100.0,100000.0,50000.0,838,2,0.0,143300.0,143300.0,43300.0
2671,Hana Sims,martingale,100.0,100000.0,50000.0,217,1,0.0,77500.0,77500.0,-22500.0
2672,Brian Carter,martingale,100.0,100000.0,50000.0,576,4,0.0,112100.0,112100.0,12100.0
2673,Lucy Avery,martingale,100.0,100000.0,50000.0,497,2,0.0,98600.0,98600.0,-1400.0
2674,Jakari Hull,martingale,100.0,100000.0,50000.0,341,1,0.0,95400.0,95400.0,-4600.0
2675,Andi Palmer,martingale,100.0,100000.0,50000.0,136,3,0.0,76200.0,76200.0,-23800.0
2676,Theo Franco,martingale,100.0,100000.0,50000.0,380,1,0.0,119800.0,119800.0,19800.0
2677,Charleigh Espinosa,martingale,100.0,100000.0,50000.0,11,1,0.0,100.0,100.0,-99900.0
2678,Khalid Camacho,martingale,100.0,100000.0,50000.0,314,1,0.0,51700.0,51700.0,-48300.0
2679,Armani Knapp,martingale,100.0,100000.0,50000.0,280,2,0.0,70900.0,70900.0,-29100.0
2680,Boden Fitzgerald,martingale,100.0,100000.0,50000.0,546,1,0.0,125300.0,125300.0,25300.0
2681,Marlee Wang,martingale,100.0,100000.0,50000.0,399,1,0.0,85500.0,85500.0,-14500.0
2682,Cohen Warner,martingale,100.0,100000.0,50000.0,383,2,0.0,112900.0,112900.0,12900.0
2683,Wynter Boyle,martingale,100.0,100000.0,50000.0,509,3,0.0,96300.0,96300.0,-3700.0
2684,Robin Navarro,martingale,100.0,100000.0,50000.0,517,1,0.0,124600.0,124600.0,24600.0
2685,Winter Rice,martingale,100.0,100000.0,50000.0,382,2,0.0,116700.0,116700.0,16700.0
2686,Graham Callahan,martingale,100.0,100000.0,50000.0,427,3,0.0,99200.0,99200.0,-800.0
2687,Kimber Lynn,martingale,100.0,100000.0,50000.0,159,1,0.0,25500.0,25500.0,-74500.0
2688,Zechariah Burns,martingale,100.0,100000.0,50000.0,178,1,0.0,37200.0,37200.0,-62800.0
2689,Emerson Cameron,martingale,100.0,100000.0,50000.0,598,2,0.0,127800.0,127800.0,27800.0
2690,Rayan Armstrong,martingale,100.0,100000.0,50000.0,721,2,0.0,135400.0,135400.0,35400.0
2691,Presley Gill,martingale,100.0,100000.0,50000.0,398,1,0.0,97100.0,97100.0,-2900.0
2692,Matthias Martinez,martingale,100.0,100000.0,50000.0,356,0,0.0,92400.0,92400.0,-7600.0
2693,Harper Gardner,martingale,100.0,100000.0,50000.0,394,1,0.0,111800.0,111800.0,11800.0
2694,Alan Becker,martingale,100.0,100000.0,50000.0,203,2,0.0,60400.0,60400.0,-39600.0
2695,Laura Li,martingale,100.0,100000.0,50000.0,176,3,0.0,88900.0,88900.0,-11100.0
2696,Jorge Preston,martingale,100.0,100000.0,50000.0,468,1,0.0,80000.0,80000.0,-20000.0
2697,Indie Howard,martingale,100.0,100000.0,50000.0,301,2,0.0,94200.0,94200.0,-5800.0
2698,Jeremiah Freeman,martingale,100.0,100000.0,50000.0,237,1,0.0,71500.0,71500.0,-28500.0
2699,Norah Hanna,martingale,100.0,100000.0,50000.0,336,3,0.0,70600.0,70600.0,-29400.0
2700,Aydin Lewis,martingale,100.0,100000.0,50000.0,228,1,0.0,45400.0,45400.0,-54600.0
2701,Ellie Arellano,martingale,100.0,100000.0,50000.0,399,1,0.0,94700.0,94700.0,-5300.0
2702,Kellan Dominguez,martingale,100.0,100000.0,50000.0,460,3,0.0,107000.0,107000.0,7000.0
2703,Raegan Reilly,martingale,100.0,100000.0,50000.0,582,3,0.0,127200.0,127200.0,27200.0
2704,Alvaro Yoder,martingale,100.0,100000.0,50000.0,76,1,0.0,10000.0,10000.0,-90000.0
2705,Emerie Barry,martingale,100.0,100000.0,50000.0,740,1,0.0,124600.0,124600.0,24600.0
2706,Emery Sherman,martingale,100.0,100000.0,50000.0,291,5,0.0,107900.0,107900.0,7900.0
2707,Addilyn Pena,martingale,100.0,100000.0,50000.0,532,1,0.0,119900.0,119900.0,19900.0
2708,Marcus Estrada,martingale,100.0,100000.0,50000.0,513,1,0.0,115800.0,115800.0,15800.0
2709,Sawyer Rowe,martingale,100.0,100000.0,50000.0,68,1,0.0,12900.0,12900.0,-87100.0
2710,Kamden Lambert,martingale,100.0,100000.0,50000.0,253,1,0.0,65900.0,65900.0,-34100.0
2711,Nina Vaughn,martingale,100.0,100000.0,50000.0,480,2,0.0,123500.0,123500.0,23500.0
2712,Remy Chambers,martingale,100.0,100000.0,50000.0,122,2,0.0,61300.0,61300.0,-38700.0
2713,Makayla Pacheco,martingale,100.0,100000.0,50000.0,555,1,0.0,117900.0,117900.0,17900.0
2714,Erik Lowe,martingale,100.0,100000.0,50000.0,251,2,0.0,79000.0,79000.0,-21000.0
2715,Amari Sawyer,martingale,100.0,100000.0,50000.0,393,2,0.0,69500.0,69500.0,-30500.0
2716,Jefferson Ho,martingale,100.0,100000.0,50000.0,428,2,0.0,79000.0,79000.0,-21000.0
2717,Calliope Michael,martingale,100.0,100000.0,50000.0,567,1,0.0,125000.0,125000.0,25000.0
2718,Bronson Alvarado,martingale,100.0,100000.0,50000.0,363,1,0.0,100100.0,100100.0,100.0
2719,Blake Morse,martingale,100.0,100000.0,50000.0,363,2,0.0,114000.0,114000.0,14000.0
2720,Bode Wood,martingale,100.0,100000.0,50000.0,392,2,0.0,106200.0,106200.0,6200.0
2721,Natalia Bullock,martingale,100.0,100000.0,50000.0,401,1,0.0,65500.0,65500.0,-34500.0
2722,Ben Steele,martingale,100.0,100000.0,50000.0,430,2,0.0,119700.0,119700.0,19700.0
2723,Rylie Ashley,martingale,100.0,100000.0,50000.0,351,2,0.0,83400.0,83400.0,-16600.0
2724,Kylen Mora,martingale,100.0,100000.0,50000.0,459,1,0.0,106200.0,106200.0,6200.0
2725,Jemma Santiago,martingale,100.0,100000.0,50000.0,340,2,0.0,107600.0,107600.0,7600.0
2726,Beckham Jennings,martingale,100.0,100000.0,50000.0,442,1,0.0,120800.0,120800.0,20800.0
2727,Palmer Rogers,martingale,100.0,100000.0,50000.0,58,1,0.0,6500.0,6500.0,-93500.0
2728,Colton Nelson,martingale,100.0,100000.0,50000.0,461,0,0.0,121900.0,121900.0,21900.0
2729,Everly Combs,martingale,100.0,100000.0,50000.0,609,1,0.0,98900.0,98900.0,-1100.0
2730,Ahmad Brock,martingale,100.0,100000.0,50000.0,363,1,0.0,76800.0,76800.0,-23200.0
2731,Jada Griffith,martingale,100.0,100000.0,50000.0,370,4,0.0,113400.0,113400.0,13400.0
2732,Franklin Griffith,martingale,100.0,100000.0,50000.0,531,1,0.0,110600.0,110600.0,10600.0
2733,Alicia Nunez,martingale,100.0,100000.0,50000.0,530,1,0.0,120600.0,120600.0,20600.0
2734,Caden Stout,martingale,100.0,100000.0,50000.0,72,1,0.0,11200.0,11200.0,-88800.0
2735,Chana Cherry,martingale,100.0,100000.0,50000.0,353,3,0.0,109400.0,109400.0,9400.0
2736,Rome Kemp,martingale,100.0,100000.0,50000.0,360,1,0.0,88700.0,88700.0,-11300.0
2737,Anika Blanchard,martingale,100.0,100000.0,50000.0,658,1,0.0,128300.0,128300.0,28300.0
2738,Adler Palacios,martingale,100.0,100000.0,50000.0,543,3,0.0,122000.0,122000.0,22000.0
2739,Bria Aguilar,martingale,100.0,100000.0,50000.0,494,2,0.0,120300.0,120300.0,20300.0
2740,Milo Berg,martingale,100.0,100000.0,50000.0,460,1,0.0,104000.0,104000.0,4000.0
2741,Emmalyn Hale,martingale,100.0,100000.0,50000.0,584,1,0.0,123200.0,123200.0,23200.0
2742,Ezequiel Stout,martingale,100.0,100000.0,50000.0,562,3,0.0,120100.0,120100.0,20100.0
2743,Chana York,martingale,100.0,100000.0,50000.0,358,1,0.0,70400.0,70400.0,-29600.0
2744,Leandro Benitez,martingale,100.0,100000.0,50000.0,555,1,0.0,123700.0,123700.0,23700.0
2745,Aliza Vincent,martingale,100.0,100000.0,50000.0,228,1,0.0,50800.0,50800.0,-49200.0
2746,Aarav Wu,martingale,100.0,100000.0,50000.0,550,2,0.0,126400.0,126400.0,26400.0
2747,Liana Pierce,martingale,100.0,100000.0,50000.0,389,1,0.0,86200.0,86200.0,-13800.0
2748,Nicolas Wallace,martingale,100.0,100000.0,50000.0,378,1,0.0,68700.0,68700.0,-31300.0
2749,Arianna Davis,martingale,100.0,100000.0,50000.0,245,2,0.0,61300.0,61300.0,-38700.0
2750,Lucas Marshall,martingale,100.0,100000.0,50000.0,471,1,0.0,107500.0,107500.0,7500.0
2751,Adalyn Delgado,martingale,100.0,100000.0,50000.0,247,1,0.0,75000.0,75000.0,-25000.0
2752,Colt Carson,martingale,100.0,100000.0,50000.0,214,1,0.0,35900.0,35900.0,-64100.0
2753,Nalani Reynolds,martingale,100.0,100000.0,50000.0,518,4,0.0,112500.0,112500.0,12500.0
2754,Vincent Cardenas,martingale,100.0,100000.0,50000.0,332,1,0.0,91900.0,91900.0,-8100.0
2755,Raven Cuevas,martingale,100.0,100000.0,50000.0,466,1,0.0,96200.0,96200.0,-3800.0
2756,Brecken Berry,martingale,100.0,100000.0,50000.0,159,1,0.0,29200.0,29200.0,-70800.0
2757,Annabelle Gillespie,martingale,100.0,100000.0,50000.0,451,2,0.0,119500.0,119500.0,19500.0
2758,Forest Garcia,martingale,100.0,100000.0,50000.0,302,1,0.0,70700.0,70700.0,-29300.0
2759,Amelia Nicholson,martingale,100.0,100000.0,50000.0,332,1,0.0,101200.0,101200.0,1200.0
2760,Rodrigo Hickman,martingale,100.0,100000.0,50000.0,440,4,0.0,113000.0,113000.0,13000.0
2761,Scarlette Hensley,martingale,100.0,100000.0,50000.0,310,2,0.0,84100.0,84100.0,-15900.0
2762,Layne Doyle,martingale,100.0,100000.0,50000.0,248,2,0.0,95200.0,95200.0,-4800.0
2763,Annalise Glover,martingale,100.0,100000.0,50000.0,104,1,0.0,14200.0,14200.0,-85800.0
2764,Mack Hubbard,martingale,100.0,100000.0,50000.0,377,1,0.0,106300.0,106300.0,6300.0
2765,Rosie Day,martingale,100.0,100000.0,50000.0,464,1,0.0,110700.0,110700.0,10700.0
2766,Kayson Gould,martingale,100.0,100000.0,50000.0,312,2,0.0,98300.0,98300.0,-1700.0
2767,Violeta Gillespie,martingale,100.0,100000.0,50000.0,488,2,0.0,113800.0,113800.0,13800.0
2768,Forest Heath,martingale,100.0,100000.0,50000.0,306,2,0.0,105600.0,105600.0,5600.0
2769,Amani Jordan,martingale,100.0,100000.0,50000.0,372,1,0.0,99800.0,99800.0,-200.0
2770,Sawyer Nielsen,martingale,100.0,100000.0,50000.0,432,2,0.0,115400.0,115400.0,15400.0
2771,Vienna Riley,martingale,100.0,100000.0,50000.0,413,2,0.0,119200.0,119200.0,19200.0
2772,Amari Cochran,martingale,100.0,100000.0,50000.0,471,3,0.0,114500.0,114500.0,14500.0
2773,Alma Valentine,martingale,100.0,100000.0,50000.0,257,2,0.0,66000.0,66000.0,-34000.0
2774,Demetrius Boyle,martingale,100.0,100000.0,50000.0,412,1,0.0,115600.0,115600.0,15600.0
2775,Aliya Dixon,martingale,100.0,100000.0,50000.0,384,1,0.0,90500.0,90500.0,-9500.0
2776,Camden Clay,martingale,100.0,100000.0,50000.0,316,3,0.0,65700.0,65700.0,-34300.0
2777,Aliana Zamora,martingale,100.0,100000.0,50000.0,405,2,0.0,117000.0,117000.0,17000.0
2778,Quentin O’Neill,martingale,100.0,100000.0,50000.0,541,2,0.0,127600.0,127600.0,27600.0
2779,Kenna Simon,martingale,100.0,100000.0,50000.0,343,2,0.0,103800.0,103800.0,3800.0
2780,Zayne Zavala,martingale,100.0,100000.0,50000.0,90,1,0.0,11800.0,11800.0,-88200.0
2781,Liv McPherson,martingale,100.0,100000.0,50000.0,169,3,0.0,79000.0,79000.0,-21000.0
2782,Foster Griffith,martingale,100.0,100000.0,50000.0,361,1,0.0,95900.0,95900.0,-4100.0
2783,Alicia Chavez,martingale,100.0,100000.0,50000.0,151,1,0.0,36800.0,36800.0,-63200.0
2784,Ian Gomez,martingale,100.0,100000.0,50000.0,335,1,0.0,72400.0,72400.0,-27600.0
2785,Natalie Miranda,martingale,100.0,100000.0,50000.0,622,1,0.0,108500.0,108500.0,8500.0
2786,Rory Meadows,martingale,100.0,100000.0,50000.0,471,2,0.0,100600.0,100600.0,600.0
2787,Pearl Boone,martingale,100.0,100000.0,50000.0,544,1,0.0,115300.0,115300.0,15300.0
2788,Mauricio Burton,martingale,100.0,100000.0,50000.0,460,1,0.0,85800.0,85800.0,-14200.0
2789,Miriam Juarez,martingale,100.0,100000.0,50000.0,396,1,0.0,73100.0,73100.0,-26900.0
2790,Joaquin Elliott,martingale,100.0,100000.0,50000.0,393,3,0.0,110800.0,110800.0,10800.0
2791,Noelle Quintana,martingale,100.0,100000.0,50000.0,142,1,0.0,30900.0,30900.0,-69100.0
2792,Kelvin Deleon,martingale,100.0,100000.0,50000.0,656,2,0.0,130500.0,130500.0,30500.0
2793,Gabrielle McCormick,martingale,100.0,100000.0,50000.0,266,4,0.0,106700.0,106700.0,6700.0
2794,Jasiah Jensen,martingale,100.0,100000.0,50000.0,201,1,0.0,44300.0,44300.0,-55700.0
2795,Jane Cline,martingale,100.0,100000.0,50000.0,22,1,0.0,2400.0,2400.0,-97600.0
2796,Cullen Conrad,martingale,100.0,100000.0,50000.0,472,2,0.0,102300.0,102300.0,2300.0
2797,Bexley Hodge,martingale,100.0,100000.0,50000.0,483,2,0.0,81800.0,81800.0,-18200.0
2798,Reign Carpenter,martingale,100.0,100000.0,50000.0,577,2,0.0,127400.0,127400.0,27400.0
2799,Lilly Hull,martingale,100.0,100000.0,50000.0,686,1,0.0,127200.0,127200.0,27200.0
2800,Salem Wolfe,martingale,100.0,100000.0,50000.0,742,1,0.0,134000.0,134000.0,34000.0
2801,Hallie Juarez,martingale,100.0,100000.0,50000.0,400,4,0.0,114900.0,114900.0,14900.0
2802,Joaquin Combs,martingale,100.0,100000.0,50000.0,465,3,0.0,117100.0,117100.0,17100.0
2803,Irene Blackwell,martingale,100.0,100000.0,50000.0,171,3,0.0,66200.0,66200.0,-33800.0
2804,Marcellus Miller,martingale,100.0,100000.0,50000.0,270,1,0.0,72600.0,72600.0,-27400.0
2805,Isabella French,martingale,100.0,100000.0,50000.0,434,1,0.0,111000.0,111000.0,11000.0
2806,Corey Stewart,martingale,100.0,100000.0,50000.0,559,2,0.0,122300.0,122300.0,22300.0
2807,Maya Kramer,martingale,100.0,100000.0,50000.0,690,1,0.0,132200.0,132200.0,32200.0
2808,Kylan Larson,martingale,100.0,100000.0,50000.0,282,1,0.0,71100.0,71100.0,-28900.0
2809,Alayna Wilkinson,martingale,100.0,100000.0,50000.0,500,2,0.0,117100.0,117100.0,17100.0
2810,Leonard Gardner,martingale,100.0,100000.0,50000.0,596,1,0.0,123300.0,123300.0,23300.0
2811,Jordyn Browning,martingale,100.0,100000.0,50000.0,482,2,0.0,114800.0,114800.0,14800.0
2812,Rohan Thompson,martingale,100.0,100000.0,50000.0,316,2,0.0,91700.0,91700.0,-8300.0
2813,Madison Malone,martingale,100.0,100000.0,50000.0,470,1,0.0,77000.0,77000.0,-23000.0
2814,Ruben Ibarra,martingale,100.0,100000.0,50000.0,601,1,0.0,127000.0,127000.0,27000.0
2815,Madilynn Graham,martingale,100.0,100000.0,50000.0,546,2,0.0,119600.0,119600.0,19600.0
2816,Giovanni Benton,martingale,100.0,100000.0,50000.0,290,1,0.0,85600.0,85600.0,-14400.0
2817,Anais Hayden,martingale,100.0,100000.0,50000.0,253,3,0.0,77800.0,77800.0,-22200.0
2818,Leroy Ellison,martingale,100.0,100000.0,50000.0,600,1,0.0,126000.0,126000.0,26000.0
2819,Raina Arnold,martingale,100.0,100000.0,50000.0,62,1,0.0,6900.0,6900.0,-93100.0
2820,Abraham Vang,martingale,100.0,100000.0,50000.0,158,1,0.0,23000.0,23000.0,-77000.0
2821,Madisyn Robbins,martingale,100.0,100000.0,50000.0,472,1,0.0,102800.0,102800.0,2800.0
2822,Finnegan Garrett,martingale,100.0,100000.0,50000.0,384,1,0.0,104400.0,104400.0,4400.0
2823,Tessa McCarthy,martingale,100.0,100000.0,50000.0,488,1,0.0,96700.0,96700.0,-3300.0
2824,Devin Swanson,martingale,100.0,100000.0,50000.0,632,2,0.0,126100.0,126100.0,26100.0
2825,Helen Haley,martingale,100.0,100000.0,50000.0,544,1,0.0,114700.0,114700.0,14700.0
2826,Leif Barton,martingale,100.0,100000.0,50000.0,453,2,0.0,118800.0,118800.0,18800.0
2827,Danna Ellis,martingale,100.0,100000.0,50000.0,601,0,0.0,128600.0,128600.0,28600.0
2828,Cole Boone,martingale,100.0,100000.0,50000.0,517,3,0.0,124400.0,124400.0,24400.0
2829,Mariam Hoover,martingale,100.0,100000.0,50000.0,469,4,0.0,101900.0,101900.0,1900.0
2830,Jaziel Sloan,martingale,100.0,100000.0,50000.0,256,1,0.0,51100.0,51100.0,-48900.0
2831,Selene Scott,martingale,100.0,100000.0,50000.0,334,2,0.0,76700.0,76700.0,-23300.0
2832,Leo Salinas,martingale,100.0,100000.0,50000.0,684,1,0.0,115200.0,115200.0,15200.0
2833,Royalty Pope,martingale,100.0,100000.0,50000.0,81,3,0.0,54500.0,54500.0,-45500.0
2834,Gunnar Moses,martingale,100.0,100000.0,50000.0,425,1,0.0,79600.0,79600.0,-20400.0
2835,Karter Rivas,martingale,100.0,100000.0,50000.0,273,2,0.0,102200.0,102200.0,2200.0
2836,Damon Barton,martingale,100.0,100000.0,50000.0,466,2,0.0,106700.0,106700.0,6700.0
2837,Danna Houston,martingale,100.0,100000.0,50000.0,671,1,0.0,124500.0,124500.0,24500.0
2838,Sylas Humphrey,martingale,100.0,100000.0,50000.0,198,2,0.0,58600.0,58600.0,-41400.0
2839,Journi Bridges,martingale,100.0,100000.0,50000.0,226,2,0.0,63400.0,63400.0,-36600.0
2840,Mohammed White,martingale,100.0,100000.0,50000.0,636,1,0.0,132100.0,132100.0,32100.0
2841,Layla Sutton,martingale,100.0,100000.0,50000.0,684,1,0.0,130000.0,130000.0,30000.0
2842,Warren Keller,martingale,100.0,100000.0,50000.0,502,1,0.0,107900.0,107900.0,7900.0
2843,Logan Shepherd,martingale,100.0,100000.0,50000.0,552,1,0.0,121600.0,121600.0,21600.0
2844,Ronald Fitzpatrick,martingale,100.0,100000.0,50000.0,497,1,0.0,106000.0,106000.0,6000.0
2845,Annabella Welch,martingale,100.0,100000.0,50000.0,203,2,0.0,70800.0,70800.0,-29200.0
2846,Hendrix Daugherty,martingale,100.0,100000.0,50000.0,588,2,0.0,128000.0,128000.0,28000.0
2847,Magdalena Villanueva,martingale,100.0,100000.0,50000.0,649,2,0.0,129100.0,129100.0,29100.0
2848,Huxley Monroe,martingale,100.0,100000.0,50000.0,639,1,0.0,126800.0,126800.0,26800.0
2849,Carly Coffey,martingale,100.0,100000.0,50000.0,500,2,0.0,105300.0,105300.0,5300.0
2850,Kody Travis,martingale,100.0,100000.0,50000.0,595,2,0.0,116400.0,116400.0,16400.0
2851,Mazikee Phan,martingale,100.0,100000.0,50000.0,15,1,0.0,500.0,500.0,-99500.0
2852,Maison Rich,martingale,100.0,100000.0,50000.0,511,1,0.0,78500.0,78500.0,-21500.0
2853,Sunny Taylor,martingale,100.0,100000.0,50000.0,480,3,0.0,113100.0,113100.0,13100.0
2854,Jackson Hayes,martingale,100.0,100000.0,50000.0,547,1,0.0,118300.0,118300.0,18300.0
2855,Iris Green,martingale,100.0,100000.0,50000.0,688,1,0.0,111500.0,111500.0,11500.0
2856,Anthony Orozco,martingale,100.0,100000.0,50000.0,452,2,0.0,96900.0,96900.0,-3100.0
2857,Renata Cantu,martingale,100.0,100000.0,50000.0,174,1,0.0,70500.0,70500.0,-29500.0
2858,Anakin Quinn,martingale,100.0,100000.0,50000.0,211,3,0.0,88800.0,88800.0,-11200.0
2859,Heaven Kennedy,martingale,100.0,100000.0,50000.0,449,2,0.0,115800.0,115800.0,15800.0
2860,Maxwell Willis,martingale,100.0,100000.0,50000.0,436,1,0.0,113900.0,113900.0,13900.0
2861,Alexa Beltran,martingale,100.0,100000.0,50000.0,226,1,0.0,64000.0,64000.0,-36000.0
2862,Ricky Serrano,martingale,100.0,100000.0,50000.0,380,1,0.0,85500.0,85500.0,-14500.0
2863,Allie Malone,martingale,100.0,100000.0,50000.0,53,1,0.0,8500.0,8500.0,-91500.0
2864,Ruben Lin,martingale,100.0,100000.0,50000.0,554,0,0.0,124100.0,124100.0,24100.0
2865,Makenna Cuevas,martingale,100.0,100000.0,50000.0,465,4,0.0,88700.0,88700.0,-11300.0
2866,Brecken Good,martingale,100.0,100000.0,50000.0,499,2,0.0,114400.0,114400.0,14400.0
2867,Nathalia Krueger,martingale,100.0,100000.0,50000.0,463,1,0.0,110700.0,110700.0,10700.0
2868,Jones Eaton,martingale,100.0,100000.0,50000.0,266,2,0.0,86200.0,86200.0,-13800.0
2869,Miley Rios,martingale,100.0,100000.0,50000.0,332,2,0.0,73900.0,73900.0,-26100.0
2870,Israel Russell,martingale,100.0,100000.0,50000.0,449,1,0.0,115400.0,115400.0,15400.0
2871,Raelynn Quintero,martingale,100.0,100000.0,50000.0,479,1,0.0,122200.0,122200.0,22200.0
2872,Thatcher Morrison,martingale,100.0,100000.0,50000.0,475,2,0.0,119600.0,119600.0,19600.0
2873,Rebecca Bartlett,martingale,100.0,100000.0,50000.0,452,4,0.0,112000.0,112000.0,12000.0
2874,Kace Shepherd,martingale,100.0,100000.0,50000.0,597,1,0.0,122200.0,122200.0,22200.0
2875,Katalina Malone,martingale,100.0,100000.0,50000.0,517,1,0.0,116200.0,116200.0,16200.0
2876,Ruben Mendoza,martingale,100.0,100000.0,50000.0,583,2,0.0,123700.0,123700.0,23700.0
2877,Cora Velez,martingale,100.0,100000.0,50000.0,268,2,0.0,63200.0,63200.0,-36800.0
2878,Kareem Kelly,martingale,100.0,100000.0,50000.0,444,2,0.0,80600.0,80600.0,-19400.0
2879,Ruby Travis,martingale,100.0,100000.0,50000.0,624,4,0.0,122300.0,122300.0,22300.0
2880,Willie Goodman,martingale,100.0,100000.0,50000.0,599,1,0.0,98800.0,98800.0,-1200.0
2881,Carolina Dudley,martingale,100.0,100000.0,50000.0,410,2,0.0,118900.0,118900.0,18900.0
2882,Colter Shelton,martingale,100.0,100000.0,50000.0,356,1,0.0,105900.0,105900.0,5900.0
2883,Makenzie Carr,martingale,100.0,100000.0,50000.0,379,1,0.0,101100.0,101100.0,1100.0
2884,Kash Winters,martingale,100.0,100000.0,50000.0,487,1,0.0,110200.0,110200.0,10200.0
2885,Kataleya Huffman,martingale,100.0,100000.0,50000.0,553,1,0.0,96700.0,96700.0,-3300.0
2886,Chris Schmidt,martingale,100.0,100000.0,50000.0,409,3,0.0,87700.0,87700.0,-12300.0
2887,Kimberly Sosa,martingale,100.0,100000.0,50000.0,436,2,0.0,96000.0,96000.0,-4000.0
2888,Emir Burns,martingale,100.0,100000.0,50000.0,677,2,0.0,133000.0,133000.0,33000.0
2889,Emerson Middleton,martingale,100.0,100000.0,50000.0,381,1,0.0,62600.0,62600.0,-37400.0
2890,Misael Cobb,martingale,100.0,100000.0,50000.0,484,2,0.0,110900.0,110900.0,10900.0
2891,Aviana Peters,martingale,100.0,100000.0,50000.0,461,1,0.0,117500.0,117500.0,17500.0
2892,Patrick Holmes,martingale,100.0,100000.0,50000.0,330,1,0.0,100300.0,100300.0,300.0
2893,Bailey Riley,martingale,100.0,100000.0,50000.0,529,2,0.0,125100.0,125100.0,25100.0
2894,Amari Schneider,martingale,100.0,100000.0,50000.0,637,1,0.0,131600.0,131600.0,31600.0
2895,Delaney Hammond,martingale,100.0,100000.0,50000.0,271,1,0.0,58900.0,58900.0,-41100.0
2896,Francis Shepard,martingale,100.0,100000.0,50000.0,669,1,0.0,130300.0,130300.0,30300.0
2897,Noor Gallagher,martingale,100.0,100000.0,50000.0,616,1,0.0,130700.0,130700.0,30700.0
2898,Marcos Pennington,martingale,100.0,100000.0,50000.0,358,3,0.0,95800.0,95800.0,-4200.0
2899,Yareli Buckley,martingale,100.0,100000.0,50000.0,213,1,0.0,72600.0,72600.0,-27400.0
2900,Aryan Huber,martingale,100.0,100000.0,50000.0,545,1,0.0,120000.0,120000.0,20000.0
2901,Raquel Castaneda,martingale,100.0,100000.0,50000.0,552,2,0.0,126100.0,126100.0,26100.0
2902,Collin Hunt,martingale,100.0,100000.0,50000.0,449,1,0.0,85400.0,85400.0,-14600.0
2903,Genevieve Martinez,martingale,100.0,100000.0,50000.0,250,3,0.0,91300.0,91300.0,-8700.0
2904,Alexander Delacruz,martingale,100.0,100000.0,50000.0,251,2,0.0,63500.0,63500.0,-36500.0
2905,Celine Palmer,martingale,100.0,100000.0,50000.0,588,1,0.0,123200.0,123200.0,23200.0
2906,Theo Portillo,martingale,100.0,100000.0,50000.0,541,2,0.0,123500.0,123500.0,23500.0
2907,Nathalie Wiley,martingale,100.0,100000.0,50000.0,400,1,0.0,108200.0,108200.0,8200.0
2908,Mathew Burnett,martingale,100.0,100000.0,50000.0,464,2,0.0,110400.0,110400.0,10400.0
2909,Emberly Barber,martingale,100.0,100000.0,50000.0,742,1,0.0,136700.0,136700.0,36700.0
2910,Solomon Park,martingale,100.0,100000.0,50000.0,406,3,0.0,116300.0,116300.0,16300.0
2911,Lia Pollard,martingale,100.0,100000.0,50000.0,521,2,0.0,126300.0,126300.0,26300.0
2912,Jad Zuniga,martingale,100.0,100000.0,50000.0,241,5,0.0,69100.0,69100.0,-30900.0
2913,Leslie Drake,martingale,100.0,100000.0,50000.0,255,3,0.0,103600.0,103600.0,3600.0
2914,Jalen Booth,martingale,100.0,100000.0,50000.0,726,1,0.0,134700.0,134700.0,34700.0
2915,Zariyah Colon,martingale,100.0,100000.0,50000.0,542,2,0.0,118500.0,118500.0,18500.0
2916,Bruce Allen,martingale,100.0,100000.0,50000.0,701,1,0.0,125800.0,125800.0,25800.0
2917,Riley Leblanc,martingale,100.0,100000.0,50000.0,685,2,0.0,128700.0,128700.0,28700.0
2918,Braden Clark,martingale,100.0,100000.0,50000.0,669,2,0.0,128700.0,128700.0,28700.0
2919,Chloe Bell,martingale,100.0,100000.0,50000.0,434,3,0.0,99300.0,99300.0,-700.0
2920,Emmett Mata,martingale,100.0,100000.0,50000.0,107,1,0.0,18600.0,18600.0,-81400.0
2921,Lillie Figueroa,martingale,100.0,100000.0,50000.0,282,3,0.0,94800.0,94800.0,-5200.0
2922,Spencer Hansen,martingale,100.0,100000.0,50000.0,114,1,0.0,31300.0,31300.0,-68700.0
2923,Hope David,martingale,100.0,100000.0,50000.0,544,2,0.0,112700.0,112700.0,12700.0
2924,Alonso Kelley,martingale,100.0,100000.0,50000.0,165,1,0.0,34800.0,34800.0,-65200.0
2925,Rosalie Dalton,martingale,100.0,100000.0,50000.0,604,1,0.0,120200.0,120200.0,20200.0
2926,Fletcher Johns,martingale,100.0,100000.0,50000.0,508,3,0.0,122400.0,122400.0,22400.0
2927,Giovanna Boyle,martingale,100.0,100000.0,50000.0,362,3,0.0,94500.0,94500.0,-5500.0
2928,Robin Madden,martingale,100.0,100000.0,50000.0,166,1,0.0,40000.0,40000.0,-60000.0
2929,Violette Palmer,martingale,100.0,100000.0,50000.0,513,2,0.0,121600.0,121600.0,21600.0
2930,Theo Morton,martingale,100.0,100000.0,50000.0,404,2,0.0,115200.0,115200.0,15200.0
2931,Mallory Sanchez,martingale,100.0,100000.0,50000.0,385,2,0.0,106100.0,106100.0,6100.0
2932,Joseph Lang,martingale,100.0,100000.0,50000.0,351,2,0.0,103800.0,103800.0,3800.0
2933,Amirah Berg,martingale,100.0,100000.0,50000.0,422,2,0.0,113900.0,113900.0,13900.0
2934,Cayson Lucero,martingale,100.0,100000.0,50000.0,389,1,0.0,71300.0,71300.0,-28700.0
2935,Ila Jones,martingale,100.0,100000.0,50000.0,477,1,0.0,113600.0,113600.0,13600.0
2936,William Cooper,martingale,100.0,100000.0,50000.0,683,1,0.0,123900.0,123900.0,23900.0
2937,Serenity Benton,martingale,100.0,100000.0,50000.0,163,1,0.0,50900.0,50900.0,-49100.0
2938,Jamal Small,martingale,100.0,100000.0,50000.0,403,3,0.0,99800.0,99800.0,-200.0
2939,Zaria Howell,martingale,100.0,100000.0,50000.0,462,2,0.0,97400.0,97400.0,-2600.0
2940,Bradley Conway,martingale,100.0,100000.0,50000.0,99,1,0.0,19000.0,19000.0,-81000.0
2941,Ryann Leon,martingale,100.0,100000.0,50000.0,209,2,0.0,69100.0,69100.0,-30900.0
2942,Marshall Watson,martingale,100.0,100000.0,50000.0,284,3,0.0,69100.0,69100.0,-30900.0
2943,Hailey Charles,martingale,100.0,100000.0,50000.0,327,2,0.0,65800.0,65800.0,-34200.0
2944,Conrad Roman,martingale,100.0,100000.0,50000.0,713,0,0.0,132800.0,132800.0,32800.0
2945,Astrid Monroe,martingale,100.0,100000.0,50000.0,405,1,0.0,98700.0,98700.0,-1300.0
2946,Colby Dejesus,martingale,100.0,100000.0,50000.0,457,1,0.0,93500.0,93500.0,-6500.0
2947,Julissa Bennett,martingale,100.0,100000.0,50000.0,845,1,0.0,143900.0,143900.0,43900.0
2948,Leonardo Knapp,martingale,100.0,100000.0,50000.0,265,1,0.0,55600.0,55600.0,-44400.0
2949,Linda O’brien,martingale,100.0,100000.0,50000.0,601,1,0.0,120600.0,120600.0,20600.0
2950,Riley Rowland,martingale,100.0,100000.0,50000.0,317,4,0.0,96100.0,96100.0,-3900.0
2951,Harleigh Le,martingale,100.0,100000.0,50000.0,268,1,0.0,45600.0,45600.0,-54400.0
2952,Damien Suarez,martingale,100.0,100000.0,50000.0,186,2,0.0,59400.0,59400.0,-40600.0
2953,Jimena Murray,martingale,100.0,100000.0,50000.0,279,1,0.0,74000.0,74000.0,-26000.0
2954,Ashton Shaw,martingale,100.0,100000.0,50000.0,550,1,0.0,120400.0,120400.0,20400.0
2955,Emersyn King,martingale,100.0,100000.0,50000.0,443,1,0.0,120000.0,120000.0,20000.0
2956,Julian Harrington,martingale,100.0,100000.0,50000.0,457,3,0.0,110800.0,110800.0,10800.0
2957,Legacy Lane,martingale,100.0,100000.0,50000.0,403,1,0.0,95500.0,95500.0,-4500.0
2958,Matias Gregory,martingale,100.0,100000.0,50000.0,567,1,0.0,125600.0,125600.0,25600.0
2959,Alaya Phelps,martingale,100.0,100000.0,50000.0,412,1,0.0,116200.0,116200.0,16200.0
2960,Hamza Gould,martingale,100.0,100000.0,50000.0,470,1,0.0,120800.0,120800.0,20800.0
2961,Violeta Soto,martingale,100.0,100000.0,50000.0,389,0,0.0,94000.0,94000.0,-6000.0
2962,Barrett Brady,martingale,100.0,100000.0,50000.0,403,2,0.0,114600.0,114600.0,14600.0
2963,Ryan Moss,martingale,100.0,100000.0,50000.0,351,1,0.0,76200.0,76200.0,-23800.0
2964,Porter Sawyer,martingale,100.0,100000.0,50000.0,597,1,0.0,111800.0,111800.0,11800.0
2965,Marina Russo,martingale,100.0,100000.0,50000.0,729,1,0.0,129400.0,129400.0,29400.0
2966,Jamie Kane,martingale,100.0,100000.0,50000.0,547,1,0.0,86500.0,86500.0,-13500.0
2967,Ellianna Golden,martingale,100.0,100000.0,50000.0,36,1,0.0,5400.0,5400.0,-94600.0
2968,Amias Harmon,martingale,100.0,100000.0,50000.0,441,1,0.0,96700.0,96700.0,-3300.0
2969,Maren Fields,martingale,100.0,100000.0,50000.0,381,1,0.0,108400.0,108400.0,8400.0
2970,Clayton Osborne,martingale,100.0,100000.0,50000.0,225,2,0.0,74500.0,74500.0,-25500.0
2971,Shelby Hardy,martingale,100.0,100000.0,50000.0,273,3,0.0,63600.0,63600.0,-36400.0
2972,Jayceon Stuart,martingale,100.0,100000.0,50000.0,97,1,0.0,23300.0,23300.0,-76700.0
2973,Stormi Patterson,martingale,100.0,100000.0,50000.0,411,1,0.0,101700.0,101700.0,1700.0
2974,Amir Andrews,martingale,100.0,100000.0,50000.0,478,1,0.0,101700.0,101700.0,1700.0
2975,Payton Knox,martingale,100.0,100000.0,50000.0,208,1,0.0,61600.0,61600.0,-38400.0
2976,Valentin Robbins,martingale,100.0,100000.0,50000.0,436,2,0.0,117600.0,117600.0,17600.0
2977,Stevie Monroe,martingale,100.0,100000.0,50000.0,710,1,0.0,127200.0,127200.0,27200.0
2978,Colby Gomez,martingale,100.0,100000.0,50000.0,490,2,0.0,118300.0,118300.0,18300.0
2979,Natalie Parker,martingale,100.0,100000.0,50000.0,348,3,0.0,113600.0,113600.0,13600.0
2980,Caleb Gardner,martingale,100.0,100000.0,50000.0,777,1,0.0,137300.0,137300.0,37300.0
2981,Jordyn Lang,martingale,100.0,100000.0,50000.0,477,1,0.0,112200.0,112200.0,12200.0
2982,Wells Eaton,martingale,100.0,100000.0,50000.0,614,1,0.0,125700.0,125700.0,25700.0
2983,Miley Shaw,martingale,100.0,100000.0,50000.0,522,2,0.0,125100.0,125100.0,25100.0
2984,Elliot Buck,martingale,100.0,100000.0,50000.0,690,2,0.0,133600.0,133600.0,33600.0
2985,Livia Schmidt,martingale,100.0,100000.0,50000.0,700,2,0.0,129000.0,129000.0,29000.0
2986,Zayden Lopez,martingale,100.0,100000.0,50000.0,247,4,0.0,75700.0,75700.0,-24300.0
2987,Gianna Young,martingale,100.0,100000.0,50000.0,490,2,0.0,112400.0,112400.0,12400.0
2988,Asher Mann,martingale,100.0,100000.0,50000.0,697,0,0.0,134500.0,134500.0,34500.0
2989,Paislee Lloyd,martingale,100.0,100000.0,50000.0,148,1,0.0,28600.0,28600.0,-71400.0
2990,Zaire Simmons,martingale,100.0,100000.0,50000.0,92,1,0.0,13700.0,13700.0,-86300.0
2991,Reagan Mills,martingale,100.0,100000.0,50000.0,344,3,0.0,84800.0,84800.0,-15200.0
2992,Alex Tyler,martingale,100.0,100000.0,50000.0,504,1,0.0,93300.0,93300.0,-6700.0
2993,Helena Waters,martingale,100.0,100000.0,50000.0,374,2,0.0,97600.0,97600.0,-2400.0
2994,Maximilian Conrad,martingale,100.0,100000.0,50000.0,289,2,0.0,92400.0,92400.0,-7600.0
2995,Bexley Fitzgerald,martingale,100.0,100000.0,50000.0,268,2,0.0,86600.0,86600.0,-13400.0
2996,Peyton Peralta,martingale,100.0,100000.0,50000.0,163,1,0.0,32300.0,32300.0,-67700.0
2997,Malayah Ortega,martingale,100.0,100000.0,50000.0,578,1,0.0,116900.0,116900.0,16900.0
2998,Kobe Charles,martingale,100.0,100000.0,50000.0,495,2,0.0,118600.0,118600.0,18600.0
2999,Jenna Sanchez,martingale,100.0,100000.0,50000.0,353,3,0.0,66700.0,66700.0,-33300.0
3000,Joseph Jackson,martingale,100.0,100000.0,50000.0,484,1,0.0,121100.0,121100.0,21100.0
3001,Yamileth Rubio,martingale,100.0,100000.0,50000.0,453,3,0.0,99500.0,99500.0,-500.0
3002,Titan Freeman,martingale,100.0,100000.0,50000.0,247,2,0.0,110700.0,110700.0,10700.0
3003,Norah Cordova,martingale,100.0,100000.0,50000.0,826,3,0.0,138500.0,138500.0,38500.0
3004,Vicente Gross,martingale,100.0,100000.0,50000.0,347,1,0.0,91200.0,91200.0,-8800.0
3005,Angel Dillon,martingale,100.0,100000.0,50000.0,574,3,0.0,120300.0,120300.0,20300.0
3006,Alvin House,martingale,100.0,100000.0,50000.0,536,1,0.0,116700.0,116700.0,16700.0
3007,Sariah Massey,martingale,100.0,100000.0,50000.0,492,1,0.0,75000.0,75000.0,-25000.0
3008,Donald Bowen,martingale,100.0,100000.0,50000.0,443,2,0.0,116300.0,116300.0,16300.0
3009,Dream Hail,martingale,100.0,100000.0,50000.0,402,1,0.0,98600.0,98600.0,-1400.0
3010,Hector Bartlett,martingale,100.0,100000.0,50000.0,362,1,0.0,89700.0,89700.0,-10300.0
3011,Aubrielle Parrish,martingale,100.0,100000.0,50000.0,295,2,0.0,89500.0,89500.0,-10500.0
3012,Karsyn Koch,martingale,100.0,100000.0,50000.0,182,2,0.0,60600.0,60600.0,-39400.0
3013,Milana Corona,martingale,100.0,100000.0,50000.0,643,1,0.0,120500.0,120500.0,20500.0
3014,Darian Santos,martingale,100.0,100000.0,50000.0,736,1,0.0,133500.0,133500.0,33500.0
3015,Alana Roberson,martingale,100.0,100000.0,50000.0,71,1,0.0,11300.0,11300.0,-88700.0
3016,Shepherd Joseph,martingale,100.0,100000.0,50000.0,400,1,0.0,93100.0,93100.0,-6900.0
3017,Gracelynn Zamora,martingale,100.0,100000.0,50000.0,389,1,0.0,107700.0,107700.0,7700.0
3018,Quentin Kim,martingale,100.0,100000.0,50000.0,32,1,0.0,6000.0,6000.0,-94000.0
3019,Gabriella Gross,martingale,100.0,100000.0,50000.0,391,0,0.0,114900.0,114900.0,14900.0
3020,Quinn Butler,martingale,100.0,100000.0,50000.0,563,1,0.0,117500.0,117500.0,17500.0
3021,Athena Patton,martingale,100.0,100000.0,50000.0,399,1,0.0,114800.0,114800.0,14800.0
3022,Moises Hardin,martingale,100.0,100000.0,50000.0,585,1,0.0,126900.0,126900.0,26900.0
3023,Vada Chambers,martingale,100.0,100000.0,50000.0,631,1,0.0,127100.0,127100.0,27100.0
3024,Orion Dennis,martingale,100.0,100000.0,50000.0,335,4,0.0,93800.0,93800.0,-6200.0
3025,Maisie Rodgers,martingale,100.0,100000.0,50000.0,605,1,0.0,123800.0,123800.0,23800.0
3026,Mathias Jennings,martingale,100.0,100000.0,50000.0,557,1,0.0,126300.0,126300.0,26300.0
3027,Palmer Aguirre,martingale,100.0,100000.0,50000.0,537,1,0.0,121800.0,121800.0,21800.0
3028,Andy Costa,martingale,100.0,100000.0,50000.0,142,1,0.0,27300.0,27300.0,-72700.0
3029,Robin Marin,martingale,100.0,100000.0,50000.0,246,2,0.0,79100.0,79100.0,-20900.0
3030,Aldo Norton,martingale,100.0,100000.0,50000.0,602,1,0.0,128800.0,128800.0,28800.0
3031,Kylee Zhang,martingale,100.0,100000.0,50000.0,410,3,0.0,110200.0,110200.0,10200.0
3032,Isaias Santana,martingale,100.0,100000.0,50000.0,387,2,0.0,72700.0,72700.0,-27300.0
3033,Myra Ortega,martingale,100.0,100000.0,50000.0,712,1,0.0,132300.0,132300.0,32300.0
3034,Kobe Preston,martingale,100.0,100000.0,50000.0,258,2,0.0,72100.0,72100.0,-27900.0
3035,Indie Chen,martingale,100.0,100000.0,50000.0,483,3,0.0,117700.0,117700.0,17700.0
3036,Emmanuel Schwartz,martingale,100.0,100000.0,50000.0,663,4,0.0,124200.0,124200.0,24200.0
3037,Lilliana Gardner,martingale,100.0,100000.0,50000.0,364,1,0.0,111100.0,111100.0,11100.0
3038,Alan Proctor,martingale,100.0,100000.0,50000.0,398,2,0.0,75300.0,75300.0,-24700.0
3039,Chandler McDowell,martingale,100.0,100000.0,50000.0,461,3,0.0,113800.0,113800.0,13800.0
3040,Lachlan Frank,martingale,100.0,100000.0,50000.0,322,2,0.0,64500.0,64500.0,-35500.0
3041,Dior Kaur,martingale,100.0,100000.0,50000.0,542,2,0.0,117800.0,117800.0,17800.0
3042,Augustine Curtis,martingale,100.0,100000.0,50000.0,512,1,0.0,102700.0,102700.0,2700.0
3043,Alexis Beltran,martingale,100.0,100000.0,50000.0,500,1,0.0,122400.0,122400.0,22400.0
3044,Ricky Brennan,martingale,100.0,100000.0,50000.0,243,4,0.0,97000.0,97000.0,-3000.0
3045,Elodie Rangel,martingale,100.0,100000.0,50000.0,404,1,0.0,75400.0,75400.0,-24600.0
3046,Saint Avery,martingale,100.0,100000.0,50000.0,491,1,0.0,121700.0,121700.0,21700.0
3047,Meghan Hayes,martingale,100.0,100000.0,50000.0,99,2,0.0,56700.0,56700.0,-43300.0
3048,Legend Bennett,martingale,100.0,100000.0,50000.0,700,1,0.0,131500.0,131500.0,31500.0
3049,Josephine Norton,martingale,100.0,100000.0,50000.0,225,3,0.0,81200.0,81200.0,-18800.0
3050,Callen Gordon,martingale,100.0,100000.0,50000.0,13,1,0.0,300.0,300.0,-99700.0
3051,Taylor Montoya,martingale,100.0,100000.0,50000.0,497,1,0.0,100300.0,100300.0,300.0
3052,Ford Malone,martingale,100.0,100000.0,50000.0,227,2,0.0,99600.0,99600.0,-400.0
3053,Skyler Avery,martingale,100.0,100000.0,50000.0,361,1,0.0,113700.0,113700.0,13700.0
3054,Jakari Marsh,martingale,100.0,100000.0,50000.0,219,2,0.0,83100.0,83100.0,-16900.0
3055,Adelina Hull,martingale,100.0,100000.0,50000.0,546,1,0.0,94900.0,94900.0,-5100.0
3056,Salem Klein,martingale,100.0,100000.0,50000.0,555,2,0.0,115800.0,115800.0,15800.0
3057,Elianna Strickland,martingale,100.0,100000.0,50000.0,169,1,0.0,25200.0,25200.0,-74800.0
3058,Keegan Valentine,martingale,100.0,100000.0,50000.0,261,2,0.0,60500.0,60500.0,-39500.0
3059,August Anthony,martingale,100.0,100000.0,50000.0,701,2,0.0,131100.0,131100.0,31100.0
3060,Shiloh James,martingale,100.0,100000.0,50000.0,573,2,0.0,125400.0,125400.0,25400.0
3061,Quinn Hurley,martingale,100.0,100000.0,50000.0,470,3,0.0,96900.0,96900.0,-3100.0
3062,Van Crane,martingale,100.0,100000.0,50000.0,449,3,0.0,108600.0,108600.0,8600.0
3063,Della Branch,martingale,100.0,100000.0,50000.0,264,2,0.0,63300.0,63300.0,-36700.0
3064,Keenan Crosby,martingale,100.0,100000.0,50000.0,271,2,0.0,69400.0,69400.0,-30600.0
3065,Keily Higgins,martingale,100.0,100000.0,50000.0,579,1,0.0,125100.0,125100.0,25100.0
3066,Sterling Travis,martingale,100.0,100000.0,50000.0,300,1,0.0,66400.0,66400.0,-33600.0
3067,Mazikee Galindo,martingale,100.0,100000.0,50000.0,503,1,0.0,115000.0,115000.0,15000.0
3068,Salvatore Cruz,martingale,100.0,100000.0,50000.0,287,1,0.0,87100.0,87100.0,-12900.0
3069,Claire Knox,martingale,100.0,100000.0,50000.0,358,2,0.0,114900.0,114900.0,14900.0
3070,Valentin O’Neal,martingale,100.0,100000.0,50000.0,518,1,0.0,116600.0,116600.0,16600.0
3071,Treasure Steele,martingale,100.0,100000.0,50000.0,494,1,0.0,122000.0,122000.0,22000.0
3072,Elian Landry,martingale,100.0,100000.0,50000.0,383,2,0.0,107200.0,107200.0,7200.0
3073,Brynleigh Lewis,martingale,100.0,100000.0,50000.0,316,1,0.0,64300.0,64300.0,-35700.0
3074,Wyatt Valentine,martingale,100.0,100000.0,50000.0,441,4,0.0,96600.0,96600.0,-3400.0
3075,August Dixon,martingale,100.0,100000.0,50000.0,445,1,0.0,89800.0,89800.0,-10200.0
3076,Camden Shah,martingale,100.0,100000.0,50000.0,351,1,0.0,97000.0,97000.0,-3000.0
3077,Angelica McKay,martingale,100.0,100000.0,50000.0,485,2,0.0,121100.0,121100.0,21100.0
3078,Joey Parsons,martingale,100.0,100000.0,50000.0,342,3,0.0,90700.0,90700.0,-9300.0
3079,Maia Lewis,martingale,100.0,100000.0,50000.0,328,2,0.0,99700.0,99700.0,-300.0
3080,Wyatt Coleman,martingale,100.0,100000.0,50000.0,166,1,0.0,58700.0,58700.0,-41300.0
3081,Julia Merritt,martingale,100.0,100000.0,50000.0,773,1,0.0,135800.0,135800.0,35800.0
3082,Colten Miller,martingale,100.0,100000.0,50000.0,479,1,0.0,122700.0,122700.0,22700.0
3083,Isabella Young,martingale,100.0,100000.0,50000.0,531,1,0.0,115600.0,115600.0,15600.0
3084,Asher Morrison,martingale,100.0,100000.0,50000.0,90,1,0.0,16200.0,16200.0,-83800.0
3085,Rebecca Greene,martingale,100.0,100000.0,50000.0,496,1,0.0,76900.0,76900.0,-23100.0
3086,Griffin Bridges,martingale,100.0,100000.0,50000.0,487,3,0.0,120700.0,120700.0,20700.0
3087,Elora Arias,martingale,100.0,100000.0,50000.0,194,3,0.0,91500.0,91500.0,-8500.0
3088,Alec Barron,martingale,100.0,100000.0,50000.0,357,1,0.0,114900.0,114900.0,14900.0
3089,Anya Baldwin,martingale,100.0,100000.0,50000.0,124,2,0.0,73800.0,73800.0,-26200.0
3090,Jaiden Norton,martingale,100.0,100000.0,50000.0,632,1,0.0,115700.0,115700.0,15700.0
3091,Kylee Lawson,martingale,100.0,100000.0,50000.0,131,1,0.0,54600.0,54600.0,-45400.0
3092,Lane Perez,martingale,100.0,100000.0,50000.0,382,1,0.0,69100.0,69100.0,-30900.0
3093,Eleanor Rice,martingale,100.0,100000.0,50000.0,382,1,0.0,73400.0,73400.0,-26600.0
3094,Graham Hayden,martingale,100.0,100000.0,50000.0,612,4,0.0,125100.0,125100.0,25100.0
3095,Avayah Zamora,martingale,100.0,100000.0,50000.0,468,2,0.0,116200.0,116200.0,16200.0
3096,Quentin Montgomery,martingale,100.0,100000.0,50000.0,196,1,0.0,39100.0,39100.0,-60900.0
3097,Evangeline Pierce,martingale,100.0,100000.0,50000.0,38,1,0.0,16800.0,16800.0,-83200.0
3098,Nicolas Coffey,martingale,100.0,100000.0,50000.0,322,1,0.0,64400.0,64400.0,-35600.0
3099,Paola Hoover,martingale,100.0,100000.0,50000.0,445,2,0.0,109300.0,109300.0,9300.0
3100,Jaziel Massey,martingale,100.0,100000.0,50000.0,439,1,0.0,113700.0,113700.0,13700.0
3101,Clementine Bond,martingale,100.0,100000.0,50000.0,580,3,0.0,124500.0,124500.0,24500.0
3102,Roger Wyatt,martingale,100.0,100000.0,50000.0,332,1,0.0,91000.0,91000.0,-9000.0
3103,Liberty Yu,martingale,100.0,100000.0,50000.0,228,1,0.0,53600.0,53600.0,-46400.0
3104,Bryant Guerra,martingale,100.0,100000.0,50000.0,209,4,0.0,89400.0,89400.0,-10600.0
3105,Edith Buchanan,martingale,100.0,100000.0,50000.0,33,1,0.0,2500.0,2500.0,-97500.0
3106,Enrique Castaneda,martingale,100.0,100000.0,50000.0,504,3,0.0,104700.0,104700.0,4700.0
3107,Keira Randall,martingale,100.0,100000.0,50000.0,402,1,0.0,101100.0,101100.0,1100.0
3108,Trenton Madden,martingale,100.0,100000.0,50000.0,287,1,0.0,59100.0,59100.0,-40900.0
3109,Violette Gilmore,martingale,100.0,100000.0,50000.0,705,2,0.0,132900.0,132900.0,32900.0
3110,Vihaan Webb,martingale,100.0,100000.0,50000.0,296,1,0.0,55400.0,55400.0,-44600.0
3111,Ariella Barrera,martingale,100.0,100000.0,50000.0,567,3,0.0,120000.0,120000.0,20000.0
3112,Makai Mayo,martingale,100.0,100000.0,50000.0,427,2,0.0,109800.0,109800.0,9800.0
3113,Aarya Hodge,martingale,100.0,100000.0,50000.0,274,2,0.0,67100.0,67100.0,-32900.0
3114,Reign Holloway,martingale,100.0,100000.0,50000.0,691,4,0.0,123800.0,123800.0,23800.0
3115,Mae Costa,martingale,100.0,100000.0,50000.0,511,1,0.0,103400.0,103400.0,3400.0
3116,Kenji Dennis,martingale,100.0,100000.0,50000.0,665,1,0.0,131700.0,131700.0,31700.0
3117,Maisie Liu,martingale,100.0,100000.0,50000.0,20,1,0.0,1200.0,1200.0,-98800.0
3118,Pedro Decker,martingale,100.0,100000.0,50000.0,177,4,0.0,75400.0,75400.0,-24600.0
3119,Aleena Waller,martingale,100.0,100000.0,50000.0,489,2,0.0,120900.0,120900.0,20900.0
3120,Marley Salinas,martingale,100.0,100000.0,50000.0,289,2,0.0,89000.0,89000.0,-11000.0
3121,Royalty Shelton,martingale,100.0,100000.0,50000.0,226,2,0.0,100000.0,100000.0,0.0
3122,Leonel Glover,martingale,100.0,100000.0,50000.0,252,1,0.0,85900.0,85900.0,-14100.0
3123,Alessia Vaughn,martingale,100.0,100000.0,50000.0,621,1,0.0,112400.0,112400.0,12400.0
3124,Remy Webb,martingale,100.0,100000.0,50000.0,295,1,0.0,51300.0,51300.0,-48700.0
3125,Ariella Riley,martingale,100.0,100000.0,50000.0,426,3,0.0,118500.0,118500.0,18500.0
3126,Amari Cisneros,martingale,100.0,100000.0,50000.0,361,3,0.0,71500.0,71500.0,-28500.0
3127,Janelle Camacho,martingale,100.0,100000.0,50000.0,113,1,0.0,19300.0,19300.0,-80700.0
3128,Tatum McLaughlin,martingale,100.0,100000.0,50000.0,444,1,0.0,102600.0,102600.0,2600.0
3129,Stephanie Barnes,martingale,100.0,100000.0,50000.0,546,2,0.0,114000.0,114000.0,14000.0
3130,Damian Garcia,martingale,100.0,100000.0,50000.0,416,1,0.0,113100.0,113100.0,13100.0
3131,Amelia Miles,martingale,100.0,100000.0,50000.0,464,1,0.0,114500.0,114500.0,14500.0
3132,Jared Martinez,martingale,100.0,100000.0,50000.0,340,2,0.0,90700.0,90700.0,-9300.0
3133,Harper Blake,martingale,100.0,100000.0,50000.0,363,1,0.0,76600.0,76600.0,-23400.0
3134,Zyaire Garner,martingale,100.0,100000.0,50000.0,340,2,0.0,91700.0,91700.0,-8300.0
3135,Jacqueline Sloan,martingale,100.0,100000.0,50000.0,332,1,0.0,112600.0,112600.0,12600.0
3136,Ocean Vazquez,martingale,100.0,100000.0,50000.0,514,3,0.0,124400.0,124400.0,24400.0
3137,Journee Kennedy,martingale,100.0,100000.0,50000.0,402,3,0.0,105200.0,105200.0,5200.0
3138,Maxwell Zuniga,martingale,100.0,100000.0,50000.0,305,2,0.0,102400.0,102400.0,2400.0
3139,Leslie Medrano,martingale,100.0,100000.0,50000.0,545,2,0.0,122300.0,122300.0,22300.0
3140,Arian Mayo,martingale,100.0,100000.0,50000.0,725,1,0.0,134100.0,134100.0,34100.0
3141,Aarya Lim,martingale,100.0,100000.0,50000.0,309,1,0.0,97300.0,97300.0,-2700.0
3142,Cal Miles,martingale,100.0,100000.0,50000.0,53,1,0.0,4800.0,4800.0,-95200.0
3143,Alessandra Conrad,martingale,100.0,100000.0,50000.0,171,1,0.0,38100.0,38100.0,-61900.0
3144,Dilan Decker,martingale,100.0,100000.0,50000.0,420,1,0.0,77900.0,77900.0,-22100.0
3145,Aleena McCarty,martingale,100.0,100000.0,50000.0,565,1,0.0,122000.0,122000.0,22000.0
3146,Blaise Sims,martingale,100.0,100000.0,50000.0,698,3,0.0,133100.0,133100.0,33100.0
3147,Lena Contreras,martingale,100.0,100000.0,50000.0,146,1,0.0,35400.0,35400.0,-64600.0
3148,Emilio Nixon,martingale,100.0,100000.0,50000.0,268,1,0.0,60300.0,60300.0,-39700.0
3149,Deborah Ford,martingale,100.0,100000.0,50000.0,253,2,0.0,60800.0,60800.0,-39200.0
3150,Luis Carrillo,martingale,100.0,100000.0,50000.0,423,2,0.0,113700.0,113700.0,13700.0
3151,Kaylani Barron,martingale,100.0,100000.0,50000.0,637,2,0.0,127700.0,127700.0,27700.0
3152,Dustin Kim,martingale,100.0,100000.0,50000.0,318,1,0.0,80800.0,80800.0,-19200.0
3153,Gabriella Hurley,martingale,100.0,100000.0,50000.0,560,1,0.0,118700.0,118700.0,18700.0
3154,Van Rios,martingale,100.0,100000.0,50000.0,457,2,0.0,98000.0,98000.0,-2000.0
3155,Brooke Hanna,martingale,100.0,100000.0,50000.0,720,2,0.0,133300.0,133300.0,33300.0
3156,Aydin Coffey,martingale,100.0,100000.0,50000.0,305,2,0.0,109000.0,109000.0,9000.0
3157,Paola McDowell,martingale,100.0,100000.0,50000.0,624,2,0.0,124700.0,124700.0,24700.0
3158,Lachlan Mann,martingale,100.0,100000.0,50000.0,567,2,0.0,125500.0,125500.0,25500.0
3159,Paislee Ramirez,martingale,100.0,100000.0,50000.0,289,2,0.0,66200.0,66200.0,-33800.0
3160,David Andrews,martingale,100.0,100000.0,50000.0,96,1,0.0,18600.0,18600.0,-81400.0
3161,Payton Hayden,martingale,100.0,100000.0,50000.0,462,1,0.0,122200.0,122200.0,22200.0
3162,Leroy Xiong,martingale,100.0,100000.0,50000.0,161,1,0.0,18600.0,18600.0,-81400.0
3163,Amayah Davila,martingale,100.0,100000.0,50000.0,178,1,0.0,70800.0,70800.0,-29200.0
3164,Grey Whitaker,martingale,100.0,100000.0,50000.0,518,2,0.0,114600.0,114600.0,14600.0
3165,Ivanna Ferguson,martingale,100.0,100000.0,50000.0,249,3,0.0,68100.0,68100.0,-31900.0
3166,Miguel Berger,martingale,100.0,100000.0,50000.0,606,1,0.0,111400.0,111400.0,11400.0
3167,Laylah Roy,martingale,100.0,100000.0,50000.0,100,1,0.0,29900.0,29900.0,-70100.0
3168,Marcelo Robertson,martingale,100.0,100000.0,50000.0,291,2,0.0,88000.0,88000.0,-12000.0
3169,Harmony Ward,martingale,100.0,100000.0,50000.0,351,4,0.0,76300.0,76300.0,-23700.0
3170,Jameson Weiss,martingale,100.0,100000.0,50000.0,380,3,0.0,102500.0,102500.0,2500.0
3171,Lennox Roberts,martingale,100.0,100000.0,50000.0,504,1,0.0,116800.0,116800.0,16800.0
3172,Josiah Larson,martingale,100.0,100000.0,50000.0,685,1,0.0,129200.0,129200.0,29200.0
3173,Alayna Roman,martingale,100.0,100000.0,50000.0,730,3,0.0,135100.0,135100.0,35100.0
3174,Kian Conley,martingale,100.0,100000.0,50000.0,642,1,0.0,129100.0,129100.0,29100.0
3175,Salem Meadows,martingale,100.0,100000.0,50000.0,461,2,0.0,109800.0,109800.0,9800.0
3176,Wayne Berg,martingale,100.0,100000.0,50000.0,379,3,0.0,111200.0,111200.0,11200.0
3177,Emmalyn Russell,martingale,100.0,100000.0,50000.0,282,2,0.0,86800.0,86800.0,-13200.0
3178,Weston Williamson,martingale,100.0,100000.0,50000.0,347,1,0.0,86400.0,86400.0,-13600.0
3179,Catherine Fitzgerald,martingale,100.0,100000.0,50000.0,454,2,0.0,121700.0,121700.0,21700.0
3180,Peyton Robles,martingale,100.0,100000.0,50000.0,421,2,0.0,94000.0,94000.0,-6000.0
3181,Felicity Barnes,martingale,100.0,100000.0,50000.0,264,3,0.0,96200.0,96200.0,-3800.0
3182,Damian Meadows,martingale,100.0,100000.0,50000.0,186,2,0.0,58100.0,58100.0,-41900.0
3183,Pearl Gallagher,martingale,100.0,100000.0,50000.0,84,1,0.0,10000.0,10000.0,-90000.0
3184,Marcos Shepherd,martingale,100.0,100000.0,50000.0,517,1,0.0,119000.0,119000.0,19000.0
3185,Katalina Burch,martingale,100.0,100000.0,50000.0,642,1,0.0,124200.0,124200.0,24200.0
3186,Gerald Cohen,martingale,100.0,100000.0,50000.0,28,1,0.0,2900.0,2900.0,-97100.0
3187,Destiny Santana,martingale,100.0,100000.0,50000.0,659,1,0.0,122300.0,122300.0,22300.0
3188,Mohamed Acevedo,martingale,100.0,100000.0,50000.0,577,4,0.0,108700.0,108700.0,8700.0
3189,Ashlynn Hickman,martingale,100.0,100000.0,50000.0,507,1,0.0,113000.0,113000.0,13000.0
3190,Jakobe Melton,martingale,100.0,100000.0,50000.0,558,2,0.0,121900.0,121900.0,21900.0
3191,Kamiyah Reid,martingale,100.0,100000.0,50000.0,390,1,0.0,70000.0,70000.0,-30000.0
3192,Josue Rhodes,martingale,100.0,100000.0,50000.0,291,4,0.0,64700.0,64700.0,-35300.0
3193,Tatum Collins,martingale,100.0,100000.0,50000.0,390,1,0.0,101100.0,101100.0,1100.0
3194,Miles Booker,martingale,100.0,100000.0,50000.0,396,2,0.0,112300.0,112300.0,12300.0
3195,Nataly Trujillo,martingale,100.0,100000.0,50000.0,510,3,0.0,122900.0,122900.0,22900.0
3196,Apollo Church,martingale,100.0,100000.0,50000.0,636,2,0.0,120400.0,120400.0,20400.0
3197,Ayleen Blair,martingale,100.0,100000.0,50000.0,493,2,0.0,121500.0,121500.0,21500.0
3198,Troy Wilkinson,martingale,100.0,100000.0,50000.0,549,1,0.0,95100.0,95100.0,-4900.0
3199,Siena Lucas,martingale,100.0,100000.0,50000.0,533,1,0.0,106300.0,106300.0,6300.0
3200,Chance Perkins,martingale,100.0,100000.0,50000.0,289,1,0.0,56900.0,56900.0,-43100.0
3201,Sage Sampson,martingale,100.0,100000.0,50000.0,608,2,0.0,126200.0,126200.0,26200.0
3202,Cain Reyna,martingale,100.0,100000.0,50000.0,117,1,0.0,19800.0,19800.0,-80200.0
3203,Luella Flynn,martingale,100.0,100000.0,50000.0,561,1,0.0,123900.0,123900.0,23900.0
3204,Kannon Winters,martingale,100.0,100000.0,50000.0,250,2,0.0,61400.0,61400.0,-38600.0
3205,Kataleya Hudson,martingale,100.0,100000.0,50000.0,214,1,0.0,38500.0,38500.0,-61500.0
3206,Peter Stanley,martingale,100.0,100000.0,50000.0,313,3,0.0,88400.0,88400.0,-11600.0
3207,Gracelyn Duncan,martingale,100.0,100000.0,50000.0,389,2,0.0,107300.0,107300.0,7300.0
3208,Avery Barrera,martingale,100.0,100000.0,50000.0,45,1,0.0,5200.0,5200.0,-94800.0
3209,Beatrice Beasley,martingale,100.0,100000.0,50000.0,149,1,0.0,29900.0,29900.0,-70100.0
3210,Stanley Ramsey,martingale,100.0,100000.0,50000.0,411,2,0.0,107700.0,107700.0,7700.0
3211,Lyric Gutierrez,martingale,100.0,100000.0,50000.0,788,1,0.0,135800.0,135800.0,35800.0
3212,Luca Stephenson,martingale,100.0,100000.0,50000.0,425,4,0.0,119500.0,119500.0,19500.0
3213,Khaleesi Coffey,martingale,100.0,100000.0,50000.0,607,1,0.0,120700.0,120700.0,20700.0
3214,Kody Lane,martingale,100.0,100000.0,50000.0,423,1,0.0,92700.0,92700.0,-7300.0
3215,Amy Spencer,martingale,100.0,100000.0,50000.0,242,2,0.0,73600.0,73600.0,-26400.0
3216,Ace Juarez,martingale,100.0,100000.0,50000.0,615,2,0.0,110700.0,110700.0,10700.0
3217,Juliet Vincent,martingale,100.0,100000.0,50000.0,586,3,0.0,118300.0,118300.0,18300.0
3218,Aarav Hardy,martingale,100.0,100000.0,50000.0,500,1,0.0,109200.0,109200.0,9200.0
3219,Jessica Bowman,martingale,100.0,100000.0,50000.0,438,1,0.0,96100.0,96100.0,-3900.0
3220,Francisco Chandler,martingale,100.0,100000.0,50000.0,185,2,0.0,85900.0,85900.0,-14100.0
3221,Viviana Ford,martingale,100.0,100000.0,50000.0,520,1,0.0,90600.0,90600.0,-9400.0
3222,Luis McMahon,martingale,100.0,100000.0,50000.0,44,1,0.0,10500.0,10500.0,-89500.0
3223,Belen Becker,martingale,100.0,100000.0,50000.0,291,2,0.0,71700.0,71700.0,-28300.0
3224,Lawson Stanley,martingale,100.0,100000.0,50000.0,557,1,0.0,111300.0,111300.0,11300.0
3225,Gracelyn Humphrey,martingale,100.0,100000.0,50000.0,778,1,0.0,138500.0,138500.0,38500.0
3226,Krew Gray,martingale,100.0,100000.0,50000.0,372,2,0.0,107300.0,107300.0,7300.0
3227,Sarah O’Neal,martingale,100.0,100000.0,50000.0,274,3,0.0,94500.0,94500.0,-5500.0
3228,Eddie Carrillo,martingale,100.0,100000.0,50000.0,354,2,0.0,92800.0,92800.0,-7200.0
3229,Kaylani Benson,martingale,100.0,100000.0,50000.0,452,1,0.0,110300.0,110300.0,10300.0
3230,Desmond Woodward,martingale,100.0,100000.0,50000.0,190,1,0.0,74300.0,74300.0,-25700.0
3231,Drew Ventura,martingale,100.0,100000.0,50000.0,410,2,0.0,115900.0,115900.0,15900.0
3232,Branson Charles,martingale,100.0,100000.0,50000.0,652,2,0.0,126600.0,126600.0,26600.0
3233,Jenna Schneider,martingale,100.0,100000.0,50000.0,328,3,0.0,101800.0,101800.0,1800.0
3234,Raymond Roach,martingale,100.0,100000.0,50000.0,86,1,0.0,10900.0,10900.0,-89100.0
3235,Lyanna Jones,martingale,100.0,100000.0,50000.0,631,2,0.0,125300.0,125300.0,25300.0
3236,William Berry,martingale,100.0,100000.0,50000.0,759,1,0.0,135900.0,135900.0,35900.0
3237,Annabelle David,martingale,100.0,100000.0,50000.0,614,0,0.0,117600.0,117600.0,17600.0
3238,Alonso Lozano,martingale,100.0,100000.0,50000.0,328,1,0.0,90700.0,90700.0,-9300.0
3239,Cecelia Winters,martingale,100.0,100000.0,50000.0,297,2,0.0,106700.0,106700.0,6700.0
3240,Deandre Whitney,martingale,100.0,100000.0,50000.0,280,3,0.0,78800.0,78800.0,-21200.0
3241,Madalynn Knight,martingale,100.0,100000.0,50000.0,700,2,0.0,136300.0,136300.0,36300.0
3242,Beckett Barr,martingale,100.0,100000.0,50000.0,507,1,0.0,121600.0,121600.0,21600.0
3243,Noemi Roth,martingale,100.0,100000.0,50000.0,249,1,0.0,63500.0,63500.0,-36500.0
3244,Roy Chambers,martingale,100.0,100000.0,50000.0,716,3,0.0,134100.0,134100.0,34100.0
3245,Makayla Jennings,martingale,100.0,100000.0,50000.0,291,1,0.0,64700.0,64700.0,-35300.0
3246,Corbin Atkins,martingale,100.0,100000.0,50000.0,387,3,0.0,69300.0,69300.0,-30700.0
3247,Mina Dougherty,martingale,100.0,100000.0,50000.0,521,2,0.0,124500.0,124500.0,24500.0
3248,Brett Boone,martingale,100.0,100000.0,50000.0,332,3,0.0,91900.0,91900.0,-8100.0
3249,Mariam Larson,martingale,100.0,100000.0,50000.0,266,2,0.0,86500.0,86500.0,-13500.0
3250,Rafael Sawyer,martingale,100.0,100000.0,50000.0,459,1,0.0,102900.0,102900.0,2900.0
3251,Marina York,martingale,100.0,100000.0,50000.0,558,1,0.0,125100.0,125100.0,25100.0
3252,Leandro Salazar,martingale,100.0,100000.0,50000.0,534,3,0.0,107900.0,107900.0,7900.0
3253,Freya Castro,martingale,100.0,100000.0,50000.0,348,3,0.0,115300.0,115300.0,15300.0
3254,Jasper Romero,martingale,100.0,100000.0,50000.0,402,2,0.0,105200.0,105200.0,5200.0
3255,Eliza Clay,martingale,100.0,100000.0,50000.0,136,1,0.0,23300.0,23300.0,-76700.0
3256,Yosef Becker,martingale,100.0,100000.0,50000.0,645,2,0.0,127400.0,127400.0,27400.0
3257,Laura McConnell,martingale,100.0,100000.0,50000.0,230,1,0.0,37700.0,37700.0,-62300.0
3258,London Blackwell,martingale,100.0,100000.0,50000.0,589,1,0.0,128400.0,128400.0,28400.0
3259,Saoirse Velez,martingale,100.0,100000.0,50000.0,258,1,0.0,44600.0,44600.0,-55400.0
3260,Kareem Sharp,martingale,100.0,100000.0,50000.0,507,1,0.0,112700.0,112700.0,12700.0
3261,Camryn Kline,martingale,100.0,100000.0,50000.0,177,3,0.0,61200.0,61200.0,-38800.0
3262,Ramon Duncan,martingale,100.0,100000.0,50000.0,117,1,0.0,32200.0,32200.0,-67800.0
3263,Elise Sandoval,martingale,100.0,100000.0,50000.0,690,1,0.0,127900.0,127900.0,27900.0
3264,Brantley Parsons,martingale,100.0,100000.0,50000.0,662,1,0.0,132000.0,132000.0,32000.0
3265,Maia Huff,martingale,100.0,100000.0,50000.0,263,4,0.0,99000.0,99000.0,-1000.0
3266,Finnley Rich,martingale,100.0,100000.0,50000.0,262,1,0.0,46800.0,46800.0,-53200.0
3267,Sunny McMahon,martingale,100.0,100000.0,50000.0,339,2,0.0,69400.0,69400.0,-30600.0
3268,Jakob Ortega,martingale,100.0,100000.0,50000.0,780,1,0.0,140200.0,140200.0,40200.0
3269,Lilah Barajas,martingale,100.0,100000.0,50000.0,450,1,0.0,99900.0,99900.0,-100.0
3270,Brennan Horne,martingale,100.0,100000.0,50000.0,285,1,0.0,58300.0,58300.0,-41700.0
3271,Marlowe Snyder,martingale,100.0,100000.0,50000.0,343,2,0.0,95100.0,95100.0,-4900.0
3272,Thiago Le,martingale,100.0,100000.0,50000.0,505,1,0.0,98100.0,98100.0,-1900.0
3273,Myla Michael,martingale,100.0,100000.0,50000.0,315,1,0.0,106700.0,106700.0,6700.0
3274,Bronson Alvarado,martingale,100.0,100000.0,50000.0,443,2,0.0,95800.0,95800.0,-4200.0
3275,Blake Olsen,martingale,100.0,100000.0,50000.0,272,1,0.0,54100.0,54100.0,-45900.0
3276,Skyler Vo,martingale,100.0,100000.0,50000.0,52,1,0.0,6400.0,6400.0,-93600.0
3277,Artemis Barrera,martingale,100.0,100000.0,50000.0,587,1,0.0,127000.0,127000.0,27000.0
3278,Makai Williamson,martingale,100.0,100000.0,50000.0,34,1,0.0,2800.0,2800.0,-97200.0
3279,Catherine Summers,martingale,100.0,100000.0,50000.0,459,3,0.0,97300.0,97300.0,-2700.0
3280,Darius Wilson,martingale,100.0,100000.0,50000.0,342,1,0.0,74700.0,74700.0,-25300.0
3281,Luna Schwartz,martingale,100.0,100000.0,50000.0,236,3,0.0,79200.0,79200.0,-20800.0
3282,Edwin Reese,martingale,100.0,100000.0,50000.0,638,1,0.0,129000.0,129000.0,29000.0
3283,Rosemary Hutchinson,martingale,100.0,100000.0,50000.0,361,1,0.0,113100.0,113100.0,13100.0
3284,Korbin Alfaro,martingale,100.0,100000.0,50000.0,254,1,0.0,70100.0,70100.0,-29900.0
3285,Yasmin Ibarra,martingale,100.0,100000.0,50000.0,434,0,0.0,119700.0,119700.0,19700.0
3286,Asa Gilmore,martingale,100.0,100000.0,50000.0,386,2,0.0,93800.0,93800.0,-6200.0
3287,Chanel Gross,martingale,100.0,100000.0,50000.0,220,1,0.0,66100.0,66100.0,-33900.0
3288,Quinn Phillips,martingale,100.0,100000.0,50000.0,490,1,0.0,122200.0,122200.0,22200.0
3289,Naomi Campos,martingale,100.0,100000.0,50000.0,542,2,0.0,117400.0,117400.0,17400.0
3290,Gideon Potter,martingale,100.0,100000.0,50000.0,517,2,0.0,116700.0,116700.0,16700.0
3291,Rory Smith,martingale,100.0,100000.0,50000.0,561,5,0.0,119900.0,119900.0,19900.0
3292,Liam Dodson,martingale,100.0,100000.0,50000.0,115,1,0.0,12500.0,12500.0,-87500.0
3293,Etta Palmer,martingale,100.0,100000.0,50000.0,467,1,0.0,111200.0,111200.0,11200.0
3294,Theo Rose,martingale,100.0,100000.0,50000.0,205,1,0.0,27900.0,27900.0,-72100.0
3295,Magnolia Foley,martingale,100.0,100000.0,50000.0,660,1,0.0,117000.0,117000.0,17000.0
3296,Mohammad Bernard,martingale,100.0,100000.0,50000.0,536,1,0.0,119600.0,119600.0,19600.0
3297,Barbara Colon,martingale,100.0,100000.0,50000.0,43,1,0.0,5600.0,5600.0,-94400.0
3298,Bruce Townsend,martingale,100.0,100000.0,50000.0,733,1,0.0,134400.0,134400.0,34400.0
3299,Azalea Compton,martingale,100.0,100000.0,50000.0,455,1,0.0,106900.0,106900.0,6900.0
3300,Abner Durham,martingale,100.0,100000.0,50000.0,371,2,0.0,94600.0,94600.0,-5400.0
3301,Tiffany Winters,martingale,100.0,100000.0,50000.0,280,2,0.0,104000.0,104000.0,4000.0
3302,Deandre Avalos,martingale,100.0,100000.0,50000.0,493,1,0.0,119200.0,119200.0,19200.0
3303,Paloma Chase,martingale,100.0,100000.0,50000.0,183,1,0.0,85600.0,85600.0,-14400.0
3304,Otis Magana,martingale,100.0,100000.0,50000.0,421,1,0.0,119800.0,119800.0,19800.0
3305,Amaris Garner,martingale,100.0,100000.0,50000.0,375,2,0.0,91300.0,91300.0,-8700.0
3306,Sage Fleming,martingale,100.0,100000.0,50000.0,314,1,0.0,90000.0,90000.0,-10000.0
3307,Fatima Lawrence,martingale,100.0,100000.0,50000.0,220,2,0.0,70700.0,70700.0,-29300.0
3308,Kaleb Taylor,martingale,100.0,100000.0,50000.0,432,2,0.0,115000.0,115000.0,15000.0
3309,Sofia McKinney,martingale,100.0,100000.0,50000.0,457,2,0.0,110100.0,110100.0,10100.0
3310,Romeo Pearson,martingale,100.0,100000.0,50000.0,419,1,0.0,114300.0,114300.0,14300.0
3311,Kiara Frazier,martingale,100.0,100000.0,50000.0,487,1,0.0,121400.0,121400.0,21400.0
3312,Callum Pitts,martingale,100.0,100000.0,50000.0,228,1,0.0,42100.0,42100.0,-57900.0
3313,Nala Mann,martingale,100.0,100000.0,50000.0,393,1,0.0,111800.0,111800.0,11800.0
3314,Nehemiah Dejesus,martingale,100.0,100000.0,50000.0,650,1,0.0,109600.0,109600.0,9600.0
3315,Julissa Lang,martingale,100.0,100000.0,50000.0,170,1,0.0,29400.0,29400.0,-70600.0
3316,Wells Hodges,martingale,100.0,100000.0,50000.0,690,2,0.0,132400.0,132400.0,32400.0
3317,Eve Chapman,martingale,100.0,100000.0,50000.0,566,5,0.0,119200.0,119200.0,19200.0
3318,Knox Potter,martingale,100.0,100000.0,50000.0,429,1,0.0,115500.0,115500.0,15500.0
3319,Rory Burch,martingale,100.0,100000.0,50000.0,491,1,0.0,104900.0,104900.0,4900.0
3320,Gerald Branch,martingale,100.0,100000.0,50000.0,531,3,0.0,117800.0,117800.0,17800.0
3321,Luisa Bowers,martingale,100.0,100000.0,50000.0,95,2,0.0,52900.0,52900.0,-47100.0
3322,Dorian Davidson,martingale,100.0,100000.0,50000.0,89,1,0.0,16800.0,16800.0,-83200.0
3323,Jayla Mejia,martingale,100.0,100000.0,50000.0,380,2,0.0,105900.0,105900.0,5900.0
3324,Atticus Preston,martingale,100.0,100000.0,50000.0,569,3,0.0,109300.0,109300.0,9300.0
3325,Indie Wheeler,martingale,100.0,100000.0,50000.0,575,2,0.0,120500.0,120500.0,20500.0
3326,Kenneth Stout,martingale,100.0,100000.0,50000.0,490,3,0.0,99000.0,99000.0,-1000.0
3327,Chana Rice,martingale,100.0,100000.0,50000.0,195,1,0.0,29200.0,29200.0,-70800.0
3328,Graham Wang,martingale,100.0,100000.0,50000.0,739,1,0.0,135000.0,135000.0,35000.0
3329,Kailani Benton,martingale,100.0,100000.0,50000.0,619,3,0.0,122000.0,122000.0,22000.0
3330,Jamal Garza,martingale,100.0,100000.0,50000.0,10,1,0.0,0.0,0.0,-100000.0
3331,River Miranda,martingale,100.0,100000.0,50000.0,370,1,0.0,109400.0,109400.0,9400.0
3332,Rory Alexander,martingale,100.0,100000.0,50000.0,309,2,0.0,77600.0,77600.0,-22400.0
3333,Lyla Santiago,martingale,100.0,100000.0,50000.0,659,2,0.0,131200.0,131200.0,31200.0
3334,Beckham Wolf,martingale,100.0,100000.0,50000.0,335,2,0.0,108600.0,108600.0,8600.0
3335,Jolene Richmond,martingale,100.0,100000.0,50000.0,340,1,0.0,80500.0,80500.0,-19500.0
3336,Mordechai Ballard,martingale,100.0,100000.0,50000.0,232,1,0.0,64100.0,64100.0,-35900.0
3337,Alejandra Hancock,martingale,100.0,100000.0,50000.0,114,1,0.0,20300.0,20300.0,-79700.0
3338,Rex Rhodes,martingale,100.0,100000.0,50000.0,571,1,0.0,125100.0,125100.0,25100.0
3339,Tatum Weiss,martingale,100.0,100000.0,50000.0,308,1,0.0,103900.0,103900.0,3900.0
3340,Koa David,martingale,100.0,100000.0,50000.0,64,1,0.0,8900.0,8900.0,-91100.0
3341,Haylee Proctor,martingale,100.0,100000.0,50000.0,423,1,0.0,117300.0,117300.0,17300.0
3342,Vance Hoover,martingale,100.0,100000.0,50000.0,63,1,0.0,7600.0,7600.0,-92400.0
3343,Virginia Farmer,martingale,100.0,100000.0,50000.0,395,1,0.0,102600.0,102600.0,2600.0
3344,Jamison Dunn,martingale,100.0,100000.0,50000.0,562,3,0.0,118800.0,118800.0,18800.0
3345,Olive Petersen,martingale,100.0,100000.0,50000.0,474,1,0.0,115700.0,115700.0,15700.0
3346,Samson McCullough,martingale,100.0,100000.0,50000.0,824,1,0.0,131800.0,131800.0,31800.0
3347,Hana Avery,martingale,100.0,100000.0,50000.0,500,2,0.0,120600.0,120600.0,20600.0
3348,Jakari Salgado,martingale,100.0,100000.0,50000.0,493,2,0.0,77900.0,77900.0,-22100.0
3349,Avalynn Harrell,martingale,100.0,100000.0,50000.0,634,2,0.0,129900.0,129900.0,29900.0
3350,Nelson Travis,martingale,100.0,100000.0,50000.0,555,1,0.0,118100.0,118100.0,18100.0
3351,Mazikee Quintana,martingale,100.0,100000.0,50000.0,712,2,0.0,131400.0,131400.0,31400.0
3352,Kelvin Kane,martingale,100.0,100000.0,50000.0,387,1,0.0,113000.0,113000.0,13000.0
3353,Ellianna Brady,martingale,100.0,100000.0,50000.0,353,1,0.0,97200.0,97200.0,-2800.0
3354,Reed Owens,martingale,100.0,100000.0,50000.0,478,1,0.0,107500.0,107500.0,7500.0
3355,Amaya Cain,martingale,100.0,100000.0,50000.0,66,1,0.0,12000.0,12000.0,-88000.0
3356,Benson Garrison,martingale,100.0,100000.0,50000.0,400,1,0.0,98400.0,98400.0,-1600.0
3357,Cadence Park,martingale,100.0,100000.0,50000.0,136,1,0.0,55900.0,55900.0,-44100.0
3358,Daxton Gaines,martingale,100.0,100000.0,50000.0,618,1,0.0,125900.0,125900.0,25900.0
3359,Aya Wheeler,martingale,100.0,100000.0,50000.0,340,1,0.0,104300.0,104300.0,4300.0
3360,Kenneth Curtis,martingale,100.0,100000.0,50000.0,327,2,0.0,90600.0,90600.0,-9400.0
3361,Alexis Dudley,martingale,100.0,100000.0,50000.0,393,1,0.0,107900.0,107900.0,7900.0
3362,Colter Merritt,martingale,100.0,100000.0,50000.0,226,1,0.0,40700.0,40700.0,-59300.0
3363,Kaisley Little,martingale,100.0,100000.0,50000.0,373,3,0.0,115000.0,115000.0,15000.0
3364,Lennox Valentine,martingale,100.0,100000.0,50000.0,553,1,0.0,115800.0,115800.0,15800.0
3365,August Chung,martingale,100.0,100000.0,50000.0,472,0,0.0,122000.0,122000.0,22000.0
3366,Ira Whitaker,martingale,100.0,100000.0,50000.0,224,1,0.0,98400.0,98400.0,-1600.0
3367,Ivanna Parra,martingale,100.0,100000.0,50000.0,372,2,0.0,103500.0,103500.0,3500.0
3368,Davion Garza,martingale,100.0,100000.0,50000.0,569,1,0.0,123100.0,123100.0,23100.0
3369,River Maynard,martingale,100.0,100000.0,50000.0,535,1,0.0,124000.0,124000.0,24000.0
3370,Landry McMillan,martingale,100.0,100000.0,50000.0,395,1,0.0,75500.0,75500.0,-24500.0
3371,Oakleigh Blackburn,martingale,100.0,100000.0,50000.0,598,2,0.0,117700.0,117700.0,17700.0
3372,Zahir Holmes,martingale,100.0,100000.0,50000.0,429,2,0.0,116400.0,116400.0,16400.0
3373,Bailey Kaur,martingale,100.0,100000.0,50000.0,511,3,0.0,111600.0,111600.0,11600.0
3374,Augustine Rasmussen,martingale,100.0,100000.0,50000.0,303,2,0.0,65800.0,65800.0,-34200.0
3375,Esperanza Wallace,martingale,100.0,100000.0,50000.0,342,1,0.0,110000.0,110000.0,10000.0
3376,Chase Briggs,martingale,100.0,100000.0,50000.0,419,3,0.0,111900.0,111900.0,11900.0
3377,Alia Grant,martingale,100.0,100000.0,50000.0,547,1,0.0,121200.0,121200.0,21200.0
3378,Leon May,martingale,100.0,100000.0,50000.0,566,1,0.0,111700.0,111700.0,11700.0
3379,Adriana Dawson,martingale,100.0,100000.0,50000.0,409,1,0.0,110800.0,110800.0,10800.0
3380,Iker Franco,martingale,100.0,100000.0,50000.0,570,1,0.0,126200.0,126200.0,26200.0
3381,Charleigh Willis,martingale,100.0,100000.0,50000.0,263,1,0.0,89700.0,89700.0,-10300.0
3382,Remington McKay,martingale,100.0,100000.0,50000.0,463,2,0.0,116800.0,116800.0,16800.0
3383,Leanna Neal,martingale,100.0,100000.0,50000.0,144,1,0.0,56100.0,56100.0,-43900.0
3384,Kane Baldwin,martingale,100.0,100000.0,50000.0,351,1,0.0,79500.0,79500.0,-20500.0
3385,Esmeralda Terrell,martingale,100.0,100000.0,50000.0,310,2,0.0,112000.0,112000.0,12000.0
3386,Jaxen Decker,martingale,100.0,100000.0,50000.0,363,2,0.0,73300.0,73300.0,-26700.0
3387,Aleena Cervantes,martingale,100.0,100000.0,50000.0,440,3,0.0,84900.0,84900.0,-15100.0
3388,Kamari Sierra,martingale,100.0,100000.0,50000.0,369,1,0.0,95900.0,95900.0,-4100.0
3389,Marceline Dunn,martingale,100.0,100000.0,50000.0,300,2,0.0,108700.0,108700.0,8700.0
3390,Dawson Castaneda,martingale,100.0,100000.0,50000.0,536,1,0.0,118900.0,118900.0,18900.0
3391,Keira Massey,martingale,100.0,100000.0,50000.0,537,1,0.0,126700.0,126700.0,26700.0
3392,Donald Marin,martingale,100.0,100000.0,50000.0,649,2,0.0,130200.0,130200.0,30200.0
3393,Celia Hodges,martingale,100.0,100000.0,50000.0,62,1,0.0,7200.0,7200.0,-92800.0
3394,Alonzo Mosley,martingale,100.0,100000.0,50000.0,126,1,0.0,23500.0,23500.0,-76500.0
3395,Zaniyah Howard,martingale,100.0,100000.0,50000.0,80,1,0.0,10900.0,10900.0,-89100.0
3396,Jeremiah Pratt,martingale,100.0,100000.0,50000.0,604,1,0.0,120300.0,120300.0,20300.0
3397,Ailani Chung,martingale,100.0,100000.0,50000.0,357,1,0.0,104200.0,104200.0,4200.0
3398,Ira Reed,martingale,100.0,100000.0,50000.0,355,1,0.0,97400.0,97400.0,-2600.0
3399,Valentina Benjamin,martingale,100.0,100000.0,50000.0,342,1,0.0,60500.0,60500.0,-39500.0
3400,Kyro James,martingale,100.0,100000.0,50000.0,429,1,0.0,98500.0,98500.0,-1500.0
3401,Quinn Waller,martingale,100.0,100000.0,50000.0,199,1,0.0,32700.0,32700.0,-67300.0
3402,Marley Hampton,martingale,100.0,100000.0,50000.0,452,2,0.0,121000.0,121000.0,21000.0
3403,Leona Mathews,martingale,100.0,100000.0,50000.0,377,1,0.0,63600.0,63600.0,-36400.0
3404,Jamir Malone,martingale,100.0,100000.0,50000.0,246,1,0.0,56400.0,56400.0,-43600.0
3405,Skyler Hamilton,martingale,100.0,100000.0,50000.0,451,2,0.0,105200.0,105200.0,5200.0
3406,Jason Arnold,martingale,100.0,100000.0,50000.0,332,1,0.0,95400.0,95400.0,-4600.0
3407,Finley Vasquez,martingale,100.0,100000.0,50000.0,93,1,0.0,15500.0,15500.0,-84500.0
3408,Rowan Hudson,martingale,100.0,100000.0,50000.0,499,2,0.0,99000.0,99000.0,-1000.0
3409,Kamila Walsh,martingale,100.0,100000.0,50000.0,441,1,0.0,94900.0,94900.0,-5100.0
3410,Bodhi Jensen,martingale,100.0,100000.0,50000.0,579,1,0.0,111400.0,111400.0,11400.0
3411,Jane Tucker,martingale,100.0,100000.0,50000.0,586,2,0.0,118900.0,118900.0,18900.0
3412,Ivan Benitez,martingale,100.0,100000.0,50000.0,262,1,0.0,51200.0,51200.0,-48800.0
3413,Aliza Hawkins,martingale,100.0,100000.0,50000.0,378,1,0.0,82700.0,82700.0,-17300.0
3414,Victor Stevenson,martingale,100.0,100000.0,50000.0,476,1,0.0,101900.0,101900.0,1900.0
3415,Regina Bryan,martingale,100.0,100000.0,50000.0,534,1,0.0,114800.0,114800.0,14800.0
3416,Jaxtyn Gibson,martingale,100.0,100000.0,50000.0,408,1,0.0,98500.0,98500.0,-1500.0
3417,Eden Mays,martingale,100.0,100000.0,50000.0,513,1,0.0,112100.0,112100.0,12100.0
3418,Jadiel Shah,martingale,100.0,100000.0,50000.0,709,1,0.0,133800.0,133800.0,33800.0
3419,Angelica Clayton,martingale,100.0,100000.0,50000.0,315,1,0.0,60000.0,60000.0,-40000.0
3420,Boston Randolph,martingale,100.0,100000.0,50000.0,585,2,0.0,122800.0,122800.0,22800.0
3421,Kailey Conley,martingale,100.0,100000.0,50000.0,78,1,0.0,15400.0,15400.0,-84600.0
3422,Marvin Beck,martingale,100.0,100000.0,50000.0,431,3,0.0,113100.0,113100.0,13100.0
3423,Gia Stark,martingale,100.0,100000.0,50000.0,100,1,0.0,13500.0,13500.0,-86500.0
3424,Kristopher Travis,martingale,100.0,100000.0,50000.0,392,2,0.0,104000.0,104000.0,4000.0
3425,Mazikee Landry,martingale,100.0,100000.0,50000.0,581,2,0.0,126200.0,126200.0,26200.0
3426,Jaxx Randolph,martingale,100.0,100000.0,50000.0,480,3,0.0,112500.0,112500.0,12500.0
3427,Kailey English,martingale,100.0,100000.0,50000.0,249,1,0.0,65400.0,65400.0,-34600.0
3428,Junior Stewart,martingale,100.0,100000.0,50000.0,576,2,0.0,122400.0,122400.0,22400.0
3429,Maya Richard,martingale,100.0,100000.0,50000.0,494,1,0.0,97900.0,97900.0,-2100.0
3430,Ahmed Cole,martingale,100.0,100000.0,50000.0,438,1,0.0,91100.0,91100.0,-8900.0
3431,Margaret Daugherty,martingale,100.0,100000.0,50000.0,514,1,0.0,100900.0,100900.0,900.0
3432,Turner Meyer,martingale,100.0,100000.0,50000.0,662,1,0.0,118000.0,118000.0,18000.0
3433,Sara Roth,martingale,100.0,100000.0,50000.0,284,3,0.0,75800.0,75800.0,-24200.0
3434,Roy Livingston,martingale,100.0,100000.0,50000.0,15,1,0.0,500.0,500.0,-99500.0
3435,Milena Ballard,martingale,100.0,100000.0,50000.0,739,2,0.0,135800.0,135800.0,35800.0
3436,Kenzo Myers,martingale,100.0,100000.0,50000.0,421,1,0.0,115000.0,115000.0,15000.0
3437,Lydia Greer,martingale,100.0,100000.0,50000.0,356,1,0.0,69200.0,69200.0,-30800.0
3438,Koda Baxter,martingale,100.0,100000.0,50000.0,563,1,0.0,120900.0,120900.0,20900.0
3439,Lara May,martingale,100.0,100000.0,50000.0,402,1,0.0,108300.0,108300.0,8300.0
3440,Finley Thomas,martingale,100.0,100000.0,50000.0,295,2,0.0,78500.0,78500.0,-21500.0
3441,Elizabeth Nunez,martingale,100.0,100000.0,50000.0,144,1,0.0,21600.0,21600.0,-78400.0
3442,Caden Bailey,martingale,100.0,100000.0,50000.0,691,1,0.0,119200.0,119200.0,19200.0
3443,Kennedy Garza,martingale,100.0,100000.0,50000.0,665,2,0.0,129800.0,129800.0,29800.0
3444,Judah Lee,martingale,100.0,100000.0,50000.0,272,2,0.0,87700.0,87700.0,-12300.0
3445,Scarlett Burton,martingale,100.0,100000.0,50000.0,273,2,0.0,82100.0,82100.0,-17900.0
3446,Zander McClure,martingale,100.0,100000.0,50000.0,307,1,0.0,102900.0,102900.0,2900.0
3447,Estella Freeman,martingale,100.0,100000.0,50000.0,450,2,0.0,114100.0,114100.0,14100.0
3448,Jayce Meyer,martingale,100.0,100000.0,50000.0,412,1,0.0,114100.0,114100.0,14100.0
3449,Sara Cohen,martingale,100.0,100000.0,50000.0,461,1,0.0,102200.0,102200.0,2200.0
3450,Killian Velez,martingale,100.0,100000.0,50000.0,302,1,0.0,57900.0,57900.0,-42100.0
3451,Megan Ellison,martingale,100.0,100000.0,50000.0,588,1,0.0,127900.0,127900.0,27900.0
3452,Kye Carr,martingale,100.0,100000.0,50000.0,595,2,0.0,121700.0,121700.0,21700.0
3453,Rowan Oliver,martingale,100.0,100000.0,50000.0,213,1,0.0,58700.0,58700.0,-41300.0
3454,Karson Ho,martingale,100.0,100000.0,50000.0,110,1,0.0,16000.0,16000.0,-84000.0
3455,Calliope McDonald,martingale,100.0,100000.0,50000.0,79,1,0.0,19500.0,19500.0,-80500.0
3456,Calvin Harmon,martingale,100.0,100000.0,50000.0,385,1,0.0,85800.0,85800.0,-14200.0
3457,Maren Patterson,martingale,100.0,100000.0,50000.0,186,4,0.0,71600.0,71600.0,-28400.0
3458,Amir Hayes,martingale,100.0,100000.0,50000.0,552,2,0.0,116200.0,116200.0,16200.0
3459,Iris Gonzalez,martingale,100.0,100000.0,50000.0,24,1,0.0,1900.0,1900.0,-98100.0
3460,Ethan Gillespie,martingale,100.0,100000.0,50000.0,426,1,0.0,76600.0,76600.0,-23400.0
3461,Alianna Morrow,martingale,100.0,100000.0,50000.0,326,2,0.0,102700.0,102700.0,2700.0
3462,Kyree Rosales,martingale,100.0,100000.0,50000.0,526,1,0.0,104500.0,104500.0,4500.0
3463,Kinley Strickland,martingale,100.0,100000.0,50000.0,542,1,0.0,108100.0,108100.0,8100.0
3464,Keegan Keith,martingale,100.0,100000.0,50000.0,647,0,0.0,131800.0,131800.0,31800.0
3465,Elyse Duarte,martingale,100.0,100000.0,50000.0,272,1,0.0,88900.0,88900.0,-11100.0
3466,Abdullah Briggs,martingale,100.0,100000.0,50000.0,445,1,0.0,101400.0,101400.0,1400.0
3467,Alia McPherson,martingale,100.0,100000.0,50000.0,75,1,0.0,12500.0,12500.0,-87500.0
3468,Foster Terrell,martingale,100.0,100000.0,50000.0,260,4,0.0,69300.0,69300.0,-30700.0
3469,Paityn Pratt,martingale,100.0,100000.0,50000.0,157,1,0.0,31400.0,31400.0,-68600.0
3470,Rowen Palmer,martingale,100.0,100000.0,50000.0,682,1,0.0,115300.0,115300.0,15300.0
3471,Juniper Reynolds,martingale,100.0,100000.0,50000.0,681,2,0.0,123000.0,123000.0,23000.0
3472,Vincent Wyatt,martingale,100.0,100000.0,50000.0,259,2,0.0,84700.0,84700.0,-15300.0
3473,Liberty McCullough,martingale,100.0,100000.0,50000.0,528,4,0.0,121900.0,121900.0,21900.0
3474,Briar Glenn,martingale,100.0,100000.0,50000.0,421,2,0.0,114200.0,114200.0,14200.0
3475,Blaire Odom,martingale,100.0,100000.0,50000.0,432,1,0.0,105000.0,105000.0,5000.0
3476,Kylian Krueger,martingale,100.0,100000.0,50000.0,367,4,0.0,106300.0,106300.0,6300.0
3477,Kamari Ali,martingale,100.0,100000.0,50000.0,789,1,0.0,139900.0,139900.0,39900.0
3478,Arjun Singleton,martingale,100.0,100000.0,50000.0,594,1,0.0,122500.0,122500.0,22500.0
3479,Malaysia Austin,martingale,100.0,100000.0,50000.0,457,2,0.0,96800.0,96800.0,-3200.0
3480,Omar Huff,martingale,100.0,100000.0,50000.0,694,2,0.0,133700.0,133700.0,33700.0
3481,Karsyn McConnell,martingale,100.0,100000.0,50000.0,258,1,0.0,84100.0,84100.0,-15900.0
3482,London Valenzuela,martingale,100.0,100000.0,50000.0,302,3,0.0,85300.0,85300.0,-14700.0
3483,Henley McCormick,martingale,100.0,100000.0,50000.0,654,2,0.0,127800.0,127800.0,27800.0
3484,Jasiah Keith,martingale,100.0,100000.0,50000.0,731,2,0.0,135000.0,135000.0,35000.0
3485,Elyse Potter,martingale,100.0,100000.0,50000.0,464,3,0.0,117800.0,117800.0,17800.0
3486,Lucca Snyder,martingale,100.0,100000.0,50000.0,590,3,0.0,123800.0,123800.0,23800.0
3487,Callie Perkins,martingale,100.0,100000.0,50000.0,150,1,0.0,54900.0,54900.0,-45100.0
3488,Kyrie Jones,martingale,100.0,100000.0,50000.0,522,2,0.0,123100.0,123100.0,23100.0
3489,Sophia Sanchez,martingale,100.0,100000.0,50000.0,661,1,0.0,132300.0,132300.0,32300.0
3490,Joseph Weaver,martingale,100.0,100000.0,50000.0,567,1,0.0,117900.0,117900.0,17900.0
3491,Teagan Collier,martingale,100.0,100000.0,50000.0,50,1,0.0,9000.0,9000.0,-91000.0
3492,Edison Stephens,martingale,100.0,100000.0,50000.0,326,3,0.0,65100.0,65100.0,-34900.0
3493,Millie Quinn,martingale,100.0,100000.0,50000.0,190,1,0.0,41200.0,41200.0,-58800.0
3494,Rhys Underwood,martingale,100.0,100000.0,50000.0,389,1,0.0,81400.0,81400.0,-18600.0
3495,Ensley Saunders,martingale,100.0,100000.0,50000.0,451,1,0.0,115400.0,115400.0,15400.0
3496,Kasen Reese,martingale,100.0,100000.0,50000.0,484,3,0.0,121100.0,121100.0,21100.0
3497,Rosemary Wolfe,martingale,100.0,100000.0,50000.0,31,1,0.0,3600.0,3600.0,-96400.0
3498,Donovan Alvarez,martingale,100.0,100000.0,50000.0,62,1,0.0,18400.0,18400.0,-81600.0
3499,Leilani McCullough,martingale,100.0,100000.0,50000.0,441,2,0.0,103200.0,103200.0,3200.0
3500,Briar Whitney,martingale,100.0,100000.0,50000.0,712,1,0.0,126400.0,126400.0,26400.0
3501,Madalynn Graham,martingale,100.0,100000.0,50000.0,478,1,0.0,120300.0,120300.0,20300.0
3502,Giovanni Adkins,martingale,100.0,100000.0,50000.0,322,1,0.0,53400.0,53400.0,-46600.0
3503,Emelia Schaefer,martingale,100.0,100000.0,50000.0,553,1,0.0,121300.0,121300.0,21300.0
3504,Ishaan Spears,martingale,100.0,100000.0,50000.0,253,2,0.0,81500.0,81500.0,-18500.0
3505,Isabela Bauer,martingale,100.0,100000.0,50000.0,432,2,0.0,110300.0,110300.0,10300.0
3506,Kieran Orozco,martingale,100.0,100000.0,50000.0,732,1,0.0,130800.0,130800.0,30800.0
3507,Renata Wilcox,martingale,100.0,100000.0,50000.0,260,1,0.0,68300.0,68300.0,-31700.0
3508,Jerry Harper,martingale,100.0,100000.0,50000.0,391,1,0.0,100300.0,100300.0,300.0
3509,Ana Lawson,martingale,100.0,100000.0,50000.0,369,1,0.0,83000.0,83000.0,-17000.0
3510,Lane Acevedo,martingale,100.0,100000.0,50000.0,356,1,0.0,93600.0,93600.0,-6400.0
3511,Ashlynn Parker,martingale,100.0,100000.0,50000.0,770,1,0.0,140700.0,140700.0,40700.0
3512,Caleb Pierce,martingale,100.0,100000.0,50000.0,227,2,0.0,85000.0,85000.0,-15000.0
3513,Arabella Shepard,martingale,100.0,100000.0,50000.0,398,4,0.0,115100.0,115100.0,15100.0
3514,Damari Elliott,martingale,100.0,100000.0,50000.0,631,1,0.0,114000.0,114000.0,14000.0
3515,Noelle Hurst,martingale,100.0,100000.0,50000.0,590,1,0.0,116100.0,116100.0,16100.0
3516,Neil Rubio,martingale,100.0,100000.0,50000.0,408,1,0.0,104800.0,104800.0,4800.0
3517,Hadassah Miles,martingale,100.0,100000.0,50000.0,60,1,0.0,7200.0,7200.0,-92800.0
3518,Jared Gaines,martingale,100.0,100000.0,50000.0,214,3,0.0,82900.0,82900.0,-17100.0
3519,Aya Mitchell,martingale,100.0,100000.0,50000.0,559,1,0.0,125000.0,125000.0,25000.0
3520,Jaxon Keith,martingale,100.0,100000.0,50000.0,318,1,0.0,104700.0,104700.0,4700.0
3521,Elyse Vo,martingale,100.0,100000.0,50000.0,286,2,0.0,101800.0,101800.0,1800.0
3522,Gordon Keith,martingale,100.0,100000.0,50000.0,292,1,0.0,76700.0,76700.0,-23300.0
3523,Elyse Fisher,martingale,100.0,100000.0,50000.0,480,1,0.0,94300.0,94300.0,-5700.0
3524,Gael Johns,martingale,100.0,100000.0,50000.0,386,3,0.0,73500.0,73500.0,-26500.0
3525,Giovanna Michael,martingale,100.0,100000.0,50000.0,664,1,0.0,132300.0,132300.0,32300.0
3526,Bronson Young,martingale,100.0,100000.0,50000.0,334,1,0.0,99100.0,99100.0,-900.0
3527,Zoey Wade,martingale,100.0,100000.0,50000.0,634,2,0.0,130500.0,130500.0,30500.0
3528,Jake Villanueva,martingale,100.0,100000.0,50000.0,187,1,0.0,29500.0,29500.0,-70500.0
3529,Monroe Montoya,martingale,100.0,100000.0,50000.0,672,2,0.0,127200.0,127200.0,27200.0
3530,Ford Harrison,martingale,100.0,100000.0,50000.0,546,1,0.0,125200.0,125200.0,25200.0
3531,Jasmine Beck,martingale,100.0,100000.0,50000.0,300,2,0.0,100300.0,100300.0,300.0
3532,Eduardo Arroyo,martingale,100.0,100000.0,50000.0,28,1,0.0,3000.0,3000.0,-97000.0
3533,Kyra Keller,martingale,100.0,100000.0,50000.0,322,3,0.0,64500.0,64500.0,-35500.0
3534,Nico Sanford,martingale,100.0,100000.0,50000.0,353,3,0.0,71600.0,71600.0,-28400.0
3535,Emerald Davenport,martingale,100.0,100000.0,50000.0,591,2,0.0,128400.0,128400.0,28400.0
3536,Dariel Phan,martingale,100.0,100000.0,50000.0,349,3,0.0,88200.0,88200.0,-11800.0
3537,Elsa Miles,martingale,100.0,100000.0,50000.0,12,1,0.0,200.0,200.0,-99800.0
3538,Jared Zhang,martingale,100.0,100000.0,50000.0,378,2,0.0,79700.0,79700.0,-20300.0
3539,Sarai Baldwin,martingale,100.0,100000.0,50000.0,361,2,0.0,94600.0,94600.0,-5400.0
3540,Jaiden Little,martingale,100.0,100000.0,50000.0,210,1,0.0,59900.0,59900.0,-40100.0
3541,Harley Parrish,martingale,100.0,100000.0,50000.0,313,2,0.0,93300.0,93300.0,-6700.0
3542,Karsyn Cobb,martingale,100.0,100000.0,50000.0,332,2,0.0,95400.0,95400.0,-4600.0
3543,Aviana York,martingale,100.0,100000.0,50000.0,166,1,0.0,32400.0,32400.0,-67600.0
3544,Leandro Hughes,martingale,100.0,100000.0,50000.0,623,1,0.0,128400.0,128400.0,28400.0
3545,Samantha Best,martingale,100.0,100000.0,50000.0,653,1,0.0,126700.0,126700.0,26700.0
3546,Harlem McCall,martingale,100.0,100000.0,50000.0,387,2,0.0,112200.0,112200.0,12200.0
3547,Kai Beltran,martingale,100.0,100000.0,50000.0,64,1,0.0,33300.0,33300.0,-66700.0
3548,Ricky Stein,martingale,100.0,100000.0,50000.0,120,1,0.0,50300.0,50300.0,-49700.0
3549,Leilany Schneider,martingale,100.0,100000.0,50000.0,496,2,0.0,123300.0,123300.0,23300.0
3550,Raymond Bennett,martingale,100.0,100000.0,50000.0,111,1,0.0,17100.0,17100.0,-82900.0
3551,Josephine Mann,martingale,100.0,100000.0,50000.0,303,2,0.0,65400.0,65400.0,-34600.0
3552,Nehemiah Hale,martingale,100.0,100000.0,50000.0,752,2,0.0,134700.0,134700.0,34700.0
3553,Brinley Stevenson,martingale,100.0,100000.0,50000.0,349,1,0.0,113800.0,113800.0,13800.0
3554,Callan Hamilton,martingale,100.0,100000.0,50000.0,122,1,0.0,29100.0,29100.0,-70900.0
3555,Mackenzie Vang,martingale,100.0,100000.0,50000.0,381,2,0.0,95800.0,95800.0,-4200.0
3556,Jimmy Day,martingale,100.0,100000.0,50000.0,416,1,0.0,107500.0,107500.0,7500.0
3557,Hayden Johnston,martingale,100.0,100000.0,50000.0,460,2,0.0,90800.0,90800.0,-9200.0
3558,Felix Enriquez,martingale,100.0,100000.0,50000.0,87,1,0.0,16200.0,16200.0,-83800.0
3559,Nellie Powers,martingale,100.0,100000.0,50000.0,460,2,0.0,95700.0,95700.0,-4300.0
3560,Sean Morrison,martingale,100.0,100000.0,50000.0,413,1,0.0,98300.0,98300.0,-1700.0
3561,Rebecca Beck,martingale,100.0,100000.0,50000.0,553,2,0.0,123200.0,123200.0,23200.0
3562,Eduardo Parra,martingale,100.0,100000.0,50000.0,357,1,0.0,109200.0,109200.0,9200.0
3563,Dalary Pope,martingale,100.0,100000.0,50000.0,322,2,0.0,96300.0,96300.0,-3700.0
3564,Gunnar White,martingale,100.0,100000.0,50000.0,578,1,0.0,123400.0,123400.0,23400.0
3565,Layla Wolf,martingale,100.0,100000.0,50000.0,245,2,0.0,106300.0,106300.0,6300.0
3566,Jase Blankenship,martingale,100.0,100000.0,50000.0,48,1,0.0,5900.0,5900.0,-94100.0
3567,Rosalee Dunlap,martingale,100.0,100000.0,50000.0,602,1,0.0,125800.0,125800.0,25800.0
3568,Aries Finley,martingale,100.0,100000.0,50000.0,521,1,0.0,119100.0,119100.0,19100.0
3569,Jovie Webb,martingale,100.0,100000.0,50000.0,458,3,0.0,118400.0,118400.0,18400.0
3570,Lorenzo Duke,martingale,100.0,100000.0,50000.0,358,2,0.0,115200.0,115200.0,15200.0
3571,Melani Roy,martingale,100.0,100000.0,50000.0,308,2,0.0,107600.0,107600.0,7600.0
3572,Marcelo Snow,martingale,100.0,100000.0,50000.0,347,2,0.0,104500.0,104500.0,4500.0
3573,Alexia Cunningham,martingale,100.0,100000.0,50000.0,308,1,0.0,74100.0,74100.0,-25900.0
3574,Alejandro Cole,martingale,100.0,100000.0,50000.0,602,2,0.0,128200.0,128200.0,28200.0
3575,Margaret Hahn,martingale,100.0,100000.0,50000.0,444,3,0.0,103000.0,103000.0,3000.0
3576,Kabir Hunter,martingale,100.0,100000.0,50000.0,562,1,0.0,124700.0,124700.0,24700.0
3577,Khloe Cano,martingale,100.0,100000.0,50000.0,717,2,0.0,133300.0,133300.0,33300.0
3578,Terry Galindo,martingale,100.0,100000.0,50000.0,604,2,0.0,128000.0,128000.0,28000.0
3579,Corinne Sweeney,martingale,100.0,100000.0,50000.0,459,1,0.0,109100.0,109100.0,9100.0
3580,Nixon Sheppard,martingale,100.0,100000.0,50000.0,31,1,0.0,3600.0,3600.0,-96400.0
3581,Veda Robertson,martingale,100.0,100000.0,50000.0,646,2,0.0,128900.0,128900.0,28900.0
3582,Emiliano Haley,martingale,100.0,100000.0,50000.0,82,1,0.0,44100.0,44100.0,-55900.0
3583,Addilynn Conrad,martingale,100.0,100000.0,50000.0,514,3,0.0,124600.0,124600.0,24600.0
3584,Dilan Koch,martingale,100.0,100000.0,50000.0,544,2,0.0,126000.0,126000.0,26000.0
3585,Milana Sanford,martingale,100.0,100000.0,50000.0,39,1,0.0,8600.0,8600.0,-91400.0
3586,Truett Trujillo,martingale,100.0,100000.0,50000.0,58,1,0.0,8500.0,8500.0,-91500.0
3587,Danielle Huffman,martingale,100.0,100000.0,50000.0,734,2,0.0,135800.0,135800.0,35800.0
3588,Chris Drake,martingale,100.0,100000.0,50000.0,136,1,0.0,20200.0,20200.0,-79800.0
3589,Jayleen Clarke,martingale,100.0,100000.0,50000.0,460,1,0.0,96700.0,96700.0,-3300.0
3590,Stetson Russell,martingale,100.0,100000.0,50000.0,466,1,0.0,77300.0,77300.0,-22700.0
3591,Raelynn Hughes,martingale,100.0,100000.0,50000.0,346,1,0.0,107500.0,107500.0,7500.0
3592,Everett Jacobson,martingale,100.0,100000.0,50000.0,357,2,0.0,84300.0,84300.0,-15700.0
3593,Royal Solomon,martingale,100.0,100000.0,50000.0,609,1,0.0,129400.0,129400.0,29400.0
3594,Musa Morrow,martingale,100.0,100000.0,50000.0,607,1,0.0,124200.0,124200.0,24200.0
3595,Reyna Lynch,martingale,100.0,100000.0,50000.0,289,2,0.0,83800.0,83800.0,-16200.0
3596,Zane Li,martingale,100.0,100000.0,50000.0,450,1,0.0,111600.0,111600.0,11600.0
3597,Paige Ramirez,martingale,100.0,100000.0,50000.0,138,2,0.0,66500.0,66500.0,-33500.0
3598,David Reyna,martingale,100.0,100000.0,50000.0,737,3,0.0,133400.0,133400.0,33400.0
3599,Luella Gregory,martingale,100.0,100000.0,50000.0,633,1,0.0,120000.0,120000.0,20000.0
3600,Travis Cline,martingale,100.0,100000.0,50000.0,520,1,0.0,116700.0,116700.0,16700.0
3601,Lina Sosa,martingale,100.0,100000.0,50000.0,727,3,0.0,130200.0,130200.0,30200.0
3602,Emir Contreras,martingale,100.0,100000.0,50000.0,248,2,0.0,81800.0,81800.0,-18200.0
3603,Daniela Malone,martingale,100.0,100000.0,50000.0,404,2,0.0,117000.0,117000.0,17000.0
3604,Ruben Arias,martingale,100.0,100000.0,50000.0,351,2,0.0,115400.0,115400.0,15400.0
3605,Aleah Valenzuela,martingale,100.0,100000.0,50000.0,244,2,0.0,61400.0,61400.0,-38600.0
3606,Jamari Gutierrez,martingale,100.0,100000.0,50000.0,469,2,0.0,111200.0,111200.0,11200.0
3607,Savannah Hayden,martingale,100.0,100000.0,50000.0,584,0,0.0,127400.0,127400.0,27400.0
3608,Leroy Bush,martingale,100.0,100000.0,50000.0,573,2,0.0,124700.0,124700.0,24700.0
3609,Everlee Case,martingale,100.0,100000.0,50000.0,311,3,0.0,72300.0,72300.0,-27700.0
3610,Bentlee Richardson,martingale,100.0,100000.0,50000.0,285,1,0.0,80000.0,80000.0,-20000.0
3611,Allison Marin,martingale,100.0,100000.0,50000.0,323,3,0.0,102800.0,102800.0,2800.0
3612,Aldo Lara,martingale,100.0,100000.0,50000.0,755,3,0.0,135300.0,135300.0,35300.0
3613,Heidi Black,martingale,100.0,100000.0,50000.0,445,2,0.0,101000.0,101000.0,1000.0
3614,Matteo Taylor,martingale,100.0,100000.0,50000.0,463,2,0.0,108400.0,108400.0,8400.0
3615,Sofia Stevenson,martingale,100.0,100000.0,50000.0,581,3,0.0,126200.0,126200.0,26200.0
3616,Callan Burns,martingale,100.0,100000.0,50000.0,636,2,0.0,127100.0,127100.0,27100.0
3617,Emerson Castillo,martingale,100.0,100000.0,50000.0,529,2,0.0,109700.0,109700.0,9700.0
3618,Kai Archer,martingale,100.0,100000.0,50000.0,504,3,0.0,121900.0,121900.0,21900.0
3619,Kadence Gray,martingale,100.0,100000.0,50000.0,532,1,0.0,122100.0,122100.0,22100.0
3620,Nicholas Stewart,martingale,100.0,100000.0,50000.0,618,2,0.0,125300.0,125300.0,25300.0
3621,Maya Giles,martingale,100.0,100000.0,50000.0,894,1,0.0,143600.0,143600.0,43600.0
3622,Kole Newton,martingale,100.0,100000.0,50000.0,448,1,0.0,111100.0,111100.0,11100.0
3623,Braelynn McMillan,martingale,100.0,100000.0,50000.0,29,1,0.0,4600.0,4600.0,-95400.0
3624,Rocky Ward,martingale,100.0,100000.0,50000.0,309,2,0.0,84400.0,84400.0,-15600.0
3625,Ariana Kirk,martingale,100.0,100000.0,50000.0,775,2,0.0,133600.0,133600.0,33600.0
3626,Alessandro Hodge,martingale,100.0,100000.0,50000.0,387,4,0.0,94100.0,94100.0,-5900.0
3627,Coraline Nolan,martingale,100.0,100000.0,50000.0,253,2,0.0,61500.0,61500.0,-38500.0
3628,Maximo Mays,martingale,100.0,100000.0,50000.0,718,3,0.0,131500.0,131500.0,31500.0
3629,Denisse Parker,martingale,100.0,100000.0,50000.0,386,2,0.0,100400.0,100400.0,400.0
3630,Caleb Yoder,martingale,100.0,100000.0,50000.0,771,1,0.0,136200.0,136200.0,36200.0
3631,Emerie Ventura,martingale,100.0,100000.0,50000.0,350,2,0.0,98400.0,98400.0,-1600.0
3632,Branson Lowery,martingale,100.0,100000.0,50000.0,669,3,0.0,131700.0,131700.0,31700.0
3633,Estelle Waller,martingale,100.0,100000.0,50000.0,383,5,0.0,111900.0,111900.0,11900.0
3634,Marley Henderson,martingale,100.0,100000.0,50000.0,293,1,0.0,101000.0,101000.0,1000.0
3635,Maria Henry,martingale,100.0,100000.0,50000.0,439,2,0.0,101900.0,101900.0,1900.0
3636,Carlos David,martingale,100.0,100000.0,50000.0,546,1,0.0,115600.0,115600.0,15600.0
3637,Haylee Bowman,martingale,100.0,100000.0,50000.0,465,2,0.0,116500.0,116500.0,16500.0
3638,Francisco Chang,martingale,100.0,100000.0,50000.0,568,2,0.0,125200.0,125200.0,25200.0
3639,Ophelia Christian,martingale,100.0,100000.0,50000.0,326,1,0.0,72200.0,72200.0,-27800.0
3640,Ledger Flores,martingale,100.0,100000.0,50000.0,395,1,0.0,107100.0,107100.0,7100.0
3641,Emilia Hammond,martingale,100.0,100000.0,50000.0,317,1,0.0,66800.0,66800.0,-33200.0
3642,Francis Steele,martingale,100.0,100000.0,50000.0,751,2,0.0,136200.0,136200.0,36200.0
3643,Rylie Sparks,martingale,100.0,100000.0,50000.0,238,1,0.0,37300.0,37300.0,-62700.0
3644,Drake Woods,martingale,100.0,100000.0,50000.0,284,2,0.0,68300.0,68300.0,-31700.0
3645,Reese Phillips,martingale,100.0,100000.0,50000.0,381,1,0.0,94900.0,94900.0,-5100.0
3646,Andrew Lee,martingale,100.0,100000.0,50000.0,498,2,0.0,121500.0,121500.0,21500.0
3647,Scarlett Marshall,martingale,100.0,100000.0,50000.0,416,1,0.0,83200.0,83200.0,-16800.0
3648,Kaiden Velazquez,martingale,100.0,100000.0,50000.0,140,1,0.0,47400.0,47400.0,-52600.0
3649,Jaliyah Leach,martingale,100.0,100000.0,50000.0,443,1,0.0,85200.0,85200.0,-14800.0
3650,Westin Moss,martingale,100.0,100000.0,50000.0,486,1,0.0,115000.0,115000.0,15000.0
3651,Bianca McKee,martingale,100.0,100000.0,50000.0,529,2,0.0,123100.0,123100.0,23100.0
3652,Bjorn Figueroa,martingale,100.0,100000.0,50000.0,411,1,0.0,112900.0,112900.0,12900.0
3653,Lilith Jackson,martingale,100.0,100000.0,50000.0,146,4,0.0,81300.0,81300.0,-18700.0
3654,Sebastian Lozano,martingale,100.0,100000.0,50000.0,402,2,0.0,107400.0,107400.0,7400.0
3655,Cecelia Arellano,martingale,100.0,100000.0,50000.0,33,1,0.0,8600.0,8600.0,-91400.0
3656,Kellan King,martingale,100.0,100000.0,50000.0,284,1,0.0,56300.0,56300.0,-43700.0
3657,Victoria Macias,martingale,100.0,100000.0,50000.0,383,2,0.0,72500.0,72500.0,-27500.0
3658,Moshe Deleon,martingale,100.0,100000.0,50000.0,436,1,0.0,115200.0,115200.0,15200.0
3659,Gabrielle O’brien,martingale,100.0,100000.0,50000.0,393,1,0.0,107200.0,107200.0,7200.0
3660,Riley Villanueva,martingale,100.0,100000.0,50000.0,26,1,0.0,2100.0,2100.0,-97900.0
3661,Monroe Boyer,martingale,100.0,100000.0,50000.0,517,1,0.0,95300.0,95300.0,-4700.0
3662,Zeke Moon,martingale,100.0,100000.0,50000.0,310,1,0.0,81400.0,81400.0,-18600.0
3663,Naya Copeland,martingale,100.0,100000.0,50000.0,218,1,0.0,35100.0,35100.0,-64900.0
3664,Axton Burton,martingale,100.0,100000.0,50000.0,451,1,0.0,88300.0,88300.0,-11700.0
3665,Miriam Pitts,martingale,100.0,100000.0,50000.0,595,2,0.0,104700.0,104700.0,4700.0
3666,Trey Peck,martingale,100.0,100000.0,50000.0,614,2,0.0,128500.0,128500.0,28500.0
3667,Crystal Fox,martingale,100.0,100000.0,50000.0,17,1,0.0,700.0,700.0,-99300.0
3668,Antonio Giles,martingale,100.0,100000.0,50000.0,549,3,0.0,111900.0,111900.0,11900.0
3669,Bailee Figueroa,martingale,100.0,100000.0,50000.0,381,2,0.0,69900.0,69900.0,-30100.0
3670,Spencer Woodard,martingale,100.0,100000.0,50000.0,510,1,0.0,117200.0,117200.0,17200.0
3671,Aubrie Tang,martingale,100.0,100000.0,50000.0,461,1,0.0,112400.0,112400.0,12400.0
3672,Rogelio Summers,martingale,100.0,100000.0,50000.0,395,1,0.0,116400.0,116400.0,16400.0
3673,Frankie Santiago,martingale,100.0,100000.0,50000.0,194,1,0.0,30900.0,30900.0,-69100.0
3674,Beckham McDonald,martingale,100.0,100000.0,50000.0,666,1,0.0,124900.0,124900.0,24900.0
3675,Daisy Acosta,martingale,100.0,100000.0,50000.0,563,1,0.0,118000.0,118000.0,18000.0
3676,Jensen Berry,martingale,100.0,100000.0,50000.0,225,1,0.0,81700.0,81700.0,-18300.0
3677,Annabelle Acosta,martingale,100.0,100000.0,50000.0,430,4,0.0,102500.0,102500.0,2500.0
3678,Jensen McMahon,martingale,100.0,100000.0,50000.0,93,1,0.0,17200.0,17200.0,-82800.0
3679,Belen Stuart,martingale,100.0,100000.0,50000.0,424,2,0.0,96800.0,96800.0,-3200.0
3680,Dion Mann,martingale,100.0,100000.0,50000.0,353,2,0.0,67200.0,67200.0,-32800.0
3681,Paislee McKay,martingale,100.0,100000.0,50000.0,20,1,0.0,1300.0,1300.0,-98700.0
3682,Joey Villegas,martingale,100.0,100000.0,50000.0,294,1,0.0,58300.0,58300.0,-41700.0
3683,Jessie Rodriguez,martingale,100.0,100000.0,50000.0,10,1,0.0,0.0,0.0,-100000.0
3684,Henry Good,martingale,100.0,100000.0,50000.0,211,1,0.0,45400.0,45400.0,-54600.0
3685,Nathalia Christensen,martingale,100.0,100000.0,50000.0,577,1,0.0,120800.0,120800.0,20800.0
3686,Gregory Choi,martingale,100.0,100000.0,50000.0,524,1,0.0,100800.0,100800.0,800.0
3687,Karla Robbins,martingale,100.0,100000.0,50000.0,470,1,0.0,104800.0,104800.0,4800.0
3688,Finnegan Schmitt,martingale,100.0,100000.0,50000.0,135,1,0.0,22900.0,22900.0,-77100.0
3689,Queen Bowers,martingale,100.0,100000.0,50000.0,433,2,0.0,95000.0,95000.0,-5000.0
3690,Dorian Ahmed,martingale,100.0,100000.0,50000.0,519,2,0.0,107400.0,107400.0,7400.0
3691,Jolie Santos,martingale,100.0,100000.0,50000.0,207,1,0.0,32100.0,32100.0,-67900.0
3692,Walker Barron,martingale,100.0,100000.0,50000.0,352,1,0.0,100800.0,100800.0,800.0
3693,Anya Clayton,martingale,100.0,100000.0,50000.0,467,1,0.0,90200.0,90200.0,-9800.0
3694,Boston Choi,martingale,100.0,100000.0,50000.0,212,1,0.0,87100.0,87100.0,-12900.0
3695,Karla Shepherd,martingale,100.0,100000.0,50000.0,187,1,0.0,38200.0,38200.0,-61800.0
3696,Ronald Morris,martingale,100.0,100000.0,50000.0,566,2,0.0,126500.0,126500.0,26500.0
3697,Genesis Estrada,martingale,100.0,100000.0,50000.0,437,4,0.0,112200.0,112200.0,12200.0
3698,Phoenix Brewer,martingale,100.0,100000.0,50000.0,394,2,0.0,104700.0,104700.0,4700.0
3699,Thea Richards,martingale,100.0,100000.0,50000.0,153,2,0.0,69700.0,69700.0,-30300.0
3700,Holden Garrett,martingale,100.0,100000.0,50000.0,652,1,0.0,120900.0,120900.0,20900.0
3701,Tessa Dorsey,martingale,100.0,100000.0,50000.0,424,1,0.0,104900.0,104900.0,4900.0
3702,Enoch Jensen,martingale,100.0,100000.0,50000.0,507,3,0.0,112500.0,112500.0,12500.0
3703,Jane Wilkinson,martingale,100.0,100000.0,50000.0,728,1,0.0,137100.0,137100.0,37100.0
3704,Leonard McCarthy,martingale,100.0,100000.0,50000.0,534,2,0.0,102600.0,102600.0,2600.0
3705,Kira Guzman,martingale,100.0,100000.0,50000.0,430,2,0.0,100800.0,100800.0,800.0
3706,Jude Yu,martingale,100.0,100000.0,50000.0,344,2,0.0,90900.0,90900.0,-9100.0
3707,Navy Olsen,martingale,100.0,100000.0,50000.0,170,1,0.0,47700.0,47700.0,-52300.0
3708,Skyler Martinez,martingale,100.0,100000.0,50000.0,373,1,0.0,114900.0,114900.0,14900.0
3709,Harper Blake,martingale,100.0,100000.0,50000.0,350,3,0.0,82100.0,82100.0,-17900.0
3710,Zyaire Armstrong,martingale,100.0,100000.0,50000.0,481,2,0.0,86700.0,86700.0,-13300.0
3711,Presley Stone,martingale,100.0,100000.0,50000.0,177,1,0.0,30200.0,30200.0,-69800.0
3712,Finn Vo,martingale,100.0,100000.0,50000.0,470,1,0.0,89200.0,89200.0,-10800.0
3713,Artemis Livingston,martingale,100.0,100000.0,50000.0,317,2,0.0,93700.0,93700.0,-6300.0
3714,Ambrose Robinson,martingale,100.0,100000.0,50000.0,623,1,0.0,126200.0,126200.0,26200.0
3715,Nora Gould,martingale,100.0,100000.0,50000.0,193,1,0.0,47600.0,47600.0,-52400.0
3716,Blaine Mason,martingale,100.0,100000.0,50000.0,576,1,0.0,120900.0,120900.0,20900.0
3717,Sienna Valenzuela,martingale,100.0,100000.0,50000.0,570,1,0.0,108600.0,108600.0,8600.0
3718,Jamari Harrison,martingale,100.0,100000.0,50000.0,519,1,0.0,115900.0,115900.0,15900.0
3719,Jasmine Gentry,martingale,100.0,100000.0,50000.0,177,1,0.0,38600.0,38600.0,-61400.0
3720,Magnus Walters,martingale,100.0,100000.0,50000.0,566,1,0.0,120800.0,120800.0,20800.0
3721,Samara Reynolds,martingale,100.0,100000.0,50000.0,223,1,0.0,42000.0,42000.0,-58000.0
3722,Vincent Thomas,martingale,100.0,100000.0,50000.0,131,2,0.0,57200.0,57200.0,-42800.0
3723,Elizabeth Chapman,martingale,100.0,100000.0,50000.0,742,1,0.0,134100.0,134100.0,34100.0
3724,Knox Rosales,martingale,100.0,100000.0,50000.0,514,2,0.0,124900.0,124900.0,24900.0
3725,Kinley Randolph,martingale,100.0,100000.0,50000.0,280,3,0.0,94900.0,94900.0,-5100.0
3726,Eugene Hicks,martingale,100.0,100000.0,50000.0,476,3,0.0,115600.0,115600.0,15600.0
3727,Alina Reynolds,martingale,100.0,100000.0,50000.0,746,3,0.0,137900.0,137900.0,37900.0
3728,Vincent McGee,martingale,100.0,100000.0,50000.0,262,1,0.0,81000.0,81000.0,-19000.0
3729,Kayleigh Hahn,martingale,100.0,100000.0,50000.0,427,1,0.0,104700.0,104700.0,4700.0
3730,Kabir Mitchell,martingale,100.0,100000.0,50000.0,529,1,0.0,108200.0,108200.0,8200.0
3731,Willow Koch,martingale,100.0,100000.0,50000.0,193,4,0.0,66500.0,66500.0,-33500.0
3732,Salvador Hardy,martingale,100.0,100000.0,50000.0,383,2,0.0,82800.0,82800.0,-17200.0
3733,Jessica Vargas,martingale,100.0,100000.0,50000.0,581,3,0.0,106700.0,106700.0,6700.0
3734,Ryker Booth,martingale,100.0,100000.0,50000.0,369,2,0.0,113700.0,113700.0,13700.0
3735,Zariyah Nguyen,martingale,100.0,100000.0,50000.0,459,1,0.0,114500.0,114500.0,14500.0
3736,Gabriel Magana,martingale,100.0,100000.0,50000.0,589,1,0.0,107000.0,107000.0,7000.0
3737,Amaris Howard,martingale,100.0,100000.0,50000.0,374,1,0.0,107700.0,107700.0,7700.0
3738,Jeremiah Curtis,martingale,100.0,100000.0,50000.0,209,1,0.0,41200.0,41200.0,-58800.0
3739,Alexis Carson,martingale,100.0,100000.0,50000.0,178,1,0.0,30100.0,30100.0,-69900.0
3740,Ares Gutierrez,martingale,100.0,100000.0,50000.0,25,1,0.0,1900.0,1900.0,-98100.0
3741,Savannah Fields,martingale,100.0,100000.0,50000.0,17,1,0.0,3300.0,3300.0,-96700.0
3742,Clayton Michael,martingale,100.0,100000.0,50000.0,699,2,0.0,123200.0,123200.0,23200.0
3743,Aubriella Miller,martingale,100.0,100000.0,50000.0,490,1,0.0,119400.0,119400.0,19400.0
3744,Benjamin Watson,martingale,100.0,100000.0,50000.0,233,2,0.0,98500.0,98500.0,-1500.0
3745,Hailey Welch,martingale,100.0,100000.0,50000.0,467,2,0.0,121300.0,121300.0,21300.0
3746,Hendrix Li,martingale,100.0,100000.0,50000.0,71,1,0.0,13700.0,13700.0,-86300.0
3747,Paige Coffey,martingale,100.0,100000.0,50000.0,414,1,0.0,86800.0,86800.0,-13200.0
3748,Kody Palacios,martingale,100.0,100000.0,50000.0,193,1,0.0,61100.0,61100.0,-38900.0
3749,Bria Warren,martingale,100.0,100000.0,50000.0,528,3,0.0,101400.0,101400.0,1400.0
3750,Abel Sosa,martingale,100.0,100000.0,50000.0,664,1,0.0,128300.0,128300.0,28300.0
3751,Cassandra Benitez,martingale,100.0,100000.0,50000.0,716,1,0.0,127500.0,127500.0,27500.0
3752,Justice Gutierrez,martingale,100.0,100000.0,50000.0,392,2,0.0,87000.0,87000.0,-13000.0
3753,Savannah Shields,martingale,100.0,100000.0,50000.0,363,2,0.0,114300.0,114300.0,14300.0
3754,Devon Schmidt,martingale,100.0,100000.0,50000.0,425,1,0.0,120700.0,120700.0,20700.0
3755,Kimberly Reese,martingale,100.0,100000.0,50000.0,492,1,0.0,108600.0,108600.0,8600.0
3756,Alijah Pearson,martingale,100.0,100000.0,50000.0,748,0,0.0,139000.0,139000.0,39000.0
3757,Kiara Mora,martingale,100.0,100000.0,50000.0,400,1,0.0,85100.0,85100.0,-14900.0
3758,Arturo Friedman,martingale,100.0,100000.0,50000.0,536,1,0.0,124700.0,124700.0,24700.0
3759,Aspyn Gaines,martingale,100.0,100000.0,50000.0,271,1,0.0,112600.0,112600.0,12600.0
3760,Talon Perez,martingale,100.0,100000.0,50000.0,603,1,0.0,112700.0,112700.0,12700.0
3761,Eleanor Hendricks,martingale,100.0,100000.0,50000.0,691,1,0.0,122300.0,122300.0,22300.0
3762,Dash Mahoney,martingale,100.0,100000.0,50000.0,375,2,0.0,76200.0,76200.0,-23800.0
3763,Promise Griffith,martingale,100.0,100000.0,50000.0,187,2,0.0,69200.0,69200.0,-30800.0
3764,Franklin Atkins,martingale,100.0,100000.0,50000.0,595,3,0.0,122200.0,122200.0,22200.0
3765,Mina Middleton,martingale,100.0,100000.0,50000.0,208,1,0.0,39700.0,39700.0,-60300.0
3766,Misael Person,martingale,100.0,100000.0,50000.0,368,1,0.0,96000.0,96000.0,-4000.0
3767,Dylan Warren,martingale,100.0,100000.0,50000.0,449,1,0.0,104300.0,104300.0,4300.0
3768,Abel Barnes,martingale,100.0,100000.0,50000.0,409,2,0.0,78900.0,78900.0,-21100.0
3769,Liliana Wells,martingale,100.0,100000.0,50000.0,514,3,0.0,124400.0,124400.0,24400.0
3770,Max McDonald,martingale,100.0,100000.0,50000.0,219,1,0.0,38200.0,38200.0,-61800.0
3771,Daisy Gallegos,martingale,100.0,100000.0,50000.0,569,1,0.0,127500.0,127500.0,27500.0
3772,Jonas Phan,martingale,100.0,100000.0,50000.0,398,2,0.0,108000.0,108000.0,8000.0
3773,Elsa Valentine,martingale,100.0,100000.0,50000.0,508,2,0.0,114300.0,114300.0,14300.0
3774,Demetrius Chung,martingale,100.0,100000.0,50000.0,486,2,0.0,118400.0,118400.0,18400.0
3775,Rivka Crane,martingale,100.0,100000.0,50000.0,561,2,0.0,108900.0,108900.0,8900.0
3776,Fox Villegas,martingale,100.0,100000.0,50000.0,368,2,0.0,104100.0,104100.0,4100.0
3777,Jessie McMahon,martingale,100.0,100000.0,50000.0,253,2,0.0,101200.0,101200.0,1200.0
3778,Jakob Collins,martingale,100.0,100000.0,50000.0,318,2,0.0,105100.0,105100.0,5100.0
3779,Kinsley Buchanan,martingale,100.0,100000.0,50000.0,529,1,0.0,122300.0,122300.0,22300.0
3780,Enrique Lee,martingale,100.0,100000.0,50000.0,409,1,0.0,102200.0,102200.0,2200.0
3781,Scarlett Mann,martingale,100.0,100000.0,50000.0,594,1,0.0,105800.0,105800.0,5800.0
3782,Nehemiah Humphrey,martingale,100.0,100000.0,50000.0,437,1,0.0,115500.0,115500.0,15500.0
3783,Journi Ponce,martingale,100.0,100000.0,50000.0,610,1,0.0,108500.0,108500.0,8500.0
3784,Langston Stark,martingale,100.0,100000.0,50000.0,313,1,0.0,107700.0,107700.0,7700.0
3785,Kamilah Grant,martingale,100.0,100000.0,50000.0,224,4,0.0,71300.0,71300.0,-28700.0
3786,Leon Bowman,martingale,100.0,100000.0,50000.0,543,3,0.0,115700.0,115700.0,15700.0
3787,Fiona Dejesus,martingale,100.0,100000.0,50000.0,50,1,0.0,29400.0,29400.0,-70600.0
3788,Rio Fleming,martingale,100.0,100000.0,50000.0,668,2,0.0,121400.0,121400.0,21400.0
3789,Fatima Randall,martingale,100.0,100000.0,50000.0,572,4,0.0,116900.0,116900.0,16900.0
3790,Trenton Estes,martingale,100.0,100000.0,50000.0,344,3,0.0,107600.0,107600.0,7600.0
3791,Brittany Carson,martingale,100.0,100000.0,50000.0,321,1,0.0,83400.0,83400.0,-16600.0
3792,Ares Rich,martingale,100.0,100000.0,50000.0,579,3,0.0,127200.0,127200.0,27200.0
3793,Sunny Gilbert,martingale,100.0,100000.0,50000.0,481,2,0.0,122200.0,122200.0,22200.0
3794,Tobias Wagner,martingale,100.0,100000.0,50000.0,359,2,0.0,91400.0,91400.0,-8600.0
3795,Maeve Hodge,martingale,100.0,100000.0,50000.0,499,3,0.0,115400.0,115400.0,15400.0
3796,Reign Wells,martingale,100.0,100000.0,50000.0,675,1,0.0,128700.0,128700.0,28700.0
3797,Cecilia Harding,martingale,100.0,100000.0,50000.0,298,4,0.0,76000.0,76000.0,-24000.0
3798,Brodie Conley,martingale,100.0,100000.0,50000.0,131,1,0.0,28500.0,28500.0,-71500.0
3799,Salem Alvarez,martingale,100.0,100000.0,50000.0,493,2,0.0,86600.0,86600.0,-13400.0
3800,Xavier Cochran,martingale,100.0,100000.0,50000.0,452,2,0.0,116000.0,116000.0,16000.0
3801,Alma Payne,martingale,100.0,100000.0,50000.0,29,1,0.0,4600.0,4600.0,-95400.0
3802,Edward Boyd,martingale,100.0,100000.0,50000.0,442,2,0.0,112900.0,112900.0,12900.0
3803,Georgia Sheppard,martingale,100.0,100000.0,50000.0,45,2,0.0,52500.0,52500.0,-47500.0
3804,Trent Mack,martingale,100.0,100000.0,50000.0,544,1,0.0,97100.0,97100.0,-2900.0
3805,Nadia Salinas,martingale,100.0,100000.0,50000.0,437,1,0.0,88700.0,88700.0,-11300.0
3806,Edgar Sims,martingale,100.0,100000.0,50000.0,406,3,0.0,108500.0,108500.0,8500.0
3807,Lena Marshall,martingale,100.0,100000.0,50000.0,353,3,0.0,98900.0,98900.0,-1100.0
3808,Kaiden Shields,martingale,100.0,100000.0,50000.0,549,1,0.0,99200.0,99200.0,-800.0
3809,Analia McCann,martingale,100.0,100000.0,50000.0,633,1,0.0,128400.0,128400.0,28400.0
3810,Heath Castaneda,martingale,100.0,100000.0,50000.0,593,2,0.0,129000.0,129000.0,29000.0
3811,Keira Hail,martingale,100.0,100000.0,50000.0,799,2,0.0,140500.0,140500.0,40500.0
3812,Hector Jennings,martingale,100.0,100000.0,50000.0,243,2,0.0,89100.0,89100.0,-10900.0
3813,Palmer McDaniel,martingale,100.0,100000.0,50000.0,777,2,0.0,140200.0,140200.0,40200.0
3814,Major Avery,martingale,100.0,100000.0,50000.0,375,4,0.0,83000.0,83000.0,-17000.0
3815,Meghan Mendoza,martingale,100.0,100000.0,50000.0,522,1,0.0,122100.0,122100.0,22100.0
3816,Dominic Whitehead,martingale,100.0,100000.0,50000.0,433,1,0.0,99100.0,99100.0,-900.0
3817,Sylvie Vargas,martingale,100.0,100000.0,50000.0,551,2,0.0,120500.0,120500.0,20500.0
3818,Ryker Cano,martingale,100.0,100000.0,50000.0,437,5,0.0,104600.0,104600.0,4600.0
3819,Egypt Costa,martingale,100.0,100000.0,50000.0,348,3,0.0,84800.0,84800.0,-15200.0
3820,Kenji Shannon,martingale,100.0,100000.0,50000.0,451,1,0.0,114700.0,114700.0,14700.0
3821,Harlee Roth,martingale,100.0,100000.0,50000.0,265,1,0.0,40800.0,40800.0,-59200.0
3822,Roy Vance,martingale,100.0,100000.0,50000.0,58,1,0.0,5600.0,5600.0,-94400.0
3823,Maxine Gray,martingale,100.0,100000.0,50000.0,594,2,0.0,128300.0,128300.0,28300.0
3824,Nicholas Morris,martingale,100.0,100000.0,50000.0,375,1,0.0,77100.0,77100.0,-22900.0
3825,Genesis Cooper,martingale,100.0,100000.0,50000.0,373,2,0.0,81100.0,81100.0,-18900.0
3826,Jonathan Sparks,martingale,100.0,100000.0,50000.0,282,1,0.0,50300.0,50300.0,-49700.0
3827,Aisha Costa,martingale,100.0,100000.0,50000.0,546,1,0.0,110400.0,110400.0,10400.0
3828,Kenji Bryant,martingale,100.0,100000.0,50000.0,564,1,0.0,124900.0,124900.0,24900.0
3829,Parker Fitzpatrick,martingale,100.0,100000.0,50000.0,408,1,0.0,109500.0,109500.0,9500.0
3830,Blaze Lin,martingale,100.0,100000.0,50000.0,496,2,0.0,117700.0,117700.0,17700.0
3831,Makenna Pittman,martingale,100.0,100000.0,50000.0,622,2,0.0,129600.0,129600.0,29600.0
3832,Valentino Jackson,martingale,100.0,100000.0,50000.0,117,2,0.0,60900.0,60900.0,-39100.0
3833,Avery Moss,martingale,100.0,100000.0,50000.0,494,1,0.0,90900.0,90900.0,-9100.0
3834,Porter Booker,martingale,100.0,100000.0,50000.0,460,1,0.0,120200.0,120200.0,20200.0
3835,Nataly Sheppard,martingale,100.0,100000.0,50000.0,228,1,0.0,60800.0,60800.0,-39200.0
3836,Trent Sharp,martingale,100.0,100000.0,50000.0,445,1,0.0,115500.0,115500.0,15500.0
3837,Camryn Roth,martingale,100.0,100000.0,50000.0,555,1,0.0,125500.0,125500.0,25500.0
3838,Roy Woods,martingale,100.0,100000.0,50000.0,477,2,0.0,98300.0,98300.0,-1700.0
3839,Reese Newton,martingale,100.0,100000.0,50000.0,692,1,0.0,129700.0,129700.0,29700.0
3840,Santino Giles,martingale,100.0,100000.0,50000.0,372,2,0.0,91300.0,91300.0,-8700.0
3841,Bailee Rich,martingale,100.0,100000.0,50000.0,589,3,0.0,124500.0,124500.0,24500.0
3842,Miller Carey,martingale,100.0,100000.0,50000.0,222,5,0.0,80600.0,80600.0,-19400.0
3843,Alora Byrd,martingale,100.0,100000.0,50000.0,286,1,0.0,67500.0,67500.0,-32500.0
3844,Cristian Bradshaw,martingale,100.0,100000.0,50000.0,214,1,0.0,47600.0,47600.0,-52400.0
3845,Berkley Gilbert,martingale,100.0,100000.0,50000.0,473,1,0.0,121800.0,121800.0,21800.0
3846,Tobias Gillespie,martingale,100.0,100000.0,50000.0,310,5,0.0,75400.0,75400.0,-24600.0
3847,Alianna Wagner,martingale,100.0,100000.0,50000.0,195,1,0.0,41900.0,41900.0,-58100.0
3848,Enzo Yoder,martingale,100.0,100000.0,50000.0,674,2,0.0,132000.0,132000.0,32000.0
3849,Emerie Porter,martingale,100.0,100000.0,50000.0,785,3,0.0,139500.0,139500.0,39500.0
3850,Rhett Villarreal,martingale,100.0,100000.0,50000.0,185,1,0.0,70600.0,70600.0,-29400.0
3851,Jazlyn Cherry,martingale,100.0,100000.0,50000.0,592,1,0.0,118700.0,118700.0,18700.0
3852,Rome Carrillo,martingale,100.0,100000.0,50000.0,726,2,0.0,134700.0,134700.0,34700.0
3853,Kaylani Church,martingale,100.0,100000.0,50000.0,541,2,0.0,113300.0,113300.0,13300.0
3854,Terrance Hammond,martingale,100.0,100000.0,50000.0,401,1,0.0,117900.0,117900.0,17900.0
3855,Holly Buchanan,martingale,100.0,100000.0,50000.0,242,2,0.0,64500.0,64500.0,-35500.0
3856,Enrique Newton,martingale,100.0,100000.0,50000.0,570,2,0.0,126000.0,126000.0,26000.0
3857,Braelynn Barrett,martingale,100.0,100000.0,50000.0,315,3,0.0,87000.0,87000.0,-13000.0
3858,Angelo Branch,martingale,100.0,100000.0,50000.0,494,1,0.0,91300.0,91300.0,-8700.0
3859,Luisa Allen,martingale,100.0,100000.0,50000.0,110,1,0.0,16200.0,16200.0,-83800.0
3860,Carter Berry,martingale,100.0,100000.0,50000.0,526,1,0.0,123700.0,123700.0,23700.0
3861,Annabelle Matthews,martingale,100.0,100000.0,50000.0,531,3,0.0,114300.0,114300.0,14300.0
3862,Preston Benjamin,martingale,100.0,100000.0,50000.0,460,1,0.0,101200.0,101200.0,1200.0
3863,Jianna Leon,martingale,100.0,100000.0,50000.0,732,3,0.0,136100.0,136100.0,36100.0
3864,Marshall Hartman,martingale,100.0,100000.0,50000.0,616,1,0.0,125700.0,125700.0,25700.0
3865,Kennedi Armstrong,martingale,100.0,100000.0,50000.0,147,1,0.0,23800.0,23800.0,-76200.0
3866,Grant Henderson,martingale,100.0,100000.0,50000.0,376,2,0.0,116800.0,116800.0,16800.0
3867,Maria Vasquez,martingale,100.0,100000.0,50000.0,232,1,0.0,45700.0,45700.0,-54300.0
3868,Rowan Delgado,martingale,100.0,100000.0,50000.0,340,1,0.0,98700.0,98700.0,-1300.0
3869,Alani Dodson,martingale,100.0,100000.0,50000.0,624,1,0.0,130500.0,130500.0,30500.0
3870,Seven Kline,martingale,100.0,100000.0,50000.0,683,1,0.0,130900.0,130900.0,30900.0
3871,Sevyn Adkins,martingale,100.0,100000.0,50000.0,364,3,0.0,109600.0,109600.0,9600.0
3872,Kylo McCormick,martingale,100.0,100000.0,50000.0,165,1,0.0,55900.0,55900.0,-44100.0
3873,Macie Horn,martingale,100.0,100000.0,50000.0,51,1,0.0,5400.0,5400.0,-94600.0
3874,Wilson George,martingale,100.0,100000.0,50000.0,166,1,0.0,43900.0,43900.0,-56100.0
3875,Adelyn Hughes,martingale,100.0,100000.0,50000.0,366,1,0.0,95600.0,95600.0,-4400.0
3876,Everett Whitney,martingale,100.0,100000.0,50000.0,272,5,0.0,73600.0,73600.0,-26400.0
3877,Madalynn Mays,martingale,100.0,100000.0,50000.0,575,1,0.0,122000.0,122000.0,22000.0
3878,Jadiel Norman,martingale,100.0,100000.0,50000.0,314,3,0.0,76900.0,76900.0,-23100.0
3879,Malani Jenkins,martingale,100.0,100000.0,50000.0,102,1,0.0,16600.0,16600.0,-83400.0
3880,Declan Robertson,martingale,100.0,100000.0,50000.0,504,1,0.0,115300.0,115300.0,15300.0
3881,Harmony Cole,martingale,100.0,100000.0,50000.0,568,1,0.0,122900.0,122900.0,22900.0
3882,Nathaniel Walton,martingale,100.0,100000.0,50000.0,603,2,0.0,112500.0,112500.0,12500.0
3883,Scarlet Bullock,martingale,100.0,100000.0,50000.0,10,1,0.0,0.0,0.0,-100000.0
3884,Ben Trevino,martingale,100.0,100000.0,50000.0,531,2,0.0,124800.0,124800.0,24800.0
3885,Priscilla Leon,martingale,100.0,100000.0,50000.0,533,3,0.0,101300.0,101300.0,1300.0
3886,Marshall Contreras,martingale,100.0,100000.0,50000.0,680,4,0.0,129100.0,129100.0,29100.0
3887,Daniela Hendrix,martingale,100.0,100000.0,50000.0,446,1,0.0,117900.0,117900.0,17900.0
3888,Korbyn Quintana,martingale,100.0,100000.0,50000.0,609,2,0.0,125700.0,125700.0,25700.0
3889,Kenia Woodard,martingale,100.0,100000.0,50000.0,467,1,0.0,117500.0,117500.0,17500.0
3890,Westley Sweeney,martingale,100.0,100000.0,50000.0,401,1,0.0,113300.0,113300.0,13300.0
3891,Yara Mayer,martingale,100.0,100000.0,50000.0,264,2,0.0,96400.0,96400.0,-3600.0
3892,Yahir Contreras,martingale,100.0,100000.0,50000.0,705,1,0.0,129500.0,129500.0,29500.0
3893,Daniela Lam,martingale,100.0,100000.0,50000.0,413,1,0.0,90100.0,90100.0,-9900.0
3894,Bodie Carrillo,martingale,100.0,100000.0,50000.0,323,1,0.0,85800.0,85800.0,-14200.0
3895,Kaylani Blackburn,martingale,100.0,100000.0,50000.0,257,2,0.0,65500.0,65500.0,-34500.0
3896,Zahir Avalos,martingale,100.0,100000.0,50000.0,598,1,0.0,128500.0,128500.0,28500.0
3897,Paloma Willis,martingale,100.0,100000.0,50000.0,365,1,0.0,88000.0,88000.0,-12000.0
3898,Remington Snyder,martingale,100.0,100000.0,50000.0,627,2,0.0,127200.0,127200.0,27200.0
3899,Callie King,martingale,100.0,100000.0,50000.0,347,3,0.0,104400.0,104400.0,4400.0
3900,Julian Leon,martingale,100.0,100000.0,50000.0,381,1,0.0,79300.0,79300.0,-20700.0
3901,Amora Daniels,martingale,100.0,100000.0,50000.0,536,1,0.0,90000.0,90000.0,-10000.0
3902,Xander Schmitt,martingale,100.0,100000.0,50000.0,519,1,0.0,116200.0,116200.0,16200.0
3903,Queen Beasley,martingale,100.0,100000.0,50000.0,541,1,0.0,121900.0,121900.0,21900.0
3904,Stanley Santos,martingale,100.0,100000.0,50000.0,306,2,0.0,77100.0,77100.0,-22900.0
3905,Alana Horn,martingale,100.0,100000.0,50000.0,413,4,0.0,106200.0,106200.0,6200.0
3906,Wilson Harrison,martingale,100.0,100000.0,50000.0,539,1,0.0,120200.0,120200.0,20200.0
3907,Jasmine Villalobos,martingale,100.0,100000.0,50000.0,570,3,0.0,121100.0,121100.0,21100.0
3908,Reuben Calhoun,martingale,100.0,100000.0,50000.0,409,1,0.0,82100.0,82100.0,-17900.0
3909,Thalia Solomon,martingale,100.0,100000.0,50000.0,665,2,0.0,125900.0,125900.0,25900.0
3910,Musa Day,martingale,100.0,100000.0,50000.0,451,2,0.0,120900.0,120900.0,20900.0
3911,Hayden Pierce,martingale,100.0,100000.0,50000.0,616,1,0.0,122800.0,122800.0,22800.0
3912,Nicolas Berry,martingale,100.0,100000.0,50000.0,169,1,0.0,56800.0,56800.0,-43200.0
3913,Annabelle Correa,martingale,100.0,100000.0,50000.0,506,2,0.0,122500.0,122500.0,22500.0
3914,Zakai Simmons,martingale,100.0,100000.0,50000.0,486,1,0.0,111400.0,111400.0,11400.0
3915,Reagan Arellano,martingale,100.0,100000.0,50000.0,295,1,0.0,88500.0,88500.0,-11500.0
3916,Kellan Noble,martingale,100.0,100000.0,50000.0,698,1,0.0,134500.0,134500.0,34500.0
3917,Hunter Alexander,martingale,100.0,100000.0,50000.0,223,2,0.0,74800.0,74800.0,-25200.0
3918,Kingston Dickson,martingale,100.0,100000.0,50000.0,673,2,0.0,127400.0,127400.0,27400.0
3919,Emmalynn Wyatt,martingale,100.0,100000.0,50000.0,219,3,0.0,94600.0,94600.0,-5400.0
3920,Sam McDowell,martingale,100.0,100000.0,50000.0,397,2,0.0,112100.0,112100.0,12100.0
3921,Rayna Payne,martingale,100.0,100000.0,50000.0,27,1,0.0,3000.0,3000.0,-97000.0
3922,Edward Guerra,martingale,100.0,100000.0,50000.0,724,1,0.0,135200.0,135200.0,35200.0
3923,Edith Duffy,martingale,100.0,100000.0,50000.0,709,2,0.0,134000.0,134000.0,34000.0
3924,Kyng Bautista,martingale,100.0,100000.0,50000.0,144,1,0.0,18200.0,18200.0,-81800.0
3925,Antonella Nelson,martingale,100.0,100000.0,50000.0,520,2,0.0,100200.0,100200.0,200.0
3926,Dylan Cross,martingale,100.0,100000.0,50000.0,471,2,0.0,98300.0,98300.0,-1700.0
3927,Nayeli Rojas,martingale,100.0,100000.0,50000.0,100,1,0.0,32000.0,32000.0,-68000.0
3928,Colin Case,martingale,100.0,100000.0,50000.0,252,1,0.0,91500.0,91500.0,-8500.0
3929,Cleo Graves,martingale,100.0,100000.0,50000.0,434,1,0.0,121400.0,121400.0,21400.0
3930,Cesar Erickson,martingale,100.0,100000.0,50000.0,394,3,0.0,111500.0,111500.0,11500.0
3931,Sabrina Melton,martingale,100.0,100000.0,50000.0,592,2,0.0,117700.0,117700.0,17700.0
3932,Lennon Hayes,martingale,100.0,100000.0,50000.0,181,1,0.0,40600.0,40600.0,-59400.0
3933,Iris Bishop,martingale,100.0,100000.0,50000.0,24,1,0.0,1900.0,1900.0,-98100.0
3934,Paxton Castro,martingale,100.0,100000.0,50000.0,432,1,0.0,108800.0,108800.0,8800.0
3935,Eloise Harmon,martingale,100.0,100000.0,50000.0,567,2,0.0,106300.0,106300.0,6300.0
3936,Roberto Rocha,martingale,100.0,100000.0,50000.0,702,2,0.0,134500.0,134500.0,34500.0
3937,Emmie Shah,martingale,100.0,100000.0,50000.0,622,0,0.0,129800.0,129800.0,29800.0
3938,Zain Silva,martingale,100.0,100000.0,50000.0,413,1,0.0,109000.0,109000.0,9000.0
3939,Lucia Barajas,martingale,100.0,100000.0,50000.0,307,1,0.0,98500.0,98500.0,-1500.0
3940,Brennan Gutierrez,martingale,100.0,100000.0,50000.0,317,4,0.0,104700.0,104700.0,4700.0
3941,Savannah Gonzalez,martingale,100.0,100000.0,50000.0,202,1,0.0,38300.0,38300.0,-61700.0
3942,Ethan Esquivel,martingale,100.0,100000.0,50000.0,627,3,0.0,131300.0,131300.0,31300.0
3943,Jaylee McMahon,martingale,100.0,100000.0,50000.0,635,2,0.0,126100.0,126100.0,26100.0
3944,Jakob Aguilar,martingale,100.0,100000.0,50000.0,600,1,0.0,115200.0,115200.0,15200.0
3945,Josie Estes,martingale,100.0,100000.0,50000.0,95,1,0.0,25300.0,25300.0,-74700.0
3946,Hakeem Patterson,martingale,100.0,100000.0,50000.0,429,3,0.0,112800.0,112800.0,12800.0
3947,Kaylee Dixon,martingale,100.0,100000.0,50000.0,405,1,0.0,95900.0,95900.0,-4100.0
3948,Camden Butler,martingale,100.0,100000.0,50000.0,336,2,0.0,92400.0,92400.0,-7600.0
3949,Athena Harding,martingale,100.0,100000.0,50000.0,433,2,0.0,96600.0,96600.0,-3400.0
3950,Brodie Beil,martingale,100.0,100000.0,50000.0,648,1,0.0,128700.0,128700.0,28700.0
3951,Itzel Rowland,martingale,100.0,100000.0,50000.0,145,1,0.0,25100.0,25100.0,-74900.0
3952,Eliezer Medrano,martingale,100.0,100000.0,50000.0,399,3,0.0,110300.0,110300.0,10300.0
3953,Halle Kramer,martingale,100.0,100000.0,50000.0,488,1,0.0,97200.0,97200.0,-2800.0
3954,Kylan Holmes,martingale,100.0,100000.0,50000.0,512,2,0.0,122700.0,122700.0,22700.0
3955,Bailey Ross,martingale,100.0,100000.0,50000.0,569,1,0.0,122500.0,122500.0,22500.0
3956,Wesley Greer,martingale,100.0,100000.0,50000.0,48,1,0.0,19400.0,19400.0,-80600.0
3957,Reina Quintana,martingale,100.0,100000.0,50000.0,386,1,0.0,103900.0,103900.0,3900.0
3958,Kelvin Simpson,martingale,100.0,100000.0,50000.0,210,5,0.0,96800.0,96800.0,-3200.0
3959,Anastasia Keller,martingale,100.0,100000.0,50000.0,452,4,0.0,113900.0,113900.0,13900.0
3960,Nico Guerra,martingale,100.0,100000.0,50000.0,409,2,0.0,111500.0,111500.0,11500.0
3961,Edith Monroe,martingale,100.0,100000.0,50000.0,509,1,0.0,83600.0,83600.0,-16400.0
3962,Colby Calhoun,martingale,100.0,100000.0,50000.0,602,1,0.0,117100.0,117100.0,17100.0
3963,Thalia Dyer,martingale,100.0,100000.0,50000.0,238,1,0.0,35200.0,35200.0,-64800.0
3964,Atreus Leach,martingale,100.0,100000.0,50000.0,768,0,0.0,137500.0,137500.0,37500.0
3965,Martha Terry,martingale,100.0,100000.0,50000.0,506,1,0.0,117100.0,117100.0,17100.0
3966,Armani Barrett,martingale,100.0,100000.0,50000.0,299,2,0.0,97500.0,97500.0,-2500.0
3967,Kendall Barber,martingale,100.0,100000.0,50000.0,594,2,0.0,127500.0,127500.0,27500.0
3968,Solomon Roberson,martingale,100.0,100000.0,50000.0,32,1,0.0,7900.0,7900.0,-92100.0
3969,Sasha Barton,martingale,100.0,100000.0,50000.0,434,3,0.0,100500.0,100500.0,500.0
3970,Cassius Carson,martingale,100.0,100000.0,50000.0,474,4,0.0,102100.0,102100.0,2100.0
3971,Nalani Flowers,martingale,100.0,100000.0,50000.0,309,1,0.0,89500.0,89500.0,-10500.0
3972,Saul Walls,martingale,100.0,100000.0,50000.0,281,1,0.0,72900.0,72900.0,-27100.0
3973,Lilianna Leal,martingale,100.0,100000.0,50000.0,437,2,0.0,105400.0,105400.0,5400.0
3974,Cedric Gilmore,martingale,100.0,100000.0,50000.0,434,1,0.0,95200.0,95200.0,-4800.0
3975,Chanel Higgins,martingale,100.0,100000.0,50000.0,401,2,0.0,116900.0,116900.0,16900.0
3976,Sterling Simmons,martingale,100.0,100000.0,50000.0,309,1,0.0,76200.0,76200.0,-23800.0
3977,Reagan Donovan,martingale,100.0,100000.0,50000.0,515,3,0.0,120700.0,120700.0,20700.0
3978,Brayan Hess,martingale,100.0,100000.0,50000.0,331,1,0.0,73000.0,73000.0,-27000.0
3979,Kaliyah Herman,martingale,100.0,100000.0,50000.0,324,2,0.0,72300.0,72300.0,-27700.0
3980,Juelz Harmon,martingale,100.0,100000.0,50000.0,485,2,0.0,121100.0,121100.0,21100.0
3981,Maren Sanford,martingale,100.0,100000.0,50000.0,528,1,0.0,117500.0,117500.0,17500.0
3982,Truett Horn,martingale,100.0,100000.0,50000.0,502,1,0.0,111000.0,111000.0,11000.0
3983,Avah Morrison,martingale,100.0,100000.0,50000.0,226,1,0.0,36300.0,36300.0,-63700.0
3984,Maximus Buckley,martingale,100.0,100000.0,50000.0,12,1,0.0,200.0,200.0,-99800.0
3985,Theodora Good,martingale,100.0,100000.0,50000.0,531,2,0.0,123400.0,123400.0,23400.0
3986,Davian Diaz,martingale,100.0,100000.0,50000.0,711,1,0.0,131200.0,131200.0,31200.0
3987,Elena Liu,martingale,100.0,100000.0,50000.0,335,1,0.0,95000.0,95000.0,-5000.0
3988,Pedro Walter,martingale,100.0,100000.0,50000.0,435,1,0.0,82400.0,82400.0,-17600.0
3989,Penny Bryant,martingale,100.0,100000.0,50000.0,12,1,0.0,200.0,200.0,-99800.0
3990,Jonah Deleon,martingale,100.0,100000.0,50000.0,537,2,0.0,115800.0,115800.0,15800.0
3991,Gabrielle Maldonado,martingale,100.0,100000.0,50000.0,453,1,0.0,101600.0,101600.0,1600.0
3992,Javier Patton,martingale,100.0,100000.0,50000.0,421,2,0.0,116000.0,116000.0,16000.0
3993,Lorelei Jackson,martingale,100.0,100000.0,50000.0,148,1,0.0,21500.0,21500.0,-78500.0
3994,Sebastian Huffman,martingale,100.0,100000.0,50000.0,440,2,0.0,104800.0,104800.0,4800.0
3995,Hayley Alvarez,martingale,100.0,100000.0,50000.0,451,2,0.0,107000.0,107000.0,7000.0
3996,Xavier Salgado,martingale,100.0,100000.0,50000.0,632,2,0.0,128300.0,128300.0,28300.0
3997,Avalynn Newton,martingale,100.0,100000.0,50000.0,547,1,0.0,112500.0,112500.0,12500.0
3998,Santino Bravo,martingale,100.0,100000.0,50000.0,516,1,0.0,123200.0,123200.0,23200.0
3999,Amoura Gilbert,martingale,100.0,100000.0,50000.0,229,1,0.0,40100.0,40100.0,-59900.0
4000,Tobias Bowers,martingale,100.0,100000.0,50000.0,129,1,0.0,34100.0,34100.0,-65900.0
4001,Rosalie Montgomery,martingale,100.0,100000.0,50000.0,391,2,0.0,116000.0,116000.0,16000.0
4002,Maximiliano Huang,martingale,100.0,100000.0,50000.0,175,4,0.0,80100.0,80100.0,-19900.0
4003,Francesca Browning,martingale,100.0,100000.0,50000.0,450,1,0.0,93300.0,93300.0,-6700.0
4004,Rohan Johns,martingale,100.0,100000.0,50000.0,417,2,0.0,119400.0,119400.0,19400.0
4005,Giovanna Small,martingale,100.0,100000.0,50000.0,379,1,0.0,110900.0,110900.0,10900.0
4006,Rudy Carr,martingale,100.0,100000.0,50000.0,310,1,0.0,66100.0,66100.0,-33900.0
4007,Rowan Martinez,martingale,100.0,100000.0,50000.0,438,1,0.0,86800.0,86800.0,-13200.0
4008,Alexander Gates,martingale,100.0,100000.0,50000.0,473,1,0.0,110500.0,110500.0,10500.0
4009,Melina Stevenson,martingale,100.0,100000.0,50000.0,479,1,0.0,83000.0,83000.0,-17000.0
4010,Callan Francis,martingale,100.0,100000.0,50000.0,492,2,0.0,123400.0,123400.0,23400.0
4011,Daniella Benton,martingale,100.0,100000.0,50000.0,682,1,0.0,131400.0,131400.0,31400.0
4012,Jamal Lozano,martingale,100.0,100000.0,50000.0,573,1,0.0,125200.0,125200.0,25200.0
4013,Cecelia Mahoney,martingale,100.0,100000.0,50000.0,295,3,0.0,88500.0,88500.0,-11500.0
4014,Kamryn Phillips,martingale,100.0,100000.0,50000.0,321,1,0.0,85400.0,85400.0,-14600.0
4015,Naomi Bailey,martingale,100.0,100000.0,50000.0,357,2,0.0,110700.0,110700.0,10700.0
4016,Axel Myers,martingale,100.0,100000.0,50000.0,437,2,0.0,100300.0,100300.0,300.0
4017,Lydia McCann,martingale,100.0,100000.0,50000.0,69,1,0.0,50900.0,50900.0,-49100.0
4018,Heath Castro,martingale,100.0,100000.0,50000.0,433,1,0.0,78200.0,78200.0,-21800.0
4019,Eloise Sellers,martingale,100.0,100000.0,50000.0,509,1,0.0,110500.0,110500.0,10500.0
4020,Madden McClure,martingale,100.0,100000.0,50000.0,401,1,0.0,80700.0,80700.0,-19300.0
4021,Estella Blevins,martingale,100.0,100000.0,50000.0,62,1,0.0,12100.0,12100.0,-87900.0
4022,Avi Christensen,martingale,100.0,100000.0,50000.0,459,1,0.0,88500.0,88500.0,-11500.0
4023,Carmen Andersen,martingale,100.0,100000.0,50000.0,362,2,0.0,110700.0,110700.0,10700.0
4024,Alistair McIntosh,martingale,100.0,100000.0,50000.0,512,1,0.0,106300.0,106300.0,6300.0
4025,Gwen Shaw,martingale,100.0,100000.0,50000.0,473,2,0.0,82300.0,82300.0,-17700.0
4026,Elliot Carson,martingale,100.0,100000.0,50000.0,19,1,0.0,1100.0,1100.0,-98900.0
4027,Nalani Chavez,martingale,100.0,100000.0,50000.0,80,1,0.0,17900.0,17900.0,-82100.0
4028,Ian Frederick,martingale,100.0,100000.0,50000.0,674,3,0.0,130700.0,130700.0,30700.0
4029,Sariyah Hickman,martingale,100.0,100000.0,50000.0,566,1,0.0,107000.0,107000.0,7000.0
4030,Jakobe Jensen,martingale,100.0,100000.0,50000.0,17,1,0.0,1200.0,1200.0,-98800.0
4031,Jane Nichols,martingale,100.0,100000.0,50000.0,213,1,0.0,32200.0,32200.0,-67800.0
4032,Atlas Pitts,martingale,100.0,100000.0,50000.0,172,1,0.0,44500.0,44500.0,-55500.0
4033,Nala Guzman,martingale,100.0,100000.0,50000.0,55,1,0.0,19800.0,19800.0,-80200.0
4034,Jude Floyd,martingale,100.0,100000.0,50000.0,327,2,0.0,100600.0,100600.0,600.0
4035,Yaretzi Fitzgerald,martingale,100.0,100000.0,50000.0,573,4,0.0,122700.0,122700.0,22700.0
4036,Peyton Roy,martingale,100.0,100000.0,50000.0,397,1,0.0,108300.0,108300.0,8300.0
4037,Savanna Hancock,martingale,100.0,100000.0,50000.0,326,1,0.0,87100.0,87100.0,-12900.0
4038,Rex Austin,martingale,100.0,100000.0,50000.0,702,1,0.0,119500.0,119500.0,19500.0
4039,Alivia Tang,martingale,100.0,100000.0,50000.0,499,2,0.0,123300.0,123300.0,23300.0
4040,Rogelio Wang,martingale,100.0,100000.0,50000.0,326,2,0.0,97500.0,97500.0,-2500.0
4041,Kailani Herman,martingale,100.0,100000.0,50000.0,221,1,0.0,38600.0,38600.0,-61400.0
4042,Juelz Blankenship,martingale,100.0,100000.0,50000.0,454,1,0.0,110700.0,110700.0,10700.0
4043,Rosalee Atkins,martingale,100.0,100000.0,50000.0,308,1,0.0,94800.0,94800.0,-5200.0
4044,Cason Houston,martingale,100.0,100000.0,50000.0,660,0,0.0,124800.0,124800.0,24800.0
4045,Lylah Valencia,martingale,100.0,100000.0,50000.0,378,2,0.0,110000.0,110000.0,10000.0
4046,Dax Santos,martingale,100.0,100000.0,50000.0,197,3,0.0,80500.0,80500.0,-19500.0
4047,Alana Castaneda,martingale,100.0,100000.0,50000.0,543,2,0.0,125500.0,125500.0,25500.0
4048,Collin Beard,martingale,100.0,100000.0,50000.0,666,1,0.0,129000.0,129000.0,29000.0
4049,Ezra Dougherty,martingale,100.0,100000.0,50000.0,151,1,0.0,25200.0,25200.0,-74800.0
4050,Brett Kaur,martingale,100.0,100000.0,50000.0,347,2,0.0,83500.0,83500.0,-16500.0
4051,Holland Boone,martingale,100.0,100000.0,50000.0,510,2,0.0,117100.0,117100.0,17100.0
4052,Mauricio Kirby,martingale,100.0,100000.0,50000.0,637,2,0.0,129700.0,129700.0,29700.0
4053,Skyla Blanchard,martingale,100.0,100000.0,50000.0,696,2,0.0,133800.0,133800.0,33800.0
4054,Adler Spears,martingale,100.0,100000.0,50000.0,463,2,0.0,102100.0,102100.0,2100.0
4055,Isabela Pittman,martingale,100.0,100000.0,50000.0,472,1,0.0,109200.0,109200.0,9200.0
4056,Valentino Brady,martingale,100.0,100000.0,50000.0,264,4,0.0,104900.0,104900.0,4900.0
4057,Ryan Herring,martingale,100.0,100000.0,50000.0,656,1,0.0,133200.0,133200.0,33200.0
4058,Henrik Maldonado,martingale,100.0,100000.0,50000.0,19,1,0.0,1300.0,1300.0,-98700.0
4059,Elaina Malone,martingale,100.0,100000.0,50000.0,274,2,0.0,73100.0,73100.0,-26900.0
4060,Ruben Morales,martingale,100.0,100000.0,50000.0,652,2,0.0,130300.0,130300.0,30300.0
4061,Skylar Olson,martingale,100.0,100000.0,50000.0,44,1,0.0,5400.0,5400.0,-94600.0
4062,Malachi Murillo,martingale,100.0,100000.0,50000.0,411,1,0.0,111600.0,111600.0,11600.0
4063,Mikaela Preston,martingale,100.0,100000.0,50000.0,121,1,0.0,19300.0,19300.0,-80700.0
4064,Vincenzo Conley,martingale,100.0,100000.0,50000.0,489,3,0.0,101600.0,101600.0,1600.0
4065,Salem Cline,martingale,100.0,100000.0,50000.0,189,5,0.0,100500.0,100500.0,500.0
4066,Cullen Fields,martingale,100.0,100000.0,50000.0,407,1,0.0,106600.0,106600.0,6600.0
4067,Annie Smith,martingale,100.0,100000.0,50000.0,446,2,0.0,112600.0,112600.0,12600.0
4068,Liam Hardy,martingale,100.0,100000.0,50000.0,280,2,0.0,99800.0,99800.0,-200.0
4069,Jessica Gillespie,martingale,100.0,100000.0,50000.0,633,2,0.0,132300.0,132300.0,32300.0
4070,Forest Torres,martingale,100.0,100000.0,50000.0,284,1,0.0,96500.0,96500.0,-3500.0
4071,Violet Archer,martingale,100.0,100000.0,50000.0,640,2,0.0,122600.0,122600.0,22600.0
4072,Ephraim Reyna,martingale,100.0,100000.0,50000.0,511,1,0.0,121300.0,121300.0,21300.0
4073,Luella Bass,martingale,100.0,100000.0,50000.0,311,1,0.0,86900.0,86900.0,-13100.0
4074,Landen Mills,martingale,100.0,100000.0,50000.0,416,1,0.0,97100.0,97100.0,-2900.0
4075,June Jensen,martingale,100.0,100000.0,50000.0,408,2,0.0,110300.0,110300.0,10300.0
4076,Cash Sweeney,martingale,100.0,100000.0,50000.0,786,3,0.0,135500.0,135500.0,35500.0
4077,Yara Casey,martingale,100.0,100000.0,50000.0,102,1,0.0,15100.0,15100.0,-84900.0
4078,Armando Palmer,martingale,100.0,100000.0,50000.0,396,4,0.0,114600.0,114600.0,14600.0
4079,Juniper Mays,martingale,100.0,100000.0,50000.0,139,3,0.0,60100.0,60100.0,-39900.0
4080,Jadiel Neal,martingale,100.0,100000.0,50000.0,334,2,0.0,66000.0,66000.0,-34000.0
4081,Talia Harding,martingale,100.0,100000.0,50000.0,294,1,0.0,92100.0,92100.0,-7900.0
4082,Brodie Gould,martingale,100.0,100000.0,50000.0,402,1,0.0,75600.0,75600.0,-24400.0
4083,Violeta Peck,martingale,100.0,100000.0,50000.0,35,1,0.0,4200.0,4200.0,-95800.0
4084,Yousef Valentine,martingale,100.0,100000.0,50000.0,221,2,0.0,60500.0,60500.0,-39500.0
4085,August Reyes,martingale,100.0,100000.0,50000.0,64,1,0.0,12200.0,12200.0,-87800.0
4086,Eli Strickland,martingale,100.0,100000.0,50000.0,390,1,0.0,102500.0,102500.0,2500.0
4087,Nia Whitaker,martingale,100.0,100000.0,50000.0,503,3,0.0,117500.0,117500.0,17500.0
4088,Keith Chambers,martingale,100.0,100000.0,50000.0,334,2,0.0,102600.0,102600.0,2600.0
4089,Makayla Hansen,martingale,100.0,100000.0,50000.0,740,1,0.0,138200.0,138200.0,38200.0
4090,Charlie Donovan,martingale,100.0,100000.0,50000.0,380,1,0.0,75400.0,75400.0,-24600.0
4091,Azariah French,martingale,100.0,100000.0,50000.0,412,2,0.0,118500.0,118500.0,18500.0
4092,Corey Oliver,martingale,100.0,100000.0,50000.0,401,1,0.0,103500.0,103500.0,3500.0
4093,Camille Hoover,martingale,100.0,100000.0,50000.0,543,1,0.0,119700.0,119700.0,19700.0
4094,Jaziel Cunningham,martingale,100.0,100000.0,50000.0,506,2,0.0,125000.0,125000.0,25000.0
4095,Marley Hardin,martingale,100.0,100000.0,50000.0,336,1,0.0,103800.0,103800.0,3800.0
4096,Hassan Macdonald,martingale,100.0,100000.0,50000.0,655,1,0.0,130100.0,130100.0,30100.0
4097,Rosalia Williams,martingale,100.0,100000.0,50000.0,454,1,0.0,113200.0,113200.0,13200.0
4098,Oliver Bernal,martingale,100.0,100000.0,50000.0,524,2,0.0,118900.0,118900.0,18900.0
4099,Emmeline Robertson,martingale,100.0,100000.0,50000.0,237,1,0.0,72000.0,72000.0,-28000.0
4100,Emiliano Douglas,martingale,100.0,100000.0,50000.0,585,3,0.0,124700.0,124700.0,24700.0
4101,Aniyah Roy,martingale,100.0,100000.0,50000.0,322,3,0.0,92900.0,92900.0,-7100.0
4102,Marcelo Noble,martingale,100.0,100000.0,50000.0,261,1,0.0,49400.0,49400.0,-50600.0
4103,Hunter Stevenson,martingale,100.0,100000.0,50000.0,384,1,0.0,99900.0,99900.0,-100.0
4104,Callan Evans,martingale,100.0,100000.0,50000.0,575,1,0.0,123700.0,123700.0,23700.0
4105,Eliana Mason,martingale,100.0,100000.0,50000.0,694,2,0.0,133800.0,133800.0,33800.0
4106,Brandon Freeman,martingale,100.0,100000.0,50000.0,227,1,0.0,62100.0,62100.0,-37900.0
4107,Norah Shelton,martingale,100.0,100000.0,50000.0,537,1,0.0,112300.0,112300.0,12300.0
4108,Leonel Leon,martingale,100.0,100000.0,50000.0,424,2,0.0,116800.0,116800.0,16800.0
4109,Amora Ochoa,martingale,100.0,100000.0,50000.0,313,3,0.0,74400.0,74400.0,-25600.0
4110,Winston Roberts,martingale,100.0,100000.0,50000.0,767,2,0.0,133900.0,133900.0,33900.0
4111,Paisley Ruiz,martingale,100.0,100000.0,50000.0,306,1,0.0,94500.0,94500.0,-5500.0
4112,Austin Wolf,martingale,100.0,100000.0,50000.0,823,1,0.0,141100.0,141100.0,41100.0
4113,Jolene Beasley,martingale,100.0,100000.0,50000.0,575,2,0.0,122500.0,122500.0,22500.0
4114,Stanley Barrett,martingale,100.0,100000.0,50000.0,490,2,0.0,117400.0,117400.0,17400.0
4115,Kendall Hudson,martingale,100.0,100000.0,50000.0,455,2,0.0,115000.0,115000.0,15000.0
4116,Peter Duarte,martingale,100.0,100000.0,50000.0,287,2,0.0,92200.0,92200.0,-7800.0
4117,Kynlee Osborne,martingale,100.0,100000.0,50000.0,298,1,0.0,56200.0,56200.0,-43800.0
4118,Augustus Bowers,martingale,100.0,100000.0,50000.0,209,3,0.0,62000.0,62000.0,-38000.0
4119,Elisa Arias,martingale,100.0,100000.0,50000.0,359,2,0.0,103800.0,103800.0,3800.0
4120,Alec Hail,martingale,100.0,100000.0,50000.0,525,1,0.0,119200.0,119200.0,19200.0
4121,Lainey Barnett,martingale,100.0,100000.0,50000.0,519,3,0.0,122100.0,122100.0,22100.0
4122,Stephen Figueroa,martingale,100.0,100000.0,50000.0,323,0,0.0,110200.0,110200.0,10200.0
4123,Lilith McCoy,martingale,100.0,100000.0,50000.0,721,1,0.0,122600.0,122600.0,22600.0
4124,Jett Gonzales,martingale,100.0,100000.0,50000.0,384,1,0.0,97900.0,97900.0,-2100.0
4125,Hadley Cano,martingale,100.0,100000.0,50000.0,360,1,0.0,86300.0,86300.0,-13700.0
4126,Terry Kim,martingale,100.0,100000.0,50000.0,507,1,0.0,109200.0,109200.0,9200.0
4127,Gabriella Bruce,martingale,100.0,100000.0,50000.0,273,1,0.0,69100.0,69100.0,-30900.0
4128,Uriah Greer,martingale,100.0,100000.0,50000.0,269,1,0.0,90100.0,90100.0,-9900.0
4129,Reina English,martingale,100.0,100000.0,50000.0,667,1,0.0,128200.0,128200.0,28200.0
4130,Junior Leblanc,martingale,100.0,100000.0,50000.0,585,4,0.0,125900.0,125900.0,25900.0
4131,Novalee Conner,martingale,100.0,100000.0,50000.0,562,2,0.0,123500.0,123500.0,23500.0
4132,Phillip Mayer,martingale,100.0,100000.0,50000.0,135,2,0.0,64800.0,64800.0,-35200.0
4133,Ainhoa Franklin,martingale,100.0,100000.0,50000.0,414,1,0.0,115700.0,115700.0,15700.0
4134,Simon Sutton,martingale,100.0,100000.0,50000.0,568,2,0.0,103200.0,103200.0,3200.0
4135,Izabella Carrillo,martingale,100.0,100000.0,50000.0,500,1,0.0,122300.0,122300.0,22300.0
4136,Wade Santana,martingale,100.0,100000.0,50000.0,577,1,0.0,101800.0,101800.0,1800.0
4137,Myra Stevenson,martingale,100.0,100000.0,50000.0,453,3,0.0,108700.0,108700.0,8700.0
4138,Callan Acosta,martingale,100.0,100000.0,50000.0,190,1,0.0,52800.0,52800.0,-47200.0
4139,Kaia Guerra,martingale,100.0,100000.0,50000.0,62,1,0.0,10800.0,10800.0,-89200.0
4140,Leland Curry,martingale,100.0,100000.0,50000.0,441,1,0.0,118500.0,118500.0,18500.0
4141,Alison Gordon,martingale,100.0,100000.0,50000.0,651,1,0.0,126900.0,126900.0,26900.0
4142,Karter Sloan,martingale,100.0,100000.0,50000.0,309,3,0.0,88900.0,88900.0,-11100.0
4143,Selene Andersen,martingale,100.0,100000.0,50000.0,598,1,0.0,127200.0,127200.0,27200.0
4144,Alistair Shaffer,martingale,100.0,100000.0,50000.0,520,1,0.0,112900.0,112900.0,12900.0
4145,Alanna Glover,martingale,100.0,100000.0,50000.0,342,1,0.0,77000.0,77000.0,-23000.0
4146,Mack Reyna,martingale,100.0,100000.0,50000.0,435,1,0.0,115400.0,115400.0,15400.0
4147,Luella Hester,martingale,100.0,100000.0,50000.0,606,2,0.0,128300.0,128300.0,28300.0
4148,Rene Dodson,martingale,100.0,100000.0,50000.0,592,1,0.0,127500.0,127500.0,27500.0
4149,Etta Frank,martingale,100.0,100000.0,50000.0,501,3,0.0,112100.0,112100.0,12100.0
4150,Braylen Saunders,martingale,100.0,100000.0,50000.0,594,2,0.0,128100.0,128100.0,28100.0
4151,Meadow Collins,martingale,100.0,100000.0,50000.0,656,2,0.0,128900.0,128900.0,28900.0
4152,Miles Santana,martingale,100.0,100000.0,50000.0,462,0,0.0,120400.0,120400.0,20400.0
4153,Myra Booker,martingale,100.0,100000.0,50000.0,284,1,0.0,41100.0,41100.0,-58900.0
4154,Dominik Montoya,martingale,100.0,100000.0,50000.0,611,3,0.0,128100.0,128100.0,28100.0
4155,Kamryn Jacobs,martingale,100.0,100000.0,50000.0,696,3,0.0,111800.0,111800.0,11800.0
4156,Bryan Bryant,martingale,100.0,100000.0,50000.0,656,2,0.0,124900.0,124900.0,24900.0
4157,Parker Willis,martingale,100.0,100000.0,50000.0,289,1,0.0,91300.0,91300.0,-8700.0
4158,Remington Trujillo,martingale,100.0,100000.0,50000.0,382,3,0.0,89900.0,89900.0,-10100.0
4159,Danielle Gill,martingale,100.0,100000.0,50000.0,446,1,0.0,80900.0,80900.0,-19100.0
4160,Matthias Noble,martingale,100.0,100000.0,50000.0,565,3,0.0,125700.0,125700.0,25700.0
4161,Hunter Tanner,martingale,100.0,100000.0,50000.0,344,2,0.0,71100.0,71100.0,-28900.0
4162,Bruno Dodson,martingale,100.0,100000.0,50000.0,539,1,0.0,124600.0,124600.0,24600.0
4163,Etta Strong,martingale,100.0,100000.0,50000.0,600,1,0.0,129300.0,129300.0,29300.0
4164,Axl Robbins,martingale,100.0,100000.0,50000.0,434,1,0.0,74700.0,74700.0,-25300.0
4165,Stevie Johns,martingale,100.0,100000.0,50000.0,712,2,0.0,133500.0,133500.0,33500.0
4166,Joziah Leonard,martingale,100.0,100000.0,50000.0,370,2,0.0,85500.0,85500.0,-14500.0
4167,Demi Blanchard,martingale,100.0,100000.0,50000.0,381,1,0.0,97100.0,97100.0,-2900.0
4168,Adler Villarreal,martingale,100.0,100000.0,50000.0,705,0,0.0,133600.0,133600.0,33600.0
4169,Jazlyn Vang,martingale,100.0,100000.0,50000.0,792,1,0.0,135500.0,135500.0,35500.0
4170,Jimmy Everett,martingale,100.0,100000.0,50000.0,210,1,0.0,41600.0,41600.0,-58400.0
4171,Noah Meyer,martingale,100.0,100000.0,50000.0,493,3,0.0,116700.0,116700.0,16700.0
4172,Tristan Cruz,martingale,100.0,100000.0,50000.0,470,0,0.0,120700.0,120700.0,20700.0
4173,Claire Adkins,martingale,100.0,100000.0,50000.0,109,1,0.0,42500.0,42500.0,-57500.0
4174,Kylo Gallegos,martingale,100.0,100000.0,50000.0,58,1,0.0,8500.0,8500.0,-91500.0
4175,Ari Chase,martingale,100.0,100000.0,50000.0,507,3,0.0,120600.0,120600.0,20600.0
4176,Otis McCullough,martingale,100.0,100000.0,50000.0,413,1,0.0,75600.0,75600.0,-24400.0
4177,Hana Duffy,martingale,100.0,100000.0,50000.0,312,1,0.0,80700.0,80700.0,-19300.0
4178,Kyng Conley,martingale,100.0,100000.0,50000.0,191,3,0.0,85000.0,85000.0,-15000.0
4179,Salem Brooks,martingale,100.0,100000.0,50000.0,544,2,0.0,126800.0,126800.0,26800.0
4180,Jordan Bryant,martingale,100.0,100000.0,50000.0,609,2,0.0,119400.0,119400.0,19400.0
4181,Parker Barajas,martingale,100.0,100000.0,50000.0,428,2,0.0,112700.0,112700.0,12700.0
4182,Brennan Person,martingale,100.0,100000.0,50000.0,86,1,0.0,23900.0,23900.0,-76100.0
4183,Dylan Shelton,martingale,100.0,100000.0,50000.0,417,1,0.0,74700.0,74700.0,-25300.0
4184,Leonel Carroll,martingale,100.0,100000.0,50000.0,638,2,0.0,107300.0,107300.0,7300.0
4185,Zara Mullins,martingale,100.0,100000.0,50000.0,512,1,0.0,109200.0,109200.0,9200.0
4186,Allen Walters,martingale,100.0,100000.0,50000.0,270,1,0.0,109500.0,109500.0,9500.0
4187,Samara Barry,martingale,100.0,100000.0,50000.0,296,2,0.0,67600.0,67600.0,-32400.0
4188,Emery Horton,martingale,100.0,100000.0,50000.0,581,1,0.0,128900.0,128900.0,28900.0
4189,Aitana Shepherd,martingale,100.0,100000.0,50000.0,627,1,0.0,129500.0,129500.0,29500.0
4190,Ronald Gross,martingale,100.0,100000.0,50000.0,704,2,0.0,131900.0,131900.0,31900.0
4191,Angel Michael,martingale,100.0,100000.0,50000.0,372,2,0.0,80000.0,80000.0,-20000.0
4192,Bronson Michael,martingale,100.0,100000.0,50000.0,434,1,0.0,104200.0,104200.0,4200.0
4193,Aubriella Duke,martingale,100.0,100000.0,50000.0,303,3,0.0,87100.0,87100.0,-12900.0
4194,Kalel Salazar,martingale,100.0,100000.0,50000.0,696,3,0.0,134000.0,134000.0,34000.0
4195,Freya Nash,martingale,100.0,100000.0,50000.0,381,1,0.0,79900.0,79900.0,-20100.0
4196,Chandler Hendricks,martingale,100.0,100000.0,50000.0,452,2,0.0,111400.0,111400.0,11400.0
4197,Dani Boone,martingale,100.0,100000.0,50000.0,609,1,0.0,118100.0,118100.0,18100.0
4198,Mauricio Day,martingale,100.0,100000.0,50000.0,303,1,0.0,77200.0,77200.0,-22800.0
4199,Hayden Jones,martingale,100.0,100000.0,50000.0,192,3,0.0,60400.0,60400.0,-39600.0
4200,William Little,martingale,100.0,100000.0,50000.0,350,3,0.0,116400.0,116400.0,16400.0
4201,Harley Lindsey,martingale,100.0,100000.0,50000.0,683,2,0.0,133400.0,133400.0,33400.0
4202,Jayson Sullivan,martingale,100.0,100000.0,50000.0,358,1,0.0,60900.0,60900.0,-39100.0
4203,Melanie Campbell,martingale,100.0,100000.0,50000.0,557,2,0.0,122300.0,122300.0,22300.0
4204,Christopher Lozano,martingale,100.0,100000.0,50000.0,228,2,0.0,84800.0,84800.0,-15200.0
4205,Cecelia Parks,martingale,100.0,100000.0,50000.0,441,1,0.0,119800.0,119800.0,19800.0
4206,Gianni Clements,martingale,100.0,100000.0,50000.0,392,1,0.0,103400.0,103400.0,3400.0
4207,Cara Knox,martingale,100.0,100000.0,50000.0,366,1,0.0,94200.0,94200.0,-5800.0
4208,Valentin Simon,martingale,100.0,100000.0,50000.0,252,1,0.0,44100.0,44100.0,-55900.0
4209,Kalani Contreras,martingale,100.0,100000.0,50000.0,477,1,0.0,110900.0,110900.0,10900.0
4210,Emilio Acevedo,martingale,100.0,100000.0,50000.0,174,1,0.0,44000.0,44000.0,-56000.0
4211,Ashlynn Peterson,martingale,100.0,100000.0,50000.0,476,3,0.0,122400.0,122400.0,22400.0
4212,Santiago Randolph,martingale,100.0,100000.0,50000.0,168,1,0.0,40400.0,40400.0,-59600.0
4213,Kailey Crawford,martingale,100.0,100000.0,50000.0,512,1,0.0,110500.0,110500.0,10500.0
4214,Kevin Tucker,martingale,100.0,100000.0,50000.0,434,1,0.0,100200.0,100200.0,200.0
4215,Esther Collier,martingale,100.0,100000.0,50000.0,396,1,0.0,104800.0,104800.0,4800.0
4216,Edison Aguirre,martingale,100.0,100000.0,50000.0,234,2,0.0,70700.0,70700.0,-29300.0
4217,Ariah McCullough,martingale,100.0,100000.0,50000.0,583,0,0.0,122200.0,122200.0,22200.0
4218,Briar Bowman,martingale,100.0,100000.0,50000.0,403,1,0.0,92400.0,92400.0,-7600.0
4219,Fiona Guzman,martingale,100.0,100000.0,50000.0,552,2,0.0,115400.0,115400.0,15400.0
4220,Jude Rhodes,martingale,100.0,100000.0,50000.0,278,2,0.0,81000.0,81000.0,-19000.0
4221,Tatum Shepard,martingale,100.0,100000.0,50000.0,604,1,0.0,119100.0,119100.0,19100.0
4222,Damari Douglas,martingale,100.0,100000.0,50000.0,640,2,0.0,131900.0,131900.0,31900.0
4223,Aniyah Montgomery,martingale,100.0,100000.0,50000.0,560,1,0.0,124600.0,124600.0,24600.0
4224,Maximiliano Ramirez,martingale,100.0,100000.0,50000.0,553,1,0.0,116400.0,116400.0,16400.0
4225,Grace Collins,martingale,100.0,100000.0,50000.0,188,1,0.0,22100.0,22100.0,-77900.0
4226,Miles Lynch,martingale,100.0,100000.0,50000.0,517,2,0.0,124400.0,124400.0,24400.0
4227,Malia Whitney,martingale,100.0,100000.0,50000.0,330,3,0.0,82800.0,82800.0,-17200.0
4228,Jeffery Lopez,martingale,100.0,100000.0,50000.0,602,2,0.0,128900.0,128900.0,28900.0
4229,Gianna Brandt,martingale,100.0,100000.0,50000.0,216,1,0.0,58100.0,58100.0,-41900.0
4230,Damir Leon,martingale,100.0,100000.0,50000.0,584,2,0.0,118200.0,118200.0,18200.0
4231,Amora Maynard,martingale,100.0,100000.0,50000.0,408,2,0.0,117400.0,117400.0,17400.0
4232,Landry Norman,martingale,100.0,100000.0,50000.0,277,2,0.0,92400.0,92400.0,-7600.0
4233,Malani Robertson,martingale,100.0,100000.0,50000.0,55,1,0.0,9300.0,9300.0,-90700.0
4234,Emiliano Mills,martingale,100.0,100000.0,50000.0,587,1,0.0,130700.0,130700.0,30700.0
4235,June Warren,martingale,100.0,100000.0,50000.0,251,1,0.0,52000.0,52000.0,-48000.0
4236,Abel Bautista,martingale,100.0,100000.0,50000.0,485,1,0.0,100200.0,100200.0,200.0
4237,Antonella Ruiz,martingale,100.0,100000.0,50000.0,619,2,0.0,125100.0,125100.0,25100.0
4238,Austin Ellison,martingale,100.0,100000.0,50000.0,439,1,0.0,72800.0,72800.0,-27200.0
4239,Raina Rangel,martingale,100.0,100000.0,50000.0,368,2,0.0,96400.0,96400.0,-3600.0
4240,Saint Tapia,martingale,100.0,100000.0,50000.0,493,2,0.0,121300.0,121300.0,21300.0
4241,Michaela Davenport,martingale,100.0,100000.0,50000.0,604,1,0.0,125800.0,125800.0,25800.0
4242,Dariel Garner,martingale,100.0,100000.0,50000.0,534,1,0.0,127400.0,127400.0,27400.0
4243,Jacqueline Brooks,martingale,100.0,100000.0,50000.0,283,1,0.0,44300.0,44300.0,-55700.0
4244,Jordan Montes,martingale,100.0,100000.0,50000.0,225,2,0.0,89100.0,89100.0,-10900.0
4245,Roselyn Miles,martingale,100.0,100000.0,50000.0,441,1,0.0,85800.0,85800.0,-14200.0
4246,Jared Lin,martingale,100.0,100000.0,50000.0,451,2,0.0,98800.0,98800.0,-1200.0
4247,Makenna Gray,martingale,100.0,100000.0,50000.0,48,1,0.0,5100.0,5100.0,-94900.0
4248,Nicholas Pruitt,martingale,100.0,100000.0,50000.0,589,3,0.0,112800.0,112800.0,12800.0
4249,Brylee Sanford,martingale,100.0,100000.0,50000.0,493,1,0.0,100300.0,100300.0,300.0
4250,Truett Reyes,martingale,100.0,100000.0,50000.0,370,3,0.0,115800.0,115800.0,15800.0
4251,Audrey Ingram,martingale,100.0,100000.0,50000.0,570,1,0.0,116100.0,116100.0,16100.0
4252,Tripp McCarty,martingale,100.0,100000.0,50000.0,449,2,0.0,89500.0,89500.0,-10500.0
4253,Halo Nunez,martingale,100.0,100000.0,50000.0,564,4,0.0,115300.0,115300.0,15300.0
4254,Caden Buck,martingale,100.0,100000.0,50000.0,127,1,0.0,32200.0,32200.0,-67800.0
4255,Livia Maldonado,martingale,100.0,100000.0,50000.0,635,3,0.0,130100.0,130100.0,30100.0
4256,Javier Cervantes,martingale,100.0,100000.0,50000.0,422,1,0.0,98900.0,98900.0,-1100.0
4257,Aylin Dejesus,martingale,100.0,100000.0,50000.0,398,1,0.0,82700.0,82700.0,-17300.0
4258,Rio Brewer,martingale,100.0,100000.0,50000.0,242,4,0.0,96700.0,96700.0,-3300.0
4259,Thea Galvan,martingale,100.0,100000.0,50000.0,647,1,0.0,125600.0,125600.0,25600.0
4260,Kingsley Arroyo,martingale,100.0,100000.0,50000.0,123,2,0.0,53400.0,53400.0,-46600.0
4261,Kyra Baldwin,martingale,100.0,100000.0,50000.0,198,3,0.0,90500.0,90500.0,-9500.0
4262,Jaiden McCann,martingale,100.0,100000.0,50000.0,548,2,0.0,117600.0,117600.0,17600.0
4263,Joyce Davenport,martingale,100.0,100000.0,50000.0,357,1,0.0,114500.0,114500.0,14500.0
4264,Dariel Cross,martingale,100.0,100000.0,50000.0,458,3,0.0,102000.0,102000.0,2000.0
4265,Nayeli Salazar,martingale,100.0,100000.0,50000.0,331,2,0.0,106600.0,106600.0,6600.0
4266,Brody Walton,martingale,100.0,100000.0,50000.0,371,2,0.0,95100.0,95100.0,-4900.0
4267,Scarlet Nolan,martingale,100.0,100000.0,50000.0,472,3,0.0,120300.0,120300.0,20300.0
4268,Maximo Yoder,martingale,100.0,100000.0,50000.0,419,3,0.0,115100.0,115100.0,15100.0
4269,Emerie Vazquez,martingale,100.0,100000.0,50000.0,31,1,0.0,7800.0,7800.0,-92200.0
4270,Jesse Valdez,martingale,100.0,100000.0,50000.0,160,1,0.0,35100.0,35100.0,-64900.0
4271,Diana Michael,martingale,100.0,100000.0,50000.0,455,1,0.0,106700.0,106700.0,6700.0
4272,Bronson Daniels,martingale,100.0,100000.0,50000.0,420,1,0.0,102200.0,102200.0,2200.0
4273,Ember Xiong,martingale,100.0,100000.0,50000.0,237,3,0.0,71500.0,71500.0,-28500.0
4274,Azrael Sparks,martingale,100.0,100000.0,50000.0,361,2,0.0,107600.0,107600.0,7600.0
4275,Aisha Carson,martingale,100.0,100000.0,50000.0,477,1,0.0,97800.0,97800.0,-2200.0
4276,Ares Jaramillo,martingale,100.0,100000.0,50000.0,481,2,0.0,121500.0,121500.0,21500.0
4277,Guadalupe Garrison,martingale,100.0,100000.0,50000.0,728,3,0.0,133300.0,133300.0,33300.0
4278,Noe Castillo,martingale,100.0,100000.0,50000.0,596,2,0.0,111300.0,111300.0,11300.0
4279,Eva Holt,martingale,100.0,100000.0,50000.0,28,1,0.0,2300.0,2300.0,-97700.0
4280,Niko Lugo,martingale,100.0,100000.0,50000.0,315,1,0.0,66400.0,66400.0,-33600.0
4281,Kaylie Bradshaw,martingale,100.0,100000.0,50000.0,197,2,0.0,61600.0,61600.0,-38400.0
4282,Emory Randall,martingale,100.0,100000.0,50000.0,245,1,0.0,65200.0,65200.0,-34800.0
4283,Christina Shannon,martingale,100.0,100000.0,50000.0,292,2,0.0,107800.0,107800.0,7800.0
4284,Eliel Cabrera,martingale,100.0,100000.0,50000.0,325,1,0.0,110500.0,110500.0,10500.0
4285,Daleyza Ventura,martingale,100.0,100000.0,50000.0,254,2,0.0,70000.0,70000.0,-30000.0
4286,Branson Horne,martingale,100.0,100000.0,50000.0,92,1,0.0,16900.0,16900.0,-83100.0
4287,Marlowe Wolf,martingale,100.0,100000.0,50000.0,587,2,0.0,125600.0,125600.0,25600.0
4288,Jase Goodwin,martingale,100.0,100000.0,50000.0,296,2,0.0,100400.0,100400.0,400.0
4289,Shiloh Phillips,martingale,100.0,100000.0,50000.0,542,1,0.0,116200.0,116200.0,16200.0
4290,Andrew Stewart,martingale,100.0,100000.0,50000.0,589,1,0.0,126900.0,126900.0,26900.0
4291,Maya Person,martingale,100.0,100000.0,50000.0,678,3,0.0,131800.0,131800.0,31800.0
4292,Moses Hill,martingale,100.0,100000.0,50000.0,441,3,0.0,98900.0,98900.0,-1100.0
4293,Hannah Anderson,martingale,100.0,100000.0,50000.0,361,4,0.0,105700.0,105700.0,5700.0
4294,Jacob Mays,martingale,100.0,100000.0,50000.0,431,3,0.0,108000.0,108000.0,8000.0
4295,Denisse Simpson,martingale,100.0,100000.0,50000.0,587,3,0.0,127800.0,127800.0,27800.0
4296,Elliott Dalton,martingale,100.0,100000.0,50000.0,661,3,0.0,128900.0,128900.0,28900.0
4297,Lilian Freeman,martingale,100.0,100000.0,50000.0,561,1,0.0,93600.0,93600.0,-6400.0
4298,Jayce Nelson,martingale,100.0,100000.0,50000.0,359,1,0.0,78600.0,78600.0,-21400.0
4299,Everly Acosta,martingale,100.0,100000.0,50000.0,637,1,0.0,132600.0,132600.0,32600.0
4300,Jensen Horn,martingale,100.0,100000.0,50000.0,549,1,0.0,120000.0,120000.0,20000.0
4301,Avah David,martingale,100.0,100000.0,50000.0,311,4,0.0,97600.0,97600.0,-2400.0
4302,Alonso Christensen,martingale,100.0,100000.0,50000.0,256,1,0.0,79600.0,79600.0,-20400.0
4303,Carmen Flores,martingale,100.0,100000.0,50000.0,590,2,0.0,106500.0,106500.0,6500.0
4304,Lincoln Garza,martingale,100.0,100000.0,50000.0,277,2,0.0,93300.0,93300.0,-6700.0
4305,River Price,martingale,100.0,100000.0,50000.0,286,1,0.0,50600.0,50600.0,-49400.0
4306,Brooks Williams,martingale,100.0,100000.0,50000.0,404,2,0.0,110000.0,110000.0,10000.0
4307,Ava Hammond,martingale,100.0,100000.0,50000.0,603,2,0.0,127400.0,127400.0,27400.0
4308,Francis Malone,martingale,100.0,100000.0,50000.0,330,2,0.0,104900.0,104900.0,4900.0
4309,Skyler Monroe,martingale,100.0,100000.0,50000.0,524,2,0.0,114100.0,114100.0,14100.0
4310,Colby Reese,martingale,100.0,100000.0,50000.0,628,1,0.0,130000.0,130000.0,30000.0
4311,Rosemary Browning,martingale,100.0,100000.0,50000.0,432,2,0.0,109800.0,109800.0,9800.0
4312,Rohan Vu,martingale,100.0,100000.0,50000.0,747,2,0.0,131500.0,131500.0,31500.0
4313,Kimora Crawford,martingale,100.0,100000.0,50000.0,130,1,0.0,24500.0,24500.0,-75500.0
4314,Kevin Glass,martingale,100.0,100000.0,50000.0,304,1,0.0,90700.0,90700.0,-9300.0
4315,Clare Bowers,martingale,100.0,100000.0,50000.0,139,1,0.0,27200.0,27200.0,-72800.0
4316,Dorian Conway,martingale,100.0,100000.0,50000.0,322,1,0.0,64100.0,64100.0,-35900.0
4317,Ryann Hartman,martingale,100.0,100000.0,50000.0,252,1,0.0,37600.0,37600.0,-62400.0
4318,Baker Austin,martingale,100.0,100000.0,50000.0,175,1,0.0,31700.0,31700.0,-68300.0
4319,Alivia Villegas,martingale,100.0,100000.0,50000.0,335,1,0.0,67700.0,67700.0,-32300.0
4320,Clyde Valdez,martingale,100.0,100000.0,50000.0,640,1,0.0,131400.0,131400.0,31400.0
4321,Diana Whitaker,martingale,100.0,100000.0,50000.0,542,1,0.0,114600.0,114600.0,14600.0
4322,Keith Burnett,martingale,100.0,100000.0,50000.0,241,1,0.0,41500.0,41500.0,-58500.0
4323,Emberly Myers,martingale,100.0,100000.0,50000.0,577,1,0.0,108600.0,108600.0,8600.0
4324,Adam Romero,martingale,100.0,100000.0,50000.0,462,2,0.0,99500.0,99500.0,-500.0
4325,Eliza Herring,martingale,100.0,100000.0,50000.0,339,1,0.0,95200.0,95200.0,-4800.0
4326,Henrik Hodges,martingale,100.0,100000.0,50000.0,646,1,0.0,129600.0,129600.0,29600.0
4327,Eve Sims,martingale,100.0,100000.0,50000.0,86,1,0.0,12400.0,12400.0,-87600.0
4328,Brian Potter,martingale,100.0,100000.0,50000.0,574,1,0.0,111900.0,111900.0,11900.0
4329,Rory Miles,martingale,100.0,100000.0,50000.0,317,2,0.0,68900.0,68900.0,-31100.0
4330,Jared Davidson,martingale,100.0,100000.0,50000.0,362,1,0.0,84300.0,84300.0,-15700.0
4331,Jayla Galindo,martingale,100.0,100000.0,50000.0,581,2,0.0,124300.0,124300.0,24300.0
4332,Salvatore Gray,martingale,100.0,100000.0,50000.0,591,2,0.0,123800.0,123800.0,23800.0
4333,Sarah Molina,martingale,100.0,100000.0,50000.0,486,1,0.0,100400.0,100400.0,400.0
4334,Prince Ramsey,martingale,100.0,100000.0,50000.0,351,1,0.0,60500.0,60500.0,-39500.0
4335,Lyric Richardson,martingale,100.0,100000.0,50000.0,554,1,0.0,126900.0,126900.0,26900.0
4336,Robert Schmidt,martingale,100.0,100000.0,50000.0,556,1,0.0,120500.0,120500.0,20500.0
4337,Kimberly Walton,martingale,100.0,100000.0,50000.0,490,2,0.0,98600.0,98600.0,-1400.0
4338,Dominick Yoder,martingale,100.0,100000.0,50000.0,356,1,0.0,101000.0,101000.0,1000.0
4339,Emerie Kelley,martingale,100.0,100000.0,50000.0,182,2,0.0,74000.0,74000.0,-26000.0
4340,Eric Manning,martingale,100.0,100000.0,50000.0,554,1,0.0,122700.0,122700.0,22700.0
4341,Jennifer Curry,martingale,100.0,100000.0,50000.0,108,1,0.0,17200.0,17200.0,-82800.0
4342,Briggs Johnson,martingale,100.0,100000.0,50000.0,521,1,0.0,123600.0,123600.0,23600.0
4343,Emma Clayton,martingale,100.0,100000.0,50000.0,353,2,0.0,65600.0,65600.0,-34400.0
4344,Boston Walsh,martingale,100.0,100000.0,50000.0,368,1,0.0,74500.0,74500.0,-25500.0
4345,Leia Rivas,martingale,100.0,100000.0,50000.0,650,0,0.0,131700.0,131700.0,31700.0
4346,Damon Villegas,martingale,100.0,100000.0,50000.0,331,1,0.0,106900.0,106900.0,6900.0
4347,Jessie McCann,martingale,100.0,100000.0,50000.0,342,1,0.0,91900.0,91900.0,-8100.0
4348,Heath Dunlap,martingale,100.0,100000.0,50000.0,525,1,0.0,114700.0,114700.0,14700.0
4349,Iliana Cooper,martingale,100.0,100000.0,50000.0,586,1,0.0,111000.0,111000.0,11000.0
4350,Jonathan Dougherty,martingale,100.0,100000.0,50000.0,646,2,0.0,127100.0,127100.0,27100.0
4351,Alisson Clements,martingale,100.0,100000.0,50000.0,322,2,0.0,89500.0,89500.0,-10500.0
4352,Fisher Acevedo,martingale,100.0,100000.0,50000.0,344,2,0.0,91800.0,91800.0,-8200.0
4353,Ashlynn Lang,martingale,100.0,100000.0,50000.0,442,1,0.0,92300.0,92300.0,-7700.0
4354,Wells Dunlap,martingale,100.0,100000.0,50000.0,599,1,0.0,93200.0,93200.0,-6800.0
4355,Iliana Calderon,martingale,100.0,100000.0,50000.0,645,2,0.0,130600.0,130600.0,30600.0
4356,Oakley Becker,martingale,100.0,100000.0,50000.0,413,1,0.0,109900.0,109900.0,9900.0
4357,Laura Fields,martingale,100.0,100000.0,50000.0,177,2,0.0,70400.0,70400.0,-29600.0
4358,Clayton Austin,martingale,100.0,100000.0,50000.0,242,2,0.0,60100.0,60100.0,-39900.0
4359,Alivia McIntosh,martingale,100.0,100000.0,50000.0,562,1,0.0,116200.0,116200.0,16200.0
4360,Kristian Owen,martingale,100.0,100000.0,50000.0,504,1,0.0,121700.0,121700.0,21700.0
4361,Mikayla Myers,martingale,100.0,100000.0,50000.0,348,2,0.0,71700.0,71700.0,-28300.0
4362,Adam Lugo,martingale,100.0,100000.0,50000.0,334,1,0.0,91900.0,91900.0,-8100.0
4363,Kaylie Booker,martingale,100.0,100000.0,50000.0,551,2,0.0,123200.0,123200.0,23200.0
4364,Dominik Ortega,martingale,100.0,100000.0,50000.0,567,2,0.0,126900.0,126900.0,26900.0
4365,Lilah Ross,martingale,100.0,100000.0,50000.0,334,3,0.0,90000.0,90000.0,-10000.0
4366,Wesley Friedman,martingale,100.0,100000.0,50000.0,365,1,0.0,74600.0,74600.0,-25400.0
4367,Aspyn Ruiz,martingale,100.0,100000.0,50000.0,445,2,0.0,119100.0,119100.0,19100.0
4368,Austin Foster,martingale,100.0,100000.0,50000.0,264,1,0.0,62000.0,62000.0,-38000.0
4369,Brielle Rocha,martingale,100.0,100000.0,50000.0,566,1,0.0,121300.0,121300.0,21300.0
4370,Onyx Juarez,martingale,100.0,100000.0,50000.0,385,1,0.0,97500.0,97500.0,-2500.0
4371,Juliet Morris,martingale,100.0,100000.0,50000.0,578,2,0.0,124500.0,124500.0,24500.0
4372,Christian Ayala,martingale,100.0,100000.0,50000.0,670,1,0.0,131200.0,131200.0,31200.0
4373,Blair Webster,martingale,100.0,100000.0,50000.0,471,3,0.0,105200.0,105200.0,5200.0
4374,Shawn Roth,martingale,100.0,100000.0,50000.0,399,2,0.0,115100.0,115100.0,15100.0
4375,Elliot Logan,martingale,100.0,100000.0,50000.0,661,3,0.0,132800.0,132800.0,32800.0
4376,Rocco Vu,martingale,100.0,100000.0,50000.0,154,1,0.0,49200.0,49200.0,-50800.0
4377,Kimora Flowers,martingale,100.0,100000.0,50000.0,474,1,0.0,120800.0,120800.0,20800.0
4378,Saul Contreras,martingale,100.0,100000.0,50000.0,528,1,0.0,109500.0,109500.0,9500.0
4379,Daniela Russo,martingale,100.0,100000.0,50000.0,582,1,0.0,127200.0,127200.0,27200.0
4380,Jamie Solis,martingale,100.0,100000.0,50000.0,215,1,0.0,65800.0,65800.0,-34200.0
4381,Miracle Simon,martingale,100.0,100000.0,50000.0,682,1,0.0,132600.0,132600.0,32600.0
4382,Zayne Harrington,martingale,100.0,100000.0,50000.0,681,1,0.0,125100.0,125100.0,25100.0
4383,Legacy Hickman,martingale,100.0,100000.0,50000.0,402,2,0.0,96200.0,96200.0,-3800.0
4384,Jakobe Ellison,martingale,100.0,100000.0,50000.0,439,2,0.0,95600.0,95600.0,-4400.0
4385,Raina Pena,martingale,100.0,100000.0,50000.0,442,1,0.0,102200.0,102200.0,2200.0
4386,Marcus Sparks,martingale,100.0,100000.0,50000.0,115,1,0.0,47800.0,47800.0,-52200.0
4387,Aisha Robinson,martingale,100.0,100000.0,50000.0,602,1,0.0,112800.0,112800.0,12800.0
4388,Matthew Meza,martingale,100.0,100000.0,50000.0,217,1,0.0,60500.0,60500.0,-39500.0
4389,Rosa Lang,martingale,100.0,100000.0,50000.0,421,1,0.0,94200.0,94200.0,-5800.0
4390,Wells Woodward,martingale,100.0,100000.0,50000.0,235,1,0.0,45600.0,45600.0,-54400.0
4391,Drew Trejo,martingale,100.0,100000.0,50000.0,593,1,0.0,123200.0,123200.0,23200.0
4392,Wesson Smith,martingale,100.0,100000.0,50000.0,355,1,0.0,76500.0,76500.0,-23500.0
4393,Olivia Oliver,martingale,100.0,100000.0,50000.0,457,2,0.0,102400.0,102400.0,2400.0
4394,Karson Walker,martingale,100.0,100000.0,50000.0,288,2,0.0,86400.0,86400.0,-13600.0
4395,Hazel Harding,martingale,100.0,100000.0,50000.0,173,1,0.0,36700.0,36700.0,-63300.0
4396,Brodie Casey,martingale,100.0,100000.0,50000.0,460,1,0.0,101700.0,101700.0,1700.0
4397,Sylvia Melendez,martingale,100.0,100000.0,50000.0,491,1,0.0,80000.0,80000.0,-20000.0
4398,Nikolas Jensen,martingale,100.0,100000.0,50000.0,208,1,0.0,26300.0,26300.0,-73700.0
4399,Jane Hammond,martingale,100.0,100000.0,50000.0,284,2,0.0,91800.0,91800.0,-8200.0
4400,Francis Esquivel,martingale,100.0,100000.0,50000.0,286,2,0.0,74700.0,74700.0,-25300.0
4401,Jaylee Gilmore,martingale,100.0,100000.0,50000.0,586,1,0.0,118900.0,118900.0,18900.0
4402,Vihaan Mejia,martingale,100.0,100000.0,50000.0,473,2,0.0,112300.0,112300.0,12300.0
4403,Saylor Gomez,martingale,100.0,100000.0,50000.0,74,1,0.0,8800.0,8800.0,-91200.0
4404,Isaiah Hanna,martingale,100.0,100000.0,50000.0,576,1,0.0,124800.0,124800.0,24800.0
4405,Cynthia Soto,martingale,100.0,100000.0,50000.0,350,3,0.0,112900.0,112900.0,12900.0
4406,Barrett Olson,martingale,100.0,100000.0,50000.0,378,3,0.0,94500.0,94500.0,-5500.0
4407,Isabel Mann,martingale,100.0,100000.0,50000.0,342,4,0.0,102900.0,102900.0,2900.0
4408,Nehemiah Navarro,martingale,100.0,100000.0,50000.0,658,2,0.0,128200.0,128200.0,28200.0
4409,Winter Pierce,martingale,100.0,100000.0,50000.0,487,1,0.0,107300.0,107300.0,7300.0
4410,Nicolas Arnold,martingale,100.0,100000.0,50000.0,500,1,0.0,124700.0,124700.0,24700.0
4411,Finley Dudley,martingale,100.0,100000.0,50000.0,600,3,0.0,128100.0,128100.0,28100.0
4412,Colter Shelton,martingale,100.0,100000.0,50000.0,312,3,0.0,92900.0,92900.0,-7100.0
4413,Makenzie Farrell,martingale,100.0,100000.0,50000.0,292,3,0.0,80600.0,80600.0,-19400.0
4414,Ty Miles,martingale,100.0,100000.0,50000.0,508,0,0.0,124500.0,124500.0,24500.0
4415,Alessandra Potts,martingale,100.0,100000.0,50000.0,200,1,0.0,34100.0,34100.0,-65900.0
4416,Alfred Mata,martingale,100.0,100000.0,50000.0,301,1,0.0,95700.0,95700.0,-4300.0
4417,Lillie Michael,martingale,100.0,100000.0,50000.0,412,1,0.0,90600.0,90600.0,-9400.0
4418,Bronson Hart,martingale,100.0,100000.0,50000.0,525,3,0.0,112100.0,112100.0,12100.0
4419,Gemma Knight,martingale,100.0,100000.0,50000.0,718,0,0.0,133800.0,133800.0,33800.0
4420,Beckett Ruiz,martingale,100.0,100000.0,50000.0,446,1,0.0,120100.0,120100.0,20100.0
4421,Emery Cooper,martingale,100.0,100000.0,50000.0,317,1,0.0,84400.0,84400.0,-15600.0
4422,Jonathan Larson,martingale,100.0,100000.0,50000.0,218,2,0.0,60300.0,60300.0,-39700.0
4423,Alayna Jaramillo,martingale,100.0,100000.0,50000.0,157,1,0.0,27300.0,27300.0,-72700.0
4424,Riggs Felix,martingale,100.0,100000.0,50000.0,16,1,0.0,600.0,600.0,-99400.0
4425,Paisleigh Carson,martingale,100.0,100000.0,50000.0,286,2,0.0,86500.0,86500.0,-13500.0
4426,Ares Walsh,martingale,100.0,100000.0,50000.0,358,2,0.0,107400.0,107400.0,7400.0
4427,Leia Abbott,martingale,100.0,100000.0,50000.0,548,2,0.0,116500.0,116500.0,16500.0
4428,Kohen Odom,martingale,100.0,100000.0,50000.0,568,2,0.0,115900.0,115900.0,15900.0
4429,Laylani Bentley,martingale,100.0,100000.0,50000.0,356,2,0.0,88300.0,88300.0,-11700.0
4430,Randy Alvarado,martingale,100.0,100000.0,50000.0,817,2,0.0,141700.0,141700.0,41700.0
4431,Blake Cook,martingale,100.0,100000.0,50000.0,185,2,0.0,85000.0,85000.0,-15000.0
4432,Ezekiel Mason,martingale,100.0,100000.0,50000.0,345,2,0.0,99000.0,99000.0,-1000.0
4433,Sienna Norton,martingale,100.0,100000.0,50000.0,576,0,0.0,126300.0,126300.0,26300.0
4434,Callen McCann,martingale,100.0,100000.0,50000.0,640,1,0.0,128600.0,128600.0,28600.0
4435,Joyce Duncan,martingale,100.0,100000.0,50000.0,391,1,0.0,106300.0,106300.0,6300.0
4436,Avery Bond,martingale,100.0,100000.0,50000.0,317,2,0.0,67200.0,67200.0,-32800.0
4437,Alena Todd,martingale,100.0,100000.0,50000.0,472,1,0.0,109800.0,109800.0,9800.0
4438,Baylor Ventura,martingale,100.0,100000.0,50000.0,419,2,0.0,111700.0,111700.0,11700.0
4439,Zora Gilmore,martingale,100.0,100000.0,50000.0,561,1,0.0,125500.0,125500.0,25500.0
4440,Vihaan Stuart,martingale,100.0,100000.0,50000.0,61,2,0.0,51400.0,51400.0,-48600.0
4441,Stormi Villanueva,martingale,100.0,100000.0,50000.0,250,2,0.0,65000.0,65000.0,-35000.0
4442,Huxley Bruce,martingale,100.0,100000.0,50000.0,587,1,0.0,127200.0,127200.0,27200.0
4443,Marilyn Spence,martingale,100.0,100000.0,50000.0,250,1,0.0,51700.0,51700.0,-48300.0
4444,Cillian Poole,martingale,100.0,100000.0,50000.0,516,1,0.0,113800.0,113800.0,13800.0
4445,Bonnie McGuire,martingale,100.0,100000.0,50000.0,722,1,0.0,135600.0,135600.0,35600.0
4446,Casey Medina,martingale,100.0,100000.0,50000.0,543,1,0.0,110900.0,110900.0,10900.0
4447,Elliana Randolph,martingale,100.0,100000.0,50000.0,692,2,0.0,131900.0,131900.0,31900.0
4448,Eugene Khan,martingale,100.0,100000.0,50000.0,675,1,0.0,131600.0,131600.0,31600.0
4449,Mabel Fuller,martingale,100.0,100000.0,50000.0,474,1,0.0,118600.0,118600.0,18600.0
4450,Andre Stafford,martingale,100.0,100000.0,50000.0,385,3,0.0,103800.0,103800.0,3800.0
4451,Bridget Cortez,martingale,100.0,100000.0,50000.0,570,2,0.0,117600.0,117600.0,17600.0
4452,Zayn Fisher,martingale,100.0,100000.0,50000.0,381,1,0.0,116700.0,116700.0,16700.0
4453,Arya Pruitt,martingale,100.0,100000.0,50000.0,326,1,0.0,89700.0,89700.0,-10300.0
4454,Gatlin Schultz,martingale,100.0,100000.0,50000.0,309,1,0.0,108700.0,108700.0,8700.0
4455,Briella Duke,martingale,100.0,100000.0,50000.0,468,1,0.0,106800.0,106800.0,6800.0
4456,Kalel Rogers,martingale,100.0,100000.0,50000.0,351,1,0.0,83900.0,83900.0,-16100.0
4457,Madelyn Aguirre,martingale,100.0,100000.0,50000.0,540,1,0.0,126400.0,126400.0,26400.0
4458,Andy Decker,martingale,100.0,100000.0,50000.0,363,3,0.0,88100.0,88100.0,-11900.0
4459,Aleena McLaughlin,martingale,100.0,100000.0,50000.0,507,2,0.0,100400.0,100400.0,400.0
4460,Ibrahim Rubio,martingale,100.0,100000.0,50000.0,381,2,0.0,95800.0,95800.0,-4200.0
4461,Hadassah Garner,martingale,100.0,100000.0,50000.0,184,1,0.0,35100.0,35100.0,-64900.0
4462,Sage Avery,martingale,100.0,100000.0,50000.0,15,1,0.0,900.0,900.0,-99100.0
4463,Meghan Sexton,martingale,100.0,100000.0,50000.0,553,1,0.0,121100.0,121100.0,21100.0
4464,Mylo Paul,martingale,100.0,100000.0,50000.0,280,1,0.0,75800.0,75800.0,-24200.0
4465,Daphne Petersen,martingale,100.0,100000.0,50000.0,381,1,0.0,64700.0,64700.0,-35300.0
4466,Samson Saunders,martingale,100.0,100000.0,50000.0,91,1,0.0,13800.0,13800.0,-86200.0
4467,Meadow Vu,martingale,100.0,100000.0,50000.0,304,2,0.0,100600.0,100600.0,600.0
4468,Kamdyn Gibbs,martingale,100.0,100000.0,50000.0,347,1,0.0,94400.0,94400.0,-5600.0
4469,Carter Harding,martingale,100.0,100000.0,50000.0,452,1,0.0,96200.0,96200.0,-3800.0
4470,Brodie Case,martingale,100.0,100000.0,50000.0,606,2,0.0,126600.0,126600.0,26600.0
4471,Cleo Bishop,martingale,100.0,100000.0,50000.0,653,1,0.0,132800.0,132800.0,32800.0
4472,Paxton Corona,martingale,100.0,100000.0,50000.0,536,1,0.0,124900.0,124900.0,24900.0
4473,Marianna Beck,martingale,100.0,100000.0,50000.0,258,1,0.0,61100.0,61100.0,-38900.0
4474,Eduardo Reyna,martingale,100.0,100000.0,50000.0,243,1,0.0,74900.0,74900.0,-25100.0
4475,Luella Kelley,martingale,100.0,100000.0,50000.0,76,1,0.0,22800.0,22800.0,-77200.0
4476,Eric Alvarado,martingale,100.0,100000.0,50000.0,603,1,0.0,128800.0,128800.0,28800.0
4477,Blake Mercado,martingale,100.0,100000.0,50000.0,456,1,0.0,112400.0,112400.0,12400.0
4478,Abram Leonard,martingale,100.0,100000.0,50000.0,465,1,0.0,107500.0,107500.0,7500.0
4479,Demi Miranda,martingale,100.0,100000.0,50000.0,522,2,0.0,120300.0,120300.0,20300.0
4480,Rory Ahmed,martingale,100.0,100000.0,50000.0,69,1,0.0,13800.0,13800.0,-86200.0
4481,Jolie Reese,martingale,100.0,100000.0,50000.0,519,1,0.0,101000.0,101000.0,1000.0
4482,Alijah Vang,martingale,100.0,100000.0,50000.0,400,1,0.0,82700.0,82700.0,-17300.0
4483,Madisyn Patton,martingale,100.0,100000.0,50000.0,390,2,0.0,112900.0,112900.0,12900.0
4484,Moises Blevins,martingale,100.0,100000.0,50000.0,691,1,0.0,127000.0,127000.0,27000.0
4485,Aila Douglas,martingale,100.0,100000.0,50000.0,149,2,0.0,61200.0,61200.0,-38800.0
4486,Derek Moreno,martingale,100.0,100000.0,50000.0,116,1,0.0,38000.0,38000.0,-62000.0
4487,Mary Soto,martingale,100.0,100000.0,50000.0,288,3,0.0,86500.0,86500.0,-13500.0
4488,Barrett Trevino,martingale,100.0,100000.0,50000.0,579,1,0.0,124400.0,124400.0,24400.0
4489,Priscilla Ramsey,martingale,100.0,100000.0,50000.0,323,1,0.0,78900.0,78900.0,-21100.0
4490,Luciano Klein,martingale,100.0,100000.0,50000.0,193,2,0.0,70600.0,70600.0,-29400.0
4491,Elianna Gaines,martingale,100.0,100000.0,50000.0,400,1,0.0,88000.0,88000.0,-12000.0
4492,Talon Walls,martingale,100.0,100000.0,50000.0,400,2,0.0,97100.0,97100.0,-2900.0
4493,Lilianna Bailey,martingale,100.0,100000.0,50000.0,464,2,0.0,121400.0,121400.0,21400.0
4494,Axel Bell,martingale,100.0,100000.0,50000.0,790,1,0.0,141300.0,141300.0,41300.0
4495,Melody Simpson,martingale,100.0,100000.0,50000.0,261,1,0.0,73500.0,73500.0,-26500.0
4496,Elliott Lawson,martingale,100.0,100000.0,50000.0,321,3,0.0,108000.0,108000.0,8000.0
4497,Phoebe Garrison,martingale,100.0,100000.0,50000.0,358,2,0.0,114700.0,114700.0,14700.0
4498,Noe Parker,martingale,100.0,100000.0,50000.0,400,3,0.0,94600.0,94600.0,-5400.0
4499,Aubrey Pittman,martingale,100.0,100000.0,50000.0,425,4,0.0,85800.0,85800.0,-14200.0
4500,Valentino Compton,martingale,100.0,100000.0,50000.0,533,1,0.0,109800.0,109800.0,9800.0
4501,Elina Cabrera,martingale,100.0,100000.0,50000.0,241,3,0.0,91900.0,91900.0,-8100.0
4502,Cade Trejo,martingale,100.0,100000.0,50000.0,569,2,0.0,124100.0,124100.0,24100.0
4503,Rosalyn Wade,martingale,100.0,100000.0,50000.0,583,3,0.0,123400.0,123400.0,23400.0
4504,Jake Lim,martingale,100.0,100000.0,50000.0,591,2,0.0,119200.0,119200.0,19200.0
4505,Giavanna Navarro,martingale,100.0,100000.0,50000.0,308,2,0.0,76200.0,76200.0,-23800.0
4506,Reid Yates,martingale,100.0,100000.0,50000.0,614,3,0.0,128200.0,128200.0,28200.0
4507,Charley Sawyer,martingale,100.0,100000.0,50000.0,212,2,0.0,59600.0,59600.0,-40400.0
4508,Jefferson Blackwell,martingale,100.0,100000.0,50000.0,440,2,0.0,104400.0,104400.0,4400.0
4509,Saoirse Davenport,martingale,100.0,100000.0,50000.0,417,3,0.0,113700.0,113700.0,13700.0
4510,Dariel Pope,martingale,100.0,100000.0,50000.0,452,3,0.0,111600.0,111600.0,11600.0
4511,Aurelia Tucker,martingale,100.0,100000.0,50000.0,573,1,0.0,122400.0,122400.0,22400.0
4512,Ivan Benton,martingale,100.0,100000.0,50000.0,580,1,0.0,103300.0,103300.0,3300.0
4513,Anais Erickson,martingale,100.0,100000.0,50000.0,472,3,0.0,117000.0,117000.0,17000.0
4514,Johnny Shelton,martingale,100.0,100000.0,50000.0,191,1,0.0,60900.0,60900.0,-39100.0
4515,Makenzie Burke,martingale,100.0,100000.0,50000.0,555,1,0.0,108500.0,108500.0,8500.0
4516,Jax Winters,martingale,100.0,100000.0,50000.0,616,0,0.0,129000.0,129000.0,29000.0
4517,Kataleya Valencia,martingale,100.0,100000.0,50000.0,229,4,0.0,65800.0,65800.0,-34200.0
4518,Dax Lowe,martingale,100.0,100000.0,50000.0,533,1,0.0,116700.0,116700.0,16700.0
4519,Amari Johns,martingale,100.0,100000.0,50000.0,358,3,0.0,72700.0,72700.0,-27300.0
4520,Joziah Crane,martingale,100.0,100000.0,50000.0,335,2,0.0,98100.0,98100.0,-1900.0
4521,Della Snow,martingale,100.0,100000.0,50000.0,672,1,0.0,123200.0,123200.0,23200.0
4522,Houston Rojas,martingale,100.0,100000.0,50000.0,533,1,0.0,109000.0,109000.0,9000.0
4523,Adaline Francis,martingale,100.0,100000.0,50000.0,362,3,0.0,104800.0,104800.0,4800.0
4524,Harvey Wall,martingale,100.0,100000.0,50000.0,839,0,0.0,142400.0,142400.0,42400.0
4525,Jayda Quintana,martingale,100.0,100000.0,50000.0,688,2,0.0,132400.0,132400.0,32400.0
4526,Kelvin Moss,martingale,100.0,100000.0,50000.0,450,1,0.0,101600.0,101600.0,1600.0
4527,Bianca Glover,martingale,100.0,100000.0,50000.0,311,2,0.0,110400.0,110400.0,10400.0
4528,Mack Merritt,martingale,100.0,100000.0,50000.0,467,3,0.0,91900.0,91900.0,-8100.0
4529,Kaisley Crane,martingale,100.0,100000.0,50000.0,317,1,0.0,107800.0,107800.0,7800.0
4530,Fox Salgado,martingale,100.0,100000.0,50000.0,511,2,0.0,123300.0,123300.0,23300.0
4531,Avalynn Erickson,martingale,100.0,100000.0,50000.0,564,2,0.0,106400.0,106400.0,6400.0
4532,Johnny Ramos,martingale,100.0,100000.0,50000.0,356,1,0.0,85100.0,85100.0,-14900.0
4533,Alice Houston,martingale,100.0,100000.0,50000.0,258,4,0.0,102700.0,102700.0,2700.0
4534,Sylas Wise,martingale,100.0,100000.0,50000.0,707,1,0.0,134700.0,134700.0,34700.0
4535,Mira Ingram,martingale,100.0,100000.0,50000.0,130,1,0.0,31800.0,31800.0,-68200.0
4536,Tripp Gutierrez,martingale,100.0,100000.0,50000.0,539,1,0.0,118200.0,118200.0,18200.0
4537,Savannah Perez,martingale,100.0,100000.0,50000.0,263,3,0.0,101100.0,101100.0,1100.0
4538,Owen Vo,martingale,100.0,100000.0,50000.0,227,2,0.0,75900.0,75900.0,-24100.0
4539,Artemis Dixon,martingale,100.0,100000.0,50000.0,541,4,0.0,125500.0,125500.0,25500.0
4540,Camden Charles,martingale,100.0,100000.0,50000.0,435,2,0.0,113200.0,113200.0,13200.0
4541,Jenna Morrison,martingale,100.0,100000.0,50000.0,419,1,0.0,97600.0,97600.0,-2400.0
4542,Maximus Brady,martingale,100.0,100000.0,50000.0,316,3,0.0,90000.0,90000.0,-10000.0
4543,Ryan Sampson,martingale,100.0,100000.0,50000.0,210,1,0.0,83400.0,83400.0,-16600.0
4544,Cain Aguilar,martingale,100.0,100000.0,50000.0,476,2,0.0,120600.0,120600.0,20600.0
4545,Josie Cortes,martingale,100.0,100000.0,50000.0,690,2,0.0,132600.0,132600.0,32600.0
4546,Banks Cano,martingale,100.0,100000.0,50000.0,588,1,0.0,123700.0,123700.0,23700.0
4547,Egypt Mason,martingale,100.0,100000.0,50000.0,14,1,0.0,400.0,400.0,-99600.0
4548,Brandon Molina,martingale,100.0,100000.0,50000.0,638,0,0.0,128600.0,128600.0,28600.0
4549,Alexandria Baldwin,martingale,100.0,100000.0,50000.0,334,1,0.0,76800.0,76800.0,-23200.0
4550,Jaiden Alfaro,martingale,100.0,100000.0,50000.0,244,2,0.0,82300.0,82300.0,-17700.0
4551,Yasmin English,martingale,100.0,100000.0,50000.0,588,1,0.0,123800.0,123800.0,23800.0
4552,Junior Ahmed,martingale,100.0,100000.0,50000.0,407,1,0.0,77500.0,77500.0,-22500.0
4553,Jolie Lara,martingale,100.0,100000.0,50000.0,414,1,0.0,113600.0,113600.0,13600.0
4554,Caiden Barrett,martingale,100.0,100000.0,50000.0,19,1,0.0,1400.0,1400.0,-98600.0
4555,Kendall Armstrong,martingale,100.0,100000.0,50000.0,415,2,0.0,93100.0,93100.0,-6900.0
4556,Grant Manning,martingale,100.0,100000.0,50000.0,466,2,0.0,119000.0,119000.0,19000.0
4557,Jennifer Warren,martingale,100.0,100000.0,50000.0,284,1,0.0,59700.0,59700.0,-40300.0
4558,Abel Rowe,martingale,100.0,100000.0,50000.0,251,1,0.0,87300.0,87300.0,-12700.0
4559,Matilda Foley,martingale,100.0,100000.0,50000.0,400,1,0.0,84400.0,84400.0,-15600.0
4560,Mohammad Hurley,martingale,100.0,100000.0,50000.0,110,1,0.0,13600.0,13600.0,-86400.0
4561,Rylan Bernal,martingale,100.0,100000.0,50000.0,366,2,0.0,93100.0,93100.0,-6900.0
4562,Eithan Carson,martingale,100.0,100000.0,50000.0,66,1,0.0,9800.0,9800.0,-90200.0
4563,Nalani Kaur,martingale,100.0,100000.0,50000.0,144,1,0.0,21400.0,21400.0,-78600.0
4564,Augustine Pacheco,martingale,100.0,100000.0,50000.0,707,2,0.0,129400.0,129400.0,29400.0
4565,Paris Moyer,martingale,100.0,100000.0,50000.0,308,1,0.0,55400.0,55400.0,-44600.0
4566,Ahmir Clark,martingale,100.0,100000.0,50000.0,634,1,0.0,121500.0,121500.0,21500.0
4567,Chloe Stevenson,martingale,100.0,100000.0,50000.0,536,1,0.0,115800.0,115800.0,15800.0
4568,Callan Chang,martingale,100.0,100000.0,50000.0,484,3,0.0,111200.0,111200.0,11200.0
4569,Ophelia Stafford,martingale,100.0,100000.0,50000.0,360,3,0.0,110200.0,110200.0,10200.0
4570,Alfredo Petersen,martingale,100.0,100000.0,50000.0,518,1,0.0,98600.0,98600.0,-1400.0
4571,Fernanda Giles,martingale,100.0,100000.0,50000.0,394,1,0.0,118500.0,118500.0,18500.0
4572,Kole Collins,martingale,100.0,100000.0,50000.0,517,3,0.0,122300.0,122300.0,22300.0
4573,Kinsley Trujillo,martingale,100.0,100000.0,50000.0,169,1,0.0,55700.0,55700.0,-44300.0
4574,Apollo Doyle,martingale,100.0,100000.0,50000.0,197,1,0.0,27000.0,27000.0,-73000.0
4575,Annalise Hunt,martingale,100.0,100000.0,50000.0,256,2,0.0,68600.0,68600.0,-31400.0
4576,Jesus Griffin,martingale,100.0,100000.0,50000.0,319,1,0.0,75700.0,75700.0,-24300.0
4577,Charlie Benjamin,martingale,100.0,100000.0,50000.0,602,3,0.0,123400.0,123400.0,23400.0
4578,Kyro Moody,martingale,100.0,100000.0,50000.0,335,1,0.0,94500.0,94500.0,-5500.0
4579,Elaine Jefferson,martingale,100.0,100000.0,50000.0,286,1,0.0,68700.0,68700.0,-31300.0
4580,Raylan Zimmerman,martingale,100.0,100000.0,50000.0,479,1,0.0,99600.0,99600.0,-400.0
4581,Ariyah Whitney,martingale,100.0,100000.0,50000.0,439,1,0.0,119800.0,119800.0,19800.0
4582,Jeffery Santiago,martingale,100.0,100000.0,50000.0,14,1,0.0,800.0,800.0,-99200.0
4583,Nyla Foster,martingale,100.0,100000.0,50000.0,339,1,0.0,98500.0,98500.0,-1500.0
4584,Kayden Kerr,martingale,100.0,100000.0,50000.0,63,1,0.0,6700.0,6700.0,-93300.0
4585,Baylee Ahmed,martingale,100.0,100000.0,50000.0,298,3,0.0,83500.0,83500.0,-16500.0
4586,Harry Rocha,martingale,100.0,100000.0,50000.0,635,3,0.0,108100.0,108100.0,8100.0
4587,Emmie Vargas,martingale,100.0,100000.0,50000.0,413,1,0.0,78600.0,78600.0,-21400.0
4588,Ryker Peck,martingale,100.0,100000.0,50000.0,536,2,0.0,113600.0,113600.0,13600.0
4589,Crystal Frank,martingale,100.0,100000.0,50000.0,517,1,0.0,87500.0,87500.0,-12500.0
4590,Braylen Coleman,martingale,100.0,100000.0,50000.0,406,2,0.0,96900.0,96900.0,-3100.0
4591,Julia Howe,martingale,100.0,100000.0,50000.0,703,3,0.0,135400.0,135400.0,35400.0
4592,Alaric Bernard,martingale,100.0,100000.0,50000.0,351,2,0.0,109300.0,109300.0,9300.0
4593,Barbara Sullivan,martingale,100.0,100000.0,50000.0,838,1,0.0,139300.0,139300.0,39300.0
4594,Evan Wallace,martingale,100.0,100000.0,50000.0,509,2,0.0,99200.0,99200.0,-800.0
4595,Arianna Gibson,martingale,100.0,100000.0,50000.0,555,1,0.0,127900.0,127900.0,27900.0
4596,Tyler Kline,martingale,100.0,100000.0,50000.0,449,2,0.0,118200.0,118200.0,18200.0
4597,Sevyn Daniel,martingale,100.0,100000.0,50000.0,212,1,0.0,65300.0,65300.0,-34700.0
4598,Grady Donovan,martingale,100.0,100000.0,50000.0,316,3,0.0,84900.0,84900.0,-15100.0
4599,Azariah Hoffman,martingale,100.0,100000.0,50000.0,308,3,0.0,73600.0,73600.0,-26400.0
4600,Steven Costa,martingale,100.0,100000.0,50000.0,475,1,0.0,109600.0,109600.0,9600.0
4601,Robin Salas,martingale,100.0,100000.0,50000.0,509,1,0.0,112500.0,112500.0,12500.0
4602,Zaiden Elliott,martingale,100.0,100000.0,50000.0,271,2,0.0,105400.0,105400.0,5400.0
4603,Noelle Cortes,martingale,100.0,100000.0,50000.0,149,1,0.0,28800.0,28800.0,-71200.0
4604,Banks Ochoa,martingale,100.0,100000.0,50000.0,564,1,0.0,126700.0,126700.0,26700.0
4605,Luciana Watts,martingale,100.0,100000.0,50000.0,480,1,0.0,109000.0,109000.0,9000.0
4606,Dakota Dixon,martingale,100.0,100000.0,50000.0,128,1,0.0,39000.0,39000.0,-61000.0
4607,Blakely Moreno,martingale,100.0,100000.0,50000.0,348,1,0.0,101900.0,101900.0,1900.0
4608,Myles Garcia,martingale,100.0,100000.0,50000.0,288,1,0.0,73500.0,73500.0,-26500.0
4609,Amelia Jacobson,martingale,100.0,100000.0,50000.0,577,2,0.0,125700.0,125700.0,25700.0
4610,Legacy Ramos,martingale,100.0,100000.0,50000.0,15,1,0.0,600.0,600.0,-99400.0
4611,Alice Coffey,martingale,100.0,100000.0,50000.0,332,3,0.0,108900.0,108900.0,8900.0
4612,Kody Travis,martingale,100.0,100000.0,50000.0,583,1,0.0,128700.0,128700.0,28700.0
4613,Mazikee O’Donnell,martingale,100.0,100000.0,50000.0,420,3,0.0,98500.0,98500.0,-1500.0
4614,Lian Hughes,martingale,100.0,100000.0,50000.0,503,2,0.0,121500.0,121500.0,21500.0
4615,Samantha Castro,martingale,100.0,100000.0,50000.0,394,2,0.0,87000.0,87000.0,-13000.0
4616,Jasper Meyers,martingale,100.0,100000.0,50000.0,414,1,0.0,110300.0,110300.0,10300.0
4617,Leyla Moon,martingale,100.0,100000.0,50000.0,759,2,0.0,136800.0,136800.0,36800.0
4618,Nova Heath,martingale,100.0,100000.0,50000.0,120,1,0.0,27700.0,27700.0,-72300.0
4619,Amani Ford,martingale,100.0,100000.0,50000.0,559,2,0.0,119400.0,119400.0,19400.0
4620,Luis Nicholson,martingale,100.0,100000.0,50000.0,422,3,0.0,116600.0,116600.0,16600.0
4621,Justice Farmer,martingale,100.0,100000.0,50000.0,438,3,0.0,121300.0,121300.0,21300.0
4622,Jamison Shaffer,martingale,100.0,100000.0,50000.0,446,1,0.0,114300.0,114300.0,14300.0
4623,Alanna Fleming,martingale,100.0,100000.0,50000.0,710,3,0.0,131400.0,131400.0,31400.0
4624,Fernando Blake,martingale,100.0,100000.0,50000.0,409,2,0.0,104500.0,104500.0,4500.0
4625,Amanda Thomas,martingale,100.0,100000.0,50000.0,256,1,0.0,62400.0,62400.0,-37600.0
4626,Logan Watson,martingale,100.0,100000.0,50000.0,193,1,0.0,80200.0,80200.0,-19800.0
4627,Hailey Santiago,martingale,100.0,100000.0,50000.0,199,1,0.0,35900.0,35900.0,-64100.0
4628,Beckham Schneider,martingale,100.0,100000.0,50000.0,415,2,0.0,113600.0,113600.0,13600.0
4629,Delaney Sharp,martingale,100.0,100000.0,50000.0,273,2,0.0,66800.0,66800.0,-33200.0
4630,Royce David,martingale,100.0,100000.0,50000.0,168,1,0.0,67800.0,67800.0,-32200.0
4631,Haylee McClain,martingale,100.0,100000.0,50000.0,545,1,0.0,120000.0,120000.0,20000.0
4632,Mitchell Nixon,martingale,100.0,100000.0,50000.0,81,1,0.0,13300.0,13300.0,-86700.0
4633,Deborah Mueller,martingale,100.0,100000.0,50000.0,139,1,0.0,23500.0,23500.0,-76500.0
4634,Albert Gates,martingale,100.0,100000.0,50000.0,460,1,0.0,98700.0,98700.0,-1300.0
4635,Melina Odom,martingale,100.0,100000.0,50000.0,544,2,0.0,121900.0,121900.0,21900.0
4636,Kylian Velez,martingale,100.0,100000.0,50000.0,432,3,0.0,113400.0,113400.0,13400.0
4637,Megan Villegas,martingale,100.0,100000.0,50000.0,573,1,0.0,98700.0,98700.0,-1300.0
4638,Clyde McMahon,martingale,100.0,100000.0,50000.0,516,2,0.0,112200.0,112200.0,12200.0
4639,Belen Hinton,martingale,100.0,100000.0,50000.0,240,2,0.0,59900.0,59900.0,-40100.0
4640,Frankie Ferguson,martingale,100.0,100000.0,50000.0,564,1,0.0,111500.0,111500.0,11500.0
4641,Juliana Villalobos,martingale,100.0,100000.0,50000.0,488,2,0.0,121400.0,121400.0,21400.0
4642,Reuben Vasquez,martingale,100.0,100000.0,50000.0,163,2,0.0,77800.0,77800.0,-22200.0
4643,Rose Padilla,martingale,100.0,100000.0,50000.0,624,1,0.0,119800.0,119800.0,19800.0
4644,Jaden Cortez,martingale,100.0,100000.0,50000.0,395,2,0.0,117300.0,117300.0,17300.0
4645,Haven Morrow,martingale,100.0,100000.0,50000.0,565,3,0.0,122400.0,122400.0,22400.0
4646,Kyree Roberson,martingale,100.0,100000.0,50000.0,14,1,0.0,400.0,400.0,-99600.0
4647,Sasha Gilmore,martingale,100.0,100000.0,50000.0,21,1,0.0,13100.0,13100.0,-86900.0
4648,Vihaan McKay,martingale,100.0,100000.0,50000.0,518,1,0.0,121100.0,121100.0,21100.0
4649,Leanna Moreno,martingale,100.0,100000.0,50000.0,474,1,0.0,109000.0,109000.0,9000.0
4650,Myles Frazier,martingale,100.0,100000.0,50000.0,89,1,0.0,10800.0,10800.0,-89200.0
4651,Octavia Nielsen,martingale,100.0,100000.0,50000.0,370,2,0.0,103200.0,103200.0,3200.0
4652,Tru Ward,martingale,100.0,100000.0,50000.0,567,1,0.0,113600.0,113600.0,13600.0
4653,Ariana Peters,martingale,100.0,100000.0,50000.0,387,2,0.0,94200.0,94200.0,-5800.0
4654,Patrick Walton,martingale,100.0,100000.0,50000.0,274,1,0.0,100900.0,100900.0,900.0
4655,Scarlet Tucker,martingale,100.0,100000.0,50000.0,603,3,0.0,125500.0,125500.0,25500.0
4656,Ivan Williamson,martingale,100.0,100000.0,50000.0,381,1,0.0,82100.0,82100.0,-17900.0
4657,Catherine Cummings,martingale,100.0,100000.0,50000.0,445,2,0.0,100400.0,100400.0,400.0
4658,Raiden Drake,martingale,100.0,100000.0,50000.0,257,2,0.0,74100.0,74100.0,-25900.0
4659,Jayleen Goodwin,martingale,100.0,100000.0,50000.0,509,2,0.0,118600.0,118600.0,18600.0
4660,Kaison Cunningham,martingale,100.0,100000.0,50000.0,86,1,0.0,22800.0,22800.0,-77200.0
4661,Marley Esquivel,martingale,100.0,100000.0,50000.0,657,1,0.0,124700.0,124700.0,24700.0
4662,Bridger Stevens,martingale,100.0,100000.0,50000.0,351,1,0.0,109100.0,109100.0,9100.0
4663,Katherine Sweeney,martingale,100.0,100000.0,50000.0,649,1,0.0,128900.0,128900.0,28900.0
4664,Nixon Freeman,martingale,100.0,100000.0,50000.0,567,3,0.0,125500.0,125500.0,25500.0
4665,Norah Kelley,martingale,100.0,100000.0,50000.0,407,2,0.0,118200.0,118200.0,18200.0
4666,Eric McCarty,martingale,100.0,100000.0,50000.0,590,3,0.0,119000.0,119000.0,19000.0
4667,Halo Lin,martingale,100.0,100000.0,50000.0,86,1,0.0,9200.0,9200.0,-90800.0
4668,Conor Prince,martingale,100.0,100000.0,50000.0,758,1,0.0,135400.0,135400.0,35400.0
4669,Greta Collier,martingale,100.0,100000.0,50000.0,588,1,0.0,126100.0,126100.0,26100.0
4670,Edison Gallagher,martingale,100.0,100000.0,50000.0,340,3,0.0,108600.0,108600.0,8600.0
4671,Elliott Houston,martingale,100.0,100000.0,50000.0,454,2,0.0,119100.0,119100.0,19100.0
4672,Sylas Ali,martingale,100.0,100000.0,50000.0,301,3,0.0,101700.0,101700.0,1700.0
4673,Zelda Warner,martingale,100.0,100000.0,50000.0,583,2,0.0,117100.0,117100.0,17100.0
4674,Jaxton Tyler,martingale,100.0,100000.0,50000.0,819,1,0.0,139600.0,139600.0,39600.0
4675,Helena Kane,martingale,100.0,100000.0,50000.0,325,1,0.0,54800.0,54800.0,-45200.0
4676,Brock Gomez,martingale,100.0,100000.0,50000.0,403,2,0.0,101200.0,101200.0,1200.0
4677,Natalie Petersen,martingale,100.0,100000.0,50000.0,596,2,0.0,112600.0,112600.0,12600.0
4678,Samson Orozco,martingale,100.0,100000.0,50000.0,216,1,0.0,59600.0,59600.0,-40400.0
4679,Renata Hanna,martingale,100.0,100000.0,50000.0,542,1,0.0,119100.0,119100.0,19100.0
4680,Aydin Baxter,martingale,100.0,100000.0,50000.0,105,1,0.0,14300.0,14300.0,-85700.0
4681,Lara Shah,martingale,100.0,100000.0,50000.0,368,1,0.0,95100.0,95100.0,-4900.0
4682,Zain Sosa,martingale,100.0,100000.0,50000.0,78,1,0.0,9900.0,9900.0,-90100.0
4683,Cassandra Magana,martingale,100.0,100000.0,50000.0,50,1,0.0,4700.0,4700.0,-95300.0
4684,Rey Porter,martingale,100.0,100000.0,50000.0,282,1,0.0,98700.0,98700.0,-1300.0
4685,Ryleigh Lopez,martingale,100.0,100000.0,50000.0,113,1,0.0,22200.0,22200.0,-77800.0
4686,Michael Nixon,martingale,100.0,100000.0,50000.0,535,1,0.0,116500.0,116500.0,16500.0
4687,Deborah Cano,martingale,100.0,100000.0,50000.0,527,1,0.0,107900.0,107900.0,7900.0
4688,Terry Willis,martingale,100.0,100000.0,50000.0,379,2,0.0,76900.0,76900.0,-23100.0
4689,Alexa Noble,martingale,100.0,100000.0,50000.0,181,1,0.0,41100.0,41100.0,-58900.0
4690,Idris Stewart,martingale,100.0,100000.0,50000.0,494,2,0.0,121600.0,121600.0,21600.0
4691,Maya Atkinson,martingale,100.0,100000.0,50000.0,270,2,0.0,100400.0,100400.0,400.0
4692,Duke Ryan,martingale,100.0,100000.0,50000.0,596,2,0.0,120600.0,120600.0,20600.0
4693,Morgan Vaughn,martingale,100.0,100000.0,50000.0,195,1,0.0,40300.0,40300.0,-59700.0
4694,Remy Martinez,martingale,100.0,100000.0,50000.0,305,4,0.0,67500.0,67500.0,-32500.0
4695,Harper McGee,martingale,100.0,100000.0,50000.0,640,2,0.0,122400.0,122400.0,22400.0
4696,Conner Novak,martingale,100.0,100000.0,50000.0,281,3,0.0,88300.0,88300.0,-11700.0
4697,Kaiya Terry,martingale,100.0,100000.0,50000.0,42,1,0.0,5000.0,5000.0,-95000.0
4698,Armani Franklin,martingale,100.0,100000.0,50000.0,549,1,0.0,115600.0,115600.0,15600.0
4699,Angela Thomas,martingale,100.0,100000.0,50000.0,368,3,0.0,111600.0,111600.0,11600.0
4700,Logan Long,martingale,100.0,100000.0,50000.0,506,2,0.0,122900.0,122900.0,22900.0
4701,Jade Wilcox,martingale,100.0,100000.0,50000.0,469,1,0.0,99200.0,99200.0,-800.0
4702,Jerry Sherman,martingale,100.0,100000.0,50000.0,582,1,0.0,124600.0,124600.0,24600.0
4703,Addilyn Schmidt,martingale,100.0,100000.0,50000.0,589,1,0.0,117700.0,117700.0,17700.0
4704,Zayden Chung,martingale,100.0,100000.0,50000.0,17,1,0.0,6400.0,6400.0,-93600.0
4705,Rivka Carter,martingale,100.0,100000.0,50000.0,555,1,0.0,126300.0,126300.0,26300.0
4706,Maverick Jennings,martingale,100.0,100000.0,50000.0,316,1,0.0,78600.0,78600.0,-21400.0
4707,Palmer Callahan,martingale,100.0,100000.0,50000.0,409,3,0.0,111400.0,111400.0,11400.0
4708,Quinton Brooks,martingale,100.0,100000.0,50000.0,617,1,0.0,127600.0,127600.0,27600.0
4709,Autumn Shannon,martingale,100.0,100000.0,50000.0,344,3,0.0,74000.0,74000.0,-26000.0
4710,Eliel Stanton,martingale,100.0,100000.0,50000.0,53,1,0.0,6200.0,6200.0,-93800.0
4711,Jaycee Patterson,martingale,100.0,100000.0,50000.0,583,1,0.0,108000.0,108000.0,8000.0
4712,Amir Velazquez,martingale,100.0,100000.0,50000.0,238,1,0.0,53000.0,53000.0,-47000.0
4713,Jaliyah Calderon,martingale,100.0,100000.0,50000.0,424,2,0.0,90700.0,90700.0,-9300.0
4714,Oakley Peters,martingale,100.0,100000.0,50000.0,361,2,0.0,109000.0,109000.0,9000.0
4715,Leila Orr,martingale,100.0,100000.0,50000.0,709,1,0.0,134200.0,134200.0,34200.0
4716,Benicio Byrd,martingale,100.0,100000.0,50000.0,369,1,0.0,67200.0,67200.0,-32800.0
4717,Giselle Kaur,martingale,100.0,100000.0,50000.0,332,1,0.0,104300.0,104300.0,4300.0
4718,Augustine Graham,martingale,100.0,100000.0,50000.0,334,3,0.0,78000.0,78000.0,-22000.0
4719,Alaia Gordon,martingale,100.0,100000.0,50000.0,504,2,0.0,120900.0,120900.0,20900.0
4720,Karter Ho,martingale,100.0,100000.0,50000.0,258,1,0.0,59500.0,59500.0,-40500.0
4721,Calliope Padilla,martingale,100.0,100000.0,50000.0,452,1,0.0,117500.0,117500.0,17500.0
4722,Jaden Fry,martingale,100.0,100000.0,50000.0,605,1,0.0,129100.0,129100.0,29100.0
4723,Clarissa Joseph,martingale,100.0,100000.0,50000.0,349,1,0.0,94500.0,94500.0,-5500.0
4724,Kyle Cantrell,martingale,100.0,100000.0,50000.0,245,2,0.0,70100.0,70100.0,-29900.0
4725,Yamileth Tate,martingale,100.0,100000.0,50000.0,185,5,0.0,91100.0,91100.0,-8900.0
4726,Dalton Zamora,martingale,100.0,100000.0,50000.0,13,1,0.0,300.0,300.0,-99700.0
4727,Sierra Moody,martingale,100.0,100000.0,50000.0,522,1,0.0,120000.0,120000.0,20000.0
4728,Ryland Mercado,martingale,100.0,100000.0,50000.0,516,1,0.0,93500.0,93500.0,-6500.0
4729,Mckinley Xiong,martingale,100.0,100000.0,50000.0,527,1,0.0,106300.0,106300.0,6300.0
4730,Azrael Hendrix,martingale,100.0,100000.0,50000.0,542,1,0.0,125700.0,125700.0,25700.0
4731,Zhuri Cantu,martingale,100.0,100000.0,50000.0,450,1,0.0,101100.0,101100.0,1100.0
4732,Anakin Cortes,martingale,100.0,100000.0,50000.0,389,3,0.0,75500.0,75500.0,-24500.0
4733,Lea Stanton,martingale,100.0,100000.0,50000.0,484,2,0.0,98900.0,98900.0,-1100.0
4734,Zyair Rodriguez,martingale,100.0,100000.0,50000.0,584,1,0.0,125200.0,125200.0,25200.0
4735,Evelyn Newman,martingale,100.0,100000.0,50000.0,483,4,0.0,121200.0,121200.0,21200.0
4736,Anderson Ballard,martingale,100.0,100000.0,50000.0,331,1,0.0,89200.0,89200.0,-10800.0
4737,Alejandra Villarreal,martingale,100.0,100000.0,50000.0,481,2,0.0,116800.0,116800.0,16800.0
4738,Nikolai Parker,martingale,100.0,100000.0,50000.0,208,2,0.0,64700.0,64700.0,-35300.0
4739,Aubrey Castro,martingale,100.0,100000.0,50000.0,366,1,0.0,82500.0,82500.0,-17500.0
4740,Jasper O’Connell,martingale,100.0,100000.0,50000.0,474,3,0.0,105000.0,105000.0,5000.0
4741,Jillian Hale,martingale,100.0,100000.0,50000.0,440,1,0.0,96900.0,96900.0,-3100.0
4742,Ezequiel Owen,martingale,100.0,100000.0,50000.0,483,1,0.0,113300.0,113300.0,13300.0
4743,Mikayla Salgado,martingale,100.0,100000.0,50000.0,127,1,0.0,21800.0,21800.0,-78200.0
4744,Trace Mendez,martingale,100.0,100000.0,50000.0,536,1,0.0,126500.0,126500.0,26500.0
4745,Londyn Galvan,martingale,100.0,100000.0,50000.0,492,2,0.0,100800.0,100800.0,800.0
4746,Kingsley Mays,martingale,100.0,100000.0,50000.0,431,1,0.0,93700.0,93700.0,-6300.0
4747,Denisse Golden,martingale,100.0,100000.0,50000.0,83,1,0.0,27300.0,27300.0,-72700.0
4748,Amias Lewis,martingale,100.0,100000.0,50000.0,604,1,0.0,129100.0,129100.0,29100.0
4749,Ellie Salazar,martingale,100.0,100000.0,50000.0,305,4,0.0,86500.0,86500.0,-13500.0
4750,Brody Yates,martingale,100.0,100000.0,50000.0,446,1,0.0,115400.0,115400.0,15400.0
4751,Charley Crawford,martingale,100.0,100000.0,50000.0,655,2,0.0,132300.0,132300.0,32300.0
4752,Kevin McKee,martingale,100.0,100000.0,50000.0,335,2,0.0,90100.0,90100.0,-9900.0
4753,Kori Rosales,martingale,100.0,100000.0,50000.0,14,1,0.0,400.0,400.0,-99600.0
4754,Wilder Montes,martingale,100.0,100000.0,50000.0,469,1,0.0,111600.0,111600.0,11600.0
4755,Roselyn Garrison,martingale,100.0,100000.0,50000.0,184,1,0.0,24400.0,24400.0,-75600.0
4756,Noe Martin,martingale,100.0,100000.0,50000.0,424,4,0.0,115200.0,115200.0,15200.0
4757,Mila Small,martingale,100.0,100000.0,50000.0,726,3,0.0,136500.0,136500.0,36500.0
4758,Rudy Bautista,martingale,100.0,100000.0,50000.0,438,2,0.0,121000.0,121000.0,21000.0
4759,Antonella Espinosa,martingale,100.0,100000.0,50000.0,464,1,0.0,112900.0,112900.0,12900.0
4760,Khalid Bean,martingale,100.0,100000.0,50000.0,655,2,0.0,119800.0,119800.0,19800.0
4761,Jenesis Hodges,martingale,100.0,100000.0,50000.0,496,1,0.0,117100.0,117100.0,17100.0
4762,Alonzo Shaw,martingale,100.0,100000.0,50000.0,483,1,0.0,96000.0,96000.0,-4000.0
4763,Emersyn Davis,martingale,100.0,100000.0,50000.0,116,1,0.0,43100.0,43100.0,-56900.0
4764,Lucas Buckley,martingale,100.0,100000.0,50000.0,543,1,0.0,122900.0,122900.0,22900.0
4765,Theodora Montoya,martingale,100.0,100000.0,50000.0,446,2,0.0,99600.0,99600.0,-400.0
4766,Ford Estrada,martingale,100.0,100000.0,50000.0,34,1,0.0,2500.0,2500.0,-97500.0
4767,Sawyer McCann,martingale,100.0,100000.0,50000.0,561,1,0.0,115000.0,115000.0,15000.0
4768,Heath Henderson,martingale,100.0,100000.0,50000.0,497,1,0.0,104000.0,104000.0,4000.0
4769,Maria Barrett,martingale,100.0,100000.0,50000.0,466,1,0.0,117300.0,117300.0,17300.0
4770,Angelo Phan,martingale,100.0,100000.0,50000.0,371,2,0.0,105800.0,105800.0,5800.0
4771,Elsa Peters,martingale,100.0,100000.0,50000.0,473,1,0.0,100700.0,100700.0,700.0
4772,Patrick Potter,martingale,100.0,100000.0,50000.0,185,2,0.0,59400.0,59400.0,-40600.0
4773,Rory Sandoval,martingale,100.0,100000.0,50000.0,148,1,0.0,55800.0,55800.0,-44200.0
4774,Brantley Choi,martingale,100.0,100000.0,50000.0,394,2,0.0,68600.0,68600.0,-31400.0
4775,Karla Newton,martingale,100.0,100000.0,50000.0,315,1,0.0,102400.0,102400.0,2400.0
4776,Santino Trejo,martingale,100.0,100000.0,50000.0,196,1,0.0,42500.0,42500.0,-57500.0
4777,Rosalyn Liu,martingale,100.0,100000.0,50000.0,544,3,0.0,103500.0,103500.0,3500.0
4778,Pedro Sims,martingale,100.0,100000.0,50000.0,210,2,0.0,61400.0,61400.0,-38600.0
4779,Lena Baker,martingale,100.0,100000.0,50000.0,452,1,0.0,79700.0,79700.0,-20300.0
4780,Ezra Cantu,martingale,100.0,100000.0,50000.0,526,1,0.0,124100.0,124100.0,24100.0
4781,Galilea Franco,martingale,100.0,100000.0,50000.0,382,2,0.0,92300.0,92300.0,-7700.0
4782,Gage Day,martingale,100.0,100000.0,50000.0,382,1,0.0,105200.0,105200.0,5200.0
4783,Hayden Francis,martingale,100.0,100000.0,50000.0,215,1,0.0,62000.0,62000.0,-38000.0
4784,Harvey Waters,martingale,100.0,100000.0,50000.0,1014,1,0.0,152600.0,152600.0,52600.0
4785,Bristol Carr,martingale,100.0,100000.0,50000.0,86,1,0.0,10800.0,10800.0,-89200.0
4786,Kash Huber,martingale,100.0,100000.0,50000.0,236,1,0.0,52000.0,52000.0,-48000.0
4787,Raquel Trejo,martingale,100.0,100000.0,50000.0,337,1,0.0,114200.0,114200.0,14200.0
4788,Wesson Howe,martingale,100.0,100000.0,50000.0,397,1,0.0,108000.0,108000.0,8000.0
4789,Persephone Singh,martingale,100.0,100000.0,50000.0,78,2,0.0,51200.0,51200.0,-48800.0
4790,Louis Li,martingale,100.0,100000.0,50000.0,385,1,0.0,97400.0,97400.0,-2600.0
4791,Paige Joseph,martingale,100.0,100000.0,50000.0,778,3,0.0,134200.0,134200.0,34200.0
4792,Kyle Quintana,martingale,100.0,100000.0,50000.0,548,1,0.0,116300.0,116300.0,16300.0
4793,Kenia Roth,martingale,100.0,100000.0,50000.0,46,1,0.0,5000.0,5000.0,-95000.0
4794,Roy Singleton,martingale,100.0,100000.0,50000.0,553,1,0.0,126800.0,126800.0,26800.0
4795,Malaysia Chapman,martingale,100.0,100000.0,50000.0,293,2,0.0,102200.0,102200.0,2200.0
4796,Knox Riley,martingale,100.0,100000.0,50000.0,566,3,0.0,121900.0,121900.0,21900.0
4797,Kayla Liu,martingale,100.0,100000.0,50000.0,551,1,0.0,123800.0,123800.0,23800.0
4798,Pedro Harvey,martingale,100.0,100000.0,50000.0,443,2,0.0,117200.0,117200.0,17200.0
4799,Nicole Owens,martingale,100.0,100000.0,50000.0,546,1,0.0,114200.0,114200.0,14200.0
4800,Adriel Leon,martingale,100.0,100000.0,50000.0,355,1,0.0,77600.0,77600.0,-22400.0
4801,Amora Rowe,martingale,100.0,100000.0,50000.0,337,1,0.0,82200.0,82200.0,-17800.0
4802,Kamden Harrington,martingale,100.0,100000.0,50000.0,257,3,0.0,107000.0,107000.0,7000.0
4803,Legacy Fitzgerald,martingale,100.0,100000.0,50000.0,730,3,0.0,134500.0,134500.0,34500.0
4804,Peyton Trejo,martingale,100.0,100000.0,50000.0,453,1,0.0,108700.0,108700.0,8700.0
4805,Rosalyn Martinez,martingale,100.0,100000.0,50000.0,545,3,0.0,120700.0,120700.0,20700.0
4806,Alexander Velasquez,martingale,100.0,100000.0,50000.0,674,3,0.0,132700.0,132700.0,32700.0
4807,Esme Fowler,martingale,100.0,100000.0,50000.0,341,1,0.0,85000.0,85000.0,-15000.0
4808,Kameron Dudley,martingale,100.0,100000.0,50000.0,417,1,0.0,84000.0,84000.0,-16000.0
4809,Hadleigh Sierra,martingale,100.0,100000.0,50000.0,524,0,0.0,125100.0,125100.0,25100.0
4810,Dayton Herman,martingale,100.0,100000.0,50000.0,534,3,0.0,116400.0,116400.0,16400.0
4811,Paulina Vega,martingale,100.0,100000.0,50000.0,73,1,0.0,15500.0,15500.0,-84500.0
4812,Aidan Mendez,martingale,100.0,100000.0,50000.0,679,1,0.0,131000.0,131000.0,31000.0
4813,Londyn Guerra,martingale,100.0,100000.0,50000.0,451,1,0.0,121500.0,121500.0,21500.0
4814,Leland Chase,martingale,100.0,100000.0,50000.0,345,2,0.0,108000.0,108000.0,8000.0
4815,Angie Gentry,martingale,100.0,100000.0,50000.0,412,2,0.0,102500.0,102500.0,2500.0
4816,Magnus Ward,martingale,100.0,100000.0,50000.0,450,1,0.0,104300.0,104300.0,4300.0
4817,Ariana Reilly,martingale,100.0,100000.0,50000.0,76,2,0.0,66800.0,66800.0,-33200.0
4818,Alvaro Cline,martingale,100.0,100000.0,50000.0,291,3,0.0,70800.0,70800.0,-29200.0
4819,Lina Kent,martingale,100.0,100000.0,50000.0,216,1,0.0,73400.0,73400.0,-26600.0
4820,Mekhi Bass,martingale,100.0,100000.0,50000.0,602,1,0.0,125000.0,125000.0,25000.0
4821,Zahra Stewart,martingale,100.0,100000.0,50000.0,265,1,0.0,73700.0,73700.0,-26300.0
4822,Nolan Shaffer,martingale,100.0,100000.0,50000.0,627,2,0.0,128200.0,128200.0,28200.0
4823,Alanna Hammond,martingale,100.0,100000.0,50000.0,371,4,0.0,100100.0,100100.0,100.0
4824,Francis Gilbert,martingale,100.0,100000.0,50000.0,383,2,0.0,107500.0,107500.0,7500.0
4825,Jocelyn Luna,martingale,100.0,100000.0,50000.0,223,1,0.0,64300.0,64300.0,-35700.0
4826,Erick Washington,martingale,100.0,100000.0,50000.0,269,2,0.0,90000.0,90000.0,-10000.0
4827,Valerie Hurley,martingale,100.0,100000.0,50000.0,450,3,0.0,117400.0,117400.0,17400.0
4828,Van Grant,martingale,100.0,100000.0,50000.0,613,1,0.0,122400.0,122400.0,22400.0
4829,Alaina Conrad,martingale,100.0,100000.0,50000.0,299,1,0.0,73600.0,73600.0,-26400.0
4830,Dilan Grimes,martingale,100.0,100000.0,50000.0,517,1,0.0,122800.0,122800.0,22800.0
4831,Braelyn Rodgers,martingale,100.0,100000.0,50000.0,450,2,0.0,97700.0,97700.0,-2300.0
4832,Mathias Hobbs,martingale,100.0,100000.0,50000.0,578,1,0.0,121800.0,121800.0,21800.0
4833,Lacey Tapia,martingale,100.0,100000.0,50000.0,140,1,0.0,63100.0,63100.0,-36900.0
4834,Samir Kirby,martingale,100.0,100000.0,50000.0,170,1,0.0,25900.0,25900.0,-74100.0
4835,Skyla Jones,martingale,100.0,100000.0,50000.0,157,1,0.0,88300.0,88300.0,-11700.0
4836,William Collins,martingale,100.0,100000.0,50000.0,309,1,0.0,54200.0,54200.0,-45800.0
4837,Kinsley Reese,martingale,100.0,100000.0,50000.0,153,2,0.0,67400.0,67400.0,-32600.0
4838,Alijah Bond,martingale,100.0,100000.0,50000.0,706,2,0.0,134200.0,134200.0,34200.0
4839,Alena Murillo,martingale,100.0,100000.0,50000.0,454,3,0.0,119600.0,119600.0,19600.0
4840,Lance Escobar,martingale,100.0,100000.0,50000.0,588,1,0.0,113600.0,113600.0,13600.0
4841,Erin Powell,martingale,100.0,100000.0,50000.0,552,1,0.0,95600.0,95600.0,-4400.0
4842,Bennett McDonald,martingale,100.0,100000.0,50000.0,294,2,0.0,62700.0,62700.0,-37300.0
4843,Daisy Fischer,martingale,100.0,100000.0,50000.0,576,1,0.0,124700.0,124700.0,24700.0
4844,Leonidas Leal,martingale,100.0,100000.0,50000.0,425,1,0.0,111400.0,111400.0,11400.0
4845,Murphy Cruz,martingale,100.0,100000.0,50000.0,375,1,0.0,107000.0,107000.0,7000.0
4846,Ryan Serrano,martingale,100.0,100000.0,50000.0,54,1,0.0,5500.0,5500.0,-94500.0
4847,Allie Klein,martingale,100.0,100000.0,50000.0,541,1,0.0,124900.0,124900.0,24900.0
4848,Marco Rojas,martingale,100.0,100000.0,50000.0,235,3,0.0,99100.0,99100.0,-900.0
4849,Adaline Wright,martingale,100.0,100000.0,50000.0,559,1,0.0,124600.0,124600.0,24600.0
4850,Grayson Duffy,martingale,100.0,100000.0,50000.0,294,4,0.0,66600.0,66600.0,-33400.0
4851,Addisyn Beil,martingale,100.0,100000.0,50000.0,448,1,0.0,117300.0,117300.0,17300.0
4852,Ariel Gonzales,martingale,100.0,100000.0,50000.0,441,1,0.0,91000.0,91000.0,-9000.0
4853,Hadley Villanueva,martingale,100.0,100000.0,50000.0,401,1,0.0,90100.0,90100.0,-9900.0
4854,Huxley Armstrong,martingale,100.0,100000.0,50000.0,51,1,0.0,5500.0,5500.0,-94500.0
4855,Presley Giles,martingale,100.0,100000.0,50000.0,583,2,0.0,123500.0,123500.0,23500.0
4856,Kole Ibarra,martingale,100.0,100000.0,50000.0,352,1,0.0,93000.0,93000.0,-7000.0
4857,Madilynn Dunlap,martingale,100.0,100000.0,50000.0,449,3,0.0,116300.0,116300.0,16300.0
4858,Aries Fitzpatrick,martingale,100.0,100000.0,50000.0,646,3,0.0,130000.0,130000.0,30000.0
4859,Annabella Roach,martingale,100.0,100000.0,50000.0,39,1,0.0,5600.0,5600.0,-94400.0
4860,Caspian Hail,martingale,100.0,100000.0,50000.0,319,1,0.0,65900.0,65900.0,-34100.0
4861,Lainey Lynch,martingale,100.0,100000.0,50000.0,368,1,0.0,97700.0,97700.0,-2300.0
4862,Zane Atkinson,martingale,100.0,100000.0,50000.0,287,1,0.0,90100.0,90100.0,-9900.0
4863,Jazmin Ali,martingale,100.0,100000.0,50000.0,662,1,0.0,121200.0,121200.0,21200.0
4864,Arjun Curry,martingale,100.0,100000.0,50000.0,591,3,0.0,129700.0,129700.0,29700.0
4865,Alison Pearson,martingale,100.0,100000.0,50000.0,302,1,0.0,56100.0,56100.0,-43900.0
4866,Gunner Hendricks,martingale,100.0,100000.0,50000.0,428,2,0.0,112500.0,112500.0,12500.0
4867,Dani Hodges,martingale,100.0,100000.0,50000.0,16,1,0.0,1000.0,1000.0,-99000.0
4868,Alonzo Phillips,martingale,100.0,100000.0,50000.0,398,1,0.0,100700.0,100700.0,700.0
4869,Naomi Macias,martingale,100.0,100000.0,50000.0,388,3,0.0,109700.0,109700.0,9700.0
4870,Moshe Williamson,martingale,100.0,100000.0,50000.0,514,1,0.0,107000.0,107000.0,7000.0
4871,Catherine Moran,martingale,100.0,100000.0,50000.0,553,2,0.0,116800.0,116800.0,16800.0
4872,Tate Erickson,martingale,100.0,100000.0,50000.0,517,1,0.0,122100.0,122100.0,22100.0
4873,Sabrina Guevara,martingale,100.0,100000.0,50000.0,342,1,0.0,106700.0,106700.0,6700.0
4874,Tommy Rowland,martingale,100.0,100000.0,50000.0,572,1,0.0,124200.0,124200.0,24200.0
4875,Harleigh Hartman,martingale,100.0,100000.0,50000.0,286,2,0.0,89100.0,89100.0,-10900.0
4876,Baker Nguyen,martingale,100.0,100000.0,50000.0,621,3,0.0,124400.0,124400.0,24400.0
4877,Nova Foley,martingale,100.0,100000.0,50000.0,13,1,0.0,300.0,300.0,-99700.0
4878,Mohammad Grimes,martingale,100.0,100000.0,50000.0,222,1,0.0,77300.0,77300.0,-22700.0
4879,Braelyn Cabrera,martingale,100.0,100000.0,50000.0,441,1,0.0,101900.0,101900.0,1900.0
4880,Cade Nava,martingale,100.0,100000.0,50000.0,361,4,0.0,106500.0,106500.0,6500.0
4881,Scout Hansen,martingale,100.0,100000.0,50000.0,534,0,0.0,124900.0,124900.0,24900.0
4882,Charlie Villegas,martingale,100.0,100000.0,50000.0,608,0,0.0,124100.0,124100.0,24100.0
4883,Jessie Nicholson,martingale,100.0,100000.0,50000.0,292,1,0.0,70400.0,70400.0,-29600.0
4884,Rodrigo Henry,martingale,100.0,100000.0,50000.0,190,2,0.0,68000.0,68000.0,-32000.0
4885,Summer Huber,martingale,100.0,100000.0,50000.0,275,1,0.0,92800.0,92800.0,-7200.0
4886,Mac Novak,martingale,100.0,100000.0,50000.0,106,1,0.0,13400.0,13400.0,-86600.0
4887,Kaiya Medrano,martingale,100.0,100000.0,50000.0,263,1,0.0,94900.0,94900.0,-5100.0
4888,Arian Castillo,martingale,100.0,100000.0,50000.0,306,1,0.0,90000.0,90000.0,-10000.0
4889,Eva Harmon,martingale,100.0,100000.0,50000.0,535,0,0.0,112500.0,112500.0,12500.0
4890,Roberto McCarthy,martingale,100.0,100000.0,50000.0,494,1,0.0,100700.0,100700.0,700.0
4891,Kira Gates,martingale,100.0,100000.0,50000.0,314,2,0.0,108900.0,108900.0,8900.0
4892,Ermias Page,martingale,100.0,100000.0,50000.0,31,1,0.0,4700.0,4700.0,-95300.0
4893,Cataleya Maxwell,martingale,100.0,100000.0,50000.0,343,1,0.0,106300.0,106300.0,6300.0
4894,Eden Ahmed,martingale,100.0,100000.0,50000.0,135,4,0.0,86500.0,86500.0,-13500.0
4895,Jolie Woodard,martingale,100.0,100000.0,50000.0,828,1,0.0,141100.0,141100.0,41100.0
4896,Westley Shepard,martingale,100.0,100000.0,50000.0,346,3,0.0,113000.0,113000.0,13000.0
4897,Noor Schneider,martingale,100.0,100000.0,50000.0,574,1,0.0,128000.0,128000.0,28000.0
4898,Raymond Norman,martingale,100.0,100000.0,50000.0,452,2,0.0,111800.0,111800.0,11800.0
4899,Malani Enriquez,martingale,100.0,100000.0,50000.0,337,1,0.0,65300.0,65300.0,-34700.0
4900,Elisha Singleton,martingale,100.0,100000.0,50000.0,295,1,0.0,83400.0,83400.0,-16600.0
4901,Malaysia Krueger,martingale,100.0,100000.0,50000.0,595,1,0.0,109000.0,109000.0,9000.0
4902,Jones Butler,martingale,100.0,100000.0,50000.0,684,1,0.0,130900.0,130900.0,30900.0
4903,Athena Whitaker,martingale,100.0,100000.0,50000.0,571,1,0.0,121000.0,121000.0,21000.0
4904,Keith Hoffman,martingale,100.0,100000.0,50000.0,93,2,0.0,57800.0,57800.0,-42200.0
4905,Aspen Johnston,martingale,100.0,100000.0,50000.0,234,1,0.0,52700.0,52700.0,-47300.0
4906,Felix Rosales,martingale,100.0,100000.0,50000.0,90,1,0.0,20900.0,20900.0,-79100.0
4907,Kinley Jones,martingale,100.0,100000.0,50000.0,460,3,0.0,100600.0,100600.0,600.0
4908,William Craig,martingale,100.0,100000.0,50000.0,133,1,0.0,22800.0,22800.0,-77200.0
4909,Brynn Hoffman,martingale,100.0,100000.0,50000.0,429,1,0.0,67600.0,67600.0,-32400.0
4910,Steven Garrison,martingale,100.0,100000.0,50000.0,379,1,0.0,98500.0,98500.0,-1500.0
4911,Cadence Christensen,martingale,100.0,100000.0,50000.0,807,1,0.0,138500.0,138500.0,38500.0
4912,Gregory Gilmore,martingale,100.0,100000.0,50000.0,206,1,0.0,29500.0,29500.0,-70500.0
4913,Chanel Williamson,martingale,100.0,100000.0,50000.0,442,1,0.0,90500.0,90500.0,-9500.0
4914,Emerson Berry,martingale,100.0,100000.0,50000.0,183,1,0.0,26100.0,26100.0,-73900.0
4915,Annabelle Herrera,martingale,100.0,100000.0,50000.0,626,2,0.0,130500.0,130500.0,30500.0
4916,River Thomas,martingale,100.0,100000.0,50000.0,559,2,0.0,115800.0,115800.0,15800.0
4917,Elizabeth Washington,martingale,100.0,100000.0,50000.0,191,2,0.0,58600.0,58600.0,-41400.0
4918,Juan McGee,martingale,100.0,100000.0,50000.0,121,1,0.0,56000.0,56000.0,-44000.0
4919,Kayleigh Wade,martingale,100.0,100000.0,50000.0,523,4,0.0,115000.0,115000.0,15000.0
4920,Jake Ashley,martingale,100.0,100000.0,50000.0,171,3,0.0,80700.0,80700.0,-19300.0
4921,Khalani Costa,martingale,100.0,100000.0,50000.0,229,4,0.0,92200.0,92200.0,-7800.0
4922,Kenji Huerta,martingale,100.0,100000.0,50000.0,436,1,0.0,83400.0,83400.0,-16600.0
4923,Dulce Sheppard,martingale,100.0,100000.0,50000.0,410,2,0.0,116000.0,116000.0,16000.0
4924,Trent Walker,martingale,100.0,100000.0,50000.0,485,2,0.0,117800.0,117800.0,17800.0
4925,Hazel Shannon,martingale,100.0,100000.0,50000.0,191,1,0.0,52000.0,52000.0,-48000.0
4926,Eliel Foster,martingale,100.0,100000.0,50000.0,508,1,0.0,119100.0,119100.0,19100.0
4927,Brielle Chavez,martingale,100.0,100000.0,50000.0,76,1,0.0,20900.0,20900.0,-79100.0
4928,Ian Acevedo,martingale,100.0,100000.0,50000.0,507,1,0.0,123500.0,123500.0,23500.0
4929,Ashlynn Browning,martingale,100.0,100000.0,50000.0,280,3,0.0,63600.0,63600.0,-36400.0
4930,Rohan Drake,martingale,100.0,100000.0,50000.0,58,1,0.0,9100.0,9100.0,-90900.0
4931,Jayleen Mercado,martingale,100.0,100000.0,50000.0,464,1,0.0,98600.0,98600.0,-1400.0
4932,Abram Landry,martingale,100.0,100000.0,50000.0,343,3,0.0,93300.0,93300.0,-6700.0
4933,Brynleigh Banks,martingale,100.0,100000.0,50000.0,233,1,0.0,43300.0,43300.0,-56700.0
4934,Martin Brandt,martingale,100.0,100000.0,50000.0,419,2,0.0,76500.0,76500.0,-23500.0
4935,Loretta Zamora,martingale,100.0,100000.0,50000.0,524,1,0.0,115200.0,115200.0,15200.0
4936,Quentin Mendoza,martingale,100.0,100000.0,50000.0,494,1,0.0,124500.0,124500.0,24500.0
4937,Cora Patton,martingale,100.0,100000.0,50000.0,340,2,0.0,91700.0,91700.0,-8300.0
4938,Moises Hood,martingale,100.0,100000.0,50000.0,427,1,0.0,91300.0,91300.0,-8700.0
4939,Briana Portillo,martingale,100.0,100000.0,50000.0,536,2,0.0,125500.0,125500.0,25500.0
4940,Wallace Atkinson,martingale,100.0,100000.0,50000.0,303,1,0.0,86600.0,86600.0,-13400.0
4941,Jazmin Frazier,martingale,100.0,100000.0,50000.0,471,1,0.0,118900.0,118900.0,18900.0
4942,Callum Dunn,martingale,100.0,100000.0,50000.0,311,1,0.0,64700.0,64700.0,-35300.0
4943,Olive Liu,martingale,100.0,100000.0,50000.0,533,3,0.0,124600.0,124600.0,24600.0
4944,Pedro Huffman,martingale,100.0,100000.0,50000.0,530,2,0.0,122200.0,122200.0,22200.0
4945,Hayley Vincent,martingale,100.0,100000.0,50000.0,498,1,0.0,118200.0,118200.0,18200.0
4946,Aarav Walter,martingale,100.0,100000.0,50000.0,504,1,0.0,121200.0,121200.0,21200.0
4947,Penny Malone,martingale,100.0,100000.0,50000.0,591,2,0.0,128400.0,128400.0,28400.0
4948,Ruben Hamilton,martingale,100.0,100000.0,50000.0,300,2,0.0,112300.0,112300.0,12300.0
4949,Mackenzie Lawson,martingale,100.0,100000.0,50000.0,482,1,0.0,122800.0,122800.0,22800.0
4950,Lane Best,martingale,100.0,100000.0,50000.0,282,1,0.0,79200.0,79200.0,-20800.0
4951,Lexie Johns,martingale,100.0,100000.0,50000.0,140,2,0.0,57400.0,57400.0,-42600.0
4952,Joziah Gates,martingale,100.0,100000.0,50000.0,338,1,0.0,93600.0,93600.0,-6400.0
4953,Melina Campos,martingale,100.0,100000.0,50000.0,694,1,0.0,130600.0,130600.0,30600.0
4954,Gideon Esquivel,martingale,100.0,100000.0,50000.0,483,1,0.0,119200.0,119200.0,19200.0
4955,Jaylee Hansen,martingale,100.0,100000.0,50000.0,637,1,0.0,114900.0,114900.0,14900.0
4956,Charlie Bell,martingale,100.0,100000.0,50000.0,467,3,0.0,100200.0,100200.0,200.0
4957,Melody Griffith,martingale,100.0,100000.0,50000.0,612,4,0.0,127500.0,127500.0,27500.0
4958,Franklin McCormick,martingale,100.0,100000.0,50000.0,355,2,0.0,76800.0,76800.0,-23200.0
4959,Macie Molina,martingale,100.0,100000.0,50000.0,213,2,0.0,80800.0,80800.0,-19200.0
4960,Prince David,martingale,100.0,100000.0,50000.0,353,2,0.0,111000.0,111000.0,11000.0
4961,Haylee Schwartz,martingale,100.0,100000.0,50000.0,453,2,0.0,111000.0,111000.0,11000.0
4962,Edwin Ryan,martingale,100.0,100000.0,50000.0,256,2,0.0,90700.0,90700.0,-9300.0
4963,Morgan Walker,martingale,100.0,100000.0,50000.0,560,3,0.0,127100.0,127100.0,27100.0
4964,Luke Pace,martingale,100.0,100000.0,50000.0,505,1,0.0,119900.0,119900.0,19900.0
4965,Giana Jones,martingale,100.0,100000.0,50000.0,463,1,0.0,81600.0,81600.0,-18400.0
4966,William Hardin,martingale,100.0,100000.0,50000.0,340,1,0.0,70100.0,70100.0,-29900.0
4967,Vada Matthews,martingale,100.0,100000.0,50000.0,147,1,0.0,22300.0,22300.0,-77700.0
4968,Preston Martin,martingale,100.0,100000.0,50000.0,425,2,0.0,72000.0,72000.0,-28000.0
4969,Mila Patel,martingale,100.0,100000.0,50000.0,184,5,0.0,91700.0,91700.0,-8300.0
4970,Parker Callahan,martingale,100.0,100000.0,50000.0,37,1,0.0,9700.0,9700.0,-90300.0
4971,Kimber Donovan,martingale,100.0,100000.0,50000.0,336,1,0.0,98000.0,98000.0,-2000.0
4972,Brayan Burton,martingale,100.0,100000.0,50000.0,574,2,0.0,127800.0,127800.0,27800.0
4973,Miriam Zavala,martingale,100.0,100000.0,50000.0,555,2,0.0,125600.0,125600.0,25600.0
4974,Dillon Smith,martingale,100.0,100000.0,50000.0,378,4,0.0,103900.0,103900.0,3900.0
4975,Olivia Ho,martingale,100.0,100000.0,50000.0,566,0,0.0,125200.0,125200.0,25200.0
4976,Morgan Vega,martingale,100.0,100000.0,50000.0,260,2,0.0,71900.0,71900.0,-28100.0
4977,Dakota Bender,martingale,100.0,100000.0,50000.0,297,1,0.0,79900.0,79900.0,-20100.0
4978,Zavier Walker,martingale,100.0,100000.0,50000.0,418,1,0.0,118700.0,118700.0,18700.0
4979,Hazel McCall,martingale,100.0,100000.0,50000.0,387,2,0.0,99400.0,99400.0,-600.0
4980,Kiaan Huang,martingale,100.0,100000.0,50000.0,601,1,0.0,126500.0,126500.0,26500.0
4981,Francesca McKenzie,martingale,100.0,100000.0,50000.0,787,0,0.0,139600.0,139600.0,39600.0
4982,Scott Weiss,martingale,100.0,100000.0,50000.0,427,1,0.0,115200.0,115200.0,15200.0
4983,Lennox Hall,martingale,100.0,100000.0,50000.0,580,2,0.0,127000.0,127000.0,27000.0
4984,Thomas Singh,martingale,100.0,100000.0,50000.0,613,3,0.0,118100.0,118100.0,18100.0
4985,Vivienne Dudley,martingale,100.0,100000.0,50000.0,15,1,0.0,500.0,500.0,-99500.0
4986,Colter Collier,martingale,100.0,100000.0,50000.0,438,2,0.0,114900.0,114900.0,14900.0
4987,Ivory Lester,martingale,100.0,100000.0,50000.0,432,2,0.0,99400.0,99400.0,-600.0
4988,Lee Curtis,martingale,100.0,100000.0,50000.0,491,1,0.0,113200.0,113200.0,13200.0
4989,Alexis Schneider,martingale,100.0,100000.0,50000.0,476,2,0.0,119600.0,119600.0,19600.0
4990,Raymond Vang,martingale,100.0,100000.0,50000.0,734,3,0.0,135100.0,135100.0,35100.0
4991,Madisyn Chavez,martingale,100.0,100000.0,50000.0,520,2,0.0,114900.0,114900.0,14900.0
4992,Ian Lozano,martingale,100.0,100000.0,50000.0,689,2,0.0,133300.0,133300.0,33300.0
4993,Cecelia Hood,martingale,100.0,100000.0,50000.0,568,2,0.0,126500.0,126500.0,26500.0
4994,Brixton Stephenson,martingale,100.0,100000.0,50000.0,460,1,0.0,98200.0,98200.0,-1800.0
4995,Khaleesi Chavez,martingale,100.0,100000.0,50000.0,297,2,0.0,90400.0,90400.0,-9600.0
4996,Ian Washington,martingale,100.0,100000.0,50000.0,316,4,0.0,74100.0,74100.0,-25900.0
4997,Valerie Berg,martingale,100.0,100000.0,50000.0,107,1,0.0,13000.0,13000.0,-87000.0
4998,Cayson Reid,martingale,100.0,100000.0,50000.0,423,1,0.0,117300.0,117300.0,17300.0
4999,Charlee Hicks,martingale,100.0,100000.0,50000.0,394,1,0.0,101200.0,101200.0,1200.0
5000,Maddox Sanchez,martingale,100.0,100000.0,50000.0,397,1,0.0,101900.0,101900.0,1900.0
5001,Amaya Levy,martingale,100.0,100000.0,50000.0,441,1,0.0,98300.0,98300.0,-1700.0
5002,Harold Bailey,martingale,100.0,100000.0,50000.0,570,4,0.0,126800.0,126800.0,26800.0
5003,Kennedy Houston,martingale,100.0,100000.0,50000.0,339,1,0.0,96000.0,96000.0,-4000.0
5004,Sylas Joseph,martingale,100.0,100000.0,50000.0,221,2,0.0,64300.0,64300.0,-35700.0
5005,Gracelynn Ingram,martingale,100.0,100000.0,50000.0,739,1,0.0,134700.0,134700.0,34700.0
5006,Tripp Carrillo,martingale,100.0,100000.0,50000.0,376,0,0.0,104700.0,104700.0,4700.0
5007,Kaylani Berry,martingale,100.0,100000.0,50000.0,474,3,0.0,100300.0,100300.0,300.0
5008,Adonis Shaw,martingale,100.0,100000.0,50000.0,601,1,0.0,124400.0,124400.0,24400.0
5009,Emersyn Delarosa,martingale,100.0,100000.0,50000.0,70,1,0.0,9900.0,9900.0,-90100.0
5010,Osiris Frederick,martingale,100.0,100000.0,50000.0,211,1,0.0,65500.0,65500.0,-34500.0
5011,Sariyah Murillo,martingale,100.0,100000.0,50000.0,447,1,0.0,95000.0,95000.0,-5000.0
5012,Lance Sims,martingale,100.0,100000.0,50000.0,612,2,0.0,117200.0,117200.0,17200.0
5013,Lena Christian,martingale,100.0,100000.0,50000.0,705,1,0.0,132700.0,132700.0,32700.0
5014,Ledger Meadows,martingale,100.0,100000.0,50000.0,176,1,0.0,27600.0,27600.0,-72400.0
5015,Pearl Rios,martingale,100.0,100000.0,50000.0,512,1,0.0,113300.0,113300.0,13300.0
5016,Israel Peterson,martingale,100.0,100000.0,50000.0,175,2,0.0,60700.0,60700.0,-39300.0
5017,Caroline Enriquez,martingale,100.0,100000.0,50000.0,857,2,0.0,142200.0,142200.0,42200.0
5018,Elisha Raymond,martingale,100.0,100000.0,50000.0,436,1,0.0,111400.0,111400.0,11400.0
5019,Hadlee Suarez,martingale,100.0,100000.0,50000.0,615,0,0.0,127700.0,127700.0,27700.0
5020,Soren Soto,martingale,100.0,100000.0,50000.0,339,1,0.0,88400.0,88400.0,-11600.0
5021,Brynlee McCarty,martingale,100.0,100000.0,50000.0,488,1,0.0,111400.0,111400.0,11400.0
5022,Blaise Ortega,martingale,100.0,100000.0,50000.0,681,0,0.0,133600.0,133600.0,33600.0
5023,Lilah Bender,martingale,100.0,100000.0,50000.0,412,1,0.0,99600.0,99600.0,-400.0
5024,Zavier Jordan,martingale,100.0,100000.0,50000.0,163,2,0.0,56900.0,56900.0,-43100.0
5025,Adalynn Valenzuela,martingale,100.0,100000.0,50000.0,223,1,0.0,78800.0,78800.0,-21200.0
5026,Jamari Leach,martingale,100.0,100000.0,50000.0,236,1,0.0,54100.0,54100.0,-45900.0
5027,Martha Ayala,martingale,100.0,100000.0,50000.0,434,2,0.0,99200.0,99200.0,-800.0
5028,Tanner Holland,martingale,100.0,100000.0,50000.0,476,4,0.0,119000.0,119000.0,19000.0
5029,Mariah Torres,martingale,100.0,100000.0,50000.0,447,1,0.0,109900.0,109900.0,9900.0
5030,Jayden Drake,martingale,100.0,100000.0,50000.0,674,3,0.0,129900.0,129900.0,29900.0
5031,Jayleen Kelly,martingale,100.0,100000.0,50000.0,499,0,0.0,125400.0,125400.0,25400.0
5032,Cooper Burgess,martingale,100.0,100000.0,50000.0,266,3,0.0,107700.0,107700.0,7700.0
5033,Emory Jennings,martingale,100.0,100000.0,50000.0,455,1,0.0,101000.0,101000.0,1000.0
5034,Corbin Bennett,martingale,100.0,100000.0,50000.0,54,1,0.0,6100.0,6100.0,-93900.0
5035,Josephine Villegas,martingale,100.0,100000.0,50000.0,242,1,0.0,52300.0,52300.0,-47700.0
5036,Clyde Nicholson,martingale,100.0,100000.0,50000.0,96,1,0.0,16100.0,16100.0,-83900.0
5037,Justice Dennis,martingale,100.0,100000.0,50000.0,471,2,0.0,113700.0,113700.0,13700.0
5038,Emanuel George,martingale,100.0,100000.0,50000.0,589,1,0.0,113200.0,113200.0,13200.0
5039,Adelyn Maldonado,martingale,100.0,100000.0,50000.0,307,2,0.0,105300.0,105300.0,5300.0
5040,Javier Jacobs,martingale,100.0,100000.0,50000.0,754,1,0.0,132900.0,132900.0,32900.0
5041,Camilla French,martingale,100.0,100000.0,50000.0,582,1,0.0,119700.0,119700.0,19700.0
5042,Corey Berry,martingale,100.0,100000.0,50000.0,218,2,0.0,79000.0,79000.0,-21000.0
5043,Annabelle Avila,martingale,100.0,100000.0,50000.0,472,2,0.0,107700.0,107700.0,7700.0
5044,Jaylen Miranda,martingale,100.0,100000.0,50000.0,283,0,0.0,88300.0,88300.0,-11700.0
5045,Amina Bowers,martingale,100.0,100000.0,50000.0,218,2,0.0,80100.0,80100.0,-19900.0
5046,Dorian Wood,martingale,100.0,100000.0,50000.0,566,3,0.0,124600.0,124600.0,24600.0
5047,Natalia Best,martingale,100.0,100000.0,50000.0,58,1,0.0,7500.0,7500.0,-92500.0
5048,Harlem Norton,martingale,100.0,100000.0,50000.0,564,3,0.0,123700.0,123700.0,23700.0
5049,Kylee Pruitt,martingale,100.0,100000.0,50000.0,474,2,0.0,120600.0,120600.0,20600.0
5050,Gatlin Santos,martingale,100.0,100000.0,50000.0,852,1,0.0,140600.0,140600.0,40600.0
5051,Alana Whitaker,martingale,100.0,100000.0,50000.0,367,1,0.0,85800.0,85800.0,-14200.0
5052,Keith Benson,martingale,100.0,100000.0,50000.0,597,4,0.0,127800.0,127800.0,27800.0
5053,Collins Santana,martingale,100.0,100000.0,50000.0,326,1,0.0,89900.0,89900.0,-10100.0
5054,Mohamed Davidson,martingale,100.0,100000.0,50000.0,683,2,0.0,133600.0,133600.0,33600.0
5055,Jayla Hunter,martingale,100.0,100000.0,50000.0,552,2,0.0,126600.0,126600.0,26600.0
5056,Archer Truong,martingale,100.0,100000.0,50000.0,467,1,0.0,120700.0,120700.0,20700.0
5057,Judith Gates,martingale,100.0,100000.0,50000.0,647,1,0.0,130300.0,130300.0,30300.0
5058,Ermias Simon,martingale,100.0,100000.0,50000.0,327,4,0.0,108100.0,108100.0,8100.0
5059,Kalani Hayes,martingale,100.0,100000.0,50000.0,454,1,0.0,100000.0,100000.0,0.0
5060,Legend Sandoval,martingale,100.0,100000.0,50000.0,602,2,0.0,117900.0,117900.0,17900.0
5061,Elsie Young,martingale,100.0,100000.0,50000.0,558,1,0.0,127000.0,127000.0,27000.0
5062,Asher Hayden,martingale,100.0,100000.0,50000.0,805,2,0.0,139200.0,139200.0,39200.0
5063,Avayah Lewis,martingale,100.0,100000.0,50000.0,210,4,0.0,94500.0,94500.0,-5500.0
5064,Wyatt Raymond,martingale,100.0,100000.0,50000.0,368,1,0.0,85700.0,85700.0,-14300.0
5065,Hadlee Wilcox,martingale,100.0,100000.0,50000.0,415,1,0.0,114500.0,114500.0,14500.0
5066,Jerry Riley,martingale,100.0,100000.0,50000.0,434,1,0.0,86500.0,86500.0,-13500.0
5067,Kayla Day,martingale,100.0,100000.0,50000.0,120,1,0.0,43000.0,43000.0,-57000.0
5068,Kayson Chang,martingale,100.0,100000.0,50000.0,522,1,0.0,113500.0,113500.0,13500.0
5069,Ophelia Holloway,martingale,100.0,100000.0,50000.0,562,2,0.0,127400.0,127400.0,27400.0
5070,Sutton Villegas,martingale,100.0,100000.0,50000.0,147,1,0.0,27600.0,27600.0,-72400.0
5071,Jessie Wolf,martingale,100.0,100000.0,50000.0,433,2,0.0,97400.0,97400.0,-2600.0
5072,Jase Keller,martingale,100.0,100000.0,50000.0,305,2,0.0,70200.0,70200.0,-29800.0
5073,Logan Barton,martingale,100.0,100000.0,50000.0,450,1,0.0,120400.0,120400.0,20400.0
5074,Cassius Blake,martingale,100.0,100000.0,50000.0,587,1,0.0,112400.0,112400.0,12400.0
5075,Amanda Snyder,martingale,100.0,100000.0,50000.0,330,1,0.0,64100.0,64100.0,-35900.0
5076,Thiago Castaneda,martingale,100.0,100000.0,50000.0,406,2,0.0,112200.0,112200.0,12200.0
5077,Keira Ramirez,martingale,100.0,100000.0,50000.0,310,2,0.0,106100.0,106100.0,6100.0
5078,David Schmitt,martingale,100.0,100000.0,50000.0,578,2,0.0,126800.0,126800.0,26800.0
5079,Queen Andrews,martingale,100.0,100000.0,50000.0,700,3,0.0,133800.0,133800.0,33800.0
5080,Lukas Lucero,martingale,100.0,100000.0,50000.0,242,2,0.0,89000.0,89000.0,-11000.0
5081,Ila Wells,martingale,100.0,100000.0,50000.0,569,1,0.0,127600.0,127600.0,27600.0
5082,Max Perkins,martingale,100.0,100000.0,50000.0,193,1,0.0,80600.0,80600.0,-19400.0
5083,Sage Montgomery,martingale,100.0,100000.0,50000.0,385,2,0.0,77400.0,77400.0,-22600.0
5084,Maximiliano Sandoval,martingale,100.0,100000.0,50000.0,534,2,0.0,121600.0,121600.0,21600.0
5085,Elsie Lambert,martingale,100.0,100000.0,50000.0,312,5,0.0,105700.0,105700.0,5700.0
5086,Mario Pierce,martingale,100.0,100000.0,50000.0,438,1,0.0,77300.0,77300.0,-22700.0
5087,Arabella Gibson,martingale,100.0,100000.0,50000.0,166,1,0.0,31400.0,31400.0,-68600.0
5088,Tyler Griffin,martingale,100.0,100000.0,50000.0,480,1,0.0,96500.0,96500.0,-3500.0
5089,Charlie Valdez,martingale,100.0,100000.0,50000.0,122,1,0.0,18800.0,18800.0,-81200.0
5090,Kyler Hobbs,martingale,100.0,100000.0,50000.0,471,1,0.0,113800.0,113800.0,13800.0
5091,Lacey Blair,martingale,100.0,100000.0,50000.0,482,1,0.0,120400.0,120400.0,20400.0
5092,Troy Jarvis,martingale,100.0,100000.0,50000.0,429,1,0.0,90100.0,90100.0,-9900.0
5093,Elisabeth Rubio,martingale,100.0,100000.0,50000.0,205,3,0.0,76900.0,76900.0,-23100.0
5094,Titan Frye,martingale,100.0,100000.0,50000.0,707,1,0.0,126900.0,126900.0,26900.0
5095,Raya Maldonado,martingale,100.0,100000.0,50000.0,614,2,0.0,118300.0,118300.0,18300.0
5096,Javier Morse,martingale,100.0,100000.0,50000.0,401,2,0.0,99600.0,99600.0,-400.0
5097,Kairi Person,martingale,100.0,100000.0,50000.0,389,1,0.0,106900.0,106900.0,6900.0
5098,Moses Yang,martingale,100.0,100000.0,50000.0,223,1,0.0,39200.0,39200.0,-60800.0
5099,Angelina Short,martingale,100.0,100000.0,50000.0,462,1,0.0,112000.0,112000.0,12000.0
5100,Hezekiah Rush,martingale,100.0,100000.0,50000.0,610,2,0.0,128800.0,128800.0,28800.0
5101,Maleah Glenn,martingale,100.0,100000.0,50000.0,408,2,0.0,94900.0,94900.0,-5100.0
5102,Zaid Herrera,martingale,100.0,100000.0,50000.0,175,1,0.0,38500.0,38500.0,-61500.0
5103,Ximena Glass,martingale,100.0,100000.0,50000.0,526,1,0.0,112700.0,112700.0,12700.0
5104,Allan Lucero,martingale,100.0,100000.0,50000.0,734,1,0.0,132000.0,132000.0,32000.0
5105,Ila Foster,martingale,100.0,100000.0,50000.0,605,2,0.0,128000.0,128000.0,28000.0
5106,Kayden Ryan,martingale,100.0,100000.0,50000.0,393,3,0.0,113500.0,113500.0,13500.0
5107,Morgan Hess,martingale,100.0,100000.0,50000.0,44,1,0.0,6300.0,6300.0,-93700.0
5108,Lawrence Ruiz,martingale,100.0,100000.0,50000.0,483,2,0.0,115200.0,115200.0,15200.0
5109,Emery Sosa,martingale,100.0,100000.0,50000.0,337,2,0.0,109000.0,109000.0,9000.0
5110,Emir Goodwin,martingale,100.0,100000.0,50000.0,209,3,0.0,60600.0,60600.0,-39400.0
5111,Shiloh Krueger,martingale,100.0,100000.0,50000.0,548,1,0.0,95500.0,95500.0,-4500.0
5112,Jones Cobb,martingale,100.0,100000.0,50000.0,540,3,0.0,115500.0,115500.0,15500.0
5113,Aviana Sheppard,martingale,100.0,100000.0,50000.0,619,3,0.0,130500.0,130500.0,30500.0
5114,Trent Greer,martingale,100.0,100000.0,50000.0,545,4,0.0,106500.0,106500.0,6500.0
5115,Reina Williams,martingale,100.0,100000.0,50000.0,798,1,0.0,139500.0,139500.0,39500.0
5116,Oliver Trejo,martingale,100.0,100000.0,50000.0,799,2,0.0,137500.0,137500.0,37500.0
5117,Rosalyn Frederick,martingale,100.0,100000.0,50000.0,452,1,0.0,122300.0,122300.0,22300.0
5118,Kase Costa,martingale,100.0,100000.0,50000.0,404,1,0.0,118700.0,118700.0,18700.0
5119,Robin Simpson,martingale,100.0,100000.0,50000.0,589,1,0.0,127300.0,127300.0,27300.0
5120,Elliott Malone,martingale,100.0,100000.0,50000.0,435,2,0.0,116700.0,116700.0,16700.0
5121,Skyler Delarosa,martingale,100.0,100000.0,50000.0,460,2,0.0,110400.0,110400.0,10400.0
5122,Osiris Ortega,martingale,100.0,100000.0,50000.0,551,3,0.0,121600.0,121600.0,21600.0
5123,Lilah Cline,martingale,100.0,100000.0,50000.0,494,3,0.0,105900.0,105900.0,5900.0
5124,Cullen Shaffer,martingale,100.0,100000.0,50000.0,794,1,0.0,134300.0,134300.0,34300.0
5125,Alanna Brown,martingale,100.0,100000.0,50000.0,461,1,0.0,98600.0,98600.0,-1400.0
5126,Elijah Murillo,martingale,100.0,100000.0,50000.0,677,2,0.0,135200.0,135200.0,35200.0
5127,Mikaela Bernard,martingale,100.0,100000.0,50000.0,631,1,0.0,113900.0,113900.0,13900.0
5128,Jair Dickson,martingale,100.0,100000.0,50000.0,535,3,0.0,123700.0,123700.0,23700.0
5129,Emmalynn White,martingale,100.0,100000.0,50000.0,251,1,0.0,52600.0,52600.0,-47400.0
5130,Aiden Johns,martingale,100.0,100000.0,50000.0,390,1,0.0,112900.0,112900.0,12900.0
5131,Giovanna Abbott,martingale,100.0,100000.0,50000.0,421,2,0.0,112200.0,112200.0,12200.0
5132,Kohen Rich,martingale,100.0,100000.0,50000.0,112,2,0.0,66400.0,66400.0,-33600.0
5133,Sunny Ramos,martingale,100.0,100000.0,50000.0,593,2,0.0,126700.0,126700.0,26700.0
5134,Angel Krueger,martingale,100.0,100000.0,50000.0,481,2,0.0,119200.0,119200.0,19200.0
5135,Kamari Lamb,martingale,100.0,100000.0,50000.0,348,2,0.0,99300.0,99300.0,-700.0
5136,Kaysen Peterson,martingale,100.0,100000.0,50000.0,258,2,0.0,82500.0,82500.0,-17500.0
5137,Caroline Nielsen,martingale,100.0,100000.0,50000.0,691,1,0.0,132800.0,132800.0,32800.0
5138,Tru Wade,martingale,100.0,100000.0,50000.0,26,1,0.0,1800.0,1800.0,-98200.0
5139,Evie Vaughan,martingale,100.0,100000.0,50000.0,547,1,0.0,125600.0,125600.0,25600.0
5140,Castiel Andrews,martingale,100.0,100000.0,50000.0,531,2,0.0,115200.0,115200.0,15200.0
5141,Payton Norman,martingale,100.0,100000.0,50000.0,479,1,0.0,107700.0,107700.0,7700.0
5142,Aziel Perry,martingale,100.0,100000.0,50000.0,276,4,0.0,88900.0,88900.0,-11100.0
5143,Clara Orr,martingale,100.0,100000.0,50000.0,571,1,0.0,113700.0,113700.0,13700.0
5144,Benicio Sandoval,martingale,100.0,100000.0,50000.0,455,2,0.0,119900.0,119900.0,19900.0
5145,Elsie Hayes,martingale,100.0,100000.0,50000.0,28,1,0.0,2200.0,2200.0,-97800.0
5146,Legend Schaefer,martingale,100.0,100000.0,50000.0,430,4,0.0,99900.0,99900.0,-100.0
5147,Mavis Bernard,martingale,100.0,100000.0,50000.0,542,1,0.0,104900.0,104900.0,4900.0
5148,Jair Bass,martingale,100.0,100000.0,50000.0,377,2,0.0,71400.0,71400.0,-28600.0
5149,Zahra Serrano,martingale,100.0,100000.0,50000.0,619,2,0.0,125800.0,125800.0,25800.0
5150,Milan Poole,martingale,100.0,100000.0,50000.0,337,1,0.0,90500.0,90500.0,-9500.0
5151,Bonnie Mason,martingale,100.0,100000.0,50000.0,490,2,0.0,122500.0,122500.0,22500.0
5152,Brandon Hines,martingale,100.0,100000.0,50000.0,198,2,0.0,73800.0,73800.0,-26200.0
5153,Poppy Hanna,martingale,100.0,100000.0,50000.0,535,1,0.0,121800.0,121800.0,21800.0
5154,Aydin Ware,martingale,100.0,100000.0,50000.0,483,2,0.0,116300.0,116300.0,16300.0
5155,Eileen Stephenson,martingale,100.0,100000.0,50000.0,496,2,0.0,115900.0,115900.0,15900.0
5156,Joe Cross,martingale,100.0,100000.0,50000.0,525,3,0.0,125200.0,125200.0,25200.0
5157,Nayeli Espinoza,martingale,100.0,100000.0,50000.0,611,1,0.0,127100.0,127100.0,27100.0
5158,Dallas Grant,martingale,100.0,100000.0,50000.0,366,3,0.0,103300.0,103300.0,3300.0
5159,Alaina Huynh,martingale,100.0,100000.0,50000.0,421,1,0.0,110700.0,110700.0,10700.0
5160,Layton Sutton,martingale,100.0,100000.0,50000.0,681,2,0.0,132700.0,132700.0,32700.0
5161,Izabella Reyes,martingale,100.0,100000.0,50000.0,636,1,0.0,131100.0,131100.0,31100.0
5162,Eli Le,martingale,100.0,100000.0,50000.0,310,3,0.0,71800.0,71800.0,-28200.0
5163,Myla Dillon,martingale,100.0,100000.0,50000.0,685,3,0.0,132900.0,132900.0,32900.0
5164,Alvin Pena,martingale,100.0,100000.0,50000.0,445,4,0.0,105300.0,105300.0,5300.0
5165,Rachel Barnett,martingale,100.0,100000.0,50000.0,288,4,0.0,63800.0,63800.0,-36200.0
5166,Stephen Christensen,martingale,100.0,100000.0,50000.0,245,2,0.0,66100.0,66100.0,-33900.0
5167,Carmen Barnes,martingale,100.0,100000.0,50000.0,599,1,0.0,125500.0,125500.0,25500.0
5168,Damian Beck,martingale,100.0,100000.0,50000.0,366,5,0.0,107600.0,107600.0,7600.0
5169,Gia Beard,martingale,100.0,100000.0,50000.0,613,1,0.0,128800.0,128800.0,28800.0
5170,Nathanael Wong,martingale,100.0,100000.0,50000.0,502,1,0.0,122300.0,122300.0,22300.0
5171,Adelaide Hayes,martingale,100.0,100000.0,50000.0,243,1,0.0,69400.0,69400.0,-30600.0
5172,Legend Hunter,martingale,100.0,100000.0,50000.0,420,1,0.0,100200.0,100200.0,200.0
5173,Khloe Benitez,martingale,100.0,100000.0,50000.0,419,2,0.0,92100.0,92100.0,-7900.0
5174,Justice Garcia,martingale,100.0,100000.0,50000.0,454,2,0.0,117700.0,117700.0,17700.0
5175,Amelia Nicholson,martingale,100.0,100000.0,50000.0,494,2,0.0,120100.0,120100.0,20100.0
5176,Rodrigo Watts,martingale,100.0,100000.0,50000.0,304,1,0.0,60700.0,60700.0,-39300.0
5177,Melissa Peters,martingale,100.0,100000.0,50000.0,53,1,0.0,10400.0,10400.0,-89600.0
5178,Patrick Newman,martingale,100.0,100000.0,50000.0,330,2,0.0,109500.0,109500.0,9500.0
5179,Oaklynn Sweeney,martingale,100.0,100000.0,50000.0,368,1,0.0,80100.0,80100.0,-19900.0
5180,Nixon Browning,martingale,100.0,100000.0,50000.0,139,1,0.0,27100.0,27100.0,-72900.0
5181,Princess McKay,martingale,100.0,100000.0,50000.0,443,1,0.0,110300.0,110300.0,10300.0
5182,Joey Rosario,martingale,100.0,100000.0,50000.0,113,1,0.0,13600.0,13600.0,-86400.0
5183,Louisa Blanchard,martingale,100.0,100000.0,50000.0,253,2,0.0,92900.0,92900.0,-7100.0
5184,Adler Wall,martingale,100.0,100000.0,50000.0,333,2,0.0,109300.0,109300.0,9300.0
5185,Jayda Aguirre,martingale,100.0,100000.0,50000.0,500,1,0.0,92200.0,92200.0,-7800.0
5186,Andy Huerta,martingale,100.0,100000.0,50000.0,313,2,0.0,89900.0,89900.0,-10100.0
5187,Dulce Hurley,martingale,100.0,100000.0,50000.0,412,1,0.0,116200.0,116200.0,16200.0
5188,Van Escobar,martingale,100.0,100000.0,50000.0,648,1,0.0,130100.0,130100.0,30100.0
5189,Erin Grant,martingale,100.0,100000.0,50000.0,297,1,0.0,83700.0,83700.0,-16300.0
5190,Leon Gilmore,martingale,100.0,100000.0,50000.0,308,2,0.0,75000.0,75000.0,-25000.0
5191,Chanel Griffith,martingale,100.0,100000.0,50000.0,658,1,0.0,128500.0,128500.0,28500.0
5192,Franklin Mays,martingale,100.0,100000.0,50000.0,706,1,0.0,132100.0,132100.0,32100.0
5193,Denisse Flowers,martingale,100.0,100000.0,50000.0,655,1,0.0,130900.0,130900.0,30900.0
5194,Saul Davis,martingale,100.0,100000.0,50000.0,548,3,0.0,126200.0,126200.0,26200.0
5195,Mia Wilkins,martingale,100.0,100000.0,50000.0,312,5,0.0,80500.0,80500.0,-19500.0
5196,Yusuf Shepherd,martingale,100.0,100000.0,50000.0,675,1,0.0,117400.0,117400.0,17400.0
5197,Katalina Hurley,martingale,100.0,100000.0,50000.0,26,1,0.0,5400.0,5400.0,-94600.0
5198,Van Richards,martingale,100.0,100000.0,50000.0,276,2,0.0,64100.0,64100.0,-35900.0
5199,Trinity Rodriguez,martingale,100.0,100000.0,50000.0,365,1,0.0,77300.0,77300.0,-22700.0
5200,Henry Lim,martingale,100.0,100000.0,50000.0,79,1,0.0,14000.0,14000.0,-86000.0
5201,Giavanna Pope,martingale,100.0,100000.0,50000.0,583,3,0.0,126900.0,126900.0,26900.0
5202,Gunnar Farrell,martingale,100.0,100000.0,50000.0,632,3,0.0,125900.0,125900.0,25900.0
5203,Kassidy Villa,martingale,100.0,100000.0,50000.0,305,2,0.0,105900.0,105900.0,5900.0
5204,Clay Schultz,martingale,100.0,100000.0,50000.0,357,3,0.0,81200.0,81200.0,-18800.0
5205,Briella Bowers,martingale,100.0,100000.0,50000.0,539,2,0.0,102300.0,102300.0,2300.0
5206,Dorian Cabrera,martingale,100.0,100000.0,50000.0,170,1,0.0,29900.0,29900.0,-70100.0
5207,Daleyza Phelps,martingale,100.0,100000.0,50000.0,290,1,0.0,85000.0,85000.0,-15000.0
5208,Hamza Moreno,martingale,100.0,100000.0,50000.0,451,1,0.0,107300.0,107300.0,7300.0
5209,Mary Maddox,martingale,100.0,100000.0,50000.0,345,1,0.0,105800.0,105800.0,5800.0
5210,Lyric Blake,martingale,100.0,100000.0,50000.0,30,1,0.0,5700.0,5700.0,-94300.0
5211,Amanda Huerta,martingale,100.0,100000.0,50000.0,389,1,0.0,113800.0,113800.0,13800.0
5212,Douglas Guerrero,martingale,100.0,100000.0,50000.0,310,2,0.0,86300.0,86300.0,-13700.0
5213,Margot Sharp,martingale,100.0,100000.0,50000.0,505,2,0.0,120800.0,120800.0,20800.0
5214,Royce Vaughn,martingale,100.0,100000.0,50000.0,457,1,0.0,116200.0,116200.0,16200.0
5215,Reign Khan,martingale,100.0,100000.0,50000.0,610,1,0.0,122000.0,122000.0,22000.0
5216,Kendrick Stuart,martingale,100.0,100000.0,50000.0,666,1,0.0,133000.0,133000.0,33000.0
5217,Stormi Vo,martingale,100.0,100000.0,50000.0,511,1,0.0,110700.0,110700.0,10700.0
5218,Gordon Hendricks,martingale,100.0,100000.0,50000.0,553,3,0.0,106800.0,106800.0,6800.0
5219,Dani Flowers,martingale,100.0,100000.0,50000.0,570,2,0.0,126100.0,126100.0,26100.0
5220,Saul Wolfe,martingale,100.0,100000.0,50000.0,596,3,0.0,126700.0,126700.0,26700.0
5221,Hallie McClure,martingale,100.0,100000.0,50000.0,515,1,0.0,123900.0,123900.0,23900.0
5222,Reese Collins,martingale,100.0,100000.0,50000.0,558,3,0.0,125700.0,125700.0,25700.0
5223,Kinsley Brock,martingale,100.0,100000.0,50000.0,503,2,0.0,102600.0,102600.0,2600.0
5224,Julio Villarreal,martingale,100.0,100000.0,50000.0,524,1,0.0,118600.0,118600.0,18600.0
5225,Jazlyn Arroyo,martingale,100.0,100000.0,50000.0,83,1,0.0,15300.0,15300.0,-84700.0
5226,Alberto Hensley,martingale,100.0,100000.0,50000.0,331,3,0.0,94000.0,94000.0,-6000.0
5227,Malaya Valentine,martingale,100.0,100000.0,50000.0,786,1,0.0,138200.0,138200.0,38200.0
5228,Demetrius Freeman,martingale,100.0,100000.0,50000.0,424,2,0.0,70500.0,70500.0,-29500.0
5229,Norah Ramos,martingale,100.0,100000.0,50000.0,491,1,0.0,99300.0,99300.0,-700.0
5230,Angel Morales,martingale,100.0,100000.0,50000.0,514,1,0.0,123300.0,123300.0,23300.0
5231,Skylar Xiong,martingale,100.0,100000.0,50000.0,591,1,0.0,125600.0,125600.0,25600.0
5232,Azrael Beck,martingale,100.0,100000.0,50000.0,453,1,0.0,115700.0,115700.0,15700.0
5233,Gia Santos,martingale,100.0,100000.0,50000.0,616,1,0.0,117900.0,117900.0,17900.0
5234,Walker Dean,martingale,100.0,100000.0,50000.0,339,1,0.0,55100.0,55100.0,-44900.0
5235,Julianna Morales,martingale,100.0,100000.0,50000.0,536,1,0.0,124400.0,124400.0,24400.0
5236,Aaron Olsen,martingale,100.0,100000.0,50000.0,685,1,0.0,125500.0,125500.0,25500.0
5237,Oaklyn Reese,martingale,100.0,100000.0,50000.0,352,2,0.0,94900.0,94900.0,-5100.0
5238,Alijah Le,martingale,100.0,100000.0,50000.0,174,2,0.0,73700.0,73700.0,-26300.0
5239,Myla Maxwell,martingale,100.0,100000.0,50000.0,376,1,0.0,95300.0,95300.0,-4700.0
5240,Eden Drake,martingale,100.0,100000.0,50000.0,657,1,0.0,122500.0,122500.0,22500.0
5241,Jayleen Moran,martingale,100.0,100000.0,50000.0,385,1,0.0,72100.0,72100.0,-27900.0
5242,Tate Hahn,martingale,100.0,100000.0,50000.0,283,2,0.0,68900.0,68900.0,-31100.0
5243,Fallon Cantu,martingale,100.0,100000.0,50000.0,275,1,0.0,82600.0,82600.0,-17400.0
5244,Anakin Garner,martingale,100.0,100000.0,50000.0,486,2,0.0,107900.0,107900.0,7900.0
5245,Jacqueline Solis,martingale,100.0,100000.0,50000.0,324,2,0.0,67300.0,67300.0,-32700.0
5246,Ronin Jaramillo,martingale,100.0,100000.0,50000.0,666,1,0.0,129600.0,129600.0,29600.0
5247,Guadalupe McCall,martingale,100.0,100000.0,50000.0,12,1,0.0,200.0,200.0,-99800.0
5248,Kiaan Howell,martingale,100.0,100000.0,50000.0,741,0,0.0,132500.0,132500.0,32500.0
5249,Mckenna Chandler,martingale,100.0,100000.0,50000.0,644,3,0.0,123000.0,123000.0,23000.0
5250,Royal Harrington,martingale,100.0,100000.0,50000.0,403,2,0.0,111300.0,111300.0,11300.0
5251,Legacy Villarreal,martingale,100.0,100000.0,50000.0,393,2,0.0,93900.0,93900.0,-6100.0
5252,Nikolai Arroyo,martingale,100.0,100000.0,50000.0,280,2,0.0,70200.0,70200.0,-29800.0
5253,Kyra Kennedy,martingale,100.0,100000.0,50000.0,307,1,0.0,84900.0,84900.0,-15100.0
5254,Maxwell Duarte,martingale,100.0,100000.0,50000.0,338,1,0.0,70100.0,70100.0,-29900.0
5255,Kynlee Cummings,martingale,100.0,100000.0,50000.0,441,2,0.0,119200.0,119200.0,19200.0
5256,Raiden Jackson,martingale,100.0,100000.0,50000.0,798,3,0.0,141400.0,141400.0,41400.0
5257,Avery Grimes,martingale,100.0,100000.0,50000.0,271,2,0.0,93000.0,93000.0,-7000.0
5258,Harlan Logan,martingale,100.0,100000.0,50000.0,527,2,0.0,102600.0,102600.0,2600.0
5259,Kora Elliott,martingale,100.0,100000.0,50000.0,57,1,0.0,9200.0,9200.0,-90800.0
5260,Blake Lin,martingale,100.0,100000.0,50000.0,415,2,0.0,95500.0,95500.0,-4500.0
5261,Makenna Strong,martingale,100.0,100000.0,50000.0,801,3,0.0,137100.0,137100.0,37100.0
5262,Axl McClain,martingale,100.0,100000.0,50000.0,630,2,0.0,130500.0,130500.0,30500.0
5263,Marleigh Joseph,martingale,100.0,100000.0,50000.0,251,1,0.0,35400.0,35400.0,-64600.0
5264,Kyle Bruce,martingale,100.0,100000.0,50000.0,245,1,0.0,93400.0,93400.0,-6600.0
5265,Marilyn Campos,martingale,100.0,100000.0,50000.0,707,4,0.0,135200.0,135200.0,35200.0
5266,Gideon Avila,martingale,100.0,100000.0,50000.0,131,1,0.0,16900.0,16900.0,-83100.0
5267,Amiyah Hopkins,martingale,100.0,100000.0,50000.0,425,2,0.0,108500.0,108500.0,8500.0
5268,Ali Jennings,martingale,100.0,100000.0,50000.0,238,1,0.0,71300.0,71300.0,-28700.0
5269,Palmer Knight,martingale,100.0,100000.0,50000.0,619,1,0.0,121300.0,121300.0,21300.0
5270,Beckett Morgan,martingale,100.0,100000.0,50000.0,519,3,0.0,101700.0,101700.0,1700.0
5271,Delilah Cantrell,martingale,100.0,100000.0,50000.0,874,1,0.0,144700.0,144700.0,44700.0
5272,Harris Hobbs,martingale,100.0,100000.0,50000.0,180,2,0.0,91200.0,91200.0,-8800.0
5273,Lacey Dunn,martingale,100.0,100000.0,50000.0,432,1,0.0,83200.0,83200.0,-16800.0
5274,Dawson Jacobson,martingale,100.0,100000.0,50000.0,456,1,0.0,117300.0,117300.0,17300.0
5275,Royal Armstrong,martingale,100.0,100000.0,50000.0,681,2,0.0,129600.0,129600.0,29600.0
5276,Grant Simon,martingale,100.0,100000.0,50000.0,694,1,0.0,125200.0,125200.0,25200.0
5277,Kalani Hull,martingale,100.0,100000.0,50000.0,663,0,0.0,130800.0,130800.0,30800.0
5278,Salem Wells,martingale,100.0,100000.0,50000.0,255,1,0.0,83100.0,83100.0,-16900.0
5279,Cecilia Becker,martingale,100.0,100000.0,50000.0,426,1,0.0,91000.0,91000.0,-9000.0
5280,Lawson Blair,martingale,100.0,100000.0,50000.0,427,1,0.0,96400.0,96400.0,-3600.0
5281,Frances Rich,martingale,100.0,100000.0,50000.0,532,2,0.0,122500.0,122500.0,22500.0
5282,Miller Burton,martingale,100.0,100000.0,50000.0,494,2,0.0,120000.0,120000.0,20000.0
5283,Miriam Bartlett,martingale,100.0,100000.0,50000.0,302,2,0.0,76400.0,76400.0,-23600.0
5284,Kace Pace,martingale,100.0,100000.0,50000.0,604,1,0.0,123100.0,123100.0,23100.0
5285,Giana Guerrero,martingale,100.0,100000.0,50000.0,96,1,0.0,11400.0,11400.0,-88600.0
5286,Bryce Young,martingale,100.0,100000.0,50000.0,29,1,0.0,4500.0,4500.0,-95500.0
5287,Zoey Herring,martingale,100.0,100000.0,50000.0,611,2,0.0,128800.0,128800.0,28800.0
5288,Henrik Russo,martingale,100.0,100000.0,50000.0,311,2,0.0,85000.0,85000.0,-15000.0
5289,Tinsley Thompson,martingale,100.0,100000.0,50000.0,479,0,0.0,125000.0,125000.0,25000.0
5290,Theodore Mack,martingale,100.0,100000.0,50000.0,361,4,0.0,100900.0,100900.0,900.0
5291,Nadia Sutton,martingale,100.0,100000.0,50000.0,555,2,0.0,124500.0,124500.0,24500.0
5292,Warren Everett,martingale,100.0,100000.0,50000.0,222,3,0.0,98300.0,98300.0,-1700.0
5293,Noah Gill,martingale,100.0,100000.0,50000.0,323,1,0.0,97900.0,97900.0,-2100.0
5294,Matthias Drake,martingale,100.0,100000.0,50000.0,190,3,0.0,58700.0,58700.0,-41300.0
5295,Jayleen Ahmed,martingale,100.0,100000.0,50000.0,259,2,0.0,67400.0,67400.0,-32600.0
5296,Harry Liu,martingale,100.0,100000.0,50000.0,645,4,0.0,129300.0,129300.0,29300.0
5297,Kate Waller,martingale,100.0,100000.0,50000.0,377,2,0.0,93200.0,93200.0,-6800.0
5298,Marley Proctor,martingale,100.0,100000.0,50000.0,429,0,0.0,95000.0,95000.0,-5000.0
5299,Chandler Spears,martingale,100.0,100000.0,50000.0,246,1,0.0,63400.0,63400.0,-36600.0
5300,Ameer Petersen,martingale,100.0,100000.0,50000.0,394,1,0.0,79600.0,79600.0,-20400.0
5301,Fernanda Medina,martingale,100.0,100000.0,50000.0,573,0,0.0,127400.0,127400.0,27400.0
5302,George Rhodes,martingale,100.0,100000.0,50000.0,428,2,0.0,95400.0,95400.0,-4600.0
5303,Tatum Hines,martingale,100.0,100000.0,50000.0,252,1,0.0,49800.0,49800.0,-50200.0
5304,Uriel Sherman,martingale,100.0,100000.0,50000.0,385,1,0.0,89200.0,89200.0,-10800.0
5305,Addilyn Choi,martingale,100.0,100000.0,50000.0,371,1,0.0,87300.0,87300.0,-12700.0
5306,Khari Villarreal,martingale,100.0,100000.0,50000.0,96,1,0.0,15400.0,15400.0,-84600.0
5307,Jazlyn Bond,martingale,100.0,100000.0,50000.0,579,1,0.0,119500.0,119500.0,19500.0
5308,Roger Stanley,martingale,100.0,100000.0,50000.0,317,1,0.0,73200.0,73200.0,-26800.0
5309,Gracelyn Huang,martingale,100.0,100000.0,50000.0,374,1,0.0,76500.0,76500.0,-23500.0
5310,Ayaan Xiong,martingale,100.0,100000.0,50000.0,166,1,0.0,26800.0,26800.0,-73200.0
5311,Amayah Nash,martingale,100.0,100000.0,50000.0,502,1,0.0,121500.0,121500.0,21500.0
5312,Chandler Roach,martingale,100.0,100000.0,50000.0,473,1,0.0,106800.0,106800.0,6800.0
5313,Lyanna Beard,martingale,100.0,100000.0,50000.0,174,1,0.0,37700.0,37700.0,-62300.0
5314,Nathanael Simon,martingale,100.0,100000.0,50000.0,20,1,0.0,2100.0,2100.0,-97900.0
5315,Kalani Le,martingale,100.0,100000.0,50000.0,468,1,0.0,73200.0,73200.0,-26800.0
5316,Damien Pearson,martingale,100.0,100000.0,50000.0,502,1,0.0,105300.0,105300.0,5300.0
5317,Kiara Lowery,martingale,100.0,100000.0,50000.0,206,1,0.0,70500.0,70500.0,-29500.0
5318,Jaxxon Cordova,martingale,100.0,100000.0,50000.0,447,3,0.0,71900.0,71900.0,-28100.0
5319,Florence Page,martingale,100.0,100000.0,50000.0,424,1,0.0,115000.0,115000.0,15000.0
5320,Pablo Jacobson,martingale,100.0,100000.0,50000.0,573,1,0.0,124800.0,124800.0,24800.0
5321,Royal Roberson,martingale,100.0,100000.0,50000.0,412,1,0.0,92600.0,92600.0,-7400.0
5322,Shepherd Garza,martingale,100.0,100000.0,50000.0,707,2,0.0,133800.0,133800.0,33800.0
5323,River Rubio,martingale,100.0,100000.0,50000.0,606,1,0.0,129200.0,129200.0,29200.0
5324,Titan Huffman,martingale,100.0,100000.0,50000.0,396,2,0.0,107600.0,107600.0,7600.0
5325,Hayley Bautista,martingale,100.0,100000.0,50000.0,430,0,0.0,109700.0,109700.0,9700.0
5326,Raul Boyer,martingale,100.0,100000.0,50000.0,29,1,0.0,2500.0,2500.0,-97500.0
5327,Chaya Fields,martingale,100.0,100000.0,50000.0,675,1,0.0,131900.0,131900.0,31900.0
5328,Clayton Cunningham,martingale,100.0,100000.0,50000.0,116,2,0.0,54100.0,54100.0,-45900.0
5329,Marley Enriquez,martingale,100.0,100000.0,50000.0,387,2,0.0,106000.0,106000.0,6000.0
5330,Elisha Finley,martingale,100.0,100000.0,50000.0,533,1,0.0,109400.0,109400.0,9400.0
5331,Jovie Garner,martingale,100.0,100000.0,50000.0,445,2,0.0,117400.0,117400.0,17400.0
5332,Sage Bass,martingale,100.0,100000.0,50000.0,414,1,0.0,69200.0,69200.0,-30800.0
5333,Zahra Arias,martingale,100.0,100000.0,50000.0,303,1,0.0,60300.0,60300.0,-39700.0
5334,Alec Casey,martingale,100.0,100000.0,50000.0,168,1,0.0,41400.0,41400.0,-58600.0
5335,Sylvia Bender,martingale,100.0,100000.0,50000.0,346,1,0.0,78200.0,78200.0,-21800.0
5336,Zavier Weeks,martingale,100.0,100000.0,50000.0,417,2,0.0,113100.0,113100.0,13100.0
5337,Karen Odom,martingale,100.0,100000.0,50000.0,341,1,0.0,51200.0,51200.0,-48800.0
5338,Kylian Myers,martingale,100.0,100000.0,50000.0,348,1,0.0,106900.0,106900.0,6900.0
5339,Lydia Herring,martingale,100.0,100000.0,50000.0,528,1,0.0,112500.0,112500.0,12500.0
5340,Henrik Hansen,martingale,100.0,100000.0,50000.0,495,2,0.0,115700.0,115700.0,15700.0
5341,Hope Hogan,martingale,100.0,100000.0,50000.0,525,3,0.0,120100.0,120100.0,20100.0
5342,Sonny Le,martingale,100.0,100000.0,50000.0,648,1,0.0,118300.0,118300.0,18300.0
5343,Myla Contreras,martingale,100.0,100000.0,50000.0,566,1,0.0,128300.0,128300.0,28300.0
5344,Emilio Herman,martingale,100.0,100000.0,50000.0,146,1,0.0,29000.0,29000.0,-71000.0
5345,Paulina Pruitt,martingale,100.0,100000.0,50000.0,314,4,0.0,82900.0,82900.0,-17100.0
5346,Gatlin Sullivan,martingale,100.0,100000.0,50000.0,546,3,0.0,120200.0,120200.0,20200.0
5347,Melanie Golden,martingale,100.0,100000.0,50000.0,295,1,0.0,62600.0,62600.0,-37400.0
5348,Amias Richard,martingale,100.0,100000.0,50000.0,437,1,0.0,116600.0,116600.0,16600.0
5349,Davina Kane,martingale,100.0,100000.0,50000.0,250,1,0.0,51100.0,51100.0,-48900.0
5350,Brock Petersen,martingale,100.0,100000.0,50000.0,356,1,0.0,81400.0,81400.0,-18600.0
5351,Fernanda Crosby,martingale,100.0,100000.0,50000.0,466,1,0.0,102500.0,102500.0,2500.0
5352,Tristen Zavala,martingale,100.0,100000.0,50000.0,479,1,0.0,105700.0,105700.0,5700.0
5353,Liv Gillespie,martingale,100.0,100000.0,50000.0,593,1,0.0,120300.0,120300.0,20300.0
5354,Forest Pittman,martingale,100.0,100000.0,50000.0,383,2,0.0,109600.0,109600.0,9600.0
5355,Marie Clark,martingale,100.0,100000.0,50000.0,570,2,0.0,124500.0,124500.0,24500.0
5356,John Benton,martingale,100.0,100000.0,50000.0,399,2,0.0,117300.0,117300.0,17300.0
5357,Anais Wood,martingale,100.0,100000.0,50000.0,219,2,0.0,62000.0,62000.0,-38000.0
5358,Carson Cohen,martingale,100.0,100000.0,50000.0,324,1,0.0,91600.0,91600.0,-8400.0
5359,Destiny Cummings,martingale,100.0,100000.0,50000.0,105,1,0.0,29300.0,29300.0,-70700.0
5360,Raiden Gill,martingale,100.0,100000.0,50000.0,439,1,0.0,96800.0,96800.0,-3200.0
5361,Jordan Dodson,martingale,100.0,100000.0,50000.0,572,2,0.0,103100.0,103100.0,3100.0
5362,Seven Mendoza,martingale,100.0,100000.0,50000.0,278,1,0.0,89300.0,89300.0,-10700.0
5363,Cora Howell,martingale,100.0,100000.0,50000.0,678,2,0.0,130000.0,130000.0,30000.0
5364,Bradley Nichols,martingale,100.0,100000.0,50000.0,536,2,0.0,119800.0,119800.0,19800.0
5365,Aliyah Richards,martingale,100.0,100000.0,50000.0,436,1,0.0,120200.0,120200.0,20200.0
5366,Holden Haley,martingale,100.0,100000.0,50000.0,340,4,0.0,100000.0,100000.0,0.0
5367,Addilynn Mays,martingale,100.0,100000.0,50000.0,714,1,0.0,134800.0,134800.0,34800.0
5368,Jadiel Daugherty,martingale,100.0,100000.0,50000.0,537,1,0.0,116600.0,116600.0,16600.0
5369,Magdalena Holt,martingale,100.0,100000.0,50000.0,31,1,0.0,2700.0,2700.0,-97300.0
5370,Niko Sullivan,martingale,100.0,100000.0,50000.0,371,3,0.0,85500.0,85500.0,-14500.0
5371,Melanie Conrad,martingale,100.0,100000.0,50000.0,587,1,0.0,117300.0,117300.0,17300.0
5372,Dilan French,martingale,100.0,100000.0,50000.0,693,2,0.0,135800.0,135800.0,35800.0
5373,Lorelai Newton,martingale,100.0,100000.0,50000.0,419,1,0.0,94000.0,94000.0,-6000.0
5374,Santino Hensley,martingale,100.0,100000.0,50000.0,402,1,0.0,110200.0,110200.0,10200.0
5375,Malaya Stevenson,martingale,100.0,100000.0,50000.0,441,2,0.0,118000.0,118000.0,18000.0
5376,Callan Dennis,martingale,100.0,100000.0,50000.0,677,1,0.0,132800.0,132800.0,32800.0
5377,Maisie McDaniel,martingale,100.0,100000.0,50000.0,420,2,0.0,116500.0,116500.0,16500.0
5378,Major Horton,martingale,100.0,100000.0,50000.0,170,2,0.0,64300.0,64300.0,-35700.0
5379,Aitana Levy,martingale,100.0,100000.0,50000.0,424,1,0.0,105600.0,105600.0,5600.0
5380,Harold Gallegos,martingale,100.0,100000.0,50000.0,352,1,0.0,63800.0,63800.0,-36200.0
5381,Ari Fry,martingale,100.0,100000.0,50000.0,432,3,0.0,117000.0,117000.0,17000.0
5382,Jacoby Roman,martingale,100.0,100000.0,50000.0,384,4,0.0,104100.0,104100.0,4100.0
5383,Astrid Graham,martingale,100.0,100000.0,50000.0,375,3,0.0,109100.0,109100.0,9100.0
5384,Giovanni Cantrell,martingale,100.0,100000.0,50000.0,583,2,0.0,126000.0,126000.0,26000.0
5385,Yamileth Lowery,martingale,100.0,100000.0,50000.0,531,3,0.0,121300.0,121300.0,21300.0
5386,Jaxxon Hendrix,martingale,100.0,100000.0,50000.0,490,1,0.0,97300.0,97300.0,-2700.0
5387,Zhuri Hood,martingale,100.0,100000.0,50000.0,396,1,0.0,110600.0,110600.0,10600.0
5388,Brixton Burnett,martingale,100.0,100000.0,50000.0,528,2,0.0,120000.0,120000.0,20000.0
5389,Emberly Romero,martingale,100.0,100000.0,50000.0,375,1,0.0,116700.0,116700.0,16700.0
5390,Bryson Washington,martingale,100.0,100000.0,50000.0,475,2,0.0,115900.0,115900.0,15900.0
5391,Valerie McCullough,martingale,100.0,100000.0,50000.0,571,1,0.0,125900.0,125900.0,25900.0
5392,Briar Norton,martingale,100.0,100000.0,50000.0,477,2,0.0,120900.0,120900.0,20900.0
5393,Kylee Espinosa,martingale,100.0,100000.0,50000.0,450,3,0.0,112500.0,112500.0,12500.0
5394,Khalid McKinney,martingale,100.0,100000.0,50000.0,666,2,0.0,127500.0,127500.0,27500.0
5395,Gwendolyn Wilcox,martingale,100.0,100000.0,50000.0,609,1,0.0,113500.0,113500.0,13500.0
5396,Jerry Ryan,martingale,100.0,100000.0,50000.0,417,2,0.0,108200.0,108200.0,8200.0
5397,Morgan McConnell,martingale,100.0,100000.0,50000.0,126,1,0.0,24400.0,24400.0,-75600.0
5398,London Harvey,martingale,100.0,100000.0,50000.0,219,3,0.0,79900.0,79900.0,-20100.0
5399,Nicole Harding,martingale,100.0,100000.0,50000.0,224,1,0.0,98300.0,98300.0,-1700.0
5400,Brodie Fuller,martingale,100.0,100000.0,50000.0,395,2,0.0,101000.0,101000.0,1000.0
5401,Oakley Hernandez,martingale,100.0,100000.0,50000.0,391,1,0.0,89200.0,89200.0,-10800.0
5402,Mason Baldwin,martingale,100.0,100000.0,50000.0,456,1,0.0,103300.0,103300.0,3300.0
5403,Esmeralda Fitzgerald,martingale,100.0,100000.0,50000.0,420,1,0.0,112200.0,112200.0,12200.0
5404,Peyton Perez,martingale,100.0,100000.0,50000.0,524,1,0.0,96900.0,96900.0,-3100.0
5405,Eleanor Washington,martingale,100.0,100000.0,50000.0,405,1,0.0,117500.0,117500.0,17500.0
5406,Juan Vaughn,martingale,100.0,100000.0,50000.0,330,1,0.0,81300.0,81300.0,-18700.0
5407,Reign Dorsey,martingale,100.0,100000.0,50000.0,380,1,0.0,72400.0,72400.0,-27600.0
5408,Enoch Taylor,martingale,100.0,100000.0,50000.0,501,1,0.0,123400.0,123400.0,23400.0
5409,Sofia Kelly,martingale,100.0,100000.0,50000.0,598,0,0.0,129600.0,129600.0,29600.0
5410,Cooper Tran,martingale,100.0,100000.0,50000.0,33,1,0.0,3000.0,3000.0,-97000.0
5411,Kylie West,martingale,100.0,100000.0,50000.0,612,1,0.0,129000.0,129000.0,29000.0
5412,Diego Weber,martingale,100.0,100000.0,50000.0,715,3,0.0,131300.0,131300.0,31300.0
5413,Alayah Robinson,martingale,100.0,100000.0,50000.0,658,1,0.0,128100.0,128100.0,28100.0
5414,Matthew Leblanc,martingale,100.0,100000.0,50000.0,541,1,0.0,115800.0,115800.0,15800.0
5415,Novalee Reese,martingale,100.0,100000.0,50000.0,431,3,0.0,112400.0,112400.0,12400.0
5416,Alijah Black,martingale,100.0,100000.0,50000.0,303,1,0.0,90900.0,90900.0,-9100.0
5417,Molly Allen,martingale,100.0,100000.0,50000.0,360,1,0.0,71700.0,71700.0,-28300.0
5418,Carter Small,martingale,100.0,100000.0,50000.0,74,1,0.0,8400.0,8400.0,-91600.0
5419,Zaria Vincent,martingale,100.0,100000.0,50000.0,539,1,0.0,110900.0,110900.0,10900.0
5420,Aarav Gonzales,martingale,100.0,100000.0,50000.0,305,4,0.0,108700.0,108700.0,8700.0
5421,Hadley Osborne,martingale,100.0,100000.0,50000.0,156,1,0.0,36000.0,36000.0,-64000.0
5422,Augustus Moyer,martingale,100.0,100000.0,50000.0,292,1,0.0,80000.0,80000.0,-20000.0
5423,Zola Benitez,martingale,100.0,100000.0,50000.0,314,1,0.0,106800.0,106800.0,6800.0
5424,Justice Hensley,martingale,100.0,100000.0,50000.0,455,2,0.0,102700.0,102700.0,2700.0
5425,Malaya Shaffer,martingale,100.0,100000.0,50000.0,520,2,0.0,123700.0,123700.0,23700.0
5426,Dexter Waters,martingale,100.0,100000.0,50000.0,207,3,0.0,73400.0,73400.0,-26600.0
5427,Bristol Person,martingale,100.0,100000.0,50000.0,293,1,0.0,63700.0,63700.0,-36300.0
5428,Moses Barrett,martingale,100.0,100000.0,50000.0,130,1,0.0,20200.0,20200.0,-79800.0
5429,Kendall Alvarez,martingale,100.0,100000.0,50000.0,596,2,0.0,121400.0,121400.0,21400.0
5430,Xavier Montgomery,martingale,100.0,100000.0,50000.0,615,1,0.0,126900.0,126900.0,26900.0
5431,Evangeline Murray,martingale,100.0,100000.0,50000.0,574,0,0.0,126600.0,126600.0,26600.0
5432,Ashton Chase,martingale,100.0,100000.0,50000.0,478,6,0.0,113400.0,113400.0,13400.0
5433,Angie Lang,martingale,100.0,100000.0,50000.0,467,1,0.0,116300.0,116300.0,16300.0
5434,Wells Best,martingale,100.0,100000.0,50000.0,359,1,0.0,60600.0,60600.0,-39400.0
5435,Lexie Stein,martingale,100.0,100000.0,50000.0,150,2,0.0,59000.0,59000.0,-41000.0
5436,Creed Spencer,martingale,100.0,100000.0,50000.0,183,1,0.0,71300.0,71300.0,-28700.0
5437,Alyssa Melendez,martingale,100.0,100000.0,50000.0,599,1,0.0,128600.0,128600.0,28600.0
5438,Nikolas Robles,martingale,100.0,100000.0,50000.0,65,1,0.0,7800.0,7800.0,-92200.0
5439,Felicity Briggs,martingale,100.0,100000.0,50000.0,36,1,0.0,4100.0,4100.0,-95900.0
5440,Case Krueger,martingale,100.0,100000.0,50000.0,429,1,0.0,91200.0,91200.0,-8800.0
5441,Kamari Holt,martingale,100.0,100000.0,50000.0,361,1,0.0,73800.0,73800.0,-26200.0
5442,Niko Norris,martingale,100.0,100000.0,50000.0,432,1,0.0,87000.0,87000.0,-13000.0
5443,Arielle Salgado,martingale,100.0,100000.0,50000.0,542,2,0.0,124500.0,124500.0,24500.0
5444,Trace Sherman,martingale,100.0,100000.0,50000.0,92,1,0.0,19200.0,19200.0,-80800.0
5445,Addilyn Douglas,martingale,100.0,100000.0,50000.0,643,1,0.0,130300.0,130300.0,30300.0
5446,Derek Escobar,martingale,100.0,100000.0,50000.0,27,1,0.0,2400.0,2400.0,-97600.0
5447,Erin House,martingale,100.0,100000.0,50000.0,201,2,0.0,70100.0,70100.0,-29900.0
5448,Yehuda Ho,martingale,100.0,100000.0,50000.0,435,2,0.0,119100.0,119100.0,19100.0
5449,Calliope Fernandez,martingale,100.0,100000.0,50000.0,503,3,0.0,114700.0,114700.0,14700.0
5450,Bentley Miranda,martingale,100.0,100000.0,50000.0,114,1,0.0,17900.0,17900.0,-82100.0
5451,Amina Bryan,martingale,100.0,100000.0,50000.0,414,2,0.0,98100.0,98100.0,-1900.0
5452,Jaxtyn Williams,martingale,100.0,100000.0,50000.0,400,1,0.0,118500.0,118500.0,18500.0
5453,Ava Gates,martingale,100.0,100000.0,50000.0,535,3,0.0,120300.0,120300.0,20300.0
5454,Ermias Carson,martingale,100.0,100000.0,50000.0,374,1,0.0,94500.0,94500.0,-5500.0
5455,Nalani Coleman,martingale,100.0,100000.0,50000.0,568,1,0.0,122900.0,122900.0,22900.0
5456,Micah Benitez,martingale,100.0,100000.0,50000.0,368,3,0.0,113200.0,113200.0,13200.0
5457,Aliza Vang,martingale,100.0,100000.0,50000.0,668,2,0.0,129700.0,129700.0,29700.0
5458,Jimmy McGee,martingale,100.0,100000.0,50000.0,24,1,0.0,4000.0,4000.0,-96000.0
5459,Kayleigh Reyes,martingale,100.0,100000.0,50000.0,627,2,0.0,126300.0,126300.0,26300.0
5460,Eli King,martingale,100.0,100000.0,50000.0,510,3,0.0,122200.0,122200.0,22200.0
5461,Victoria Kline,martingale,100.0,100000.0,50000.0,497,2,0.0,118300.0,118300.0,18300.0
5462,Ramon Carson,martingale,100.0,100000.0,50000.0,414,1,0.0,95600.0,95600.0,-4400.0
5463,Nalani Blanchard,martingale,100.0,100000.0,50000.0,377,2,0.0,98500.0,98500.0,-1500.0
5464,Adler Joseph,martingale,100.0,100000.0,50000.0,759,1,0.0,137400.0,137400.0,37400.0
5465,Gracelynn Turner,martingale,100.0,100000.0,50000.0,588,1,0.0,129600.0,129600.0,29600.0
5466,Joshua Mays,martingale,100.0,100000.0,50000.0,600,2,0.0,104300.0,104300.0,4300.0
5467,Denisse Hogan,martingale,100.0,100000.0,50000.0,438,3,0.0,104700.0,104700.0,4700.0
5468,Sonny Neal,martingale,100.0,100000.0,50000.0,195,1,0.0,65300.0,65300.0,-34700.0
5469,Talia Knox,martingale,100.0,100000.0,50000.0,489,1,0.0,114000.0,114000.0,14000.0
5470,Valentin McConnell,martingale,100.0,100000.0,50000.0,505,1,0.0,117400.0,117400.0,17400.0
5471,Denise Koch,martingale,100.0,100000.0,50000.0,752,4,0.0,133500.0,133500.0,33500.0
5472,Salvador Beasley,martingale,100.0,100000.0,50000.0,314,3,0.0,91900.0,91900.0,-8100.0
5473,Jaylah Bryant,martingale,100.0,100000.0,50000.0,274,1,0.0,92400.0,92400.0,-7600.0
5474,Jonah Rivas,martingale,100.0,100000.0,50000.0,35,1,0.0,5200.0,5200.0,-94800.0
5475,Averie Bernal,martingale,100.0,100000.0,50000.0,587,1,0.0,118400.0,118400.0,18400.0
5476,Eithan Garrett,martingale,100.0,100000.0,50000.0,220,1,0.0,70500.0,70500.0,-29500.0
5477,Tessa Maynard,martingale,100.0,100000.0,50000.0,696,2,0.0,133700.0,133700.0,33700.0
5478,Landry Becker,martingale,100.0,100000.0,50000.0,240,1,0.0,80700.0,80700.0,-19300.0
5479,Laura O’Neal,martingale,100.0,100000.0,50000.0,607,1,0.0,122800.0,122800.0,22800.0
5480,Eddie Osborne,martingale,100.0,100000.0,50000.0,490,2,0.0,106800.0,106800.0,6800.0
5481,Shelby Bowen,martingale,100.0,100000.0,50000.0,107,1,0.0,14900.0,14900.0,-85100.0
5482,Trevor Rios,martingale,100.0,100000.0,50000.0,253,1,0.0,46400.0,46400.0,-53600.0
5483,Brooke Hebert,martingale,100.0,100000.0,50000.0,531,1,0.0,99000.0,99000.0,-1000.0
5484,Guillermo Shepherd,martingale,100.0,100000.0,50000.0,550,4,0.0,103300.0,103300.0,3300.0
5485,Katalina Travis,martingale,100.0,100000.0,50000.0,115,1,0.0,52700.0,52700.0,-47300.0
5486,Willie Spears,martingale,100.0,100000.0,50000.0,435,1,0.0,76200.0,76200.0,-23800.0
5487,Isabela Case,martingale,100.0,100000.0,50000.0,530,1,0.0,116700.0,116700.0,16700.0
5488,Bentlee Hernandez,martingale,100.0,100000.0,50000.0,310,3,0.0,69000.0,69000.0,-31000.0
5489,Camila Lozano,martingale,100.0,100000.0,50000.0,335,2,0.0,108300.0,108300.0,8300.0
5490,Boone Lin,martingale,100.0,100000.0,50000.0,498,1,0.0,119400.0,119400.0,19400.0
5491,Makenna Velez,martingale,100.0,100000.0,50000.0,327,2,0.0,105000.0,105000.0,5000.0
5492,Kareem Cuevas,martingale,100.0,100000.0,50000.0,381,1,0.0,65000.0,65000.0,-35000.0
5493,Adele Chan,martingale,100.0,100000.0,50000.0,27,1,0.0,4100.0,4100.0,-95900.0
5494,Frank Mercado,martingale,100.0,100000.0,50000.0,214,1,0.0,104100.0,104100.0,4100.0
5495,Mckinley Herring,martingale,100.0,100000.0,50000.0,478,1,0.0,104300.0,104300.0,4300.0
5496,Henrik James,martingale,100.0,100000.0,50000.0,153,1,0.0,51200.0,51200.0,-48800.0
5497,Quinn Coleman,martingale,100.0,100000.0,50000.0,537,1,0.0,104500.0,104500.0,4500.0
5498,Micah Walters,martingale,100.0,100000.0,50000.0,557,5,0.0,123500.0,123500.0,23500.0
5499,Samara Stein,martingale,100.0,100000.0,50000.0,258,1,0.0,52900.0,52900.0,-47100.0
5500,Creed Reid,martingale,100.0,100000.0,50000.0,231,1,0.0,68300.0,68300.0,-31700.0
5501,Charlee Rivas,martingale,100.0,100000.0,50000.0,714,3,0.0,130100.0,130100.0,30100.0
5502,Damon Wilkerson,martingale,100.0,100000.0,50000.0,433,1,0.0,96800.0,96800.0,-3200.0
5503,Janiyah Dean,martingale,100.0,100000.0,50000.0,390,1,0.0,89300.0,89300.0,-10700.0
5504,Ronan Wade,martingale,100.0,100000.0,50000.0,132,1,0.0,20100.0,20100.0,-79900.0
5505,Evie Villarreal,martingale,100.0,100000.0,50000.0,234,1,0.0,66500.0,66500.0,-33500.0
5506,Nikolai Johnson,martingale,100.0,100000.0,50000.0,601,1,0.0,127700.0,127700.0,27700.0
5507,Emma Nava,martingale,100.0,100000.0,50000.0,351,4,0.0,96700.0,96700.0,-3300.0
5508,Stefan Cuevas,martingale,100.0,100000.0,50000.0,312,1,0.0,78500.0,78500.0,-21500.0
5509,Adele O’Connor,martingale,100.0,100000.0,50000.0,552,2,0.0,122200.0,122200.0,22200.0
5510,Princeton O’Connell,martingale,100.0,100000.0,50000.0,443,1,0.0,119600.0,119600.0,19600.0
5511,Jillian Ball,martingale,100.0,100000.0,50000.0,216,1,0.0,75600.0,75600.0,-24400.0
5512,Shane George,martingale,100.0,100000.0,50000.0,210,4,0.0,67200.0,67200.0,-32800.0
5513,Adelyn Nicholson,martingale,100.0,100000.0,50000.0,110,1,0.0,19500.0,19500.0,-80500.0
5514,Rodrigo Caldwell,martingale,100.0,100000.0,50000.0,264,1,0.0,43000.0,43000.0,-57000.0
5515,Evelynn Grant,martingale,100.0,100000.0,50000.0,466,1,0.0,106400.0,106400.0,6400.0
5516,Leon Burton,martingale,100.0,100000.0,50000.0,560,1,0.0,127600.0,127600.0,27600.0
5517,Miriam Cohen,martingale,100.0,100000.0,50000.0,353,1,0.0,105900.0,105900.0,5900.0
5518,Killian Sullivan,martingale,100.0,100000.0,50000.0,292,1,0.0,52600.0,52600.0,-47400.0
5519,Melanie Pearson,martingale,100.0,100000.0,50000.0,338,3,0.0,99200.0,99200.0,-800.0
5520,Gunner Gallagher,martingale,100.0,100000.0,50000.0,253,2,0.0,71800.0,71800.0,-28200.0
5521,Elliott Payne,martingale,100.0,100000.0,50000.0,360,1,0.0,114800.0,114800.0,14800.0
5522,Edward Benton,martingale,100.0,100000.0,50000.0,528,1,0.0,92900.0,92900.0,-7100.0
5523,Anais Figueroa,martingale,100.0,100000.0,50000.0,587,2,0.0,122900.0,122900.0,22900.0
5524,Spencer Tang,martingale,100.0,100000.0,50000.0,632,1,0.0,100000.0,100000.0,0.0
5525,Belle Case,martingale,100.0,100000.0,50000.0,268,1,0.0,88200.0,88200.0,-11800.0
5526,Bentlee Hoffman,martingale,100.0,100000.0,50000.0,552,1,0.0,97400.0,97400.0,-2600.0
5527,Aspen Cole,martingale,100.0,100000.0,50000.0,597,3,0.0,124000.0,124000.0,24000.0
5528,Nathaniel Lowe,martingale,100.0,100000.0,50000.0,403,2,0.0,112000.0,112000.0,12000.0
5529,Amari Spencer,martingale,100.0,100000.0,50000.0,805,2,0.0,140900.0,140900.0,40900.0
5530,Ace Anthony,martingale,100.0,100000.0,50000.0,160,1,0.0,27100.0,27100.0,-72900.0
5531,Macy Sellers,martingale,100.0,100000.0,50000.0,319,3,0.0,91300.0,91300.0,-8700.0
5532,Madden Hinton,martingale,100.0,100000.0,50000.0,449,2,0.0,97700.0,97700.0,-2300.0
5533,Jaelynn Marsh,martingale,100.0,100000.0,50000.0,236,1,0.0,60400.0,60400.0,-39600.0
5534,Bo Barnett,martingale,100.0,100000.0,50000.0,143,1,0.0,17600.0,17600.0,-82400.0
5535,Harlow Perry,martingale,100.0,100000.0,50000.0,413,1,0.0,108900.0,108900.0,8900.0
5536,Waylon Christensen,martingale,100.0,100000.0,50000.0,570,1,0.0,124400.0,124400.0,24400.0
5537,Carmen Stark,martingale,100.0,100000.0,50000.0,838,1,0.0,140500.0,140500.0,40500.0
5538,Kristopher Pham,martingale,100.0,100000.0,50000.0,156,1,0.0,50200.0,50200.0,-49800.0
5539,Raelyn Barajas,martingale,100.0,100000.0,50000.0,469,1,0.0,92600.0,92600.0,-7400.0
5540,Brennan Powers,martingale,100.0,100000.0,50000.0,453,1,0.0,109200.0,109200.0,9200.0
5541,Michelle Montgomery,martingale,100.0,100000.0,50000.0,761,1,0.0,137700.0,137700.0,37700.0
5542,Maximiliano Jefferson,martingale,100.0,100000.0,50000.0,384,1,0.0,88200.0,88200.0,-11800.0
5543,Julieta Hurley,martingale,100.0,100000.0,50000.0,409,2,0.0,107200.0,107200.0,7200.0
5544,Van Kemp,martingale,100.0,100000.0,50000.0,441,1,0.0,117700.0,117700.0,17700.0
5545,Anika Blair,martingale,100.0,100000.0,50000.0,63,1,0.0,33600.0,33600.0,-66400.0
5546,Troy Sampson,martingale,100.0,100000.0,50000.0,431,1,0.0,114500.0,114500.0,14500.0
5547,Meilani Truong,martingale,100.0,100000.0,50000.0,380,2,0.0,74800.0,74800.0,-25200.0
5548,Ayan Hess,martingale,100.0,100000.0,50000.0,688,2,0.0,131100.0,131100.0,31100.0
5549,Kaliyah Lu,martingale,100.0,100000.0,50000.0,467,3,0.0,120900.0,120900.0,20900.0
5550,Duncan Spence,martingale,100.0,100000.0,50000.0,188,1,0.0,29900.0,29900.0,-70100.0
5551,Aislinn Paul,martingale,100.0,100000.0,50000.0,634,1,0.0,114700.0,114700.0,14700.0
5552,Noel Waters,martingale,100.0,100000.0,50000.0,180,1,0.0,62900.0,62900.0,-37100.0
5553,Bristol Ramos,martingale,100.0,100000.0,50000.0,212,2,0.0,67600.0,67600.0,-32400.0
5554,Angel Sosa,martingale,100.0,100000.0,50000.0,641,2,0.0,119700.0,119700.0,19700.0
5555,Cassandra Fernandez,martingale,100.0,100000.0,50000.0,586,1,0.0,109200.0,109200.0,9200.0
5556,Bentley Castro,martingale,100.0,100000.0,50000.0,345,1,0.0,79500.0,79500.0,-20500.0
5557,Eloise Christensen,martingale,100.0,100000.0,50000.0,436,1,0.0,106700.0,106700.0,6700.0
5558,Gregory Davila,martingale,100.0,100000.0,50000.0,422,2,0.0,110500.0,110500.0,10500.0
5559,Rayne Moses,martingale,100.0,100000.0,50000.0,305,3,0.0,96200.0,96200.0,-3800.0
5560,Niklaus Branch,martingale,100.0,100000.0,50000.0,144,1,0.0,29200.0,29200.0,-70800.0
5561,Luisa Fry,martingale,100.0,100000.0,50000.0,232,3,0.0,100900.0,100900.0,900.0
5562,Jacoby Chambers,martingale,100.0,100000.0,50000.0,348,1,0.0,70700.0,70700.0,-29300.0
5563,Makayla Hicks,martingale,100.0,100000.0,50000.0,703,2,0.0,128900.0,128900.0,28900.0
5564,Maddox Hensley,martingale,100.0,100000.0,50000.0,479,2,0.0,120300.0,120300.0,20300.0
5565,Malaya Mullins,martingale,100.0,100000.0,50000.0,433,2,0.0,112400.0,112400.0,12400.0
5566,Allen Rubio,martingale,100.0,100000.0,50000.0,224,1,0.0,88200.0,88200.0,-11800.0
5567,Hadassah Trejo,martingale,100.0,100000.0,50000.0,381,3,0.0,113700.0,113700.0,13700.0
5568,Wesson Gallegos,martingale,100.0,100000.0,50000.0,399,1,0.0,73600.0,73600.0,-26400.0
5569,Ari Barker,martingale,100.0,100000.0,50000.0,286,4,0.0,97800.0,97800.0,-2200.0
5570,Kade Henson,martingale,100.0,100000.0,50000.0,738,2,0.0,136400.0,136400.0,36400.0
5571,Kinslee Alfaro,martingale,100.0,100000.0,50000.0,343,3,0.0,86200.0,86200.0,-13800.0
5572,Xzavier Bautista,martingale,100.0,100000.0,50000.0,652,2,0.0,108600.0,108600.0,8600.0
5573,Antonella Reese,martingale,100.0,100000.0,50000.0,328,1,0.0,78400.0,78400.0,-21600.0
5574,Alijah Fowler,martingale,100.0,100000.0,50000.0,72,1,0.0,8100.0,8100.0,-91900.0
5575,Lennon Rivera,martingale,100.0,100000.0,50000.0,424,2,0.0,106600.0,106600.0,6600.0
5576,Charles Burton,martingale,100.0,100000.0,50000.0,696,1,0.0,131900.0,131900.0,31900.0
5577,Miriam Cooper,martingale,100.0,100000.0,50000.0,568,1,0.0,127100.0,127100.0,27100.0
5578,Jonathan Shah,martingale,100.0,100000.0,50000.0,632,1,0.0,126200.0,126200.0,26200.0
5579,Angelica Klein,martingale,100.0,100000.0,50000.0,57,1,0.0,5100.0,5100.0,-94900.0
5580,Marco Fields,martingale,100.0,100000.0,50000.0,332,2,0.0,103000.0,103000.0,3000.0
5581,Annie Villa,martingale,100.0,100000.0,50000.0,467,3,0.0,119800.0,119800.0,19800.0
5582,Clay McKee,martingale,100.0,100000.0,50000.0,597,3,0.0,107400.0,107400.0,7400.0
5583,Kori Brewer,martingale,100.0,100000.0,50000.0,667,1,0.0,128500.0,128500.0,28500.0
5584,Cruz Good,martingale,100.0,100000.0,50000.0,386,2,0.0,108800.0,108800.0,8800.0
5585,Nathalia Jaramillo,martingale,100.0,100000.0,50000.0,439,2,0.0,99400.0,99400.0,-600.0
5586,Riggs Dudley,martingale,100.0,100000.0,50000.0,415,1,0.0,98600.0,98600.0,-1400.0
5587,Hadleigh Hutchinson,martingale,100.0,100000.0,50000.0,318,2,0.0,113300.0,113300.0,13300.0
5588,Korbin Peralta,martingale,100.0,100000.0,50000.0,223,2,0.0,61200.0,61200.0,-38800.0
5589,Malayah Strickland,martingale,100.0,100000.0,50000.0,254,1,0.0,66100.0,66100.0,-33900.0
5590,Keegan Casey,martingale,100.0,100000.0,50000.0,427,3,0.0,111400.0,111400.0,11400.0
5591,Sylvia Cantrell,martingale,100.0,100000.0,50000.0,524,3,0.0,109200.0,109200.0,9200.0
5592,Harris Hudson,martingale,100.0,100000.0,50000.0,465,1,0.0,99800.0,99800.0,-200.0
5593,Kamila Barber,martingale,100.0,100000.0,50000.0,343,2,0.0,114400.0,114400.0,14400.0
5594,Solomon Weiss,martingale,100.0,100000.0,50000.0,347,1,0.0,83400.0,83400.0,-16600.0
5595,Lennox Doyle,martingale,100.0,100000.0,50000.0,484,2,0.0,119900.0,119900.0,19900.0
5596,Kashton Donovan,martingale,100.0,100000.0,50000.0,414,4,0.0,103800.0,103800.0,3800.0
5597,Azariah Morris,martingale,100.0,100000.0,50000.0,678,1,0.0,128600.0,128600.0,28600.0
5598,Christian Vaughan,martingale,100.0,100000.0,50000.0,498,2,0.0,111100.0,111100.0,11100.0
5599,Nancy Walton,martingale,100.0,100000.0,50000.0,309,3,0.0,102700.0,102700.0,2700.0
5600,Dominick Aguirre,martingale,100.0,100000.0,50000.0,428,1,0.0,117000.0,117000.0,17000.0
5601,Ariah Nixon,martingale,100.0,100000.0,50000.0,671,1,0.0,131300.0,131300.0,31300.0
5602,Cory Ford,martingale,100.0,100000.0,50000.0,516,3,0.0,123400.0,123400.0,23400.0
5603,Alexandra Hopkins,martingale,100.0,100000.0,50000.0,396,1,0.0,89200.0,89200.0,-10800.0
5604,Ali Beard,martingale,100.0,100000.0,50000.0,300,1,0.0,88000.0,88000.0,-12000.0
5605,Ezra Patel,martingale,100.0,100000.0,50000.0,168,1,0.0,57700.0,57700.0,-42300.0
5606,Parker O’Connell,martingale,100.0,100000.0,50000.0,229,1,0.0,41700.0,41700.0,-58300.0
5607,Jillian Coffey,martingale,100.0,100000.0,50000.0,807,2,0.0,138600.0,138600.0,38600.0
5608,Kody Farmer,martingale,100.0,100000.0,50000.0,495,2,0.0,112500.0,112500.0,12500.0
5609,Madelynn Hart,martingale,100.0,100000.0,50000.0,389,5,0.0,104400.0,104400.0,4400.0
5610,Joel Juarez,martingale,100.0,100000.0,50000.0,360,2,0.0,101500.0,101500.0,1500.0
5611,Juliet Huff,martingale,100.0,100000.0,50000.0,701,2,0.0,133400.0,133400.0,33400.0
5612,Finnley Hampton,martingale,100.0,100000.0,50000.0,178,1,0.0,75300.0,75300.0,-24700.0
5613,Leona Bowers,martingale,100.0,100000.0,50000.0,260,1,0.0,78400.0,78400.0,-21600.0
5614,Dorian Wolfe,martingale,100.0,100000.0,50000.0,323,2,0.0,93900.0,93900.0,-6100.0
5615,Hallie Marquez,martingale,100.0,100000.0,50000.0,626,1,0.0,120300.0,120300.0,20300.0
5616,Malakai Harvey,martingale,100.0,100000.0,50000.0,371,3,0.0,93200.0,93200.0,-6800.0
5617,Nicole Washington,martingale,100.0,100000.0,50000.0,386,1,0.0,89700.0,89700.0,-10300.0
5618,Juan James,martingale,100.0,100000.0,50000.0,512,1,0.0,120000.0,120000.0,20000.0
5619,Quinn Ryan,martingale,100.0,100000.0,50000.0,363,2,0.0,103300.0,103300.0,3300.0
5620,Timothy Nava,martingale,100.0,100000.0,50000.0,700,2,0.0,133400.0,133400.0,33400.0
5621,Scout Ochoa,martingale,100.0,100000.0,50000.0,426,1,0.0,109400.0,109400.0,9400.0
5622,Winston Jimenez,martingale,100.0,100000.0,50000.0,229,4,0.0,63900.0,63900.0,-36100.0
5623,Adeline Lowery,martingale,100.0,100000.0,50000.0,497,3,0.0,115600.0,115600.0,15600.0
5624,Jaxxon Ahmed,martingale,100.0,100000.0,50000.0,457,2,0.0,108800.0,108800.0,8800.0
5625,Jolie McCullough,martingale,100.0,100000.0,50000.0,441,1,0.0,77100.0,77100.0,-22900.0
5626,Briar Alfaro,martingale,100.0,100000.0,50000.0,353,1,0.0,80100.0,80100.0,-19900.0
5627,Yasmin Salas,martingale,100.0,100000.0,50000.0,296,1,0.0,43100.0,43100.0,-56900.0
5628,Zaiden Hunter,martingale,100.0,100000.0,50000.0,555,1,0.0,125800.0,125800.0,25800.0
5629,Khloe Marin,martingale,100.0,100000.0,50000.0,569,1,0.0,125100.0,125100.0,25100.0
5630,Aldo Osborne,martingale,100.0,100000.0,50000.0,273,1,0.0,49800.0,49800.0,-50200.0
5631,Shelby Beil,martingale,100.0,100000.0,50000.0,162,1,0.0,41500.0,41500.0,-58500.0
5632,Ariel Hawkins,martingale,100.0,100000.0,50000.0,227,4,0.0,80600.0,80600.0,-19400.0
5633,Ariel Elliott,martingale,100.0,100000.0,50000.0,297,1,0.0,62400.0,62400.0,-37600.0
5634,Blake Garcia,martingale,100.0,100000.0,50000.0,297,1,0.0,76600.0,76600.0,-23400.0
5635,Amelia Villa,martingale,100.0,100000.0,50000.0,660,1,0.0,131900.0,131900.0,31900.0
5636,Clay McCullough,martingale,100.0,100000.0,50000.0,118,1,0.0,16900.0,16900.0,-83100.0
5637,Hana Chandler,martingale,100.0,100000.0,50000.0,634,2,0.0,130800.0,130800.0,30800.0
5638,Royal Grant,martingale,100.0,100000.0,50000.0,523,1,0.0,115000.0,115000.0,15000.0
5639,Alaina Reynolds,martingale,100.0,100000.0,50000.0,462,1,0.0,117700.0,117700.0,17700.0
5640,Vincent McKee,martingale,100.0,100000.0,50000.0,352,3,0.0,98200.0,98200.0,-1800.0
5641,Kori Tanner,martingale,100.0,100000.0,50000.0,526,2,0.0,120600.0,120600.0,20600.0
5642,Bruno Vu,martingale,100.0,100000.0,50000.0,105,1,0.0,24700.0,24700.0,-75300.0
5643,Kimora Taylor,martingale,100.0,100000.0,50000.0,338,3,0.0,97600.0,97600.0,-2400.0
5644,Jackson Hartman,martingale,100.0,100000.0,50000.0,528,1,0.0,124100.0,124100.0,24100.0
5645,Kennedi Cherry,martingale,100.0,100000.0,50000.0,135,1,0.0,39200.0,39200.0,-60800.0
5646,Rome Ryan,martingale,100.0,100000.0,50000.0,566,1,0.0,108300.0,108300.0,8300.0
5647,Morgan Curtis,martingale,100.0,100000.0,50000.0,915,1,0.0,147300.0,147300.0,47300.0
5648,Muhammad Wolfe,martingale,100.0,100000.0,50000.0,636,2,0.0,132300.0,132300.0,32300.0
5649,Hallie Rowland,martingale,100.0,100000.0,50000.0,584,2,0.0,123000.0,123000.0,23000.0
5650,Eliezer McKee,martingale,100.0,100000.0,50000.0,47,1,0.0,7200.0,7200.0,-92800.0
5651,Kori Terry,martingale,100.0,100000.0,50000.0,634,2,0.0,129400.0,129400.0,29400.0
5652,Armani Cross,martingale,100.0,100000.0,50000.0,394,1,0.0,94200.0,94200.0,-5800.0
5653,Nayeli Zamora,martingale,100.0,100000.0,50000.0,558,1,0.0,105300.0,105300.0,5300.0
5654,Quentin Tyler,martingale,100.0,100000.0,50000.0,173,2,0.0,63200.0,63200.0,-36800.0
5655,Helena Terrell,martingale,100.0,100000.0,50000.0,416,1,0.0,108000.0,108000.0,8000.0
5656,Jaxen Parra,martingale,100.0,100000.0,50000.0,682,3,0.0,131800.0,131800.0,31800.0
5657,Dalary Franklin,martingale,100.0,100000.0,50000.0,222,3,0.0,83900.0,83900.0,-16100.0
5658,Simon Sweeney,martingale,100.0,100000.0,50000.0,656,2,0.0,131700.0,131700.0,31700.0
5659,Yara Wilkins,martingale,100.0,100000.0,50000.0,638,1,0.0,129400.0,129400.0,29400.0
5660,Yusuf Clay,martingale,100.0,100000.0,50000.0,481,4,0.0,123200.0,123200.0,23200.0
5661,Aliana Abbott,martingale,100.0,100000.0,50000.0,145,1,0.0,47000.0,47000.0,-53000.0
5662,Kohen Bailey,martingale,100.0,100000.0,50000.0,81,1,0.0,20500.0,20500.0,-79500.0
5663,Kennedy Foley,martingale,100.0,100000.0,50000.0,420,1,0.0,76400.0,76400.0,-23600.0
5664,Mohammad Singleton,martingale,100.0,100000.0,50000.0,738,2,0.0,135800.0,135800.0,35800.0
5665,Malaysia Pennington,martingale,100.0,100000.0,50000.0,748,3,0.0,137600.0,137600.0,37600.0
5666,Bobby O’Connor,martingale,100.0,100000.0,50000.0,59,1,0.0,5800.0,5800.0,-94200.0
5667,Charli Elliott,martingale,100.0,100000.0,50000.0,568,1,0.0,126500.0,126500.0,26500.0
5668,Blake Grimes,martingale,100.0,100000.0,50000.0,810,3,0.0,139600.0,139600.0,39600.0
5669,Braelyn Logan,martingale,100.0,100000.0,50000.0,662,1,0.0,130000.0,130000.0,30000.0
5670,Rocco Webster,martingale,100.0,100000.0,50000.0,445,2,0.0,118500.0,118500.0,18500.0
5671,Kensley Sellers,martingale,100.0,100000.0,50000.0,437,1,0.0,117300.0,117300.0,17300.0
5672,Madden Mejia,martingale,100.0,100000.0,50000.0,389,2,0.0,101500.0,101500.0,1500.0
5673,Saylor Castillo,martingale,100.0,100000.0,50000.0,395,1,0.0,80400.0,80400.0,-19600.0
5674,Kai Meyers,martingale,100.0,100000.0,50000.0,193,1,0.0,30100.0,30100.0,-69900.0
5675,Leyla Pierce,martingale,100.0,100000.0,50000.0,179,1,0.0,63000.0,63000.0,-37000.0
5676,Nicolas Jarvis,martingale,100.0,100000.0,50000.0,418,2,0.0,108500.0,108500.0,8500.0
5677,Elisabeth Robinson,martingale,100.0,100000.0,50000.0,389,2,0.0,78600.0,78600.0,-21400.0
5678,Matthew Delarosa,martingale,100.0,100000.0,50000.0,483,2,0.0,80100.0,80100.0,-19900.0
5679,Iyla English,martingale,100.0,100000.0,50000.0,545,3,0.0,108200.0,108200.0,8200.0
5680,Junior Richards,martingale,100.0,100000.0,50000.0,548,1,0.0,122800.0,122800.0,22800.0
5681,Trinity Pittman,martingale,100.0,100000.0,50000.0,245,2,0.0,63500.0,63500.0,-36500.0
5682,Valentino Alfaro,martingale,100.0,100000.0,50000.0,551,1,0.0,126700.0,126700.0,26700.0
5683,Yasmin Mora,martingale,100.0,100000.0,50000.0,343,1,0.0,67800.0,67800.0,-32200.0
5684,Arturo Ramirez,martingale,100.0,100000.0,50000.0,305,1,0.0,77400.0,77400.0,-22600.0
5685,Grace Carrillo,martingale,100.0,100000.0,50000.0,540,1,0.0,115600.0,115600.0,15600.0
5686,Wade Esquivel,martingale,100.0,100000.0,50000.0,270,1,0.0,62500.0,62500.0,-37500.0
5687,Jaylee Jackson,martingale,100.0,100000.0,50000.0,459,2,0.0,108600.0,108600.0,8600.0
5688,Sebastian Ramirez,martingale,100.0,100000.0,50000.0,469,1,0.0,99700.0,99700.0,-300.0
5689,Grace Rivers,martingale,100.0,100000.0,50000.0,661,2,0.0,133600.0,133600.0,33600.0
5690,Bear Castro,martingale,100.0,100000.0,50000.0,491,3,0.0,101600.0,101600.0,1600.0
5691,Eloise Cortez,martingale,100.0,100000.0,50000.0,409,4,0.0,114500.0,114500.0,14500.0
5692,Zayn Klein,martingale,100.0,100000.0,50000.0,486,2,0.0,104700.0,104700.0,4700.0
5693,Elianna Duarte,martingale,100.0,100000.0,50000.0,443,1,0.0,96100.0,96100.0,-3900.0
5694,Abdullah Beck,martingale,100.0,100000.0,50000.0,429,1,0.0,115800.0,115800.0,15800.0
5695,Gia Massey,martingale,100.0,100000.0,50000.0,403,3,0.0,71100.0,71100.0,-28900.0
5696,Donald Potts,martingale,100.0,100000.0,50000.0,362,2,0.0,110500.0,110500.0,10500.0
5697,Ellison Reilly,martingale,100.0,100000.0,50000.0,383,3,0.0,93200.0,93200.0,-6800.0
5698,Alvaro Vazquez,martingale,100.0,100000.0,50000.0,313,1,0.0,47400.0,47400.0,-52600.0
5699,Journee Molina,martingale,100.0,100000.0,50000.0,382,2,0.0,96500.0,96500.0,-3500.0
5700,Prince McCullough,martingale,100.0,100000.0,50000.0,447,1,0.0,88100.0,88100.0,-11900.0
5701,Hana Johns,martingale,100.0,100000.0,50000.0,492,1,0.0,91300.0,91300.0,-8700.0
5702,Joziah Parks,martingale,100.0,100000.0,50000.0,128,2,0.0,56500.0,56500.0,-43500.0
5703,Ainsley Garza,martingale,100.0,100000.0,50000.0,784,1,0.0,137100.0,137100.0,37100.0
5704,Judah Farrell,martingale,100.0,100000.0,50000.0,496,3,0.0,106200.0,106200.0,6200.0
5705,Kassidy Grimes,martingale,100.0,100000.0,50000.0,70,1,0.0,37200.0,37200.0,-62800.0
5706,Harlan Huff,martingale,100.0,100000.0,50000.0,534,1,0.0,123400.0,123400.0,23400.0
5707,Karsyn Randall,martingale,100.0,100000.0,50000.0,388,1,0.0,110700.0,110700.0,10700.0
5708,Trenton Cummings,martingale,100.0,100000.0,50000.0,663,1,0.0,129200.0,129200.0,29200.0
5709,Nylah Duran,martingale,100.0,100000.0,50000.0,255,2,0.0,89800.0,89800.0,-10200.0
5710,Ismael Rocha,martingale,100.0,100000.0,50000.0,178,1,0.0,37900.0,37900.0,-62100.0
5711,Emmie Drake,martingale,100.0,100000.0,50000.0,645,1,0.0,126000.0,126000.0,26000.0
5712,Jalen Yang,martingale,100.0,100000.0,50000.0,546,1,0.0,122200.0,122200.0,22200.0
5713,Angelina Vazquez,martingale,100.0,100000.0,50000.0,550,1,0.0,122700.0,122700.0,22700.0
5714,Jesse Richard,martingale,100.0,100000.0,50000.0,142,1,0.0,65100.0,65100.0,-34900.0
5715,Davina Stout,martingale,100.0,100000.0,50000.0,541,1,0.0,121600.0,121600.0,21600.0
5716,Callahan Rowe,martingale,100.0,100000.0,50000.0,552,1,0.0,118600.0,118600.0,18600.0
5717,Matilda Kim,martingale,100.0,100000.0,50000.0,379,2,0.0,76600.0,76600.0,-23400.0
5718,Roman Bowman,martingale,100.0,100000.0,50000.0,199,1,0.0,34200.0,34200.0,-65800.0
5719,Fiona Montes,martingale,100.0,100000.0,50000.0,499,2,0.0,109400.0,109400.0,9400.0
5720,Darren Rich,martingale,100.0,100000.0,50000.0,468,1,0.0,111600.0,111600.0,11600.0
5721,Sunny Barron,martingale,100.0,100000.0,50000.0,352,1,0.0,53800.0,53800.0,-46200.0
5722,Dustin Lawson,martingale,100.0,100000.0,50000.0,410,2,0.0,96200.0,96200.0,-3800.0
5723,Phoebe Duncan,martingale,100.0,100000.0,50000.0,436,4,0.0,117800.0,117800.0,17800.0
5724,Avery Bowman,martingale,100.0,100000.0,50000.0,330,1,0.0,78700.0,78700.0,-21300.0
5725,Fiona York,martingale,100.0,100000.0,50000.0,454,3,0.0,103600.0,103600.0,3600.0
5726,Leandro Vega,martingale,100.0,100000.0,50000.0,281,2,0.0,107900.0,107900.0,7900.0
5727,Dakota Hurley,martingale,100.0,100000.0,50000.0,337,1,0.0,64400.0,64400.0,-35600.0
5728,Van O’Connell,martingale,100.0,100000.0,50000.0,504,2,0.0,119700.0,119700.0,19700.0
5729,Jillian Cantu,martingale,100.0,100000.0,50000.0,378,1,0.0,84300.0,84300.0,-15700.0
5730,Anakin Rocha,martingale,100.0,100000.0,50000.0,607,2,0.0,119600.0,119600.0,19600.0
5731,Emmie Zamora,martingale,100.0,100000.0,50000.0,94,1,0.0,12700.0,12700.0,-87300.0
5732,Quentin Moon,martingale,100.0,100000.0,50000.0,485,2,0.0,113100.0,113100.0,13100.0
5733,Naya Rush,martingale,100.0,100000.0,50000.0,770,2,0.0,137000.0,137000.0,37000.0
5734,Kaiser Ware,martingale,100.0,100000.0,50000.0,505,1,0.0,83200.0,83200.0,-16800.0
5735,Eileen Carter,martingale,100.0,100000.0,50000.0,625,3,0.0,128900.0,128900.0,28900.0
5736,Maverick Johnston,martingale,100.0,100000.0,50000.0,74,1,0.0,7600.0,7600.0,-92400.0
5737,Laila Calhoun,martingale,100.0,100000.0,50000.0,331,2,0.0,94600.0,94600.0,-5400.0
5738,Gary Booker,martingale,100.0,100000.0,50000.0,664,2,0.0,134600.0,134600.0,34600.0
5739,Nataly McLean,martingale,100.0,100000.0,50000.0,162,1,0.0,70600.0,70600.0,-29400.0
5740,Crosby Castaneda,martingale,100.0,100000.0,50000.0,173,1,0.0,25900.0,25900.0,-74100.0
5741,Keira Alvarez,martingale,100.0,100000.0,50000.0,431,0,0.0,113500.0,113500.0,13500.0
5742,Xavier Villanueva,martingale,100.0,100000.0,50000.0,492,2,0.0,115300.0,115300.0,15300.0
5743,Monroe Robbins,martingale,100.0,100000.0,50000.0,634,1,0.0,131700.0,131700.0,31700.0
5744,Finnegan Barrett,martingale,100.0,100000.0,50000.0,117,1,0.0,73800.0,73800.0,-26200.0
5745,Kendall McIntosh,martingale,100.0,100000.0,50000.0,679,2,0.0,129300.0,129300.0,29300.0
5746,Kristian Garner,martingale,100.0,100000.0,50000.0,116,1,0.0,21500.0,21500.0,-78500.0
5747,Jacqueline Johns,martingale,100.0,100000.0,50000.0,568,3,0.0,125500.0,125500.0,25500.0
5748,Joziah Shaw,martingale,100.0,100000.0,50000.0,544,2,0.0,117500.0,117500.0,17500.0
5749,Emersyn Buckley,martingale,100.0,100000.0,50000.0,248,1,0.0,41800.0,41800.0,-58200.0
5750,Aryan Mayer,martingale,100.0,100000.0,50000.0,425,2,0.0,95300.0,95300.0,-4700.0
5751,Ainhoa Rubio,martingale,100.0,100000.0,50000.0,19,1,0.0,900.0,900.0,-99100.0
5752,Titan McConnell,martingale,100.0,100000.0,50000.0,669,2,0.0,129600.0,129600.0,29600.0
5753,Denise Waller,martingale,100.0,100000.0,50000.0,264,2,0.0,97300.0,97300.0,-2700.0
5754,Marley Weber,martingale,100.0,100000.0,50000.0,376,2,0.0,102400.0,102400.0,2400.0
5755,Alayah Aguirre,martingale,100.0,100000.0,50000.0,267,4,0.0,100800.0,100800.0,800.0
5756,Andy Daniels,martingale,100.0,100000.0,50000.0,525,2,0.0,101600.0,101600.0,1600.0
5757,Ember Hoffman,martingale,100.0,100000.0,50000.0,141,1,0.0,22700.0,22700.0,-77300.0
5758,Steven Alvarez,martingale,100.0,100000.0,50000.0,496,1,0.0,100000.0,100000.0,0.0
5759,Leilani Walls,martingale,100.0,100000.0,50000.0,468,1,0.0,120200.0,120200.0,20200.0
5760,Larry Waters,martingale,100.0,100000.0,50000.0,100,1,0.0,18800.0,18800.0,-81200.0
5761,Bristol Cruz,martingale,100.0,100000.0,50000.0,409,1,0.0,100500.0,100500.0,500.0
5762,Ryan McFarland,martingale,100.0,100000.0,50000.0,589,1,0.0,118900.0,118900.0,18900.0
5763,Annika Henson,martingale,100.0,100000.0,50000.0,670,1,0.0,126700.0,126700.0,26700.0
5764,Bellamy Brady,martingale,100.0,100000.0,50000.0,328,2,0.0,98500.0,98500.0,-1500.0
5765,Ryan Sosa,martingale,100.0,100000.0,50000.0,221,1,0.0,36400.0,36400.0,-63600.0
5766,Emir Schmitt,martingale,100.0,100000.0,50000.0,151,2,0.0,56600.0,56600.0,-43400.0
5767,Queen Woodard,martingale,100.0,100000.0,50000.0,382,2,0.0,95900.0,95900.0,-4100.0
5768,Westley Macias,martingale,100.0,100000.0,50000.0,510,1,0.0,122700.0,122700.0,22700.0
5769,Adley Steele,martingale,100.0,100000.0,50000.0,415,1,0.0,106300.0,106300.0,6300.0
5770,Elian Leonard,martingale,100.0,100000.0,50000.0,291,3,0.0,65300.0,65300.0,-34700.0
5771,Demi Solis,martingale,100.0,100000.0,50000.0,556,1,0.0,121900.0,121900.0,21900.0
5772,Ronin Copeland,martingale,100.0,100000.0,50000.0,125,2,0.0,65000.0,65000.0,-35000.0
5773,Dayana Shaw,martingale,100.0,100000.0,50000.0,290,3,0.0,94300.0,94300.0,-5700.0
5774,Elliot Maynard,martingale,100.0,100000.0,50000.0,521,1,0.0,114400.0,114400.0,14400.0
5775,Carolyn Brewer,martingale,100.0,100000.0,50000.0,376,1,0.0,95100.0,95100.0,-4900.0
5776,Cruz Hobbs,martingale,100.0,100000.0,50000.0,72,1,0.0,8100.0,8100.0,-91900.0
5777,Lacey Bauer,martingale,100.0,100000.0,50000.0,564,1,0.0,127400.0,127400.0,27400.0
5778,Kieran Morales,martingale,100.0,100000.0,50000.0,552,2,0.0,126300.0,126300.0,26300.0
5779,Skylar Buchanan,martingale,100.0,100000.0,50000.0,294,1,0.0,88100.0,88100.0,-11900.0
5780,Enrique Bruce,martingale,100.0,100000.0,50000.0,306,1,0.0,80500.0,80500.0,-19500.0
5781,Marilyn Shaffer,martingale,100.0,100000.0,50000.0,202,1,0.0,48600.0,48600.0,-51400.0
5782,Dexter Rush,martingale,100.0,100000.0,50000.0,81,1,0.0,21300.0,21300.0,-78700.0
5783,Maleah Vaughn,martingale,100.0,100000.0,50000.0,112,1,0.0,14900.0,14900.0,-85100.0
5784,Remy Chase,martingale,100.0,100000.0,50000.0,99,1,0.0,13800.0,13800.0,-86200.0
5785,Angie Hull,martingale,100.0,100000.0,50000.0,708,1,0.0,132600.0,132600.0,32600.0
5786,Salem Duffy,martingale,100.0,100000.0,50000.0,739,1,0.0,130400.0,130400.0,30400.0
5787,Addisyn Bradley,martingale,100.0,100000.0,50000.0,392,2,0.0,112000.0,112000.0,12000.0
5788,Richard Little,martingale,100.0,100000.0,50000.0,98,1,0.0,24600.0,24600.0,-75400.0
5789,Harley Dudley,martingale,100.0,100000.0,50000.0,467,2,0.0,113500.0,113500.0,13500.0
5790,Colter Baldwin,martingale,100.0,100000.0,50000.0,465,1,0.0,85700.0,85700.0,-14300.0
5791,Esmeralda Holmes,martingale,100.0,100000.0,50000.0,357,1,0.0,76300.0,76300.0,-23700.0
5792,King Anthony,martingale,100.0,100000.0,50000.0,353,2,0.0,95500.0,95500.0,-4500.0
5793,Macy Sharp,martingale,100.0,100000.0,50000.0,305,1,0.0,104900.0,104900.0,4900.0
5794,Royce Moore,martingale,100.0,100000.0,50000.0,441,2,0.0,107100.0,107100.0,7100.0
5795,Emily Conway,martingale,100.0,100000.0,50000.0,527,1,0.0,102800.0,102800.0,2800.0
5796,Orlando Branch,martingale,100.0,100000.0,50000.0,396,3,0.0,100900.0,100900.0,900.0
5797,Luisa Fitzpatrick,martingale,100.0,100000.0,50000.0,765,1,0.0,138800.0,138800.0,38800.0
5798,Blaze Guerra,martingale,100.0,100000.0,50000.0,452,1,0.0,109000.0,109000.0,9000.0
5799,Edith Delgado,martingale,100.0,100000.0,50000.0,483,2,0.0,123400.0,123400.0,23400.0
5800,Colt Salinas,martingale,100.0,100000.0,50000.0,183,1,0.0,46700.0,46700.0,-53300.0
5801,Royalty Norman,martingale,100.0,100000.0,50000.0,325,2,0.0,69200.0,69200.0,-30800.0
5802,Aziel Ramos,martingale,100.0,100000.0,50000.0,612,2,0.0,119100.0,119100.0,19100.0
5803,Alice Carpenter,martingale,100.0,100000.0,50000.0,311,1,0.0,52400.0,52400.0,-47600.0
5804,Jeremy McCullough,martingale,100.0,100000.0,50000.0,492,1,0.0,115500.0,115500.0,15500.0
5805,Hana House,martingale,100.0,100000.0,50000.0,267,3,0.0,97600.0,97600.0,-2400.0
5806,Yehuda Wilson,martingale,100.0,100000.0,50000.0,608,1,0.0,118100.0,118100.0,18100.0
5807,Luna Merritt,martingale,100.0,100000.0,50000.0,588,2,0.0,120100.0,120100.0,20100.0
5808,Colten Khan,martingale,100.0,100000.0,50000.0,573,1,0.0,125300.0,125300.0,25300.0
5809,Mabel Calderon,martingale,100.0,100000.0,50000.0,337,2,0.0,73800.0,73800.0,-26200.0
5810,Oakley Phan,martingale,100.0,100000.0,50000.0,401,1,0.0,85600.0,85600.0,-14400.0
5811,Elsa Silva,martingale,100.0,100000.0,50000.0,314,2,0.0,67800.0,67800.0,-32200.0
5812,Luka Cervantes,martingale,100.0,100000.0,50000.0,126,1,0.0,25700.0,25700.0,-74300.0
5813,Aylin Snow,martingale,100.0,100000.0,50000.0,547,2,0.0,120200.0,120200.0,20200.0
5814,Houston Wu,martingale,100.0,100000.0,50000.0,410,2,0.0,110700.0,110700.0,10700.0
5815,Liana Escobar,martingale,100.0,100000.0,50000.0,184,1,0.0,42500.0,42500.0,-57500.0
5816,Zachariah Roy,martingale,100.0,100000.0,50000.0,523,1,0.0,104300.0,104300.0,4300.0
5817,Savanna Yoder,martingale,100.0,100000.0,50000.0,511,1,0.0,115200.0,115200.0,15200.0
5818,Johan Morrison,martingale,100.0,100000.0,50000.0,399,1,0.0,100800.0,100800.0,800.0
5819,Rebecca Figueroa,martingale,100.0,100000.0,50000.0,528,2,0.0,116300.0,116300.0,16300.0
5820,Spencer Ware,martingale,100.0,100000.0,50000.0,514,1,0.0,113200.0,113200.0,13200.0
5821,Eileen Porter,martingale,100.0,100000.0,50000.0,562,0,0.0,128500.0,128500.0,28500.0
5822,Rhett Parks,martingale,100.0,100000.0,50000.0,552,2,0.0,120900.0,120900.0,20900.0
5823,Ainsley Henry,martingale,100.0,100000.0,50000.0,366,1,0.0,73100.0,73100.0,-26900.0
5824,Carlos Strickland,martingale,100.0,100000.0,50000.0,503,2,0.0,120600.0,120600.0,20600.0
5825,Nia Duarte,martingale,100.0,100000.0,50000.0,597,1,0.0,126200.0,126200.0,26200.0
5826,Abdullah Perry,martingale,100.0,100000.0,50000.0,625,1,0.0,120200.0,120200.0,20200.0
5827,Clara Roy,martingale,100.0,100000.0,50000.0,39,1,0.0,8200.0,8200.0,-91800.0
5828,Marcelo Larsen,martingale,100.0,100000.0,50000.0,383,2,0.0,99500.0,99500.0,-500.0
5829,Xiomara Best,martingale,100.0,100000.0,50000.0,68,1,0.0,18800.0,18800.0,-81200.0
5830,Harlem Flynn,martingale,100.0,100000.0,50000.0,255,1,0.0,65200.0,65200.0,-34800.0
5831,Dorothy Howard,martingale,100.0,100000.0,50000.0,634,2,0.0,124900.0,124900.0,24900.0
5832,Jeremiah Hale,martingale,100.0,100000.0,50000.0,361,2,0.0,102100.0,102100.0,2100.0
5833,Brinley Moreno,martingale,100.0,100000.0,50000.0,257,1,0.0,48100.0,48100.0,-51900.0
5834,Myles Hansen,martingale,100.0,100000.0,50000.0,506,2,0.0,117800.0,117800.0,17800.0
5835,Hope Ellis,martingale,100.0,100000.0,50000.0,289,1,0.0,101200.0,101200.0,1200.0
5836,Cole Owen,martingale,100.0,100000.0,50000.0,279,1,0.0,45900.0,45900.0,-54100.0
5837,Mikayla Sheppard,martingale,100.0,100000.0,50000.0,547,1,0.0,125300.0,125300.0,25300.0
5838,Trent Garrett,martingale,100.0,100000.0,50000.0,579,1,0.0,118900.0,118900.0,18900.0
5839,Tessa Manning,martingale,100.0,100000.0,50000.0,628,1,0.0,127400.0,127400.0,27400.0
5840,Seth Brooks,martingale,100.0,100000.0,50000.0,520,1,0.0,107000.0,107000.0,7000.0
5841,Autumn Novak,martingale,100.0,100000.0,50000.0,319,1,0.0,69300.0,69300.0,-30700.0
5842,Bishop Walters,martingale,100.0,100000.0,50000.0,599,2,0.0,115400.0,115400.0,15400.0
5843,Samara Lawrence,martingale,100.0,100000.0,50000.0,295,1,0.0,73500.0,73500.0,-26500.0
5844,Kaleb Sellers,martingale,100.0,100000.0,50000.0,434,1,0.0,112400.0,112400.0,12400.0
5845,Mercy Schmitt,martingale,100.0,100000.0,50000.0,381,1,0.0,117000.0,117000.0,17000.0
5846,Murphy Frost,martingale,100.0,100000.0,50000.0,412,2,0.0,108200.0,108200.0,8200.0
5847,Paula Petersen,martingale,100.0,100000.0,50000.0,563,2,0.0,124700.0,124700.0,24700.0
5848,Samson Summers,martingale,100.0,100000.0,50000.0,366,1,0.0,95100.0,95100.0,-4900.0
5849,Frankie Rodgers,martingale,100.0,100000.0,50000.0,561,1,0.0,111900.0,111900.0,11900.0
5850,Mathias Hill,martingale,100.0,100000.0,50000.0,268,1,0.0,72600.0,72600.0,-27400.0
5851,Hannah Valencia,martingale,100.0,100000.0,50000.0,323,2,0.0,100600.0,100600.0,600.0
5852,Dax Chavez,martingale,100.0,100000.0,50000.0,424,2,0.0,102700.0,102700.0,2700.0
5853,Nevaeh Olsen,martingale,100.0,100000.0,50000.0,538,1,0.0,113100.0,113100.0,13100.0
5854,Skyler Douglas,martingale,100.0,100000.0,50000.0,519,4,0.0,123000.0,123000.0,23000.0
5855,Aniyah Jarvis,martingale,100.0,100000.0,50000.0,69,1,0.0,21100.0,21100.0,-78900.0
5856,Marlon Gentry,martingale,100.0,100000.0,50000.0,459,1,0.0,98700.0,98700.0,-1300.0
5857,Amelie Santana,martingale,100.0,100000.0,50000.0,189,1,0.0,41000.0,41000.0,-59000.0
5858,Mohamed Hodge,martingale,100.0,100000.0,50000.0,255,1,0.0,92600.0,92600.0,-7400.0
5859,Coraline Velasquez,martingale,100.0,100000.0,50000.0,434,2,0.0,116700.0,116700.0,16700.0
5860,Sullivan Dennis,martingale,100.0,100000.0,50000.0,439,2,0.0,117200.0,117200.0,17200.0
5861,Maisie Willis,martingale,100.0,100000.0,50000.0,462,2,0.0,99300.0,99300.0,-700.0
5862,Remington Maddox,martingale,100.0,100000.0,50000.0,524,1,0.0,113400.0,113400.0,13400.0
5863,Zainab Armstrong,martingale,100.0,100000.0,50000.0,518,1,0.0,121600.0,121600.0,21600.0
5864,Grant Jenkins,martingale,100.0,100000.0,50000.0,534,1,0.0,123100.0,123100.0,23100.0
5865,Rylee Malone,martingale,100.0,100000.0,50000.0,338,1,0.0,62600.0,62600.0,-37400.0
5866,Ruben House,martingale,100.0,100000.0,50000.0,413,2,0.0,116900.0,116900.0,16900.0
5867,Sariah McIntosh,martingale,100.0,100000.0,50000.0,668,1,0.0,130900.0,130900.0,30900.0
5868,Kristian Avalos,martingale,100.0,100000.0,50000.0,448,3,0.0,109600.0,109600.0,9600.0
5869,Paloma Henry,martingale,100.0,100000.0,50000.0,633,2,0.0,120800.0,120800.0,20800.0
5870,Carlos Li,martingale,100.0,100000.0,50000.0,720,0,0.0,135500.0,135500.0,35500.0
5871,Paige Villanueva,martingale,100.0,100000.0,50000.0,481,2,0.0,117200.0,117200.0,17200.0
5872,Huxley Sellers,martingale,100.0,100000.0,50000.0,468,4,0.0,115200.0,115200.0,15200.0
5873,Mercy Benson,martingale,100.0,100000.0,50000.0,116,1,0.0,27000.0,27000.0,-73000.0
5874,Desmond Casey,martingale,100.0,100000.0,50000.0,448,1,0.0,116400.0,116400.0,16400.0
5875,Sylvia Alexander,martingale,100.0,100000.0,50000.0,690,1,0.0,120600.0,120600.0,20600.0
5876,Kingston Espinosa,martingale,100.0,100000.0,50000.0,721,2,0.0,134300.0,134300.0,34300.0
5877,Braylee Rice,martingale,100.0,100000.0,50000.0,540,2,0.0,122500.0,122500.0,22500.0
5878,Graham Keller,martingale,100.0,100000.0,50000.0,870,1,0.0,141300.0,141300.0,41300.0
5879,Logan Hansen,martingale,100.0,100000.0,50000.0,143,1,0.0,41100.0,41100.0,-58900.0
5880,Charlie Summers,martingale,100.0,100000.0,50000.0,565,1,0.0,114700.0,114700.0,14700.0
5881,Frankie Fisher,martingale,100.0,100000.0,50000.0,548,1,0.0,120800.0,120800.0,20800.0
5882,Gael Allison,martingale,100.0,100000.0,50000.0,239,1,0.0,53400.0,53400.0,-46600.0
5883,Chelsea Shaw,martingale,100.0,100000.0,50000.0,591,1,0.0,126300.0,126300.0,26300.0
5884,Elliot Harvey,martingale,100.0,100000.0,50000.0,506,2,0.0,116100.0,116100.0,16100.0
5885,Nicole McDaniel,martingale,100.0,100000.0,50000.0,196,1,0.0,55900.0,55900.0,-44100.0
5886,Major Randolph,martingale,100.0,100000.0,50000.0,491,2,0.0,123700.0,123700.0,23700.0
5887,Kailey Walker,martingale,100.0,100000.0,50000.0,591,3,0.0,126500.0,126500.0,26500.0
5888,Luke Quinn,martingale,100.0,100000.0,50000.0,337,3,0.0,108400.0,108400.0,8400.0
5889,Heaven Glass,martingale,100.0,100000.0,50000.0,639,0,0.0,131400.0,131400.0,31400.0
5890,Allan Booker,martingale,100.0,100000.0,50000.0,540,2,0.0,112800.0,112800.0,12800.0
5891,Nataly Dunn,martingale,100.0,100000.0,50000.0,159,1,0.0,18500.0,18500.0,-81500.0
5892,Dawson Cameron,martingale,100.0,100000.0,50000.0,629,2,0.0,119800.0,119800.0,19800.0
5893,Julie Sims,martingale,100.0,100000.0,50000.0,411,4,0.0,100400.0,100400.0,400.0
5894,Brian Hood,martingale,100.0,100000.0,50000.0,495,2,0.0,118600.0,118600.0,18600.0
5895,Briana Meyers,martingale,100.0,100000.0,50000.0,633,2,0.0,128100.0,128100.0,28100.0
5896,Julien Moses,martingale,100.0,100000.0,50000.0,708,1,0.0,136600.0,136600.0,36600.0
5897,Karter Rose,martingale,100.0,100000.0,50000.0,422,2,0.0,100300.0,100300.0,300.0
5898,Hayden Wise,martingale,100.0,100000.0,50000.0,211,2,0.0,83400.0,83400.0,-16600.0
5899,Mira Scott,martingale,100.0,100000.0,50000.0,539,1,0.0,126000.0,126000.0,26000.0
5900,Leo Aguilar,martingale,100.0,100000.0,50000.0,587,1,0.0,126300.0,126300.0,26300.0
5901,Josie Thompson,martingale,100.0,100000.0,50000.0,749,2,0.0,126400.0,126400.0,26400.0
5902,Theodore Saunders,martingale,100.0,100000.0,50000.0,346,2,0.0,112300.0,112300.0,12300.0
5903,Meadow Pope,martingale,100.0,100000.0,50000.0,415,1,0.0,81600.0,81600.0,-18400.0
5904,Gunnar Lowery,martingale,100.0,100000.0,50000.0,354,1,0.0,79400.0,79400.0,-20600.0
5905,Estelle Bond,martingale,100.0,100000.0,50000.0,478,2,0.0,115500.0,115500.0,15500.0
5906,Roger Woods,martingale,100.0,100000.0,50000.0,651,2,0.0,132500.0,132500.0,32500.0
5907,Reese Gray,martingale,100.0,100000.0,50000.0,355,2,0.0,81400.0,81400.0,-18600.0
5908,Nicholas Glover,martingale,100.0,100000.0,50000.0,286,1,0.0,50000.0,50000.0,-50000.0
5909,Alessia McKay,martingale,100.0,100000.0,50000.0,468,2,0.0,113500.0,113500.0,13500.0
5910,Joey Wu,martingale,100.0,100000.0,50000.0,23,1,0.0,1800.0,1800.0,-98200.0
5911,Liana Ingram,martingale,100.0,100000.0,50000.0,639,1,0.0,129500.0,129500.0,29500.0
5912,Tripp Lynch,martingale,100.0,100000.0,50000.0,315,3,0.0,88000.0,88000.0,-12000.0
5913,Malia Avalos,martingale,100.0,100000.0,50000.0,254,1,0.0,48100.0,48100.0,-51900.0
5914,Coen Powell,martingale,100.0,100000.0,50000.0,91,1,0.0,14400.0,14400.0,-85600.0
5915,Vivian Pugh,martingale,100.0,100000.0,50000.0,694,1,0.0,123100.0,123100.0,23100.0
5916,Judson Schultz,martingale,100.0,100000.0,50000.0,276,2,0.0,96400.0,96400.0,-3600.0
5917,Briella Bowen,martingale,100.0,100000.0,50000.0,569,1,0.0,126800.0,126800.0,26800.0
5918,Trevor Villanueva,martingale,100.0,100000.0,50000.0,167,2,0.0,64700.0,64700.0,-35300.0
5919,Monroe Humphrey,martingale,100.0,100000.0,50000.0,374,1,0.0,111300.0,111300.0,11300.0
5920,Krew Stevens,martingale,100.0,100000.0,50000.0,406,1,0.0,118200.0,118200.0,18200.0
5921,Katherine Parsons,martingale,100.0,100000.0,50000.0,683,1,0.0,131200.0,131200.0,31200.0
5922,Lewis Spencer,martingale,100.0,100000.0,50000.0,510,1,0.0,114500.0,114500.0,14500.0
5923,Alyssa Jefferson,martingale,100.0,100000.0,50000.0,365,2,0.0,93300.0,93300.0,-6700.0
5924,Raylan Hayes,martingale,100.0,100000.0,50000.0,445,1,0.0,115500.0,115500.0,15500.0
5925,Iris Cortez,martingale,100.0,100000.0,50000.0,573,4,0.0,124400.0,124400.0,24400.0
5926,Zayn Lewis,martingale,100.0,100000.0,50000.0,488,1,0.0,120500.0,120500.0,20500.0
5927,Ellie Park,martingale,100.0,100000.0,50000.0,611,1,0.0,128100.0,128100.0,28100.0
5928,Daxton Howell,martingale,100.0,100000.0,50000.0,74,1,0.0,8900.0,8900.0,-91100.0
5929,Mckenna Blake,martingale,100.0,100000.0,50000.0,80,1,0.0,19400.0,19400.0,-80600.0
5930,Zyaire Farrell,martingale,100.0,100000.0,50000.0,438,1,0.0,118600.0,118600.0,18600.0
5931,Kassidy Ford,martingale,100.0,100000.0,50000.0,559,2,0.0,102500.0,102500.0,2500.0
5932,Luis Barrett,martingale,100.0,100000.0,50000.0,389,3,0.0,112000.0,112000.0,12000.0
5933,Kendall Knapp,martingale,100.0,100000.0,50000.0,502,3,0.0,119700.0,119700.0,19700.0
5934,Boden Sweeney,martingale,100.0,100000.0,50000.0,385,2,0.0,102800.0,102800.0,2800.0
5935,Yara Michael,martingale,100.0,100000.0,50000.0,622,2,0.0,127300.0,127300.0,27300.0
5936,Bronson Berger,martingale,100.0,100000.0,50000.0,361,1,0.0,69400.0,69400.0,-30600.0
5937,Laylah Ferguson,martingale,100.0,100000.0,50000.0,115,1,0.0,28800.0,28800.0,-71200.0
5938,Miguel Vo,martingale,100.0,100000.0,50000.0,334,3,0.0,100600.0,100600.0,600.0
5939,Artemis Good,martingale,100.0,100000.0,50000.0,648,1,0.0,128600.0,128600.0,28600.0
5940,Davian Bailey,martingale,100.0,100000.0,50000.0,591,1,0.0,126100.0,126100.0,26100.0
5941,Kennedy Bean,martingale,100.0,100000.0,50000.0,585,1,0.0,123400.0,123400.0,23400.0
5942,Mccoy McGee,martingale,100.0,100000.0,50000.0,479,1,0.0,117100.0,117100.0,17100.0
5943,Kayleigh Bush,martingale,100.0,100000.0,50000.0,385,3,0.0,100300.0,100300.0,300.0
5944,Tyson Bell,martingale,100.0,100000.0,50000.0,491,1,0.0,119200.0,119200.0,19200.0
5945,Melody Clarke,martingale,100.0,100000.0,50000.0,447,1,0.0,84400.0,84400.0,-15600.0
5946,Stetson Terrell,martingale,100.0,100000.0,50000.0,743,2,0.0,132000.0,132000.0,32000.0
5947,Paityn Leach,martingale,100.0,100000.0,50000.0,156,4,0.0,69500.0,69500.0,-30500.0
5948,Westin Ho,martingale,100.0,100000.0,50000.0,252,1,0.0,48300.0,48300.0,-51700.0
5949,Calliope Richmond,martingale,100.0,100000.0,50000.0,423,1,0.0,111300.0,111300.0,11300.0
5950,Mordechai Montgomery,martingale,100.0,100000.0,50000.0,167,1,0.0,34100.0,34100.0,-65900.0
5951,Evangeline Strong,martingale,100.0,100000.0,50000.0,83,1,0.0,12700.0,12700.0,-87300.0
5952,Axl Black,martingale,100.0,100000.0,50000.0,600,2,0.0,125700.0,125700.0,25700.0
5953,Molly Gill,martingale,100.0,100000.0,50000.0,404,1,0.0,84500.0,84500.0,-15500.0
5954,Matthias Boone,martingale,100.0,100000.0,50000.0,353,2,0.0,96500.0,96500.0,-3500.0
5955,Mariam Farrell,martingale,100.0,100000.0,50000.0,472,2,0.0,105500.0,105500.0,5500.0
5956,Ty Bentley,martingale,100.0,100000.0,50000.0,789,2,0.0,137900.0,137900.0,37900.0
5957,Jaylin Pierce,martingale,100.0,100000.0,50000.0,140,1,0.0,27600.0,27600.0,-72400.0
5958,Nicolas Robles,martingale,100.0,100000.0,50000.0,905,1,0.0,146800.0,146800.0,46800.0
5959,Felicity Harrell,martingale,100.0,100000.0,50000.0,618,1,0.0,124900.0,124900.0,24900.0
5960,Nelson Felix,martingale,100.0,100000.0,50000.0,278,4,0.0,106900.0,106900.0,6900.0
5961,Paisleigh Donovan,martingale,100.0,100000.0,50000.0,545,3,0.0,123200.0,123200.0,23200.0
5962,Brayan Barajas,martingale,100.0,100000.0,50000.0,483,3,0.0,112600.0,112600.0,12600.0
5963,Keilani Wood,martingale,100.0,100000.0,50000.0,68,1,0.0,8200.0,8200.0,-91800.0
5964,Carson Enriquez,martingale,100.0,100000.0,50000.0,542,1,0.0,118600.0,118600.0,18600.0
5965,Nellie Cohen,martingale,100.0,100000.0,50000.0,43,1,0.0,4000.0,4000.0,-96000.0
5966,Killian Meyer,martingale,100.0,100000.0,50000.0,320,1,0.0,61400.0,61400.0,-38600.0
5967,Sara Haley,martingale,100.0,100000.0,50000.0,345,1,0.0,95600.0,95600.0,-4400.0
5968,Leif Murphy,martingale,100.0,100000.0,50000.0,76,1,0.0,9900.0,9900.0,-90100.0
5969,Bella Rocha,martingale,100.0,100000.0,50000.0,55,1,0.0,7400.0,7400.0,-92600.0
5970,Onyx Randall,martingale,100.0,100000.0,50000.0,303,2,0.0,68300.0,68300.0,-31700.0
5971,Christina Ahmed,martingale,100.0,100000.0,50000.0,357,2,0.0,109300.0,109300.0,9300.0
5972,Harry Bowman,martingale,100.0,100000.0,50000.0,525,1,0.0,121900.0,121900.0,21900.0
5973,Fiona Ware,martingale,100.0,100000.0,50000.0,352,1,0.0,101700.0,101700.0,1700.0
5974,Tadeo Gallagher,martingale,100.0,100000.0,50000.0,194,5,0.0,89100.0,89100.0,-10900.0
5975,Elliott Burgess,martingale,100.0,100000.0,50000.0,430,1,0.0,89700.0,89700.0,-10300.0
5976,Kolton Fry,martingale,100.0,100000.0,50000.0,203,1,0.0,47800.0,47800.0,-52200.0
5977,Clarissa Ramirez,martingale,100.0,100000.0,50000.0,566,2,0.0,107900.0,107900.0,7900.0
5978,David Ellis,martingale,100.0,100000.0,50000.0,549,2,0.0,124800.0,124800.0,24800.0
5979,Ayla Cochran,martingale,100.0,100000.0,50000.0,506,1,0.0,102500.0,102500.0,2500.0
5980,Danny Santos,martingale,100.0,100000.0,50000.0,491,3,0.0,101000.0,101000.0,1000.0
5981,Alana Mahoney,martingale,100.0,100000.0,50000.0,388,1,0.0,90500.0,90500.0,-9500.0
5982,Kamryn Galindo,martingale,100.0,100000.0,50000.0,648,2,0.0,131900.0,131900.0,31900.0
5983,Corinne McBride,martingale,100.0,100000.0,50000.0,270,3,0.0,87000.0,87000.0,-13000.0
5984,Denver Henderson,martingale,100.0,100000.0,50000.0,484,2,0.0,121200.0,121200.0,21200.0
5985,Maria Solis,martingale,100.0,100000.0,50000.0,393,1,0.0,109400.0,109400.0,9400.0
5986,Ronin Levy,martingale,100.0,100000.0,50000.0,659,1,0.0,130300.0,130300.0,30300.0
5987,Flora Montoya,martingale,100.0,100000.0,50000.0,775,1,0.0,138200.0,138200.0,38200.0
5988,Ford Whitehead,martingale,100.0,100000.0,50000.0,594,1,0.0,120100.0,120100.0,20100.0
5989,Sylvie Roman,martingale,100.0,100000.0,50000.0,317,1,0.0,103500.0,103500.0,3500.0
5990,Kian Portillo,martingale,100.0,100000.0,50000.0,566,2,0.0,117700.0,117700.0,17700.0
5991,Nathalie Castillo,martingale,100.0,100000.0,50000.0,445,3,0.0,114400.0,114400.0,14400.0
5992,Kai Dean,martingale,100.0,100000.0,50000.0,600,3,0.0,129000.0,129000.0,29000.0
5993,Julianna Weiss,martingale,100.0,100000.0,50000.0,654,2,0.0,122100.0,122100.0,22100.0
5994,Koa Preston,martingale,100.0,100000.0,50000.0,784,3,0.0,138500.0,138500.0,38500.0
5995,Indie Hernandez,martingale,100.0,100000.0,50000.0,186,1,0.0,46300.0,46300.0,-53700.0
5996,Mason Crane,martingale,100.0,100000.0,50000.0,256,2,0.0,81700.0,81700.0,-18300.0
5997,Della Leal,martingale,100.0,100000.0,50000.0,455,1,0.0,119500.0,119500.0,19500.0
5998,Cedric Best,martingale,100.0,100000.0,50000.0,495,2,0.0,113200.0,113200.0,13200.0
5999,Lexie Ross,martingale,100.0,100000.0,50000.0,431,1,0.0,109800.0,109800.0,9800.0
6000,Wesley Brennan,martingale,100.0,100000.0,50000.0,444,3,0.0,113100.0,113100.0,13100.0
6001,Chanel Page,martingale,100.0,100000.0,50000.0,458,2,0.0,101800.0,101800.0,1800.0
6002,Pablo Campos,martingale,100.0,100000.0,50000.0,392,1,0.0,112600.0,112600.0,12600.0
6003,Sutton Sanford,martingale,100.0,100000.0,50000.0,626,1,0.0,129500.0,129500.0,29500.0
6004,Truett Mayo,martingale,100.0,100000.0,50000.0,404,2,0.0,98000.0,98000.0,-2000.0
6005,Aarya House,martingale,100.0,100000.0,50000.0,398,1,0.0,110400.0,110400.0,10400.0
6006,Yehuda Duncan,martingale,100.0,100000.0,50000.0,225,1,0.0,90100.0,90100.0,-9900.0
6007,Elise Beasley,martingale,100.0,100000.0,50000.0,488,2,0.0,110800.0,110800.0,10800.0
6008,Stanley Aguirre,martingale,100.0,100000.0,50000.0,27,1,0.0,1900.0,1900.0,-98100.0
6009,Ariah Atkinson,martingale,100.0,100000.0,50000.0,607,1,0.0,120700.0,120700.0,20700.0
6010,Duke Howard,martingale,100.0,100000.0,50000.0,414,3,0.0,114800.0,114800.0,14800.0
6011,Sophie Olsen,martingale,100.0,100000.0,50000.0,489,0,0.0,118600.0,118600.0,18600.0
6012,Skyler Francis,martingale,100.0,100000.0,50000.0,541,2,0.0,104600.0,104600.0,4600.0
6013,Daniella O’Neill,martingale,100.0,100000.0,50000.0,715,4,0.0,133400.0,133400.0,33400.0
6014,Marcel Rowe,martingale,100.0,100000.0,50000.0,218,3,0.0,75600.0,75600.0,-24400.0
6015,Matilda Holloway,martingale,100.0,100000.0,50000.0,378,3,0.0,76700.0,76700.0,-23300.0
6016,Sutton Skinner,martingale,100.0,100000.0,50000.0,461,2,0.0,110700.0,110700.0,10700.0
6017,Mara Hebert,martingale,100.0,100000.0,50000.0,545,1,0.0,117200.0,117200.0,17200.0
6018,Guillermo Ochoa,martingale,100.0,100000.0,50000.0,271,1,0.0,70600.0,70600.0,-29400.0
6019,Luciana Blair,martingale,100.0,100000.0,50000.0,88,1,0.0,11700.0,11700.0,-88300.0
6020,Troy Crane,martingale,100.0,100000.0,50000.0,434,2,0.0,108100.0,108100.0,8100.0
6021,Della Patton,martingale,100.0,100000.0,50000.0,435,2,0.0,111300.0,111300.0,11300.0
6022,Moises Rodriguez,martingale,100.0,100000.0,50000.0,422,0,0.0,96200.0,96200.0,-3800.0
6023,Evelyn Cole,martingale,100.0,100000.0,50000.0,351,3,0.0,109500.0,109500.0,9500.0
6024,Nathaniel Matthews,martingale,100.0,100000.0,50000.0,129,1,0.0,18500.0,18500.0,-81500.0
6025,Lila Booker,martingale,100.0,100000.0,50000.0,339,1,0.0,65400.0,65400.0,-34600.0
6026,Dominik Lucas,martingale,100.0,100000.0,50000.0,575,1,0.0,126700.0,126700.0,26700.0
6027,Phoenix Arroyo,martingale,100.0,100000.0,50000.0,605,2,0.0,126900.0,126900.0,26900.0
6028,Alberto Davis,martingale,100.0,100000.0,50000.0,294,1,0.0,77900.0,77900.0,-22100.0
6029,Mia Payne,martingale,100.0,100000.0,50000.0,516,1,0.0,92200.0,92200.0,-7800.0
6030,Edward Strong,martingale,100.0,100000.0,50000.0,158,1,0.0,37000.0,37000.0,-63000.0
6031,Margo Farmer,martingale,100.0,100000.0,50000.0,329,1,0.0,103100.0,103100.0,3100.0
6032,Jamison Wiggins,martingale,100.0,100000.0,50000.0,218,1,0.0,51700.0,51700.0,-48300.0
6033,Capri Fields,martingale,100.0,100000.0,50000.0,187,5,0.0,76300.0,76300.0,-23700.0
6034,Clayton Wilkins,martingale,100.0,100000.0,50000.0,530,1,0.0,116200.0,116200.0,16200.0
6035,Amalia McGuire,martingale,100.0,100000.0,50000.0,520,1,0.0,103900.0,103900.0,3900.0
6036,Casey Buchanan,martingale,100.0,100000.0,50000.0,640,0,0.0,131800.0,131800.0,31800.0
6037,Maryam Gill,martingale,100.0,100000.0,50000.0,423,3,0.0,96600.0,96600.0,-3400.0
6038,Matthias Jefferson,martingale,100.0,100000.0,50000.0,561,2,0.0,121800.0,121800.0,21800.0
6039,Julieta Sexton,martingale,100.0,100000.0,50000.0,578,2,0.0,121300.0,121300.0,21300.0
6040,Mylo Meza,martingale,100.0,100000.0,50000.0,124,2,0.0,56000.0,56000.0,-44000.0
6041,Rosa Hebert,martingale,100.0,100000.0,50000.0,422,1,0.0,95900.0,95900.0,-4100.0
6042,Guillermo Barron,martingale,100.0,100000.0,50000.0,272,2,0.0,86000.0,86000.0,-14000.0
6043,Anya Melton,martingale,100.0,100000.0,50000.0,455,1,0.0,119800.0,119800.0,19800.0
6044,Lennon Leal,martingale,100.0,100000.0,50000.0,479,2,0.0,115500.0,115500.0,15500.0
6045,Murphy Rocha,martingale,100.0,100000.0,50000.0,201,1,0.0,63500.0,63500.0,-36500.0
6046,Onyx Haynes,martingale,100.0,100000.0,50000.0,497,1,0.0,103800.0,103800.0,3800.0
6047,Lexi Valdez,martingale,100.0,100000.0,50000.0,134,1,0.0,36800.0,36800.0,-63200.0
6048,Kyler Nelson,martingale,100.0,100000.0,50000.0,452,3,0.0,119300.0,119300.0,19300.0
6049,Everly Powell,martingale,100.0,100000.0,50000.0,767,1,0.0,138800.0,138800.0,38800.0
6050,Bennett Brewer,martingale,100.0,100000.0,50000.0,470,1,0.0,106000.0,106000.0,6000.0
6051,Thea Beck,martingale,100.0,100000.0,50000.0,228,2,0.0,94000.0,94000.0,-6000.0
6052,Eduardo Sutton,martingale,100.0,100000.0,50000.0,308,1,0.0,46700.0,46700.0,-53300.0
6053,Izabella Hubbard,martingale,100.0,100000.0,50000.0,585,1,0.0,126600.0,126600.0,26600.0
6054,Forrest Moran,martingale,100.0,100000.0,50000.0,543,1,0.0,121100.0,121100.0,21100.0
6055,Celeste Dickson,martingale,100.0,100000.0,50000.0,537,1,0.0,123200.0,123200.0,23200.0
6056,Maxton Roy,martingale,100.0,100000.0,50000.0,433,3,0.0,118900.0,118900.0,18900.0
6057,Savanna Orozco,martingale,100.0,100000.0,50000.0,284,1,0.0,67800.0,67800.0,-32200.0
6058,Keanu Hawkins,martingale,100.0,100000.0,50000.0,132,1,0.0,28100.0,28100.0,-71900.0
6059,Ariel Waller,martingale,100.0,100000.0,50000.0,537,1,0.0,107100.0,107100.0,7100.0
6060,Marley Chambers,martingale,100.0,100000.0,50000.0,274,2,0.0,80800.0,80800.0,-19200.0
6061,Makayla Rowe,martingale,100.0,100000.0,50000.0,473,1,0.0,108000.0,108000.0,8000.0
6062,Kamden Clay,martingale,100.0,100000.0,50000.0,195,1,0.0,31400.0,31400.0,-68600.0
6063,Aliana Duarte,martingale,100.0,100000.0,50000.0,324,2,0.0,76200.0,76200.0,-23800.0
6064,Abdullah Cantu,martingale,100.0,100000.0,50000.0,596,2,0.0,107900.0,107900.0,7900.0
6065,Galilea Eaton,martingale,100.0,100000.0,50000.0,543,1,0.0,112900.0,112900.0,12900.0
6066,Leighton Pham,martingale,100.0,100000.0,50000.0,64,2,0.0,53900.0,53900.0,-46100.0
6067,Raelyn Koch,martingale,100.0,100000.0,50000.0,715,3,0.0,125700.0,125700.0,25700.0
6068,Salvador Ramirez,martingale,100.0,100000.0,50000.0,411,1,0.0,118600.0,118600.0,18600.0
6069,Grace Harris,martingale,100.0,100000.0,50000.0,528,1,0.0,124500.0,124500.0,24500.0
6070,Samuel Malone,martingale,100.0,100000.0,50000.0,242,1,0.0,37600.0,37600.0,-62400.0
6071,Skyler Freeman,martingale,100.0,100000.0,50000.0,11,1,0.0,100.0,100.0,-99900.0
6072,Jayce Hancock,martingale,100.0,100000.0,50000.0,473,1,0.0,96700.0,96700.0,-3300.0
6073,Katelyn White,martingale,100.0,100000.0,50000.0,26,1,0.0,1900.0,1900.0,-98100.0
6074,Aiden Moody,martingale,100.0,100000.0,50000.0,110,1,0.0,19500.0,19500.0,-80500.0
6075,Elaine Parks,martingale,100.0,100000.0,50000.0,390,2,0.0,106300.0,106300.0,6300.0
6076,Gianni Farmer,martingale,100.0,100000.0,50000.0,310,2,0.0,88700.0,88700.0,-11300.0
6077,Madelynn Gilmore,martingale,100.0,100000.0,50000.0,315,2,0.0,91800.0,91800.0,-8200.0
6078,Vihaan Maldonado,martingale,100.0,100000.0,50000.0,350,2,0.0,95700.0,95700.0,-4300.0
6079,Elaina Massey,martingale,100.0,100000.0,50000.0,726,0,0.0,136400.0,136400.0,36400.0
6080,Donald Hill,martingale,100.0,100000.0,50000.0,474,2,0.0,121700.0,121700.0,21700.0
6081,Hannah Brandt,martingale,100.0,100000.0,50000.0,190,1,0.0,49600.0,49600.0,-50400.0
6082,Damir Yu,martingale,100.0,100000.0,50000.0,277,1,0.0,69300.0,69300.0,-30700.0
6083,Navy Brown,martingale,100.0,100000.0,50000.0,287,1,0.0,89600.0,89600.0,-10400.0
6084,Elijah Bailey,martingale,100.0,100000.0,50000.0,496,1,0.0,103100.0,103100.0,3100.0
6085,Kennedy Barajas,martingale,100.0,100000.0,50000.0,580,1,0.0,121700.0,121700.0,21700.0
6086,Brennan Henderson,martingale,100.0,100000.0,50000.0,93,1,0.0,23700.0,23700.0,-76300.0
6087,Maria Estes,martingale,100.0,100000.0,50000.0,129,1,0.0,17300.0,17300.0,-82700.0
6088,Hakeem Bates,martingale,100.0,100000.0,50000.0,538,1,0.0,123800.0,123800.0,23800.0
6089,Madilyn Mathews,martingale,100.0,100000.0,50000.0,186,1,0.0,68900.0,68900.0,-31100.0
6090,Jamir Norris,martingale,100.0,100000.0,50000.0,283,2,0.0,89500.0,89500.0,-10500.0
6091,Arielle Gill,martingale,100.0,100000.0,50000.0,379,1,0.0,107100.0,107100.0,7100.0
6092,Matthias Deleon,martingale,100.0,100000.0,50000.0,301,3,0.0,94600.0,94600.0,-5400.0
6093,Gabrielle Beck,martingale,100.0,100000.0,50000.0,94,1,0.0,34100.0,34100.0,-65900.0
6094,Eduardo David,martingale,100.0,100000.0,50000.0,97,1,0.0,35800.0,35800.0,-64200.0
6095,Haylee Brewer,martingale,100.0,100000.0,50000.0,399,1,0.0,99900.0,99900.0,-100.0
6096,Cruz Fields,martingale,100.0,100000.0,50000.0,488,2,0.0,121200.0,121200.0,21200.0
6097,Annie Black,martingale,100.0,100000.0,50000.0,419,1,0.0,113800.0,113800.0,13800.0
6098,Matteo Park,martingale,100.0,100000.0,50000.0,199,1,0.0,27200.0,27200.0,-72800.0
6099,Lia Morton,martingale,100.0,100000.0,50000.0,457,2,0.0,110400.0,110400.0,10400.0
6100,Roland Barton,martingale,100.0,100000.0,50000.0,514,4,0.0,122000.0,122000.0,22000.0
6101,Danna Arnold,martingale,100.0,100000.0,50000.0,632,1,0.0,123200.0,123200.0,23200.0
6102,Abraham Friedman,martingale,100.0,100000.0,50000.0,677,1,0.0,129900.0,129900.0,29900.0
6103,Aspyn David,martingale,100.0,100000.0,50000.0,320,1,0.0,102800.0,102800.0,2800.0
6104,Alonso Hodge,martingale,100.0,100000.0,50000.0,407,4,0.0,76800.0,76800.0,-23200.0
6105,Coraline Rodgers,martingale,100.0,100000.0,50000.0,422,1,0.0,114500.0,114500.0,14500.0
6106,Mathias Vazquez,martingale,100.0,100000.0,50000.0,603,1,0.0,129200.0,129200.0,29200.0
6107,Journee Moore,martingale,100.0,100000.0,50000.0,250,1,0.0,59500.0,59500.0,-40500.0
6108,Levi Hinton,martingale,100.0,100000.0,50000.0,612,1,0.0,117800.0,117800.0,17800.0
6109,Jaelynn Meadows,martingale,100.0,100000.0,50000.0,389,2,0.0,106300.0,106300.0,6300.0
6110,Wayne Bernard,martingale,100.0,100000.0,50000.0,231,3,0.0,61500.0,61500.0,-38500.0
6111,Barbara Harmon,martingale,100.0,100000.0,50000.0,671,1,0.0,132600.0,132600.0,32600.0
6112,Roberto Li,martingale,100.0,100000.0,50000.0,495,1,0.0,120800.0,120800.0,20800.0
6113,Paige Mora,martingale,100.0,100000.0,50000.0,193,1,0.0,59900.0,59900.0,-40100.0
6114,Arturo Griffith,martingale,100.0,100000.0,50000.0,253,1,0.0,40100.0,40100.0,-59900.0
6115,Alicia Peterson,martingale,100.0,100000.0,50000.0,469,2,0.0,119100.0,119100.0,19100.0
6116,Santiago Villegas,martingale,100.0,100000.0,50000.0,389,3,0.0,112500.0,112500.0,12500.0
6117,Jessie Wilcox,martingale,100.0,100000.0,50000.0,580,3,0.0,119300.0,119300.0,19300.0
6118,Jerry McIntyre,martingale,100.0,100000.0,50000.0,698,2,0.0,128400.0,128400.0,28400.0
6119,Rebekah Simmons,martingale,100.0,100000.0,50000.0,356,2,0.0,91500.0,91500.0,-8500.0
6120,Harrison Boyd,martingale,100.0,100000.0,50000.0,334,2,0.0,105300.0,105300.0,5300.0
6121,Georgia Hogan,martingale,100.0,100000.0,50000.0,423,1,0.0,108600.0,108600.0,8600.0
6122,Sonny Cobb,martingale,100.0,100000.0,50000.0,21,1,0.0,1500.0,1500.0,-98500.0
6123,Aviana Copeland,martingale,100.0,100000.0,50000.0,668,1,0.0,131200.0,131200.0,31200.0
6124,Axton Gillespie,martingale,100.0,100000.0,50000.0,357,1,0.0,107400.0,107400.0,7400.0
6125,Alianna Black,martingale,100.0,100000.0,50000.0,254,2,0.0,86200.0,86200.0,-13800.0
6126,Matteo Ashley,martingale,100.0,100000.0,50000.0,211,3,0.0,97800.0,97800.0,-2200.0
6127,Khalani Nielsen,martingale,100.0,100000.0,50000.0,136,1,0.0,39200.0,39200.0,-60800.0
6128,Tru Golden,martingale,100.0,100000.0,50000.0,637,1,0.0,121200.0,121200.0,21200.0
6129,Giuliana Hernandez,martingale,100.0,100000.0,50000.0,494,2,0.0,109700.0,109700.0,9700.0
6130,Mason Carpenter,martingale,100.0,100000.0,50000.0,260,1,0.0,77100.0,77100.0,-22900.0
6131,Lilly Sanford,martingale,100.0,100000.0,50000.0,660,1,0.0,123500.0,123500.0,23500.0
6132,Truett Brooks,martingale,100.0,100000.0,50000.0,785,1,0.0,139400.0,139400.0,39400.0
6133,Autumn Sullivan,martingale,100.0,100000.0,50000.0,620,3,0.0,127300.0,127300.0,27300.0
6134,Evan Fox,martingale,100.0,100000.0,50000.0,101,1,0.0,26200.0,26200.0,-73800.0
6135,Juliette Stark,martingale,100.0,100000.0,50000.0,531,2,0.0,125300.0,125300.0,25300.0
6136,Kristopher Ramirez,martingale,100.0,100000.0,50000.0,376,2,0.0,99300.0,99300.0,-700.0
6137,Grace Hoover,martingale,100.0,100000.0,50000.0,584,1,0.0,125800.0,125800.0,25800.0
6138,Jaziel Cabrera,martingale,100.0,100000.0,50000.0,606,2,0.0,127700.0,127700.0,27700.0
6139,Daleyza Harper,martingale,100.0,100000.0,50000.0,415,2,0.0,94300.0,94300.0,-5700.0
6140,Hayes Orr,martingale,100.0,100000.0,50000.0,402,2,0.0,98400.0,98400.0,-1600.0
6141,Alaiya Stewart,martingale,100.0,100000.0,50000.0,37,1,0.0,5000.0,5000.0,-95000.0
6142,Nolan Barrett,martingale,100.0,100000.0,50000.0,558,1,0.0,119400.0,119400.0,19400.0
6143,Kendall House,martingale,100.0,100000.0,50000.0,426,1,0.0,92200.0,92200.0,-7800.0
6144,Yehuda Phan,martingale,100.0,100000.0,50000.0,446,2,0.0,119200.0,119200.0,19200.0
6145,Elsa Nash,martingale,100.0,100000.0,50000.0,408,1,0.0,95300.0,95300.0,-4700.0
6146,Chandler Lam,martingale,100.0,100000.0,50000.0,169,1,0.0,60200.0,60200.0,-39800.0
6147,Karina Barber,martingale,100.0,100000.0,50000.0,614,2,0.0,124900.0,124900.0,24900.0
6148,Solomon Shepherd,martingale,100.0,100000.0,50000.0,160,1,0.0,55900.0,55900.0,-44100.0
6149,Katalina Velazquez,martingale,100.0,100000.0,50000.0,457,2,0.0,108000.0,108000.0,8000.0
6150,Drew Harris,martingale,100.0,100000.0,50000.0,169,1,0.0,25100.0,25100.0,-74900.0
6151,Penelope Faulkner,martingale,100.0,100000.0,50000.0,594,1,0.0,109000.0,109000.0,9000.0
6152,Jabari Brock,martingale,100.0,100000.0,50000.0,377,1,0.0,108000.0,108000.0,8000.0
6153,Jada Ramirez,martingale,100.0,100000.0,50000.0,396,1,0.0,114500.0,114500.0,14500.0
6154,David Hutchinson,martingale,100.0,100000.0,50000.0,72,1,0.0,12400.0,12400.0,-87600.0
6155,Jamie Wiggins,martingale,100.0,100000.0,50000.0,576,4,0.0,112700.0,112700.0,12700.0
6156,Azariah Villa,martingale,100.0,100000.0,50000.0,318,3,0.0,109200.0,109200.0,9200.0
6157,Johanna Carroll,martingale,100.0,100000.0,50000.0,723,2,0.0,134500.0,134500.0,34500.0
6158,Oscar Hogan,martingale,100.0,100000.0,50000.0,446,1,0.0,114400.0,114400.0,14400.0
6159,Kathryn Spence,martingale,100.0,100000.0,50000.0,391,2,0.0,95500.0,95500.0,-4500.0
6160,Cillian Cox,martingale,100.0,100000.0,50000.0,298,1,0.0,95100.0,95100.0,-4900.0
6161,Sadie McDowell,martingale,100.0,100000.0,50000.0,299,3,0.0,64700.0,64700.0,-35300.0
6162,Lachlan Dunn,martingale,100.0,100000.0,50000.0,783,3,0.0,138300.0,138300.0,38300.0
6163,Olive Arias,martingale,100.0,100000.0,50000.0,427,1,0.0,119500.0,119500.0,19500.0
6164,Alec Pittman,martingale,100.0,100000.0,50000.0,709,1,0.0,128500.0,128500.0,28500.0
6165,Marie Stephenson,martingale,100.0,100000.0,50000.0,161,3,0.0,71400.0,71400.0,-28600.0
6166,Joe Morse,martingale,100.0,100000.0,50000.0,297,2,0.0,72700.0,72700.0,-27300.0
6167,Kairi Armstrong,martingale,100.0,100000.0,50000.0,714,1,0.0,134200.0,134200.0,34200.0
6168,Grant Guerra,martingale,100.0,100000.0,50000.0,683,2,0.0,131200.0,131200.0,31200.0
6169,Edith Hammond,martingale,100.0,100000.0,50000.0,196,1,0.0,44400.0,44400.0,-55600.0
6170,Francis Shelton,martingale,100.0,100000.0,50000.0,302,3,0.0,106300.0,106300.0,6300.0
6171,Makenzie Marsh,martingale,100.0,100000.0,50000.0,415,1,0.0,105800.0,105800.0,5800.0
6172,Bo Aguirre,martingale,100.0,100000.0,50000.0,153,1,0.0,65900.0,65900.0,-34100.0
6173,Ariah Stokes,martingale,100.0,100000.0,50000.0,240,1,0.0,65400.0,65400.0,-34600.0
6174,Santana Wright,martingale,100.0,100000.0,50000.0,286,4,0.0,91500.0,91500.0,-8500.0
6175,Lily Scott,martingale,100.0,100000.0,50000.0,460,2,0.0,121200.0,121200.0,21200.0
6176,Leo Warren,martingale,100.0,100000.0,50000.0,410,2,0.0,95100.0,95100.0,-4900.0
6177,Sloane Lamb,martingale,100.0,100000.0,50000.0,542,1,0.0,122000.0,122000.0,22000.0
6178,Kaysen Wiley,martingale,100.0,100000.0,50000.0,371,4,0.0,94400.0,94400.0,-5600.0
6179,Lauryn Arnold,martingale,100.0,100000.0,50000.0,278,2,0.0,78900.0,78900.0,-21100.0
6180,Abraham Nguyen,martingale,100.0,100000.0,50000.0,559,0,0.0,128200.0,128200.0,28200.0
6181,Nova Powers,martingale,100.0,100000.0,50000.0,196,1,0.0,34900.0,34900.0,-65100.0
6182,Sean Escobar,martingale,100.0,100000.0,50000.0,532,1,0.0,123400.0,123400.0,23400.0
6183,Erin Powers,martingale,100.0,100000.0,50000.0,407,1,0.0,68400.0,68400.0,-31600.0
6184,Sean Baldwin,martingale,100.0,100000.0,50000.0,323,1,0.0,68300.0,68300.0,-31700.0
6185,Esmeralda Kirby,martingale,100.0,100000.0,50000.0,441,2,0.0,94600.0,94600.0,-5400.0
6186,Tony Griffin,martingale,100.0,100000.0,50000.0,99,1,0.0,22000.0,22000.0,-78000.0
6187,Charlie Stone,martingale,100.0,100000.0,50000.0,592,1,0.0,106100.0,106100.0,6100.0
6188,Finn Watkins,martingale,100.0,100000.0,50000.0,437,1,0.0,117000.0,117000.0,17000.0
6189,Lola Golden,martingale,100.0,100000.0,50000.0,414,1,0.0,106500.0,106500.0,6500.0
6190,Amias Farmer,martingale,100.0,100000.0,50000.0,322,3,0.0,65500.0,65500.0,-34500.0
6191,Madelynn Woods,martingale,100.0,100000.0,50000.0,509,4,0.0,119900.0,119900.0,19900.0
6192,Zion Pennington,martingale,100.0,100000.0,50000.0,391,1,0.0,89300.0,89300.0,-10700.0
6193,Yareli Gallagher,martingale,100.0,100000.0,50000.0,208,1,0.0,38200.0,38200.0,-61800.0
6194,Marcos Rangel,martingale,100.0,100000.0,50000.0,246,2,0.0,62800.0,62800.0,-37200.0
6195,Gloria Alvarado,martingale,100.0,100000.0,50000.0,502,1,0.0,105300.0,105300.0,5300.0
6196,Andres Vincent,martingale,100.0,100000.0,50000.0,828,2,0.0,140400.0,140400.0,40400.0
6197,Allyson Garcia,martingale,100.0,100000.0,50000.0,710,2,0.0,136000.0,136000.0,36000.0
6198,James Weiss,martingale,100.0,100000.0,50000.0,554,1,0.0,110500.0,110500.0,10500.0
6199,Lennox Little,martingale,100.0,100000.0,50000.0,284,2,0.0,104800.0,104800.0,4800.0
6200,Lennox Valdez,martingale,100.0,100000.0,50000.0,392,1,0.0,63200.0,63200.0,-36800.0
6201,Diana Foley,martingale,100.0,100000.0,50000.0,461,1,0.0,97200.0,97200.0,-2800.0
6202,Mohammad Roy,martingale,100.0,100000.0,50000.0,187,2,0.0,74100.0,74100.0,-25900.0
6203,Savanna Schmitt,martingale,100.0,100000.0,50000.0,507,2,0.0,122200.0,122200.0,22200.0
6204,Murphy Griffith,martingale,100.0,100000.0,50000.0,776,1,0.0,135900.0,135900.0,35900.0
6205,Alicia Dalton,martingale,100.0,100000.0,50000.0,538,2,0.0,119100.0,119100.0,19100.0
6206,Fletcher Rivers,martingale,100.0,100000.0,50000.0,134,1,0.0,31500.0,31500.0,-68500.0
6207,Kiana Jacobson,martingale,100.0,100000.0,50000.0,650,2,0.0,124600.0,124600.0,24600.0
6208,Legacy Scott,martingale,100.0,100000.0,50000.0,202,1,0.0,42500.0,42500.0,-57500.0
6209,Aurora Pace,martingale,100.0,100000.0,50000.0,239,1,0.0,84500.0,84500.0,-15500.0
6210,Dior White,martingale,100.0,100000.0,50000.0,590,1,0.0,122200.0,122200.0,22200.0
6211,Layla Little,martingale,100.0,100000.0,50000.0,258,3,0.0,80100.0,80100.0,-19900.0
6212,Lennox Mosley,martingale,100.0,100000.0,50000.0,455,3,0.0,111600.0,111600.0,11600.0
6213,Zaniyah Nixon,martingale,100.0,100000.0,50000.0,89,1,0.0,30800.0,30800.0,-69200.0
6214,Cory Hobbs,martingale,100.0,100000.0,50000.0,30,1,0.0,2900.0,2900.0,-97100.0
6215,Lacey Leach,martingale,100.0,100000.0,50000.0,226,2,0.0,89800.0,89800.0,-10200.0
6216,Westin Nixon,martingale,100.0,100000.0,50000.0,716,3,0.0,133300.0,133300.0,33300.0
6217,Deborah Harvey,martingale,100.0,100000.0,50000.0,226,3,0.0,70900.0,70900.0,-29100.0
6218,Cayden Williams,martingale,100.0,100000.0,50000.0,433,3,0.0,108700.0,108700.0,8700.0
6219,Ava Boyd,martingale,100.0,100000.0,50000.0,370,2,0.0,112700.0,112700.0,12700.0
6220,Dean Salas,martingale,100.0,100000.0,50000.0,616,0,0.0,127100.0,127100.0,27100.0
6221,Amber Armstrong,martingale,100.0,100000.0,50000.0,598,3,0.0,120500.0,120500.0,20500.0
6222,Grant Trujillo,martingale,100.0,100000.0,50000.0,303,1,0.0,62700.0,62700.0,-37300.0
6223,Danielle Sanchez,martingale,100.0,100000.0,50000.0,316,2,0.0,100500.0,100500.0,500.0
6224,Joseph Faulkner,martingale,100.0,100000.0,50000.0,449,1,0.0,112200.0,112200.0,12200.0
6225,Ansley Wright,martingale,100.0,100000.0,50000.0,657,3,0.0,131600.0,131600.0,31600.0
6226,Grayson Atkins,martingale,100.0,100000.0,50000.0,77,1,0.0,20100.0,20100.0,-79900.0
6227,Mina Padilla,martingale,100.0,100000.0,50000.0,368,1,0.0,97300.0,97300.0,-2700.0
6228,Jaden Hughes,martingale,100.0,100000.0,50000.0,667,0,0.0,133100.0,133100.0,33100.0
6229,Samantha Beard,martingale,100.0,100000.0,50000.0,423,2,0.0,110100.0,110100.0,10100.0
6230,Nathanael Sexton,martingale,100.0,100000.0,50000.0,693,1,0.0,133200.0,133200.0,33200.0
6231,Ellen Day,martingale,100.0,100000.0,50000.0,602,1,0.0,130500.0,130500.0,30500.0
6232,Kayson Sherman,martingale,100.0,100000.0,50000.0,370,1,0.0,79300.0,79300.0,-20700.0
6233,Addilyn Fields,martingale,100.0,100000.0,50000.0,565,1,0.0,126000.0,126000.0,26000.0
6234,Clayton Donovan,martingale,100.0,100000.0,50000.0,397,1,0.0,99700.0,99700.0,-300.0
6235,Azariah Casey,martingale,100.0,100000.0,50000.0,25,1,0.0,1500.0,1500.0,-98500.0
6236,Armando Burnett,martingale,100.0,100000.0,50000.0,89,1,0.0,17300.0,17300.0,-82700.0
6237,Emberly Nicholson,martingale,100.0,100000.0,50000.0,519,2,0.0,123300.0,123300.0,23300.0
6238,Rodrigo Daugherty,martingale,100.0,100000.0,50000.0,312,3,0.0,94700.0,94700.0,-5300.0
6239,Magdalena Arroyo,martingale,100.0,100000.0,50000.0,694,1,0.0,129900.0,129900.0,29900.0
6240,Alberto Cummings,martingale,100.0,100000.0,50000.0,284,1,0.0,66200.0,66200.0,-33800.0
6241,Nylah Preston,martingale,100.0,100000.0,50000.0,395,3,0.0,106300.0,106300.0,6300.0
6242,Vincenzo Summers,martingale,100.0,100000.0,50000.0,696,2,0.0,131600.0,131600.0,31600.0
6243,Frankie Truong,martingale,100.0,100000.0,50000.0,509,1,0.0,125100.0,125100.0,25100.0
6244,Ayan Day,martingale,100.0,100000.0,50000.0,380,1,0.0,118200.0,118200.0,18200.0
6245,Hayden Pearson,martingale,100.0,100000.0,50000.0,10,1,0.0,0.0,0.0,-100000.0
6246,Gunner Mayer,martingale,100.0,100000.0,50000.0,439,3,0.0,115600.0,115600.0,15600.0
6247,Ainhoa Tucker,martingale,100.0,100000.0,50000.0,765,1,0.0,137300.0,137300.0,37300.0
6248,Ivan Moreno,martingale,100.0,100000.0,50000.0,515,1,0.0,118900.0,118900.0,18900.0
6249,Mary Huff,martingale,100.0,100000.0,50000.0,455,1,0.0,75000.0,75000.0,-25000.0
6250,Finnley Burgess,martingale,100.0,100000.0,50000.0,525,2,0.0,125500.0,125500.0,25500.0
6251,Emory Archer,martingale,100.0,100000.0,50000.0,416,3,0.0,116800.0,116800.0,16800.0
6252,Ephraim McCarty,martingale,100.0,100000.0,50000.0,353,3,0.0,79800.0,79800.0,-20200.0
6253,Halo Lowe,martingale,100.0,100000.0,50000.0,193,2,0.0,77700.0,77700.0,-22300.0
6254,Julius Duran,martingale,100.0,100000.0,50000.0,302,1,0.0,81000.0,81000.0,-19000.0
6255,Willa Stafford,martingale,100.0,100000.0,50000.0,429,4,0.0,100400.0,100400.0,400.0
6256,Alfredo Mercado,martingale,100.0,100000.0,50000.0,557,2,0.0,123500.0,123500.0,23500.0
6257,Mckinley Wood,martingale,100.0,100000.0,50000.0,246,1,0.0,76700.0,76700.0,-23300.0
6258,Carson Lucas,martingale,100.0,100000.0,50000.0,523,2,0.0,117500.0,117500.0,17500.0
6259,Phoenix Moyer,martingale,100.0,100000.0,50000.0,462,1,0.0,93300.0,93300.0,-6700.0
6260,Ahmir Wiley,martingale,100.0,100000.0,50000.0,513,2,0.0,119400.0,119400.0,19400.0
6261,Lauryn Vance,martingale,100.0,100000.0,50000.0,514,2,0.0,114700.0,114700.0,14700.0
6262,Casen Salgado,martingale,100.0,100000.0,50000.0,269,1,0.0,75800.0,75800.0,-24200.0
6263,Avalynn Gomez,martingale,100.0,100000.0,50000.0,143,1,0.0,32000.0,32000.0,-68000.0
6264,Isaiah Pham,martingale,100.0,100000.0,50000.0,483,2,0.0,115600.0,115600.0,15600.0
6265,Raelyn Lane,martingale,100.0,100000.0,50000.0,240,3,0.0,89000.0,89000.0,-11000.0
6266,Matias Cuevas,martingale,100.0,100000.0,50000.0,665,1,0.0,119600.0,119600.0,19600.0
6267,Adele Benitez,martingale,100.0,100000.0,50000.0,74,1,0.0,11400.0,11400.0,-88600.0
6268,Justice McCall,martingale,100.0,100000.0,50000.0,402,1,0.0,79400.0,79400.0,-20600.0
6269,Kai Beck,martingale,100.0,100000.0,50000.0,714,1,0.0,132200.0,132200.0,32200.0
6270,Eduardo Haley,martingale,100.0,100000.0,50000.0,424,2,0.0,95500.0,95500.0,-4500.0
6271,Addilynn Turner,martingale,100.0,100000.0,50000.0,418,4,0.0,109400.0,109400.0,9400.0
6272,Joshua McClain,martingale,100.0,100000.0,50000.0,63,1,0.0,8400.0,8400.0,-91600.0
6273,Marleigh Salinas,martingale,100.0,100000.0,50000.0,147,1,0.0,38200.0,38200.0,-61800.0
6274,Edgar Terry,martingale,100.0,100000.0,50000.0,216,4,0.0,77500.0,77500.0,-22500.0
6275,Wren Lugo,martingale,100.0,100000.0,50000.0,121,1,0.0,21600.0,21600.0,-78400.0
6276,Santos Jordan,martingale,100.0,100000.0,50000.0,647,1,0.0,129000.0,129000.0,29000.0
6277,Adalynn Nolan,martingale,100.0,100000.0,50000.0,538,1,0.0,120300.0,120300.0,20300.0
6278,Maximo Burns,martingale,100.0,100000.0,50000.0,128,1,0.0,31900.0,31900.0,-68100.0
6279,Emerson Madden,martingale,100.0,100000.0,50000.0,250,5,0.0,86000.0,86000.0,-14000.0
6280,Everest Lewis,martingale,100.0,100000.0,50000.0,53,2,0.0,52400.0,52400.0,-47600.0
6281,Ellie Stanton,martingale,100.0,100000.0,50000.0,238,1,0.0,75700.0,75700.0,-24300.0
6282,Zyair Valdez,martingale,100.0,100000.0,50000.0,85,1,0.0,12000.0,12000.0,-88000.0
6283,Diana Buckley,martingale,100.0,100000.0,50000.0,18,1,0.0,6500.0,6500.0,-93500.0
6284,Aryan Jefferson,martingale,100.0,100000.0,50000.0,504,1,0.0,100600.0,100600.0,600.0
6285,Julieta Le,martingale,100.0,100000.0,50000.0,723,2,0.0,118000.0,118000.0,18000.0
6286,Damien Taylor,martingale,100.0,100000.0,50000.0,583,3,0.0,119800.0,119800.0,19800.0
6287,Sofia Booth,martingale,100.0,100000.0,50000.0,543,3,0.0,116900.0,116900.0,16900.0
6288,Chaim Pacheco,martingale,100.0,100000.0,50000.0,556,2,0.0,124500.0,124500.0,24500.0
6289,Paris Frank,martingale,100.0,100000.0,50000.0,58,1,0.0,18800.0,18800.0,-81200.0
6290,Braylen Hess,martingale,100.0,100000.0,50000.0,60,1,0.0,7000.0,7000.0,-93000.0
6291,Kaliyah Allen,martingale,100.0,100000.0,50000.0,684,1,0.0,131600.0,131600.0,31600.0
6292,Carter Shah,martingale,100.0,100000.0,50000.0,518,1,0.0,114700.0,114700.0,14700.0
6293,Angelica Sloan,martingale,100.0,100000.0,50000.0,521,1,0.0,102000.0,102000.0,2000.0
6294,Ocean Huerta,martingale,100.0,100000.0,50000.0,739,0,0.0,135600.0,135600.0,35600.0
6295,Dulce Mata,martingale,100.0,100000.0,50000.0,231,1,0.0,45600.0,45600.0,-54400.0
6296,Ray Gilmore,martingale,100.0,100000.0,50000.0,346,2,0.0,93900.0,93900.0,-6100.0
6297,Chanel Sanders,martingale,100.0,100000.0,50000.0,382,1,0.0,117000.0,117000.0,17000.0
6298,Jose Mercado,martingale,100.0,100000.0,50000.0,531,1,0.0,123300.0,123300.0,23300.0
6299,Mckinley Richard,martingale,100.0,100000.0,50000.0,232,3,0.0,97600.0,97600.0,-2400.0
6300,Ahmed Raymond,martingale,100.0,100000.0,50000.0,280,3,0.0,90400.0,90400.0,-9600.0
6301,Hadlee Jarvis,martingale,100.0,100000.0,50000.0,358,2,0.0,99600.0,99600.0,-400.0
6302,Marlon McGee,martingale,100.0,100000.0,50000.0,364,1,0.0,97000.0,97000.0,-3000.0
6303,Kayleigh Jordan,martingale,100.0,100000.0,50000.0,589,2,0.0,126500.0,126500.0,26500.0
6304,Sawyer Waters,martingale,100.0,100000.0,50000.0,297,2,0.0,66700.0,66700.0,-33300.0
6305,Bristol Hail,martingale,100.0,100000.0,50000.0,319,3,0.0,107900.0,107900.0,7900.0
6306,Hector Kelley,martingale,100.0,100000.0,50000.0,550,1,0.0,117200.0,117200.0,17200.0
6307,Rosalie Farmer,martingale,100.0,100000.0,50000.0,755,1,0.0,124900.0,124900.0,24900.0
6308,Jamison Walter,martingale,100.0,100000.0,50000.0,166,2,0.0,73400.0,73400.0,-26600.0
6309,Penny Rush,martingale,100.0,100000.0,50000.0,422,4,0.0,113600.0,113600.0,13600.0
6310,Kaiser Brown,martingale,100.0,100000.0,50000.0,604,2,0.0,128100.0,128100.0,28100.0
6311,Charlotte Hobbs,martingale,100.0,100000.0,50000.0,260,1,0.0,55900.0,55900.0,-44100.0
6312,Brendan Thornton,martingale,100.0,100000.0,50000.0,677,1,0.0,119100.0,119100.0,19100.0
6313,Haisley Olsen,martingale,100.0,100000.0,50000.0,573,1,0.0,124200.0,124200.0,24200.0
6314,Skyler Cortez,martingale,100.0,100000.0,50000.0,129,2,0.0,67800.0,67800.0,-32200.0
6315,Haven Travis,martingale,100.0,100000.0,50000.0,216,1,0.0,45200.0,45200.0,-54800.0
6316,Willie McCarthy,martingale,100.0,100000.0,50000.0,90,1,0.0,20300.0,20300.0,-79700.0
6317,Kira Stone,martingale,100.0,100000.0,50000.0,304,4,0.0,105300.0,105300.0,5300.0
6318,Finn Foster,martingale,100.0,100000.0,50000.0,590,0,0.0,127200.0,127200.0,27200.0
6319,Brielle Carpenter,martingale,100.0,100000.0,50000.0,436,1,0.0,107400.0,107400.0,7400.0
6320,Jeremy Lucero,martingale,100.0,100000.0,50000.0,450,2,0.0,100300.0,100300.0,300.0
6321,Ila Silva,martingale,100.0,100000.0,50000.0,170,2,0.0,88000.0,88000.0,-12000.0
6322,Luka Booth,martingale,100.0,100000.0,50000.0,120,1,0.0,17900.0,17900.0,-82100.0
6323,Zariyah Simon,martingale,100.0,100000.0,50000.0,454,2,0.0,97700.0,97700.0,-2300.0
6324,Zayne Osborne,martingale,100.0,100000.0,50000.0,753,1,0.0,137200.0,137200.0,37200.0
6325,Shelby Silva,martingale,100.0,100000.0,50000.0,532,1,0.0,122800.0,122800.0,22800.0
6326,Luka Duke,martingale,100.0,100000.0,50000.0,187,1,0.0,34300.0,34300.0,-65700.0
6327,Melani Decker,martingale,100.0,100000.0,50000.0,456,2,0.0,109700.0,109700.0,9700.0
6328,Taylor Hahn,martingale,100.0,100000.0,50000.0,303,1,0.0,89500.0,89500.0,-10500.0
6329,Fallon Shields,martingale,100.0,100000.0,50000.0,140,1,0.0,25200.0,25200.0,-74800.0
6330,Devon Solis,martingale,100.0,100000.0,50000.0,605,2,0.0,125200.0,125200.0,25200.0
6331,Miracle Shannon,martingale,100.0,100000.0,50000.0,319,1,0.0,110800.0,110800.0,10800.0
6332,Eliel Richards,martingale,100.0,100000.0,50000.0,474,3,0.0,77700.0,77700.0,-22300.0
6333,Trinity Fitzpatrick,martingale,100.0,100000.0,50000.0,567,1,0.0,108600.0,108600.0,8600.0
6334,Blaze Guerrero,martingale,100.0,100000.0,50000.0,411,2,0.0,118900.0,118900.0,18900.0
6335,Margot Nicholson,martingale,100.0,100000.0,50000.0,827,1,0.0,141600.0,141600.0,41600.0
6336,Rodrigo Ingram,martingale,100.0,100000.0,50000.0,485,1,0.0,117600.0,117600.0,17600.0
6337,Katie Parrish,martingale,100.0,100000.0,50000.0,130,1,0.0,22100.0,22100.0,-77900.0
6338,Karsyn Barton,martingale,100.0,100000.0,50000.0,761,2,0.0,135000.0,135000.0,35000.0
6339,Danna Gregory,martingale,100.0,100000.0,50000.0,343,2,0.0,97300.0,97300.0,-2700.0
6340,Travis Burgess,martingale,100.0,100000.0,50000.0,206,2,0.0,85300.0,85300.0,-14700.0
6341,Emory Palacios,martingale,100.0,100000.0,50000.0,310,1,0.0,75900.0,75900.0,-24100.0
6342,Thaddeus Ali,martingale,100.0,100000.0,50000.0,501,3,0.0,114400.0,114400.0,14400.0
6343,Zelda Small,martingale,100.0,100000.0,50000.0,52,1,0.0,7500.0,7500.0,-92500.0
6344,Rudy House,martingale,100.0,100000.0,50000.0,739,2,0.0,135300.0,135300.0,35300.0
6345,Sariah Richmond,martingale,100.0,100000.0,50000.0,487,2,0.0,117200.0,117200.0,17200.0
6346,Mordechai McCoy,martingale,100.0,100000.0,50000.0,671,1,0.0,130400.0,130400.0,30400.0
6347,Mckenzie Skinner,martingale,100.0,100000.0,50000.0,509,2,0.0,110600.0,110600.0,10600.0
6348,Ridge Krueger,martingale,100.0,100000.0,50000.0,691,1,0.0,126200.0,126200.0,26200.0
6349,Kamari Osborne,martingale,100.0,100000.0,50000.0,307,3,0.0,102500.0,102500.0,2500.0
6350,Augustus Ellison,martingale,100.0,100000.0,50000.0,366,3,0.0,113200.0,113200.0,13200.0
6351,Raina Molina,martingale,100.0,100000.0,50000.0,696,2,0.0,132100.0,132100.0,32100.0
6352,Prince Roach,martingale,100.0,100000.0,50000.0,480,1,0.0,118200.0,118200.0,18200.0
6353,Lyanna Dorsey,martingale,100.0,100000.0,50000.0,493,1,0.0,119100.0,119100.0,19100.0
6354,Enoch Lowery,martingale,100.0,100000.0,50000.0,420,1,0.0,106100.0,106100.0,6100.0
6355,Estelle Gray,martingale,100.0,100000.0,50000.0,767,1,0.0,134300.0,134300.0,34300.0
6356,Nicholas Bruce,martingale,100.0,100000.0,50000.0,257,1,0.0,58700.0,58700.0,-41300.0
6357,Marilyn Cortes,martingale,100.0,100000.0,50000.0,415,3,0.0,85500.0,85500.0,-14500.0
6358,Banks Jaramillo,martingale,100.0,100000.0,50000.0,518,2,0.0,121600.0,121600.0,21600.0
6359,Guadalupe Maxwell,martingale,100.0,100000.0,50000.0,608,1,0.0,127700.0,127700.0,27700.0
6360,Eden Booker,martingale,100.0,100000.0,50000.0,584,2,0.0,128000.0,128000.0,28000.0
6361,Nataly Long,martingale,100.0,100000.0,50000.0,534,2,0.0,101700.0,101700.0,1700.0
6362,Jace Molina,martingale,100.0,100000.0,50000.0,123,1,0.0,78700.0,78700.0,-21300.0
6363,Alexandria Chang,martingale,100.0,100000.0,50000.0,297,1,0.0,71800.0,71800.0,-28200.0
6364,Ari Beil,martingale,100.0,100000.0,50000.0,326,2,0.0,91600.0,91600.0,-8400.0
6365,Itzel Owens,martingale,100.0,100000.0,50000.0,59,1,0.0,15100.0,15100.0,-84900.0
6366,Adriel Fleming,martingale,100.0,100000.0,50000.0,115,1,0.0,16200.0,16200.0,-83800.0
6367,Fatima Randall,martingale,100.0,100000.0,50000.0,96,1,0.0,17200.0,17200.0,-82800.0
6368,Trenton McFarland,martingale,100.0,100000.0,50000.0,96,1,0.0,24700.0,24700.0,-75300.0
6369,Annika Henson,martingale,100.0,100000.0,50000.0,463,1,0.0,98900.0,98900.0,-1100.0
6370,Bellamy Warner,martingale,100.0,100000.0,50000.0,371,1,0.0,63800.0,63800.0,-36200.0
6371,Wynter Barry,martingale,100.0,100000.0,50000.0,496,1,0.0,117700.0,117700.0,17700.0
6372,Emery Snow,martingale,100.0,100000.0,50000.0,265,4,0.0,94200.0,94200.0,-5800.0
6373,Alexia Hall,martingale,100.0,100000.0,50000.0,395,3,0.0,112800.0,112800.0,12800.0
6374,Thomas Coffey,martingale,100.0,100000.0,50000.0,159,1,0.0,28700.0,28700.0,-71300.0
6375,Paola Rosales,martingale,100.0,100000.0,50000.0,483,2,0.0,119000.0,119000.0,19000.0
6376,Wilder Hoover,martingale,100.0,100000.0,50000.0,539,4,0.0,122300.0,122300.0,22300.0
6377,Virginia Fischer,martingale,100.0,100000.0,50000.0,441,1,0.0,102300.0,102300.0,2300.0
6378,Leonidas Cuevas,martingale,100.0,100000.0,50000.0,513,0,0.0,121400.0,121400.0,21400.0
6379,Adele Brock,martingale,100.0,100000.0,50000.0,247,1,0.0,48200.0,48200.0,-51800.0
6380,Julio Warren,martingale,100.0,100000.0,50000.0,325,1,0.0,74100.0,74100.0,-25900.0
6381,Sloane Mays,martingale,100.0,100000.0,50000.0,402,1,0.0,87200.0,87200.0,-12800.0
6382,Jadiel Faulkner,martingale,100.0,100000.0,50000.0,428,1,0.0,117900.0,117900.0,17900.0
6383,Ansley Espinosa,martingale,100.0,100000.0,50000.0,427,1,0.0,110700.0,110700.0,10700.0
6384,Khalid Barajas,martingale,100.0,100000.0,50000.0,42,1,0.0,4200.0,4200.0,-95800.0
6385,Keilani Richards,martingale,100.0,100000.0,50000.0,563,1,0.0,126200.0,126200.0,26200.0
6386,Holden Ali,martingale,100.0,100000.0,50000.0,243,2,0.0,92000.0,92000.0,-8000.0
6387,Zelda Joseph,martingale,100.0,100000.0,50000.0,425,1,0.0,101800.0,101800.0,1800.0
6388,Kyle Blair,martingale,100.0,100000.0,50000.0,581,1,0.0,125700.0,125700.0,25700.0
6389,Frances Whitaker,martingale,100.0,100000.0,50000.0,515,1,0.0,96700.0,96700.0,-3300.0
6390,Keith Benson,martingale,100.0,100000.0,50000.0,448,2,0.0,119400.0,119400.0,19400.0
6391,Collins Douglas,martingale,100.0,100000.0,50000.0,135,1,0.0,30100.0,30100.0,-69900.0
6392,Derek Merritt,martingale,100.0,100000.0,50000.0,768,1,0.0,137400.0,137400.0,37400.0
6393,Kaisley Cervantes,martingale,100.0,100000.0,50000.0,101,1,0.0,24700.0,24700.0,-75300.0
6394,Kamari McClure,martingale,100.0,100000.0,50000.0,282,1,0.0,93200.0,93200.0,-6800.0
6395,Estella Castillo,martingale,100.0,100000.0,50000.0,225,4,0.0,76700.0,76700.0,-23300.0
6396,Kai Schultz,martingale,100.0,100000.0,50000.0,235,1,0.0,40000.0,40000.0,-60000.0
6397,Briella Gregory,martingale,100.0,100000.0,50000.0,355,1,0.0,100200.0,100200.0,200.0
6398,Travis Shepherd,martingale,100.0,100000.0,50000.0,530,2,0.0,115600.0,115600.0,15600.0
6399,Katalina Whitaker,martingale,100.0,100000.0,50000.0,335,1,0.0,81500.0,81500.0,-18500.0
6400,Keith Price,martingale,100.0,100000.0,50000.0,197,1,0.0,31900.0,31900.0,-68100.0
6401,Piper Summers,martingale,100.0,100000.0,50000.0,73,1,0.0,8900.0,8900.0,-91100.0
6402,Darius Simon,martingale,100.0,100000.0,50000.0,670,3,0.0,130500.0,130500.0,30500.0
6403,Kalani Stein,martingale,100.0,100000.0,50000.0,349,1,0.0,85000.0,85000.0,-15000.0
6404,Creed Wilcox,martingale,100.0,100000.0,50000.0,733,0,0.0,134600.0,134600.0,34600.0
6405,Ashlyn Perez,martingale,100.0,100000.0,50000.0,635,1,0.0,130300.0,130300.0,30300.0
6406,Owen Campbell,martingale,100.0,100000.0,50000.0,304,1,0.0,69800.0,69800.0,-30200.0
6407,Addison George,martingale,100.0,100000.0,50000.0,538,1,0.0,124900.0,124900.0,24900.0
6408,Mark Duke,martingale,100.0,100000.0,50000.0,500,1,0.0,120900.0,120900.0,20900.0
6409,Melani Benton,martingale,100.0,100000.0,50000.0,628,1,0.0,111300.0,111300.0,11300.0
6410,Jamal Reed,martingale,100.0,100000.0,50000.0,99,1,0.0,18800.0,18800.0,-81200.0
6411,Valentina Keller,martingale,100.0,100000.0,50000.0,368,1,0.0,95700.0,95700.0,-4300.0
6412,Nico Smith,martingale,100.0,100000.0,50000.0,427,1,0.0,84500.0,84500.0,-15500.0
6413,Olivia Perez,martingale,100.0,100000.0,50000.0,504,1,0.0,115900.0,115900.0,15900.0
6414,Owen Magana,martingale,100.0,100000.0,50000.0,334,1,0.0,95700.0,95700.0,-4300.0
6415,Amaris Hurley,martingale,100.0,100000.0,50000.0,269,4,0.0,92400.0,92400.0,-7600.0
6416,Van Fleming,martingale,100.0,100000.0,50000.0,341,2,0.0,72000.0,72000.0,-28000.0
6417,Fatima McClure,martingale,100.0,100000.0,50000.0,631,1,0.0,129200.0,129200.0,29200.0
6418,Reese Eaton,martingale,100.0,100000.0,50000.0,638,2,0.0,131300.0,131300.0,31300.0
6419,Miley Weeks,martingale,100.0,100000.0,50000.0,653,2,0.0,127200.0,127200.0,27200.0
6420,Anders Benjamin,martingale,100.0,100000.0,50000.0,474,2,0.0,111700.0,111700.0,11700.0
6421,Jianna Brock,martingale,100.0,100000.0,50000.0,631,3,0.0,127700.0,127700.0,27700.0
6422,Julio Saunders,martingale,100.0,100000.0,50000.0,543,1,0.0,115600.0,115600.0,15600.0
6423,Meadow Carey,martingale,100.0,100000.0,50000.0,218,1,0.0,41000.0,41000.0,-59000.0
6424,Watson Hickman,martingale,100.0,100000.0,50000.0,525,1,0.0,100800.0,100800.0,800.0
6425,Scarlette McCormick,martingale,100.0,100000.0,50000.0,114,1,0.0,15700.0,15700.0,-84300.0
6426,Jasiah Brady,martingale,100.0,100000.0,50000.0,130,1,0.0,17500.0,17500.0,-82500.0
6427,Ryan Valencia,martingale,100.0,100000.0,50000.0,757,1,0.0,132800.0,132800.0,32800.0
6428,Dax Rodgers,martingale,100.0,100000.0,50000.0,274,1,0.0,58800.0,58800.0,-41200.0
6429,Selah Barton,martingale,100.0,100000.0,50000.0,422,1,0.0,107100.0,107100.0,7100.0
6430,Cassius Camacho,martingale,100.0,100000.0,50000.0,307,1,0.0,47400.0,47400.0,-52600.0
6431,Armani Fitzpatrick,martingale,100.0,100000.0,50000.0,436,1,0.0,115200.0,115200.0,15200.0
6432,Blaze Esparza,martingale,100.0,100000.0,50000.0,311,2,0.0,98400.0,98400.0,-1600.0
6433,Ramona Castaneda,martingale,100.0,100000.0,50000.0,730,1,0.0,135500.0,135500.0,35500.0
6434,Collin Walton,martingale,100.0,100000.0,50000.0,464,4,0.0,118300.0,118300.0,18300.0
6435,Scarlet Taylor,martingale,100.0,100000.0,50000.0,705,2,0.0,133700.0,133700.0,33700.0
6436,Jackson Wang,martingale,100.0,100000.0,50000.0,504,3,0.0,81500.0,81500.0,-18500.0
6437,Kailani Rowe,martingale,100.0,100000.0,50000.0,526,2,0.0,115400.0,115400.0,15400.0
6438,Kamden McCullough,martingale,100.0,100000.0,50000.0,539,2,0.0,126900.0,126900.0,26900.0
6439,Hana Sosa,martingale,100.0,100000.0,50000.0,459,1,0.0,118300.0,118300.0,18300.0
6440,Emir Garrett,martingale,100.0,100000.0,50000.0,730,1,0.0,135000.0,135000.0,35000.0
6441,Tessa Mullen,martingale,100.0,100000.0,50000.0,324,1,0.0,100400.0,100400.0,400.0
6442,Shepard Patrick,martingale,100.0,100000.0,50000.0,444,2,0.0,117700.0,117700.0,17700.0
6443,Lyra Jenkins,martingale,100.0,100000.0,50000.0,393,1,0.0,77300.0,77300.0,-22700.0
6444,Declan Sims,martingale,100.0,100000.0,50000.0,265,2,0.0,92000.0,92000.0,-8000.0
6445,Lena Thompson,martingale,100.0,100000.0,50000.0,207,2,0.0,90800.0,90800.0,-9200.0
6446,Theodore Raymond,martingale,100.0,100000.0,50000.0,698,2,0.0,132500.0,132500.0,32500.0
6447,Hadlee Cabrera,martingale,100.0,100000.0,50000.0,359,3,0.0,89700.0,89700.0,-10300.0
6448,Cade Woodward,martingale,100.0,100000.0,50000.0,405,2,0.0,117500.0,117500.0,17500.0
6449,Drew Bullock,martingale,100.0,100000.0,50000.0,514,1,0.0,113700.0,113700.0,13700.0
6450,Ben Vance,martingale,100.0,100000.0,50000.0,487,1,0.0,110200.0,110200.0,10200.0
6451,Maxine Hensley,martingale,100.0,100000.0,50000.0,106,1,0.0,16800.0,16800.0,-83200.0
6452,Layne Cox,martingale,100.0,100000.0,50000.0,689,3,0.0,133600.0,133600.0,33600.0
6453,Sadie Sweeney,martingale,100.0,100000.0,50000.0,473,2,0.0,121400.0,121400.0,21400.0
6454,Nixon McLaughlin,martingale,100.0,100000.0,50000.0,423,4,0.0,76700.0,76700.0,-23300.0
6455,Stephanie Dixon,martingale,100.0,100000.0,50000.0,652,2,0.0,126500.0,126500.0,26500.0
6456,Camden Person,martingale,100.0,100000.0,50000.0,320,4,0.0,90100.0,90100.0,-9900.0
6457,Dylan Ortega,martingale,100.0,100000.0,50000.0,299,1,0.0,59600.0,59600.0,-40400.0
6458,Kobe Sherman,martingale,100.0,100000.0,50000.0,625,2,0.0,124600.0,124600.0,24600.0
6459,Addilyn Curtis,martingale,100.0,100000.0,50000.0,468,3,0.0,105500.0,105500.0,5500.0
6460,Muhammad Wells,martingale,100.0,100000.0,50000.0,258,3,0.0,72400.0,72400.0,-27600.0
6461,Cecilia Castro,martingale,100.0,100000.0,50000.0,522,1,0.0,106400.0,106400.0,6400.0
6462,Jasper Weiss,martingale,100.0,100000.0,50000.0,489,1,0.0,84300.0,84300.0,-15700.0
6463,Lennox George,martingale,100.0,100000.0,50000.0,487,1,0.0,105900.0,105900.0,5900.0
6464,Mark Barrera,martingale,100.0,100000.0,50000.0,311,1,0.0,86700.0,86700.0,-13300.0
6465,Beatrice Odom,martingale,100.0,100000.0,50000.0,372,2,0.0,100700.0,100700.0,700.0
6466,Kylian Huynh,martingale,100.0,100000.0,50000.0,218,1,0.0,64700.0,64700.0,-35300.0
6467,Oaklee Mejia,martingale,100.0,100000.0,50000.0,619,2,0.0,129300.0,129300.0,29300.0
6468,Atticus Mack,martingale,100.0,100000.0,50000.0,528,1,0.0,117400.0,117400.0,17400.0
6469,Nadia Evans,martingale,100.0,100000.0,50000.0,581,2,0.0,121300.0,121300.0,21300.0
6470,Elias Velasquez,martingale,100.0,100000.0,50000.0,594,1,0.0,122000.0,122000.0,22000.0
6471,Esme Patterson,martingale,100.0,100000.0,50000.0,325,3,0.0,95000.0,95000.0,-5000.0
6472,Amir Macias,martingale,100.0,100000.0,50000.0,318,2,0.0,92500.0,92500.0,-7500.0
6473,Adley Hunt,martingale,100.0,100000.0,50000.0,457,4,0.0,109100.0,109100.0,9100.0
6474,Jesus Flynn,martingale,100.0,100000.0,50000.0,407,2,0.0,113100.0,113100.0,13100.0
6475,Dorothy Ayers,martingale,100.0,100000.0,50000.0,338,2,0.0,73600.0,73600.0,-26400.0
6476,Ulises Bullock,martingale,100.0,100000.0,50000.0,489,2,0.0,112600.0,112600.0,12600.0
6477,Winnie Truong,martingale,100.0,100000.0,50000.0,14,1,0.0,400.0,400.0,-99600.0
6478,Ayan Taylor,martingale,100.0,100000.0,50000.0,519,2,0.0,122500.0,122500.0,22500.0
6479,Sofia Caldwell,martingale,100.0,100000.0,50000.0,508,2,0.0,125600.0,125600.0,25600.0
6480,Rylan Rosas,martingale,100.0,100000.0,50000.0,405,2,0.0,112100.0,112100.0,12100.0
6481,Joelle Correa,martingale,100.0,100000.0,50000.0,162,2,0.0,90100.0,90100.0,-9900.0
6482,Zakai Dougherty,martingale,100.0,100000.0,50000.0,598,1,0.0,123500.0,123500.0,23500.0
6483,Alisson Curry,martingale,100.0,100000.0,50000.0,454,3,0.0,116900.0,116900.0,16900.0
6484,Briggs Duke,martingale,100.0,100000.0,50000.0,485,2,0.0,111900.0,111900.0,11900.0
6485,Melani Preston,martingale,100.0,100000.0,50000.0,554,3,0.0,126800.0,126800.0,26800.0
6486,Vincenzo Rosales,martingale,100.0,100000.0,50000.0,340,2,0.0,77800.0,77800.0,-22200.0
6487,Kinley Matthews,martingale,100.0,100000.0,50000.0,320,0,0.0,64200.0,64200.0,-35800.0
6488,Preston Barker,martingale,100.0,100000.0,50000.0,301,1,0.0,63700.0,63700.0,-36300.0
6489,Remington Paul,martingale,100.0,100000.0,50000.0,504,3,0.0,123200.0,123200.0,23200.0
6490,Noel Trejo,martingale,100.0,100000.0,50000.0,296,2,0.0,108100.0,108100.0,8100.0
6491,Rosalyn Suarez,martingale,100.0,100000.0,50000.0,647,1,0.0,120700.0,120700.0,20700.0
6492,Soren Wagner,martingale,100.0,100000.0,50000.0,62,1,0.0,6700.0,6700.0,-93300.0
6493,Maeve Fletcher,martingale,100.0,100000.0,50000.0,344,3,0.0,72600.0,72600.0,-27400.0
6494,Jay Hensley,martingale,100.0,100000.0,50000.0,631,1,0.0,123600.0,123600.0,23600.0
6495,Malaya Walter,martingale,100.0,100000.0,50000.0,607,0,0.0,131000.0,131000.0,31000.0
6496,Lochlan Weber,martingale,100.0,100000.0,50000.0,373,2,0.0,95700.0,95700.0,-4300.0
6497,Alayah Pope,martingale,100.0,100000.0,50000.0,360,1,0.0,63600.0,63600.0,-36400.0
6498,Gunnar Jacobs,martingale,100.0,100000.0,50000.0,604,1,0.0,130100.0,130100.0,30100.0
6499,Camilla Merritt,martingale,100.0,100000.0,50000.0,584,1,0.0,122100.0,122100.0,22100.0
6500,Colten Doyle,martingale,100.0,100000.0,50000.0,544,1,0.0,116300.0,116300.0,16300.0
6501,Annalise David,martingale,100.0,100000.0,50000.0,249,1,0.0,39300.0,39300.0,-60700.0
6502,Alonso Robinson,martingale,100.0,100000.0,50000.0,98,1,0.0,20200.0,20200.0,-79800.0
6503,Nora Patton,martingale,100.0,100000.0,50000.0,433,3,0.0,116000.0,116000.0,16000.0
6504,Moises Wolfe,martingale,100.0,100000.0,50000.0,450,2,0.0,115100.0,115100.0,15100.0
6505,Hallie Nguyen,martingale,100.0,100000.0,50000.0,152,1,0.0,26900.0,26900.0,-73100.0
6506,Gabriel Sawyer,martingale,100.0,100000.0,50000.0,282,2,0.0,81400.0,81400.0,-18600.0
6507,Marina Cortes,martingale,100.0,100000.0,50000.0,340,1,0.0,101100.0,101100.0,1100.0
6508,Banks Sheppard,martingale,100.0,100000.0,50000.0,554,2,0.0,128400.0,128400.0,28400.0
6509,Veda Berry,martingale,100.0,100000.0,50000.0,642,2,0.0,107600.0,107600.0,7600.0
6510,Adonis Robinson,martingale,100.0,100000.0,50000.0,559,2,0.0,124400.0,124400.0,24400.0
6511,Nora Stuart,martingale,100.0,100000.0,50000.0,572,2,0.0,115600.0,115600.0,15600.0
6512,Dion Brady,martingale,100.0,100000.0,50000.0,407,1,0.0,105500.0,105500.0,5500.0
6513,Ryan Valencia,martingale,100.0,100000.0,50000.0,175,1,0.0,48600.0,48600.0,-51400.0
6514,Dax Hogan,martingale,100.0,100000.0,50000.0,359,1,0.0,88000.0,88000.0,-12000.0
6515,Kathryn Boyer,martingale,100.0,100000.0,50000.0,104,1,0.0,25600.0,25600.0,-74400.0
6516,Zeke Trejo,martingale,100.0,100000.0,50000.0,115,1,0.0,26400.0,26400.0,-73600.0
6517,Rosalyn Jarvis,martingale,100.0,100000.0,50000.0,259,2,0.0,87600.0,87600.0,-12400.0
6518,Marlon Wolfe,martingale,100.0,100000.0,50000.0,188,3,0.0,62000.0,62000.0,-38000.0
6519,Hallie Becker,martingale,100.0,100000.0,50000.0,143,1,0.0,23400.0,23400.0,-76600.0
6520,Lawson Willis,martingale,100.0,100000.0,50000.0,604,1,0.0,105800.0,105800.0,5800.0
6521,Alexa Phan,martingale,100.0,100000.0,50000.0,526,1,0.0,113000.0,113000.0,13000.0
6522,Maison Friedman,martingale,100.0,100000.0,50000.0,394,2,0.0,72100.0,72100.0,-27900.0
6523,Aspyn Molina,martingale,100.0,100000.0,50000.0,566,1,0.0,112400.0,112400.0,12400.0
6524,Prince Shaffer,martingale,100.0,100000.0,50000.0,264,4,0.0,103700.0,103700.0,3700.0
6525,Alanna Carrillo,martingale,100.0,100000.0,50000.0,480,2,0.0,120600.0,120600.0,20600.0
6526,Wade Chavez,martingale,100.0,100000.0,50000.0,449,3,0.0,109300.0,109300.0,9300.0
6527,Nevaeh Stewart,martingale,100.0,100000.0,50000.0,262,3,0.0,87800.0,87800.0,-12200.0
6528,Nolan Costa,martingale,100.0,100000.0,50000.0,468,3,0.0,115200.0,115200.0,15200.0
6529,Robin Potts,martingale,100.0,100000.0,50000.0,332,1,0.0,66600.0,66600.0,-33400.0
6530,Alfred McKenzie,martingale,100.0,100000.0,50000.0,393,3,0.0,97700.0,97700.0,-2300.0
6531,Briar Carey,martingale,100.0,100000.0,50000.0,582,2,0.0,127100.0,127100.0,27100.0
6532,Watson Stewart,martingale,100.0,100000.0,50000.0,199,1,0.0,32700.0,32700.0,-67300.0
6533,Maya Cantu,martingale,100.0,100000.0,50000.0,517,2,0.0,122400.0,122400.0,22400.0
6534,Anakin Schultz,martingale,100.0,100000.0,50000.0,458,2,0.0,120600.0,120600.0,20600.0
6535,Briella Best,martingale,100.0,100000.0,50000.0,416,1,0.0,113600.0,113600.0,13600.0
6536,Harlem Rose,martingale,100.0,100000.0,50000.0,81,1,0.0,11800.0,11800.0,-88200.0
6537,Magnolia Becker,martingale,100.0,100000.0,50000.0,437,1,0.0,117100.0,117100.0,17100.0
6538,Lawson Vincent,martingale,100.0,100000.0,50000.0,537,2,0.0,123400.0,123400.0,23400.0
6539,Allyson Foley,martingale,100.0,100000.0,50000.0,460,3,0.0,122500.0,122500.0,22500.0
6540,Mohammad Manning,martingale,100.0,100000.0,50000.0,616,1,0.0,127000.0,127000.0,27000.0
6541,Jennifer McDonald,martingale,100.0,100000.0,50000.0,390,1,0.0,99100.0,99100.0,-900.0
6542,Calvin Daniel,martingale,100.0,100000.0,50000.0,449,1,0.0,104300.0,104300.0,4300.0
6543,Joy O’Connell,martingale,100.0,100000.0,50000.0,603,3,0.0,128100.0,128100.0,28100.0
6544,Jovanni Phan,martingale,100.0,100000.0,50000.0,565,1,0.0,126000.0,126000.0,26000.0
6545,Elsa Poole,martingale,100.0,100000.0,50000.0,71,1,0.0,15600.0,15600.0,-84400.0
6546,Quincy Shields,martingale,100.0,100000.0,50000.0,212,2,0.0,83800.0,83800.0,-16200.0
6547,Analia Dominguez,martingale,100.0,100000.0,50000.0,691,2,0.0,132800.0,132800.0,32800.0
6548,Kaden Holloway,martingale,100.0,100000.0,50000.0,520,2,0.0,112500.0,112500.0,12500.0
6549,Mae Keith,martingale,100.0,100000.0,50000.0,398,1,0.0,99600.0,99600.0,-400.0
6550,Jagger Monroe,martingale,100.0,100000.0,50000.0,391,1,0.0,92800.0,92800.0,-7200.0
6551,Carly Keller,martingale,100.0,100000.0,50000.0,381,2,0.0,94900.0,94900.0,-5100.0
6552,Nico Glenn,martingale,100.0,100000.0,50000.0,559,1,0.0,118600.0,118600.0,18600.0
6553,Blaire Stone,martingale,100.0,100000.0,50000.0,658,2,0.0,128900.0,128900.0,28900.0
6554,Finn Frazier,martingale,100.0,100000.0,50000.0,584,1,0.0,127100.0,127100.0,27100.0
6555,Octavia Moody,martingale,100.0,100000.0,50000.0,323,2,0.0,64900.0,64900.0,-35100.0
6556,Ryland Lucero,martingale,100.0,100000.0,50000.0,535,1,0.0,124000.0,124000.0,24000.0
6557,Ila Mills,martingale,100.0,100000.0,50000.0,643,2,0.0,128100.0,128100.0,28100.0
6558,Alex Barrera,martingale,100.0,100000.0,50000.0,675,1,0.0,119000.0,119000.0,19000.0
6559,Beatrice Horne,martingale,100.0,100000.0,50000.0,610,3,0.0,124700.0,124700.0,24700.0
6560,Zev Boyd,martingale,100.0,100000.0,50000.0,624,2,0.0,125200.0,125200.0,25200.0
6561,Georgia Hull,martingale,100.0,100000.0,50000.0,644,2,0.0,111200.0,111200.0,11200.0
6562,Salem Rios,martingale,100.0,100000.0,50000.0,439,3,0.0,118500.0,118500.0,18500.0
6563,Brooke Curry,martingale,100.0,100000.0,50000.0,541,1,0.0,94200.0,94200.0,-5800.0
6564,Briggs Spears,martingale,100.0,100000.0,50000.0,452,4,0.0,112000.0,112000.0,12000.0
6565,Isabela Wu,martingale,100.0,100000.0,50000.0,554,2,0.0,118800.0,118800.0,18800.0
6566,Kyson Meadows,martingale,100.0,100000.0,50000.0,677,1,0.0,130400.0,130400.0,30400.0
6567,Pearl Summers,martingale,100.0,100000.0,50000.0,701,1,0.0,133600.0,133600.0,33600.0
6568,Darius Cantrell,martingale,100.0,100000.0,50000.0,212,2,0.0,86300.0,86300.0,-13700.0
6569,Yamileth Kim,martingale,100.0,100000.0,50000.0,310,1,0.0,63100.0,63100.0,-36900.0
6570,Roman Valentine,martingale,100.0,100000.0,50000.0,22,1,0.0,1300.0,1300.0,-98700.0
6571,August McIntosh,martingale,100.0,100000.0,50000.0,382,2,0.0,112700.0,112700.0,12700.0
6572,Kristian Duffy,martingale,100.0,100000.0,50000.0,301,1,0.0,61300.0,61300.0,-38700.0
6573,Addisyn Armstrong,martingale,100.0,100000.0,50000.0,637,2,0.0,122900.0,122900.0,22900.0
6574,Grant Buchanan,martingale,100.0,100000.0,50000.0,714,1,0.0,116300.0,116300.0,16300.0
6575,Maryam Kerr,martingale,100.0,100000.0,50000.0,255,2,0.0,67600.0,67600.0,-32400.0
6576,Louie Tucker,martingale,100.0,100000.0,50000.0,391,1,0.0,111800.0,111800.0,11800.0
6577,Esther Haynes,martingale,100.0,100000.0,50000.0,535,1,0.0,103100.0,103100.0,3100.0
6578,Kason Sharp,martingale,100.0,100000.0,50000.0,593,1,0.0,125300.0,125300.0,25300.0
6579,Camryn Douglas,martingale,100.0,100000.0,50000.0,711,1,0.0,131800.0,131800.0,31800.0
6580,Derek Cano,martingale,100.0,100000.0,50000.0,340,1,0.0,76100.0,76100.0,-23900.0
6581,Egypt Barry,martingale,100.0,100000.0,50000.0,321,1,0.0,85400.0,85400.0,-14600.0
6582,Emery Swanson,martingale,100.0,100000.0,50000.0,574,1,0.0,118000.0,118000.0,18000.0
6583,Helen Everett,martingale,100.0,100000.0,50000.0,523,3,0.0,119000.0,119000.0,19000.0
6584,Camilo Bartlett,martingale,100.0,100000.0,50000.0,140,1,0.0,22800.0,22800.0,-77200.0
6585,Aubrielle McDowell,martingale,100.0,100000.0,50000.0,260,1,0.0,51100.0,51100.0,-48900.0
6586,Lachlan Morales,martingale,100.0,100000.0,50000.0,448,2,0.0,117300.0,117300.0,17300.0
6587,Skylar Logan,martingale,100.0,100000.0,50000.0,180,2,0.0,60900.0,60900.0,-39100.0
6588,Rocco Moss,martingale,100.0,100000.0,50000.0,480,1,0.0,118600.0,118600.0,18600.0
6589,Bianca Russo,martingale,100.0,100000.0,50000.0,76,1,0.0,23400.0,23400.0,-76600.0
6590,Jamie Barton,martingale,100.0,100000.0,50000.0,351,2,0.0,94200.0,94200.0,-5800.0
6591,Danna Beasley,martingale,100.0,100000.0,50000.0,906,1,0.0,145300.0,145300.0,45300.0
6592,Stanley Munoz,martingale,100.0,100000.0,50000.0,360,4,0.0,115000.0,115000.0,15000.0
6593,Kehlani Barnett,martingale,100.0,100000.0,50000.0,122,1,0.0,16900.0,16900.0,-83100.0
6594,Stephen Norton,martingale,100.0,100000.0,50000.0,305,3,0.0,79700.0,79700.0,-20300.0
6595,Kylee Page,martingale,100.0,100000.0,50000.0,277,4,0.0,94700.0,94700.0,-5300.0
6596,Pablo Bernard,martingale,100.0,100000.0,50000.0,238,2,0.0,90300.0,90300.0,-9700.0
6597,Barbara Lozano,martingale,100.0,100000.0,50000.0,655,2,0.0,126700.0,126700.0,26700.0
6598,Boone Graham,martingale,100.0,100000.0,50000.0,272,2,0.0,73900.0,73900.0,-26100.0
6599,Alaia Edwards,martingale,100.0,100000.0,50000.0,478,2,0.0,110000.0,110000.0,10000.0
6600,Adrian Cooper,martingale,100.0,100000.0,50000.0,436,1,0.0,95200.0,95200.0,-4800.0
6601,Serenity Holloway,martingale,100.0,100000.0,50000.0,340,2,0.0,74900.0,74900.0,-25100.0
6602,Sutton Ponce,martingale,100.0,100000.0,50000.0,452,2,0.0,113500.0,113500.0,13500.0
6603,Aileen Barajas,martingale,100.0,100000.0,50000.0,483,2,0.0,111300.0,111300.0,11300.0
6604,Brennan Bentley,martingale,100.0,100000.0,50000.0,567,2,0.0,127500.0,127500.0,27500.0
6605,Jaylin McKee,martingale,100.0,100000.0,50000.0,142,4,0.0,61600.0,61600.0,-38400.0
6606,Bjorn Tran,martingale,100.0,100000.0,50000.0,436,2,0.0,117500.0,117500.0,17500.0
6607,Kylie Campbell,martingale,100.0,100000.0,50000.0,341,1,0.0,58800.0,58800.0,-41200.0
6608,Christopher Cameron,martingale,100.0,100000.0,50000.0,303,3,0.0,75000.0,75000.0,-25000.0
6609,Julie McCann,martingale,100.0,100000.0,50000.0,127,1,0.0,57900.0,57900.0,-42100.0
6610,Heath Hawkins,martingale,100.0,100000.0,50000.0,480,1,0.0,119200.0,119200.0,19200.0
6611,Ariel Webster,martingale,100.0,100000.0,50000.0,627,0,0.0,128300.0,128300.0,28300.0
6612,Shawn Rangel,martingale,100.0,100000.0,50000.0,111,1,0.0,27700.0,27700.0,-72300.0
6613,Gloria Doyle,martingale,100.0,100000.0,50000.0,130,1,0.0,27300.0,27300.0,-72700.0
6614,Kashton Esquivel,martingale,100.0,100000.0,50000.0,427,2,0.0,116500.0,116500.0,16500.0
6615,Jaylee Salas,martingale,100.0,100000.0,50000.0,433,3,0.0,113800.0,113800.0,13800.0
6616,Zaiden Best,martingale,100.0,100000.0,50000.0,413,1,0.0,84300.0,84300.0,-15700.0
6617,Lexie Lucas,martingale,100.0,100000.0,50000.0,421,1,0.0,111100.0,111100.0,11100.0
6618,Chance White,martingale,100.0,100000.0,50000.0,691,2,0.0,129100.0,129100.0,29100.0
6619,Layla Bowman,martingale,100.0,100000.0,50000.0,99,1,0.0,15900.0,15900.0,-84100.0
6620,Francisco Li,martingale,100.0,100000.0,50000.0,354,4,0.0,100200.0,100200.0,200.0
6621,Paige Dawson,martingale,100.0,100000.0,50000.0,509,1,0.0,116800.0,116800.0,16800.0
6622,Iker Galvan,martingale,100.0,100000.0,50000.0,326,1,0.0,98800.0,98800.0,-1200.0
6623,Dallas Rasmussen,martingale,100.0,100000.0,50000.0,266,1,0.0,57600.0,57600.0,-42400.0
6624,Will Dalton,martingale,100.0,100000.0,50000.0,513,1,0.0,116000.0,116000.0,16000.0
6625,Lilian Benjamin,martingale,100.0,100000.0,50000.0,631,2,0.0,128000.0,128000.0,28000.0
6626,Kyro Wyatt,martingale,100.0,100000.0,50000.0,329,1,0.0,101100.0,101100.0,1100.0
6627,Liberty Bell,martingale,100.0,100000.0,50000.0,374,1,0.0,108600.0,108600.0,8600.0
6628,Emmett Magana,martingale,100.0,100000.0,50000.0,667,1,0.0,129700.0,129700.0,29700.0
6629,Amaris Powers,martingale,100.0,100000.0,50000.0,66,1,0.0,14700.0,14700.0,-85300.0
6630,Sean Alfaro,martingale,100.0,100000.0,50000.0,34,1,0.0,4400.0,4400.0,-95600.0
6631,Yasmin Murillo,martingale,100.0,100000.0,50000.0,697,2,0.0,133700.0,133700.0,33700.0
6632,Lance Skinner,martingale,100.0,100000.0,50000.0,255,1,0.0,67300.0,67300.0,-32700.0
6633,Mara Snyder,martingale,100.0,100000.0,50000.0,751,1,0.0,136000.0,136000.0,36000.0
6634,Thiago McBride,martingale,100.0,100000.0,50000.0,250,1,0.0,71900.0,71900.0,-28100.0
6635,Kelsey Lin,martingale,100.0,100000.0,50000.0,459,1,0.0,98000.0,98000.0,-2000.0
6636,Conor Vance,martingale,100.0,100000.0,50000.0,174,2,0.0,59300.0,59300.0,-40700.0
6637,Maxine Fry,martingale,100.0,100000.0,50000.0,122,1,0.0,26800.0,26800.0,-73200.0
6638,Jacoby Chandler,martingale,100.0,100000.0,50000.0,310,1,0.0,104800.0,104800.0,4800.0
6639,Viviana Marks,martingale,100.0,100000.0,50000.0,534,2,0.0,102000.0,102000.0,2000.0
6640,Amos Potter,martingale,100.0,100000.0,50000.0,230,3,0.0,86000.0,86000.0,-14000.0
6641,Rory Fisher,martingale,100.0,100000.0,50000.0,757,1,0.0,138100.0,138100.0,38100.0
6642,Gael Salazar,martingale,100.0,100000.0,50000.0,331,4,0.0,103300.0,103300.0,3300.0
6643,Freya Klein,martingale,100.0,100000.0,50000.0,692,3,0.0,127500.0,127500.0,27500.0
6644,Marco Hunter,martingale,100.0,100000.0,50000.0,322,1,0.0,109800.0,109800.0,9800.0
6645,Khloe Brandt,martingale,100.0,100000.0,50000.0,215,2,0.0,80800.0,80800.0,-19200.0
6646,Damir Page,martingale,100.0,100000.0,50000.0,114,1,0.0,23200.0,23200.0,-76800.0
6647,Cataleya Solis,martingale,100.0,100000.0,50000.0,342,4,0.0,97600.0,97600.0,-2400.0
6648,Ronin Christian,martingale,100.0,100000.0,50000.0,352,1,0.0,101900.0,101900.0,1900.0
6649,Anahi Ryan,martingale,100.0,100000.0,50000.0,482,4,0.0,118200.0,118200.0,18200.0
6650,Timothy Bailey,martingale,100.0,100000.0,50000.0,470,3,0.0,117000.0,117000.0,17000.0
6651,Kennedy Erickson,martingale,100.0,100000.0,50000.0,347,2,0.0,113600.0,113600.0,13600.0
6652,Johnny Marquez,martingale,100.0,100000.0,50000.0,305,2,0.0,63200.0,63200.0,-36800.0
6653,Milani Skinner,martingale,100.0,100000.0,50000.0,414,1,0.0,107000.0,107000.0,7000.0
6654,Ridge Rhodes,martingale,100.0,100000.0,50000.0,598,4,0.0,115600.0,115600.0,15600.0
6655,Tatum Pruitt,martingale,100.0,100000.0,50000.0,612,1,0.0,124900.0,124900.0,24900.0
6656,Gatlin Gray,martingale,100.0,100000.0,50000.0,473,1,0.0,120600.0,120600.0,20600.0
6657,Sarah Brooks,martingale,100.0,100000.0,50000.0,412,3,0.0,100000.0,100000.0,0.0
6658,Jordan Meyer,martingale,100.0,100000.0,50000.0,244,1,0.0,48100.0,48100.0,-51900.0
6659,Sara Gordon,martingale,100.0,100000.0,50000.0,241,2,0.0,87000.0,87000.0,-13000.0
6660,Karter Mack,martingale,100.0,100000.0,50000.0,297,2,0.0,105800.0,105800.0,5800.0
6661,Nadia French,martingale,100.0,100000.0,50000.0,245,2,0.0,63200.0,63200.0,-36800.0
6662,Corey Bravo,martingale,100.0,100000.0,50000.0,500,1,0.0,110500.0,110500.0,10500.0
6663,Amoura Cabrera,martingale,100.0,100000.0,50000.0,505,1,0.0,121800.0,121800.0,21800.0
6664,Cade Hardy,martingale,100.0,100000.0,50000.0,389,1,0.0,83400.0,83400.0,-16600.0
6665,Jessica Ventura,martingale,100.0,100000.0,50000.0,420,3,0.0,119700.0,119700.0,19700.0
6666,Branson Rangel,martingale,100.0,100000.0,50000.0,531,1,0.0,120700.0,120700.0,20700.0
6667,Gloria Moran,martingale,100.0,100000.0,50000.0,624,1,0.0,122000.0,122000.0,22000.0
6668,Tate Schmidt,martingale,100.0,100000.0,50000.0,255,1,0.0,56200.0,56200.0,-43800.0
6669,Kimberly Cummings,martingale,100.0,100000.0,50000.0,562,2,0.0,125100.0,125100.0,25100.0
6670,Raiden O’brien,martingale,100.0,100000.0,50000.0,126,2,0.0,54700.0,54700.0,-45300.0
6671,Joanna Stanton,martingale,100.0,100000.0,50000.0,348,1,0.0,109900.0,109900.0,9900.0
6672,Zyair Reynolds,martingale,100.0,100000.0,50000.0,225,2,0.0,77900.0,77900.0,-22100.0
6673,Isabelle Walls,martingale,100.0,100000.0,50000.0,568,3,0.0,123800.0,123800.0,23800.0
6674,Larry Graves,martingale,100.0,100000.0,50000.0,483,4,0.0,121800.0,121800.0,21800.0
6675,Elle Rodgers,martingale,100.0,100000.0,50000.0,255,2,0.0,98000.0,98000.0,-2000.0
6676,Mathias Cantu,martingale,100.0,100000.0,50000.0,552,1,0.0,113000.0,113000.0,13000.0
6677,Galilea Blair,martingale,100.0,100000.0,50000.0,451,1,0.0,118100.0,118100.0,18100.0
6678,Troy Choi,martingale,100.0,100000.0,50000.0,508,1,0.0,123000.0,123000.0,23000.0
6679,Karla Ward,martingale,100.0,100000.0,50000.0,544,3,0.0,121700.0,121700.0,21700.0
6680,Jameson Reyna,martingale,100.0,100000.0,50000.0,277,4,0.0,91400.0,91400.0,-8600.0
6681,Luella Burke,martingale,100.0,100000.0,50000.0,250,2,0.0,89700.0,89700.0,-10300.0
6682,Jax Sullivan,martingale,100.0,100000.0,50000.0,526,1,0.0,105400.0,105400.0,5400.0
6683,Melanie Escobar,martingale,100.0,100000.0,50000.0,243,2,0.0,100100.0,100100.0,100.0
6684,Zachariah Smith,martingale,100.0,100000.0,50000.0,498,1,0.0,119600.0,119600.0,19600.0
6685,Olivia Brooks,martingale,100.0,100000.0,50000.0,579,2,0.0,120900.0,120900.0,20900.0
6686,Jordan Rosales,martingale,100.0,100000.0,50000.0,21,1,0.0,1900.0,1900.0,-98100.0
6687,Kinley Hamilton,martingale,100.0,100000.0,50000.0,433,3,0.0,100900.0,100900.0,900.0
6688,Jason Schmitt,martingale,100.0,100000.0,50000.0,623,2,0.0,130200.0,130200.0,30200.0
6689,Queen Estes,martingale,100.0,100000.0,50000.0,564,2,0.0,126000.0,126000.0,26000.0
6690,Hakeem Kerr,martingale,100.0,100000.0,50000.0,696,4,0.0,133800.0,133800.0,33800.0
6691,Baylee Macias,martingale,100.0,100000.0,50000.0,428,3,0.0,108000.0,108000.0,8000.0
6692,Moshe Cobb,martingale,100.0,100000.0,50000.0,470,1,0.0,115600.0,115600.0,15600.0
6693,Aviana Wade,martingale,100.0,100000.0,50000.0,606,1,0.0,128300.0,128300.0,28300.0
6694,Jake Houston,martingale,100.0,100000.0,50000.0,321,1,0.0,67300.0,67300.0,-32700.0
6695,Lylah Vu,martingale,100.0,100000.0,50000.0,690,1,0.0,134500.0,134500.0,34500.0
6696,Kamdyn Boyd,martingale,100.0,100000.0,50000.0,137,1,0.0,21000.0,21000.0,-79000.0
6697,Georgia Benton,martingale,100.0,100000.0,50000.0,563,3,0.0,116800.0,116800.0,16800.0
6698,Jamal Edwards,martingale,100.0,100000.0,50000.0,146,1,0.0,30000.0,30000.0,-70000.0
6699,Ivy Mullins,martingale,100.0,100000.0,50000.0,550,1,0.0,115500.0,115500.0,15500.0
6700,Allen Morrow,martingale,100.0,100000.0,50000.0,331,1,0.0,100400.0,100400.0,400.0
6701,Reyna Cano,martingale,100.0,100000.0,50000.0,624,1,0.0,129400.0,129400.0,29400.0
6702,Terry Nunez,martingale,100.0,100000.0,50000.0,36,1,0.0,3900.0,3900.0,-96100.0
6703,Mya Pace,martingale,100.0,100000.0,50000.0,324,3,0.0,104700.0,104700.0,4700.0
6704,Dior Johns,martingale,100.0,100000.0,50000.0,477,1,0.0,111200.0,111200.0,11200.0
6705,Giovanna Burgess,martingale,100.0,100000.0,50000.0,633,1,0.0,121500.0,121500.0,21500.0
6706,Kolton Ball,martingale,100.0,100000.0,50000.0,235,2,0.0,70500.0,70500.0,-29500.0
6707,Abby Shaffer,martingale,100.0,100000.0,50000.0,449,1,0.0,120200.0,120200.0,20200.0
6708,Dexter Gallegos,martingale,100.0,100000.0,50000.0,503,1,0.0,109600.0,109600.0,9600.0
6709,Ari Clayton,martingale,100.0,100000.0,50000.0,388,1,0.0,86000.0,86000.0,-14000.0
6710,Boston Yoder,martingale,100.0,100000.0,50000.0,233,1,0.0,66200.0,66200.0,-33800.0
6711,Emerie Ellis,martingale,100.0,100000.0,50000.0,168,2,0.0,61000.0,61000.0,-39000.0
6712,Cole Ferguson,martingale,100.0,100000.0,50000.0,587,2,0.0,110600.0,110600.0,10600.0
6713,Juliana Curry,martingale,100.0,100000.0,50000.0,501,2,0.0,117100.0,117100.0,17100.0
6714,Briggs Arnold,martingale,100.0,100000.0,50000.0,624,1,0.0,131500.0,131500.0,31500.0
6715,Finley Moreno,martingale,100.0,100000.0,50000.0,318,2,0.0,94400.0,94400.0,-5600.0
6716,Myles Calhoun,martingale,100.0,100000.0,50000.0,291,1,0.0,87100.0,87100.0,-12900.0
6717,Thalia Horne,martingale,100.0,100000.0,50000.0,636,1,0.0,123100.0,123100.0,23100.0
6718,Zev Burke,martingale,100.0,100000.0,50000.0,384,2,0.0,114700.0,114700.0,14700.0
6719,Vera Schmitt,martingale,100.0,100000.0,50000.0,383,1,0.0,105300.0,105300.0,5300.0
6720,Murphy Gonzales,martingale,100.0,100000.0,50000.0,219,3,0.0,88200.0,88200.0,-11800.0
6721,Hadley Novak,martingale,100.0,100000.0,50000.0,338,2,0.0,80100.0,80100.0,-19900.0
6722,Bishop Lindsey,martingale,100.0,100000.0,50000.0,747,2,0.0,131800.0,131800.0,31800.0
6723,Colette Spears,martingale,100.0,100000.0,50000.0,109,1,0.0,38600.0,38600.0,-61400.0
6724,Ameer Walter,martingale,100.0,100000.0,50000.0,392,3,0.0,79200.0,79200.0,-20800.0
6725,Penny Nichols,martingale,100.0,100000.0,50000.0,352,2,0.0,90600.0,90600.0,-9400.0
6726,Atlas Jennings,martingale,100.0,100000.0,50000.0,321,4,0.0,101200.0,101200.0,1200.0
6727,Palmer Herring,martingale,100.0,100000.0,50000.0,432,2,0.0,113700.0,113700.0,13700.0
6728,Henrik McClain,martingale,100.0,100000.0,50000.0,605,2,0.0,125800.0,125800.0,25800.0
6729,Marleigh Melendez,martingale,100.0,100000.0,50000.0,630,1,0.0,131600.0,131600.0,31600.0
6730,Nikolas Pace,martingale,100.0,100000.0,50000.0,345,2,0.0,81500.0,81500.0,-18500.0
6731,Giana Zimmerman,martingale,100.0,100000.0,50000.0,524,3,0.0,115600.0,115600.0,15600.0
6732,Sergio Durham,martingale,100.0,100000.0,50000.0,600,3,0.0,123200.0,123200.0,23200.0
6733,Tiffany Rosas,martingale,100.0,100000.0,50000.0,770,1,0.0,136500.0,136500.0,36500.0
6734,Remi Guerra,martingale,100.0,100000.0,50000.0,143,1,0.0,28200.0,28200.0,-71800.0
6735,Edith Rosas,martingale,100.0,100000.0,50000.0,314,2,0.0,69600.0,69600.0,-30400.0
6736,Remi Burns,martingale,100.0,100000.0,50000.0,357,2,0.0,83800.0,83800.0,-16200.0
6737,Emerson Whitehead,martingale,100.0,100000.0,50000.0,477,2,0.0,120600.0,120600.0,20600.0
6738,Zayd Lloyd,martingale,100.0,100000.0,50000.0,410,1,0.0,87400.0,87400.0,-12600.0
6739,Emely Atkinson,martingale,100.0,100000.0,50000.0,633,1,0.0,126500.0,126500.0,26500.0
6740,Duke Lewis,martingale,100.0,100000.0,50000.0,451,1,0.0,106800.0,106800.0,6800.0
6741,Ellie Peterson,martingale,100.0,100000.0,50000.0,302,1,0.0,64800.0,64800.0,-35200.0
6742,Santiago Bond,martingale,100.0,100000.0,50000.0,418,1,0.0,101800.0,101800.0,1800.0
6743,Alena Kerr,martingale,100.0,100000.0,50000.0,42,1,0.0,4900.0,4900.0,-95100.0
6744,Louie Walter,martingale,100.0,100000.0,50000.0,271,1,0.0,78500.0,78500.0,-21500.0
6745,Penny Velasquez,martingale,100.0,100000.0,50000.0,284,2,0.0,69900.0,69900.0,-30100.0
6746,Sullivan Andrade,martingale,100.0,100000.0,50000.0,228,1,0.0,65800.0,65800.0,-34200.0
6747,Emmy Nixon,martingale,100.0,100000.0,50000.0,307,1,0.0,89800.0,89800.0,-10200.0
6748,Cory Simpson,martingale,100.0,100000.0,50000.0,607,1,0.0,125900.0,125900.0,25900.0
6749,Anastasia McIntyre,martingale,100.0,100000.0,50000.0,657,1,0.0,132200.0,132200.0,32200.0
6750,Eliseo Rojas,martingale,100.0,100000.0,50000.0,341,1,0.0,102500.0,102500.0,2500.0
6751,Adaline Parsons,martingale,100.0,100000.0,50000.0,584,2,0.0,122600.0,122600.0,22600.0
6752,Lewis Taylor,martingale,100.0,100000.0,50000.0,466,2,0.0,97400.0,97400.0,-2600.0
6753,Sofia Peck,martingale,100.0,100000.0,50000.0,570,1,0.0,123800.0,123800.0,23800.0
6754,Yousef Reese,martingale,100.0,100000.0,50000.0,449,3,0.0,118300.0,118300.0,18300.0
6755,Rosemary Doyle,martingale,100.0,100000.0,50000.0,113,1,0.0,31600.0,31600.0,-68400.0
6756,Kashton Boyer,martingale,100.0,100000.0,50000.0,411,1,0.0,85200.0,85200.0,-14800.0
6757,Chaya Shepherd,martingale,100.0,100000.0,50000.0,622,2,0.0,127800.0,127800.0,27800.0
6758,Ronald Serrano,martingale,100.0,100000.0,50000.0,416,1,0.0,81800.0,81800.0,-18200.0
6759,Allie Benjamin,martingale,100.0,100000.0,50000.0,328,1,0.0,101000.0,101000.0,1000.0
6760,Kyro Vargas,martingale,100.0,100000.0,50000.0,676,2,0.0,132000.0,132000.0,32000.0
6761,Andrea Stafford,martingale,100.0,100000.0,50000.0,762,3,0.0,136500.0,136500.0,36500.0
6762,Alfredo Whitney,martingale,100.0,100000.0,50000.0,315,1,0.0,43900.0,43900.0,-56100.0
6763,Madalynn Rocha,martingale,100.0,100000.0,50000.0,604,1,0.0,119500.0,119500.0,19500.0
6764,Onyx Carpenter,martingale,100.0,100000.0,50000.0,664,2,0.0,131000.0,131000.0,31000.0
6765,Lilly Buck,martingale,100.0,100000.0,50000.0,533,1,0.0,124200.0,124200.0,24200.0
6766,Jon Whitney,martingale,100.0,100000.0,50000.0,353,1,0.0,71900.0,71900.0,-28100.0
6767,Madalynn Horton,martingale,100.0,100000.0,50000.0,602,1,0.0,128000.0,128000.0,28000.0
6768,Garrett Bravo,martingale,100.0,100000.0,50000.0,684,2,0.0,131500.0,131500.0,31500.0
6769,Amoura Vincent,martingale,100.0,100000.0,50000.0,420,1,0.0,115300.0,115300.0,15300.0
6770,Aarav Bautista,martingale,100.0,100000.0,50000.0,499,1,0.0,105600.0,105600.0,5600.0
6771,Antonella Berger,martingale,100.0,100000.0,50000.0,284,3,0.0,85600.0,85600.0,-14400.0
6772,Byron Cameron,martingale,100.0,100000.0,50000.0,283,1,0.0,63100.0,63100.0,-36900.0
6773,Julie Noble,martingale,100.0,100000.0,50000.0,322,1,0.0,87300.0,87300.0,-12700.0
6774,Idris Camacho,martingale,100.0,100000.0,50000.0,556,3,0.0,126900.0,126900.0,26900.0
6775,Armani Ryan,martingale,100.0,100000.0,50000.0,670,3,0.0,122400.0,122400.0,22400.0
6776,Timothy Butler,martingale,100.0,100000.0,50000.0,365,2,0.0,111500.0,111500.0,11500.0
6777,Athena Potts,martingale,100.0,100000.0,50000.0,441,2,0.0,101800.0,101800.0,1800.0
6778,Alfred Strickland,martingale,100.0,100000.0,50000.0,321,2,0.0,98600.0,98600.0,-1400.0
6779,Nia Skinner,martingale,100.0,100000.0,50000.0,551,1,0.0,121500.0,121500.0,21500.0
6780,Ridge Hendricks,martingale,100.0,100000.0,50000.0,127,1,0.0,28300.0,28300.0,-71700.0
6781,Dani Escobar,martingale,100.0,100000.0,50000.0,458,1,0.0,107000.0,107000.0,7000.0
6782,Zachariah Washington,martingale,100.0,100000.0,50000.0,559,1,0.0,125700.0,125700.0,25700.0
6783,Valerie Valenzuela,martingale,100.0,100000.0,50000.0,224,1,0.0,77800.0,77800.0,-22200.0
6784,Jamari Mayo,martingale,100.0,100000.0,50000.0,633,2,0.0,119200.0,119200.0,19200.0
6785,Aarya Collins,martingale,100.0,100000.0,50000.0,556,2,0.0,121000.0,121000.0,21000.0
6786,Miles Rodriguez,martingale,100.0,100000.0,50000.0,33,1,0.0,4000.0,4000.0,-96000.0
6787,Evelyn Edwards,martingale,100.0,100000.0,50000.0,412,3,0.0,116700.0,116700.0,16700.0
6788,Adrian Lowe,martingale,100.0,100000.0,50000.0,251,1,0.0,63900.0,63900.0,-36100.0
6789,Amari Barajas,martingale,100.0,100000.0,50000.0,383,2,0.0,102100.0,102100.0,2100.0
6790,Brennan Waller,martingale,100.0,100000.0,50000.0,137,1,0.0,20600.0,20600.0,-79400.0
6791,Whitley Daugherty,martingale,100.0,100000.0,50000.0,533,2,0.0,124800.0,124800.0,24800.0
6792,Turner Jarvis,martingale,100.0,100000.0,50000.0,397,3,0.0,98300.0,98300.0,-1700.0
6793,Elisabeth Little,martingale,100.0,100000.0,50000.0,394,2,0.0,87100.0,87100.0,-12900.0
6794,Lennox Berry,martingale,100.0,100000.0,50000.0,745,2,0.0,132700.0,132700.0,32700.0
6795,Annabelle Maldonado,martingale,100.0,100000.0,50000.0,362,2,0.0,92800.0,92800.0,-7200.0
6796,Javier Colon,martingale,100.0,100000.0,50000.0,119,1,0.0,29400.0,29400.0,-70600.0
6797,Remy Petersen,martingale,100.0,100000.0,50000.0,586,2,0.0,128400.0,128400.0,28400.0
6798,Samson Pratt,martingale,100.0,100000.0,50000.0,44,1,0.0,10600.0,10600.0,-89400.0
6799,Ailani Bush,martingale,100.0,100000.0,50000.0,503,3,0.0,109900.0,109900.0,9900.0
6800,Tyson Howard,martingale,100.0,100000.0,50000.0,358,1,0.0,80800.0,80800.0,-19200.0
6801,Sophie Nash,martingale,100.0,100000.0,50000.0,575,3,0.0,128100.0,128100.0,28100.0
6802,Chandler Davila,martingale,100.0,100000.0,50000.0,342,4,0.0,104800.0,104800.0,4800.0
6803,Rayne Lowery,martingale,100.0,100000.0,50000.0,585,1,0.0,121900.0,121900.0,21900.0
6804,Jaxxon Duncan,martingale,100.0,100000.0,50000.0,241,1,0.0,51100.0,51100.0,-48900.0
6805,Elise Fox,martingale,100.0,100000.0,50000.0,497,2,0.0,117300.0,117300.0,17300.0
6806,Antonio Alfaro,martingale,100.0,100000.0,50000.0,494,1,0.0,117200.0,117200.0,17200.0
6807,Yasmin Esparza,martingale,100.0,100000.0,50000.0,197,1,0.0,57500.0,57500.0,-42500.0
6808,Carl Meyers,martingale,100.0,100000.0,50000.0,380,4,0.0,109500.0,109500.0,9500.0
6809,Leyla Schneider,martingale,100.0,100000.0,50000.0,594,1,0.0,108600.0,108600.0,8600.0
6810,Raymond Holloway,martingale,100.0,100000.0,50000.0,435,2,0.0,100600.0,100600.0,600.0
6811,Mae Cunningham,martingale,100.0,100000.0,50000.0,469,2,0.0,113100.0,113100.0,13100.0
6812,Alejandro McDowell,martingale,100.0,100000.0,50000.0,290,1,0.0,56600.0,56600.0,-43400.0
6813,Rayna Dawson,martingale,100.0,100000.0,50000.0,722,2,0.0,135900.0,135900.0,35900.0
6814,Iker Shelton,martingale,100.0,100000.0,50000.0,611,1,0.0,109100.0,109100.0,9100.0
6815,Makenzie Levy,martingale,100.0,100000.0,50000.0,492,2,0.0,120800.0,120800.0,20800.0
6816,Harold Lindsey,martingale,100.0,100000.0,50000.0,482,1,0.0,105200.0,105200.0,5200.0
6817,Colette Reese,martingale,100.0,100000.0,50000.0,630,1,0.0,112000.0,112000.0,12000.0
6818,Alijah Payne,martingale,100.0,100000.0,50000.0,454,3,0.0,107900.0,107900.0,7900.0
6819,London Ho,martingale,100.0,100000.0,50000.0,344,4,0.0,93600.0,93600.0,-6400.0
6820,Morgan Mathews,martingale,100.0,100000.0,50000.0,198,1,0.0,27700.0,27700.0,-72300.0
6821,Sloan Harrington,martingale,100.0,100000.0,50000.0,353,2,0.0,102700.0,102700.0,2700.0
6822,Omari McCarty,martingale,100.0,100000.0,50000.0,535,2,0.0,105900.0,105900.0,5900.0
6823,Halo Cordova,martingale,100.0,100000.0,50000.0,615,3,0.0,124800.0,124800.0,24800.0
6824,Vicente Franklin,martingale,100.0,100000.0,50000.0,330,2,0.0,99700.0,99700.0,-300.0
6825,Angela Solis,martingale,100.0,100000.0,50000.0,436,1,0.0,120000.0,120000.0,20000.0
6826,Ronin Hansen,martingale,100.0,100000.0,50000.0,16,1,0.0,1000.0,1000.0,-99000.0
6827,Hope Mason,martingale,100.0,100000.0,50000.0,169,2,0.0,56000.0,56000.0,-44000.0
6828,Brandon French,martingale,100.0,100000.0,50000.0,282,2,0.0,101700.0,101700.0,1700.0
6829,Lorelai Aguilar,martingale,100.0,100000.0,50000.0,679,3,0.0,113500.0,113500.0,13500.0
6830,Milo Barrera,martingale,100.0,100000.0,50000.0,265,3,0.0,86400.0,86400.0,-13600.0
6831,Beatrice Felix,martingale,100.0,100000.0,50000.0,425,2,0.0,71400.0,71400.0,-28600.0
6832,Rodney Sanford,martingale,100.0,100000.0,50000.0,483,2,0.0,98700.0,98700.0,-1300.0
6833,Emerald Benjamin,martingale,100.0,100000.0,50000.0,253,3,0.0,73000.0,73000.0,-27000.0
6834,Kyro Watts,martingale,100.0,100000.0,50000.0,127,1,0.0,44900.0,44900.0,-55100.0
6835,Melissa Buckley,martingale,100.0,100000.0,50000.0,517,0,0.0,113400.0,113400.0,13400.0
6836,Aryan Stark,martingale,100.0,100000.0,50000.0,577,2,0.0,123200.0,123200.0,23200.0
6837,Kamilah Fuller,martingale,100.0,100000.0,50000.0,426,3,0.0,112900.0,112900.0,12900.0
6838,Andre Simon,martingale,100.0,100000.0,50000.0,364,1,0.0,86400.0,86400.0,-13600.0
6839,Kalani Martinez,martingale,100.0,100000.0,50000.0,515,1,0.0,118100.0,118100.0,18100.0
6840,Alexander Meza,martingale,100.0,100000.0,50000.0,818,2,0.0,138700.0,138700.0,38700.0
6841,Rosa Hail,martingale,100.0,100000.0,50000.0,727,3,0.0,135000.0,135000.0,35000.0
6842,Hector Livingston,martingale,100.0,100000.0,50000.0,451,1,0.0,101100.0,101100.0,1100.0
6843,Milena Lloyd,martingale,100.0,100000.0,50000.0,816,2,0.0,140500.0,140500.0,40500.0
6844,Zaire Valdez,martingale,100.0,100000.0,50000.0,155,2,0.0,77600.0,77600.0,-22400.0
6845,Diana Beard,martingale,100.0,100000.0,50000.0,590,1,0.0,124200.0,124200.0,24200.0
6846,Nathanael Lara,martingale,100.0,100000.0,50000.0,441,1,0.0,92800.0,92800.0,-7200.0
6847,Heidi Gregory,martingale,100.0,100000.0,50000.0,310,1,0.0,65900.0,65900.0,-34100.0
6848,Travis Silva,martingale,100.0,100000.0,50000.0,345,1,0.0,94500.0,94500.0,-5500.0
6849,Lucia Reyes,martingale,100.0,100000.0,50000.0,528,2,0.0,122900.0,122900.0,22900.0
6850,Eli Avalos,martingale,100.0,100000.0,50000.0,165,1,0.0,35400.0,35400.0,-64600.0
6851,Paloma Cuevas,martingale,100.0,100000.0,50000.0,299,1,0.0,91100.0,91100.0,-8900.0
6852,Brecken Gilmore,martingale,100.0,100000.0,50000.0,670,1,0.0,131700.0,131700.0,31700.0
6853,Chanel Tran,martingale,100.0,100000.0,50000.0,462,2,0.0,107300.0,107300.0,7300.0
6854,Braxton Boyle,martingale,100.0,100000.0,50000.0,86,1,0.0,17400.0,17400.0,-82600.0
6855,Aliya Rodgers,martingale,100.0,100000.0,50000.0,176,3,0.0,85400.0,85400.0,-14600.0
6856,Mathias Esparza,martingale,100.0,100000.0,50000.0,611,1,0.0,124600.0,124600.0,24600.0
6857,Ramona Peralta,martingale,100.0,100000.0,50000.0,405,1,0.0,94600.0,94600.0,-5400.0
6858,Dangelo Browning,martingale,100.0,100000.0,50000.0,582,1,0.0,122200.0,122200.0,22200.0
6859,Princess Lang,martingale,100.0,100000.0,50000.0,189,1,0.0,28900.0,28900.0,-71100.0
6860,Wells Russell,martingale,100.0,100000.0,50000.0,375,2,0.0,110500.0,110500.0,10500.0
6861,Raelynn Short,martingale,100.0,100000.0,50000.0,647,1,0.0,117800.0,117800.0,17800.0
6862,Hezekiah Carr,martingale,100.0,100000.0,50000.0,344,3,0.0,101400.0,101400.0,1400.0
6863,Rowan Atkins,martingale,100.0,100000.0,50000.0,670,2,0.0,130100.0,130100.0,30100.0
6864,Cason Carroll,martingale,100.0,100000.0,50000.0,576,2,0.0,103700.0,103700.0,3700.0
6865,Zara Miller,martingale,100.0,100000.0,50000.0,482,2,0.0,101800.0,101800.0,1800.0
6866,Benjamin Flynn,martingale,100.0,100000.0,50000.0,439,4,0.0,97900.0,97900.0,-2100.0
6867,Dorothy Gentry,martingale,100.0,100000.0,50000.0,454,2,0.0,98000.0,98000.0,-2000.0
6868,Magnus Parsons,martingale,100.0,100000.0,50000.0,531,2,0.0,125000.0,125000.0,25000.0
6869,Maia Dominguez,martingale,100.0,100000.0,50000.0,502,1,0.0,121300.0,121300.0,21300.0
6870,Kaden Person,martingale,100.0,100000.0,50000.0,219,1,0.0,39700.0,39700.0,-60300.0
6871,Dylan Tang,martingale,100.0,100000.0,50000.0,388,5,0.0,112500.0,112500.0,12500.0
6872,Rogelio Aguirre,martingale,100.0,100000.0,50000.0,34,1,0.0,3500.0,3500.0,-96500.0
6873,Ariah Burnett,martingale,100.0,100000.0,50000.0,506,1,0.0,110600.0,110600.0,10600.0
6874,Davis Duncan,martingale,100.0,100000.0,50000.0,131,1,0.0,18400.0,18400.0,-81600.0
6875,Elise Booth,martingale,100.0,100000.0,50000.0,423,2,0.0,91000.0,91000.0,-9000.0
6876,Chaim Castaneda,martingale,100.0,100000.0,50000.0,430,2,0.0,71400.0,71400.0,-28600.0
6877,Keira Huber,martingale,100.0,100000.0,50000.0,393,5,0.0,116100.0,116100.0,16100.0
6878,Mac McCarthy,martingale,100.0,100000.0,50000.0,424,1,0.0,82700.0,82700.0,-17300.0
6879,Kira Conner,martingale,100.0,100000.0,50000.0,390,1,0.0,101200.0,101200.0,1200.0
6880,Phillip Marin,martingale,100.0,100000.0,50000.0,313,2,0.0,76600.0,76600.0,-23400.0
6881,Celia Lin,martingale,100.0,100000.0,50000.0,629,1,0.0,125200.0,125200.0,25200.0
6882,Conor Le,martingale,100.0,100000.0,50000.0,196,2,0.0,82900.0,82900.0,-17100.0
6883,Myla Yu,martingale,100.0,100000.0,50000.0,362,3,0.0,111200.0,111200.0,11200.0
6884,Bryant Vasquez,martingale,100.0,100000.0,50000.0,610,1,0.0,122100.0,122100.0,22100.0
6885,Rose Wheeler,martingale,100.0,100000.0,50000.0,481,2,0.0,114500.0,114500.0,14500.0
6886,Kenneth Butler,martingale,100.0,100000.0,50000.0,676,2,0.0,122400.0,122400.0,22400.0
6887,Athena Spence,martingale,100.0,100000.0,50000.0,647,1,0.0,129100.0,129100.0,29100.0
6888,Cillian Taylor,martingale,100.0,100000.0,50000.0,361,1,0.0,79400.0,79400.0,-20600.0
6889,Sofia Doyle,martingale,100.0,100000.0,50000.0,445,1,0.0,118600.0,118600.0,18600.0
6890,Kashton McFarland,martingale,100.0,100000.0,50000.0,590,2,0.0,128300.0,128300.0,28300.0
6891,Annika Bernal,martingale,100.0,100000.0,50000.0,445,2,0.0,115100.0,115100.0,15100.0
6892,Eithan Meadows,martingale,100.0,100000.0,50000.0,177,3,0.0,76100.0,76100.0,-23900.0
6893,Pearl Valdez,martingale,100.0,100000.0,50000.0,467,2,0.0,115600.0,115600.0,15600.0
6894,Kyler O’Connell,martingale,100.0,100000.0,50000.0,495,1,0.0,113200.0,113200.0,13200.0
6895,Jillian Frank,martingale,100.0,100000.0,50000.0,602,3,0.0,127400.0,127400.0,27400.0
6896,Braylen Ball,martingale,100.0,100000.0,50000.0,83,1,0.0,9000.0,9000.0,-91000.0
6897,Abby Holmes,martingale,100.0,100000.0,50000.0,448,2,0.0,109700.0,109700.0,9700.0
6898,King Rosales,martingale,100.0,100000.0,50000.0,321,1,0.0,64800.0,64800.0,-35200.0
6899,Kinley Yang,martingale,100.0,100000.0,50000.0,657,3,0.0,123200.0,123200.0,23200.0
6900,Malcolm Boyer,martingale,100.0,100000.0,50000.0,14,1,0.0,500.0,500.0,-99500.0
6901,Chaya Soto,martingale,100.0,100000.0,50000.0,534,2,0.0,117800.0,117800.0,17800.0
6902,Barrett Townsend,martingale,100.0,100000.0,50000.0,331,2,0.0,71800.0,71800.0,-28200.0
6903,Azalea French,martingale,100.0,100000.0,50000.0,155,1,0.0,42900.0,42900.0,-57100.0
6904,Corey Carson,martingale,100.0,100000.0,50000.0,534,1,0.0,115300.0,115300.0,15300.0
6905,Nalani Vaughn,martingale,100.0,100000.0,50000.0,304,1,0.0,99100.0,99100.0,-900.0
6906,Remy Meza,martingale,100.0,100000.0,50000.0,697,2,0.0,129800.0,129800.0,29800.0
6907,Rosa Armstrong,martingale,100.0,100000.0,50000.0,452,1,0.0,86600.0,86600.0,-13400.0
6908,Grant Bryan,martingale,100.0,100000.0,50000.0,319,1,0.0,87600.0,87600.0,-12400.0
6909,Meredith Cantrell,martingale,100.0,100000.0,50000.0,471,1,0.0,111600.0,111600.0,11600.0
6910,Harris Reese,martingale,100.0,100000.0,50000.0,644,1,0.0,126600.0,126600.0,26600.0
6911,Rosemary Rosales,martingale,100.0,100000.0,50000.0,156,1,0.0,45400.0,45400.0,-54600.0
6912,Wilder Bailey,martingale,100.0,100000.0,50000.0,270,1,0.0,102700.0,102700.0,2700.0
6913,Kennedy Gates,martingale,100.0,100000.0,50000.0,556,1,0.0,116200.0,116200.0,16200.0
6914,Ermias Gonzales,martingale,100.0,100000.0,50000.0,110,1,0.0,30400.0,30400.0,-69600.0
6915,Hadley Beltran,martingale,100.0,100000.0,50000.0,680,1,0.0,131000.0,131000.0,31000.0
6916,Ricky Moreno,martingale,100.0,100000.0,50000.0,309,1,0.0,89100.0,89100.0,-10900.0
6917,Mary McCoy,martingale,100.0,100000.0,50000.0,482,1,0.0,119500.0,119500.0,19500.0
6918,Jett Norris,martingale,100.0,100000.0,50000.0,445,1,0.0,79100.0,79100.0,-20900.0
6919,Arielle Chandler,martingale,100.0,100000.0,50000.0,511,2,0.0,113700.0,113700.0,13700.0
6920,Royal Conley,martingale,100.0,100000.0,50000.0,570,3,0.0,125500.0,125500.0,25500.0
6921,Salem Stuart,martingale,100.0,100000.0,50000.0,214,1,0.0,34700.0,34700.0,-65300.0
6922,Dion Olson,martingale,100.0,100000.0,50000.0,436,2,0.0,114900.0,114900.0,14900.0
6923,Isabel Hale,martingale,100.0,100000.0,50000.0,344,1,0.0,79200.0,79200.0,-20800.0
6924,Ezequiel Dickerson,martingale,100.0,100000.0,50000.0,492,2,0.0,119200.0,119200.0,19200.0
6925,Opal Pearson,martingale,100.0,100000.0,50000.0,172,1,0.0,29500.0,29500.0,-70500.0
6926,Gunner Rocha,martingale,100.0,100000.0,50000.0,624,2,0.0,127700.0,127700.0,27700.0
6927,Emmie Gilbert,martingale,100.0,100000.0,50000.0,498,2,0.0,124500.0,124500.0,24500.0
6928,Tobias Barr,martingale,100.0,100000.0,50000.0,340,1,0.0,95100.0,95100.0,-4900.0
6929,Noemi Trevino,martingale,100.0,100000.0,50000.0,350,2,0.0,96600.0,96600.0,-3400.0
6930,Jaime Chavez,martingale,100.0,100000.0,50000.0,516,3,0.0,122800.0,122800.0,22800.0
6931,Nevaeh Beasley,martingale,100.0,100000.0,50000.0,623,1,0.0,116900.0,116900.0,16900.0
6932,Stanley Compton,martingale,100.0,100000.0,50000.0,173,1,0.0,29300.0,29300.0,-70700.0
6933,Elina Simpson,martingale,100.0,100000.0,50000.0,503,2,0.0,120600.0,120600.0,20600.0
6934,Elliott Hartman,martingale,100.0,100000.0,50000.0,636,1,0.0,126900.0,126900.0,26900.0
6935,Kennedi Patel,martingale,100.0,100000.0,50000.0,158,1,0.0,20400.0,20400.0,-79600.0
6936,Parker Hayden,martingale,100.0,100000.0,50000.0,506,4,0.0,103200.0,103200.0,3200.0
6937,Avayah Atkins,martingale,100.0,100000.0,50000.0,25,1,0.0,1600.0,1600.0,-98400.0
6938,Cason Bowman,martingale,100.0,100000.0,50000.0,486,2,0.0,112100.0,112100.0,12100.0
6939,Fiona Howell,martingale,100.0,100000.0,50000.0,201,1,0.0,36300.0,36300.0,-63700.0
6940,Bradley Moreno,martingale,100.0,100000.0,50000.0,675,2,0.0,134300.0,134300.0,34300.0
6941,Mary Shelton,martingale,100.0,100000.0,50000.0,99,2,0.0,54000.0,54000.0,-46000.0
6942,Leonel Hartman,martingale,100.0,100000.0,50000.0,39,1,0.0,3500.0,3500.0,-96500.0
6943,Kennedi Conley,martingale,100.0,100000.0,50000.0,369,1,0.0,100600.0,100600.0,600.0
6944,Marvin Willis,martingale,100.0,100000.0,50000.0,427,1,0.0,118600.0,118600.0,18600.0
6945,Alexa Bernard,martingale,100.0,100000.0,50000.0,599,1,0.0,127700.0,127700.0,27700.0
6946,Jair David,martingale,100.0,100000.0,50000.0,762,2,0.0,132800.0,132800.0,32800.0
6947,Haylee Watkins,martingale,100.0,100000.0,50000.0,420,1,0.0,114500.0,114500.0,14500.0
6948,Nash Dickerson,martingale,100.0,100000.0,50000.0,467,2,0.0,99500.0,99500.0,-500.0
6949,Opal Ball,martingale,100.0,100000.0,50000.0,760,1,0.0,136800.0,136800.0,36800.0
6950,Shane Vaughn,martingale,100.0,100000.0,50000.0,806,1,0.0,141300.0,141300.0,41300.0
6951,Reign Snow,martingale,100.0,100000.0,50000.0,586,2,0.0,121100.0,121100.0,21100.0
6952,Houston Pena,martingale,100.0,100000.0,50000.0,534,3,0.0,125300.0,125300.0,25300.0
6953,Rachel Gill,martingale,100.0,100000.0,50000.0,501,1,0.0,118200.0,118200.0,18200.0
6954,Matthias Wood,martingale,100.0,100000.0,50000.0,455,3,0.0,101400.0,101400.0,1400.0
6955,Natalia Holloway,martingale,100.0,100000.0,50000.0,77,1,0.0,9300.0,9300.0,-90700.0
6956,Sutton Keith,martingale,100.0,100000.0,50000.0,165,2,0.0,71700.0,71700.0,-28300.0
6957,Elyse Taylor,martingale,100.0,100000.0,50000.0,247,1,0.0,33700.0,33700.0,-66300.0
6958,Jackson Sanchez,martingale,100.0,100000.0,50000.0,97,1,0.0,44300.0,44300.0,-55700.0
6959,Aria Savage,martingale,100.0,100000.0,50000.0,181,1,0.0,34100.0,34100.0,-65900.0
6960,Keaton Benitez,martingale,100.0,100000.0,50000.0,563,2,0.0,126300.0,126300.0,26300.0
6961,Aliza Morales,martingale,100.0,100000.0,50000.0,353,1,0.0,88500.0,88500.0,-11500.0
6962,Aaron Madden,martingale,100.0,100000.0,50000.0,206,1,0.0,63100.0,63100.0,-36900.0
6963,Violette Beck,martingale,100.0,100000.0,50000.0,330,2,0.0,64800.0,64800.0,-35200.0
6964,Eduardo Harrell,martingale,100.0,100000.0,50000.0,394,2,0.0,115200.0,115200.0,15200.0
6965,Kara Guerrero,martingale,100.0,100000.0,50000.0,244,1,0.0,68500.0,68500.0,-31500.0
6966,Bryce Barker,martingale,100.0,100000.0,50000.0,717,1,0.0,122200.0,122200.0,22200.0
6967,Remington Stephens,martingale,100.0,100000.0,50000.0,578,3,0.0,122300.0,122300.0,22300.0
6968,Messiah Peralta,martingale,100.0,100000.0,50000.0,382,1,0.0,81000.0,81000.0,-19000.0
6969,Malayah Mathis,martingale,100.0,100000.0,50000.0,383,2,0.0,106200.0,106200.0,6200.0
6970,Gustavo Arellano,martingale,100.0,100000.0,50000.0,168,1,0.0,59800.0,59800.0,-40200.0
6971,Faye Good,martingale,100.0,100000.0,50000.0,272,1,0.0,50300.0,50300.0,-49700.0
6972,Davian Berg,martingale,100.0,100000.0,50000.0,185,1,0.0,35100.0,35100.0,-64900.0
6973,Emmalyn Moss,martingale,100.0,100000.0,50000.0,322,1,0.0,111500.0,111500.0,11500.0
6974,Porter Lee,martingale,100.0,100000.0,50000.0,321,1,0.0,89700.0,89700.0,-10300.0
6975,Scarlett Cabrera,martingale,100.0,100000.0,50000.0,636,1,0.0,125600.0,125600.0,25600.0
6976,Cade Chandler,martingale,100.0,100000.0,50000.0,645,1,0.0,128100.0,128100.0,28100.0
6977,Viviana Cunningham,martingale,100.0,100000.0,50000.0,144,1,0.0,32300.0,32300.0,-67700.0
6978,Alejandro Pierce,martingale,100.0,100000.0,50000.0,339,2,0.0,91200.0,91200.0,-8800.0
6979,Arabella Harrison,martingale,100.0,100000.0,50000.0,430,3,0.0,114700.0,114700.0,14700.0
6980,Gavin Deleon,martingale,100.0,100000.0,50000.0,479,2,0.0,110300.0,110300.0,10300.0
6981,Gabrielle Snow,martingale,100.0,100000.0,50000.0,545,1,0.0,125200.0,125200.0,25200.0
6982,Houston Blackwell,martingale,100.0,100000.0,50000.0,321,3,0.0,97300.0,97300.0,-2700.0
6983,Saoirse Owen,martingale,100.0,100000.0,50000.0,314,2,0.0,109100.0,109100.0,9100.0
6984,Cannon Turner,martingale,100.0,100000.0,50000.0,335,3,0.0,70400.0,70400.0,-29600.0
6985,Brooklyn Hines,martingale,100.0,100000.0,50000.0,420,1,0.0,96900.0,96900.0,-3100.0
6986,Uriel Pineda,martingale,100.0,100000.0,50000.0,684,2,0.0,127400.0,127400.0,27400.0
6987,Nola Adkins,martingale,100.0,100000.0,50000.0,699,3,0.0,133500.0,133500.0,33500.0
6988,Kylo Brandt,martingale,100.0,100000.0,50000.0,611,1,0.0,121700.0,121700.0,21700.0
6989,Loretta Alvarez,martingale,100.0,100000.0,50000.0,289,1,0.0,71700.0,71700.0,-28300.0
6990,Xavier Frye,martingale,100.0,100000.0,50000.0,344,2,0.0,96700.0,96700.0,-3300.0
6991,Raya Guerra,martingale,100.0,100000.0,50000.0,245,3,0.0,69300.0,69300.0,-30700.0
6992,Leland Jimenez,martingale,100.0,100000.0,50000.0,564,2,0.0,121600.0,121600.0,21600.0
6993,Adeline Arroyo,martingale,100.0,100000.0,50000.0,254,2,0.0,68400.0,68400.0,-31600.0
6994,Alberto Lamb,martingale,100.0,100000.0,50000.0,709,1,0.0,133400.0,133400.0,33400.0
6995,Amaia Patrick,martingale,100.0,100000.0,50000.0,801,1,0.0,138000.0,138000.0,38000.0
6996,Derrick Vu,martingale,100.0,100000.0,50000.0,607,2,0.0,117800.0,117800.0,17800.0
6997,Kimora Frost,martingale,100.0,100000.0,50000.0,189,1,0.0,42400.0,42400.0,-57600.0
6998,Dario Buckley,martingale,100.0,100000.0,50000.0,166,1,0.0,60500.0,60500.0,-39500.0
6999,Theodora Vaughn,martingale,100.0,100000.0,50000.0,309,3,0.0,95200.0,95200.0,-4800.0
7000,Remy Potts,martingale,100.0,100000.0,50000.0,439,3,0.0,118000.0,118000.0,18000.0
7001,Angelica Walker,martingale,100.0,100000.0,50000.0,604,1,0.0,117800.0,117800.0,17800.0
7002,Luke Roberts,martingale,100.0,100000.0,50000.0,643,3,0.0,131600.0,131600.0,31600.0
7003,Paisley McGee,martingale,100.0,100000.0,50000.0,125,2,0.0,57100.0,57100.0,-42900.0
7004,Conner Fleming,martingale,100.0,100000.0,50000.0,479,1,0.0,83600.0,83600.0,-16400.0
7005,Fatima Rosario,martingale,100.0,100000.0,50000.0,545,1,0.0,121500.0,121500.0,21500.0
7006,Jedidiah Estrada,martingale,100.0,100000.0,50000.0,507,2,0.0,104500.0,104500.0,4500.0
7007,Sawyer Vaughan,martingale,100.0,100000.0,50000.0,335,2,0.0,92300.0,92300.0,-7700.0
7008,Castiel Cohen,martingale,100.0,100000.0,50000.0,503,1,0.0,84300.0,84300.0,-15700.0
7009,Destiny Wall,martingale,100.0,100000.0,50000.0,217,1,0.0,38700.0,38700.0,-61300.0
7010,Issac Bush,martingale,100.0,100000.0,50000.0,538,2,0.0,122900.0,122900.0,22900.0
7011,Everlee Peralta,martingale,100.0,100000.0,50000.0,529,3,0.0,124900.0,124900.0,24900.0
7012,Dangelo Johnson,martingale,100.0,100000.0,50000.0,404,3,0.0,106900.0,106900.0,6900.0
7013,Emma Baker,martingale,100.0,100000.0,50000.0,363,1,0.0,103200.0,103200.0,3200.0
7014,Ezra Browning,martingale,100.0,100000.0,50000.0,514,3,0.0,120500.0,120500.0,20500.0
7015,Princess Hickman,martingale,100.0,100000.0,50000.0,427,1,0.0,117800.0,117800.0,17800.0
7016,Jakobe Howard,martingale,100.0,100000.0,50000.0,79,2,0.0,67400.0,67400.0,-32600.0
7017,Sophie O’Connell,martingale,100.0,100000.0,50000.0,471,1,0.0,92400.0,92400.0,-7600.0
7018,Jovanni French,martingale,100.0,100000.0,50000.0,523,1,0.0,123900.0,123900.0,23900.0
7019,Lorelai Blanchard,martingale,100.0,100000.0,50000.0,746,2,0.0,137200.0,137200.0,37200.0
7020,Adler Hickman,martingale,100.0,100000.0,50000.0,297,1,0.0,56800.0,56800.0,-43200.0
7021,Scarlette McKenzie,martingale,100.0,100000.0,50000.0,302,3,0.0,108200.0,108200.0,8200.0
7022,Scott Haley,martingale,100.0,100000.0,50000.0,267,1,0.0,66200.0,66200.0,-33800.0
7023,Addilynn Sierra,martingale,100.0,100000.0,50000.0,302,1,0.0,68100.0,68100.0,-31900.0
7024,Dayton Medina,martingale,100.0,100000.0,50000.0,630,1,0.0,122900.0,122900.0,22900.0
7025,Elliana Glenn,martingale,100.0,100000.0,50000.0,584,2,0.0,111900.0,111900.0,11900.0
7026,Zaid Velasquez,martingale,100.0,100000.0,50000.0,259,1,0.0,79300.0,79300.0,-20700.0
7027,Esme Villalobos,martingale,100.0,100000.0,50000.0,608,2,0.0,123600.0,123600.0,23600.0
7028,Reuben Wood,martingale,100.0,100000.0,50000.0,161,1,0.0,24200.0,24200.0,-75800.0
7029,Natalia Gilbert,martingale,100.0,100000.0,50000.0,503,1,0.0,100700.0,100700.0,700.0
7030,Tobias Jackson,martingale,100.0,100000.0,50000.0,524,1,0.0,99800.0,99800.0,-200.0
7031,Avery Montgomery,martingale,100.0,100000.0,50000.0,372,2,0.0,97000.0,97000.0,-3000.0
7032,Maximiliano Trejo,martingale,100.0,100000.0,50000.0,752,1,0.0,135100.0,135100.0,35100.0
7033,Rosalyn Sandoval,martingale,100.0,100000.0,50000.0,282,1,0.0,48400.0,48400.0,-51600.0
7034,Brantley Esquivel,martingale,100.0,100000.0,50000.0,263,1,0.0,99500.0,99500.0,-500.0
7035,Jaylee Figueroa,martingale,100.0,100000.0,50000.0,543,1,0.0,123800.0,123800.0,23800.0
7036,Spencer Owen,martingale,100.0,100000.0,50000.0,15,1,0.0,1600.0,1600.0,-98400.0
7037,Mikayla Hudson,martingale,100.0,100000.0,50000.0,582,2,0.0,127400.0,127400.0,27400.0
7038,Peter Holt,martingale,100.0,100000.0,50000.0,467,2,0.0,121300.0,121300.0,21300.0
7039,Adelynn Rhodes,martingale,100.0,100000.0,50000.0,499,1,0.0,111200.0,111200.0,11200.0
7040,Titus Dyer,martingale,100.0,100000.0,50000.0,543,1,0.0,125400.0,125400.0,25400.0
7041,Estrella Lane,martingale,100.0,100000.0,50000.0,193,2,0.0,68900.0,68900.0,-31100.0
7042,Matias Leal,martingale,100.0,100000.0,50000.0,621,1,0.0,130500.0,130500.0,30500.0
7043,Murphy Townsend,martingale,100.0,100000.0,50000.0,292,1,0.0,63600.0,63600.0,-36400.0
7044,Alexis McCarthy,martingale,100.0,100000.0,50000.0,443,1,0.0,100800.0,100800.0,800.0
7045,Kira Maldonado,martingale,100.0,100000.0,50000.0,461,1,0.0,107700.0,107700.0,7700.0
7046,Javier Marks,martingale,100.0,100000.0,50000.0,262,2,0.0,89100.0,89100.0,-10900.0
7047,Monica Diaz,martingale,100.0,100000.0,50000.0,478,3,0.0,117900.0,117900.0,17900.0
7048,Nathan Anthony,martingale,100.0,100000.0,50000.0,712,2,0.0,133600.0,133600.0,33600.0
7049,Macy Burns,martingale,100.0,100000.0,50000.0,351,1,0.0,72100.0,72100.0,-27900.0
7050,August Dickerson,martingale,100.0,100000.0,50000.0,48,1,0.0,4600.0,4600.0,-95400.0
7051,Opal Horton,martingale,100.0,100000.0,50000.0,712,1,0.0,130700.0,130700.0,30700.0
7052,Garrett Morales,martingale,100.0,100000.0,50000.0,325,1,0.0,65900.0,65900.0,-34100.0
7053,Skylar Houston,martingale,100.0,100000.0,50000.0,452,1,0.0,90900.0,90900.0,-9100.0
7054,Sylas Hodge,martingale,100.0,100000.0,50000.0,566,2,0.0,124200.0,124200.0,24200.0
7055,Coraline Porter,martingale,100.0,100000.0,50000.0,333,1,0.0,97200.0,97200.0,-2800.0
7056,Rhett Holloway,martingale,100.0,100000.0,50000.0,617,2,0.0,128300.0,128300.0,28300.0
7057,Mae Landry,martingale,100.0,100000.0,50000.0,474,1,0.0,111200.0,111200.0,11200.0
7058,Jaxx Barron,martingale,100.0,100000.0,50000.0,389,2,0.0,69800.0,69800.0,-30200.0
7059,Anya Hahn,martingale,100.0,100000.0,50000.0,296,3,0.0,101400.0,101400.0,1400.0
7060,Kabir Gaines,martingale,100.0,100000.0,50000.0,452,2,0.0,117300.0,117300.0,17300.0
7061,Aya Brown,martingale,100.0,100000.0,50000.0,320,2,0.0,71200.0,71200.0,-28800.0
7062,Elijah Peters,martingale,100.0,100000.0,50000.0,434,2,0.0,114100.0,114100.0,14100.0
7063,Leila Palmer,martingale,100.0,100000.0,50000.0,373,1,0.0,74700.0,74700.0,-25300.0
7064,Theo May,martingale,100.0,100000.0,50000.0,352,1,0.0,112200.0,112200.0,12200.0
7065,Adriana Hebert,martingale,100.0,100000.0,50000.0,490,2,0.0,112300.0,112300.0,12300.0
7066,Guillermo Galindo,martingale,100.0,100000.0,50000.0,521,2,0.0,123300.0,123300.0,23300.0
7067,Corinne Anderson,martingale,100.0,100000.0,50000.0,248,3,0.0,102000.0,102000.0,2000.0
7068,Jacob Walters,martingale,100.0,100000.0,50000.0,323,3,0.0,105000.0,105000.0,5000.0
7069,Samara Ashley,martingale,100.0,100000.0,50000.0,161,1,0.0,53300.0,53300.0,-46700.0
7070,Kylen Kirk,martingale,100.0,100000.0,50000.0,314,3,0.0,92700.0,92700.0,-7300.0
7071,Ellis Esparza,martingale,100.0,100000.0,50000.0,229,2,0.0,59100.0,59100.0,-40900.0
7072,Carl Villa,martingale,100.0,100000.0,50000.0,466,2,0.0,118400.0,118400.0,18400.0
7073,Johanna Henry,martingale,100.0,100000.0,50000.0,377,3,0.0,86700.0,86700.0,-13300.0
7074,Carlos David,martingale,100.0,100000.0,50000.0,313,5,0.0,100700.0,100700.0,700.0
7075,Haylee Hall,martingale,100.0,100000.0,50000.0,683,2,0.0,132500.0,132500.0,32500.0
7076,Thomas Levy,martingale,100.0,100000.0,50000.0,310,2,0.0,88100.0,88100.0,-11900.0
7077,Flora Deleon,martingale,100.0,100000.0,50000.0,353,1,0.0,65800.0,65800.0,-34200.0
7078,Nasir Pennington,martingale,100.0,100000.0,50000.0,223,1,0.0,56900.0,56900.0,-43100.0
7079,Yareli Mack,martingale,100.0,100000.0,50000.0,400,2,0.0,98800.0,98800.0,-1200.0
7080,Esteban Atkinson,martingale,100.0,100000.0,50000.0,101,1,0.0,12500.0,12500.0,-87500.0
7081,Jazmin McCarty,martingale,100.0,100000.0,50000.0,481,1,0.0,120100.0,120100.0,20100.0
7082,Blaise Rodriguez,martingale,100.0,100000.0,50000.0,583,3,0.0,128100.0,128100.0,28100.0
7083,Evelyn Coffey,martingale,100.0,100000.0,50000.0,424,1,0.0,117300.0,117300.0,17300.0
7084,Kody Estrada,martingale,100.0,100000.0,50000.0,113,1,0.0,32600.0,32600.0,-67400.0
7085,Sawyer Lucas,martingale,100.0,100000.0,50000.0,37,1,0.0,5600.0,5600.0,-94400.0
7086,Chance Michael,martingale,100.0,100000.0,50000.0,120,1,0.0,21500.0,21500.0,-78500.0
7087,Aubriella Washington,martingale,100.0,100000.0,50000.0,229,1,0.0,41200.0,41200.0,-58800.0
7088,Juan Sellers,martingale,100.0,100000.0,50000.0,642,2,0.0,128100.0,128100.0,28100.0
7089,Mercy Hendrix,martingale,100.0,100000.0,50000.0,172,1,0.0,29700.0,29700.0,-70300.0
7090,Korbyn Proctor,martingale,100.0,100000.0,50000.0,550,1,0.0,111400.0,111400.0,11400.0
7091,Chandler Morton,martingale,100.0,100000.0,50000.0,715,4,0.0,134200.0,134200.0,34200.0
7092,Roland Cisneros,martingale,100.0,100000.0,50000.0,600,1,0.0,121000.0,121000.0,21000.0
7093,Janelle Graham,martingale,100.0,100000.0,50000.0,436,2,0.0,113200.0,113200.0,13200.0
7094,Giovanni Bush,martingale,100.0,100000.0,50000.0,548,3,0.0,123700.0,123700.0,23700.0
7095,Everlee Huerta,martingale,100.0,100000.0,50000.0,502,2,0.0,99200.0,99200.0,-800.0
7096,Douglas Weiss,martingale,100.0,100000.0,50000.0,481,1,0.0,113300.0,113300.0,13300.0
7097,Lennox Lloyd,martingale,100.0,100000.0,50000.0,415,2,0.0,118000.0,118000.0,18000.0
7098,Zaire Greene,martingale,100.0,100000.0,50000.0,19,1,0.0,3500.0,3500.0,-96500.0
7099,Selena Kirby,martingale,100.0,100000.0,50000.0,466,2,0.0,119700.0,119700.0,19700.0
7100,Tony O’Donnell,martingale,100.0,100000.0,50000.0,325,1,0.0,56300.0,56300.0,-43700.0
7101,Bellamy Wong,martingale,100.0,100000.0,50000.0,431,1,0.0,83100.0,83100.0,-16900.0
7102,Walter Hanna,martingale,100.0,100000.0,50000.0,63,1,0.0,18200.0,18200.0,-81800.0
7103,Cynthia Freeman,martingale,100.0,100000.0,50000.0,336,2,0.0,89900.0,89900.0,-10100.0
7104,Jayce Crawford,martingale,100.0,100000.0,50000.0,172,1,0.0,30500.0,30500.0,-69500.0
7105,Aubree Meyer,martingale,100.0,100000.0,50000.0,464,2,0.0,110700.0,110700.0,10700.0
7106,Tristan Xiong,martingale,100.0,100000.0,50000.0,411,4,0.0,113600.0,113600.0,13600.0
7107,Amayah Velazquez,martingale,100.0,100000.0,50000.0,545,3,0.0,109600.0,109600.0,9600.0
7108,Drew Cross,martingale,100.0,100000.0,50000.0,56,1,0.0,5000.0,5000.0,-95000.0
7109,Nayeli Bryant,martingale,100.0,100000.0,50000.0,489,3,0.0,100900.0,100900.0,900.0
7110,Jonah Ballard,martingale,100.0,100000.0,50000.0,457,1,0.0,107600.0,107600.0,7600.0
7111,Alejandra Dudley,martingale,100.0,100000.0,50000.0,406,2,0.0,85800.0,85800.0,-14200.0
7112,Colter Huerta,martingale,100.0,100000.0,50000.0,498,3,0.0,110800.0,110800.0,10800.0
7113,Dulce Bowers,martingale,100.0,100000.0,50000.0,587,2,0.0,123300.0,123300.0,23300.0
7114,Dorian Velez,martingale,100.0,100000.0,50000.0,407,2,0.0,109100.0,109100.0,9100.0
7115,Megan Dickson,martingale,100.0,100000.0,50000.0,496,3,0.0,118300.0,118300.0,18300.0
7116,Maxton Munoz,martingale,100.0,100000.0,50000.0,311,2,0.0,65500.0,65500.0,-34500.0
7117,Kehlani Wallace,martingale,100.0,100000.0,50000.0,553,1,0.0,104400.0,104400.0,4400.0
7118,Chase McFarland,martingale,100.0,100000.0,50000.0,175,1,0.0,31000.0,31000.0,-69000.0
7119,Annika Rose,martingale,100.0,100000.0,50000.0,604,2,0.0,127700.0,127700.0,27700.0
7120,Hayden Calhoun,martingale,100.0,100000.0,50000.0,572,3,0.0,109400.0,109400.0,9400.0
7121,Thalia Hickman,martingale,100.0,100000.0,50000.0,179,2,0.0,60100.0,60100.0,-39900.0
7122,Jakobe Villarreal,martingale,100.0,100000.0,50000.0,408,1,0.0,110400.0,110400.0,10400.0
7123,Jazlyn Massey,martingale,100.0,100000.0,50000.0,442,2,0.0,98400.0,98400.0,-1600.0
7124,Donald Brock,martingale,100.0,100000.0,50000.0,641,2,0.0,130000.0,130000.0,30000.0
7125,Jada Farmer,martingale,100.0,100000.0,50000.0,63,2,0.0,54800.0,54800.0,-45200.0
7126,Jamison McClure,martingale,100.0,100000.0,50000.0,360,2,0.0,104200.0,104200.0,4200.0
7127,Estella Duncan,martingale,100.0,100000.0,50000.0,522,1,0.0,119900.0,119900.0,19900.0
7128,Avery Summers,martingale,100.0,100000.0,50000.0,230,1,0.0,73700.0,73700.0,-26300.0
7129,Frankie Patton,martingale,100.0,100000.0,50000.0,313,1,0.0,74500.0,74500.0,-25500.0
7130,Moises Stanley,martingale,100.0,100000.0,50000.0,373,2,0.0,95100.0,95100.0,-4900.0
7131,Gracelyn Costa,martingale,100.0,100000.0,50000.0,240,1,0.0,89100.0,89100.0,-10900.0
7132,Kenji Lowery,martingale,100.0,100000.0,50000.0,495,1,0.0,117200.0,117200.0,17200.0
7133,Estelle Kane,martingale,100.0,100000.0,50000.0,749,2,0.0,136400.0,136400.0,36400.0
7134,Brock Carr,martingale,100.0,100000.0,50000.0,388,1,0.0,69200.0,69200.0,-30800.0
7135,Rowan Hanna,martingale,100.0,100000.0,50000.0,519,2,0.0,121000.0,121000.0,21000.0
7136,Aydin Houston,martingale,100.0,100000.0,50000.0,123,1,0.0,68000.0,68000.0,-32000.0
7137,Lylah Huber,martingale,100.0,100000.0,50000.0,20,1,0.0,1500.0,1500.0,-98500.0
7138,Mac Hughes,martingale,100.0,100000.0,50000.0,585,1,0.0,127400.0,127400.0,27400.0
7139,Samantha Dejesus,martingale,100.0,100000.0,50000.0,378,1,0.0,78800.0,78800.0,-21200.0
7140,Rio Felix,martingale,100.0,100000.0,50000.0,422,1,0.0,94000.0,94000.0,-6000.0
7141,Paisleigh Hahn,martingale,100.0,100000.0,50000.0,574,1,0.0,124100.0,124100.0,24100.0
7142,Kabir Wang,martingale,100.0,100000.0,50000.0,672,2,0.0,132300.0,132300.0,32300.0
7143,Kailani Hurley,martingale,100.0,100000.0,50000.0,633,1,0.0,127300.0,127300.0,27300.0
7144,Van Kline,martingale,100.0,100000.0,50000.0,475,3,0.0,106200.0,106200.0,6200.0
7145,Sevyn Hoover,martingale,100.0,100000.0,50000.0,522,3,0.0,121600.0,121600.0,21600.0
7146,Jaziel Lowery,martingale,100.0,100000.0,50000.0,654,1,0.0,128100.0,128100.0,28100.0
7147,Estelle O’Connor,martingale,100.0,100000.0,50000.0,312,1,0.0,87200.0,87200.0,-12800.0
7148,Princeton Hughes,martingale,100.0,100000.0,50000.0,551,1,0.0,125900.0,125900.0,25900.0
7149,Samantha Terrell,martingale,100.0,100000.0,50000.0,373,1,0.0,75600.0,75600.0,-24400.0
7150,Jaxen Cox,martingale,100.0,100000.0,50000.0,559,1,0.0,117700.0,117700.0,17700.0
7151,Sadie McDowell,martingale,100.0,100000.0,50000.0,352,3,0.0,100700.0,100700.0,700.0
7152,Lachlan Holmes,martingale,100.0,100000.0,50000.0,558,1,0.0,127100.0,127100.0,27100.0
7153,Bailey Rojas,martingale,100.0,100000.0,50000.0,403,3,0.0,96800.0,96800.0,-3200.0
7154,Colin Bush,martingale,100.0,100000.0,50000.0,565,3,0.0,124300.0,124300.0,24300.0
7155,Everlee Willis,martingale,100.0,100000.0,50000.0,13,1,0.0,300.0,300.0,-99700.0
7156,Remington Douglas,martingale,100.0,100000.0,50000.0,614,1,0.0,128500.0,128500.0,28500.0
7157,Aniyah Knight,martingale,100.0,100000.0,50000.0,394,1,0.0,100600.0,100600.0,600.0
7158,Beckett Farley,martingale,100.0,100000.0,50000.0,288,2,0.0,64400.0,64400.0,-35600.0
7159,Wrenley Johns,martingale,100.0,100000.0,50000.0,740,1,0.0,129300.0,129300.0,29300.0
7160,Joziah Rasmussen,martingale,100.0,100000.0,50000.0,379,3,0.0,96500.0,96500.0,-3500.0
7161,Esperanza Mills,martingale,100.0,100000.0,50000.0,360,1,0.0,56500.0,56500.0,-43500.0
7162,Alex Vargas,martingale,100.0,100000.0,50000.0,398,2,0.0,113900.0,113900.0,13900.0
7163,Andrea Walter,martingale,100.0,100000.0,50000.0,214,1,0.0,41200.0,41200.0,-58800.0
7164,Lochlan Ford,martingale,100.0,100000.0,50000.0,703,1,0.0,132900.0,132900.0,32900.0
7165,Alexandra Clayton,martingale,100.0,100000.0,50000.0,290,2,0.0,62400.0,62400.0,-37600.0
7166,Boston Chandler,martingale,100.0,100000.0,50000.0,365,1,0.0,109200.0,109200.0,9200.0
7167,Viviana Welch,martingale,100.0,100000.0,50000.0,237,1,0.0,35300.0,35300.0,-64700.0
7168,Hendrix Cisneros,martingale,100.0,100000.0,50000.0,459,2,0.0,119400.0,119400.0,19400.0
7169,Janelle Lucero,martingale,100.0,100000.0,50000.0,52,1,0.0,7500.0,7500.0,-92500.0
7170,Felipe Case,martingale,100.0,100000.0,50000.0,474,2,0.0,122000.0,122000.0,22000.0
7171,Cleo Banks,martingale,100.0,100000.0,50000.0,306,1,0.0,87400.0,87400.0,-12600.0
7172,Martin White,martingale,100.0,100000.0,50000.0,530,0,0.0,113400.0,113400.0,13400.0
7173,Layla Morse,martingale,100.0,100000.0,50000.0,304,2,0.0,96400.0,96400.0,-3600.0
7174,Bode Weber,martingale,100.0,100000.0,50000.0,279,2,0.0,63700.0,63700.0,-36300.0
7175,Alayah Abbott,martingale,100.0,100000.0,50000.0,497,1,0.0,117000.0,117000.0,17000.0
7176,Kohen Schroeder,martingale,100.0,100000.0,50000.0,51,1,0.0,11700.0,11700.0,-88300.0
7177,Cameron Burgess,martingale,100.0,100000.0,50000.0,667,2,0.0,133300.0,133300.0,33300.0
7178,Kolton Travis,martingale,100.0,100000.0,50000.0,443,2,0.0,111700.0,111700.0,11700.0
7179,Mazikee Frazier,martingale,100.0,100000.0,50000.0,441,1,0.0,114700.0,114700.0,14700.0
7180,Callum Horn,martingale,100.0,100000.0,50000.0,582,2,0.0,123800.0,123800.0,23800.0
7181,Avah Knapp,martingale,100.0,100000.0,50000.0,464,3,0.0,115200.0,115200.0,15200.0
7182,Boden Kim,martingale,100.0,100000.0,50000.0,405,2,0.0,93000.0,93000.0,-7000.0
7183,Gabriella Carson,martingale,100.0,100000.0,50000.0,481,3,0.0,99700.0,99700.0,-300.0
7184,Ares Wang,martingale,100.0,100000.0,50000.0,571,1,0.0,114300.0,114300.0,14300.0
7185,Kailani Le,martingale,100.0,100000.0,50000.0,598,3,0.0,128600.0,128600.0,28600.0
7186,Damien Peralta,martingale,100.0,100000.0,50000.0,806,2,0.0,140100.0,140100.0,40100.0
7187,Malayah Sellers,martingale,100.0,100000.0,50000.0,647,1,0.0,129700.0,129700.0,29700.0
7188,Madden Terry,martingale,100.0,100000.0,50000.0,571,2,0.0,115100.0,115100.0,15100.0
7189,Wren Howe,martingale,100.0,100000.0,50000.0,542,2,0.0,126600.0,126600.0,26600.0
7190,Alaric Tran,martingale,100.0,100000.0,50000.0,282,2,0.0,65800.0,65800.0,-34200.0
7191,Kylie Jimenez,martingale,100.0,100000.0,50000.0,271,2,0.0,103800.0,103800.0,3800.0
7192,Silas Wiley,martingale,100.0,100000.0,50000.0,495,1,0.0,96600.0,96600.0,-3400.0
7193,Lauryn Miranda,martingale,100.0,100000.0,50000.0,290,2,0.0,71700.0,71700.0,-28300.0
7194,Rory Ho,martingale,100.0,100000.0,50000.0,225,1,0.0,37200.0,37200.0,-62800.0
7195,Calliope Ross,martingale,100.0,100000.0,50000.0,513,1,0.0,110700.0,110700.0,10700.0
7196,Wesley McFarland,martingale,100.0,100000.0,50000.0,620,1,0.0,119500.0,119500.0,19500.0
7197,Annika Gould,martingale,100.0,100000.0,50000.0,716,1,0.0,135800.0,135800.0,35800.0
7198,Blaine Johns,martingale,100.0,100000.0,50000.0,177,1,0.0,55500.0,55500.0,-44500.0
7199,Giovanna Hayes,martingale,100.0,100000.0,50000.0,301,3,0.0,64800.0,64800.0,-35200.0
7200,Legend Nava,martingale,100.0,100000.0,50000.0,284,1,0.0,72000.0,72000.0,-28000.0
7201,Scout Franco,martingale,100.0,100000.0,50000.0,288,2,0.0,64600.0,64600.0,-35400.0
7202,Gage Bryant,martingale,100.0,100000.0,50000.0,331,2,0.0,108300.0,108300.0,8300.0
7203,Parker Cantu,martingale,100.0,100000.0,50000.0,395,2,0.0,106300.0,106300.0,6300.0
7204,Anakin McDaniel,martingale,100.0,100000.0,50000.0,484,5,0.0,109700.0,109700.0,9700.0
7205,Dahlia Nichols,martingale,100.0,100000.0,50000.0,266,2,0.0,67300.0,67300.0,-32700.0
7206,Atlas Yang,martingale,100.0,100000.0,50000.0,345,3,0.0,98400.0,98400.0,-1600.0
7207,Angelina Bentley,martingale,100.0,100000.0,50000.0,555,3,0.0,117000.0,117000.0,17000.0
7208,Randy Davidson,martingale,100.0,100000.0,50000.0,462,2,0.0,108500.0,108500.0,8500.0
7209,Jayla Schmidt,martingale,100.0,100000.0,50000.0,182,4,0.0,69200.0,69200.0,-30800.0
7210,Zayden Hancock,martingale,100.0,100000.0,50000.0,264,1,0.0,38500.0,38500.0,-61500.0
7211,Katelyn Parks,martingale,100.0,100000.0,50000.0,239,1,0.0,42500.0,42500.0,-57500.0
7212,Gianni Bryant,martingale,100.0,100000.0,50000.0,579,1,0.0,125000.0,125000.0,25000.0
7213,Parker Herring,martingale,100.0,100000.0,50000.0,539,1,0.0,125900.0,125900.0,25900.0
7214,Henrik Dudley,martingale,100.0,100000.0,50000.0,364,5,0.0,100500.0,100500.0,500.0
7215,Hadleigh Lang,martingale,100.0,100000.0,50000.0,158,1,0.0,68800.0,68800.0,-31200.0
7216,Wells Reed,martingale,100.0,100000.0,50000.0,244,2,0.0,60600.0,60600.0,-39400.0
7217,Valentina Melendez,martingale,100.0,100000.0,50000.0,125,1,0.0,26800.0,26800.0,-73200.0
7218,Nikolas Hamilton,martingale,100.0,100000.0,50000.0,472,1,0.0,115000.0,115000.0,15000.0
7219,Mackenzie Beard,martingale,100.0,100000.0,50000.0,160,3,0.0,78100.0,78100.0,-21900.0
7220,Nathanael Shelton,martingale,100.0,100000.0,50000.0,693,1,0.0,131500.0,131500.0,31500.0
7221,Makenzie Mercado,martingale,100.0,100000.0,50000.0,362,1,0.0,78200.0,78200.0,-21800.0
7222,Abram McCormick,martingale,100.0,100000.0,50000.0,208,1,0.0,47600.0,47600.0,-52400.0
7223,Macie Hensley,martingale,100.0,100000.0,50000.0,305,1,0.0,49800.0,49800.0,-50200.0
7224,Layne Hensley,martingale,100.0,100000.0,50000.0,537,3,0.0,122500.0,122500.0,22500.0
7225,Malaya Bryan,martingale,100.0,100000.0,50000.0,480,1,0.0,116500.0,116500.0,16500.0
7226,Jaxtyn Shepard,martingale,100.0,100000.0,50000.0,679,3,0.0,132400.0,132400.0,32400.0
7227,Noor Contreras,martingale,100.0,100000.0,50000.0,20,1,0.0,1500.0,1500.0,-98500.0
7228,Emilio Ahmed,martingale,100.0,100000.0,50000.0,461,1,0.0,112300.0,112300.0,12300.0
7229,Jolie Leal,martingale,100.0,100000.0,50000.0,395,3,0.0,106400.0,106400.0,6400.0
7230,Cedric Sherman,martingale,100.0,100000.0,50000.0,91,1,0.0,21700.0,21700.0,-78300.0
7231,Addilyn Sosa,martingale,100.0,100000.0,50000.0,254,1,0.0,58300.0,58300.0,-41700.0
7232,Emir Yu,martingale,100.0,100000.0,50000.0,810,2,0.0,139100.0,139100.0,39100.0
7233,Navy Newman,martingale,100.0,100000.0,50000.0,573,2,0.0,125200.0,125200.0,25200.0
7234,Anderson Waters,martingale,100.0,100000.0,50000.0,376,2,0.0,92800.0,92800.0,-7200.0
7235,Bristol McCoy,martingale,100.0,100000.0,50000.0,199,1,0.0,39800.0,39800.0,-60200.0
7236,Jett Rich,martingale,100.0,100000.0,50000.0,450,2,0.0,93900.0,93900.0,-6100.0
7237,Sunny Dominguez,martingale,100.0,100000.0,50000.0,428,0,0.0,106100.0,106100.0,6100.0
7238,Kaden Barrera,martingale,100.0,100000.0,50000.0,618,3,0.0,125400.0,125400.0,25400.0
7239,Beatrice McCoy,martingale,100.0,100000.0,50000.0,550,0,0.0,125200.0,125200.0,25200.0
7240,Jett Morse,martingale,100.0,100000.0,50000.0,570,1,0.0,122800.0,122800.0,22800.0
7241,Kairi Craig,martingale,100.0,100000.0,50000.0,447,1,0.0,116700.0,116700.0,16700.0
7242,Odin Ashley,martingale,100.0,100000.0,50000.0,490,1,0.0,84000.0,84000.0,-16000.0
7243,Khalani Hammond,martingale,100.0,100000.0,50000.0,439,1,0.0,94200.0,94200.0,-5800.0
7244,Francis Ramirez,martingale,100.0,100000.0,50000.0,481,1,0.0,110000.0,110000.0,10000.0
7245,Grace Kane,martingale,100.0,100000.0,50000.0,425,3,0.0,74100.0,74100.0,-25900.0
7246,Brock Richards,martingale,100.0,100000.0,50000.0,197,1,0.0,34500.0,34500.0,-65500.0
7247,Trinity Hicks,martingale,100.0,100000.0,50000.0,23,1,0.0,1400.0,1400.0,-98600.0
7248,Maddox Maddox,martingale,100.0,100000.0,50000.0,731,1,0.0,133600.0,133600.0,33600.0
7249,Zainab Carroll,martingale,100.0,100000.0,50000.0,227,2,0.0,98400.0,98400.0,-1600.0
7250,Oscar Brock,martingale,100.0,100000.0,50000.0,672,1,0.0,128800.0,128800.0,28800.0
7251,Jada Lawson,martingale,100.0,100000.0,50000.0,363,1,0.0,113000.0,113000.0,13000.0
7252,Lane Crane,martingale,100.0,100000.0,50000.0,267,2,0.0,92600.0,92600.0,-7400.0
7253,Della Cobb,martingale,100.0,100000.0,50000.0,575,1,0.0,126400.0,126400.0,26400.0
7254,Raphael Mosley,martingale,100.0,100000.0,50000.0,296,3,0.0,64000.0,64000.0,-36000.0
7255,Zaniyah McCann,martingale,100.0,100000.0,50000.0,567,2,0.0,121700.0,121700.0,21700.0
7256,Heath Kemp,martingale,100.0,100000.0,50000.0,366,3,0.0,104600.0,104600.0,4600.0
7257,Anika Dorsey,martingale,100.0,100000.0,50000.0,250,2,0.0,65600.0,65600.0,-34400.0
7258,Enoch Oliver,martingale,100.0,100000.0,50000.0,568,1,0.0,122300.0,122300.0,22300.0
7259,Camille Perkins,martingale,100.0,100000.0,50000.0,390,1,0.0,69900.0,69900.0,-30100.0
7260,Kyrie Stanley,martingale,100.0,100000.0,50000.0,206,1,0.0,47600.0,47600.0,-52400.0
7261,Gracelyn Christian,martingale,100.0,100000.0,50000.0,659,3,0.0,131400.0,131400.0,31400.0
7262,Ledger Rodgers,martingale,100.0,100000.0,50000.0,722,2,0.0,135800.0,135800.0,35800.0
7263,Selah Guerrero,martingale,100.0,100000.0,50000.0,154,2,0.0,82600.0,82600.0,-17400.0
7264,Bryce Barry,martingale,100.0,100000.0,50000.0,222,3,0.0,61200.0,61200.0,-38800.0
7265,Waverly Walker,martingale,100.0,100000.0,50000.0,169,2,0.0,86600.0,86600.0,-13400.0
7266,Luke Elliott,martingale,100.0,100000.0,50000.0,378,2,0.0,115600.0,115600.0,15600.0
7267,Noelle Guevara,martingale,100.0,100000.0,50000.0,285,1,0.0,58000.0,58000.0,-42000.0
7268,Tommy Hester,martingale,100.0,100000.0,50000.0,400,2,0.0,114800.0,114800.0,14800.0
7269,Zendaya Davidson,martingale,100.0,100000.0,50000.0,38,1,0.0,6000.0,6000.0,-94000.0
7270,Dante Burnett,martingale,100.0,100000.0,50000.0,517,1,0.0,112300.0,112300.0,12300.0
7271,Emberly Wolfe,martingale,100.0,100000.0,50000.0,495,2,0.0,111700.0,111700.0,11700.0
7272,Donovan Beck,martingale,100.0,100000.0,50000.0,480,1,0.0,111400.0,111400.0,11400.0
7273,Gia McLean,martingale,100.0,100000.0,50000.0,534,4,0.0,122600.0,122600.0,22600.0
7274,Crosby Ramsey,martingale,100.0,100000.0,50000.0,289,1,0.0,110700.0,110700.0,10700.0
7275,Lyric Brewer,martingale,100.0,100000.0,50000.0,395,2,0.0,108300.0,108300.0,8300.0
7276,Cruz Wood,martingale,100.0,100000.0,50000.0,200,1,0.0,73500.0,73500.0,-26500.0
7277,Natalia Rocha,martingale,100.0,100000.0,50000.0,580,1,0.0,111600.0,111600.0,11600.0
7278,Onyx Fischer,martingale,100.0,100000.0,50000.0,508,1,0.0,119700.0,119700.0,19700.0
7279,Maci Vincent,martingale,100.0,100000.0,50000.0,400,2,0.0,96000.0,96000.0,-4000.0
7280,Aarav Wiggins,martingale,100.0,100000.0,50000.0,465,1,0.0,97000.0,97000.0,-3000.0
7281,Capri Calhoun,martingale,100.0,100000.0,50000.0,381,2,0.0,95900.0,95900.0,-4100.0
7282,Gary Terry,martingale,100.0,100000.0,50000.0,515,2,0.0,119300.0,119300.0,19300.0
7283,Wren Phelps,martingale,100.0,100000.0,50000.0,562,1,0.0,123200.0,123200.0,23200.0
7284,Hamza Benitez,martingale,100.0,100000.0,50000.0,578,1,0.0,103200.0,103200.0,3200.0
7285,Aliza Cantu,martingale,100.0,100000.0,50000.0,557,1,0.0,125100.0,125100.0,25100.0
7286,Anakin Allison,martingale,100.0,100000.0,50000.0,271,1,0.0,87000.0,87000.0,-13000.0
7287,Chelsea Wyatt,martingale,100.0,100000.0,50000.0,170,1,0.0,37700.0,37700.0,-62300.0
7288,Sam Cain,martingale,100.0,100000.0,50000.0,403,3,0.0,107900.0,107900.0,7900.0
7289,Kendra Mahoney,martingale,100.0,100000.0,50000.0,781,1,0.0,139500.0,139500.0,39500.0
7290,Kamryn Vaughn,martingale,100.0,100000.0,50000.0,701,3,0.0,130000.0,130000.0,30000.0
7291,Reign Barnett,martingale,100.0,100000.0,50000.0,412,2,0.0,94300.0,94300.0,-5700.0
7292,Stephen Navarro,martingale,100.0,100000.0,50000.0,461,2,0.0,101700.0,101700.0,1700.0
7293,Winter Macdonald,martingale,100.0,100000.0,50000.0,537,2,0.0,127000.0,127000.0,27000.0
7294,Hugh Macias,martingale,100.0,100000.0,50000.0,180,1,0.0,45700.0,45700.0,-54300.0
7295,Adley Valencia,martingale,100.0,100000.0,50000.0,436,1,0.0,88600.0,88600.0,-11400.0
7296,Dax Andrade,martingale,100.0,100000.0,50000.0,454,1,0.0,118100.0,118100.0,18100.0
7297,Emmy McDaniel,martingale,100.0,100000.0,50000.0,231,1,0.0,97600.0,97600.0,-2400.0
7298,Major Preston,martingale,100.0,100000.0,50000.0,527,1,0.0,98300.0,98300.0,-1700.0
7299,Indie Powers,martingale,100.0,100000.0,50000.0,384,2,0.0,115200.0,115200.0,15200.0
7300,Sean Harmon,martingale,100.0,100000.0,50000.0,530,2,0.0,118300.0,118300.0,18300.0
7301,Maren Walsh,martingale,100.0,100000.0,50000.0,256,2,0.0,88500.0,88500.0,-11500.0
7302,Bodhi Ortiz,martingale,100.0,100000.0,50000.0,532,2,0.0,123100.0,123100.0,23100.0
7303,Anna Castaneda,martingale,100.0,100000.0,50000.0,223,1,0.0,40100.0,40100.0,-59900.0
7304,Collin Peralta,martingale,100.0,100000.0,50000.0,568,3,0.0,126200.0,126200.0,26200.0
7305,Malayah Fischer,martingale,100.0,100000.0,50000.0,622,1,0.0,122900.0,122900.0,22900.0
7306,Leonidas Rogers,martingale,100.0,100000.0,50000.0,427,2,0.0,96400.0,96400.0,-3600.0
7307,Madelyn Henson,martingale,100.0,100000.0,50000.0,18,1,0.0,900.0,900.0,-99100.0
7308,Bellamy Jenkins,martingale,100.0,100000.0,50000.0,342,1,0.0,111800.0,111800.0,11800.0
7309,Rylee Cain,martingale,100.0,100000.0,50000.0,487,1,0.0,99500.0,99500.0,-500.0
7310,Benson Shaw,martingale,100.0,100000.0,50000.0,557,2,0.0,127800.0,127800.0,27800.0
7311,Emersyn Martinez,martingale,100.0,100000.0,50000.0,466,1,0.0,118300.0,118300.0,18300.0
7312,Alexander Hall,martingale,100.0,100000.0,50000.0,148,1,0.0,28300.0,28300.0,-71700.0
7313,Leah Harrison,martingale,100.0,100000.0,50000.0,515,2,0.0,124800.0,124800.0,24800.0
7314,Gavin Cervantes,martingale,100.0,100000.0,50000.0,293,3,0.0,88800.0,88800.0,-11200.0
7315,Aylin Juarez,martingale,100.0,100000.0,50000.0,400,2,0.0,102300.0,102300.0,2300.0
7316,Joaquin Huynh,martingale,100.0,100000.0,50000.0,472,3,0.0,78400.0,78400.0,-21600.0
7317,Oaklee Newton,martingale,100.0,100000.0,50000.0,419,0,0.0,119000.0,119000.0,19000.0
7318,Santino Phelps,martingale,100.0,100000.0,50000.0,400,2,0.0,118800.0,118800.0,18800.0
7319,Laney Bullock,martingale,100.0,100000.0,50000.0,289,2,0.0,107400.0,107400.0,7400.0
7320,Ben Gallegos,martingale,100.0,100000.0,50000.0,484,2,0.0,97700.0,97700.0,-2300.0
7321,Ari Moses,martingale,100.0,100000.0,50000.0,491,1,0.0,105600.0,105600.0,5600.0
7322,Niklaus McCann,martingale,100.0,100000.0,50000.0,421,3,0.0,112000.0,112000.0,12000.0
7323,Joyce Adkins,martingale,100.0,100000.0,50000.0,304,4,0.0,100000.0,100000.0,0.0
7324,Kylo Hurley,martingale,100.0,100000.0,50000.0,469,1,0.0,114400.0,114400.0,14400.0
7325,Rylan Ray,martingale,100.0,100000.0,50000.0,332,2,0.0,91800.0,91800.0,-8200.0
7326,Arlo Dalton,martingale,100.0,100000.0,50000.0,128,1,0.0,37200.0,37200.0,-62800.0
7327,Lilian Hardin,martingale,100.0,100000.0,50000.0,580,2,0.0,123800.0,123800.0,23800.0
7328,Hassan Lowe,martingale,100.0,100000.0,50000.0,182,3,0.0,72000.0,72000.0,-28000.0
7329,Amari Webb,martingale,100.0,100000.0,50000.0,632,2,0.0,123300.0,123300.0,23300.0
7330,Lorenzo Wilcox,martingale,100.0,100000.0,50000.0,513,1,0.0,113300.0,113300.0,13300.0
7331,Ashlyn Bentley,martingale,100.0,100000.0,50000.0,572,2,0.0,123900.0,123900.0,23900.0
7332,Randy McCarty,martingale,100.0,100000.0,50000.0,365,4,0.0,100500.0,100500.0,500.0
7333,Halo Aguilar,martingale,100.0,100000.0,50000.0,571,1,0.0,127000.0,127000.0,27000.0
7334,Milo Pena,martingale,100.0,100000.0,50000.0,390,1,0.0,63300.0,63300.0,-36700.0
7335,Rachel Zavala,martingale,100.0,100000.0,50000.0,284,1,0.0,88100.0,88100.0,-11900.0
7336,Dillon Romero,martingale,100.0,100000.0,50000.0,450,4,0.0,121900.0,121900.0,21900.0
7337,Eliza Peterson,martingale,100.0,100000.0,50000.0,374,2,0.0,101800.0,101800.0,1800.0
7338,Santiago Andrews,martingale,100.0,100000.0,50000.0,335,1,0.0,55500.0,55500.0,-44500.0
7339,Payton Vance,martingale,100.0,100000.0,50000.0,387,1,0.0,81900.0,81900.0,-18100.0
7340,Casen Aguirre,martingale,100.0,100000.0,50000.0,192,1,0.0,62600.0,62600.0,-37400.0
7341,Ariah Gordon,martingale,100.0,100000.0,50000.0,520,3,0.0,123100.0,123100.0,23100.0
7342,Karter Rogers,martingale,100.0,100000.0,50000.0,470,3,0.0,120000.0,120000.0,20000.0
7343,Madelyn Berry,martingale,100.0,100000.0,50000.0,456,1,0.0,113200.0,113200.0,13200.0
7344,Adonis Carter,martingale,100.0,100000.0,50000.0,443,1,0.0,114200.0,114200.0,14200.0
7345,Lucy Harper,martingale,100.0,100000.0,50000.0,514,1,0.0,125200.0,125200.0,25200.0
7346,Hayes Andrade,martingale,100.0,100000.0,50000.0,492,2,0.0,121500.0,121500.0,21500.0
7347,Emmy Lewis,martingale,100.0,100000.0,50000.0,609,2,0.0,120000.0,120000.0,20000.0
7348,Wyatt Miller,martingale,100.0,100000.0,50000.0,352,2,0.0,96200.0,96200.0,-3800.0
7349,Isabella Martin,martingale,100.0,100000.0,50000.0,445,1,0.0,119900.0,119900.0,19900.0
7350,Mateo Leon,martingale,100.0,100000.0,50000.0,578,1,0.0,113100.0,113100.0,13100.0
7351,Amora Gill,martingale,100.0,100000.0,50000.0,542,2,0.0,120000.0,120000.0,20000.0
7352,Matthias Howe,martingale,100.0,100000.0,50000.0,287,1,0.0,74700.0,74700.0,-25300.0
7353,Persephone Byrd,martingale,100.0,100000.0,50000.0,314,4,0.0,114600.0,114600.0,14600.0
7354,Cristian O’Connor,martingale,100.0,100000.0,50000.0,510,3,0.0,114000.0,114000.0,14000.0
7355,Charli Hansen,martingale,100.0,100000.0,50000.0,612,1,0.0,124500.0,124500.0,24500.0
7356,Charlie Holt,martingale,100.0,100000.0,50000.0,316,3,0.0,89900.0,89900.0,-10100.0
7357,Adelynn Zimmerman,martingale,100.0,100000.0,50000.0,528,2,0.0,122200.0,122200.0,22200.0
7358,Sergio Kane,martingale,100.0,100000.0,50000.0,335,3,0.0,111600.0,111600.0,11600.0
7359,Ellianna Barry,martingale,100.0,100000.0,50000.0,235,1,0.0,37300.0,37300.0,-62700.0
7360,Emery Woodard,martingale,100.0,100000.0,50000.0,307,1,0.0,97800.0,97800.0,-2200.0
7361,Aubrie Madden,martingale,100.0,100000.0,50000.0,39,1,0.0,3400.0,3400.0,-96600.0
7362,Everest Galindo,martingale,100.0,100000.0,50000.0,549,2,0.0,113900.0,113900.0,13900.0
7363,Corinne Stevenson,martingale,100.0,100000.0,50000.0,476,1,0.0,103900.0,103900.0,3900.0
7364,Callan Love,martingale,100.0,100000.0,50000.0,346,3,0.0,102800.0,102800.0,2800.0
7365,Avianna Montes,martingale,100.0,100000.0,50000.0,326,3,0.0,90800.0,90800.0,-9200.0
7366,Darren Meadows,martingale,100.0,100000.0,50000.0,309,2,0.0,97600.0,97600.0,-2400.0
7367,Pearl Barker,martingale,100.0,100000.0,50000.0,441,2,0.0,110300.0,110300.0,10300.0
7368,Kade Chavez,martingale,100.0,100000.0,50000.0,461,2,0.0,115900.0,115900.0,15900.0
7369,Nevaeh Weeks,martingale,100.0,100000.0,50000.0,413,4,0.0,110700.0,110700.0,10700.0
7370,Anders Bernal,martingale,100.0,100000.0,50000.0,501,2,0.0,119900.0,119900.0,19900.0
7371,Emmeline Goodwin,martingale,100.0,100000.0,50000.0,602,2,0.0,127700.0,127700.0,27700.0
7372,Kaison Bartlett,martingale,100.0,100000.0,50000.0,113,1,0.0,16600.0,16600.0,-83400.0
7373,Aubrielle Case,martingale,100.0,100000.0,50000.0,483,3,0.0,101400.0,101400.0,1400.0
7374,Bentlee Huerta,martingale,100.0,100000.0,50000.0,339,1,0.0,109300.0,109300.0,9300.0
7375,Dulce Medrano,martingale,100.0,100000.0,50000.0,495,1,0.0,119300.0,119300.0,19300.0
7376,Arian Galvan,martingale,100.0,100000.0,50000.0,538,2,0.0,123400.0,123400.0,23400.0
7377,Dallas Poole,martingale,100.0,100000.0,50000.0,606,3,0.0,125900.0,125900.0,25900.0
7378,Quincy Reilly,martingale,100.0,100000.0,50000.0,374,1,0.0,88300.0,88300.0,-11700.0
7379,Tori Moreno,martingale,100.0,100000.0,50000.0,461,1,0.0,97500.0,97500.0,-2500.0
7380,Myles Velasquez,martingale,100.0,100000.0,50000.0,468,2,0.0,100700.0,100700.0,700.0
7381,Esme Salgado,martingale,100.0,100000.0,50000.0,549,1,0.0,101900.0,101900.0,1900.0
7382,Trace Marshall,martingale,100.0,100000.0,50000.0,311,1,0.0,110900.0,110900.0,10900.0
7383,Adalyn Harrell,martingale,100.0,100000.0,50000.0,328,3,0.0,101200.0,101200.0,1200.0
7384,Nelson Small,martingale,100.0,100000.0,50000.0,554,3,0.0,117000.0,117000.0,17000.0
7385,Zaria Tanner,martingale,100.0,100000.0,50000.0,281,3,0.0,93700.0,93700.0,-6300.0
7386,Bruno Boyd,martingale,100.0,100000.0,50000.0,49,1,0.0,9800.0,9800.0,-90200.0
7387,Georgia Wallace,martingale,100.0,100000.0,50000.0,399,2,0.0,69200.0,69200.0,-30800.0
7388,Chase Randolph,martingale,100.0,100000.0,50000.0,506,1,0.0,122800.0,122800.0,22800.0
7389,Kailey Wells,martingale,100.0,100000.0,50000.0,462,2,0.0,113000.0,113000.0,13000.0
7390,Max Carey,martingale,100.0,100000.0,50000.0,554,1,0.0,125100.0,125100.0,25100.0
7391,Alora Terrell,martingale,100.0,100000.0,50000.0,587,2,0.0,122500.0,122500.0,22500.0
7392,Jaxen Travis,martingale,100.0,100000.0,50000.0,598,1,0.0,103300.0,103300.0,3300.0
7393,Mazikee Tang,martingale,100.0,100000.0,50000.0,644,2,0.0,125600.0,125600.0,25600.0
7394,Rogelio Corona,martingale,100.0,100000.0,50000.0,278,2,0.0,81300.0,81300.0,-18700.0
7395,Marianna Henderson,martingale,100.0,100000.0,50000.0,314,1,0.0,65500.0,65500.0,-34500.0
7396,Beau Carroll,martingale,100.0,100000.0,50000.0,584,1,0.0,122700.0,122700.0,22700.0
7397,Zara Chase,martingale,100.0,100000.0,50000.0,290,1,0.0,110300.0,110300.0,10300.0
7398,Otis Cisneros,martingale,100.0,100000.0,50000.0,688,1,0.0,118100.0,118100.0,18100.0
7399,Janelle Callahan,martingale,100.0,100000.0,50000.0,131,1,0.0,19400.0,19400.0,-80600.0
7400,Quinton Waller,martingale,100.0,100000.0,50000.0,615,3,0.0,130000.0,130000.0,30000.0
7401,Whitley Lindsey,martingale,100.0,100000.0,50000.0,145,1,0.0,20200.0,20200.0,-79800.0
7402,Jayson Bass,martingale,100.0,100000.0,50000.0,338,1,0.0,101100.0,101100.0,1100.0
7403,Zahra Dawson,martingale,100.0,100000.0,50000.0,153,1,0.0,28700.0,28700.0,-71300.0
7404,Iker Dawson,martingale,100.0,100000.0,50000.0,565,1,0.0,124200.0,124200.0,24200.0
7405,Veronica Raymond,martingale,100.0,100000.0,50000.0,728,1,0.0,137600.0,137600.0,37600.0
7406,Maurice Sampson,martingale,100.0,100000.0,50000.0,765,2,0.0,134400.0,134400.0,34400.0
7407,Meilani Erickson,martingale,100.0,100000.0,50000.0,649,1,0.0,128400.0,128400.0,28400.0
7408,Johnny Kelly,martingale,100.0,100000.0,50000.0,624,1,0.0,114700.0,114700.0,14700.0
7409,Ruby Weaver,martingale,100.0,100000.0,50000.0,412,1,0.0,93300.0,93300.0,-6700.0
7410,Tucker Medrano,martingale,100.0,100000.0,50000.0,464,2,0.0,117000.0,117000.0,17000.0
7411,Halle Wolf,martingale,100.0,100000.0,50000.0,660,1,0.0,128400.0,128400.0,28400.0
7412,Jase Maldonado,martingale,100.0,100000.0,50000.0,732,1,0.0,134800.0,134800.0,34800.0
7413,Elaina Roberson,martingale,100.0,100000.0,50000.0,144,1,0.0,41600.0,41600.0,-58400.0
7414,Shepherd Macdonald,martingale,100.0,100000.0,50000.0,495,1,0.0,122800.0,122800.0,22800.0
7415,Rosalia Cox,martingale,100.0,100000.0,50000.0,138,1,0.0,42000.0,42000.0,-58000.0
7416,Connor Hawkins,martingale,100.0,100000.0,50000.0,514,4,0.0,123800.0,123800.0,23800.0
7417,Ariel Watson,martingale,100.0,100000.0,50000.0,708,1,0.0,132600.0,132600.0,32600.0
7418,Greyson Hernandez,martingale,100.0,100000.0,50000.0,422,2,0.0,109500.0,109500.0,9500.0
7419,Camila Charles,martingale,100.0,100000.0,50000.0,710,1,0.0,112500.0,112500.0,12500.0
7420,Conrad Maldonado,martingale,100.0,100000.0,50000.0,202,2,0.0,87400.0,87400.0,-12600.0
7421,Elaina Perry,martingale,100.0,100000.0,50000.0,454,2,0.0,108400.0,108400.0,8400.0
7422,Waylon Huynh,martingale,100.0,100000.0,50000.0,185,3,0.0,98000.0,98000.0,-2000.0
7423,Oaklee Lee,martingale,100.0,100000.0,50000.0,566,2,0.0,124300.0,124300.0,24300.0
7424,Jack Villa,martingale,100.0,100000.0,50000.0,169,1,0.0,58900.0,58900.0,-41100.0
7425,Johanna Calderon,martingale,100.0,100000.0,50000.0,298,1,0.0,66600.0,66600.0,-33400.0
7426,Oakley Beck,martingale,100.0,100000.0,50000.0,382,1,0.0,118700.0,118700.0,18700.0
7427,Gia Hobbs,martingale,100.0,100000.0,50000.0,552,1,0.0,121300.0,121300.0,21300.0
7428,Brendan Hines,martingale,100.0,100000.0,50000.0,558,1,0.0,126100.0,126100.0,26100.0
7429,Poppy Cordova,martingale,100.0,100000.0,50000.0,132,1,0.0,33400.0,33400.0,-66600.0
7430,Vicente Petersen,martingale,100.0,100000.0,50000.0,84,1,0.0,10200.0,10200.0,-89800.0
7431,Fernanda Barnes,martingale,100.0,100000.0,50000.0,595,2,0.0,115000.0,115000.0,15000.0
7432,Damian Lloyd,martingale,100.0,100000.0,50000.0,517,1,0.0,87600.0,87600.0,-12400.0
7433,Emely Hopkins,martingale,100.0,100000.0,50000.0,238,1,0.0,37200.0,37200.0,-62800.0
7434,Ali Lindsey,martingale,100.0,100000.0,50000.0,33,1,0.0,4700.0,4700.0,-95300.0
7435,Colette Rhodes,martingale,100.0,100000.0,50000.0,697,1,0.0,129900.0,129900.0,29900.0
7436,Titus Clarke,martingale,100.0,100000.0,50000.0,35,1,0.0,4000.0,4000.0,-96000.0
7437,Kaitlyn Vance,martingale,100.0,100000.0,50000.0,164,1,0.0,20800.0,20800.0,-79200.0
7438,Casen Hopkins,martingale,100.0,100000.0,50000.0,538,2,0.0,108200.0,108200.0,8200.0
7439,Gabriela Lester,martingale,100.0,100000.0,50000.0,370,2,0.0,84300.0,84300.0,-15700.0
7440,Lee Gilbert,martingale,100.0,100000.0,50000.0,271,2,0.0,100700.0,100700.0,700.0
7441,Jocelyn Campos,martingale,100.0,100000.0,50000.0,467,1,0.0,98900.0,98900.0,-1100.0
7442,Gideon Bowers,martingale,100.0,100000.0,50000.0,426,1,0.0,97200.0,97200.0,-2800.0
7443,Elisa Montes,martingale,100.0,100000.0,50000.0,281,1,0.0,48500.0,48500.0,-51500.0
7444,Darren Cameron,martingale,100.0,100000.0,50000.0,359,1,0.0,94400.0,94400.0,-5600.0
7445,Julie McCarthy,martingale,100.0,100000.0,50000.0,503,1,0.0,121000.0,121000.0,21000.0
7446,Devin Navarro,martingale,100.0,100000.0,50000.0,774,1,0.0,138500.0,138500.0,38500.0
7447,Winter Simpson,martingale,100.0,100000.0,50000.0,282,1,0.0,78400.0,78400.0,-21600.0
7448,Elliott Barber,martingale,100.0,100000.0,50000.0,430,1,0.0,79000.0,79000.0,-21000.0
7449,Cassidy Rangel,martingale,100.0,100000.0,50000.0,433,1,0.0,113200.0,113200.0,13200.0
7450,Saint Larson,martingale,100.0,100000.0,50000.0,297,2,0.0,62600.0,62600.0,-37400.0
7451,Alayna Singh,martingale,100.0,100000.0,50000.0,610,2,0.0,111800.0,111800.0,11800.0
7452,Louis Solis,martingale,100.0,100000.0,50000.0,472,1,0.0,98700.0,98700.0,-1300.0
7453,Miracle Taylor,martingale,100.0,100000.0,50000.0,520,2,0.0,122500.0,122500.0,22500.0
7454,Jackson Macias,martingale,100.0,100000.0,50000.0,496,1,0.0,116200.0,116200.0,16200.0
7455,Adley Cooper,martingale,100.0,100000.0,50000.0,344,1,0.0,97500.0,97500.0,-2500.0
7456,Jonathan Curtis,martingale,100.0,100000.0,50000.0,112,1,0.0,41900.0,41900.0,-58100.0
7457,Alexis Raymond,martingale,100.0,100000.0,50000.0,482,1,0.0,113000.0,113000.0,13000.0
7458,Maurice Griffith,martingale,100.0,100000.0,50000.0,274,1,0.0,57600.0,57600.0,-42400.0
7459,Alicia Petersen,martingale,100.0,100000.0,50000.0,804,1,0.0,134400.0,134400.0,34400.0
7460,Samson Chang,martingale,100.0,100000.0,50000.0,262,1,0.0,72500.0,72500.0,-27500.0
7461,Ophelia Ryan,martingale,100.0,100000.0,50000.0,118,2,0.0,75800.0,75800.0,-24200.0
7462,Timothy Noble,martingale,100.0,100000.0,50000.0,568,2,0.0,113100.0,113100.0,13100.0
7463,Hunter Huerta,martingale,100.0,100000.0,50000.0,269,3,0.0,66600.0,66600.0,-33400.0
7464,Douglas Maynard,martingale,100.0,100000.0,50000.0,384,1,0.0,94300.0,94300.0,-5700.0
7465,Carolyn Flowers,martingale,100.0,100000.0,50000.0,359,1,0.0,91400.0,91400.0,-8600.0
7466,Saul Good,martingale,100.0,100000.0,50000.0,534,2,0.0,113500.0,113500.0,13500.0
7467,Nathalia Keller,martingale,100.0,100000.0,50000.0,287,1,0.0,88600.0,88600.0,-11400.0
7468,Nico Deleon,martingale,100.0,100000.0,50000.0,504,2,0.0,121000.0,121000.0,21000.0
7469,Gabrielle Corona,martingale,100.0,100000.0,50000.0,74,1,0.0,18900.0,18900.0,-81100.0
7470,Darian Sloan,martingale,100.0,100000.0,50000.0,499,1,0.0,92100.0,92100.0,-7900.0
7471,Selene Ray,martingale,100.0,100000.0,50000.0,307,1,0.0,56700.0,56700.0,-43300.0
7472,Arlo Williamson,martingale,100.0,100000.0,50000.0,302,1,0.0,54800.0,54800.0,-45200.0
7473,Catherine Branch,martingale,100.0,100000.0,50000.0,552,1,0.0,113700.0,113700.0,13700.0
7474,Keenan Blair,martingale,100.0,100000.0,50000.0,281,1,0.0,110900.0,110900.0,10900.0
7475,Frances Hampton,martingale,100.0,100000.0,50000.0,440,2,0.0,111100.0,111100.0,11100.0
7476,Hank Palmer,martingale,100.0,100000.0,50000.0,419,1,0.0,114300.0,114300.0,14300.0
7477,Juniper Adkins,martingale,100.0,100000.0,50000.0,409,2,0.0,116000.0,116000.0,16000.0
7478,Kylo Zavala,martingale,100.0,100000.0,50000.0,562,1,0.0,118800.0,118800.0,18800.0
7479,Liv Bernard,martingale,100.0,100000.0,50000.0,376,2,0.0,95000.0,95000.0,-5000.0
7480,Jair Phelps,martingale,100.0,100000.0,50000.0,490,1,0.0,115900.0,115900.0,15900.0
7481,Laney Ferguson,martingale,100.0,100000.0,50000.0,439,2,0.0,100300.0,100300.0,300.0
7482,Miguel Pearson,martingale,100.0,100000.0,50000.0,231,1,0.0,50600.0,50600.0,-49400.0
7483,Kiara Scott,martingale,100.0,100000.0,50000.0,546,2,0.0,114000.0,114000.0,14000.0
7484,Leo Cano,martingale,100.0,100000.0,50000.0,593,1,0.0,121500.0,121500.0,21500.0
7485,Egypt Huynh,martingale,100.0,100000.0,50000.0,468,3,0.0,117100.0,117100.0,17100.0
7486,Layton Rose,martingale,100.0,100000.0,50000.0,547,2,0.0,125200.0,125200.0,25200.0
7487,Magnolia Thornton,martingale,100.0,100000.0,50000.0,335,2,0.0,99000.0,99000.0,-1000.0
7488,Malik Atkinson,martingale,100.0,100000.0,50000.0,341,1,0.0,76100.0,76100.0,-23900.0
7489,Jazmin Liu,martingale,100.0,100000.0,50000.0,178,1,0.0,67300.0,67300.0,-32700.0
7490,Pedro Frazier,martingale,100.0,100000.0,50000.0,141,1,0.0,50000.0,50000.0,-50000.0
7491,Octavia Anderson,martingale,100.0,100000.0,50000.0,217,1,0.0,93500.0,93500.0,-6500.0
7492,Jacob Bartlett,martingale,100.0,100000.0,50000.0,194,2,0.0,62900.0,62900.0,-37100.0
7493,Aubrielle Hahn,martingale,100.0,100000.0,50000.0,370,2,0.0,104600.0,104600.0,4600.0
7494,Kabir Charles,martingale,100.0,100000.0,50000.0,398,1,0.0,92600.0,92600.0,-7400.0
7495,Jenna Galindo,martingale,100.0,100000.0,50000.0,282,3,0.0,95000.0,95000.0,-5000.0
7496,Salvatore Everett,martingale,100.0,100000.0,50000.0,476,1,0.0,111200.0,111200.0,11200.0
7497,Noah Jimenez,martingale,100.0,100000.0,50000.0,160,1,0.0,27100.0,27100.0,-72900.0
7498,Silas Greene,martingale,100.0,100000.0,50000.0,384,2,0.0,109700.0,109700.0,9700.0
7499,Selena Berg,martingale,100.0,100000.0,50000.0,218,3,0.0,80900.0,80900.0,-19100.0
7500,Cayson Friedman,martingale,100.0,100000.0,50000.0,599,1,0.0,118200.0,118200.0,18200.0
7501,Aspyn Huff,martingale,100.0,100000.0,50000.0,460,4,0.0,112900.0,112900.0,12900.0
7502,Finnley Phillips,martingale,100.0,100000.0,50000.0,233,1,0.0,35900.0,35900.0,-64100.0
7503,Naomi Reid,martingale,100.0,100000.0,50000.0,379,2,0.0,116000.0,116000.0,16000.0
7504,Josue Craig,martingale,100.0,100000.0,50000.0,394,1,0.0,104700.0,104700.0,4700.0
7505,Brynn Santos,martingale,100.0,100000.0,50000.0,293,1,0.0,52600.0,52600.0,-47400.0
7506,Walker Velazquez,martingale,100.0,100000.0,50000.0,550,2,0.0,114300.0,114300.0,14300.0
7507,Jaliyah Henson,martingale,100.0,100000.0,50000.0,249,1,0.0,76200.0,76200.0,-23800.0
7508,Bellamy Chandler,martingale,100.0,100000.0,50000.0,543,2,0.0,114400.0,114400.0,14400.0
7509,Viviana Gallegos,martingale,100.0,100000.0,50000.0,487,2,0.0,121400.0,121400.0,21400.0
7510,Jonas Graves,martingale,100.0,100000.0,50000.0,411,1,0.0,107900.0,107900.0,7900.0
7511,Elle Crosby,martingale,100.0,100000.0,50000.0,288,1,0.0,110300.0,110300.0,10300.0
7512,Tristen Bernal,martingale,100.0,100000.0,50000.0,460,1,0.0,73700.0,73700.0,-26300.0
7513,Emmeline Weaver,martingale,100.0,100000.0,50000.0,365,3,0.0,117700.0,117700.0,17700.0
7514,Tucker Frederick,martingale,100.0,100000.0,50000.0,546,4,0.0,110700.0,110700.0,10700.0
7515,Sariyah Lester,martingale,100.0,100000.0,50000.0,294,3,0.0,95600.0,95600.0,-4400.0
7516,Lee Wilkerson,martingale,100.0,100000.0,50000.0,368,1,0.0,68400.0,68400.0,-31600.0
7517,Janiyah Castillo,martingale,100.0,100000.0,50000.0,351,3,0.0,109700.0,109700.0,9700.0
7518,Kai Everett,martingale,100.0,100000.0,50000.0,412,2,0.0,69800.0,69800.0,-30200.0
7519,Noah Ventura,martingale,100.0,100000.0,50000.0,370,1,0.0,109100.0,109100.0,9100.0
7520,Branson Bean,martingale,100.0,100000.0,50000.0,307,1,0.0,81700.0,81700.0,-18300.0
7521,Jenesis Bullock,martingale,100.0,100000.0,50000.0,544,1,0.0,105900.0,105900.0,5900.0
7522,Ben Guzman,martingale,100.0,100000.0,50000.0,356,2,0.0,114700.0,114700.0,14700.0
7523,Ashley Lowery,martingale,100.0,100000.0,50000.0,515,1,0.0,123800.0,123800.0,23800.0
7524,Jaxxon Osborne,martingale,100.0,100000.0,50000.0,601,1,0.0,116400.0,116400.0,16400.0
7525,Shelby Meadows,martingale,100.0,100000.0,50000.0,586,1,0.0,120600.0,120600.0,20600.0
7526,Wayne Kane,martingale,100.0,100000.0,50000.0,401,1,0.0,86800.0,86800.0,-13200.0
7527,Ellianna Espinosa,martingale,100.0,100000.0,50000.0,391,3,0.0,106300.0,106300.0,6300.0
7528,Khalid Pittman,martingale,100.0,100000.0,50000.0,405,1,0.0,89800.0,89800.0,-10200.0
7529,Marie Blackwell,martingale,100.0,100000.0,50000.0,269,1,0.0,55000.0,55000.0,-45000.0
7530,Marcellus Ford,martingale,100.0,100000.0,50000.0,358,3,0.0,87300.0,87300.0,-12700.0
7531,Alexandra Miller,martingale,100.0,100000.0,50000.0,743,1,0.0,135000.0,135000.0,35000.0
7532,Benjamin Patterson,martingale,100.0,100000.0,50000.0,431,2,0.0,105200.0,105200.0,5200.0
7533,Kaylee Marshall,martingale,100.0,100000.0,50000.0,353,1,0.0,96400.0,96400.0,-3600.0
7534,Kaiden Lloyd,martingale,100.0,100000.0,50000.0,444,2,0.0,121600.0,121600.0,21600.0
7535,Emely Newman,martingale,100.0,100000.0,50000.0,551,3,0.0,116500.0,116500.0,16500.0
7536,Anderson Guerra,martingale,100.0,100000.0,50000.0,489,1,0.0,121200.0,121200.0,21200.0
7537,Edith Hodges,martingale,100.0,100000.0,50000.0,252,1,0.0,51100.0,51100.0,-48900.0
7538,Alonzo Day,martingale,100.0,100000.0,50000.0,184,1,0.0,40400.0,40400.0,-59600.0
7539,Hayden Church,martingale,100.0,100000.0,50000.0,389,4,0.0,77000.0,77000.0,-23000.0
7540,Terrance Roy,martingale,100.0,100000.0,50000.0,506,2,0.0,113300.0,113300.0,13300.0
7541,Savanna Anderson,martingale,100.0,100000.0,50000.0,427,1,0.0,96300.0,96300.0,-3700.0
7542,Jacob Anderson,martingale,100.0,100000.0,50000.0,201,1,0.0,26100.0,26100.0,-73900.0
7543,Ella Cobb,martingale,100.0,100000.0,50000.0,643,2,0.0,131200.0,131200.0,31200.0
7544,Raphael Warren,martingale,100.0,100000.0,50000.0,434,1,0.0,100100.0,100100.0,100.0
7545,Sloane Haynes,martingale,100.0,100000.0,50000.0,191,1,0.0,61800.0,61800.0,-38200.0
7546,Kason Lloyd,martingale,100.0,100000.0,50000.0,85,1,0.0,16500.0,16500.0,-83500.0
7547,Emely Frank,martingale,100.0,100000.0,50000.0,304,3,0.0,106700.0,106700.0,6700.0
7548,Braylen Castro,martingale,100.0,100000.0,50000.0,14,1,0.0,800.0,800.0,-99200.0
7549,Eloise Fitzgerald,martingale,100.0,100000.0,50000.0,483,4,0.0,114100.0,114100.0,14100.0
7550,Peyton Moon,martingale,100.0,100000.0,50000.0,425,4,0.0,106100.0,106100.0,6100.0
7551,Naya Espinoza,martingale,100.0,100000.0,50000.0,632,1,0.0,124000.0,124000.0,24000.0
7552,Dallas Stein,martingale,100.0,100000.0,50000.0,692,3,0.0,131600.0,131600.0,31600.0
7553,Leilany Moreno,martingale,100.0,100000.0,50000.0,201,1,0.0,87100.0,87100.0,-12900.0
7554,Myles Wright,martingale,100.0,100000.0,50000.0,589,1,0.0,109200.0,109200.0,9200.0
7555,Lily Hahn,martingale,100.0,100000.0,50000.0,468,2,0.0,122300.0,122300.0,22300.0
7556,Kabir Preston,martingale,100.0,100000.0,50000.0,439,3,0.0,102900.0,102900.0,2900.0
7557,Indie Clarke,martingale,100.0,100000.0,50000.0,648,1,0.0,120400.0,120400.0,20400.0
7558,Stetson Ayala,martingale,100.0,100000.0,50000.0,472,2,0.0,115800.0,115800.0,15800.0
7559,Blair Jennings,martingale,100.0,100000.0,50000.0,477,1,0.0,112400.0,112400.0,12400.0
7560,Corbin Archer,martingale,100.0,100000.0,50000.0,439,1,0.0,84400.0,84400.0,-15600.0
7561,Kadence Golden,martingale,100.0,100000.0,50000.0,564,1,0.0,113500.0,113500.0,13500.0
7562,Amias Owens,martingale,100.0,100000.0,50000.0,473,1,0.0,120300.0,120300.0,20300.0
7563,Amaya Hanson,martingale,100.0,100000.0,50000.0,467,1,0.0,117600.0,117600.0,17600.0
7564,Khalil Merritt,martingale,100.0,100000.0,50000.0,447,3,0.0,101400.0,101400.0,1400.0
7565,Kaisley Leach,martingale,100.0,100000.0,50000.0,651,1,0.0,123200.0,123200.0,23200.0
7566,Westin Ashley,martingale,100.0,100000.0,50000.0,517,1,0.0,121900.0,121900.0,21900.0
7567,Khalani Henson,martingale,100.0,100000.0,50000.0,28,1,0.0,3400.0,3400.0,-96600.0
7568,Bellamy Schwartz,martingale,100.0,100000.0,50000.0,338,1,0.0,84800.0,84800.0,-15200.0
7569,Lilliana Cruz,martingale,100.0,100000.0,50000.0,555,3,0.0,120900.0,120900.0,20900.0
7570,Ryan Frye,martingale,100.0,100000.0,50000.0,524,1,0.0,125500.0,125500.0,25500.0
7571,Raya Morrison,martingale,100.0,100000.0,50000.0,52,1,0.0,5200.0,5200.0,-94800.0
7572,Maximus Hancock,martingale,100.0,100000.0,50000.0,673,1,0.0,132000.0,132000.0,32000.0
7573,Katelyn Briggs,martingale,100.0,100000.0,50000.0,691,2,0.0,130200.0,130200.0,30200.0
7574,Case Wilson,martingale,100.0,100000.0,50000.0,747,3,0.0,130400.0,130400.0,30400.0
7575,Luna French,martingale,100.0,100000.0,50000.0,415,2,0.0,117100.0,117100.0,17100.0
7576,Corey Enriquez,martingale,100.0,100000.0,50000.0,605,1,0.0,125800.0,125800.0,25800.0
7577,Nellie McDonald,martingale,100.0,100000.0,50000.0,567,2,0.0,122200.0,122200.0,22200.0
7578,Calvin Pace,martingale,100.0,100000.0,50000.0,223,1,0.0,50200.0,50200.0,-49800.0
7579,Giana Warren,martingale,100.0,100000.0,50000.0,453,3,0.0,115200.0,115200.0,15200.0
7580,Abel Livingston,martingale,100.0,100000.0,50000.0,519,1,0.0,125500.0,125500.0,25500.0
7581,Milena Middleton,martingale,100.0,100000.0,50000.0,371,1,0.0,85000.0,85000.0,-15000.0
7582,Misael Wheeler,martingale,100.0,100000.0,50000.0,145,1,0.0,19600.0,19600.0,-80400.0
7583,Sydney Truong,martingale,100.0,100000.0,50000.0,430,1,0.0,74000.0,74000.0,-26000.0
7584,Ayan David,martingale,100.0,100000.0,50000.0,130,2,0.0,65000.0,65000.0,-35000.0
7585,Haylee Tyler,martingale,100.0,100000.0,50000.0,260,4,0.0,67600.0,67600.0,-32400.0
7586,Emmitt Brandt,martingale,100.0,100000.0,50000.0,486,4,0.0,106600.0,106600.0,6600.0
7587,Loretta Truong,martingale,100.0,100000.0,50000.0,469,2,0.0,111200.0,111200.0,11200.0
7588,Ayan Goodwin,martingale,100.0,100000.0,50000.0,450,2,0.0,118600.0,118600.0,18600.0
7589,Shiloh Jackson,martingale,100.0,100000.0,50000.0,331,2,0.0,96000.0,96000.0,-4000.0
7590,Sebastian Meadows,martingale,100.0,100000.0,50000.0,526,4,0.0,122500.0,122500.0,22500.0
7591,Pearl Bravo,martingale,100.0,100000.0,50000.0,532,1,0.0,118500.0,118500.0,18500.0
7592,Genesis Winters,martingale,100.0,100000.0,50000.0,671,2,0.0,127400.0,127400.0,27400.0
7593,Kataleya Howard,martingale,100.0,100000.0,50000.0,469,1,0.0,122000.0,122000.0,22000.0
7594,Jeremiah Gates,martingale,100.0,100000.0,50000.0,337,1,0.0,73700.0,73700.0,-26300.0
7595,Melina Lowe,martingale,100.0,100000.0,50000.0,747,1,0.0,132500.0,132500.0,32500.0
7596,Julius Tang,martingale,100.0,100000.0,50000.0,333,1,0.0,83600.0,83600.0,-16400.0
7597,Belle Porter,martingale,100.0,100000.0,50000.0,302,2,0.0,71100.0,71100.0,-28900.0
7598,Rhett Schultz,martingale,100.0,100000.0,50000.0,368,1,0.0,80700.0,80700.0,-19300.0
7599,Briella Holmes,martingale,100.0,100000.0,50000.0,60,1,0.0,6700.0,6700.0,-93300.0
7600,King Dyer,martingale,100.0,100000.0,50000.0,576,1,0.0,122000.0,122000.0,22000.0
7601,Estrella O’brien,martingale,100.0,100000.0,50000.0,554,3,0.0,124800.0,124800.0,24800.0
7602,Riley Hicks,martingale,100.0,100000.0,50000.0,292,1,0.0,81800.0,81800.0,-18200.0
7603,Alina Green,martingale,100.0,100000.0,50000.0,472,1,0.0,118800.0,118800.0,18800.0
7604,Anthony Moore,martingale,100.0,100000.0,50000.0,389,1,0.0,115300.0,115300.0,15300.0
7605,Emily Shepard,martingale,100.0,100000.0,50000.0,287,1,0.0,74700.0,74700.0,-25300.0
7606,Damari Manning,martingale,100.0,100000.0,50000.0,21,1,0.0,1300.0,1300.0,-98700.0
7607,Jennifer Moon,martingale,100.0,100000.0,50000.0,167,1,0.0,29100.0,29100.0,-70900.0
7608,Nova Dodson,martingale,100.0,100000.0,50000.0,607,1,0.0,117200.0,117200.0,17200.0
7609,Etta Shepard,martingale,100.0,100000.0,50000.0,386,1,0.0,110600.0,110600.0,10600.0
7610,Damari Zimmerman,martingale,100.0,100000.0,50000.0,466,2,0.0,116700.0,116700.0,16700.0
7611,Ariyah Brewer,martingale,100.0,100000.0,50000.0,552,1,0.0,119300.0,119300.0,19300.0
7612,Cruz Banks,martingale,100.0,100000.0,50000.0,522,1,0.0,122800.0,122800.0,22800.0
7613,Cali Morrow,martingale,100.0,100000.0,50000.0,369,1,0.0,91100.0,91100.0,-8900.0
7614,Kyree Zamora,martingale,100.0,100000.0,50000.0,383,4,0.0,84100.0,84100.0,-15900.0
7615,Sierra Sanchez,martingale,100.0,100000.0,50000.0,329,1,0.0,110600.0,110600.0,10600.0
7616,Joseph Galvan,martingale,100.0,100000.0,50000.0,308,1,0.0,93200.0,93200.0,-6800.0
7617,Dallas Calhoun,martingale,100.0,100000.0,50000.0,609,1,0.0,114500.0,114500.0,14500.0
7618,Gary Roberson,martingale,100.0,100000.0,50000.0,48,1,0.0,5300.0,5300.0,-94700.0
7619,Sasha Clarke,martingale,100.0,100000.0,50000.0,415,1,0.0,111200.0,111200.0,11200.0
7620,Stetson Wong,martingale,100.0,100000.0,50000.0,362,4,0.0,96800.0,96800.0,-3200.0
7621,Adelaide Wilson,martingale,100.0,100000.0,50000.0,417,3,0.0,114100.0,114100.0,14100.0
7622,Daniel Coleman,martingale,100.0,100000.0,50000.0,329,3,0.0,74500.0,74500.0,-25500.0
7623,Julia Allison,martingale,100.0,100000.0,50000.0,687,1,0.0,134500.0,134500.0,34500.0
7624,Dennis Shannon,martingale,100.0,100000.0,50000.0,204,1,0.0,40000.0,40000.0,-60000.0
7625,Harlee Ventura,martingale,100.0,100000.0,50000.0,181,1,0.0,46100.0,46100.0,-53900.0
7626,Branson Ward,martingale,100.0,100000.0,50000.0,314,1,0.0,112900.0,112900.0,12900.0
7627,Ariana Simon,martingale,100.0,100000.0,50000.0,556,1,0.0,119700.0,119700.0,19700.0
7628,Zayne Gilbert,martingale,100.0,100000.0,50000.0,671,2,0.0,129800.0,129800.0,29800.0
7629,Jocelyn Gross,martingale,100.0,100000.0,50000.0,455,1,0.0,98600.0,98600.0,-1400.0
7630,Quinn Atkins,martingale,100.0,100000.0,50000.0,177,3,0.0,60800.0,60800.0,-39200.0
7631,Mina Villarreal,martingale,100.0,100000.0,50000.0,186,3,0.0,70000.0,70000.0,-30000.0
7632,Nikolai Kirk,martingale,100.0,100000.0,50000.0,425,3,0.0,112500.0,112500.0,12500.0
7633,Ellis Palmer,martingale,100.0,100000.0,50000.0,268,1,0.0,84400.0,84400.0,-15600.0
7634,Theo Woodard,martingale,100.0,100000.0,50000.0,201,1,0.0,34700.0,34700.0,-65300.0
7635,Aubrie Lang,martingale,100.0,100000.0,50000.0,409,1,0.0,94500.0,94500.0,-5500.0
7636,Wells Long,martingale,100.0,100000.0,50000.0,770,1,0.0,125700.0,125700.0,25700.0
7637,Jade Leal,martingale,100.0,100000.0,50000.0,372,2,0.0,103100.0,103100.0,3100.0
7638,Cedric Walters,martingale,100.0,100000.0,50000.0,389,3,0.0,92900.0,92900.0,-7100.0
7639,Samara Potts,martingale,100.0,100000.0,50000.0,398,3,0.0,102200.0,102200.0,2200.0
7640,Alfred White,martingale,100.0,100000.0,50000.0,394,4,0.0,96100.0,96100.0,-3900.0
7641,Layla Ashley,martingale,100.0,100000.0,50000.0,691,1,0.0,133100.0,133100.0,33100.0
7642,Kylen Good,martingale,100.0,100000.0,50000.0,162,1,0.0,57800.0,57800.0,-42200.0
7643,Nathalia O’Neal,martingale,100.0,100000.0,50000.0,244,3,0.0,84100.0,84100.0,-15900.0
7644,Eddie McClure,martingale,100.0,100000.0,50000.0,146,1,0.0,22100.0,22100.0,-77900.0
7645,Estella Swanson,martingale,100.0,100000.0,50000.0,235,3,0.0,82500.0,82500.0,-17500.0
7646,Hugo Wells,martingale,100.0,100000.0,50000.0,341,2,0.0,98800.0,98800.0,-1200.0
7647,Cecilia Morris,martingale,100.0,100000.0,50000.0,286,2,0.0,94600.0,94600.0,-5400.0
7648,Christian Larsen,martingale,100.0,100000.0,50000.0,473,1,0.0,109300.0,109300.0,9300.0
7649,Xiomara West,martingale,100.0,100000.0,50000.0,727,1,0.0,132200.0,132200.0,32200.0
7650,Diego Olsen,martingale,100.0,100000.0,50000.0,284,1,0.0,93800.0,93800.0,-6200.0
7651,Oaklyn Roy,martingale,100.0,100000.0,50000.0,359,1,0.0,69600.0,69600.0,-30400.0
7652,Marcelo Dawson,martingale,100.0,100000.0,50000.0,672,1,0.0,127300.0,127300.0,27300.0
7653,Veronica McCoy,martingale,100.0,100000.0,50000.0,409,1,0.0,89300.0,89300.0,-10700.0
7654,Jett Huang,martingale,100.0,100000.0,50000.0,325,0,0.0,111400.0,111400.0,11400.0
7655,Francesca Bender,martingale,100.0,100000.0,50000.0,561,2,0.0,128200.0,128200.0,28200.0
7656,Zavier Duffy,martingale,100.0,100000.0,50000.0,319,1,0.0,99000.0,99000.0,-1000.0
7657,Addisyn Glass,martingale,100.0,100000.0,50000.0,393,1,0.0,99800.0,99800.0,-200.0
7658,Allan Steele,martingale,100.0,100000.0,50000.0,454,2,0.0,119700.0,119700.0,19700.0
7659,Rylie Drake,martingale,100.0,100000.0,50000.0,455,2,0.0,115200.0,115200.0,15200.0
7660,Jalen Daniels,martingale,100.0,100000.0,50000.0,372,1,0.0,61400.0,61400.0,-38600.0
7661,Ember Long,martingale,100.0,100000.0,50000.0,517,2,0.0,117100.0,117100.0,17100.0
7662,Jace Ray,martingale,100.0,100000.0,50000.0,596,1,0.0,126200.0,126200.0,26200.0
7663,Ruth Cunningham,martingale,100.0,100000.0,50000.0,438,1,0.0,104200.0,104200.0,4200.0
7664,Alejandro Wise,martingale,100.0,100000.0,50000.0,734,1,0.0,134700.0,134700.0,34700.0
7665,Mira Ayers,martingale,100.0,100000.0,50000.0,684,3,0.0,127800.0,127800.0,27800.0
7666,Ulises Hudson,martingale,100.0,100000.0,50000.0,383,1,0.0,96200.0,96200.0,-3800.0
7667,Kamila Patterson,martingale,100.0,100000.0,50000.0,460,1,0.0,120500.0,120500.0,20500.0
7668,Amir Chan,martingale,100.0,100000.0,50000.0,114,1,0.0,20700.0,20700.0,-79300.0
7669,Hattie Smith,martingale,100.0,100000.0,50000.0,709,1,0.0,136900.0,136900.0,36900.0
7670,Liam Burke,martingale,100.0,100000.0,50000.0,510,3,0.0,106900.0,106900.0,6900.0
7671,Vera Truong,martingale,100.0,100000.0,50000.0,468,1,0.0,118600.0,118600.0,18600.0
7672,Ayan Dennis,martingale,100.0,100000.0,50000.0,303,1,0.0,91500.0,91500.0,-8500.0
7673,Maisie Ford,martingale,100.0,100000.0,50000.0,403,2,0.0,97100.0,97100.0,-2900.0
7674,Luis Giles,martingale,100.0,100000.0,50000.0,485,3,0.0,113300.0,113300.0,13300.0
7675,Bailee Bravo,martingale,100.0,100000.0,50000.0,553,2,0.0,114900.0,114900.0,14900.0
7676,Genesis O’Connell,martingale,100.0,100000.0,50000.0,475,1,0.0,115100.0,115100.0,15100.0
7677,Jillian Ellison,martingale,100.0,100000.0,50000.0,542,2,0.0,119300.0,119300.0,19300.0
7678,Kye Acevedo,martingale,100.0,100000.0,50000.0,245,1,0.0,73100.0,73100.0,-26900.0
7679,Ashlynn Moore,martingale,100.0,100000.0,50000.0,589,1,0.0,129500.0,129500.0,29500.0
7680,Levi Rivas,martingale,100.0,100000.0,50000.0,451,1,0.0,115700.0,115700.0,15700.0
7681,Averie Mata,martingale,100.0,100000.0,50000.0,355,2,0.0,73000.0,73000.0,-27000.0
7682,Ray Vang,martingale,100.0,100000.0,50000.0,491,2,0.0,120600.0,120600.0,20600.0
7683,Madisyn Howe,martingale,100.0,100000.0,50000.0,627,1,0.0,129600.0,129600.0,29600.0
7684,Alaric Lugo,martingale,100.0,100000.0,50000.0,318,2,0.0,96500.0,96500.0,-3500.0
7685,Kaylie Hoffman,martingale,100.0,100000.0,50000.0,540,1,0.0,118600.0,118600.0,18600.0
7686,Steven Dean,martingale,100.0,100000.0,50000.0,151,1,0.0,38300.0,38300.0,-61700.0
7687,Julianna Huang,martingale,100.0,100000.0,50000.0,526,1,0.0,103300.0,103300.0,3300.0
7688,Ayaan Banks,martingale,100.0,100000.0,50000.0,628,2,0.0,129200.0,129200.0,29200.0
7689,Cali Krueger,martingale,100.0,100000.0,50000.0,503,1,0.0,109300.0,109300.0,9300.0
7690,Jones Wallace,martingale,100.0,100000.0,50000.0,360,3,0.0,98100.0,98100.0,-1900.0
7691,Arianna Spears,martingale,100.0,100000.0,50000.0,220,2,0.0,83700.0,83700.0,-16300.0
7692,Ameer Rodgers,martingale,100.0,100000.0,50000.0,617,0,0.0,128400.0,128400.0,28400.0
7693,Selah Colon,martingale,100.0,100000.0,50000.0,58,1,0.0,6900.0,6900.0,-93100.0
7694,Bruce Phillips,martingale,100.0,100000.0,50000.0,357,1,0.0,60600.0,60600.0,-39400.0
7695,Naomi Tyler,martingale,100.0,100000.0,50000.0,485,2,0.0,122400.0,122400.0,22400.0
7696,Emmitt Russo,martingale,100.0,100000.0,50000.0,496,2,0.0,116900.0,116900.0,16900.0
7697,Tinsley Hull,martingale,100.0,100000.0,50000.0,295,1,0.0,77900.0,77900.0,-22100.0
7698,Salem Anderson,martingale,100.0,100000.0,50000.0,596,2,0.0,128600.0,128600.0,28600.0
7699,Ella Krueger,martingale,100.0,100000.0,50000.0,302,1,0.0,68700.0,68700.0,-31300.0
7700,Jones Faulkner,martingale,100.0,100000.0,50000.0,742,2,0.0,130300.0,130300.0,30300.0
7701,Ansley Briggs,martingale,100.0,100000.0,50000.0,192,1,0.0,71300.0,71300.0,-28700.0
7702,Case Martin,martingale,100.0,100000.0,50000.0,622,1,0.0,130700.0,130700.0,30700.0
7703,Mila Spence,martingale,100.0,100000.0,50000.0,222,2,0.0,80100.0,80100.0,-19900.0
7704,Cillian Morgan,martingale,100.0,100000.0,50000.0,624,1,0.0,128200.0,128200.0,28200.0
7705,Delilah Harris,martingale,100.0,100000.0,50000.0,482,1,0.0,121500.0,121500.0,21500.0
7706,Samuel Golden,martingale,100.0,100000.0,50000.0,339,1,0.0,60600.0,60600.0,-39400.0
7707,Giuliana Ventura,martingale,100.0,100000.0,50000.0,623,1,0.0,123800.0,123800.0,23800.0
7708,Branson Conway,martingale,100.0,100000.0,50000.0,416,3,0.0,98900.0,98900.0,-1100.0
7709,Ryann O’Donnell,martingale,100.0,100000.0,50000.0,501,3,0.0,116000.0,116000.0,16000.0
7710,Lian Rojas,martingale,100.0,100000.0,50000.0,66,1,0.0,10500.0,10500.0,-89500.0
7711,Adaline Booth,martingale,100.0,100000.0,50000.0,423,1,0.0,88400.0,88400.0,-11600.0
7712,Chaim Bullock,martingale,100.0,100000.0,50000.0,234,1,0.0,95100.0,95100.0,-4900.0
7713,Winnie Valentine,martingale,100.0,100000.0,50000.0,666,2,0.0,130900.0,130900.0,30900.0
7714,Demetrius Crosby,martingale,100.0,100000.0,50000.0,620,2,0.0,116400.0,116400.0,16400.0
7715,Keily Sherman,martingale,100.0,100000.0,50000.0,513,1,0.0,121800.0,121800.0,21800.0
7716,Adan Daniel,martingale,100.0,100000.0,50000.0,378,1,0.0,106900.0,106900.0,6900.0
7717,Joy Hess,martingale,100.0,100000.0,50000.0,450,1,0.0,115900.0,115900.0,15900.0
7718,Lawrence Arroyo,martingale,100.0,100000.0,50000.0,262,3,0.0,105800.0,105800.0,5800.0
7719,Kyra Horn,martingale,100.0,100000.0,50000.0,581,4,0.0,119200.0,119200.0,19200.0
7720,Wilson Gray,martingale,100.0,100000.0,50000.0,516,2,0.0,120700.0,120700.0,20700.0
7721,Sarah Aguilar,martingale,100.0,100000.0,50000.0,485,2,0.0,118700.0,118700.0,18700.0
7722,Milo Randall,martingale,100.0,100000.0,50000.0,708,1,0.0,131100.0,131100.0,31100.0
7723,Christina Christensen,martingale,100.0,100000.0,50000.0,422,2,0.0,118100.0,118100.0,18100.0
7724,Gregory Lang,martingale,100.0,100000.0,50000.0,368,0,0.0,116600.0,116600.0,16600.0
7725,Amirah Walton,martingale,100.0,100000.0,50000.0,516,2,0.0,122200.0,122200.0,22200.0
7726,Dominick Good,martingale,100.0,100000.0,50000.0,154,1,0.0,24400.0,24400.0,-75600.0
7727,Nathalia Cherry,martingale,100.0,100000.0,50000.0,584,2,0.0,102900.0,102900.0,2900.0
7728,Rome Parks,martingale,100.0,100000.0,50000.0,355,1,0.0,108500.0,108500.0,8500.0
7729,Ainsley Haynes,martingale,100.0,100000.0,50000.0,183,1,0.0,47200.0,47200.0,-52800.0
7730,Kason Ahmed,martingale,100.0,100000.0,50000.0,373,2,0.0,68600.0,68600.0,-31400.0
7731,Jolie Moses,martingale,100.0,100000.0,50000.0,439,1,0.0,86700.0,86700.0,-13300.0
7732,Niklaus Velasquez,martingale,100.0,100000.0,50000.0,546,1,0.0,126500.0,126500.0,26500.0
7733,Esme Wilkins,martingale,100.0,100000.0,50000.0,830,1,0.0,140900.0,140900.0,40900.0
7734,Yusuf Rocha,martingale,100.0,100000.0,50000.0,420,2,0.0,95200.0,95200.0,-4800.0
7735,Emmie Rocha,martingale,100.0,100000.0,50000.0,537,1,0.0,120100.0,120100.0,20100.0
7736,Onyx Pittman,martingale,100.0,100000.0,50000.0,653,1,0.0,132800.0,132800.0,32800.0
7737,Marie Allison,martingale,100.0,100000.0,50000.0,499,3,0.0,122800.0,122800.0,22800.0
7738,Dennis Crosby,martingale,100.0,100000.0,50000.0,107,1,0.0,14600.0,14600.0,-85400.0
7739,Keily Fernandez,martingale,100.0,100000.0,50000.0,316,1,0.0,74100.0,74100.0,-25900.0
7740,Bentley Hill,martingale,100.0,100000.0,50000.0,60,1,0.0,26000.0,26000.0,-74000.0
7741,Hannah Blake,martingale,100.0,100000.0,50000.0,315,3,0.0,91700.0,91700.0,-8300.0
7742,Zyaire Johns,martingale,100.0,100000.0,50000.0,411,4,0.0,116600.0,116600.0,16600.0
7743,Giovanna Garrison,martingale,100.0,100000.0,50000.0,355,2,0.0,105400.0,105400.0,5400.0
7744,Noe Martinez,martingale,100.0,100000.0,50000.0,229,2,0.0,77700.0,77700.0,-22300.0
7745,Harper Walter,martingale,100.0,100000.0,50000.0,556,1,0.0,117400.0,117400.0,17400.0
7746,Lochlan Powell,martingale,100.0,100000.0,50000.0,433,2,0.0,117800.0,117800.0,17800.0
7747,Vivian Thomas,martingale,100.0,100000.0,50000.0,105,1,0.0,17200.0,17200.0,-82800.0
7748,Logan Moran,martingale,100.0,100000.0,50000.0,390,2,0.0,99400.0,99400.0,-600.0
7749,Celeste Church,martingale,100.0,100000.0,50000.0,596,2,0.0,128800.0,128800.0,28800.0
7750,Terrance Barr,martingale,100.0,100000.0,50000.0,213,2,0.0,83500.0,83500.0,-16500.0
7751,Noemi Arroyo,martingale,100.0,100000.0,50000.0,862,2,0.0,142300.0,142300.0,42300.0
7752,Alberto Dyer,martingale,100.0,100000.0,50000.0,431,3,0.0,73400.0,73400.0,-26600.0
7753,Estrella Brooks,martingale,100.0,100000.0,50000.0,434,1,0.0,111700.0,111700.0,11700.0
7754,Jordan Gibson,martingale,100.0,100000.0,50000.0,354,1,0.0,67300.0,67300.0,-32700.0
7755,Eden Miles,martingale,100.0,100000.0,50000.0,319,1,0.0,91400.0,91400.0,-8600.0
7756,Jared Duffy,martingale,100.0,100000.0,50000.0,397,1,0.0,113100.0,113100.0,13100.0
7757,Addisyn Page,martingale,100.0,100000.0,50000.0,215,1,0.0,63500.0,63500.0,-36500.0
7758,Pablo Christensen,martingale,100.0,100000.0,50000.0,399,1,0.0,98200.0,98200.0,-1800.0
7759,Carmen Rodgers,martingale,100.0,100000.0,50000.0,207,1,0.0,42100.0,42100.0,-57900.0
7760,Mathias Cortez,martingale,100.0,100000.0,50000.0,10,1,0.0,0.0,0.0,-100000.0
7761,Haven Hodge,martingale,100.0,100000.0,50000.0,528,3,0.0,119900.0,119900.0,19900.0
7762,Reign Molina,martingale,100.0,100000.0,50000.0,612,3,0.0,129300.0,129300.0,29300.0
7763,Alexandria Gould,martingale,100.0,100000.0,50000.0,495,1,0.0,107700.0,107700.0,7700.0
7764,Blaine Benjamin,martingale,100.0,100000.0,50000.0,590,2,0.0,126500.0,126500.0,26500.0
7765,Jianna Berg,martingale,100.0,100000.0,50000.0,540,1,0.0,94000.0,94000.0,-6000.0
7766,Cayson Calhoun,martingale,100.0,100000.0,50000.0,425,3,0.0,119000.0,119000.0,19000.0
7767,Thalia Sherman,martingale,100.0,100000.0,50000.0,372,2,0.0,74600.0,74600.0,-25400.0
7768,Adan Schwartz,martingale,100.0,100000.0,50000.0,813,4,0.0,139200.0,139200.0,39200.0
7769,Lilliana Wheeler,martingale,100.0,100000.0,50000.0,798,2,0.0,140500.0,140500.0,40500.0
7770,Kenneth Sellers,martingale,100.0,100000.0,50000.0,654,2,0.0,124800.0,124800.0,24800.0
7771,Mercy Perez,martingale,100.0,100000.0,50000.0,425,1,0.0,108400.0,108400.0,8400.0
7772,Owen Booker,martingale,100.0,100000.0,50000.0,23,1,0.0,1400.0,1400.0,-98600.0
7773,Nataly Chen,martingale,100.0,100000.0,50000.0,587,2,0.0,127800.0,127800.0,27800.0
7774,Emmanuel Bennett,martingale,100.0,100000.0,50000.0,330,2,0.0,93300.0,93300.0,-6700.0
7775,Josephine Blair,martingale,100.0,100000.0,50000.0,461,2,0.0,118300.0,118300.0,18300.0
7776,Troy Portillo,martingale,100.0,100000.0,50000.0,284,2,0.0,106600.0,106600.0,6600.0
7777,Nathalie Hale,martingale,100.0,100000.0,50000.0,412,2,0.0,117500.0,117500.0,17500.0
7778,Ezequiel Cobb,martingale,100.0,100000.0,50000.0,24,1,0.0,1500.0,1500.0,-98500.0
7779,Aviana Jarvis,martingale,100.0,100000.0,50000.0,626,1,0.0,119500.0,119500.0,19500.0
7780,Marlon Barton,martingale,100.0,100000.0,50000.0,451,3,0.0,114500.0,114500.0,14500.0
7781,Danna Lindsey,martingale,100.0,100000.0,50000.0,379,2,0.0,95600.0,95600.0,-4400.0
7782,Jayson Anderson,martingale,100.0,100000.0,50000.0,328,1,0.0,74400.0,74400.0,-25600.0
7783,Ella Wong,martingale,100.0,100000.0,50000.0,285,2,0.0,86700.0,86700.0,-13300.0
7784,Walter Wilkins,martingale,100.0,100000.0,50000.0,346,2,0.0,112700.0,112700.0,12700.0
7785,Amalia McFarland,martingale,100.0,100000.0,50000.0,465,3,0.0,110900.0,110900.0,10900.0
7786,Dane Bridges,martingale,100.0,100000.0,50000.0,497,1,0.0,72600.0,72600.0,-27400.0
7787,Elora Blackwell,martingale,100.0,100000.0,50000.0,483,2,0.0,115100.0,115100.0,15100.0
7788,Marcellus Lynn,martingale,100.0,100000.0,50000.0,536,3,0.0,126100.0,126100.0,26100.0
7789,Samira Dougherty,martingale,100.0,100000.0,50000.0,349,1,0.0,93400.0,93400.0,-6600.0
7790,Brett Ventura,martingale,100.0,100000.0,50000.0,319,1,0.0,82700.0,82700.0,-17300.0
7791,Zora Perez,martingale,100.0,100000.0,50000.0,677,2,0.0,132700.0,132700.0,32700.0
7792,Owen Diaz,martingale,100.0,100000.0,50000.0,541,2,0.0,102000.0,102000.0,2000.0
7793,Elena Hall,martingale,100.0,100000.0,50000.0,408,2,0.0,113500.0,113500.0,13500.0
7794,Thomas Chen,martingale,100.0,100000.0,50000.0,600,1,0.0,117900.0,117900.0,17900.0
7795,Valeria Wright,martingale,100.0,100000.0,50000.0,40,1,0.0,4500.0,4500.0,-95500.0
7796,Grayson Merritt,martingale,100.0,100000.0,50000.0,532,2,0.0,121400.0,121400.0,21400.0
7797,Kaisley Ryan,martingale,100.0,100000.0,50000.0,728,1,0.0,125800.0,125800.0,25800.0
7798,Timothy David,martingale,100.0,100000.0,50000.0,308,1,0.0,71100.0,71100.0,-28900.0
7799,Haylee Nichols,martingale,100.0,100000.0,50000.0,447,1,0.0,114000.0,114000.0,14000.0
7800,Atlas Velasquez,martingale,100.0,100000.0,50000.0,354,1,0.0,94000.0,94000.0,-6000.0
7801,Esme Erickson,martingale,100.0,100000.0,50000.0,604,1,0.0,130000.0,130000.0,30000.0
7802,Johnny Short,martingale,100.0,100000.0,50000.0,565,1,0.0,127000.0,127000.0,27000.0
7803,Cheyenne Knox,martingale,100.0,100000.0,50000.0,664,1,0.0,130000.0,130000.0,30000.0
7804,Valentin Carrillo,martingale,100.0,100000.0,50000.0,530,1,0.0,124400.0,124400.0,24400.0
7805,Kaylani Hull,martingale,100.0,100000.0,50000.0,457,2,0.0,111100.0,111100.0,11100.0
7806,Salem Reid,martingale,100.0,100000.0,50000.0,524,2,0.0,113200.0,113200.0,13200.0
7807,Charlee Taylor,martingale,100.0,100000.0,50000.0,200,3,0.0,74700.0,74700.0,-25300.0
7808,Jackson Hahn,martingale,100.0,100000.0,50000.0,554,2,0.0,112400.0,112400.0,12400.0
7809,Fallon Skinner,martingale,100.0,100000.0,50000.0,261,2,0.0,64000.0,64000.0,-36000.0
7810,Ridge Norton,martingale,100.0,100000.0,50000.0,332,2,0.0,80200.0,80200.0,-19800.0
7811,Kylee Shepard,martingale,100.0,100000.0,50000.0,471,1,0.0,79300.0,79300.0,-20700.0
7812,Damari Dunn,martingale,100.0,100000.0,50000.0,489,1,0.0,118800.0,118800.0,18800.0
7813,Olive Bradley,martingale,100.0,100000.0,50000.0,340,1,0.0,79900.0,79900.0,-20100.0
7814,Richard Johnston,martingale,100.0,100000.0,50000.0,592,1,0.0,111500.0,111500.0,11500.0
7815,Laila Lawrence,martingale,100.0,100000.0,50000.0,388,2,0.0,72000.0,72000.0,-28000.0
7816,Kaleb Simmons,martingale,100.0,100000.0,50000.0,541,1,0.0,92100.0,92100.0,-7900.0
7817,Reagan Washington,martingale,100.0,100000.0,50000.0,674,3,0.0,130700.0,130700.0,30700.0
7818,Juan Hodge,martingale,100.0,100000.0,50000.0,129,3,0.0,59800.0,59800.0,-40200.0
7819,Coraline Mays,martingale,100.0,100000.0,50000.0,461,3,0.0,109700.0,109700.0,9700.0
7820,Jadiel Marshall,martingale,100.0,100000.0,50000.0,345,0,0.0,91300.0,91300.0,-8700.0
7821,Adalyn Kirk,martingale,100.0,100000.0,50000.0,566,1,0.0,121300.0,121300.0,21300.0
7822,Alessandro Nash,martingale,100.0,100000.0,50000.0,499,2,0.0,123000.0,123000.0,23000.0
7823,Novah Hodges,martingale,100.0,100000.0,50000.0,529,1,0.0,116300.0,116300.0,16300.0
7824,Alonzo Matthews,martingale,100.0,100000.0,50000.0,485,2,0.0,106100.0,106100.0,6100.0
7825,Lila Welch,martingale,100.0,100000.0,50000.0,254,1,0.0,78300.0,78300.0,-21700.0
7826,Hendrix Howe,martingale,100.0,100000.0,50000.0,459,1,0.0,96600.0,96600.0,-3400.0
7827,Persephone York,martingale,100.0,100000.0,50000.0,412,1,0.0,112800.0,112800.0,12800.0
7828,Leandro Holloway,martingale,100.0,100000.0,50000.0,79,1,0.0,22200.0,22200.0,-77800.0
7829,Mae Raymond,martingale,100.0,100000.0,50000.0,464,3,0.0,118200.0,118200.0,18200.0
7830,Maurice Nicholson,martingale,100.0,100000.0,50000.0,259,1,0.0,37600.0,37600.0,-62400.0
7831,Justice McLean,martingale,100.0,100000.0,50000.0,261,1,0.0,86000.0,86000.0,-14000.0
7832,Crosby Koch,martingale,100.0,100000.0,50000.0,92,1,0.0,11900.0,11900.0,-88100.0
7833,Milana Estes,martingale,100.0,100000.0,50000.0,469,1,0.0,101900.0,101900.0,1900.0
7834,Hakeem Reed,martingale,100.0,100000.0,50000.0,523,1,0.0,115700.0,115700.0,15700.0
7835,Valentina Campbell,martingale,100.0,100000.0,50000.0,359,1,0.0,89000.0,89000.0,-11000.0
7836,Christopher Wilcox,martingale,100.0,100000.0,50000.0,313,2,0.0,86800.0,86800.0,-13200.0
7837,Ashlyn Moody,martingale,100.0,100000.0,50000.0,96,2,0.0,78000.0,78000.0,-22000.0
7838,Ryland Stein,martingale,100.0,100000.0,50000.0,613,1,0.0,124800.0,124800.0,24800.0
7839,Leilany Ford,martingale,100.0,100000.0,50000.0,338,1,0.0,111200.0,111200.0,11200.0
7840,Luis Chan,martingale,100.0,100000.0,50000.0,57,1,0.0,10400.0,10400.0,-89600.0
7841,Hattie Santos,martingale,100.0,100000.0,50000.0,209,2,0.0,80600.0,80600.0,-19400.0
7842,Walker Corona,martingale,100.0,100000.0,50000.0,545,1,0.0,111400.0,111400.0,11400.0
7843,Marianna English,martingale,100.0,100000.0,50000.0,389,1,0.0,100800.0,100800.0,800.0
7844,Junior Roberts,martingale,100.0,100000.0,50000.0,567,1,0.0,114500.0,114500.0,14500.0
7845,Paisley Espinosa,martingale,100.0,100000.0,50000.0,157,1,0.0,24500.0,24500.0,-75500.0
7846,Khalid Avery,martingale,100.0,100000.0,50000.0,219,1,0.0,64400.0,64400.0,-35600.0
7847,Meghan Boyle,martingale,100.0,100000.0,50000.0,568,1,0.0,126500.0,126500.0,26500.0
7848,Robin Merritt,martingale,100.0,100000.0,50000.0,245,1,0.0,56100.0,56100.0,-43900.0
7849,Kaisley Ibarra,martingale,100.0,100000.0,50000.0,358,2,0.0,103500.0,103500.0,3500.0
7850,Asa Schultz,martingale,100.0,100000.0,50000.0,538,2,0.0,111500.0,111500.0,11500.0
7851,Briella Fox,martingale,100.0,100000.0,50000.0,316,1,0.0,59500.0,59500.0,-40500.0
7852,Antonio Eaton,martingale,100.0,100000.0,50000.0,458,1,0.0,115500.0,115500.0,15500.0
7853,Miley French,martingale,100.0,100000.0,50000.0,312,1,0.0,78300.0,78300.0,-21700.0
7854,Corey Marshall,martingale,100.0,100000.0,50000.0,542,2,0.0,123100.0,123100.0,23100.0
7855,Adalyn Griffin,martingale,100.0,100000.0,50000.0,420,2,0.0,92300.0,92300.0,-7700.0
7856,Ayden Owens,martingale,100.0,100000.0,50000.0,395,3,0.0,94400.0,94400.0,-5600.0
7857,Amaya Yang,martingale,100.0,100000.0,50000.0,256,3,0.0,65400.0,65400.0,-34600.0
7858,Malcolm Mann,martingale,100.0,100000.0,50000.0,376,1,0.0,75000.0,75000.0,-25000.0
7859,Paislee Chen,martingale,100.0,100000.0,50000.0,401,2,0.0,113500.0,113500.0,13500.0
7860,Emmanuel Hill,martingale,100.0,100000.0,50000.0,526,1,0.0,93200.0,93200.0,-6800.0
7861,Hannah Freeman,martingale,100.0,100000.0,50000.0,485,1,0.0,121400.0,121400.0,21400.0
7862,Jayce Yang,martingale,100.0,100000.0,50000.0,361,1,0.0,115700.0,115700.0,15700.0
7863,Angelina Vaughan,martingale,100.0,100000.0,50000.0,300,1,0.0,65800.0,65800.0,-34200.0
7864,Castiel Prince,martingale,100.0,100000.0,50000.0,360,1,0.0,58800.0,58800.0,-41200.0
7865,Greta Buchanan,martingale,100.0,100000.0,50000.0,663,2,0.0,134100.0,134100.0,34100.0
7866,Enrique Soto,martingale,100.0,100000.0,50000.0,39,1,0.0,5800.0,5800.0,-94200.0
7867,Brynlee Kent,martingale,100.0,100000.0,50000.0,512,3,0.0,124600.0,124600.0,24600.0
7868,Mekhi Ward,martingale,100.0,100000.0,50000.0,216,1,0.0,63600.0,63600.0,-36400.0
7869,Ariana Holloway,martingale,100.0,100000.0,50000.0,116,1,0.0,18400.0,18400.0,-81600.0
7870,Sutton Rogers,martingale,100.0,100000.0,50000.0,472,1,0.0,94100.0,94100.0,-5900.0
7871,Madelyn Frazier,martingale,100.0,100000.0,50000.0,383,2,0.0,86400.0,86400.0,-13600.0
7872,Callum Combs,martingale,100.0,100000.0,50000.0,147,1,0.0,25800.0,25800.0,-74200.0
7873,Irene Valencia,martingale,100.0,100000.0,50000.0,738,1,0.0,126200.0,126200.0,26200.0
7874,Dax Garza,martingale,100.0,100000.0,50000.0,35,1,0.0,5100.0,5100.0,-94900.0
7875,River Reynolds,martingale,100.0,100000.0,50000.0,420,3,0.0,112600.0,112600.0,12600.0
7876,Vincent Durham,martingale,100.0,100000.0,50000.0,602,2,0.0,126600.0,126600.0,26600.0
7877,Tiffany Esquivel,martingale,100.0,100000.0,50000.0,346,2,0.0,113600.0,113600.0,13600.0
7878,Bridger Moore,martingale,100.0,100000.0,50000.0,479,2,0.0,102600.0,102600.0,2600.0
7879,Emily Bowen,martingale,100.0,100000.0,50000.0,465,3,0.0,101500.0,101500.0,1500.0
7880,Trevor Byrd,martingale,100.0,100000.0,50000.0,419,1,0.0,112300.0,112300.0,12300.0
7881,Giselle Contreras,martingale,100.0,100000.0,50000.0,578,2,0.0,125500.0,125500.0,25500.0
7882,Emilio Waters,martingale,100.0,100000.0,50000.0,445,1,0.0,114700.0,114700.0,14700.0
7883,Bristol Ferguson,martingale,100.0,100000.0,50000.0,616,4,0.0,111800.0,111800.0,11800.0
7884,Miguel Sparks,martingale,100.0,100000.0,50000.0,515,1,0.0,122000.0,122000.0,22000.0
7885,Aisha Rice,martingale,100.0,100000.0,50000.0,682,2,0.0,133900.0,133900.0,33900.0
7886,Graham Combs,martingale,100.0,100000.0,50000.0,201,1,0.0,81400.0,81400.0,-18600.0
7887,Irene Gates,martingale,100.0,100000.0,50000.0,677,1,0.0,134000.0,134000.0,34000.0
7888,Ermias Ho,martingale,100.0,100000.0,50000.0,634,1,0.0,131000.0,131000.0,31000.0
7889,Calliope Hurst,martingale,100.0,100000.0,50000.0,308,1,0.0,58400.0,58400.0,-41600.0
7890,Neil Carson,martingale,100.0,100000.0,50000.0,508,2,0.0,110900.0,110900.0,10900.0
7891,Nalani Fleming,martingale,100.0,100000.0,50000.0,376,2,0.0,95200.0,95200.0,-4800.0
7892,Fernando Duarte,martingale,100.0,100000.0,50000.0,12,1,0.0,200.0,200.0,-99800.0
7893,Kynlee Hendricks,martingale,100.0,100000.0,50000.0,650,0,0.0,125600.0,125600.0,25600.0
7894,Dash Michael,martingale,100.0,100000.0,50000.0,344,3,0.0,113800.0,113800.0,13800.0
7895,Aubriella Copeland,martingale,100.0,100000.0,50000.0,621,1,0.0,127600.0,127600.0,27600.0
7896,Axton Guzman,martingale,100.0,100000.0,50000.0,353,2,0.0,98300.0,98300.0,-1700.0
7897,Ashley Wallace,martingale,100.0,100000.0,50000.0,454,2,0.0,103700.0,103700.0,3700.0
7898,Chase Hoover,martingale,100.0,100000.0,50000.0,542,1,0.0,120000.0,120000.0,20000.0
7899,Virginia Barnes,martingale,100.0,100000.0,50000.0,558,1,0.0,127000.0,127000.0,27000.0
7900,Damian Dennis,martingale,100.0,100000.0,50000.0,177,1,0.0,29400.0,29400.0,-70600.0
7901,Maisie Schultz,martingale,100.0,100000.0,50000.0,23,1,0.0,4300.0,4300.0,-95700.0
7902,Cody Burke,martingale,100.0,100000.0,50000.0,266,2,0.0,100900.0,100900.0,900.0
7903,Vera Vaughan,martingale,100.0,100000.0,50000.0,238,1,0.0,68400.0,68400.0,-31600.0
7904,Castiel Bravo,martingale,100.0,100000.0,50000.0,375,3,0.0,100000.0,100000.0,0.0
7905,Amoura Fuentes,martingale,100.0,100000.0,50000.0,390,2,0.0,105800.0,105800.0,5800.0
7906,Bowen Cantrell,martingale,100.0,100000.0,50000.0,611,3,0.0,127500.0,127500.0,27500.0
7907,Yamileth Frost,martingale,100.0,100000.0,50000.0,379,1,0.0,64700.0,64700.0,-35300.0
7908,Dario Eaton,martingale,100.0,100000.0,50000.0,573,3,0.0,124700.0,124700.0,24700.0
7909,Miley Gallegos,martingale,100.0,100000.0,50000.0,682,1,0.0,134500.0,134500.0,34500.0
7910,Jonas Norton,martingale,100.0,100000.0,50000.0,405,2,0.0,111100.0,111100.0,11100.0
7911,Kylee Hanson,martingale,100.0,100000.0,50000.0,344,1,0.0,103200.0,103200.0,3200.0
7912,Khalil Conrad,martingale,100.0,100000.0,50000.0,364,1,0.0,89700.0,89700.0,-10300.0
7913,Bexley Heath,martingale,100.0,100000.0,50000.0,203,1,0.0,61900.0,61900.0,-38100.0
7914,Lionel Trevino,martingale,100.0,100000.0,50000.0,601,3,0.0,126700.0,126700.0,26700.0
7915,Priscilla Spencer,martingale,100.0,100000.0,50000.0,484,2,0.0,106500.0,106500.0,6500.0
7916,Ace Mercado,martingale,100.0,100000.0,50000.0,538,2,0.0,120800.0,120800.0,20800.0
7917,Mckinley Cain,martingale,100.0,100000.0,50000.0,680,1,0.0,116700.0,116700.0,16700.0
7918,Benson Lee,martingale,100.0,100000.0,50000.0,233,3,0.0,85200.0,85200.0,-14800.0
7919,Scarlett Lane,martingale,100.0,100000.0,50000.0,324,2,0.0,71600.0,71600.0,-28400.0
7920,Matias Felix,martingale,100.0,100000.0,50000.0,450,2,0.0,116400.0,116400.0,16400.0
7921,Paisleigh Macdonald,martingale,100.0,100000.0,50000.0,728,1,0.0,136200.0,136200.0,36200.0
7922,Hugh Blevins,martingale,100.0,100000.0,50000.0,610,1,0.0,129800.0,129800.0,29800.0
7923,Aila Hobbs,martingale,100.0,100000.0,50000.0,514,1,0.0,95700.0,95700.0,-4300.0
7924,Brendan Shaffer,martingale,100.0,100000.0,50000.0,239,1,0.0,41400.0,41400.0,-58600.0
7925,Alanna McCarthy,martingale,100.0,100000.0,50000.0,140,1,0.0,31100.0,31100.0,-68900.0
7926,Devin Brown,martingale,100.0,100000.0,50000.0,372,2,0.0,96900.0,96900.0,-3100.0
7927,Charlotte Garrison,martingale,100.0,100000.0,50000.0,749,1,0.0,132100.0,132100.0,32100.0
7928,Noe Savage,martingale,100.0,100000.0,50000.0,415,2,0.0,114600.0,114600.0,14600.0
7929,Louise Brooks,martingale,100.0,100000.0,50000.0,801,2,0.0,138200.0,138200.0,38200.0
7930,Jordan Drake,martingale,100.0,100000.0,50000.0,486,1,0.0,123200.0,123200.0,23200.0
7931,Jayleen Truong,martingale,100.0,100000.0,50000.0,611,1,0.0,126500.0,126500.0,26500.0
7932,Ayan Clements,martingale,100.0,100000.0,50000.0,695,3,0.0,128700.0,128700.0,28700.0
7933,Cara Villanueva,martingale,100.0,100000.0,50000.0,270,2,0.0,101500.0,101500.0,1500.0
7934,Huxley Scott,martingale,100.0,100000.0,50000.0,538,1,0.0,122000.0,122000.0,22000.0
7935,Aurora Cline,martingale,100.0,100000.0,50000.0,500,3,0.0,114600.0,114600.0,14600.0
7936,Cullen Montoya,martingale,100.0,100000.0,50000.0,629,1,0.0,129400.0,129400.0,29400.0
7937,Kamryn Khan,martingale,100.0,100000.0,50000.0,595,1,0.0,113600.0,113600.0,13600.0
7938,Kendrick Livingston,martingale,100.0,100000.0,50000.0,465,1,0.0,115000.0,115000.0,15000.0
7939,Milena Cannon,martingale,100.0,100000.0,50000.0,701,2,0.0,133900.0,133900.0,33900.0
7940,Archie Pierce,martingale,100.0,100000.0,50000.0,125,1,0.0,48500.0,48500.0,-51500.0
7941,Arabella Kaur,martingale,100.0,100000.0,50000.0,200,1,0.0,42000.0,42000.0,-58000.0
7942,Augustine Faulkner,martingale,100.0,100000.0,50000.0,131,1,0.0,19400.0,19400.0,-80600.0
7943,Ansley Williamson,martingale,100.0,100000.0,50000.0,491,1,0.0,122400.0,122400.0,22400.0
7944,Emerson Arnold,martingale,100.0,100000.0,50000.0,293,2,0.0,63200.0,63200.0,-36800.0
7945,Finley Valdez,martingale,100.0,100000.0,50000.0,435,2,0.0,115100.0,115100.0,15100.0
7946,Kyler Gallegos,martingale,100.0,100000.0,50000.0,345,1,0.0,93300.0,93300.0,-6700.0
7947,Ari Truong,martingale,100.0,100000.0,50000.0,721,0,0.0,136400.0,136400.0,36400.0
7948,Ayan Peck,martingale,100.0,100000.0,50000.0,548,1,0.0,92900.0,92900.0,-7100.0
7949,Crystal Gilbert,martingale,100.0,100000.0,50000.0,535,1,0.0,119800.0,119800.0,19800.0
7950,Tobias Houston,martingale,100.0,100000.0,50000.0,292,2,0.0,104100.0,104100.0,4100.0
7951,Lylah Guzman,martingale,100.0,100000.0,50000.0,392,1,0.0,89000.0,89000.0,-11000.0
7952,Jude Cordova,martingale,100.0,100000.0,50000.0,476,2,0.0,119000.0,119000.0,19000.0
7953,Florence Quintana,martingale,100.0,100000.0,50000.0,529,2,0.0,124100.0,124100.0,24100.0
7954,Kelvin Zavala,martingale,100.0,100000.0,50000.0,425,2,0.0,110300.0,110300.0,10300.0
7955,Liv Lu,martingale,100.0,100000.0,50000.0,315,4,0.0,103600.0,103600.0,3600.0
7956,Duncan Manning,martingale,100.0,100000.0,50000.0,532,0,0.0,126800.0,126800.0,26800.0
7957,Jennifer Stephenson,martingale,100.0,100000.0,50000.0,659,1,0.0,115200.0,115200.0,15200.0
7958,Joe Christian,martingale,100.0,100000.0,50000.0,426,1,0.0,118500.0,118500.0,18500.0
7959,Anahi Gates,martingale,100.0,100000.0,50000.0,460,3,0.0,98600.0,98600.0,-1400.0
7960,Ermias Greer,martingale,100.0,100000.0,50000.0,506,2,0.0,113300.0,113300.0,13300.0
7961,Reina Reyna,martingale,100.0,100000.0,50000.0,484,1,0.0,110700.0,110700.0,10700.0
7962,Reginald Cochran,martingale,100.0,100000.0,50000.0,444,1,0.0,102900.0,102900.0,2900.0
7963,Alma Becker,martingale,100.0,100000.0,50000.0,485,3,0.0,123400.0,123400.0,23400.0
7964,Lawson Cook,martingale,100.0,100000.0,50000.0,557,1,0.0,123000.0,123000.0,23000.0
7965,Aaliyah Mitchell,martingale,100.0,100000.0,50000.0,484,1,0.0,119000.0,119000.0,19000.0
7966,Jaxon Wood,martingale,100.0,100000.0,50000.0,590,1,0.0,124500.0,124500.0,24500.0
7967,Natalia Barber,martingale,100.0,100000.0,50000.0,134,2,0.0,55200.0,55200.0,-44800.0
7968,Solomon Sandoval,martingale,100.0,100000.0,50000.0,517,1,0.0,101100.0,101100.0,1100.0
7969,Elsie Serrano,martingale,100.0,100000.0,50000.0,538,2,0.0,120800.0,120800.0,20800.0
7970,Milan Burch,martingale,100.0,100000.0,50000.0,391,2,0.0,117200.0,117200.0,17200.0
7971,Freyja Fletcher,martingale,100.0,100000.0,50000.0,414,4,0.0,111300.0,111300.0,11300.0
7972,Jay Wade,martingale,100.0,100000.0,50000.0,403,1,0.0,94000.0,94000.0,-6000.0
7973,Evie Carlson,martingale,100.0,100000.0,50000.0,430,1,0.0,80500.0,80500.0,-19500.0
7974,Paul Castillo,martingale,100.0,100000.0,50000.0,634,2,0.0,128100.0,128100.0,28100.0
7975,Eva Hendrix,martingale,100.0,100000.0,50000.0,382,2,0.0,115700.0,115700.0,15700.0
7976,Korbyn Montgomery,martingale,100.0,100000.0,50000.0,105,1,0.0,15800.0,15800.0,-84200.0
7977,Evangeline Schmitt,martingale,100.0,100000.0,50000.0,417,4,0.0,112000.0,112000.0,12000.0
7978,Murphy Calhoun,martingale,100.0,100000.0,50000.0,157,1,0.0,25500.0,25500.0,-74500.0
7979,Thalia Terrell,martingale,100.0,100000.0,50000.0,408,1,0.0,77500.0,77500.0,-22500.0
7980,Jaxen Gould,martingale,100.0,100000.0,50000.0,358,3,0.0,113600.0,113600.0,13600.0
7981,Violeta Erickson,martingale,100.0,100000.0,50000.0,360,2,0.0,102200.0,102200.0,2200.0
7982,Johnny George,martingale,100.0,100000.0,50000.0,704,2,0.0,133500.0,133500.0,33500.0
7983,Adelyn Pearson,martingale,100.0,100000.0,50000.0,312,1,0.0,106000.0,106000.0,6000.0
7984,Gunner Nicholson,martingale,100.0,100000.0,50000.0,660,0,0.0,130700.0,130700.0,30700.0
7985,Justice Cobb,martingale,100.0,100000.0,50000.0,628,2,0.0,124300.0,124300.0,24300.0
7986,Raphael Patel,martingale,100.0,100000.0,50000.0,297,1,0.0,94800.0,94800.0,-5200.0
7987,Madeline Logan,martingale,100.0,100000.0,50000.0,691,2,0.0,131700.0,131700.0,31700.0
7988,Rocco Harrell,martingale,100.0,100000.0,50000.0,394,1,0.0,105300.0,105300.0,5300.0
7989,Kara Dudley,martingale,100.0,100000.0,50000.0,378,1,0.0,71600.0,71600.0,-28400.0
7990,Colter Floyd,martingale,100.0,100000.0,50000.0,458,2,0.0,122600.0,122600.0,22600.0
7991,Yaretzi Jensen,martingale,100.0,100000.0,50000.0,355,2,0.0,114900.0,114900.0,14900.0
7992,Cash Ellis,martingale,100.0,100000.0,50000.0,543,1,0.0,127200.0,127200.0,27200.0
7993,Ayla Sampson,martingale,100.0,100000.0,50000.0,447,1,0.0,116900.0,116900.0,16900.0
7994,Cain Ventura,martingale,100.0,100000.0,50000.0,628,1,0.0,107400.0,107400.0,7400.0
7995,Zora Park,martingale,100.0,100000.0,50000.0,582,2,0.0,104500.0,104500.0,4500.0
7996,Daxton Pham,martingale,100.0,100000.0,50000.0,219,3,0.0,64300.0,64300.0,-35700.0
7997,Raelyn Clark,martingale,100.0,100000.0,50000.0,427,1,0.0,102600.0,102600.0,2600.0
7998,John Christensen,martingale,100.0,100000.0,50000.0,172,1,0.0,35400.0,35400.0,-64600.0
7999,Carmen Spence,martingale,100.0,100000.0,50000.0,408,3,0.0,103300.0,103300.0,3300.0
8000,Cillian Mason,martingale,100.0,100000.0,50000.0,401,1,0.0,96700.0,96700.0,-3300.0
8001,Magnolia Foster,martingale,100.0,100000.0,50000.0,403,2,0.0,116600.0,116600.0,16600.0
8002,Kayden Cox,martingale,100.0,100000.0,50000.0,546,1,0.0,104000.0,104000.0,4000.0
8003,Sadie Costa,martingale,100.0,100000.0,50000.0,578,1,0.0,121900.0,121900.0,21900.0
8004,Kenji Person,martingale,100.0,100000.0,50000.0,670,1,0.0,131900.0,131900.0,31900.0
8005,Dylan Webb,martingale,100.0,100000.0,50000.0,178,2,0.0,75800.0,75800.0,-24200.0
8006,Lorenzo Phan,martingale,100.0,100000.0,50000.0,445,3,0.0,120100.0,120100.0,20100.0
8007,Elsa Avalos,martingale,100.0,100000.0,50000.0,71,1,0.0,14100.0,14100.0,-85900.0
8008,Coen Whitehead,martingale,100.0,100000.0,50000.0,421,3,0.0,118300.0,118300.0,18300.0
8009,Sylvie Richardson,martingale,100.0,100000.0,50000.0,449,1,0.0,75600.0,75600.0,-24400.0
8010,Robert George,martingale,100.0,100000.0,50000.0,615,4,0.0,123000.0,123000.0,23000.0
8011,Adelyn Morales,martingale,100.0,100000.0,50000.0,663,2,0.0,132900.0,132900.0,32900.0
8012,Aaron Horn,martingale,100.0,100000.0,50000.0,610,1,0.0,110000.0,110000.0,10000.0
8013,Avah Nelson,martingale,100.0,100000.0,50000.0,505,1,0.0,117300.0,117300.0,17300.0
8014,Dylan Marsh,martingale,100.0,100000.0,50000.0,415,1,0.0,107900.0,107900.0,7900.0
8015,Adelina Blankenship,martingale,100.0,100000.0,50000.0,332,5,0.0,113100.0,113100.0,13100.0
8016,Ernesto Salazar,martingale,100.0,100000.0,50000.0,532,4,0.0,118500.0,118500.0,18500.0
8017,Freya Kelly,martingale,100.0,100000.0,50000.0,463,4,0.0,102600.0,102600.0,2600.0
8018,Cooper Wilcox,martingale,100.0,100000.0,50000.0,262,1,0.0,71800.0,71800.0,-28200.0
8019,Ashlyn Chase,martingale,100.0,100000.0,50000.0,565,3,0.0,113500.0,113500.0,13500.0
8020,Otis Tran,martingale,100.0,100000.0,50000.0,580,1,0.0,125300.0,125300.0,25300.0
8021,Kylie Hancock,martingale,100.0,100000.0,50000.0,96,3,0.0,66900.0,66900.0,-33100.0
8022,Rex Brewer,martingale,100.0,100000.0,50000.0,612,1,0.0,124900.0,124900.0,24900.0
8023,Thea Barton,martingale,100.0,100000.0,50000.0,363,4,0.0,97300.0,97300.0,-2700.0
8024,Cassius Pacheco,martingale,100.0,100000.0,50000.0,324,1,0.0,66800.0,66800.0,-33200.0
8025,Paris Logan,martingale,100.0,100000.0,50000.0,465,2,0.0,110500.0,110500.0,10500.0
8026,Rocco Spears,martingale,100.0,100000.0,50000.0,641,1,0.0,129100.0,129100.0,29100.0
8027,Isabela Wright,martingale,100.0,100000.0,50000.0,351,2,0.0,108100.0,108100.0,8100.0
8028,Grayson Oliver,martingale,100.0,100000.0,50000.0,584,1,0.0,125700.0,125700.0,25700.0
8029,Camille Dejesus,martingale,100.0,100000.0,50000.0,155,2,0.0,57600.0,57600.0,-42400.0
8030,Rio Todd,martingale,100.0,100000.0,50000.0,466,1,0.0,105900.0,105900.0,5900.0
8031,Zariah Mann,martingale,100.0,100000.0,50000.0,509,1,0.0,111900.0,111900.0,11900.0
8032,Nehemiah Turner,martingale,100.0,100000.0,50000.0,519,2,0.0,121600.0,121600.0,21600.0
8033,Brooklyn Dawson,martingale,100.0,100000.0,50000.0,586,3,0.0,129800.0,129800.0,29800.0
8034,Iker Galvan,martingale,100.0,100000.0,50000.0,633,1,0.0,105200.0,105200.0,5200.0
8035,Dallas Henderson,martingale,100.0,100000.0,50000.0,434,2,0.0,117900.0,117900.0,17900.0
8036,Beau Keith,martingale,100.0,100000.0,50000.0,491,1,0.0,110000.0,110000.0,10000.0
8037,Elyse Everett,martingale,100.0,100000.0,50000.0,289,3,0.0,80700.0,80700.0,-19300.0
8038,Camilo Kirk,martingale,100.0,100000.0,50000.0,219,2,0.0,60800.0,60800.0,-39200.0
8039,Ellis Hoover,martingale,100.0,100000.0,50000.0,307,2,0.0,92700.0,92700.0,-7300.0
8040,Jaziel Porter,martingale,100.0,100000.0,50000.0,402,2,0.0,111400.0,111400.0,11400.0
8041,Ryleigh Mendoza,martingale,100.0,100000.0,50000.0,480,2,0.0,120300.0,120300.0,20300.0
8042,Dominic Morgan,martingale,100.0,100000.0,50000.0,280,1,0.0,90000.0,90000.0,-10000.0
8043,Delilah King,martingale,100.0,100000.0,50000.0,578,1,0.0,116000.0,116000.0,16000.0
8044,Julian Rodriguez,martingale,100.0,100000.0,50000.0,402,4,0.0,71700.0,71700.0,-28300.0
8045,Evelyn Beasley,martingale,100.0,100000.0,50000.0,252,3,0.0,69200.0,69200.0,-30800.0
8046,Stanley Campos,martingale,100.0,100000.0,50000.0,619,2,0.0,131300.0,131300.0,31300.0
8047,Sutton Chung,martingale,100.0,100000.0,50000.0,50,1,0.0,4700.0,4700.0,-95300.0
8048,Ira Lugo,martingale,100.0,100000.0,50000.0,456,1,0.0,108300.0,108300.0,8300.0
8049,Kaylie Evans,martingale,100.0,100000.0,50000.0,82,1,0.0,15600.0,15600.0,-84400.0
8050,Elias Conrad,martingale,100.0,100000.0,50000.0,413,2,0.0,112600.0,112600.0,12600.0
8051,Bexley Bass,martingale,100.0,100000.0,50000.0,591,2,0.0,123100.0,123100.0,23100.0
8052,Landen Cline,martingale,100.0,100000.0,50000.0,396,1,0.0,112900.0,112900.0,12900.0
8053,Lina Blake,martingale,100.0,100000.0,50000.0,496,1,0.0,115100.0,115100.0,15100.0
8054,Zyaire Bryant,martingale,100.0,100000.0,50000.0,500,3,0.0,105600.0,105600.0,5600.0
8055,Parker Horn,martingale,100.0,100000.0,50000.0,509,1,0.0,115900.0,115900.0,15900.0
8056,Wilson Hansen,martingale,100.0,100000.0,50000.0,527,1,0.0,112900.0,112900.0,12900.0
8057,Hope Santos,martingale,100.0,100000.0,50000.0,441,1,0.0,101400.0,101400.0,1400.0
8058,Walker Chambers,martingale,100.0,100000.0,50000.0,314,1,0.0,66200.0,66200.0,-33800.0
8059,Makayla Love,martingale,100.0,100000.0,50000.0,562,2,0.0,125300.0,125300.0,25300.0
8060,Jeffrey McIntosh,martingale,100.0,100000.0,50000.0,152,1,0.0,27200.0,27200.0,-72800.0
8061,Gwen Bennett,martingale,100.0,100000.0,50000.0,551,2,0.0,105400.0,105400.0,5400.0
8062,Leonardo Pena,martingale,100.0,100000.0,50000.0,315,3,0.0,99100.0,99100.0,-900.0
8063,Rachel Meadows,martingale,100.0,100000.0,50000.0,12,1,0.0,200.0,200.0,-99800.0
8064,Wayne Compton,martingale,100.0,100000.0,50000.0,335,2,0.0,69800.0,69800.0,-30200.0
8065,Elina Davis,martingale,100.0,100000.0,50000.0,338,1,0.0,106700.0,106700.0,6700.0
8066,Lucas Hinton,martingale,100.0,100000.0,50000.0,425,1,0.0,118700.0,118700.0,18700.0
8067,Jaelynn Woodard,martingale,100.0,100000.0,50000.0,305,1,0.0,92000.0,92000.0,-8000.0
8068,Westley Roberts,martingale,100.0,100000.0,50000.0,552,2,0.0,127900.0,127900.0,27900.0
8069,Paisley Camacho,martingale,100.0,100000.0,50000.0,685,4,0.0,132300.0,132300.0,32300.0
8070,Tatum Choi,martingale,100.0,100000.0,50000.0,699,3,0.0,135000.0,135000.0,35000.0
8071,Karla Andersen,martingale,100.0,100000.0,50000.0,159,2,0.0,56800.0,56800.0,-43200.0
8072,Alistair Blankenship,martingale,100.0,100000.0,50000.0,495,1,0.0,115900.0,115900.0,15900.0
8073,Rosalee Ibarra,martingale,100.0,100000.0,50000.0,533,1,0.0,105700.0,105700.0,5700.0
8074,Asa Odom,martingale,100.0,100000.0,50000.0,290,1,0.0,63300.0,63300.0,-36700.0
8075,Laylani Meyer,martingale,100.0,100000.0,50000.0,379,1,0.0,58400.0,58400.0,-41600.0
8076,Tristan Hicks,martingale,100.0,100000.0,50000.0,287,0,0.0,87500.0,87500.0,-12500.0
8077,Alina Dunlap,martingale,100.0,100000.0,50000.0,243,3,0.0,69000.0,69000.0,-31000.0
8078,Aries Cline,martingale,100.0,100000.0,50000.0,308,2,0.0,75200.0,75200.0,-24800.0
8079,Lina Rowe,martingale,100.0,100000.0,50000.0,266,3,0.0,103800.0,103800.0,3800.0
8080,Kamden Villegas,martingale,100.0,100000.0,50000.0,289,1,0.0,54600.0,54600.0,-45400.0
8081,Jessie Maynard,martingale,100.0,100000.0,50000.0,441,2,0.0,118700.0,118700.0,18700.0
8082,Landry Benitez,martingale,100.0,100000.0,50000.0,18,1,0.0,800.0,800.0,-99200.0
8083,Aliza Hahn,martingale,100.0,100000.0,50000.0,446,2,0.0,114500.0,114500.0,14500.0
8084,Kabir Morrison,martingale,100.0,100000.0,50000.0,84,1,0.0,22400.0,22400.0,-77600.0
8085,Rebecca Dodson,martingale,100.0,100000.0,50000.0,358,1,0.0,113500.0,113500.0,13500.0
8086,Seven Wu,martingale,100.0,100000.0,50000.0,338,2,0.0,105500.0,105500.0,5500.0
8087,Liana McKenzie,martingale,100.0,100000.0,50000.0,354,3,0.0,100200.0,100200.0,200.0
8088,Scott Conner,martingale,100.0,100000.0,50000.0,688,1,0.0,131100.0,131100.0,31100.0
8089,Alondra Gonzales,martingale,100.0,100000.0,50000.0,540,3,0.0,116200.0,116200.0,16200.0
8090,Brayden Shaw,martingale,100.0,100000.0,50000.0,533,2,0.0,126600.0,126600.0,26600.0
8091,Emersyn Reyes,martingale,100.0,100000.0,50000.0,119,1,0.0,38000.0,38000.0,-62000.0
8092,Eli Barron,martingale,100.0,100000.0,50000.0,152,2,0.0,84800.0,84800.0,-15200.0
8093,Anya Young,martingale,100.0,100000.0,50000.0,490,2,0.0,111300.0,111300.0,11300.0
8094,Asher McIntyre,martingale,100.0,100000.0,50000.0,671,1,0.0,133200.0,133200.0,33200.0
8095,Rebekah Tate,martingale,100.0,100000.0,50000.0,406,3,0.0,106200.0,106200.0,6200.0
8096,Dalton Bryant,martingale,100.0,100000.0,50000.0,474,2,0.0,121700.0,121700.0,21700.0
8097,Parker Callahan,martingale,100.0,100000.0,50000.0,441,1,0.0,111800.0,111800.0,11800.0
8098,Quinton Sharp,martingale,100.0,100000.0,50000.0,487,1,0.0,108400.0,108400.0,8400.0
8099,Camryn Cox,martingale,100.0,100000.0,50000.0,532,1,0.0,123300.0,123300.0,23300.0
8100,Connor David,martingale,100.0,100000.0,50000.0,650,2,0.0,128100.0,128100.0,28100.0
8101,Haylee Hanson,martingale,100.0,100000.0,50000.0,267,1,0.0,107300.0,107300.0,7300.0
8102,Khalil Adams,martingale,100.0,100000.0,50000.0,253,2,0.0,78900.0,78900.0,-21100.0
8103,Stella Roy,martingale,100.0,100000.0,50000.0,281,3,0.0,79100.0,79100.0,-20900.0
8104,Marcelo Esparza,martingale,100.0,100000.0,50000.0,554,3,0.0,115600.0,115600.0,15600.0
8105,Ramona Barrera,martingale,100.0,100000.0,50000.0,437,1,0.0,79100.0,79100.0,-20900.0
8106,Makai Hodge,martingale,100.0,100000.0,50000.0,189,3,0.0,64800.0,64800.0,-35200.0
8107,Coraline Avery,martingale,100.0,100000.0,50000.0,537,2,0.0,112200.0,112200.0,12200.0
8108,Jakari Lugo,martingale,100.0,100000.0,50000.0,375,2,0.0,107900.0,107900.0,7900.0
8109,Kaylie Hendricks,martingale,100.0,100000.0,50000.0,198,1,0.0,28400.0,28400.0,-71600.0
8110,Dash Blevins,martingale,100.0,100000.0,50000.0,403,2,0.0,117100.0,117100.0,17100.0
8111,Aila Ho,martingale,100.0,100000.0,50000.0,388,1,0.0,84700.0,84700.0,-15300.0
8112,Morgan Wilcox,martingale,100.0,100000.0,50000.0,354,1,0.0,79100.0,79100.0,-20900.0
8113,Ashlyn Moss,martingale,100.0,100000.0,50000.0,247,1,0.0,63900.0,63900.0,-36100.0
8114,Porter Day,martingale,100.0,100000.0,50000.0,662,2,0.0,121500.0,121500.0,21500.0
8115,Hayden Dennis,martingale,100.0,100000.0,50000.0,367,1,0.0,86500.0,86500.0,-13500.0
8116,Emanuel Blevins,martingale,100.0,100000.0,50000.0,638,1,0.0,127700.0,127700.0,27700.0
8117,Aila Morse,martingale,100.0,100000.0,50000.0,213,1,0.0,45500.0,45500.0,-54500.0
8118,Bode Sellers,martingale,100.0,100000.0,50000.0,286,1,0.0,106000.0,106000.0,6000.0
8119,Mercy Sheppard,martingale,100.0,100000.0,50000.0,607,1,0.0,119500.0,119500.0,19500.0
8120,Trent Tate,martingale,100.0,100000.0,50000.0,411,2,0.0,117700.0,117700.0,17700.0
8121,Skye Bartlett,martingale,100.0,100000.0,50000.0,571,2,0.0,126800.0,126800.0,26800.0
8122,Kace Whitney,martingale,100.0,100000.0,50000.0,571,1,0.0,125700.0,125700.0,25700.0
8123,Madalynn Galvan,martingale,100.0,100000.0,50000.0,195,1,0.0,85800.0,85800.0,-14200.0
8124,Kingsley Owens,martingale,100.0,100000.0,50000.0,458,2,0.0,120400.0,120400.0,20400.0
8125,Amaya Vance,martingale,100.0,100000.0,50000.0,471,1,0.0,85900.0,85900.0,-14100.0
8126,Casen Stevenson,martingale,100.0,100000.0,50000.0,99,1,0.0,22700.0,22700.0,-77300.0
8127,Regina Turner,martingale,100.0,100000.0,50000.0,253,1,0.0,67600.0,67600.0,-32400.0
8128,Joshua Stout,martingale,100.0,100000.0,50000.0,460,3,0.0,117100.0,117100.0,17100.0
8129,Chana Valenzuela,martingale,100.0,100000.0,50000.0,393,3,0.0,112500.0,112500.0,12500.0
8130,Jamari Freeman,martingale,100.0,100000.0,50000.0,707,3,0.0,133600.0,133600.0,33600.0
8131,Norah Stein,martingale,100.0,100000.0,50000.0,433,2,0.0,109900.0,109900.0,9900.0
8132,Creed Goodman,martingale,100.0,100000.0,50000.0,144,1,0.0,31700.0,31700.0,-68300.0
8133,Carolina Miles,martingale,100.0,100000.0,50000.0,504,2,0.0,116100.0,116100.0,16100.0
8134,Jared Guzman,martingale,100.0,100000.0,50000.0,562,1,0.0,108800.0,108800.0,8800.0
8135,Ashley Lawrence,martingale,100.0,100000.0,50000.0,20,1,0.0,1100.0,1100.0,-98900.0
8136,Kaleb Person,martingale,100.0,100000.0,50000.0,412,1,0.0,118200.0,118200.0,18200.0
8137,Dylan Lugo,martingale,100.0,100000.0,50000.0,335,2,0.0,80200.0,80200.0,-19800.0
8138,Santos Leach,martingale,100.0,100000.0,50000.0,519,2,0.0,113500.0,113500.0,13500.0
8139,Martha Pena,martingale,100.0,100000.0,50000.0,449,1,0.0,100800.0,100800.0,800.0
8140,Marcus Farley,martingale,100.0,100000.0,50000.0,383,1,0.0,109800.0,109800.0,9800.0
8141,Wrenley Knight,martingale,100.0,100000.0,50000.0,615,2,0.0,130400.0,130400.0,30400.0
8142,Beckett Armstrong,martingale,100.0,100000.0,50000.0,402,1,0.0,86400.0,86400.0,-13600.0
8143,Presley O’Neill,martingale,100.0,100000.0,50000.0,751,2,0.0,132500.0,132500.0,32500.0
8144,Marcel Shepherd,martingale,100.0,100000.0,50000.0,399,1,0.0,64200.0,64200.0,-35800.0
8145,Katalina Scott,martingale,100.0,100000.0,50000.0,604,1,0.0,122400.0,122400.0,22400.0
8146,Leo Wheeler,martingale,100.0,100000.0,50000.0,490,1,0.0,105200.0,105200.0,5200.0
8147,Sydney Novak,martingale,100.0,100000.0,50000.0,77,1,0.0,14200.0,14200.0,-85800.0
8148,Bishop Leon,martingale,100.0,100000.0,50000.0,475,1,0.0,119000.0,119000.0,19000.0
8149,Amora Madden,martingale,100.0,100000.0,50000.0,625,3,0.0,125000.0,125000.0,25000.0
8150,Everest Evans,martingale,100.0,100000.0,50000.0,553,1,0.0,122100.0,122100.0,22100.0
8151,Eliana Douglas,martingale,100.0,100000.0,50000.0,490,1,0.0,103900.0,103900.0,3900.0
8152,Derek Spencer,martingale,100.0,100000.0,50000.0,367,2,0.0,108500.0,108500.0,8500.0
8153,Alyssa Flowers,martingale,100.0,100000.0,50000.0,647,2,0.0,127700.0,127700.0,27700.0
8154,Saul Gross,martingale,100.0,100000.0,50000.0,91,1,0.0,23800.0,23800.0,-76200.0
8155,Angel Ayers,martingale,100.0,100000.0,50000.0,182,1,0.0,31600.0,31600.0,-68400.0
8156,Ulises Farley,martingale,100.0,100000.0,50000.0,398,1,0.0,98100.0,98100.0,-1900.0
8157,Wrenley Holt,martingale,100.0,100000.0,50000.0,440,1,0.0,119400.0,119400.0,19400.0
8158,Niko Johnson,martingale,100.0,100000.0,50000.0,539,1,0.0,120700.0,120700.0,20700.0
8159,Emma Fleming,martingale,100.0,100000.0,50000.0,418,1,0.0,108600.0,108600.0,8600.0
8160,Fernando Odom,martingale,100.0,100000.0,50000.0,563,1,0.0,103800.0,103800.0,3800.0
8161,Laylani Mitchell,martingale,100.0,100000.0,50000.0,152,1,0.0,27300.0,27300.0,-72700.0
8162,Jaxon Best,martingale,100.0,100000.0,50000.0,777,1,0.0,110600.0,110600.0,10600.0
8163,Lexie Willis,martingale,100.0,100000.0,50000.0,650,1,0.0,130400.0,130400.0,30400.0
8164,Remington Richard,martingale,100.0,100000.0,50000.0,470,2,0.0,123500.0,123500.0,23500.0
8165,Davina O’brien,martingale,100.0,100000.0,50000.0,329,3,0.0,100300.0,100300.0,300.0
8166,Riley Robles,martingale,100.0,100000.0,50000.0,404,1,0.0,118400.0,118400.0,18400.0
8167,Felicity Bravo,martingale,100.0,100000.0,50000.0,333,1,0.0,79100.0,79100.0,-20900.0
8168,Genesis Stokes,martingale,100.0,100000.0,50000.0,12,1,0.0,200.0,200.0,-99800.0
8169,Miranda Baker,martingale,100.0,100000.0,50000.0,460,2,0.0,102000.0,102000.0,2000.0
8170,Ezra Rush,martingale,100.0,100000.0,50000.0,311,2,0.0,73900.0,73900.0,-26100.0
8171,Maleah Chapman,martingale,100.0,100000.0,50000.0,587,1,0.0,124800.0,124800.0,24800.0
8172,Knox Stewart,martingale,100.0,100000.0,50000.0,522,1,0.0,106500.0,106500.0,6500.0
8173,Maya Vega,martingale,100.0,100000.0,50000.0,598,1,0.0,126200.0,126200.0,26200.0
8174,Aidan Norton,martingale,100.0,100000.0,50000.0,348,3,0.0,89800.0,89800.0,-10200.0
8175,Kylee Arnold,martingale,100.0,100000.0,50000.0,255,2,0.0,65900.0,65900.0,-34100.0
8176,Abraham Weiss,martingale,100.0,100000.0,50000.0,710,1,0.0,126900.0,126900.0,26900.0
8177,Lennox Bentley,martingale,100.0,100000.0,50000.0,351,2,0.0,106000.0,106000.0,6000.0
8178,Randy Cano,martingale,100.0,100000.0,50000.0,705,1,0.0,132500.0,132500.0,32500.0
8179,Egypt Hicks,martingale,100.0,100000.0,50000.0,490,2,0.0,113600.0,113600.0,13600.0
8180,Maddox Knight,martingale,100.0,100000.0,50000.0,169,2,0.0,77900.0,77900.0,-22100.0
8181,Gracie Carey,martingale,100.0,100000.0,50000.0,513,1,0.0,122500.0,122500.0,22500.0
8182,Watson Casey,martingale,100.0,100000.0,50000.0,311,1,0.0,65200.0,65200.0,-34800.0
8183,Sylvia Lam,martingale,100.0,100000.0,50000.0,10,1,0.0,0.0,0.0,-100000.0
8184,Bodie Avery,martingale,100.0,100000.0,50000.0,69,1,0.0,9300.0,9300.0,-90700.0
8185,Meghan Rivera,martingale,100.0,100000.0,50000.0,368,1,0.0,99800.0,99800.0,-200.0
8186,Charles Moreno,martingale,100.0,100000.0,50000.0,663,3,0.0,128600.0,128600.0,28600.0
8187,Mary Norris,martingale,100.0,100000.0,50000.0,586,1,0.0,128500.0,128500.0,28500.0
8188,Cairo Humphrey,martingale,100.0,100000.0,50000.0,716,1,0.0,133600.0,133600.0,33600.0
8189,Journi Gonzalez,martingale,100.0,100000.0,50000.0,599,1,0.0,124400.0,124400.0,24400.0
8190,Ethan Lin,martingale,100.0,100000.0,50000.0,298,1,0.0,101500.0,101500.0,1500.0
8191,Makenna Fischer,martingale,100.0,100000.0,50000.0,40,1,0.0,4300.0,4300.0,-95700.0
8192,Leonidas Rivera,martingale,100.0,100000.0,50000.0,451,3,0.0,108100.0,108100.0,8100.0
8193,Lillian Gallegos,martingale,100.0,100000.0,50000.0,82,1,0.0,18500.0,18500.0,-81500.0
8194,Jonas Daniels,martingale,100.0,100000.0,50000.0,539,2,0.0,126900.0,126900.0,26900.0
8195,Ember Murphy,martingale,100.0,100000.0,50000.0,571,1,0.0,118000.0,118000.0,18000.0
8196,Cameron Choi,martingale,100.0,100000.0,50000.0,348,1,0.0,113600.0,113600.0,13600.0
8197,Karla Hahn,martingale,100.0,100000.0,50000.0,387,3,0.0,115600.0,115600.0,15600.0
8198,Kabir Griffith,martingale,100.0,100000.0,50000.0,230,1,0.0,67800.0,67800.0,-32200.0
8199,Alicia West,martingale,100.0,100000.0,50000.0,516,3,0.0,122400.0,122400.0,22400.0
8200,Diego Frye,martingale,100.0,100000.0,50000.0,268,1,0.0,67200.0,67200.0,-32800.0
8201,Raya Malone,martingale,100.0,100000.0,50000.0,614,1,0.0,113100.0,113100.0,13100.0
8202,Ruben Odom,martingale,100.0,100000.0,50000.0,427,1,0.0,104000.0,104000.0,4000.0
8203,Laylani Munoz,martingale,100.0,100000.0,50000.0,656,2,0.0,132700.0,132700.0,32700.0
8204,Justin Cannon,martingale,100.0,100000.0,50000.0,560,1,0.0,107700.0,107700.0,7700.0
8205,Noa Lester,martingale,100.0,100000.0,50000.0,291,5,0.0,91400.0,91400.0,-8600.0
8206,Lee McIntosh,martingale,100.0,100000.0,50000.0,458,1,0.0,109400.0,109400.0,9400.0
8207,Gwen Medina,martingale,100.0,100000.0,50000.0,301,2,0.0,63500.0,63500.0,-36500.0
8208,George Huang,martingale,100.0,100000.0,50000.0,356,2,0.0,71300.0,71300.0,-28700.0
8209,Francesca Zuniga,martingale,100.0,100000.0,50000.0,653,3,0.0,124200.0,124200.0,24200.0
8210,Sincere Cantu,martingale,100.0,100000.0,50000.0,380,1,0.0,99100.0,99100.0,-900.0
8211,Galilea Archer,martingale,100.0,100000.0,50000.0,337,1,0.0,105200.0,105200.0,5200.0
8212,Ephraim Andrade,martingale,100.0,100000.0,50000.0,312,5,0.0,84800.0,84800.0,-15200.0
8213,Emmy Michael,martingale,100.0,100000.0,50000.0,546,2,0.0,120300.0,120300.0,20300.0
8214,Bronson Fowler,martingale,100.0,100000.0,50000.0,36,1,0.0,3400.0,3400.0,-96600.0
8215,Lennon Lewis,martingale,100.0,100000.0,50000.0,511,3,0.0,108800.0,108800.0,8800.0
8216,Wyatt Eaton,martingale,100.0,100000.0,50000.0,255,1,0.0,76600.0,76600.0,-23400.0
8217,Miley Pacheco,martingale,100.0,100000.0,50000.0,397,2,0.0,114700.0,114700.0,14700.0
8218,Erik Chase,martingale,100.0,100000.0,50000.0,187,3,0.0,67300.0,67300.0,-32700.0
8219,Angie Corona,martingale,100.0,100000.0,50000.0,34,1,0.0,2600.0,2600.0,-97400.0
8220,Darian Berry,martingale,100.0,100000.0,50000.0,551,2,0.0,121600.0,121600.0,21600.0
8221,Annabelle Yates,martingale,100.0,100000.0,50000.0,208,1,0.0,54700.0,54700.0,-45300.0
8222,Braylon Bean,martingale,100.0,100000.0,50000.0,570,1,0.0,123300.0,123300.0,23300.0
8223,Jenesis Richmond,martingale,100.0,100000.0,50000.0,429,1,0.0,115900.0,115900.0,15900.0
8224,Mordechai Kemp,martingale,100.0,100000.0,50000.0,403,2,0.0,100800.0,100800.0,800.0
8225,Anika Roy,martingale,100.0,100000.0,50000.0,291,3,0.0,100300.0,100300.0,300.0
8226,Marcelo Watts,martingale,100.0,100000.0,50000.0,444,1,0.0,120000.0,120000.0,20000.0
8227,Melissa Rosas,martingale,100.0,100000.0,50000.0,420,1,0.0,103100.0,103100.0,3100.0
8228,Remi Parra,martingale,100.0,100000.0,50000.0,456,2,0.0,109300.0,109300.0,9300.0
8229,Dalary O’Neill,martingale,100.0,100000.0,50000.0,213,2,0.0,61600.0,61600.0,-38400.0
8230,Marcel Espinosa,martingale,100.0,100000.0,50000.0,649,2,0.0,130000.0,130000.0,30000.0
8231,Braylee Bowers,martingale,100.0,100000.0,50000.0,531,2,0.0,113000.0,113000.0,13000.0
8232,Dorian Dalton,martingale,100.0,100000.0,50000.0,573,5,0.0,123600.0,123600.0,23600.0
8233,Lilian Dudley,martingale,100.0,100000.0,50000.0,637,1,0.0,128700.0,128700.0,28700.0
8234,Colter Colon,martingale,100.0,100000.0,50000.0,266,4,0.0,63000.0,63000.0,-37000.0
8235,Remy McGee,martingale,100.0,100000.0,50000.0,277,1,0.0,68500.0,68500.0,-31500.0
8236,Conner Nguyen,martingale,100.0,100000.0,50000.0,428,2,0.0,109400.0,109400.0,9400.0
8237,Nova Thornton,martingale,100.0,100000.0,50000.0,485,3,0.0,113300.0,113300.0,13300.0
8238,Malik Lowe,martingale,100.0,100000.0,50000.0,288,1,0.0,90500.0,90500.0,-9500.0
8239,Amari Nelson,martingale,100.0,100000.0,50000.0,250,4,0.0,86700.0,86700.0,-13300.0
8240,Dylan Holt,martingale,100.0,100000.0,50000.0,599,1,0.0,119800.0,119800.0,19800.0
8241,Adelynn Christensen,martingale,100.0,100000.0,50000.0,500,2,0.0,111300.0,111300.0,11300.0
8242,Gregory Henry,martingale,100.0,100000.0,50000.0,396,2,0.0,92900.0,92900.0,-7100.0
8243,Summer Hutchinson,martingale,100.0,100000.0,50000.0,567,3,0.0,125000.0,125000.0,25000.0
8244,Korbin Jennings,martingale,100.0,100000.0,50000.0,142,1,0.0,19200.0,19200.0,-80800.0
8245,Palmer Meyer,martingale,100.0,100000.0,50000.0,330,2,0.0,84400.0,84400.0,-15600.0
8246,Tristan McKay,martingale,100.0,100000.0,50000.0,641,2,0.0,119900.0,119900.0,19900.0
8247,Leanna Kim,martingale,100.0,100000.0,50000.0,795,3,0.0,134500.0,134500.0,34500.0
8248,Roman Lamb,martingale,100.0,100000.0,50000.0,179,2,0.0,61000.0,61000.0,-39000.0
8249,Amaia Lynch,martingale,100.0,100000.0,50000.0,310,1,0.0,64000.0,64000.0,-36000.0
8250,Zane Fuller,martingale,100.0,100000.0,50000.0,227,1,0.0,56500.0,56500.0,-43500.0
8251,Oakley Richardson,martingale,100.0,100000.0,50000.0,475,2,0.0,110600.0,110600.0,10600.0
8252,Robert Correa,martingale,100.0,100000.0,50000.0,319,1,0.0,65600.0,65600.0,-34400.0
8253,Valery Neal,martingale,100.0,100000.0,50000.0,427,3,0.0,118000.0,118000.0,18000.0
8254,Kane Hale,martingale,100.0,100000.0,50000.0,195,2,0.0,69200.0,69200.0,-30800.0
8255,Brinley Bender,martingale,100.0,100000.0,50000.0,169,1,0.0,29500.0,29500.0,-70500.0
8256,Zavier Donaldson,martingale,100.0,100000.0,50000.0,282,1,0.0,80600.0,80600.0,-19400.0
8257,Natasha Avalos,martingale,100.0,100000.0,50000.0,648,1,0.0,124500.0,124500.0,24500.0
8258,Coen Franco,martingale,100.0,100000.0,50000.0,170,2,0.0,68600.0,68600.0,-31400.0
8259,Charleigh Morrison,martingale,100.0,100000.0,50000.0,402,2,0.0,71400.0,71400.0,-28600.0
8260,Maximus Ellison,martingale,100.0,100000.0,50000.0,657,2,0.0,129700.0,129700.0,29700.0
8261,Raina Stein,martingale,100.0,100000.0,50000.0,571,1,0.0,120600.0,120600.0,20600.0
8262,Creed Lu,martingale,100.0,100000.0,50000.0,398,2,0.0,93600.0,93600.0,-6400.0
8263,Emani Villarreal,martingale,100.0,100000.0,50000.0,101,1,0.0,38900.0,38900.0,-61100.0
8264,Nikolai McDaniel,martingale,100.0,100000.0,50000.0,305,1,0.0,48000.0,48000.0,-52000.0
8265,Dahlia Noble,martingale,100.0,100000.0,50000.0,323,3,0.0,99600.0,99600.0,-400.0
8266,Idris Holloway,martingale,100.0,100000.0,50000.0,573,2,0.0,123900.0,123900.0,23900.0
8267,Mae Garrett,martingale,100.0,100000.0,50000.0,602,2,0.0,125000.0,125000.0,25000.0
8268,Kairo Christensen,martingale,100.0,100000.0,50000.0,497,1,0.0,125000.0,125000.0,25000.0
8269,Carmen Elliott,martingale,100.0,100000.0,50000.0,477,3,0.0,117300.0,117300.0,17300.0
8270,Blake Knight,martingale,100.0,100000.0,50000.0,739,1,0.0,136600.0,136600.0,36600.0
8271,Gracie Bradshaw,martingale,100.0,100000.0,50000.0,256,5,0.0,96100.0,96100.0,-3900.0
8272,Emory Banks,martingale,100.0,100000.0,50000.0,287,2,0.0,64600.0,64600.0,-35400.0
8273,Cali Pittman,martingale,100.0,100000.0,50000.0,356,1,0.0,88000.0,88000.0,-12000.0
8274,Valentino McClain,martingale,100.0,100000.0,50000.0,710,2,0.0,134600.0,134600.0,34600.0
8275,Marleigh Pham,martingale,100.0,100000.0,50000.0,670,2,0.0,128600.0,128600.0,28600.0
8276,Russell Thomas,martingale,100.0,100000.0,50000.0,363,1,0.0,73600.0,73600.0,-26400.0
8277,Elizabeth Carey,martingale,100.0,100000.0,50000.0,676,1,0.0,128200.0,128200.0,28200.0
8278,Watson Gutierrez,martingale,100.0,100000.0,50000.0,135,1,0.0,29600.0,29600.0,-70400.0
8279,Savannah Neal,martingale,100.0,100000.0,50000.0,255,2,0.0,102200.0,102200.0,2200.0
8280,Kane Edwards,martingale,100.0,100000.0,50000.0,581,2,0.0,127500.0,127500.0,27500.0
8281,Ivy Jarvis,martingale,100.0,100000.0,50000.0,469,3,0.0,109900.0,109900.0,9900.0
8282,Marlon Campbell,martingale,100.0,100000.0,50000.0,429,2,0.0,115000.0,115000.0,15000.0
8283,Addison Reeves,martingale,100.0,100000.0,50000.0,552,1,0.0,103300.0,103300.0,3300.0
8284,Clark Meyer,martingale,100.0,100000.0,50000.0,537,1,0.0,110200.0,110200.0,10200.0
8285,Sara Chavez,martingale,100.0,100000.0,50000.0,568,2,0.0,120700.0,120700.0,20700.0
8286,Ian Gilbert,martingale,100.0,100000.0,50000.0,603,1,0.0,99800.0,99800.0,-200.0
8287,Jocelyn Nicholson,martingale,100.0,100000.0,50000.0,457,1,0.0,109500.0,109500.0,9500.0
8288,Rodrigo Gutierrez,martingale,100.0,100000.0,50000.0,473,1,0.0,120700.0,120700.0,20700.0
8289,Savannah Thornton,martingale,100.0,100000.0,50000.0,762,3,0.0,138400.0,138400.0,38400.0
8290,Malik Hensley,martingale,100.0,100000.0,50000.0,529,2,0.0,122200.0,122200.0,22200.0
8291,Malaya Charles,martingale,100.0,100000.0,50000.0,190,1,0.0,40900.0,40900.0,-59100.0
8292,Conrad Ballard,martingale,100.0,100000.0,50000.0,342,4,0.0,97500.0,97500.0,-2500.0
8293,Alejandra Washington,martingale,100.0,100000.0,50000.0,625,1,0.0,129100.0,129100.0,29100.0
8294,Juan Kane,martingale,100.0,100000.0,50000.0,178,2,0.0,58900.0,58900.0,-41100.0
8295,Ellianna Grant,martingale,100.0,100000.0,50000.0,148,1,0.0,36000.0,36000.0,-64000.0
8296,Leon McDaniel,martingale,100.0,100000.0,50000.0,600,2,0.0,122900.0,122900.0,22900.0
8297,Dahlia Kemp,martingale,100.0,100000.0,50000.0,721,2,0.0,137700.0,137700.0,37700.0
8298,Melvin Richard,martingale,100.0,100000.0,50000.0,398,1,0.0,114100.0,114100.0,14100.0
8299,Davina Mays,martingale,100.0,100000.0,50000.0,456,2,0.0,115300.0,115300.0,15300.0
8300,Jadiel Maxwell,martingale,100.0,100000.0,50000.0,127,1,0.0,26700.0,26700.0,-73300.0
8301,Kyla Gallegos,martingale,100.0,100000.0,50000.0,314,2,0.0,111800.0,111800.0,11800.0
8302,Jonas Truong,martingale,100.0,100000.0,50000.0,306,3,0.0,84100.0,84100.0,-15900.0
8303,Judith Palmer,martingale,100.0,100000.0,50000.0,510,2,0.0,124100.0,124100.0,24100.0
8304,Theo House,martingale,100.0,100000.0,50000.0,728,2,0.0,134400.0,134400.0,34400.0
8305,Sariah Mays,martingale,100.0,100000.0,50000.0,666,3,0.0,129300.0,129300.0,29300.0
8306,Jadiel Spence,martingale,100.0,100000.0,50000.0,463,1,0.0,94000.0,94000.0,-6000.0
8307,Aislinn Reyes,martingale,100.0,100000.0,50000.0,701,1,0.0,132400.0,132400.0,32400.0
8308,Eli Watson,martingale,100.0,100000.0,50000.0,163,1,0.0,29600.0,29600.0,-70400.0
8309,Hailey Hampton,martingale,100.0,100000.0,50000.0,558,2,0.0,124800.0,124800.0,24800.0
8310,Hank Harrison,martingale,100.0,100000.0,50000.0,772,2,0.0,137900.0,137900.0,37900.0
8311,Jasmine Sampson,martingale,100.0,100000.0,50000.0,294,1,0.0,74500.0,74500.0,-25500.0
8312,Cain Shepard,martingale,100.0,100000.0,50000.0,279,1,0.0,78300.0,78300.0,-21700.0
8313,Noor Velasquez,martingale,100.0,100000.0,50000.0,360,1,0.0,85600.0,85600.0,-14400.0
8314,Sullivan Montgomery,martingale,100.0,100000.0,50000.0,536,0,0.0,118200.0,118200.0,18200.0
8315,Evangeline Garner,martingale,100.0,100000.0,50000.0,25,1,0.0,7200.0,7200.0,-92800.0
8316,Sage Melton,martingale,100.0,100000.0,50000.0,552,2,0.0,121900.0,121900.0,21900.0
8317,Kamiyah Valentine,martingale,100.0,100000.0,50000.0,82,2,0.0,52300.0,52300.0,-47700.0
8318,Demetrius Olsen,martingale,100.0,100000.0,50000.0,624,1,0.0,119900.0,119900.0,19900.0
8319,Oaklyn Bautista,martingale,100.0,100000.0,50000.0,257,1,0.0,80100.0,80100.0,-19900.0
8320,Raul Maddox,martingale,100.0,100000.0,50000.0,544,3,0.0,125100.0,125100.0,25100.0
8321,Zainab Proctor,martingale,100.0,100000.0,50000.0,346,5,0.0,106800.0,106800.0,6800.0
8322,Vance Bullock,martingale,100.0,100000.0,50000.0,376,2,0.0,110600.0,110600.0,10600.0
8323,Winnie Walls,martingale,100.0,100000.0,50000.0,350,1,0.0,102600.0,102600.0,2600.0
8324,Larry Montoya,martingale,100.0,100000.0,50000.0,676,2,0.0,131000.0,131000.0,31000.0
8325,Kamryn Vincent,martingale,100.0,100000.0,50000.0,280,3,0.0,65300.0,65300.0,-34700.0
8326,Aarav Barker,martingale,100.0,100000.0,50000.0,322,4,0.0,106900.0,106900.0,6900.0
8327,Remington Gallagher,martingale,100.0,100000.0,50000.0,377,1,0.0,71700.0,71700.0,-28300.0
8328,Marcos Carrillo,martingale,100.0,100000.0,50000.0,655,3,0.0,128000.0,128000.0,28000.0
8329,Kaylani McIntosh,martingale,100.0,100000.0,50000.0,188,1,0.0,31000.0,31000.0,-69000.0
8330,Kristian Mullins,martingale,100.0,100000.0,50000.0,646,3,0.0,124800.0,124800.0,24800.0
8331,Maliyah Steele,martingale,100.0,100000.0,50000.0,248,2,0.0,61000.0,61000.0,-39000.0
8332,Elian Hester,martingale,100.0,100000.0,50000.0,70,1,0.0,9300.0,9300.0,-90700.0
8333,Zendaya Christensen,martingale,100.0,100000.0,50000.0,742,1,0.0,136900.0,136900.0,36900.0
8334,Gregory Blanchard,martingale,100.0,100000.0,50000.0,78,1,0.0,11800.0,11800.0,-88200.0
8335,Layne Valenzuela,martingale,100.0,100000.0,50000.0,555,1,0.0,121200.0,121200.0,21200.0
8336,Jamari Le,martingale,100.0,100000.0,50000.0,224,1,0.0,38600.0,38600.0,-61400.0
8337,Myla Hill,martingale,100.0,100000.0,50000.0,407,1,0.0,93300.0,93300.0,-6700.0
8338,Isaac McBride,martingale,100.0,100000.0,50000.0,369,1,0.0,86300.0,86300.0,-13700.0
8339,Kelsey Watts,martingale,100.0,100000.0,50000.0,244,2,0.0,62900.0,62900.0,-37100.0
8340,Dakota Galvan,martingale,100.0,100000.0,50000.0,216,1,0.0,83900.0,83900.0,-16100.0
8341,Dallas Dean,martingale,100.0,100000.0,50000.0,545,1,0.0,101500.0,101500.0,1500.0
8342,Ronan Brock,martingale,100.0,100000.0,50000.0,365,3,0.0,113500.0,113500.0,13500.0
8343,Jada Adams,martingale,100.0,100000.0,50000.0,314,1,0.0,55800.0,55800.0,-44200.0
8344,Hudson Carey,martingale,100.0,100000.0,50000.0,617,3,0.0,114900.0,114900.0,14900.0
8345,Alora Rios,martingale,100.0,100000.0,50000.0,803,3,0.0,139400.0,139400.0,39400.0
8346,Israel Tucker,martingale,100.0,100000.0,50000.0,607,1,0.0,123900.0,123900.0,23900.0
8347,Esther Swanson,martingale,100.0,100000.0,50000.0,53,1,0.0,5800.0,5800.0,-94200.0
8348,Hugo Pearson,martingale,100.0,100000.0,50000.0,441,2,0.0,115400.0,115400.0,15400.0
8349,Kiara Galindo,martingale,100.0,100000.0,50000.0,301,2,0.0,86500.0,86500.0,-13500.0
8350,Salvatore Norton,martingale,100.0,100000.0,50000.0,566,1,0.0,118800.0,118800.0,18800.0
8351,Kylee Roman,martingale,100.0,100000.0,50000.0,543,1,0.0,100900.0,100900.0,900.0
8352,Kian Mosley,martingale,100.0,100000.0,50000.0,191,2,0.0,60500.0,60500.0,-39500.0
8353,Zaniyah Guerra,martingale,100.0,100000.0,50000.0,500,2,0.0,100800.0,100800.0,800.0
8354,Leland Burch,martingale,100.0,100000.0,50000.0,340,2,0.0,94900.0,94900.0,-5100.0
8355,Freyja Barrera,martingale,100.0,100000.0,50000.0,99,1,0.0,13800.0,13800.0,-86200.0
8356,Makai King,martingale,100.0,100000.0,50000.0,556,1,0.0,110300.0,110300.0,10300.0
8357,Victoria Johnson,martingale,100.0,100000.0,50000.0,631,1,0.0,129500.0,129500.0,29500.0
8358,Noah Ruiz,martingale,100.0,100000.0,50000.0,159,1,0.0,26200.0,26200.0,-73800.0
8359,Emery Pace,martingale,100.0,100000.0,50000.0,352,1,0.0,68700.0,68700.0,-31300.0
8360,Dior Scott,martingale,100.0,100000.0,50000.0,355,3,0.0,95300.0,95300.0,-4700.0
8361,Aurora Esparza,martingale,100.0,100000.0,50000.0,502,1,0.0,94500.0,94500.0,-5500.0
8362,Carl Shepherd,martingale,100.0,100000.0,50000.0,522,2,0.0,122800.0,122800.0,22800.0
8363,Katalina Khan,martingale,100.0,100000.0,50000.0,499,1,0.0,101600.0,101600.0,1600.0
8364,Kendrick Stuart,martingale,100.0,100000.0,50000.0,488,1,0.0,106800.0,106800.0,6800.0
8365,Stormi Arnold,martingale,100.0,100000.0,50000.0,577,2,0.0,121100.0,121100.0,21100.0
8366,Abraham Schultz,martingale,100.0,100000.0,50000.0,348,1,0.0,84900.0,84900.0,-15100.0
8367,Briella Huang,martingale,100.0,100000.0,50000.0,647,1,0.0,119100.0,119100.0,19100.0
8368,Ayaan Bernard,martingale,100.0,100000.0,50000.0,600,1,0.0,123000.0,123000.0,23000.0
8369,Barbara English,martingale,100.0,100000.0,50000.0,479,2,0.0,121500.0,121500.0,21500.0
8370,Junior Beard,martingale,100.0,100000.0,50000.0,238,4,0.0,62000.0,62000.0,-38000.0
8371,Ezra Carrillo,martingale,100.0,100000.0,50000.0,447,1,0.0,96400.0,96400.0,-3600.0
8372,Wade Fox,martingale,100.0,100000.0,50000.0,160,4,0.0,66600.0,66600.0,-33400.0
8373,Juliette Griffith,martingale,100.0,100000.0,50000.0,356,2,0.0,76000.0,76000.0,-24000.0
8374,Franklin Griffith,martingale,100.0,100000.0,50000.0,607,2,0.0,124300.0,124300.0,24300.0
8375,Alicia Velez,martingale,100.0,100000.0,50000.0,240,4,0.0,77500.0,77500.0,-22500.0
8376,Kareem Mullins,martingale,100.0,100000.0,50000.0,307,2,0.0,101600.0,101600.0,1600.0
8377,Maliyah Hess,martingale,100.0,100000.0,50000.0,222,1,0.0,56400.0,56400.0,-43600.0
8378,Lawrence Person,martingale,100.0,100000.0,50000.0,424,1,0.0,102800.0,102800.0,2800.0
8379,Dylan Walls,martingale,100.0,100000.0,50000.0,458,0,0.0,96400.0,96400.0,-3600.0
8380,Larry Zavala,martingale,100.0,100000.0,50000.0,422,1,0.0,116000.0,116000.0,16000.0
8381,Liv Floyd,martingale,100.0,100000.0,50000.0,300,2,0.0,91600.0,91600.0,-8400.0
8382,Pierce Bartlett,martingale,100.0,100000.0,50000.0,584,1,0.0,114600.0,114600.0,14600.0
8383,Aubrielle Vo,martingale,100.0,100000.0,50000.0,235,1,0.0,45100.0,45100.0,-54900.0
8384,Gordon Harmon,martingale,100.0,100000.0,50000.0,425,1,0.0,76300.0,76300.0,-23700.0
8385,Maren Diaz,martingale,100.0,100000.0,50000.0,636,1,0.0,118700.0,118700.0,18700.0
8386,Nathan Macdonald,martingale,100.0,100000.0,50000.0,483,1,0.0,113900.0,113900.0,13900.0
8387,Rosalia Clements,martingale,100.0,100000.0,50000.0,279,4,0.0,109200.0,109200.0,9200.0
8388,Fisher Rollins,martingale,100.0,100000.0,50000.0,358,3,0.0,75900.0,75900.0,-24100.0
8389,Araceli Dawson,martingale,100.0,100000.0,50000.0,458,1,0.0,110400.0,110400.0,10400.0
8390,Iker Brennan,martingale,100.0,100000.0,50000.0,306,1,0.0,79000.0,79000.0,-21000.0
8391,Elodie Wiggins,martingale,100.0,100000.0,50000.0,614,2,0.0,129000.0,129000.0,29000.0
8392,Azariah Chavez,martingale,100.0,100000.0,50000.0,702,1,0.0,130300.0,130300.0,30300.0
8393,Nevaeh Kennedy,martingale,100.0,100000.0,50000.0,547,2,0.0,118800.0,118800.0,18800.0
8394,Maxwell Kramer,martingale,100.0,100000.0,50000.0,369,3,0.0,105900.0,105900.0,5900.0
8395,Hanna Bradley,martingale,100.0,100000.0,50000.0,581,2,0.0,115900.0,115900.0,15900.0
8396,Richard Ramsey,martingale,100.0,100000.0,50000.0,393,2,0.0,102300.0,102300.0,2300.0
8397,Lyric Buck,martingale,100.0,100000.0,50000.0,703,1,0.0,130700.0,130700.0,30700.0
8398,Jon Wong,martingale,100.0,100000.0,50000.0,388,1,0.0,116200.0,116200.0,16200.0
8399,Adelaide O’Neal,martingale,100.0,100000.0,50000.0,82,1,0.0,17200.0,17200.0,-82800.0
8400,Eddie Schroeder,martingale,100.0,100000.0,50000.0,81,1,0.0,32900.0,32900.0,-67100.0
8401,Cameron Hicks,martingale,100.0,100000.0,50000.0,312,2,0.0,65100.0,65100.0,-34900.0
8402,Maddox Corona,martingale,100.0,100000.0,50000.0,318,2,0.0,65600.0,65600.0,-34400.0
8403,Marianna Barajas,martingale,100.0,100000.0,50000.0,231,2,0.0,77900.0,77900.0,-22100.0
8404,Brennan Mayer,martingale,100.0,100000.0,50000.0,403,2,0.0,100200.0,100200.0,200.0
8405,Ainhoa Holmes,martingale,100.0,100000.0,50000.0,442,3,0.0,118500.0,118500.0,18500.0
8406,King Jackson,martingale,100.0,100000.0,50000.0,584,1,0.0,109900.0,109900.0,9900.0
8407,Avery Bruce,martingale,100.0,100000.0,50000.0,431,3,0.0,102500.0,102500.0,2500.0
8408,Uriah Sheppard,martingale,100.0,100000.0,50000.0,527,1,0.0,105300.0,105300.0,5300.0
8409,Veda Valentine,martingale,100.0,100000.0,50000.0,113,1,0.0,17900.0,17900.0,-82100.0
8410,Demetrius Hutchinson,martingale,100.0,100000.0,50000.0,251,1,0.0,92500.0,92500.0,-7500.0
8411,Jamie Livingston,martingale,100.0,100000.0,50000.0,107,1,0.0,22100.0,22100.0,-77900.0
8412,Ambrose Hunter,martingale,100.0,100000.0,50000.0,164,1,0.0,74500.0,74500.0,-25500.0
8413,Khloe Waller,martingale,100.0,100000.0,50000.0,106,1,0.0,12800.0,12800.0,-87200.0
8414,Marley Barber,martingale,100.0,100000.0,50000.0,200,2,0.0,90500.0,90500.0,-9500.0
8415,Cassidy Salgado,martingale,100.0,100000.0,50000.0,676,2,0.0,122300.0,122300.0,22300.0
8416,Trace Robbins,martingale,100.0,100000.0,50000.0,717,2,0.0,133300.0,133300.0,33300.0
8417,Stevie Boyer,martingale,100.0,100000.0,50000.0,231,4,0.0,87000.0,87000.0,-13000.0
8418,Zeke Bowers,martingale,100.0,100000.0,50000.0,346,2,0.0,114800.0,114800.0,14800.0
8419,Elisa Conway,martingale,100.0,100000.0,50000.0,544,2,0.0,114500.0,114500.0,14500.0
8420,Orlando Mann,martingale,100.0,100000.0,50000.0,603,2,0.0,117600.0,117600.0,17600.0
8421,Paislee Glass,martingale,100.0,100000.0,50000.0,68,1,0.0,9100.0,9100.0,-90900.0
8422,Allan Spencer,martingale,100.0,100000.0,50000.0,317,3,0.0,89800.0,89800.0,-10200.0
8423,Alyssa McKee,martingale,100.0,100000.0,50000.0,434,2,0.0,112600.0,112600.0,12600.0
8424,Bjorn Salgado,martingale,100.0,100000.0,50000.0,597,1,0.0,125600.0,125600.0,25600.0
8425,Avalynn Lewis,martingale,100.0,100000.0,50000.0,96,1,0.0,14500.0,14500.0,-85500.0
8426,Wyatt Bishop,martingale,100.0,100000.0,50000.0,14,1,0.0,500.0,500.0,-99500.0
8427,Brooklynn Short,martingale,100.0,100000.0,50000.0,588,1,0.0,118000.0,118000.0,18000.0
8428,Hezekiah Baker,martingale,100.0,100000.0,50000.0,272,1,0.0,43300.0,43300.0,-56700.0
8429,Isla Robbins,martingale,100.0,100000.0,50000.0,521,1,0.0,116200.0,116200.0,16200.0
8430,Finnegan McKay,martingale,100.0,100000.0,50000.0,303,1,0.0,91600.0,91600.0,-8400.0
8431,Leanna Klein,martingale,100.0,100000.0,50000.0,249,1,0.0,51200.0,51200.0,-48800.0
8432,Marco Long,martingale,100.0,100000.0,50000.0,424,1,0.0,110400.0,110400.0,10400.0
8433,Jade Horn,martingale,100.0,100000.0,50000.0,606,1,0.0,126200.0,126200.0,26200.0
8434,Wilson Vaughan,martingale,100.0,100000.0,50000.0,451,1,0.0,104300.0,104300.0,4300.0
8435,Nancy Beil,martingale,100.0,100000.0,50000.0,506,1,0.0,113900.0,113900.0,13900.0
8436,Ariel Garrett,martingale,100.0,100000.0,50000.0,162,1,0.0,21700.0,21700.0,-78300.0
8437,Tessa Strickland,martingale,100.0,100000.0,50000.0,612,2,0.0,130100.0,130100.0,30100.0
8438,Keegan Sherman,martingale,100.0,100000.0,50000.0,151,3,0.0,63800.0,63800.0,-36200.0
8439,Addilyn Banks,martingale,100.0,100000.0,50000.0,367,1,0.0,62000.0,62000.0,-38000.0
8440,Martin Gutierrez,martingale,100.0,100000.0,50000.0,60,1,0.0,56200.0,56200.0,-43800.0
8441,Savannah Norris,martingale,100.0,100000.0,50000.0,107,1,0.0,29900.0,29900.0,-70100.0
8442,Cairo Brennan,martingale,100.0,100000.0,50000.0,293,2,0.0,104100.0,104100.0,4100.0
8443,Elodie Benitez,martingale,100.0,100000.0,50000.0,780,2,0.0,137200.0,137200.0,37200.0
8444,Justice Waters,martingale,100.0,100000.0,50000.0,307,1,0.0,96200.0,96200.0,-3800.0
8445,Bristol Curry,martingale,100.0,100000.0,50000.0,278,1,0.0,64900.0,64900.0,-35100.0
8446,Briggs Abbott,martingale,100.0,100000.0,50000.0,640,1,0.0,129100.0,129100.0,29100.0
8447,Melany Jacobs,martingale,100.0,100000.0,50000.0,409,1,0.0,115600.0,115600.0,15600.0
8448,Bryan Shelton,martingale,100.0,100000.0,50000.0,469,2,0.0,99100.0,99100.0,-900.0
8449,Makenzie Henry,martingale,100.0,100000.0,50000.0,645,2,0.0,130100.0,130100.0,30100.0
8450,Carlos Chen,martingale,100.0,100000.0,50000.0,279,2,0.0,92300.0,92300.0,-7700.0
8451,Valeria McDowell,martingale,100.0,100000.0,50000.0,435,2,0.0,108200.0,108200.0,8200.0
8452,Lachlan Sparks,martingale,100.0,100000.0,50000.0,580,0,0.0,125700.0,125700.0,25700.0
8453,Aisha Figueroa,martingale,100.0,100000.0,50000.0,526,1,0.0,112300.0,112300.0,12300.0
8454,Spencer Cantrell,martingale,100.0,100000.0,50000.0,136,2,0.0,65300.0,65300.0,-34700.0
8455,Yamileth Carter,martingale,100.0,100000.0,50000.0,640,4,0.0,126200.0,126200.0,26200.0
8456,Maverick McMahon,martingale,100.0,100000.0,50000.0,283,1,0.0,67700.0,67700.0,-32300.0
8457,Belen Cummings,martingale,100.0,100000.0,50000.0,533,2,0.0,114400.0,114400.0,14400.0
8458,Raiden Pace,martingale,100.0,100000.0,50000.0,49,1,0.0,6700.0,6700.0,-93300.0
8459,Giana Orr,martingale,100.0,100000.0,50000.0,469,2,0.0,116400.0,116400.0,16400.0
8460,Benicio Hill,martingale,100.0,100000.0,50000.0,562,1,0.0,115800.0,115800.0,15800.0
8461,Hannah Camacho,martingale,100.0,100000.0,50000.0,484,3,0.0,107300.0,107300.0,7300.0
8462,Tatum Hill,martingale,100.0,100000.0,50000.0,308,2,0.0,85900.0,85900.0,-14100.0
8463,Hannah Hodge,martingale,100.0,100000.0,50000.0,380,1,0.0,98000.0,98000.0,-2000.0
8464,Reign Austin,martingale,100.0,100000.0,50000.0,479,1,0.0,117200.0,117200.0,17200.0
8465,Alivia Garza,martingale,100.0,100000.0,50000.0,420,2,0.0,117600.0,117600.0,17600.0
8466,Judah Austin,martingale,100.0,100000.0,50000.0,351,1,0.0,102400.0,102400.0,2400.0
8467,Alivia Glenn,martingale,100.0,100000.0,50000.0,404,1,0.0,99000.0,99000.0,-1000.0
8468,Zaid Carrillo,martingale,100.0,100000.0,50000.0,291,4,0.0,63000.0,63000.0,-37000.0
8469,Kaylani Kaur,martingale,100.0,100000.0,50000.0,516,1,0.0,119200.0,119200.0,19200.0
8470,Augustine Rogers,martingale,100.0,100000.0,50000.0,350,1,0.0,111100.0,111100.0,11100.0
8471,Madelyn Vazquez,martingale,100.0,100000.0,50000.0,607,1,0.0,125800.0,125800.0,25800.0
8472,Jesse King,martingale,100.0,100000.0,50000.0,378,2,0.0,111400.0,111400.0,11400.0
8473,Victoria Sanford,martingale,100.0,100000.0,50000.0,664,1,0.0,123100.0,123100.0,23100.0
8474,Truett Barber,martingale,100.0,100000.0,50000.0,365,3,0.0,108700.0,108700.0,8700.0
8475,Cassidy Hansen,martingale,100.0,100000.0,50000.0,17,1,0.0,1100.0,1100.0,-98900.0
8476,Charlie Whitehead,martingale,100.0,100000.0,50000.0,605,2,0.0,120400.0,120400.0,20400.0
8477,Sylvie Mueller,martingale,100.0,100000.0,50000.0,344,1,0.0,85300.0,85300.0,-14700.0
8478,Albert Hampton,martingale,100.0,100000.0,50000.0,488,2,0.0,116500.0,116500.0,16500.0
8479,Leona Bryant,martingale,100.0,100000.0,50000.0,365,1,0.0,92700.0,92700.0,-7300.0
8480,Jonah Pearson,martingale,100.0,100000.0,50000.0,787,1,0.0,139300.0,139300.0,39300.0
8481,Kiara Reilly,martingale,100.0,100000.0,50000.0,380,1,0.0,62900.0,62900.0,-37100.0
8482,Alvaro Mason,martingale,100.0,100000.0,50000.0,576,2,0.0,127200.0,127200.0,27200.0
8483,Sienna Cochran,martingale,100.0,100000.0,50000.0,323,1,0.0,85900.0,85900.0,-14100.0
8484,Danny McPherson,martingale,100.0,100000.0,50000.0,385,1,0.0,99100.0,99100.0,-900.0
8485,Emmaline Butler,martingale,100.0,100000.0,50000.0,510,1,0.0,99400.0,99400.0,-600.0
8486,Ryder Hoffman,martingale,100.0,100000.0,50000.0,509,1,0.0,98100.0,98100.0,-1900.0
8487,Aspen Montgomery,martingale,100.0,100000.0,50000.0,298,1,0.0,106100.0,106100.0,6100.0
8488,Maximiliano Reese,martingale,100.0,100000.0,50000.0,688,4,0.0,131100.0,131100.0,31100.0
8489,Rosemary Lawrence,martingale,100.0,100000.0,50000.0,275,2,0.0,70500.0,70500.0,-29500.0
8490,Kaleb Sellers,martingale,100.0,100000.0,50000.0,335,1,0.0,92000.0,92000.0,-8000.0
8491,Mercy Reilly,martingale,100.0,100000.0,50000.0,367,1,0.0,109300.0,109300.0,9300.0
8492,Alvaro Meza,martingale,100.0,100000.0,50000.0,240,1,0.0,88300.0,88300.0,-11700.0
8493,Rosa Novak,martingale,100.0,100000.0,50000.0,576,3,0.0,122700.0,122700.0,22700.0
8494,Bishop Dougherty,martingale,100.0,100000.0,50000.0,422,1,0.0,108000.0,108000.0,8000.0
8495,Alisson Mann,martingale,100.0,100000.0,50000.0,661,3,0.0,120600.0,120600.0,20600.0
8496,Nehemiah Washington,martingale,100.0,100000.0,50000.0,360,1,0.0,94700.0,94700.0,-5300.0
8497,Valerie Walter,martingale,100.0,100000.0,50000.0,274,1,0.0,71000.0,71000.0,-29000.0
8498,Lochlan Tucker,martingale,100.0,100000.0,50000.0,24,1,0.0,1400.0,1400.0,-98600.0
8499,Esther Clayton,martingale,100.0,100000.0,50000.0,181,3,0.0,93100.0,93100.0,-6900.0
8500,Boston Melendez,martingale,100.0,100000.0,50000.0,523,2,0.0,106700.0,106700.0,6700.0
8501,Bethany Lang,martingale,100.0,100000.0,50000.0,350,3,0.0,94700.0,94700.0,-5300.0
8502,Wells Cook,martingale,100.0,100000.0,50000.0,607,1,0.0,100500.0,100500.0,500.0
8503,Aaliyah Dunn,martingale,100.0,100000.0,50000.0,501,2,0.0,123200.0,123200.0,23200.0
8504,Dawson Reyes,martingale,100.0,100000.0,50000.0,519,1,0.0,110400.0,110400.0,10400.0
8505,Audrey Gonzalez,martingale,100.0,100000.0,50000.0,781,3,0.0,140100.0,140100.0,40100.0
8506,Ethan Lane,martingale,100.0,100000.0,50000.0,268,2,0.0,100200.0,100200.0,200.0
8507,Amy Meadows,martingale,100.0,100000.0,50000.0,302,2,0.0,79400.0,79400.0,-20600.0
8508,Wayne Ballard,martingale,100.0,100000.0,50000.0,781,2,0.0,136900.0,136900.0,36900.0
8509,Alejandra Owen,martingale,100.0,100000.0,50000.0,564,1,0.0,124300.0,124300.0,24300.0
8510,Cannon Leblanc,martingale,100.0,100000.0,50000.0,494,1,0.0,94700.0,94700.0,-5300.0
8511,Novalee Deleon,martingale,100.0,100000.0,50000.0,209,2,0.0,75300.0,75300.0,-24700.0
8512,Nasir Wiley,martingale,100.0,100000.0,50000.0,362,2,0.0,92200.0,92200.0,-7800.0
8513,Lauryn O’Connor,martingale,100.0,100000.0,50000.0,763,4,0.0,132600.0,132600.0,32600.0
8514,Princeton Hess,martingale,100.0,100000.0,50000.0,296,1,0.0,65700.0,65700.0,-34300.0
8515,Kaliyah McMillan,martingale,100.0,100000.0,50000.0,365,1,0.0,113400.0,113400.0,13400.0
8516,Rocky Cantu,martingale,100.0,100000.0,50000.0,654,3,0.0,130600.0,130600.0,30600.0
8517,Galilea Shields,martingale,100.0,100000.0,50000.0,324,1,0.0,80700.0,80700.0,-19300.0
8518,Devon Rosario,martingale,100.0,100000.0,50000.0,553,1,0.0,126900.0,126900.0,26900.0
8519,Louisa Frederick,martingale,100.0,100000.0,50000.0,149,1,0.0,22400.0,22400.0,-77600.0
8520,Kase Knox,martingale,100.0,100000.0,50000.0,505,1,0.0,118700.0,118700.0,18700.0
8521,Kallie Andersen,martingale,100.0,100000.0,50000.0,468,3,0.0,120500.0,120500.0,20500.0
8522,Alistair Kirby,martingale,100.0,100000.0,50000.0,385,2,0.0,112400.0,112400.0,12400.0
8523,Skyla Murillo,martingale,100.0,100000.0,50000.0,127,1,0.0,16400.0,16400.0,-83600.0
8524,Lance Garza,martingale,100.0,100000.0,50000.0,259,1,0.0,61000.0,61000.0,-39000.0
8525,River Rivera,martingale,100.0,100000.0,50000.0,125,1,0.0,29700.0,29700.0,-70300.0
8526,Charles Garrett,martingale,100.0,100000.0,50000.0,344,1,0.0,95200.0,95200.0,-4800.0
8527,Tessa Neal,martingale,100.0,100000.0,50000.0,582,1,0.0,100300.0,100300.0,300.0
8528,Kane Marks,martingale,100.0,100000.0,50000.0,435,1,0.0,109400.0,109400.0,9400.0
8529,Monica Gardner,martingale,100.0,100000.0,50000.0,614,3,0.0,130100.0,130100.0,30100.0
8530,Alan Anderson,martingale,100.0,100000.0,50000.0,657,2,0.0,128800.0,128800.0,28800.0
8531,Ella Good,martingale,100.0,100000.0,50000.0,540,3,0.0,121200.0,121200.0,21200.0
8532,Davian Figueroa,martingale,100.0,100000.0,50000.0,228,1,0.0,42800.0,42800.0,-57200.0
8533,Lilith Roy,martingale,100.0,100000.0,50000.0,503,3,0.0,122400.0,122400.0,22400.0
8534,Marcelo Richard,martingale,100.0,100000.0,50000.0,476,3,0.0,101200.0,101200.0,1200.0
8535,Davina Bravo,martingale,100.0,100000.0,50000.0,57,1,0.0,13600.0,13600.0,-86400.0
8536,Genesis Pugh,martingale,100.0,100000.0,50000.0,290,2,0.0,64500.0,64500.0,-35500.0
8537,Landry Ayers,martingale,100.0,100000.0,50000.0,325,2,0.0,65200.0,65200.0,-34800.0
8538,Ulises Castillo,martingale,100.0,100000.0,50000.0,459,1,0.0,105400.0,105400.0,5400.0
8539,Eva Villanueva,martingale,100.0,100000.0,50000.0,353,1,0.0,90600.0,90600.0,-9400.0
8540,Huxley Gordon,martingale,100.0,100000.0,50000.0,469,3,0.0,122300.0,122300.0,22300.0
8541,Taylor Waller,martingale,100.0,100000.0,50000.0,387,3,0.0,114900.0,114900.0,14900.0
8542,Marley Johnson,martingale,100.0,100000.0,50000.0,658,1,0.0,131900.0,131900.0,31900.0
8543,Emma Carroll,martingale,100.0,100000.0,50000.0,466,1,0.0,114200.0,114200.0,14200.0
8544,Oscar Peterson,martingale,100.0,100000.0,50000.0,523,1,0.0,115100.0,115100.0,15100.0
8545,Caroline Herman,martingale,100.0,100000.0,50000.0,511,1,0.0,106600.0,106600.0,6600.0
8546,Juelz Salazar,martingale,100.0,100000.0,50000.0,605,2,0.0,122700.0,122700.0,22700.0
8547,Freya Arias,martingale,100.0,100000.0,50000.0,425,3,0.0,108900.0,108900.0,8900.0
8548,Alec Fuentes,martingale,100.0,100000.0,50000.0,298,1,0.0,63300.0,63300.0,-36700.0
8549,Madeleine Hicks,martingale,100.0,100000.0,50000.0,635,1,0.0,128100.0,128100.0,28100.0
8550,Maddox Petersen,martingale,100.0,100000.0,50000.0,160,1,0.0,23500.0,23500.0,-76500.0
8551,Fernanda Bernard,martingale,100.0,100000.0,50000.0,302,1,0.0,70400.0,70400.0,-29600.0
8552,Jair Morrow,martingale,100.0,100000.0,50000.0,38,1,0.0,6600.0,6600.0,-93400.0
8553,Reyna Ferguson,martingale,100.0,100000.0,50000.0,524,1,0.0,124700.0,124700.0,24700.0
8554,Miguel Leblanc,martingale,100.0,100000.0,50000.0,262,1,0.0,84900.0,84900.0,-15100.0
8555,Novalee Campos,martingale,100.0,100000.0,50000.0,483,2,0.0,122000.0,122000.0,22000.0
8556,Gideon Perry,martingale,100.0,100000.0,50000.0,326,1,0.0,80400.0,80400.0,-19600.0
8557,Clara Beard,martingale,100.0,100000.0,50000.0,638,2,0.0,126400.0,126400.0,26400.0
8558,Nathanael Hughes,martingale,100.0,100000.0,50000.0,593,3,0.0,123400.0,123400.0,23400.0
8559,Samantha Shaw,martingale,100.0,100000.0,50000.0,439,2,0.0,96800.0,96800.0,-3200.0
8560,Elliot Eaton,martingale,100.0,100000.0,50000.0,453,1,0.0,105000.0,105000.0,5000.0
8561,Miley Yoder,martingale,100.0,100000.0,50000.0,252,1,0.0,95000.0,95000.0,-5000.0
8562,Johan Delacruz,martingale,100.0,100000.0,50000.0,577,1,0.0,114400.0,114400.0,14400.0
8563,Celine Hunt,martingale,100.0,100000.0,50000.0,602,2,0.0,118400.0,118400.0,18400.0
8564,Jesus Colon,martingale,100.0,100000.0,50000.0,513,1,0.0,113400.0,113400.0,13400.0
8565,Remy Murray,martingale,100.0,100000.0,50000.0,457,2,0.0,108500.0,108500.0,8500.0
8566,Ashton Wells,martingale,100.0,100000.0,50000.0,141,2,0.0,55300.0,55300.0,-44700.0
8567,Cecilia Morgan,martingale,100.0,100000.0,50000.0,215,1,0.0,72100.0,72100.0,-27900.0
8568,Hunter Conner,martingale,100.0,100000.0,50000.0,605,1,0.0,126800.0,126800.0,26800.0
8569,Alondra Mack,martingale,100.0,100000.0,50000.0,103,1,0.0,14600.0,14600.0,-85400.0
8570,Esteban Hess,martingale,100.0,100000.0,50000.0,272,2,0.0,69700.0,69700.0,-30300.0
8571,Kaliyah Horne,martingale,100.0,100000.0,50000.0,431,3,0.0,100900.0,100900.0,900.0
8572,Zev Watkins,martingale,100.0,100000.0,50000.0,407,2,0.0,74500.0,74500.0,-25500.0
8573,Lola Logan,martingale,100.0,100000.0,50000.0,104,1,0.0,15600.0,15600.0,-84400.0
8574,Rocco Ali,martingale,100.0,100000.0,50000.0,628,2,0.0,129500.0,129500.0,29500.0
8575,Zelda Cherry,martingale,100.0,100000.0,50000.0,479,1,0.0,112600.0,112600.0,12600.0
8576,Rome Nunez,martingale,100.0,100000.0,50000.0,42,1,0.0,3600.0,3600.0,-96400.0
8577,Mya Rogers,martingale,100.0,100000.0,50000.0,194,1,0.0,54000.0,54000.0,-46000.0
8578,Colton Dawson,martingale,100.0,100000.0,50000.0,591,2,0.0,125900.0,125900.0,25900.0
8579,Veronica Martin,martingale,100.0,100000.0,50000.0,323,2,0.0,90600.0,90600.0,-9400.0
8580,Mateo Deleon,martingale,100.0,100000.0,50000.0,522,5,0.0,123600.0,123600.0,23600.0
8581,Gabrielle Hicks,martingale,100.0,100000.0,50000.0,327,1,0.0,77600.0,77600.0,-22400.0
8582,Maddox McIntosh,martingale,100.0,100000.0,50000.0,335,1,0.0,87300.0,87300.0,-12700.0
8583,Gwen Hubbard,martingale,100.0,100000.0,50000.0,610,1,0.0,123300.0,123300.0,23300.0
8584,Forrest Navarro,martingale,100.0,100000.0,50000.0,236,1,0.0,50800.0,50800.0,-49200.0
8585,Winter Berg,martingale,100.0,100000.0,50000.0,454,1,0.0,111700.0,111700.0,11700.0
8586,Cayson Arellano,martingale,100.0,100000.0,50000.0,150,1,0.0,26800.0,26800.0,-73200.0
8587,Faye Navarro,martingale,100.0,100000.0,50000.0,475,1,0.0,119000.0,119000.0,19000.0
8588,Reid Cardenas,martingale,100.0,100000.0,50000.0,384,2,0.0,89200.0,89200.0,-10800.0
8589,Raven Maynard,martingale,100.0,100000.0,50000.0,484,3,0.0,114900.0,114900.0,14900.0
8590,Landry Guerra,martingale,100.0,100000.0,50000.0,705,1,0.0,121300.0,121300.0,21300.0
8591,Edith Guerra,martingale,100.0,100000.0,50000.0,554,1,0.0,124600.0,124600.0,24600.0
8592,Leland Long,martingale,100.0,100000.0,50000.0,329,1,0.0,96800.0,96800.0,-3200.0
8593,Jade Wu,martingale,100.0,100000.0,50000.0,728,3,0.0,133400.0,133400.0,33400.0
8594,Kyson Clark,martingale,100.0,100000.0,50000.0,590,1,0.0,128500.0,128500.0,28500.0
8595,Chloe Frazier,martingale,100.0,100000.0,50000.0,349,1,0.0,75600.0,75600.0,-24400.0
8596,Callum Singh,martingale,100.0,100000.0,50000.0,799,1,0.0,137800.0,137800.0,37800.0
8597,Vivienne Charles,martingale,100.0,100000.0,50000.0,177,1,0.0,62100.0,62100.0,-37900.0
8598,Conrad Hogan,martingale,100.0,100000.0,50000.0,152,1,0.0,58900.0,58900.0,-41100.0
8599,Kathryn Pollard,martingale,100.0,100000.0,50000.0,549,2,0.0,122000.0,122000.0,22000.0
8600,Jad Fry,martingale,100.0,100000.0,50000.0,356,2,0.0,97400.0,97400.0,-2600.0
8601,Clarissa Huang,martingale,100.0,100000.0,50000.0,743,1,0.0,133400.0,133400.0,33400.0
8602,Ayaan Calhoun,martingale,100.0,100000.0,50000.0,395,2,0.0,68000.0,68000.0,-32000.0
8603,Thalia Finley,martingale,100.0,100000.0,50000.0,467,2,0.0,121600.0,121600.0,21600.0
8604,Calum Sharp,martingale,100.0,100000.0,50000.0,547,1,0.0,124000.0,124000.0,24000.0
8605,Camryn Hayden,martingale,100.0,100000.0,50000.0,248,2,0.0,86700.0,86700.0,-13300.0
8606,Leroy Gallegos,martingale,100.0,100000.0,50000.0,416,1,0.0,72100.0,72100.0,-27900.0
8607,Ari Rose,martingale,100.0,100000.0,50000.0,56,1,0.0,11000.0,11000.0,-89000.0
8608,Hayden Buckley,martingale,100.0,100000.0,50000.0,574,1,0.0,124900.0,124900.0,24900.0
8609,Theodora Stanton,martingale,100.0,100000.0,50000.0,329,2,0.0,104700.0,104700.0,4700.0
8610,Zyair Barrett,martingale,100.0,100000.0,50000.0,503,3,0.0,105400.0,105400.0,5400.0
8611,Kendall Shelton,martingale,100.0,100000.0,50000.0,517,3,0.0,122900.0,122900.0,22900.0
8612,Leonel Ayers,martingale,100.0,100000.0,50000.0,226,2,0.0,90900.0,90900.0,-9100.0
8613,Simone McLean,martingale,100.0,100000.0,50000.0,579,1,0.0,125300.0,125300.0,25300.0
8614,Crosby Ochoa,martingale,100.0,100000.0,50000.0,295,1,0.0,70700.0,70700.0,-29300.0
8615,Luciana Hull,martingale,100.0,100000.0,50000.0,631,1,0.0,126400.0,126400.0,26400.0
8616,Salem Ayers,martingale,100.0,100000.0,50000.0,380,2,0.0,97300.0,97300.0,-2700.0
8617,Simone Dorsey,martingale,100.0,100000.0,50000.0,544,3,0.0,115400.0,115400.0,15400.0
8618,Enoch McConnell,martingale,100.0,100000.0,50000.0,330,3,0.0,102700.0,102700.0,2700.0
8619,Denise Ballard,martingale,100.0,100000.0,50000.0,240,1,0.0,76900.0,76900.0,-23100.0
8620,Kenzo Cuevas,martingale,100.0,100000.0,50000.0,400,1,0.0,103100.0,103100.0,3100.0
8621,Adele Wilkins,martingale,100.0,100000.0,50000.0,484,2,0.0,113500.0,113500.0,13500.0
8622,Yusuf Lim,martingale,100.0,100000.0,50000.0,89,3,0.0,70600.0,70600.0,-29400.0
8623,Giavanna Johnston,martingale,100.0,100000.0,50000.0,241,2,0.0,79400.0,79400.0,-20600.0
8624,Felix Zimmerman,martingale,100.0,100000.0,50000.0,332,1,0.0,90300.0,90300.0,-9700.0
8625,Ariyah Haley,martingale,100.0,100000.0,50000.0,212,2,0.0,91500.0,91500.0,-8500.0
8626,Leif Sims,martingale,100.0,100000.0,50000.0,390,2,0.0,109900.0,109900.0,9900.0
8627,Lena Ortiz,martingale,100.0,100000.0,50000.0,450,1,0.0,107200.0,107200.0,7200.0
8628,Landon Saunders,martingale,100.0,100000.0,50000.0,750,1,0.0,130700.0,130700.0,30700.0
8629,Meadow Ramsey,martingale,100.0,100000.0,50000.0,399,1,0.0,106300.0,106300.0,6300.0
8630,Luciano Morton,martingale,100.0,100000.0,50000.0,485,0,0.0,122300.0,122300.0,22300.0
8631,Mallory Rowe,martingale,100.0,100000.0,50000.0,337,3,0.0,95200.0,95200.0,-4800.0
8632,Kamden Compton,martingale,100.0,100000.0,50000.0,449,4,0.0,103400.0,103400.0,3400.0
8633,Elina Wagner,martingale,100.0,100000.0,50000.0,609,2,0.0,124900.0,124900.0,24900.0
8634,Enzo Herman,martingale,100.0,100000.0,50000.0,382,2,0.0,94400.0,94400.0,-5600.0
8635,Paulina Rogers,martingale,100.0,100000.0,50000.0,410,1,0.0,77500.0,77500.0,-22500.0
8636,Colton Melton,martingale,100.0,100000.0,50000.0,579,1,0.0,125000.0,125000.0,25000.0
8637,Kamiyah Hancock,martingale,100.0,100000.0,50000.0,780,1,0.0,138300.0,138300.0,38300.0
8638,Rex McDowell,martingale,100.0,100000.0,50000.0,378,1,0.0,103400.0,103400.0,3400.0
8639,Rayna McMillan,martingale,100.0,100000.0,50000.0,396,1,0.0,108200.0,108200.0,8200.0
8640,Rocky Wood,martingale,100.0,100000.0,50000.0,725,1,0.0,127900.0,127900.0,27900.0
8641,Natalia Mora,martingale,100.0,100000.0,50000.0,432,3,0.0,116100.0,116100.0,16100.0
8642,Arturo Francis,martingale,100.0,100000.0,50000.0,538,1,0.0,120500.0,120500.0,20500.0
8643,Daniella Nolan,martingale,100.0,100000.0,50000.0,700,1,0.0,108300.0,108300.0,8300.0
8644,Maximo Boone,martingale,100.0,100000.0,50000.0,94,1,0.0,10400.0,10400.0,-89600.0
8645,Mariam Campos,martingale,100.0,100000.0,50000.0,588,2,0.0,127100.0,127100.0,27100.0
8646,Gideon Jackson,martingale,100.0,100000.0,50000.0,831,2,0.0,138800.0,138800.0,38800.0
8647,Avery Johnston,martingale,100.0,100000.0,50000.0,617,1,0.0,107900.0,107900.0,7900.0
8648,Felix Knox,martingale,100.0,100000.0,50000.0,207,1,0.0,61300.0,61300.0,-38700.0
8649,Kallie Pollard,martingale,100.0,100000.0,50000.0,600,1,0.0,119700.0,119700.0,19700.0
8650,Jad Welch,martingale,100.0,100000.0,50000.0,357,1,0.0,110000.0,110000.0,10000.0
8651,Amira Donovan,martingale,100.0,100000.0,50000.0,327,3,0.0,111100.0,111100.0,11100.0
8652,Brayan Moody,martingale,100.0,100000.0,50000.0,495,1,0.0,104700.0,104700.0,4700.0
8653,Elaine Rivers,martingale,100.0,100000.0,50000.0,214,1,0.0,72500.0,72500.0,-27500.0
8654,Bear Lamb,martingale,100.0,100000.0,50000.0,591,1,0.0,129700.0,129700.0,29700.0
8655,Amaia Daniel,martingale,100.0,100000.0,50000.0,451,2,0.0,118300.0,118300.0,18300.0
8656,Grady Hoffman,martingale,100.0,100000.0,50000.0,159,1,0.0,23300.0,23300.0,-76700.0
8657,Aspen Dorsey,martingale,100.0,100000.0,50000.0,11,1,0.0,100.0,100.0,-99900.0
8658,Enoch Boyer,martingale,100.0,100000.0,50000.0,316,3,0.0,93800.0,93800.0,-6200.0
8659,Chaya Middleton,martingale,100.0,100000.0,50000.0,335,1,0.0,95100.0,95100.0,-4900.0
8660,Misael Holt,martingale,100.0,100000.0,50000.0,265,2,0.0,87300.0,87300.0,-12700.0
8661,Adelynn Hebert,martingale,100.0,100000.0,50000.0,214,2,0.0,62600.0,62600.0,-37400.0
8662,Guillermo Wells,martingale,100.0,100000.0,50000.0,444,1,0.0,94500.0,94500.0,-5500.0
8663,Cecilia Dickson,martingale,100.0,100000.0,50000.0,723,2,0.0,114100.0,114100.0,14100.0
8664,Maxton Blanchard,martingale,100.0,100000.0,50000.0,278,1,0.0,68500.0,68500.0,-31500.0
8665,Layne Anthony,martingale,100.0,100000.0,50000.0,353,1,0.0,77100.0,77100.0,-22900.0
8666,Shiloh Bruce,martingale,100.0,100000.0,50000.0,441,1,0.0,118700.0,118700.0,18700.0
8667,Marilyn Berger,martingale,100.0,100000.0,50000.0,368,2,0.0,81100.0,81100.0,-18900.0
8668,Byron Meza,martingale,100.0,100000.0,50000.0,396,2,0.0,90400.0,90400.0,-9600.0
8669,Rosa Wilcox,martingale,100.0,100000.0,50000.0,543,2,0.0,123600.0,123600.0,23600.0
8670,Jerry Young,martingale,100.0,100000.0,50000.0,437,1,0.0,108500.0,108500.0,8500.0
8671,Zoey Benitez,martingale,100.0,100000.0,50000.0,638,3,0.0,130900.0,130900.0,30900.0
8672,Justice Pratt,martingale,100.0,100000.0,50000.0,223,2,0.0,62000.0,62000.0,-38000.0
8673,Ailani Meza,martingale,100.0,100000.0,50000.0,16,1,0.0,600.0,600.0,-99400.0
8674,Lucian Chung,martingale,100.0,100000.0,50000.0,656,3,0.0,132200.0,132200.0,32200.0
8675,Rivka Villarreal,martingale,100.0,100000.0,50000.0,83,1,0.0,19100.0,19100.0,-80900.0
8676,Nikolai Nielsen,martingale,100.0,100000.0,50000.0,585,1,0.0,128000.0,128000.0,28000.0
8677,Vienna Bennett,martingale,100.0,100000.0,50000.0,525,1,0.0,120000.0,120000.0,20000.0
8678,Leonardo Mann,martingale,100.0,100000.0,50000.0,401,1,0.0,85300.0,85300.0,-14700.0
8679,Paislee Montes,martingale,100.0,100000.0,50000.0,157,1,0.0,28700.0,28700.0,-71300.0
8680,Darren Donaldson,martingale,100.0,100000.0,50000.0,125,1,0.0,34500.0,34500.0,-65500.0
8681,Natasha Lloyd,martingale,100.0,100000.0,50000.0,56,1,0.0,6100.0,6100.0,-93900.0
8682,Zaire Ayers,martingale,100.0,100000.0,50000.0,530,2,0.0,120100.0,120100.0,20100.0
8683,Simone Mayer,martingale,100.0,100000.0,50000.0,419,1,0.0,95700.0,95700.0,-4300.0
8684,Yahir Patterson,martingale,100.0,100000.0,50000.0,578,1,0.0,127400.0,127400.0,27400.0
8685,Kaylee Fernandez,martingale,100.0,100000.0,50000.0,422,2,0.0,106200.0,106200.0,6200.0
8686,Bentley McLean,martingale,100.0,100000.0,50000.0,369,1,0.0,84500.0,84500.0,-15500.0
8687,Sky Pham,martingale,100.0,100000.0,50000.0,877,1,0.0,130500.0,130500.0,30500.0
8688,Russell Pugh,martingale,100.0,100000.0,50000.0,693,3,0.0,129600.0,129600.0,29600.0
8689,Landry Levy,martingale,100.0,100000.0,50000.0,457,2,0.0,113500.0,113500.0,13500.0
8690,Harold Magana,martingale,100.0,100000.0,50000.0,302,2,0.0,93900.0,93900.0,-6100.0
8691,Amaris Frost,martingale,100.0,100000.0,50000.0,652,1,0.0,108800.0,108800.0,8800.0
8692,Dario Norton,martingale,100.0,100000.0,50000.0,318,1,0.0,82700.0,82700.0,-17300.0
8693,Kylee Green,martingale,100.0,100000.0,50000.0,533,2,0.0,116000.0,116000.0,16000.0
8694,Anthony O’Donnell,martingale,100.0,100000.0,50000.0,637,2,0.0,125500.0,125500.0,25500.0
8695,Bellamy Stanley,martingale,100.0,100000.0,50000.0,465,1,0.0,98200.0,98200.0,-1800.0
8696,Manuel Bishop,martingale,100.0,100000.0,50000.0,534,4,0.0,122200.0,122200.0,22200.0
8697,Brooklynn Galvan,martingale,100.0,100000.0,50000.0,303,1,0.0,104800.0,104800.0,4800.0
8698,Kingsley Rosales,martingale,100.0,100000.0,50000.0,748,1,0.0,134900.0,134900.0,34900.0
8699,Kinley Murillo,martingale,100.0,100000.0,50000.0,412,2,0.0,110200.0,110200.0,10200.0
8700,Lance Enriquez,martingale,100.0,100000.0,50000.0,644,2,0.0,129900.0,129900.0,29900.0
8701,Nellie Michael,martingale,100.0,100000.0,50000.0,463,3,0.0,110500.0,110500.0,10500.0
8702,Bronson Greer,martingale,100.0,100000.0,50000.0,73,1,0.0,13700.0,13700.0,-86300.0
8703,Reina Torres,martingale,100.0,100000.0,50000.0,408,2,0.0,113600.0,113600.0,13600.0
8704,Jayden Sosa,martingale,100.0,100000.0,50000.0,162,1,0.0,50200.0,50200.0,-49800.0
8705,Cassandra Griffin,martingale,100.0,100000.0,50000.0,577,2,0.0,125300.0,125300.0,25300.0
8706,Ayden Morris,martingale,100.0,100000.0,50000.0,237,1,0.0,49400.0,49400.0,-50600.0
8707,Genesis Guevara,martingale,100.0,100000.0,50000.0,631,1,0.0,130000.0,130000.0,30000.0
8708,Tommy Meyers,martingale,100.0,100000.0,50000.0,483,1,0.0,110200.0,110200.0,10200.0
8709,Leyla Kelly,martingale,100.0,100000.0,50000.0,176,1,0.0,54400.0,54400.0,-45600.0
8710,Cooper Cantu,martingale,100.0,100000.0,50000.0,414,1,0.0,115800.0,115800.0,15800.0
8711,Galilea Manning,martingale,100.0,100000.0,50000.0,31,1,0.0,2400.0,2400.0,-97600.0
8712,Seth Shaw,martingale,100.0,100000.0,50000.0,338,1,0.0,93900.0,93900.0,-6100.0
8713,Emersyn Erickson,martingale,100.0,100000.0,50000.0,377,4,0.0,99700.0,99700.0,-300.0
8714,Johnny Atkins,martingale,100.0,100000.0,50000.0,420,2,0.0,95200.0,95200.0,-4800.0
8715,Mina Mora,martingale,100.0,100000.0,50000.0,84,1,0.0,20000.0,20000.0,-80000.0
8716,Arturo Espinosa,martingale,100.0,100000.0,50000.0,693,2,0.0,133100.0,133100.0,33100.0
8717,Braylee Bowers,martingale,100.0,100000.0,50000.0,556,1,0.0,119000.0,119000.0,19000.0
8718,Dorian Hurst,martingale,100.0,100000.0,50000.0,475,2,0.0,121200.0,121200.0,21200.0
8719,Adalee Vaughan,martingale,100.0,100000.0,50000.0,30,1,0.0,2400.0,2400.0,-97600.0
8720,Castiel Hanson,martingale,100.0,100000.0,50000.0,218,1,0.0,65100.0,65100.0,-34900.0
8721,Mariana Ali,martingale,100.0,100000.0,50000.0,578,1,0.0,119200.0,119200.0,19200.0
8722,Arjun Hurst,martingale,100.0,100000.0,50000.0,72,1,0.0,11700.0,11700.0,-88300.0
8723,Adalee Klein,martingale,100.0,100000.0,50000.0,167,1,0.0,75500.0,75500.0,-24500.0
8724,Marco Spencer,martingale,100.0,100000.0,50000.0,656,1,0.0,126600.0,126600.0,26600.0
8725,Alyssa Rangel,martingale,100.0,100000.0,50000.0,479,3,0.0,113900.0,113900.0,13900.0
8726,Saint Horn,martingale,100.0,100000.0,50000.0,309,1,0.0,80500.0,80500.0,-19500.0
8727,Avah Esquivel,martingale,100.0,100000.0,50000.0,174,1,0.0,36300.0,36300.0,-63700.0
8728,Bridger Berg,martingale,100.0,100000.0,50000.0,172,2,0.0,77800.0,77800.0,-22200.0
8729,Emmalyn Castillo,martingale,100.0,100000.0,50000.0,511,1,0.0,116600.0,116600.0,16600.0
8730,Kai Floyd,martingale,100.0,100000.0,50000.0,301,1,0.0,52800.0,52800.0,-47200.0
8731,Yaretzi Burton,martingale,100.0,100000.0,50000.0,253,1,0.0,51900.0,51900.0,-48100.0
8732,Zander Fletcher,martingale,100.0,100000.0,50000.0,779,2,0.0,139100.0,139100.0,39100.0
8733,Anaya Luna,martingale,100.0,100000.0,50000.0,286,2,0.0,104500.0,104500.0,4500.0
8734,Erick Francis,martingale,100.0,100000.0,50000.0,178,1,0.0,42700.0,42700.0,-57300.0
8735,Daniella Short,martingale,100.0,100000.0,50000.0,324,2,0.0,99300.0,99300.0,-700.0
8736,Hezekiah Novak,martingale,100.0,100000.0,50000.0,400,1,0.0,93200.0,93200.0,-6800.0
8737,Kaiya O’brien,martingale,100.0,100000.0,50000.0,368,3,0.0,115300.0,115300.0,15300.0
8738,Riley Pugh,martingale,100.0,100000.0,50000.0,397,1,0.0,110200.0,110200.0,10200.0
8739,Landry Brewer,martingale,100.0,100000.0,50000.0,282,1,0.0,55100.0,55100.0,-44900.0
8740,Cruz Hendricks,martingale,100.0,100000.0,50000.0,497,1,0.0,104400.0,104400.0,4400.0
8741,Dani Mays,martingale,100.0,100000.0,50000.0,688,3,0.0,136100.0,136100.0,36100.0
8742,Jadiel McDaniel,martingale,100.0,100000.0,50000.0,185,1,0.0,41100.0,41100.0,-58900.0
8743,Dahlia Larsen,martingale,100.0,100000.0,50000.0,193,3,0.0,74300.0,74300.0,-25700.0
8744,Brycen Archer,martingale,100.0,100000.0,50000.0,180,2,0.0,96400.0,96400.0,-3600.0
8745,Kadence House,martingale,100.0,100000.0,50000.0,439,1,0.0,85900.0,85900.0,-14100.0
8746,Yehuda Warner,martingale,100.0,100000.0,50000.0,474,2,0.0,106100.0,106100.0,6100.0
8747,Wynter Anderson,martingale,100.0,100000.0,50000.0,550,4,0.0,114600.0,114600.0,14600.0
8748,Jacob Moyer,martingale,100.0,100000.0,50000.0,176,2,0.0,59800.0,59800.0,-40200.0
8749,Zola Warren,martingale,100.0,100000.0,50000.0,284,1,0.0,53500.0,53500.0,-46500.0
8750,Abel Zuniga,martingale,100.0,100000.0,50000.0,691,2,0.0,123700.0,123700.0,23700.0
8751,Leslie Banks,martingale,100.0,100000.0,50000.0,354,2,0.0,104100.0,104100.0,4100.0
8752,Martin Moon,martingale,100.0,100000.0,50000.0,558,1,0.0,126200.0,126200.0,26200.0
8753,Naya Charles,martingale,100.0,100000.0,50000.0,395,3,0.0,110400.0,110400.0,10400.0
8754,Conrad Vo,martingale,100.0,100000.0,50000.0,564,2,0.0,125100.0,125100.0,25100.0
8755,Artemis Conrad,martingale,100.0,100000.0,50000.0,204,1,0.0,36300.0,36300.0,-63700.0
8756,Dilan Bruce,martingale,100.0,100000.0,50000.0,668,2,0.0,130700.0,130700.0,30700.0
8757,Marilyn Olson,martingale,100.0,100000.0,50000.0,575,1,0.0,115200.0,115200.0,15200.0
8758,Malachi Webster,martingale,100.0,100000.0,50000.0,464,1,0.0,113900.0,113900.0,13900.0
8759,Kensley Parsons,martingale,100.0,100000.0,50000.0,384,1,0.0,94100.0,94100.0,-5900.0
8760,Lewis Winters,martingale,100.0,100000.0,50000.0,127,1,0.0,21000.0,21000.0,-79000.0
8761,Kataleya Freeman,martingale,100.0,100000.0,50000.0,370,3,0.0,88100.0,88100.0,-11900.0
8762,Jayce Johnson,martingale,100.0,100000.0,50000.0,566,1,0.0,122200.0,122200.0,22200.0
8763,Emma Washington,martingale,100.0,100000.0,50000.0,367,2,0.0,104400.0,104400.0,4400.0
8764,Juan McLaughlin,martingale,100.0,100000.0,50000.0,593,0,0.0,128300.0,128300.0,28300.0
8765,Stephanie Rich,martingale,100.0,100000.0,50000.0,541,2,0.0,116100.0,116100.0,16100.0
8766,Miller Phillips,martingale,100.0,100000.0,50000.0,588,2,0.0,124800.0,124800.0,24800.0
8767,Naomi Larson,martingale,100.0,100000.0,50000.0,412,1,0.0,79900.0,79900.0,-20100.0
8768,Rafael Burnett,martingale,100.0,100000.0,50000.0,388,1,0.0,89000.0,89000.0,-11000.0
8769,Emberly Barber,martingale,100.0,100000.0,50000.0,210,1,0.0,52700.0,52700.0,-47300.0
8770,Solomon Vincent,martingale,100.0,100000.0,50000.0,377,2,0.0,111200.0,111200.0,11200.0
8771,Allyson Quinn,martingale,100.0,100000.0,50000.0,561,1,0.0,103800.0,103800.0,3800.0
8772,Rhys Knox,martingale,100.0,100000.0,50000.0,318,1,0.0,66300.0,66300.0,-33700.0
8773,Kallie Mueller,martingale,100.0,100000.0,50000.0,85,2,0.0,59200.0,59200.0,-40800.0
8774,Albert Boone,martingale,100.0,100000.0,50000.0,689,1,0.0,133500.0,133500.0,33500.0
8775,Mariam Horton,martingale,100.0,100000.0,50000.0,493,2,0.0,114300.0,114300.0,14300.0
8776,Garrett Tanner,martingale,100.0,100000.0,50000.0,22,1,0.0,2700.0,2700.0,-97300.0
8777,Harmoni Morton,martingale,100.0,100000.0,50000.0,653,1,0.0,117500.0,117500.0,17500.0
8778,Roland Meadows,martingale,100.0,100000.0,50000.0,906,2,0.0,146500.0,146500.0,46500.0
8779,Pearl Colon,martingale,100.0,100000.0,50000.0,401,3,0.0,110500.0,110500.0,10500.0
8780,Bruce Castro,martingale,100.0,100000.0,50000.0,221,5,0.0,69500.0,69500.0,-30500.0
8781,Eloise Valencia,martingale,100.0,100000.0,50000.0,604,2,0.0,125600.0,125600.0,25600.0
8782,Dax McCann,martingale,100.0,100000.0,50000.0,302,1,0.0,77200.0,77200.0,-22800.0
8783,Joyce Pacheco,martingale,100.0,100000.0,50000.0,671,2,0.0,122100.0,122100.0,22100.0
8784,Erik Parrish,martingale,100.0,100000.0,50000.0,267,2,0.0,68100.0,68100.0,-31900.0
8785,Tiana Arellano,martingale,100.0,100000.0,50000.0,424,1,0.0,92400.0,92400.0,-7600.0
8786,Kellan Wyatt,martingale,100.0,100000.0,50000.0,598,2,0.0,124800.0,124800.0,24800.0
8787,Liberty Marin,martingale,100.0,100000.0,50000.0,543,1,0.0,114300.0,114300.0,14300.0
8788,Aldo Snow,martingale,100.0,100000.0,50000.0,54,1,0.0,5500.0,5500.0,-94500.0
8789,Alexia Potter,martingale,100.0,100000.0,50000.0,606,2,0.0,129500.0,129500.0,29500.0
8790,Lucca Saunders,martingale,100.0,100000.0,50000.0,640,1,0.0,130000.0,130000.0,30000.0
8791,Meadow Lambert,martingale,100.0,100000.0,50000.0,597,2,0.0,121300.0,121300.0,21300.0
8792,Mario Gonzales,martingale,100.0,100000.0,50000.0,605,2,0.0,117500.0,117500.0,17500.0
8793,Hadley Clements,martingale,100.0,100000.0,50000.0,612,1,0.0,126300.0,126300.0,26300.0
8794,Fisher Decker,martingale,100.0,100000.0,50000.0,449,2,0.0,116400.0,116400.0,16400.0
8795,Aleena Hodges,martingale,100.0,100000.0,50000.0,341,2,0.0,110100.0,110100.0,10100.0
8796,Alonzo Bryan,martingale,100.0,100000.0,50000.0,456,1,0.0,107600.0,107600.0,7600.0
8797,Meredith Tucker,martingale,100.0,100000.0,50000.0,541,2,0.0,108600.0,108600.0,8600.0
8798,Ivan Allison,martingale,100.0,100000.0,50000.0,644,4,0.0,129600.0,129600.0,29600.0
8799,Chelsea Schneider,martingale,100.0,100000.0,50000.0,512,1,0.0,113100.0,113100.0,13100.0
8800,Raymond Robles,martingale,100.0,100000.0,50000.0,251,3,0.0,62800.0,62800.0,-37200.0
8801,Felicity Valencia,martingale,100.0,100000.0,50000.0,554,3,0.0,125300.0,125300.0,25300.0
8802,Dax Ross,martingale,100.0,100000.0,50000.0,401,2,0.0,109400.0,109400.0,9400.0
8803,Peyton Douglas,martingale,100.0,100000.0,50000.0,310,5,0.0,98800.0,98800.0,-1200.0
8804,Derek Thornton,martingale,100.0,100000.0,50000.0,313,1,0.0,92800.0,92800.0,-7200.0
8805,Haisley Blackburn,martingale,100.0,100000.0,50000.0,619,1,0.0,117900.0,117900.0,17900.0
8806,Zahir Holland,martingale,100.0,100000.0,50000.0,196,1,0.0,28200.0,28200.0,-71800.0
8807,Mariah Peterson,martingale,100.0,100000.0,50000.0,418,1,0.0,101200.0,101200.0,1200.0
8808,Santiago Solis,martingale,100.0,100000.0,50000.0,49,1,0.0,5900.0,5900.0,-94100.0
8809,Miracle Melton,martingale,100.0,100000.0,50000.0,497,2,0.0,115300.0,115300.0,15300.0
8810,Lennon Hicks,martingale,100.0,100000.0,50000.0,533,1,0.0,119900.0,119900.0,19900.0
8811,Alina Levy,martingale,100.0,100000.0,50000.0,265,3,0.0,86000.0,86000.0,-14000.0
8812,Harold Johns,martingale,100.0,100000.0,50000.0,387,1,0.0,117700.0,117700.0,17700.0
8813,Giovanna Doyle,martingale,100.0,100000.0,50000.0,260,1,0.0,46000.0,46000.0,-54000.0
8814,Kashton Bonilla,martingale,100.0,100000.0,50000.0,410,1,0.0,111800.0,111800.0,11800.0
8815,Romina Harper,martingale,100.0,100000.0,50000.0,424,1,0.0,116600.0,116600.0,16600.0
8816,Hayes Vang,martingale,100.0,100000.0,50000.0,265,1,0.0,86900.0,86900.0,-13100.0
8817,Madisyn Galindo,martingale,100.0,100000.0,50000.0,293,1,0.0,100800.0,100800.0,800.0
8818,Salvatore Manning,martingale,100.0,100000.0,50000.0,536,2,0.0,120800.0,120800.0,20800.0
8819,Jennifer Burton,martingale,100.0,100000.0,50000.0,383,1,0.0,70800.0,70800.0,-29200.0
8820,Zander Robertson,martingale,100.0,100000.0,50000.0,97,1,0.0,39300.0,39300.0,-60700.0
8821,Harmony Evans,martingale,100.0,100000.0,50000.0,463,1,0.0,108400.0,108400.0,8400.0
8822,Elias Poole,martingale,100.0,100000.0,50000.0,751,1,0.0,122400.0,122400.0,22400.0
8823,Bonnie Mendez,martingale,100.0,100000.0,50000.0,632,2,0.0,117400.0,117400.0,17400.0
8824,Arthur Harrington,martingale,100.0,100000.0,50000.0,359,2,0.0,97900.0,97900.0,-2100.0
8825,Legacy Hill,martingale,100.0,100000.0,50000.0,269,3,0.0,63700.0,63700.0,-36300.0
8826,Isaac Burke,martingale,100.0,100000.0,50000.0,377,3,0.0,79500.0,79500.0,-20500.0
8827,Vera Finley,martingale,100.0,100000.0,50000.0,445,2,0.0,120100.0,120100.0,20100.0
8828,Calum Dominguez,martingale,100.0,100000.0,50000.0,571,1,0.0,126800.0,126800.0,26800.0
8829,Raegan Chung,martingale,100.0,100000.0,50000.0,251,2,0.0,63400.0,63400.0,-36600.0
8830,Ira Rojas,martingale,100.0,100000.0,50000.0,424,1,0.0,88600.0,88600.0,-11400.0
8831,Adaline Summers,martingale,100.0,100000.0,50000.0,664,1,0.0,121800.0,121800.0,21800.0
8832,Darius Ali,martingale,100.0,100000.0,50000.0,476,2,0.0,103200.0,103200.0,3200.0
8833,Zelda McFarland,martingale,100.0,100000.0,50000.0,493,2,0.0,118500.0,118500.0,18500.0
8834,Dane Gibbs,martingale,100.0,100000.0,50000.0,453,2,0.0,118300.0,118300.0,18300.0
8835,Carter Moore,martingale,100.0,100000.0,50000.0,364,1,0.0,112100.0,112100.0,12100.0
8836,Levi Gentry,martingale,100.0,100000.0,50000.0,222,2,0.0,89900.0,89900.0,-10100.0
8837,Amelie Thompson,martingale,100.0,100000.0,50000.0,242,1,0.0,41100.0,41100.0,-58900.0
8838,Theodore Jenkins,martingale,100.0,100000.0,50000.0,773,3,0.0,130800.0,130800.0,30800.0
8839,Rylee McDaniel,martingale,100.0,100000.0,50000.0,265,1,0.0,38200.0,38200.0,-61800.0
8840,Major Simon,martingale,100.0,100000.0,50000.0,352,1,0.0,94000.0,94000.0,-6000.0
8841,Kalani Tran,martingale,100.0,100000.0,50000.0,516,2,0.0,116000.0,116000.0,16000.0
8842,Braxton Crosby,martingale,100.0,100000.0,50000.0,625,2,0.0,128700.0,128700.0,28700.0
8843,Keily McIntosh,martingale,100.0,100000.0,50000.0,614,1,0.0,115800.0,115800.0,15800.0
8844,Kristian Avila,martingale,100.0,100000.0,50000.0,193,1,0.0,57500.0,57500.0,-42500.0
8845,Amiyah Richmond,martingale,100.0,100000.0,50000.0,626,3,0.0,121700.0,121700.0,21700.0
8846,Mordechai McFarland,martingale,100.0,100000.0,50000.0,528,3,0.0,122300.0,122300.0,22300.0
8847,Annika Atkinson,martingale,100.0,100000.0,50000.0,508,1,0.0,104300.0,104300.0,4300.0
8848,Duke Ayers,martingale,100.0,100000.0,50000.0,263,2,0.0,92100.0,92100.0,-7900.0
8849,Simone Barber,martingale,100.0,100000.0,50000.0,353,2,0.0,104700.0,104700.0,4700.0
8850,Solomon Webb,martingale,100.0,100000.0,50000.0,650,2,0.0,122600.0,122600.0,22600.0
8851,Ariella Kaur,martingale,100.0,100000.0,50000.0,272,1,0.0,89600.0,89600.0,-10400.0
8852,Augustine Valentine,martingale,100.0,100000.0,50000.0,252,3,0.0,82200.0,82200.0,-17800.0
8853,August McCullough,martingale,100.0,100000.0,50000.0,747,2,0.0,136400.0,136400.0,36400.0
8854,Briar Richmond,martingale,100.0,100000.0,50000.0,491,3,0.0,117600.0,117600.0,17600.0
8855,Whitney Hodges,martingale,100.0,100000.0,50000.0,235,1,0.0,62100.0,62100.0,-37900.0
8856,Alonzo Lucas,martingale,100.0,100000.0,50000.0,408,3,0.0,81200.0,81200.0,-18800.0
8857,Phoenix Potter,martingale,100.0,100000.0,50000.0,400,2,0.0,113000.0,113000.0,13000.0
8858,Lucca Carson,martingale,100.0,100000.0,50000.0,398,4,0.0,94800.0,94800.0,-5200.0
8859,Nalani Howe,martingale,100.0,100000.0,50000.0,427,2,0.0,91000.0,91000.0,-9000.0
8860,Alaric Hogan,martingale,100.0,100000.0,50000.0,309,2,0.0,89100.0,89100.0,-10900.0
8861,Kathryn Riley,martingale,100.0,100000.0,50000.0,189,1,0.0,50800.0,50800.0,-49200.0
8862,Amari Rose,martingale,100.0,100000.0,50000.0,439,2,0.0,120900.0,120900.0,20900.0
8863,Magnolia Valencia,martingale,100.0,100000.0,50000.0,381,1,0.0,102000.0,102000.0,2000.0
8864,Dax Ingram,martingale,100.0,100000.0,50000.0,117,1,0.0,17900.0,17900.0,-82100.0
8865,Katie Eaton,martingale,100.0,100000.0,50000.0,455,2,0.0,113300.0,113300.0,13300.0
8866,Leighton Hood,martingale,100.0,100000.0,50000.0,296,3,0.0,93000.0,93000.0,-7000.0
8867,Briana Velez,martingale,100.0,100000.0,50000.0,719,1,0.0,134200.0,134200.0,34200.0
8868,Kareem Raymond,martingale,100.0,100000.0,50000.0,350,3,0.0,83500.0,83500.0,-16500.0
8869,Hadlee Liu,martingale,100.0,100000.0,50000.0,661,1,0.0,127200.0,127200.0,27200.0
8870,Pedro Wade,martingale,100.0,100000.0,50000.0,471,1,0.0,119500.0,119500.0,19500.0
8871,Evie Hines,martingale,100.0,100000.0,50000.0,365,3,0.0,101100.0,101100.0,1100.0
8872,Uriel Parra,martingale,100.0,100000.0,50000.0,393,2,0.0,111500.0,111500.0,11500.0
8873,Dalary Reese,martingale,100.0,100000.0,50000.0,477,2,0.0,120400.0,120400.0,20400.0
8874,Alijah Velasquez,martingale,100.0,100000.0,50000.0,336,5,0.0,97900.0,97900.0,-2100.0
8875,Esme Patterson,martingale,100.0,100000.0,50000.0,632,1,0.0,127000.0,127000.0,27000.0
8876,Amir Reyna,martingale,100.0,100000.0,50000.0,196,1,0.0,60100.0,60100.0,-39900.0
8877,Luella Shannon,martingale,100.0,100000.0,50000.0,397,1,0.0,67700.0,67700.0,-32300.0
8878,Eliel McCann,martingale,100.0,100000.0,50000.0,406,1,0.0,106500.0,106500.0,6500.0
8879,Joyce Chan,martingale,100.0,100000.0,50000.0,405,1,0.0,109700.0,109700.0,9700.0
8880,Frank Perry,martingale,100.0,100000.0,50000.0,120,1,0.0,25000.0,25000.0,-75000.0
8881,Clara Massey,martingale,100.0,100000.0,50000.0,625,1,0.0,100700.0,100700.0,700.0
8882,Donald Jarvis,martingale,100.0,100000.0,50000.0,751,1,0.0,130400.0,130400.0,30400.0
8883,Elisabeth Macdonald,martingale,100.0,100000.0,50000.0,137,1,0.0,33500.0,33500.0,-66500.0
8884,Hugh Beil,martingale,100.0,100000.0,50000.0,280,3,0.0,71600.0,71600.0,-28400.0
8885,Itzel Carpenter,martingale,100.0,100000.0,50000.0,445,2,0.0,99600.0,99600.0,-400.0
8886,Jeremy Barrera,martingale,100.0,100000.0,50000.0,419,1,0.0,107100.0,107100.0,7100.0
8887,Beatrice Mayer,martingale,100.0,100000.0,50000.0,683,1,0.0,132000.0,132000.0,32000.0
8888,Yahir Holt,martingale,100.0,100000.0,50000.0,206,2,0.0,102100.0,102100.0,2100.0
8889,Adelynn Hoover,martingale,100.0,100000.0,50000.0,698,2,0.0,131600.0,131600.0,31600.0
8890,Jaziel Harrison,martingale,100.0,100000.0,50000.0,291,3,0.0,98400.0,98400.0,-1600.0
8891,Jasmine Howell,martingale,100.0,100000.0,50000.0,404,2,0.0,114100.0,114100.0,14100.0
8892,Bradley McClain,martingale,100.0,100000.0,50000.0,76,1,0.0,7800.0,7800.0,-92200.0
8893,Marleigh Dean,martingale,100.0,100000.0,50000.0,685,1,0.0,125900.0,125900.0,25900.0
8894,Ronan Good,martingale,100.0,100000.0,50000.0,306,2,0.0,100400.0,100400.0,400.0
8895,Nathalia Kirby,martingale,100.0,100000.0,50000.0,406,1,0.0,71400.0,71400.0,-28600.0
8896,Tony Kim,martingale,100.0,100000.0,50000.0,439,1,0.0,107600.0,107600.0,7600.0
8897,Gabriella Norris,martingale,100.0,100000.0,50000.0,626,3,0.0,131500.0,131500.0,31500.0
8898,Cairo Walton,martingale,100.0,100000.0,50000.0,309,1,0.0,106100.0,106100.0,6100.0
8899,Scarlet Turner,martingale,100.0,100000.0,50000.0,260,2,0.0,68500.0,68500.0,-31500.0
8900,Joshua McPherson,martingale,100.0,100000.0,50000.0,836,1,0.0,138900.0,138900.0,38900.0
8901,Emmaline Mack,martingale,100.0,100000.0,50000.0,678,2,0.0,132000.0,132000.0,32000.0
8902,Esteban James,martingale,100.0,100000.0,50000.0,546,2,0.0,124900.0,124900.0,24900.0
8903,Quinn Atkinson,martingale,100.0,100000.0,50000.0,601,3,0.0,122600.0,122600.0,22600.0
8904,Duke Gallagher,martingale,100.0,100000.0,50000.0,315,1,0.0,75900.0,75900.0,-24100.0
8905,Elliott Barrera,martingale,100.0,100000.0,50000.0,422,2,0.0,102700.0,102700.0,2700.0
8906,Makai Lawson,martingale,100.0,100000.0,50000.0,377,1,0.0,85400.0,85400.0,-14600.0
8907,Phoebe Pace,martingale,100.0,100000.0,50000.0,355,2,0.0,91400.0,91400.0,-8600.0
8908,Dior Miller,martingale,100.0,100000.0,50000.0,668,4,0.0,128700.0,128700.0,28700.0
8909,Isabella Rose,martingale,100.0,100000.0,50000.0,842,1,0.0,140700.0,140700.0,40700.0
8910,Hayden Pearson,martingale,100.0,100000.0,50000.0,292,2,0.0,75600.0,75600.0,-24400.0
8911,Kiara Hammond,martingale,100.0,100000.0,50000.0,230,3,0.0,78700.0,78700.0,-21300.0
8912,Francis Fox,martingale,100.0,100000.0,50000.0,183,1,0.0,62700.0,62700.0,-37300.0
8913,Juliette Miller,martingale,100.0,100000.0,50000.0,454,2,0.0,116100.0,116100.0,16100.0
8914,Benjamin Duarte,martingale,100.0,100000.0,50000.0,502,1,0.0,105900.0,105900.0,5900.0
8915,Kynlee Robertson,martingale,100.0,100000.0,50000.0,444,1,0.0,79500.0,79500.0,-20500.0
8916,Emiliano Hodges,martingale,100.0,100000.0,50000.0,601,1,0.0,119600.0,119600.0,19600.0
8917,Eve Wall,martingale,100.0,100000.0,50000.0,467,3,0.0,115900.0,115900.0,15900.0
8918,Issac Tate,martingale,100.0,100000.0,50000.0,150,1,0.0,20400.0,20400.0,-79600.0
8919,Skye O’brien,martingale,100.0,100000.0,50000.0,582,2,0.0,124100.0,124100.0,24100.0
8920,Riley Greene,martingale,100.0,100000.0,50000.0,503,1,0.0,122900.0,122900.0,22900.0
8921,Selena Boyle,martingale,100.0,100000.0,50000.0,325,1,0.0,49100.0,49100.0,-50900.0
8922,Robin Walter,martingale,100.0,100000.0,50000.0,291,1,0.0,96300.0,96300.0,-3700.0
8923,Penny Lynn,martingale,100.0,100000.0,50000.0,223,2,0.0,83200.0,83200.0,-16800.0
8924,Zechariah Berg,martingale,100.0,100000.0,50000.0,399,1,0.0,108600.0,108600.0,8600.0
8925,Emmalyn Joseph,martingale,100.0,100000.0,50000.0,568,2,0.0,126700.0,126700.0,26700.0
8926,Kyle Nixon,martingale,100.0,100000.0,50000.0,624,2,0.0,128400.0,128400.0,28400.0
8927,Deborah Vang,martingale,100.0,100000.0,50000.0,406,2,0.0,95700.0,95700.0,-4300.0
8928,Jimmy Richardson,martingale,100.0,100000.0,50000.0,585,1,0.0,127700.0,127700.0,27700.0
8929,Allison Chung,martingale,100.0,100000.0,50000.0,255,1,0.0,44100.0,44100.0,-55900.0
8930,Ira Blevins,martingale,100.0,100000.0,50000.0,328,3,0.0,92900.0,92900.0,-7100.0
8931,Aila Bartlett,martingale,100.0,100000.0,50000.0,185,1,0.0,35800.0,35800.0,-64200.0
8932,Kace Vargas,martingale,100.0,100000.0,50000.0,401,1,0.0,117200.0,117200.0,17200.0
8933,Andrea Hahn,martingale,100.0,100000.0,50000.0,401,1,0.0,101400.0,101400.0,1400.0
8934,Kabir Patterson,martingale,100.0,100000.0,50000.0,317,1,0.0,83200.0,83200.0,-16800.0
8935,Kaylee Norton,martingale,100.0,100000.0,50000.0,554,2,0.0,115900.0,115900.0,15900.0
8936,Callen Holmes,martingale,100.0,100000.0,50000.0,388,1,0.0,83700.0,83700.0,-16300.0
8937,Bailey May,martingale,100.0,100000.0,50000.0,312,1,0.0,77700.0,77700.0,-22300.0
8938,Finley Shaw,martingale,100.0,100000.0,50000.0,353,2,0.0,100700.0,100700.0,700.0
8939,Emersyn Craig,martingale,100.0,100000.0,50000.0,293,0,0.0,87500.0,87500.0,-12500.0
8940,Odin Beck,martingale,100.0,100000.0,50000.0,607,1,0.0,126700.0,126700.0,26700.0
8941,Gia Greene,martingale,100.0,100000.0,50000.0,673,2,0.0,130500.0,130500.0,30500.0
8942,Griffin Parsons,martingale,100.0,100000.0,50000.0,375,1,0.0,92400.0,92400.0,-7600.0
8943,Maia Hodge,martingale,100.0,100000.0,50000.0,198,2,0.0,66900.0,66900.0,-33100.0
8944,Reign Hogan,martingale,100.0,100000.0,50000.0,320,3,0.0,99900.0,99900.0,-100.0
8945,Kathryn Andrade,martingale,100.0,100000.0,50000.0,442,3,0.0,110000.0,110000.0,10000.0
8946,Abdiel Ward,martingale,100.0,100000.0,50000.0,700,2,0.0,125600.0,125600.0,25600.0
8947,Ariana Clements,martingale,100.0,100000.0,50000.0,359,1,0.0,95300.0,95300.0,-4700.0
8948,Fisher Estrada,martingale,100.0,100000.0,50000.0,661,3,0.0,127800.0,127800.0,27800.0
8949,Sawyer Bonilla,martingale,100.0,100000.0,50000.0,536,1,0.0,115000.0,115000.0,15000.0
8950,Aden Bennett,martingale,100.0,100000.0,50000.0,751,2,0.0,135100.0,135100.0,35100.0
8951,Josephine Best,martingale,100.0,100000.0,50000.0,235,2,0.0,80200.0,80200.0,-19800.0
8952,Harlem O’Connell,martingale,100.0,100000.0,50000.0,757,1,0.0,137700.0,137700.0,37700.0
8953,Jillian Reyna,martingale,100.0,100000.0,50000.0,528,1,0.0,119700.0,119700.0,19700.0
8954,Reginald Long,martingale,100.0,100000.0,50000.0,362,1,0.0,101500.0,101500.0,1500.0
8955,Jade Houston,martingale,100.0,100000.0,50000.0,426,1,0.0,78200.0,78200.0,-21800.0
8956,Sylas Brooks,martingale,100.0,100000.0,50000.0,351,2,0.0,79100.0,79100.0,-20900.0
8957,Autumn Alvarez,martingale,100.0,100000.0,50000.0,508,3,0.0,115100.0,115100.0,15100.0
8958,Xavier Nielsen,martingale,100.0,100000.0,50000.0,229,2,0.0,89900.0,89900.0,-10100.0
8959,Vienna Kennedy,martingale,100.0,100000.0,50000.0,575,2,0.0,118600.0,118600.0,18600.0
8960,Maxwell Castillo,martingale,100.0,100000.0,50000.0,566,2,0.0,106700.0,106700.0,6700.0
8961,Eva Hartman,martingale,100.0,100000.0,50000.0,437,3,0.0,104900.0,104900.0,4900.0
8962,Baker Haley,martingale,100.0,100000.0,50000.0,428,1,0.0,112300.0,112300.0,12300.0
8963,Addilynn Crane,martingale,100.0,100000.0,50000.0,434,1,0.0,111700.0,111700.0,11700.0
8964,Fox Aguirre,martingale,100.0,100000.0,50000.0,18,1,0.0,800.0,800.0,-99200.0
8965,Ariah House,martingale,100.0,100000.0,50000.0,101,1,0.0,13400.0,13400.0,-86600.0
8966,Yehuda Moody,martingale,100.0,100000.0,50000.0,513,1,0.0,123200.0,123200.0,23200.0
8967,Elaine Henry,martingale,100.0,100000.0,50000.0,402,4,0.0,115900.0,115900.0,15900.0
8968,Carlos Gallegos,martingale,100.0,100000.0,50000.0,335,1,0.0,95400.0,95400.0,-4600.0
8969,Ari Glover,martingale,100.0,100000.0,50000.0,593,1,0.0,127100.0,127100.0,27100.0
8970,Mack Trujillo,martingale,100.0,100000.0,50000.0,198,1,0.0,31300.0,31300.0,-68700.0
8971,Danielle Rhodes,martingale,100.0,100000.0,50000.0,374,2,0.0,93200.0,93200.0,-6800.0
8972,Titus Hartman,martingale,100.0,100000.0,50000.0,863,1,0.0,140900.0,140900.0,40900.0
8973,Kennedi Beard,martingale,100.0,100000.0,50000.0,260,1,0.0,68400.0,68400.0,-31600.0
8974,Nathanael Floyd,martingale,100.0,100000.0,50000.0,191,1,0.0,49500.0,49500.0,-50500.0
8975,Yaretzi Lu,martingale,100.0,100000.0,50000.0,517,1,0.0,110900.0,110900.0,10900.0
8976,Duncan Waters,martingale,100.0,100000.0,50000.0,555,1,0.0,110700.0,110700.0,10700.0
8977,Bristol Hickman,martingale,100.0,100000.0,50000.0,557,2,0.0,120900.0,120900.0,20900.0
8978,Jakobe Moreno,martingale,100.0,100000.0,50000.0,317,2,0.0,90600.0,90600.0,-9400.0
8979,Mary Hutchinson,martingale,100.0,100000.0,50000.0,660,0,0.0,128900.0,128900.0,28900.0
8980,Korbin Ho,martingale,100.0,100000.0,50000.0,401,2,0.0,109700.0,109700.0,9700.0
8981,Calliope Benitez,martingale,100.0,100000.0,50000.0,458,1,0.0,95600.0,95600.0,-4400.0
8982,Justice Hull,martingale,100.0,100000.0,50000.0,322,3,0.0,112800.0,112800.0,12800.0
8983,Andi Houston,martingale,100.0,100000.0,50000.0,121,1,0.0,16700.0,16700.0,-83300.0
8984,Sylas Rojas,martingale,100.0,100000.0,50000.0,670,2,0.0,128300.0,128300.0,28300.0
8985,Adaline Rosario,martingale,100.0,100000.0,50000.0,389,2,0.0,116000.0,116000.0,16000.0
8986,Jedidiah Tucker,martingale,100.0,100000.0,50000.0,51,1,0.0,17400.0,17400.0,-82600.0
8987,Esther Reid,martingale,100.0,100000.0,50000.0,520,1,0.0,121900.0,121900.0,21900.0
8988,Josue Jennings,martingale,100.0,100000.0,50000.0,192,4,0.0,63600.0,63600.0,-36400.0
8989,Palmer Juarez,martingale,100.0,100000.0,50000.0,530,1,0.0,123900.0,123900.0,23900.0
8990,Joaquin Velazquez,martingale,100.0,100000.0,50000.0,303,1,0.0,87700.0,87700.0,-12300.0
8991,Jaliyah Benton,martingale,100.0,100000.0,50000.0,281,1,0.0,95900.0,95900.0,-4100.0
8992,Jamal Clark,martingale,100.0,100000.0,50000.0,401,1,0.0,111500.0,111500.0,11500.0
8993,Chloe Frank,martingale,100.0,100000.0,50000.0,600,1,0.0,123000.0,123000.0,23000.0
8994,Braylen Brandt,martingale,100.0,100000.0,50000.0,220,2,0.0,101300.0,101300.0,1300.0
8995,Loretta Lang,martingale,100.0,100000.0,50000.0,512,3,0.0,113600.0,113600.0,13600.0
8996,Wells Mays,martingale,100.0,100000.0,50000.0,429,1,0.0,75500.0,75500.0,-24500.0
8997,Denisse Ballard,martingale,100.0,100000.0,50000.0,420,3,0.0,103500.0,103500.0,3500.0
8998,Kenzo Dillon,martingale,100.0,100000.0,50000.0,89,1,0.0,12700.0,12700.0,-87300.0
8999,Laurel Reid,martingale,100.0,100000.0,50000.0,548,1,0.0,97900.0,97900.0,-2100.0
9000,Josue Hutchinson,martingale,100.0,100000.0,50000.0,327,1,0.0,86100.0,86100.0,-13900.0
9001,Martha Gonzales,martingale,100.0,100000.0,50000.0,668,1,0.0,130300.0,130300.0,30300.0
9002,Brayden Atkins,martingale,100.0,100000.0,50000.0,356,3,0.0,103800.0,103800.0,3800.0
9003,Mina Burgess,martingale,100.0,100000.0,50000.0,482,2,0.0,121300.0,121300.0,21300.0
9004,Kolton Bates,martingale,100.0,100000.0,50000.0,285,3,0.0,84800.0,84800.0,-15200.0
9005,Madilyn Mathis,martingale,100.0,100000.0,50000.0,500,1,0.0,106400.0,106400.0,6400.0
9006,Gustavo Petersen,martingale,100.0,100000.0,50000.0,510,1,0.0,106100.0,106100.0,6100.0
9007,Fernanda Burton,martingale,100.0,100000.0,50000.0,221,3,0.0,91400.0,91400.0,-8600.0
9008,Zander Barton,martingale,100.0,100000.0,50000.0,451,1,0.0,98900.0,98900.0,-1100.0
9009,Danna Garrett,martingale,100.0,100000.0,50000.0,225,2,0.0,59900.0,59900.0,-40100.0
9010,Kairo Monroe,martingale,100.0,100000.0,50000.0,146,2,0.0,60300.0,60300.0,-39700.0
9011,Carly Santana,martingale,100.0,100000.0,50000.0,651,1,0.0,126800.0,126800.0,26800.0
9012,Mohamed Whitaker,martingale,100.0,100000.0,50000.0,722,1,0.0,133700.0,133700.0,33700.0
9013,Ivanna Moran,martingale,100.0,100000.0,50000.0,217,1,0.0,78500.0,78500.0,-21500.0
9014,Tate York,martingale,100.0,100000.0,50000.0,529,1,0.0,107900.0,107900.0,7900.0
9015,Milan Shaw,martingale,100.0,100000.0,50000.0,499,1,0.0,112200.0,112200.0,12200.0
9016,Elliot Miles,martingale,100.0,100000.0,50000.0,282,1,0.0,99000.0,99000.0,-1000.0
9017,Alessandra Abbott,martingale,100.0,100000.0,50000.0,422,1,0.0,97600.0,97600.0,-2400.0
9018,Kohen Lam,martingale,100.0,100000.0,50000.0,524,0,0.0,124400.0,124400.0,24400.0
9019,Karina Zuniga,martingale,100.0,100000.0,50000.0,444,1,0.0,116200.0,116200.0,16200.0
9020,Sincere Garrett,martingale,100.0,100000.0,50000.0,564,1,0.0,114200.0,114200.0,14200.0
9021,Tessa Patterson,martingale,100.0,100000.0,50000.0,503,1,0.0,89100.0,89100.0,-10900.0
9022,Amir Hobbs,martingale,100.0,100000.0,50000.0,189,1,0.0,33600.0,33600.0,-66400.0
9023,Lacey Huang,martingale,100.0,100000.0,50000.0,431,2,0.0,117700.0,117700.0,17700.0
9024,Ayaan Acosta,martingale,100.0,100000.0,50000.0,279,3,0.0,65000.0,65000.0,-35000.0
9025,Kaia Everett,martingale,100.0,100000.0,50000.0,694,1,0.0,113000.0,113000.0,13000.0
9026,Camilo Pratt,martingale,100.0,100000.0,50000.0,175,3,0.0,60600.0,60600.0,-39400.0
9027,Ailani McPherson,martingale,100.0,100000.0,50000.0,438,4,0.0,116000.0,116000.0,16000.0
9028,Foster Dyer,martingale,100.0,100000.0,50000.0,584,1,0.0,117800.0,117800.0,17800.0
9029,Estrella Harding,martingale,100.0,100000.0,50000.0,368,1,0.0,75000.0,75000.0,-25000.0
9030,Brodie Sims,martingale,100.0,100000.0,50000.0,638,1,0.0,128500.0,128500.0,28500.0
9031,Lena Jennings,martingale,100.0,100000.0,50000.0,302,1,0.0,69600.0,69600.0,-30400.0
9032,Corbin Blackwell,martingale,100.0,100000.0,50000.0,402,3,0.0,100000.0,100000.0,0.0
9033,Saoirse Morris,martingale,100.0,100000.0,50000.0,446,1,0.0,71300.0,71300.0,-28700.0
9034,Christian Jackson,martingale,100.0,100000.0,50000.0,398,3,0.0,107600.0,107600.0,7600.0
9035,Avery Kelly,martingale,100.0,100000.0,50000.0,359,3,0.0,105100.0,105100.0,5100.0
9036,Cooper Barker,martingale,100.0,100000.0,50000.0,355,1,0.0,80600.0,80600.0,-19400.0
9037,Remington Richardson,martingale,100.0,100000.0,50000.0,624,1,0.0,130700.0,130700.0,30700.0
9038,Robert Vo,martingale,100.0,100000.0,50000.0,271,2,0.0,89300.0,89300.0,-10700.0
9039,Artemis Jenkins,martingale,100.0,100000.0,50000.0,369,2,0.0,92100.0,92100.0,-7900.0
9040,Declan Castaneda,martingale,100.0,100000.0,50000.0,166,1,0.0,52100.0,52100.0,-47900.0
9041,Keira Brewer,martingale,100.0,100000.0,50000.0,605,1,0.0,126100.0,126100.0,26100.0
9042,Cruz Cuevas,martingale,100.0,100000.0,50000.0,460,2,0.0,111900.0,111900.0,11900.0
9043,Adele Pham,martingale,100.0,100000.0,50000.0,644,2,0.0,119500.0,119500.0,19500.0
9044,Russell Giles,martingale,100.0,100000.0,50000.0,405,1,0.0,68500.0,68500.0,-31500.0
9045,Bailee Bowman,martingale,100.0,100000.0,50000.0,561,1,0.0,123400.0,123400.0,23400.0
9046,Francisco Phan,martingale,100.0,100000.0,50000.0,600,1,0.0,118100.0,118100.0,18100.0
9047,Elsa Ray,martingale,100.0,100000.0,50000.0,235,1,0.0,62500.0,62500.0,-37500.0
9048,Arlo Webb,martingale,100.0,100000.0,50000.0,427,2,0.0,110000.0,110000.0,10000.0
9049,Ariella Palmer,martingale,100.0,100000.0,50000.0,281,1,0.0,52200.0,52200.0,-47800.0
9050,Theo Fitzgerald,martingale,100.0,100000.0,50000.0,804,3,0.0,138500.0,138500.0,38500.0
9051,Marlee Roy,martingale,100.0,100000.0,50000.0,533,1,0.0,110100.0,110100.0,10100.0
9052,Marcelo Hale,martingale,100.0,100000.0,50000.0,552,2,0.0,124800.0,124800.0,24800.0
9053,Brinley Becker,martingale,100.0,100000.0,50000.0,377,1,0.0,67500.0,67500.0,-32500.0
9054,Lawson Hogan,martingale,100.0,100000.0,50000.0,341,1,0.0,90700.0,90700.0,-9300.0
9055,Kathryn Grant,martingale,100.0,100000.0,50000.0,424,1,0.0,73700.0,73700.0,-26300.0
9056,Leon Black,martingale,100.0,100000.0,50000.0,467,2,0.0,119600.0,119600.0,19600.0
9057,Molly Lugo,martingale,100.0,100000.0,50000.0,425,1,0.0,83200.0,83200.0,-16800.0
9058,Santos Truong,martingale,100.0,100000.0,50000.0,399,1,0.0,100100.0,100100.0,100.0
9059,Judith Webb,martingale,100.0,100000.0,50000.0,596,1,0.0,124700.0,124700.0,24700.0
9060,Lorenzo Abbott,martingale,100.0,100000.0,50000.0,724,1,0.0,123700.0,123700.0,23700.0
9061,Melany Farrell,martingale,100.0,100000.0,50000.0,443,2,0.0,107000.0,107000.0,7000.0
9062,Ty Coffey,martingale,100.0,100000.0,50000.0,503,1,0.0,106100.0,106100.0,6100.0
9063,Paola Dalton,martingale,100.0,100000.0,50000.0,496,2,0.0,100100.0,100100.0,100.0
9064,Fletcher Washington,martingale,100.0,100000.0,50000.0,210,1,0.0,34800.0,34800.0,-65200.0
9065,Valerie Phelps,martingale,100.0,100000.0,50000.0,471,1,0.0,108100.0,108100.0,8100.0
9066,Hamza Mack,martingale,100.0,100000.0,50000.0,204,1,0.0,41400.0,41400.0,-58600.0
9067,Nadia Sellers,martingale,100.0,100000.0,50000.0,268,3,0.0,73900.0,73900.0,-26100.0
9068,Madden Ellison,martingale,100.0,100000.0,50000.0,492,1,0.0,122200.0,122200.0,22200.0
9069,Raina Bradshaw,martingale,100.0,100000.0,50000.0,403,2,0.0,97200.0,97200.0,-2800.0
9070,Emory York,martingale,100.0,100000.0,50000.0,359,4,0.0,108000.0,108000.0,8000.0
9071,Milan Larsen,martingale,100.0,100000.0,50000.0,476,2,0.0,104300.0,104300.0,4300.0
9072,Brycen Correa,martingale,100.0,100000.0,50000.0,578,1,0.0,106900.0,106900.0,6900.0
9073,Valery Guevara,martingale,100.0,100000.0,50000.0,50,2,0.0,50300.0,50300.0,-49700.0
9074,Tommy Villegas,martingale,100.0,100000.0,50000.0,384,3,0.0,112400.0,112400.0,12400.0
9075,Jessie Pitts,martingale,100.0,100000.0,50000.0,49,1,0.0,4900.0,4900.0,-95100.0
9076,Trey Wallace,martingale,100.0,100000.0,50000.0,567,1,0.0,96300.0,96300.0,-3700.0
9077,Arianna Ortega,martingale,100.0,100000.0,50000.0,407,2,0.0,97700.0,97700.0,-2300.0
9078,Kobe Simmons,martingale,100.0,100000.0,50000.0,497,1,0.0,104300.0,104300.0,4300.0
9079,Reagan Luna,martingale,100.0,100000.0,50000.0,317,3,0.0,108300.0,108300.0,8300.0
9080,Erick Wall,martingale,100.0,100000.0,50000.0,651,1,0.0,124000.0,124000.0,24000.0
9081,Jayda Dennis,martingale,100.0,100000.0,50000.0,129,1,0.0,47300.0,47300.0,-52700.0
9082,Emanuel Spears,martingale,100.0,100000.0,50000.0,87,1,0.0,23200.0,23200.0,-76800.0
9083,Isabela Williamson,martingale,100.0,100000.0,50000.0,445,2,0.0,109200.0,109200.0,9200.0
9084,Emerson Drake,martingale,100.0,100000.0,50000.0,355,1,0.0,80200.0,80200.0,-19800.0
9085,Jayleen Guerra,martingale,100.0,100000.0,50000.0,627,1,0.0,130500.0,130500.0,30500.0
9086,Leland Durham,martingale,100.0,100000.0,50000.0,114,1,0.0,23600.0,23600.0,-76400.0
9087,Tiffany Schaefer,martingale,100.0,100000.0,50000.0,356,4,0.0,112400.0,112400.0,12400.0
9088,Ishaan McKay,martingale,100.0,100000.0,50000.0,558,1,0.0,100800.0,100800.0,800.0
9089,Leanna Villalobos,martingale,100.0,100000.0,50000.0,682,3,0.0,132500.0,132500.0,32500.0
9090,Reuben Sexton,martingale,100.0,100000.0,50000.0,453,1,0.0,84400.0,84400.0,-15600.0
9091,Ellen Lloyd,martingale,100.0,100000.0,50000.0,566,1,0.0,117700.0,117700.0,17700.0
9092,Zaire Rich,martingale,100.0,100000.0,50000.0,412,1,0.0,96400.0,96400.0,-3600.0
9093,Sunny Beltran,martingale,100.0,100000.0,50000.0,218,1,0.0,82600.0,82600.0,-17400.0
9094,Ricky Vo,martingale,100.0,100000.0,50000.0,653,1,0.0,131900.0,131900.0,31900.0
9095,Artemis Vargas,martingale,100.0,100000.0,50000.0,306,1,0.0,75400.0,75400.0,-24600.0
9096,Ryker David,martingale,100.0,100000.0,50000.0,495,3,0.0,120700.0,120700.0,20700.0
9097,Haylee Thompson,martingale,100.0,100000.0,50000.0,535,2,0.0,126100.0,126100.0,26100.0
9098,Theodore Myers,martingale,100.0,100000.0,50000.0,381,3,0.0,112000.0,112000.0,12000.0
9099,Lydia Armstrong,martingale,100.0,100000.0,50000.0,685,1,0.0,133800.0,133800.0,33800.0
9100,Grant Goodwin,martingale,100.0,100000.0,50000.0,534,1,0.0,120300.0,120300.0,20300.0
9101,Shiloh Patton,martingale,100.0,100000.0,50000.0,159,1,0.0,37600.0,37600.0,-62400.0
9102,Moises Evans,martingale,100.0,100000.0,50000.0,350,1,0.0,82900.0,82900.0,-17100.0
9103,Eliana Fowler,martingale,100.0,100000.0,50000.0,637,2,0.0,128600.0,128600.0,28600.0
9104,Kameron Wong,martingale,100.0,100000.0,50000.0,689,3,0.0,133000.0,133000.0,33000.0
9105,Adelaide Mason,martingale,100.0,100000.0,50000.0,633,1,0.0,131800.0,131800.0,31800.0
9106,Brandon Stephens,martingale,100.0,100000.0,50000.0,619,1,0.0,112500.0,112500.0,12500.0
9107,Millie Rollins,martingale,100.0,100000.0,50000.0,602,2,0.0,126200.0,126200.0,26200.0
9108,Wes McBride,martingale,100.0,100000.0,50000.0,554,1,0.0,118500.0,118500.0,18500.0
9109,Kelsey Mann,martingale,100.0,100000.0,50000.0,558,1,0.0,120400.0,120400.0,20400.0
9110,Nehemiah Rush,martingale,100.0,100000.0,50000.0,391,3,0.0,109000.0,109000.0,9000.0
9111,Maleah Knight,martingale,100.0,100000.0,50000.0,457,2,0.0,110700.0,110700.0,10700.0
9112,Beckett Zamora,martingale,100.0,100000.0,50000.0,384,4,0.0,114500.0,114500.0,14500.0
9113,Sierra Morales,martingale,100.0,100000.0,50000.0,403,4,0.0,108400.0,108400.0,8400.0
9114,Aaron Keller,martingale,100.0,100000.0,50000.0,406,2,0.0,100500.0,100500.0,500.0
9115,Logan Hartman,martingale,100.0,100000.0,50000.0,331,1,0.0,86500.0,86500.0,-13500.0
9116,Baker Kane,martingale,100.0,100000.0,50000.0,316,1,0.0,64700.0,64700.0,-35300.0
9117,Ellianna Simpson,martingale,100.0,100000.0,50000.0,505,1,0.0,106600.0,106600.0,6600.0
9118,Elliott Marshall,martingale,100.0,100000.0,50000.0,334,2,0.0,66800.0,66800.0,-33200.0
9119,Adalyn Reese,martingale,100.0,100000.0,50000.0,47,1,0.0,12500.0,12500.0,-87500.0
9120,Alijah Lawrence,martingale,100.0,100000.0,50000.0,494,1,0.0,122000.0,122000.0,22000.0
9121,Lauren Hoffman,martingale,100.0,100000.0,50000.0,436,1,0.0,77500.0,77500.0,-22500.0
9122,Steven Matthews,martingale,100.0,100000.0,50000.0,420,2,0.0,104900.0,104900.0,4900.0
9123,Lila Rosales,martingale,100.0,100000.0,50000.0,79,1,0.0,9400.0,9400.0,-90600.0
9124,Wilder Mathews,martingale,100.0,100000.0,50000.0,213,2,0.0,58400.0,58400.0,-41600.0
9125,Sloan Walker,martingale,100.0,100000.0,50000.0,582,1,0.0,127100.0,127100.0,27100.0
9126,Luke Strong,martingale,100.0,100000.0,50000.0,233,1,0.0,50900.0,50900.0,-49100.0
9127,Margo Pierce,martingale,100.0,100000.0,50000.0,76,1,0.0,9000.0,9000.0,-91000.0
9128,Nicolas Combs,martingale,100.0,100000.0,50000.0,107,1,0.0,47300.0,47300.0,-52700.0
9129,Irene Cunningham,martingale,100.0,100000.0,50000.0,460,1,0.0,119100.0,119100.0,19100.0
9130,Alejandro Matthews,martingale,100.0,100000.0,50000.0,861,1,0.0,143400.0,143400.0,43400.0
9131,Lila Weaver,martingale,100.0,100000.0,50000.0,122,2,0.0,56600.0,56600.0,-43400.0
9132,Tucker Armstrong,martingale,100.0,100000.0,50000.0,370,2,0.0,105700.0,105700.0,5700.0
9133,Presley Knight,martingale,100.0,100000.0,50000.0,138,2,0.0,57800.0,57800.0,-42200.0
9134,Beckett Murillo,martingale,100.0,100000.0,50000.0,568,4,0.0,123700.0,123700.0,23700.0
9135,Mikaela Hunter,martingale,100.0,100000.0,50000.0,117,1,0.0,14500.0,14500.0,-85500.0
9136,Archer Ingram,martingale,100.0,100000.0,50000.0,285,1,0.0,65300.0,65300.0,-34700.0
9137,Katie Dorsey,martingale,100.0,100000.0,50000.0,361,1,0.0,88200.0,88200.0,-11800.0
9138,Enoch Medrano,martingale,100.0,100000.0,50000.0,412,1,0.0,110800.0,110800.0,10800.0
9139,Halle Osborne,martingale,100.0,100000.0,50000.0,542,3,0.0,123800.0,123800.0,23800.0
9140,Augustus Gillespie,martingale,100.0,100000.0,50000.0,587,1,0.0,113000.0,113000.0,13000.0
9141,Alianna Dominguez,martingale,100.0,100000.0,50000.0,370,1,0.0,114200.0,114200.0,14200.0
9142,Kaden Truong,martingale,100.0,100000.0,50000.0,521,2,0.0,127100.0,127100.0,27100.0
9143,Judith McKee,martingale,100.0,100000.0,50000.0,496,1,0.0,121600.0,121600.0,21600.0
9144,Bjorn Golden,martingale,100.0,100000.0,50000.0,510,4,0.0,114200.0,114200.0,14200.0
9145,Giuliana Moses,martingale,100.0,100000.0,50000.0,291,2,0.0,89900.0,89900.0,-10100.0
9146,Niklaus Howard,martingale,100.0,100000.0,50000.0,529,2,0.0,112100.0,112100.0,12100.0
9147,Sophie Woods,martingale,100.0,100000.0,50000.0,323,3,0.0,106800.0,106800.0,6800.0
9148,Zion Gutierrez,martingale,100.0,100000.0,50000.0,368,1,0.0,106300.0,106300.0,6300.0
9149,Savannah Jones,martingale,100.0,100000.0,50000.0,525,1,0.0,125300.0,125300.0,25300.0
9150,William Whitaker,martingale,100.0,100000.0,50000.0,329,1,0.0,108500.0,108500.0,8500.0
9151,Ivanna Macias,martingale,100.0,100000.0,50000.0,299,1,0.0,79200.0,79200.0,-20800.0
9152,Moshe Cunningham,martingale,100.0,100000.0,50000.0,551,1,0.0,113600.0,113600.0,13600.0
9153,Marley Small,martingale,100.0,100000.0,50000.0,628,1,0.0,109700.0,109700.0,9700.0
9154,Rudy Mueller,martingale,100.0,100000.0,50000.0,305,2,0.0,80300.0,80300.0,-19700.0
9155,Imani Felix,martingale,100.0,100000.0,50000.0,688,1,0.0,133400.0,133400.0,33400.0
9156,Rodney Williamson,martingale,100.0,100000.0,50000.0,323,2,0.0,89400.0,89400.0,-10600.0
9157,Catherine Tucker,martingale,100.0,100000.0,50000.0,469,1,0.0,122000.0,122000.0,22000.0
9158,Ivan Holt,martingale,100.0,100000.0,50000.0,561,2,0.0,106200.0,106200.0,6200.0
9159,Adelynn Leach,martingale,100.0,100000.0,50000.0,380,1,0.0,91000.0,91000.0,-9000.0
9160,Westin Shah,martingale,100.0,100000.0,50000.0,709,1,0.0,134300.0,134300.0,34300.0
9161,Angelica Hayden,martingale,100.0,100000.0,50000.0,616,1,0.0,130100.0,130100.0,30100.0
9162,Leroy Bridges,martingale,100.0,100000.0,50000.0,348,3,0.0,108400.0,108400.0,8400.0
9163,Elora Mosley,martingale,100.0,100000.0,50000.0,288,1,0.0,70700.0,70700.0,-29300.0
9164,Rayden McCormick,martingale,100.0,100000.0,50000.0,408,4,0.0,116600.0,116600.0,16600.0
9165,Macie Bailey,martingale,100.0,100000.0,50000.0,185,1,0.0,31700.0,31700.0,-68300.0
9166,Axel Sloan,martingale,100.0,100000.0,50000.0,305,1,0.0,61800.0,61800.0,-38200.0
9167,Selene Drake,martingale,100.0,100000.0,50000.0,347,3,0.0,107700.0,107700.0,7700.0
9168,Jalen Gould,martingale,100.0,100000.0,50000.0,11,1,0.0,100.0,100.0,-99900.0
9169,Violeta Underwood,martingale,100.0,100000.0,50000.0,631,2,0.0,128400.0,128400.0,28400.0
9170,Reece Newton,martingale,100.0,100000.0,50000.0,514,2,0.0,117700.0,117700.0,17700.0
9171,Braelynn Lowery,martingale,100.0,100000.0,50000.0,187,3,0.0,85900.0,85900.0,-14100.0
9172,Jaxxon Rivas,martingale,100.0,100000.0,50000.0,585,1,0.0,130000.0,130000.0,30000.0
9173,Averie Schaefer,martingale,100.0,100000.0,50000.0,485,2,0.0,100200.0,100200.0,200.0
9174,Ishaan Warren,martingale,100.0,100000.0,50000.0,319,2,0.0,90900.0,90900.0,-9100.0
9175,Sloane McDaniel,martingale,100.0,100000.0,50000.0,123,1,0.0,18300.0,18300.0,-81700.0
9176,Major Payne,martingale,100.0,100000.0,50000.0,207,1,0.0,46700.0,46700.0,-53300.0
9177,London Crosby,martingale,100.0,100000.0,50000.0,29,1,0.0,2300.0,2300.0,-97700.0
9178,Tristen Henson,martingale,100.0,100000.0,50000.0,438,1,0.0,94000.0,94000.0,-6000.0
9179,Kinslee Lewis,martingale,100.0,100000.0,50000.0,88,1,0.0,14500.0,14500.0,-85500.0
9180,Wyatt Stevens,martingale,100.0,100000.0,50000.0,531,2,0.0,117600.0,117600.0,17600.0
9181,Katherine Graves,martingale,100.0,100000.0,50000.0,487,1,0.0,113400.0,113400.0,13400.0
9182,Cesar Cohen,martingale,100.0,100000.0,50000.0,402,1,0.0,111200.0,111200.0,11200.0
9183,Destiny Porter,martingale,100.0,100000.0,50000.0,541,1,0.0,105600.0,105600.0,5600.0
9184,Rhett Maddox,martingale,100.0,100000.0,50000.0,170,4,0.0,98500.0,98500.0,-1500.0
9185,Zainab Holland,martingale,100.0,100000.0,50000.0,352,3,0.0,115200.0,115200.0,15200.0
9186,Brady Rivers,martingale,100.0,100000.0,50000.0,258,2,0.0,61700.0,61700.0,-38300.0
9187,Kiana Michael,martingale,100.0,100000.0,50000.0,469,1,0.0,110400.0,110400.0,10400.0
9188,Bronson McPherson,martingale,100.0,100000.0,50000.0,557,2,0.0,120700.0,120700.0,20700.0
9189,Emmaline Burch,martingale,100.0,100000.0,50000.0,603,2,0.0,127400.0,127400.0,27400.0
9190,Gerald Gould,martingale,100.0,100000.0,50000.0,474,1,0.0,120000.0,120000.0,20000.0
9191,Violeta Meyers,martingale,100.0,100000.0,50000.0,503,2,0.0,121500.0,121500.0,21500.0
9192,Julien Flynn,martingale,100.0,100000.0,50000.0,175,1,0.0,36900.0,36900.0,-63100.0
9193,Dorothy Poole,martingale,100.0,100000.0,50000.0,306,2,0.0,77100.0,77100.0,-22900.0
9194,Quincy Douglas,martingale,100.0,100000.0,50000.0,464,2,0.0,120200.0,120200.0,20200.0
9195,Aniyah Pollard,martingale,100.0,100000.0,50000.0,560,1,0.0,114900.0,114900.0,14900.0
9196,Jad Murphy,martingale,100.0,100000.0,50000.0,583,1,0.0,128600.0,128600.0,28600.0
9197,Bella Dejesus,martingale,100.0,100000.0,50000.0,168,1,0.0,50100.0,50100.0,-49900.0
9198,Rio Parker,martingale,100.0,100000.0,50000.0,677,2,0.0,129200.0,129200.0,29200.0
9199,Aubrey Vasquez,martingale,100.0,100000.0,50000.0,437,1,0.0,110900.0,110900.0,10900.0
9200,Rowan Brewer,martingale,100.0,100000.0,50000.0,596,1,0.0,127700.0,127700.0,27700.0
9201,Thea Hinton,martingale,100.0,100000.0,50000.0,266,1,0.0,77600.0,77600.0,-22400.0
9202,Frankie Robinson,martingale,100.0,100000.0,50000.0,581,1,0.0,129500.0,129500.0,29500.0
9203,Nora Taylor,martingale,100.0,100000.0,50000.0,417,2,0.0,114000.0,114000.0,14000.0
9204,Jackson James,martingale,100.0,100000.0,50000.0,365,1,0.0,72700.0,72700.0,-27300.0
9205,Quinn Gonzalez,martingale,100.0,100000.0,50000.0,282,2,0.0,100800.0,100800.0,800.0
9206,Ethan Hudson,martingale,100.0,100000.0,50000.0,778,1,0.0,134800.0,134800.0,34800.0
9207,Kamila Tate,martingale,100.0,100000.0,50000.0,539,3,0.0,113300.0,113300.0,13300.0
9208,Dalton Keith,martingale,100.0,100000.0,50000.0,559,6,0.0,120500.0,120500.0,20500.0
9209,Elyse McKinney,martingale,100.0,100000.0,50000.0,165,1,0.0,30000.0,30000.0,-70000.0
9210,Romeo Galvan,martingale,100.0,100000.0,50000.0,444,1,0.0,88000.0,88000.0,-12000.0
9211,Dallas Duran,martingale,100.0,100000.0,50000.0,489,1,0.0,118400.0,118400.0,18400.0
9212,Ismael Holmes,martingale,100.0,100000.0,50000.0,319,3,0.0,80600.0,80600.0,-19400.0
9213,Bailey Galvan,martingale,100.0,100000.0,50000.0,336,1,0.0,80700.0,80700.0,-19300.0
9214,Kingsley Beil,martingale,100.0,100000.0,50000.0,456,2,0.0,103600.0,103600.0,3600.0
9215,Itzel Chase,martingale,100.0,100000.0,50000.0,420,1,0.0,80600.0,80600.0,-19400.0
9216,Otis Pope,martingale,100.0,100000.0,50000.0,164,3,0.0,87400.0,87400.0,-12600.0
9217,Aurelia Novak,martingale,100.0,100000.0,50000.0,276,1,0.0,52600.0,52600.0,-47400.0
9218,Bishop Hubbard,martingale,100.0,100000.0,50000.0,235,1,0.0,47800.0,47800.0,-52200.0
9219,Rosie Frye,martingale,100.0,100000.0,50000.0,333,3,0.0,67700.0,67700.0,-32300.0
9220,Franco Terrell,martingale,100.0,100000.0,50000.0,506,1,0.0,121000.0,121000.0,21000.0
9221,Paityn Hartman,martingale,100.0,100000.0,50000.0,357,1,0.0,61600.0,61600.0,-38400.0
9222,Baker Lowe,martingale,100.0,100000.0,50000.0,218,1,0.0,85200.0,85200.0,-14800.0
9223,Amari Sampson,martingale,100.0,100000.0,50000.0,36,1,0.0,3600.0,3600.0,-96400.0
9224,Cain Herman,martingale,100.0,100000.0,50000.0,445,3,0.0,112300.0,112300.0,12300.0
9225,Paulina Alvarez,martingale,100.0,100000.0,50000.0,630,1,0.0,130900.0,130900.0,30900.0
9226,Xavier Doyle,martingale,100.0,100000.0,50000.0,549,0,0.0,102700.0,102700.0,2700.0
9227,Annalise Mendoza,martingale,100.0,100000.0,50000.0,280,2,0.0,62000.0,62000.0,-38000.0
9228,Dominic Brewer,martingale,100.0,100000.0,50000.0,519,1,0.0,121900.0,121900.0,21900.0
9229,Thea Pratt,martingale,100.0,100000.0,50000.0,503,1,0.0,114700.0,114700.0,14700.0
9230,Rowen Hanna,martingale,100.0,100000.0,50000.0,486,1,0.0,98900.0,98900.0,-1100.0
9231,Cynthia Rivas,martingale,100.0,100000.0,50000.0,314,1,0.0,75500.0,75500.0,-24500.0
9232,Damon Callahan,martingale,100.0,100000.0,50000.0,22,1,0.0,2300.0,2300.0,-97700.0
9233,Kimber Shaw,martingale,100.0,100000.0,50000.0,434,1,0.0,99400.0,99400.0,-600.0
9234,Elliot McGuire,martingale,100.0,100000.0,50000.0,442,1,0.0,103300.0,103300.0,3300.0
9235,April Hendricks,martingale,100.0,100000.0,50000.0,368,4,0.0,100500.0,100500.0,500.0
9236,Dash Prince,martingale,100.0,100000.0,50000.0,524,2,0.0,123400.0,123400.0,23400.0
9237,Greta Weber,martingale,100.0,100000.0,50000.0,486,1,0.0,116700.0,116700.0,16700.0
9238,Crew Garza,martingale,100.0,100000.0,50000.0,552,1,0.0,121600.0,121600.0,21600.0
9239,River Graves,martingale,100.0,100000.0,50000.0,109,1,0.0,38800.0,38800.0,-61200.0
9240,Cesar Wilkerson,martingale,100.0,100000.0,50000.0,435,1,0.0,95400.0,95400.0,-4600.0
9241,Janiyah Zavala,martingale,100.0,100000.0,50000.0,494,2,0.0,117200.0,117200.0,17200.0
9242,Dillon Peck,martingale,100.0,100000.0,50000.0,284,3,0.0,100500.0,100500.0,500.0
9243,Crystal Riley,martingale,100.0,100000.0,50000.0,94,1,0.0,10200.0,10200.0,-89800.0
9244,Amari Foley,martingale,100.0,100000.0,50000.0,427,1,0.0,75100.0,75100.0,-24900.0
9245,Zaylee Mosley,martingale,100.0,100000.0,50000.0,358,1,0.0,72400.0,72400.0,-27600.0
9246,Rayden McKay,martingale,100.0,100000.0,50000.0,512,2,0.0,118700.0,118700.0,18700.0
9247,Leanna Pittman,martingale,100.0,100000.0,50000.0,455,1,0.0,115600.0,115600.0,15600.0
9248,Valentino Buchanan,martingale,100.0,100000.0,50000.0,659,2,0.0,130800.0,130800.0,30800.0
9249,Maryam Castillo,martingale,100.0,100000.0,50000.0,546,2,0.0,119000.0,119000.0,19000.0
9250,Kai Mayer,martingale,100.0,100000.0,50000.0,163,2,0.0,58300.0,58300.0,-41700.0
9251,Ainhoa Keller,martingale,100.0,100000.0,50000.0,164,1,0.0,35800.0,35800.0,-64200.0
9252,Nico Fernandez,martingale,100.0,100000.0,50000.0,411,1,0.0,94500.0,94500.0,-5500.0
9253,Amara Day,martingale,100.0,100000.0,50000.0,405,2,0.0,98500.0,98500.0,-1500.0
9254,Kayson Wyatt,martingale,100.0,100000.0,50000.0,108,1,0.0,17400.0,17400.0,-82600.0
9255,Liberty Ware,martingale,100.0,100000.0,50000.0,284,1,0.0,82000.0,82000.0,-18000.0
9256,Tadeo Maddox,martingale,100.0,100000.0,50000.0,439,1,0.0,116900.0,116900.0,16900.0
9257,Zainab Schmidt,martingale,100.0,100000.0,50000.0,616,2,0.0,127500.0,127500.0,27500.0
9258,Zayden Molina,martingale,100.0,100000.0,50000.0,336,2,0.0,105200.0,105200.0,5200.0
9259,Alexandria McCall,martingale,100.0,100000.0,50000.0,314,1,0.0,64200.0,64200.0,-35800.0
9260,Kiaan Flynn,martingale,100.0,100000.0,50000.0,655,1,0.0,127000.0,127000.0,27000.0
9261,Dorothy Guevara,martingale,100.0,100000.0,50000.0,246,2,0.0,106100.0,106100.0,6100.0
9262,Tommy Meyer,martingale,100.0,100000.0,50000.0,518,0,0.0,123500.0,123500.0,23500.0
9263,Sara Mayer,martingale,100.0,100000.0,50000.0,102,3,0.0,54300.0,54300.0,-45700.0
9264,Yahir Luna,martingale,100.0,100000.0,50000.0,61,1,0.0,8400.0,8400.0,-91600.0
9265,Journey Newton,martingale,100.0,100000.0,50000.0,449,1,0.0,84300.0,84300.0,-15700.0
9266,Santino Campbell,martingale,100.0,100000.0,50000.0,282,2,0.0,95700.0,95700.0,-4300.0
9267,Addison Knox,martingale,100.0,100000.0,50000.0,347,1,0.0,113700.0,113700.0,13700.0
9268,Valentin Beltran,martingale,100.0,100000.0,50000.0,451,1,0.0,102500.0,102500.0,2500.0
9269,Kaydence Hopkins,martingale,100.0,100000.0,50000.0,330,1,0.0,72800.0,72800.0,-27200.0
9270,Ali Mahoney,martingale,100.0,100000.0,50000.0,359,1,0.0,95900.0,95900.0,-4100.0
9271,Promise Allison,martingale,100.0,100000.0,50000.0,24,1,0.0,1600.0,1600.0,-98400.0
9272,Dennis Ochoa,martingale,100.0,100000.0,50000.0,375,2,0.0,67700.0,67700.0,-32300.0
9273,Luciana Bruce,martingale,100.0,100000.0,50000.0,590,2,0.0,127200.0,127200.0,27200.0
9274,Uriah Dougherty,martingale,100.0,100000.0,50000.0,512,2,0.0,82400.0,82400.0,-17600.0
9275,Alisson Herrera,martingale,100.0,100000.0,50000.0,386,2,0.0,106400.0,106400.0,6400.0
9276,River Hodge,martingale,100.0,100000.0,50000.0,492,1,0.0,106800.0,106800.0,6800.0
9277,Coraline Roberts,martingale,100.0,100000.0,50000.0,461,2,0.0,110000.0,110000.0,10000.0
9278,Josiah Perkins,martingale,100.0,100000.0,50000.0,585,1,0.0,125100.0,125100.0,25100.0
9279,Sage Sherman,martingale,100.0,100000.0,50000.0,579,1,0.0,126400.0,126400.0,26400.0
9280,Adan Chavez,martingale,100.0,100000.0,50000.0,537,1,0.0,121400.0,121400.0,21400.0
9281,Nevaeh Lloyd,martingale,100.0,100000.0,50000.0,379,1,0.0,67700.0,67700.0,-32300.0
9282,Zaire Proctor,martingale,100.0,100000.0,50000.0,433,3,0.0,97800.0,97800.0,-2200.0
9283,Chandler Guerra,martingale,100.0,100000.0,50000.0,501,2,0.0,118400.0,118400.0,18400.0
9284,Leland Hancock,martingale,100.0,100000.0,50000.0,333,1,0.0,66000.0,66000.0,-34000.0
9285,Katelyn Underwood,martingale,100.0,100000.0,50000.0,445,1,0.0,118000.0,118000.0,18000.0
9286,Reece Sellers,martingale,100.0,100000.0,50000.0,381,1,0.0,102000.0,102000.0,2000.0
9287,Mercy Chapman,martingale,100.0,100000.0,50000.0,444,2,0.0,117800.0,117800.0,17800.0
9288,Knox Mercado,martingale,100.0,100000.0,50000.0,673,2,0.0,120200.0,120200.0,20200.0
9289,Mckinley Hancock,martingale,100.0,100000.0,50000.0,304,1,0.0,93600.0,93600.0,-6400.0
9290,Rex Bond,martingale,100.0,100000.0,50000.0,407,0,0.0,112600.0,112600.0,12600.0
9291,Alena Salazar,martingale,100.0,100000.0,50000.0,268,2,0.0,93400.0,93400.0,-6600.0
9292,Brody Bruce,martingale,100.0,100000.0,50000.0,478,2,0.0,98000.0,98000.0,-2000.0
9293,Marilyn Hood,martingale,100.0,100000.0,50000.0,529,1,0.0,116200.0,116200.0,16200.0
9294,Brixton Walton,martingale,100.0,100000.0,50000.0,51,1,0.0,29300.0,29300.0,-70700.0
9295,Scarlet Huerta,martingale,100.0,100000.0,50000.0,387,1,0.0,90000.0,90000.0,-10000.0
9296,Douglas Reese,martingale,100.0,100000.0,50000.0,309,2,0.0,105200.0,105200.0,5200.0
9297,Rosemary Cano,martingale,100.0,100000.0,50000.0,75,1,0.0,8700.0,8700.0,-91300.0
9298,Terry James,martingale,100.0,100000.0,50000.0,79,1,0.0,11100.0,11100.0,-88900.0
9299,Quinn Calhoun,martingale,100.0,100000.0,50000.0,19,1,0.0,1000.0,1000.0,-99000.0
9300,Gary Collier,martingale,100.0,100000.0,50000.0,178,1,0.0,30800.0,30800.0,-69200.0
9301,Ivory Fisher,martingale,100.0,100000.0,50000.0,566,2,0.0,122500.0,122500.0,22500.0
9302,Gael Osborne,martingale,100.0,100000.0,50000.0,308,1,0.0,78900.0,78900.0,-21100.0
9303,Shelby Conner,martingale,100.0,100000.0,50000.0,428,1,0.0,102800.0,102800.0,2800.0
9304,Phillip Glenn,martingale,100.0,100000.0,50000.0,396,2,0.0,112700.0,112700.0,12700.0
9305,Blaire Blackburn,martingale,100.0,100000.0,50000.0,557,3,0.0,117200.0,117200.0,17200.0
9306,Zahir Blackburn,martingale,100.0,100000.0,50000.0,126,1,0.0,15400.0,15400.0,-84600.0
9307,Frida Mann,martingale,100.0,100000.0,50000.0,500,1,0.0,107500.0,107500.0,7500.0
9308,Nehemiah Gibbs,martingale,100.0,100000.0,50000.0,553,3,0.0,119400.0,119400.0,19400.0
9309,Carter Graham,martingale,100.0,100000.0,50000.0,350,1,0.0,89600.0,89600.0,-10400.0
9310,Giovanni Moran,martingale,100.0,100000.0,50000.0,408,1,0.0,96100.0,96100.0,-3900.0
9311,Celeste Hurst,martingale,100.0,100000.0,50000.0,488,1,0.0,95500.0,95500.0,-4500.0
9312,Neil Parra,martingale,100.0,100000.0,50000.0,587,1,0.0,119700.0,119700.0,19700.0
9313,Dalary Neal,martingale,100.0,100000.0,50000.0,575,2,0.0,126800.0,126800.0,26800.0
9314,Kane Compton,martingale,100.0,100000.0,50000.0,485,1,0.0,104500.0,104500.0,4500.0
9315,Elina Yang,martingale,100.0,100000.0,50000.0,654,1,0.0,120200.0,120200.0,20200.0
9316,Malcolm Peralta,martingale,100.0,100000.0,50000.0,675,1,0.0,123500.0,123500.0,23500.0
9317,Malayah Fletcher,martingale,100.0,100000.0,50000.0,582,1,0.0,126200.0,126200.0,26200.0
9318,Jay Nunez,martingale,100.0,100000.0,50000.0,244,1,0.0,73400.0,73400.0,-26600.0
9319,Mya Wade,martingale,100.0,100000.0,50000.0,296,4,0.0,73600.0,73600.0,-26400.0
9320,Jake Brock,martingale,100.0,100000.0,50000.0,432,3,0.0,112500.0,112500.0,12500.0
9321,Jada Solomon,martingale,100.0,100000.0,50000.0,503,1,0.0,116700.0,116700.0,16700.0
9322,Musa Kline,martingale,100.0,100000.0,50000.0,474,2,0.0,116400.0,116400.0,16400.0
9323,Sevyn Terry,martingale,100.0,100000.0,50000.0,699,1,0.0,113800.0,113800.0,13800.0
9324,Armani Kemp,martingale,100.0,100000.0,50000.0,486,1,0.0,110300.0,110300.0,10300.0
9325,Anika McMillan,martingale,100.0,100000.0,50000.0,682,3,0.0,132200.0,132200.0,32200.0
9326,Rocky Santos,martingale,100.0,100000.0,50000.0,387,2,0.0,113600.0,113600.0,13600.0
9327,Alana Anthony,martingale,100.0,100000.0,50000.0,474,2,0.0,116200.0,116200.0,16200.0
9328,Shiloh Garza,martingale,100.0,100000.0,50000.0,477,1,0.0,77800.0,77800.0,-22200.0
9329,River Ford,martingale,100.0,100000.0,50000.0,544,1,0.0,120100.0,120100.0,20100.0
9330,Luis Mueller,martingale,100.0,100000.0,50000.0,101,1,0.0,17400.0,17400.0,-82600.0
9331,Imani Barrera,martingale,100.0,100000.0,50000.0,521,1,0.0,115600.0,115600.0,15600.0
9332,Makai Roy,martingale,100.0,100000.0,50000.0,314,2,0.0,101900.0,101900.0,1900.0
9333,Savanna Wade,martingale,100.0,100000.0,50000.0,567,2,0.0,124300.0,124300.0,24300.0
9334,Jake Moses,martingale,100.0,100000.0,50000.0,131,1,0.0,23800.0,23800.0,-76200.0
9335,Karter Webb,martingale,100.0,100000.0,50000.0,743,1,0.0,128400.0,128400.0,28400.0
9336,Lorenzo Estes,martingale,100.0,100000.0,50000.0,672,1,0.0,129600.0,129600.0,29600.0
9337,Brittany Villalobos,martingale,100.0,100000.0,50000.0,513,2,0.0,123700.0,123700.0,23700.0
9338,Reuben Wood,martingale,100.0,100000.0,50000.0,363,1,0.0,73600.0,73600.0,-26400.0
9339,Natalia Wallace,martingale,100.0,100000.0,50000.0,456,2,0.0,115600.0,115600.0,15600.0
9340,Chase Christensen,martingale,100.0,100000.0,50000.0,378,1,0.0,72000.0,72000.0,-28000.0
9341,Carmen Esquivel,martingale,100.0,100000.0,50000.0,234,1,0.0,100300.0,100300.0,300.0
9342,Bridger Miller,martingale,100.0,100000.0,50000.0,111,1,0.0,28200.0,28200.0,-71800.0
9343,Isabella Stephens,martingale,100.0,100000.0,50000.0,455,2,0.0,98500.0,98500.0,-1500.0
9344,Messiah Dougherty,martingale,100.0,100000.0,50000.0,229,1,0.0,37900.0,37900.0,-62100.0
9345,Alisson Blake,martingale,100.0,100000.0,50000.0,234,2,0.0,60800.0,60800.0,-39200.0
9346,Zyaire Dorsey,martingale,100.0,100000.0,50000.0,462,1,0.0,121200.0,121200.0,21200.0
9347,Addyson Torres,martingale,100.0,100000.0,50000.0,400,1,0.0,83500.0,83500.0,-16500.0
9348,Jayden House,martingale,100.0,100000.0,50000.0,607,3,0.0,121400.0,121400.0,21400.0
9349,Sariah Hendricks,martingale,100.0,100000.0,50000.0,540,1,0.0,86800.0,86800.0,-13200.0
9350,Dash Prince,martingale,100.0,100000.0,50000.0,467,1,0.0,100700.0,100700.0,700.0
9351,Greta Curtis,martingale,100.0,100000.0,50000.0,450,1,0.0,117400.0,117400.0,17400.0
9352,Muhammad Schultz,martingale,100.0,100000.0,50000.0,554,1,0.0,116500.0,116500.0,16500.0
9353,Briella Duncan,martingale,100.0,100000.0,50000.0,646,1,0.0,122400.0,122400.0,22400.0
9354,Avery McCarthy,martingale,100.0,100000.0,50000.0,483,2,0.0,114500.0,114500.0,14500.0
9355,Kira Bradford,martingale,100.0,100000.0,50000.0,704,1,0.0,133700.0,133700.0,33700.0
9356,Ander Gonzales,martingale,100.0,100000.0,50000.0,622,1,0.0,121500.0,121500.0,21500.0
9357,Hadley Corona,martingale,100.0,100000.0,50000.0,220,1,0.0,36800.0,36800.0,-63200.0
9358,Darian Peralta,martingale,100.0,100000.0,50000.0,164,1,0.0,44500.0,44500.0,-55500.0
9359,Malayah Chung,martingale,100.0,100000.0,50000.0,512,1,0.0,124600.0,124600.0,24600.0
9360,Ira Montoya,martingale,100.0,100000.0,50000.0,409,0,0.0,115200.0,115200.0,15200.0
9361,Kamryn Camacho,martingale,100.0,100000.0,50000.0,512,2,0.0,114200.0,114200.0,14200.0
9362,Tatum Wise,martingale,100.0,100000.0,50000.0,604,3,0.0,126700.0,126700.0,26700.0
9363,Mira Walls,martingale,100.0,100000.0,50000.0,293,2,0.0,91400.0,91400.0,-8600.0
9364,Larry Acosta,martingale,100.0,100000.0,50000.0,142,1,0.0,64700.0,64700.0,-35300.0
9365,Kaia Gonzales,martingale,100.0,100000.0,50000.0,611,0,0.0,128300.0,128300.0,28300.0
9366,Brayden Proctor,martingale,100.0,100000.0,50000.0,539,1,0.0,124900.0,124900.0,24900.0
9367,Chandler Villanueva,martingale,100.0,100000.0,50000.0,526,1,0.0,114400.0,114400.0,14400.0
9368,Huxley Flowers,martingale,100.0,100000.0,50000.0,384,3,0.0,112900.0,112900.0,12900.0
9369,Ariya Davidson,martingale,100.0,100000.0,50000.0,554,1,0.0,123300.0,123300.0,23300.0
9370,Dante Romero,martingale,100.0,100000.0,50000.0,409,2,0.0,116000.0,116000.0,16000.0
9371,Eliza Carter,martingale,100.0,100000.0,50000.0,472,3,0.0,101100.0,101100.0,1100.0
9372,Maverick Smith,martingale,100.0,100000.0,50000.0,350,1,0.0,94500.0,94500.0,-5500.0
9373,Olivia Leblanc,martingale,100.0,100000.0,50000.0,85,1,0.0,10000.0,10000.0,-90000.0
9374,Braden McIntyre,martingale,100.0,100000.0,50000.0,557,2,0.0,122800.0,122800.0,22800.0
9375,Rebekah O’Connell,martingale,100.0,100000.0,50000.0,113,1,0.0,34400.0,34400.0,-65600.0
9376,Jovanni Duarte,martingale,100.0,100000.0,50000.0,650,2,0.0,128100.0,128100.0,28100.0
9377,Kynlee Riley,martingale,100.0,100000.0,50000.0,221,1,0.0,101300.0,101300.0,1300.0
9378,Amari McPherson,martingale,100.0,100000.0,50000.0,314,3,0.0,100400.0,100400.0,400.0
9379,Emmaline Fuentes,martingale,100.0,100000.0,50000.0,289,1,0.0,64100.0,64100.0,-35900.0
9380,Bowen Holt,martingale,100.0,100000.0,50000.0,62,1,0.0,31400.0,31400.0,-68600.0
9381,Adelynn Rich,martingale,100.0,100000.0,50000.0,688,2,0.0,129200.0,129200.0,29200.0
9382,Miller Jenkins,martingale,100.0,100000.0,50000.0,220,2,0.0,94100.0,94100.0,-5900.0
9383,Rylee Melendez,martingale,100.0,100000.0,50000.0,681,1,0.0,132700.0,132700.0,32700.0
9384,Nikolas Walls,martingale,100.0,100000.0,50000.0,590,1,0.0,116900.0,116900.0,16900.0
9385,Lilianna Schwartz,martingale,100.0,100000.0,50000.0,385,1,0.0,84500.0,84500.0,-15500.0
9386,Edwin Huber,martingale,100.0,100000.0,50000.0,506,3,0.0,122300.0,122300.0,22300.0
9387,Raquel Vazquez,martingale,100.0,100000.0,50000.0,259,1,0.0,83800.0,83800.0,-16200.0
9388,Jesse Bradford,martingale,100.0,100000.0,50000.0,363,1,0.0,99200.0,99200.0,-800.0
9389,Rhea Adams,martingale,100.0,100000.0,50000.0,279,2,0.0,89900.0,89900.0,-10100.0
9390,Hudson Liu,martingale,100.0,100000.0,50000.0,545,2,0.0,120400.0,120400.0,20400.0
9391,Kate McCarthy,martingale,100.0,100000.0,50000.0,452,1,0.0,113100.0,113100.0,13100.0
9392,Devin Howe,martingale,100.0,100000.0,50000.0,564,3,0.0,114600.0,114600.0,14600.0
9393,Persephone Gross,martingale,100.0,100000.0,50000.0,549,1,0.0,121300.0,121300.0,21300.0
9394,Quinn Williams,martingale,100.0,100000.0,50000.0,372,2,0.0,95000.0,95000.0,-5000.0
9395,Ava Young,martingale,100.0,100000.0,50000.0,278,1,0.0,63500.0,63500.0,-36500.0
9396,Asher Sherman,martingale,100.0,100000.0,50000.0,540,1,0.0,118500.0,118500.0,18500.0
9397,Addilyn Rojas,martingale,100.0,100000.0,50000.0,574,1,0.0,125500.0,125500.0,25500.0
9398,Colin Espinosa,martingale,100.0,100000.0,50000.0,468,1,0.0,107400.0,107400.0,7400.0
9399,Braylee Pacheco,martingale,100.0,100000.0,50000.0,605,2,0.0,113000.0,113000.0,13000.0
9400,Erik Frye,martingale,100.0,100000.0,50000.0,138,2,0.0,57000.0,57000.0,-43000.0
9401,Raya Schmitt,martingale,100.0,100000.0,50000.0,444,1,0.0,86100.0,86100.0,-13900.0
9402,Murphy Kemp,martingale,100.0,100000.0,50000.0,383,1,0.0,99000.0,99000.0,-1000.0
9403,Anika Shah,martingale,100.0,100000.0,50000.0,590,1,0.0,118400.0,118400.0,18400.0
9404,Zain Sanders,martingale,100.0,100000.0,50000.0,454,1,0.0,115900.0,115900.0,15900.0
9405,Everleigh Vang,martingale,100.0,100000.0,50000.0,757,1,0.0,133300.0,133300.0,33300.0
9406,Jimmy Hammond,martingale,100.0,100000.0,50000.0,324,2,0.0,113300.0,113300.0,13300.0
9407,Holly Barber,martingale,100.0,100000.0,50000.0,396,2,0.0,115100.0,115100.0,15100.0
9408,Solomon Bennett,martingale,100.0,100000.0,50000.0,439,2,0.0,112500.0,112500.0,12500.0
9409,Josephine Wells,martingale,100.0,100000.0,50000.0,347,2,0.0,97500.0,97500.0,-2500.0
9410,Max McKenzie,martingale,100.0,100000.0,50000.0,383,1,0.0,73400.0,73400.0,-26600.0
9411,Briar Pierce,martingale,100.0,100000.0,50000.0,173,5,0.0,65100.0,65100.0,-34900.0
9412,Nicolas Matthews,martingale,100.0,100000.0,50000.0,337,3,0.0,108400.0,108400.0,8400.0
9413,Lila Bailey,martingale,100.0,100000.0,50000.0,426,3,0.0,115500.0,115500.0,15500.0
9414,Axel Hayes,martingale,100.0,100000.0,50000.0,296,1,0.0,68900.0,68900.0,-31100.0
9415,Iris David,martingale,100.0,100000.0,50000.0,428,1,0.0,108100.0,108100.0,8100.0
9416,Alonso Cain,martingale,100.0,100000.0,50000.0,438,0,0.0,121000.0,121000.0,21000.0
9417,Kendra Norris,martingale,100.0,100000.0,50000.0,46,1,0.0,4300.0,4300.0,-95700.0
9418,Cairo Parker,martingale,100.0,100000.0,50000.0,437,1,0.0,98500.0,98500.0,-1500.0
9419,Aubrey Davidson,martingale,100.0,100000.0,50000.0,440,1,0.0,107300.0,107300.0,7300.0
9420,Dante Salgado,martingale,100.0,100000.0,50000.0,303,1,0.0,49900.0,49900.0,-50100.0
9421,Avalynn Love,martingale,100.0,100000.0,50000.0,342,2,0.0,103700.0,103700.0,3700.0
9422,Jeffrey Jennings,martingale,100.0,100000.0,50000.0,432,2,0.0,106000.0,106000.0,6000.0
9423,Palmer Moody,martingale,100.0,100000.0,50000.0,291,2,0.0,72600.0,72600.0,-27400.0
9424,Ryland Kane,martingale,100.0,100000.0,50000.0,476,2,0.0,103200.0,103200.0,3200.0
9425,Ellianna Chambers,martingale,100.0,100000.0,50000.0,498,2,0.0,122100.0,122100.0,22100.0
9426,Orion Melendez,martingale,100.0,100000.0,50000.0,258,3,0.0,74100.0,74100.0,-25900.0
9427,Bethany Carson,martingale,100.0,100000.0,50000.0,431,1,0.0,118300.0,118300.0,18300.0
9428,Ares Vega,martingale,100.0,100000.0,50000.0,575,1,0.0,113300.0,113300.0,13300.0
9429,Dakota Salgado,martingale,100.0,100000.0,50000.0,222,1,0.0,32700.0,32700.0,-67300.0
9430,Trace Espinosa,martingale,100.0,100000.0,50000.0,592,2,0.0,121300.0,121300.0,21300.0
9431,Braylee Morrow,martingale,100.0,100000.0,50000.0,476,2,0.0,102900.0,102900.0,2900.0
9432,Kyree Roman,martingale,100.0,100000.0,50000.0,408,1,0.0,117800.0,117800.0,17800.0
9433,Astrid Schneider,martingale,100.0,100000.0,50000.0,299,1,0.0,64500.0,64500.0,-35500.0
9434,Raymond Wright,martingale,100.0,100000.0,50000.0,32,1,0.0,3400.0,3400.0,-96600.0
9435,Lily Daniels,martingale,100.0,100000.0,50000.0,719,3,0.0,133600.0,133600.0,33600.0
9436,Xander Thomas,martingale,100.0,100000.0,50000.0,464,1,0.0,93800.0,93800.0,-6200.0
9437,Elizabeth Rangel,martingale,100.0,100000.0,50000.0,212,1,0.0,33900.0,33900.0,-66100.0
9438,Saint Miranda,martingale,100.0,100000.0,50000.0,289,2,0.0,62600.0,62600.0,-37400.0
9439,Amina Lane,martingale,100.0,100000.0,50000.0,273,1,0.0,102000.0,102000.0,2000.0
9440,Matias Mays,martingale,100.0,100000.0,50000.0,124,1,0.0,26600.0,26600.0,-73400.0
9441,Denisse McLean,martingale,100.0,100000.0,50000.0,565,1,0.0,127800.0,127800.0,27800.0
9442,Crosby McCarty,martingale,100.0,100000.0,50000.0,589,3,0.0,127800.0,127800.0,27800.0
9443,Halo Short,martingale,100.0,100000.0,50000.0,599,2,0.0,131700.0,131700.0,31700.0
9444,Hezekiah Hanson,martingale,100.0,100000.0,50000.0,253,1,0.0,99300.0,99300.0,-700.0
9445,Mariana Barber,martingale,100.0,100000.0,50000.0,648,2,0.0,127300.0,127300.0,27300.0
9446,Solomon Gillespie,martingale,100.0,100000.0,50000.0,506,3,0.0,113200.0,113200.0,13200.0
9447,Alianna Salas,martingale,100.0,100000.0,50000.0,502,3,0.0,118200.0,118200.0,18200.0
9448,Zaiden Huynh,martingale,100.0,100000.0,50000.0,383,2,0.0,78900.0,78900.0,-21100.0
9449,Oaklee Lin,martingale,100.0,100000.0,50000.0,630,2,0.0,119600.0,119600.0,19600.0
9450,Conor Cross,martingale,100.0,100000.0,50000.0,616,2,0.0,126700.0,126700.0,26700.0
9451,Nayeli Felix,martingale,100.0,100000.0,50000.0,281,3,0.0,109200.0,109200.0,9200.0
9452,Rodney Barajas,martingale,100.0,100000.0,50000.0,180,2,0.0,65800.0,65800.0,-34200.0
9453,Keilani Gentry,martingale,100.0,100000.0,50000.0,274,2,0.0,101600.0,101600.0,1600.0
9454,Magnus Zavala,martingale,100.0,100000.0,50000.0,144,1,0.0,25300.0,25300.0,-74700.0
9455,Liv Gonzales,martingale,100.0,100000.0,50000.0,339,1,0.0,88500.0,88500.0,-11500.0
9456,Brayden Ayala,martingale,100.0,100000.0,50000.0,215,1,0.0,43000.0,43000.0,-57000.0
9457,Blair Jones,martingale,100.0,100000.0,50000.0,257,1,0.0,72400.0,72400.0,-27600.0
9458,William Gutierrez,martingale,100.0,100000.0,50000.0,455,1,0.0,100300.0,100300.0,300.0
9459,Savannah Green,martingale,100.0,100000.0,50000.0,635,1,0.0,131700.0,131700.0,31700.0
9460,Anthony Walton,martingale,100.0,100000.0,50000.0,373,2,0.0,93800.0,93800.0,-6200.0
9461,Scarlet Paul,martingale,100.0,100000.0,50000.0,333,2,0.0,89000.0,89000.0,-11000.0
9462,Noel Hood,martingale,100.0,100000.0,50000.0,399,2,0.0,106200.0,106200.0,6200.0
9463,Briana Davidson,martingale,100.0,100000.0,50000.0,457,2,0.0,83800.0,83800.0,-16200.0
9464,Dante Vargas,martingale,100.0,100000.0,50000.0,211,1,0.0,60900.0,60900.0,-39100.0
9465,Andrea Gaines,martingale,100.0,100000.0,50000.0,619,2,0.0,127500.0,127500.0,27500.0
9466,Talon Bautista,martingale,100.0,100000.0,50000.0,299,2,0.0,72300.0,72300.0,-27700.0
9467,Antonella Casey,martingale,100.0,100000.0,50000.0,395,3,0.0,81400.0,81400.0,-18600.0
9468,Armando McCann,martingale,100.0,100000.0,50000.0,530,2,0.0,116600.0,116600.0,16600.0
9469,Joyce Buck,martingale,100.0,100000.0,50000.0,513,3,0.0,113000.0,113000.0,13000.0
9470,Jon Trejo,martingale,100.0,100000.0,50000.0,365,1,0.0,65900.0,65900.0,-34100.0
9471,Rosalyn Flowers,martingale,100.0,100000.0,50000.0,364,3,0.0,73500.0,73500.0,-26500.0
9472,Saul Ball,martingale,100.0,100000.0,50000.0,295,2,0.0,108500.0,108500.0,8500.0
9473,Abby Jenkins,martingale,100.0,100000.0,50000.0,735,1,0.0,129700.0,129700.0,29700.0
9474,Declan Hicks,martingale,100.0,100000.0,50000.0,494,1,0.0,116600.0,116600.0,16600.0
9475,Alina Harmon,martingale,100.0,100000.0,50000.0,185,2,0.0,86400.0,86400.0,-13600.0
9476,Roberto Lindsey,martingale,100.0,100000.0,50000.0,453,1,0.0,111900.0,111900.0,11900.0
9477,Colette Andrews,martingale,100.0,100000.0,50000.0,550,1,0.0,125200.0,125200.0,25200.0
9478,Lukas Goodman,martingale,100.0,100000.0,50000.0,377,1,0.0,73100.0,73100.0,-26900.0
9479,Carolina Santana,martingale,100.0,100000.0,50000.0,309,1,0.0,64200.0,64200.0,-35800.0
9480,Mohamed Parsons,martingale,100.0,100000.0,50000.0,588,2,0.0,116700.0,116700.0,16700.0
9481,Maia Delgado,martingale,100.0,100000.0,50000.0,308,2,0.0,100400.0,100400.0,400.0
9482,Colt Kaur,martingale,100.0,100000.0,50000.0,59,1,0.0,7800.0,7800.0,-92200.0
9483,Holland Odom,martingale,100.0,100000.0,50000.0,570,2,0.0,127100.0,127100.0,27100.0
9484,Kylian Aguilar,martingale,100.0,100000.0,50000.0,345,2,0.0,70800.0,70800.0,-29200.0
9485,Josie Greene,martingale,100.0,100000.0,50000.0,302,3,0.0,72400.0,72400.0,-27600.0
9486,Griffin Maddox,martingale,100.0,100000.0,50000.0,443,1,0.0,114700.0,114700.0,14700.0
9487,Zainab Marks,martingale,100.0,100000.0,50000.0,97,2,0.0,53700.0,53700.0,-46300.0
9488,Amos Mack,martingale,100.0,100000.0,50000.0,306,1,0.0,80100.0,80100.0,-19900.0
9489,Nadia McKenzie,martingale,100.0,100000.0,50000.0,598,3,0.0,127400.0,127400.0,27400.0
9490,Scott Reyes,martingale,100.0,100000.0,50000.0,469,1,0.0,118300.0,118300.0,18300.0
9491,Audrey Sexton,martingale,100.0,100000.0,50000.0,737,1,0.0,134300.0,134300.0,34300.0
9492,Mylo Calderon,martingale,100.0,100000.0,50000.0,313,1,0.0,66100.0,66100.0,-33900.0
9493,Serena Zuniga,martingale,100.0,100000.0,50000.0,436,1,0.0,107100.0,107100.0,7100.0
9494,Sincere Lugo,martingale,100.0,100000.0,50000.0,395,3,0.0,108800.0,108800.0,8800.0
9495,Kaylie Mason,martingale,100.0,100000.0,50000.0,24,1,0.0,2700.0,2700.0,-97300.0
9496,Brandon Bradshaw,martingale,100.0,100000.0,50000.0,410,1,0.0,86200.0,86200.0,-13800.0
9497,Berkley Garrison,martingale,100.0,100000.0,50000.0,298,2,0.0,65100.0,65100.0,-34900.0
9498,Noe Bauer,martingale,100.0,100000.0,50000.0,382,2,0.0,105300.0,105300.0,5300.0
9499,Haley Contreras,martingale,100.0,100000.0,50000.0,367,2,0.0,93900.0,93900.0,-6100.0
9500,Emilio Duffy,martingale,100.0,100000.0,50000.0,351,1,0.0,86400.0,86400.0,-13600.0
9501,Addisyn Frost,martingale,100.0,100000.0,50000.0,554,1,0.0,117600.0,117600.0,17600.0
9502,Dario Hartman,martingale,100.0,100000.0,50000.0,589,2,0.0,122200.0,122200.0,22200.0
9503,Kennedi Rhodes,martingale,100.0,100000.0,50000.0,497,3,0.0,116200.0,116200.0,16200.0
9504,Titus Snow,martingale,100.0,100000.0,50000.0,449,1,0.0,88600.0,88600.0,-11400.0
9505,Alexia Leonard,martingale,100.0,100000.0,50000.0,448,2,0.0,115900.0,115900.0,15900.0
9506,Ricardo Stout,martingale,100.0,100000.0,50000.0,316,3,0.0,99900.0,99900.0,-100.0
9507,Chana Madden,martingale,100.0,100000.0,50000.0,330,3,0.0,105400.0,105400.0,5400.0
9508,Everest Williams,martingale,100.0,100000.0,50000.0,235,1,0.0,44900.0,44900.0,-55100.0
9509,Ava Morton,martingale,100.0,100000.0,50000.0,183,1,0.0,44000.0,44000.0,-56000.0
9510,Roland Rich,martingale,100.0,100000.0,50000.0,478,1,0.0,107700.0,107700.0,7700.0
9511,Sunny Roberson,martingale,100.0,100000.0,50000.0,151,1,0.0,26000.0,26000.0,-74000.0
9512,Shepherd Bullock,martingale,100.0,100000.0,50000.0,280,2,0.0,100300.0,100300.0,300.0
9513,Winnie Clements,martingale,100.0,100000.0,50000.0,584,1,0.0,123800.0,123800.0,23800.0
9514,Fisher Greene,martingale,100.0,100000.0,50000.0,478,1,0.0,112900.0,112900.0,12900.0
9515,Selena Salazar,martingale,100.0,100000.0,50000.0,308,2,0.0,104700.0,104700.0,4700.0
9516,Brody Sherman,martingale,100.0,100000.0,50000.0,118,1,0.0,23100.0,23100.0,-76900.0
9517,Addilyn Wyatt,martingale,100.0,100000.0,50000.0,424,2,0.0,115900.0,115900.0,15900.0
9518,Sam Potts,martingale,100.0,100000.0,50000.0,468,1,0.0,118400.0,118400.0,18400.0
9519,Ellison Serrano,martingale,100.0,100000.0,50000.0,377,1,0.0,102200.0,102200.0,2200.0
9520,Milan Rice,martingale,100.0,100000.0,50000.0,71,1,0.0,8600.0,8600.0,-91400.0
9521,Ada Whitaker,martingale,100.0,100000.0,50000.0,499,2,0.0,123000.0,123000.0,23000.0
9522,Keith Norman,martingale,100.0,100000.0,50000.0,280,1,0.0,47600.0,47600.0,-52400.0
9523,Malani Heath,martingale,100.0,100000.0,50000.0,371,1,0.0,73100.0,73100.0,-26900.0
9524,Lionel Snyder,martingale,100.0,100000.0,50000.0,329,1,0.0,100600.0,100600.0,600.0
9525,Callie Carey,martingale,100.0,100000.0,50000.0,265,1,0.0,65600.0,65600.0,-34400.0
9526,Watson Andersen,martingale,100.0,100000.0,50000.0,133,1,0.0,20500.0,20500.0,-79500.0
9527,Zoie Sloan,martingale,100.0,100000.0,50000.0,697,2,0.0,132200.0,132200.0,32200.0
9528,Ocean Chan,martingale,100.0,100000.0,50000.0,384,1,0.0,74800.0,74800.0,-25200.0
9529,Hattie Huerta,martingale,100.0,100000.0,50000.0,380,1,0.0,92900.0,92900.0,-7100.0
9530,Douglas Hudson,martingale,100.0,100000.0,50000.0,703,1,0.0,129900.0,129900.0,29900.0
9531,Kamila Pace,martingale,100.0,100000.0,50000.0,478,3,0.0,118200.0,118200.0,18200.0
9532,Dior Weber,martingale,100.0,100000.0,50000.0,316,2,0.0,88600.0,88600.0,-11400.0
9533,Alayah Parker,martingale,100.0,100000.0,50000.0,430,1,0.0,101100.0,101100.0,1100.0
9534,Caleb Blanchard,martingale,100.0,100000.0,50000.0,466,2,0.0,112900.0,112900.0,12900.0
9535,Layne Chapman,martingale,100.0,100000.0,50000.0,707,1,0.0,129200.0,129200.0,29200.0
9536,Knox Berry,martingale,100.0,100000.0,50000.0,749,1,0.0,138200.0,138200.0,38200.0
9537,Annabelle Garcia,martingale,100.0,100000.0,50000.0,702,1,0.0,134100.0,134100.0,34100.0
9538,James Lamb,martingale,100.0,100000.0,50000.0,629,1,0.0,125600.0,125600.0,25600.0
9539,Amaia Vang,martingale,100.0,100000.0,50000.0,501,1,0.0,101000.0,101000.0,1000.0
9540,Jimmy Martin,martingale,100.0,100000.0,50000.0,561,2,0.0,116200.0,116200.0,16200.0
9541,Mila Sanders,martingale,100.0,100000.0,50000.0,526,1,0.0,121000.0,121000.0,21000.0
9542,Jose Harrell,martingale,100.0,100000.0,50000.0,441,2,0.0,117500.0,117500.0,17500.0
9543,Kara Sloan,martingale,100.0,100000.0,50000.0,309,2,0.0,67700.0,67700.0,-32300.0
9544,Ocean Trevino,martingale,100.0,100000.0,50000.0,471,1,0.0,104500.0,104500.0,4500.0
9545,Priscilla Cannon,martingale,100.0,100000.0,50000.0,624,1,0.0,128900.0,128900.0,28900.0
9546,Archie McKay,martingale,100.0,100000.0,50000.0,373,1,0.0,71700.0,71700.0,-28300.0
9547,Leanna Fuentes,martingale,100.0,100000.0,50000.0,494,2,0.0,106400.0,106400.0,6400.0
9548,Bowen Cabrera,martingale,100.0,100000.0,50000.0,596,1,0.0,115300.0,115300.0,15300.0
9549,Daleyza Marquez,martingale,100.0,100000.0,50000.0,339,4,0.0,104000.0,104000.0,4000.0
9550,Malakai Chambers,martingale,100.0,100000.0,50000.0,257,1,0.0,42600.0,42600.0,-57400.0
9551,Makayla Herring,martingale,100.0,100000.0,50000.0,138,3,0.0,64700.0,64700.0,-35300.0
9552,Henrik Alvarado,martingale,100.0,100000.0,50000.0,472,2,0.0,111300.0,111300.0,11300.0
9553,Blake Ford,martingale,100.0,100000.0,50000.0,604,2,0.0,127000.0,127000.0,27000.0
9554,Luis Dawson,martingale,100.0,100000.0,50000.0,476,2,0.0,103800.0,103800.0,3800.0
9555,Veronica Moss,martingale,100.0,100000.0,50000.0,285,3,0.0,84000.0,84000.0,-16000.0
9556,Porter Cross,martingale,100.0,100000.0,50000.0,588,1,0.0,101900.0,101900.0,1900.0
9557,Nayeli Ellison,martingale,100.0,100000.0,50000.0,467,1,0.0,101400.0,101400.0,1400.0
9558,Kye Byrd,martingale,100.0,100000.0,50000.0,146,1,0.0,74700.0,74700.0,-25300.0
9559,Giselle Mitchell,martingale,100.0,100000.0,50000.0,403,1,0.0,117400.0,117400.0,17400.0
9560,Jaxon Wade,martingale,100.0,100000.0,50000.0,296,3,0.0,94800.0,94800.0,-5200.0
9561,Evie Richard,martingale,100.0,100000.0,50000.0,676,2,0.0,130300.0,130300.0,30300.0
9562,Ahmed Ingram,martingale,100.0,100000.0,50000.0,423,1,0.0,115400.0,115400.0,15400.0
9563,Katie Boyle,martingale,100.0,100000.0,50000.0,486,3,0.0,81100.0,81100.0,-18900.0
9564,Robin Fox,martingale,100.0,100000.0,50000.0,320,1,0.0,90700.0,90700.0,-9300.0
9565,Juliette Olson,martingale,100.0,100000.0,50000.0,562,1,0.0,126300.0,126300.0,26300.0
9566,Malachi Le,martingale,100.0,100000.0,50000.0,522,0,0.0,123600.0,123600.0,23600.0
9567,Myla Carr,martingale,100.0,100000.0,50000.0,511,2,0.0,122200.0,122200.0,22200.0
9568,Kash Rich,martingale,100.0,100000.0,50000.0,362,2,0.0,108300.0,108300.0,8300.0
9569,Sunny Scott,martingale,100.0,100000.0,50000.0,344,3,0.0,96100.0,96100.0,-3900.0
9570,Leo Gaines,martingale,100.0,100000.0,50000.0,576,1,0.0,117000.0,117000.0,17000.0
9571,Aya Horn,martingale,100.0,100000.0,50000.0,140,1,0.0,47100.0,47100.0,-52900.0
9572,Wilson Bates,martingale,100.0,100000.0,50000.0,486,1,0.0,122600.0,122600.0,22600.0
9573,Madilyn Clements,martingale,100.0,100000.0,50000.0,21,1,0.0,3800.0,3800.0,-96200.0
9574,Fisher Kennedy,martingale,100.0,100000.0,50000.0,187,1,0.0,41500.0,41500.0,-58500.0
9575,Brianna Pace,martingale,100.0,100000.0,50000.0,683,2,0.0,129000.0,129000.0,29000.0
9576,Dior Steele,martingale,100.0,100000.0,50000.0,485,1,0.0,120800.0,120800.0,20800.0
9577,Rylie Schwartz,martingale,100.0,100000.0,50000.0,187,1,0.0,55000.0,55000.0,-45000.0
9578,Edwin Barker,martingale,100.0,100000.0,50000.0,578,1,0.0,126700.0,126700.0,26700.0
9579,Remington Parker,martingale,100.0,100000.0,50000.0,711,2,0.0,130100.0,130100.0,30100.0
9580,Caleb Galindo,martingale,100.0,100000.0,50000.0,319,3,0.0,98300.0,98300.0,-1700.0
9581,Corinne Patel,martingale,100.0,100000.0,50000.0,752,2,0.0,135100.0,135100.0,35100.0
9582,Parker Jordan,martingale,100.0,100000.0,50000.0,372,2,0.0,98000.0,98000.0,-2000.0
9583,Adalynn Peck,martingale,100.0,100000.0,50000.0,320,1,0.0,66400.0,66400.0,-33600.0
9584,Yousef Burgess,martingale,100.0,100000.0,50000.0,123,2,0.0,65700.0,65700.0,-34300.0
9585,Emory Valdez,martingale,100.0,100000.0,50000.0,69,1,0.0,10700.0,10700.0,-89300.0
9586,Kyler Pennington,martingale,100.0,100000.0,50000.0,378,1,0.0,83900.0,83900.0,-16100.0
9587,Yareli Ross,martingale,100.0,100000.0,50000.0,400,1,0.0,79700.0,79700.0,-20300.0
9588,Wesley Boyer,martingale,100.0,100000.0,50000.0,492,3,0.0,117500.0,117500.0,17500.0
9589,Chaya Wilkins,martingale,100.0,100000.0,50000.0,486,1,0.0,98200.0,98200.0,-1800.0
9590,Yusuf Mejia,martingale,100.0,100000.0,50000.0,512,2,0.0,112300.0,112300.0,12300.0
9591,Saylor Cantu,martingale,100.0,100000.0,50000.0,261,4,0.0,103800.0,103800.0,3800.0
9592,Anakin Best,martingale,100.0,100000.0,50000.0,661,2,0.0,130900.0,130900.0,30900.0
9593,Lexie Dudley,martingale,100.0,100000.0,50000.0,95,1,0.0,36100.0,36100.0,-63900.0
9594,Colter Young,martingale,100.0,100000.0,50000.0,454,1,0.0,109000.0,109000.0,9000.0
9595,Zoey Curtis,martingale,100.0,100000.0,50000.0,275,1,0.0,66900.0,66900.0,-33100.0
9596,Muhammad Humphrey,martingale,100.0,100000.0,50000.0,365,1,0.0,78100.0,78100.0,-21900.0
9597,Journi Weber,martingale,100.0,100000.0,50000.0,431,1,0.0,105000.0,105000.0,5000.0
9598,Crew Blake,martingale,100.0,100000.0,50000.0,40,1,0.0,5400.0,5400.0,-94600.0
9599,Amanda Rowe,martingale,100.0,100000.0,50000.0,508,2,0.0,116900.0,116900.0,16900.0
9600,Kamden Clayton,martingale,100.0,100000.0,50000.0,149,2,0.0,76300.0,76300.0,-23700.0
9601,Saige Alvarez,martingale,100.0,100000.0,50000.0,164,1,0.0,80900.0,80900.0,-19100.0
9602,Xavier Valenzuela,martingale,100.0,100000.0,50000.0,583,0,0.0,129400.0,129400.0,29400.0
9603,Henley McKay,martingale,100.0,100000.0,50000.0,550,1,0.0,120200.0,120200.0,20200.0
9604,Joey Russell,martingale,100.0,100000.0,50000.0,555,2,0.0,125900.0,125900.0,25900.0
9605,Raelynn Wolf,martingale,100.0,100000.0,50000.0,520,2,0.0,113400.0,113400.0,13400.0
9606,Jase Bonilla,martingale,100.0,100000.0,50000.0,419,1,0.0,106700.0,106700.0,6700.0
9607,Romina Rivera,martingale,100.0,100000.0,50000.0,570,2,0.0,115600.0,115600.0,15600.0
9608,Charles Schmidt,martingale,100.0,100000.0,50000.0,610,2,0.0,128800.0,128800.0,28800.0
9609,Kimberly Pitts,martingale,100.0,100000.0,50000.0,514,2,0.0,102200.0,102200.0,2200.0
9610,Trey Travis,martingale,100.0,100000.0,50000.0,249,1,0.0,38700.0,38700.0,-61300.0
9611,Mazikee Harrison,martingale,100.0,100000.0,50000.0,499,2,0.0,113000.0,113000.0,13000.0
9612,Gavin Dennis,martingale,100.0,100000.0,50000.0,426,2,0.0,110000.0,110000.0,10000.0
9613,Maisie Dickson,martingale,100.0,100000.0,50000.0,617,2,0.0,124200.0,124200.0,24200.0
9614,Maxton McKee,martingale,100.0,100000.0,50000.0,586,1,0.0,121900.0,121900.0,21900.0
9615,Kori Carey,martingale,100.0,100000.0,50000.0,408,2,0.0,103300.0,103300.0,3300.0
9616,Watson O’Neill,martingale,100.0,100000.0,50000.0,254,3,0.0,63500.0,63500.0,-36500.0
9617,Kenna Oliver,martingale,100.0,100000.0,50000.0,479,1,0.0,97500.0,97500.0,-2500.0
9618,Karson Correa,martingale,100.0,100000.0,50000.0,475,1,0.0,112700.0,112700.0,12700.0
9619,Valery Rhodes,martingale,100.0,100000.0,50000.0,421,4,0.0,79200.0,79200.0,-20800.0
9620,Titus Perry,martingale,100.0,100000.0,50000.0,509,1,0.0,103300.0,103300.0,3300.0
9621,Clara Roberson,martingale,100.0,100000.0,50000.0,207,1,0.0,36600.0,36600.0,-63400.0
9622,Shepherd Gilbert,martingale,100.0,100000.0,50000.0,482,0,0.0,119000.0,119000.0,19000.0
9623,Jocelyn O’Connor,martingale,100.0,100000.0,50000.0,92,1,0.0,15900.0,15900.0,-84100.0
9624,Princeton Hampton,martingale,100.0,100000.0,50000.0,659,1,0.0,125900.0,125900.0,25900.0
9625,Leona Fowler,martingale,100.0,100000.0,50000.0,353,3,0.0,91500.0,91500.0,-8500.0
9626,Kameron Bender,martingale,100.0,100000.0,50000.0,540,3,0.0,115800.0,115800.0,15800.0
9627,Lilyana Price,martingale,100.0,100000.0,50000.0,470,1,0.0,102200.0,102200.0,2200.0
9628,Brooks Munoz,martingale,100.0,100000.0,50000.0,611,1,0.0,131100.0,131100.0,31100.0
9629,Kehlani Gentry,martingale,100.0,100000.0,50000.0,487,1,0.0,107200.0,107200.0,7200.0
9630,Magnus Tang,martingale,100.0,100000.0,50000.0,411,3,0.0,105000.0,105000.0,5000.0
9631,Belle Murray,martingale,100.0,100000.0,50000.0,365,2,0.0,107400.0,107400.0,7400.0
9632,Ashton Hart,martingale,100.0,100000.0,50000.0,444,1,0.0,112800.0,112800.0,12800.0
9633,Gemma Wilcox,martingale,100.0,100000.0,50000.0,236,1,0.0,82700.0,82700.0,-17300.0
9634,Jerry Keith,martingale,100.0,100000.0,50000.0,588,2,0.0,129300.0,129300.0,29300.0
9635,Elyse Bautista,martingale,100.0,100000.0,50000.0,235,1,0.0,69900.0,69900.0,-30100.0
9636,Raul Esquivel,martingale,100.0,100000.0,50000.0,276,1,0.0,94600.0,94600.0,-5400.0
9637,Jaylee Santos,martingale,100.0,100000.0,50000.0,536,1,0.0,122500.0,122500.0,22500.0
9638,Walker Lloyd,martingale,100.0,100000.0,50000.0,553,1,0.0,108900.0,108900.0,8900.0
9639,Emely Drake,martingale,100.0,100000.0,50000.0,423,1,0.0,98100.0,98100.0,-1900.0
9640,Jalen Wong,martingale,100.0,100000.0,50000.0,73,1,0.0,22100.0,22100.0,-77900.0
9641,Adelaide Dudley,martingale,100.0,100000.0,50000.0,228,2,0.0,92100.0,92100.0,-7900.0
9642,Colter Cole,martingale,100.0,100000.0,50000.0,348,3,0.0,114700.0,114700.0,14700.0
9643,Margaret Nunez,martingale,100.0,100000.0,50000.0,411,2,0.0,117500.0,117500.0,17500.0
9644,Caden Rodriguez,martingale,100.0,100000.0,50000.0,304,2,0.0,109800.0,109800.0,9800.0
9645,Evelyn Patrick,martingale,100.0,100000.0,50000.0,468,3,0.0,104000.0,104000.0,4000.0
9646,Derrick Costa,martingale,100.0,100000.0,50000.0,321,1,0.0,106300.0,106300.0,6300.0
9647,Robin Newman,martingale,100.0,100000.0,50000.0,270,4,0.0,86600.0,86600.0,-13400.0
9648,Anderson Ray,martingale,100.0,100000.0,50000.0,147,1,0.0,25700.0,25700.0,-74300.0
9649,Ruth Cox,martingale,100.0,100000.0,50000.0,219,2,0.0,71400.0,71400.0,-28600.0
9650,Connor Finley,martingale,100.0,100000.0,50000.0,272,1,0.0,54400.0,54400.0,-45600.0
9651,Jovie Mercado,martingale,100.0,100000.0,50000.0,580,1,0.0,128100.0,128100.0,28100.0
9652,Abram Campbell,martingale,100.0,100000.0,50000.0,396,1,0.0,113900.0,113900.0,13900.0
9653,Addison Beck,martingale,100.0,100000.0,50000.0,452,1,0.0,109000.0,109000.0,9000.0
9654,Eduardo Roach,martingale,100.0,100000.0,50000.0,393,1,0.0,56200.0,56200.0,-43800.0
9655,Lyanna Garza,martingale,100.0,100000.0,50000.0,197,1,0.0,69600.0,69600.0,-30400.0
9656,Judah Rhodes,martingale,100.0,100000.0,50000.0,332,1,0.0,67400.0,67400.0,-32600.0
9657,Tatum Benjamin,martingale,100.0,100000.0,50000.0,462,2,0.0,122500.0,122500.0,22500.0
9658,Kyro Hensley,martingale,100.0,100000.0,50000.0,402,2,0.0,109500.0,109500.0,9500.0
9659,Malaya Schaefer,martingale,100.0,100000.0,50000.0,429,0,0.0,70100.0,70100.0,-29900.0
9660,Ishaan Blevins,martingale,100.0,100000.0,50000.0,528,1,0.0,118500.0,118500.0,18500.0
9661,Aila Burgess,martingale,100.0,100000.0,50000.0,291,2,0.0,63200.0,63200.0,-36800.0
9662,Kolton Castro,martingale,100.0,100000.0,50000.0,344,3,0.0,102500.0,102500.0,2500.0
9663,Eloise Hahn,martingale,100.0,100000.0,50000.0,744,3,0.0,126600.0,126600.0,26600.0
9664,Kabir Kelly,martingale,100.0,100000.0,50000.0,503,1,0.0,116100.0,116100.0,16100.0
9665,Ruby Blackwell,martingale,100.0,100000.0,50000.0,668,1,0.0,132800.0,132800.0,32800.0
9666,Marcellus Butler,martingale,100.0,100000.0,50000.0,427,1,0.0,98000.0,98000.0,-2000.0
9667,Athena Cummings,martingale,100.0,100000.0,50000.0,257,1,0.0,39700.0,39700.0,-60300.0
9668,Raiden Lucas,martingale,100.0,100000.0,50000.0,186,2,0.0,84100.0,84100.0,-15900.0
9669,Phoenix Gillespie,martingale,100.0,100000.0,50000.0,462,1,0.0,113200.0,113200.0,13200.0
9670,Forest Jaramillo,martingale,100.0,100000.0,50000.0,316,2,0.0,76500.0,76500.0,-23500.0
9671,Guadalupe Riley,martingale,100.0,100000.0,50000.0,720,3,0.0,130500.0,130500.0,30500.0
9672,Amari Diaz,martingale,100.0,100000.0,50000.0,632,0,0.0,124800.0,124800.0,24800.0
9673,Elena Page,martingale,100.0,100000.0,50000.0,97,1,0.0,17100.0,17100.0,-82900.0
9674,Pablo Mendez,martingale,100.0,100000.0,50000.0,394,2,0.0,118700.0,118700.0,18700.0
9675,Londyn Melendez,martingale,100.0,100000.0,50000.0,499,2,0.0,121600.0,121600.0,21600.0
9676,Nikolas Conley,martingale,100.0,100000.0,50000.0,363,1,0.0,99300.0,99300.0,-700.0
9677,Salem Velasquez,martingale,100.0,100000.0,50000.0,360,1,0.0,93900.0,93900.0,-6100.0
9678,Sullivan Blanchard,martingale,100.0,100000.0,50000.0,273,1,0.0,58400.0,58400.0,-41600.0
9679,Layne Shields,martingale,100.0,100000.0,50000.0,130,1,0.0,18300.0,18300.0,-81700.0
9680,Devon Carlson,martingale,100.0,100000.0,50000.0,297,1,0.0,91500.0,91500.0,-8500.0
9681,Kali Cisneros,martingale,100.0,100000.0,50000.0,695,1,0.0,127100.0,127100.0,27100.0
9682,Alden Novak,martingale,100.0,100000.0,50000.0,40,1,0.0,5100.0,5100.0,-94900.0
9683,Kaiya Rangel,martingale,100.0,100000.0,50000.0,687,3,0.0,129200.0,129200.0,29200.0
9684,Saint Esparza,martingale,100.0,100000.0,50000.0,43,1,0.0,4900.0,4900.0,-95100.0
9685,Ramona Frost,martingale,100.0,100000.0,50000.0,692,2,0.0,129200.0,129200.0,29200.0
9686,Dario Sparks,martingale,100.0,100000.0,50000.0,359,1,0.0,78100.0,78100.0,-21900.0
9687,Aisha Pena,martingale,100.0,100000.0,50000.0,566,1,0.0,127200.0,127200.0,27200.0
9688,Marcus Herrera,martingale,100.0,100000.0,50000.0,194,2,0.0,71000.0,71000.0,-29000.0
9689,Ximena Short,martingale,100.0,100000.0,50000.0,253,3,0.0,104500.0,104500.0,4500.0
9690,Hezekiah Cortes,martingale,100.0,100000.0,50000.0,91,1,0.0,13000.0,13000.0,-87000.0
9691,Lea Barrett,martingale,100.0,100000.0,50000.0,403,1,0.0,81200.0,81200.0,-18800.0
9692,Angelo Jennings,martingale,100.0,100000.0,50000.0,463,1,0.0,114900.0,114900.0,14900.0
9693,Palmer Hawkins,martingale,100.0,100000.0,50000.0,266,2,0.0,66500.0,66500.0,-33500.0
9694,Victor Cantu,martingale,100.0,100000.0,50000.0,267,2,0.0,74200.0,74200.0,-25800.0
9695,Galilea Thornton,martingale,100.0,100000.0,50000.0,517,1,0.0,119800.0,119800.0,19800.0
9696,Malik Perez,martingale,100.0,100000.0,50000.0,693,1,0.0,135000.0,135000.0,35000.0
9697,Eleanor Roy,martingale,100.0,100000.0,50000.0,515,3,0.0,108400.0,108400.0,8400.0
9698,Marcelo Carlson,martingale,100.0,100000.0,50000.0,107,1,0.0,36400.0,36400.0,-63600.0
9699,Kali Dougherty,martingale,100.0,100000.0,50000.0,465,1,0.0,99300.0,99300.0,-700.0
9700,Brett Combs,martingale,100.0,100000.0,50000.0,408,1,0.0,115900.0,115900.0,15900.0
9701,Irene Zamora,martingale,100.0,100000.0,50000.0,501,1,0.0,119000.0,119000.0,19000.0
9702,Quentin Giles,martingale,100.0,100000.0,50000.0,518,2,0.0,123900.0,123900.0,23900.0
9703,Bailee Figueroa,martingale,100.0,100000.0,50000.0,95,1,0.0,15000.0,15000.0,-85000.0
9704,Spencer Dennis,martingale,100.0,100000.0,50000.0,64,1,0.0,6700.0,6700.0,-93300.0
9705,Maisie Hood,martingale,100.0,100000.0,50000.0,228,1,0.0,64900.0,64900.0,-35100.0
9706,Brixton Houston,martingale,100.0,100000.0,50000.0,662,2,0.0,132600.0,132600.0,32600.0
9707,Lylah Salazar,martingale,100.0,100000.0,50000.0,191,2,0.0,65500.0,65500.0,-34500.0
9708,Brody Tapia,martingale,100.0,100000.0,50000.0,41,1,0.0,4100.0,4100.0,-95900.0
9709,Michaela Dean,martingale,100.0,100000.0,50000.0,573,1,0.0,122200.0,122200.0,22200.0
9710,Ronan Patterson,martingale,100.0,100000.0,50000.0,504,3,0.0,111800.0,111800.0,11800.0
9711,Kaylee Flowers,martingale,100.0,100000.0,50000.0,425,3,0.0,113500.0,113500.0,13500.0
9712,Saul Curry,martingale,100.0,100000.0,50000.0,420,3,0.0,111000.0,111000.0,11000.0
9713,Alison Navarro,martingale,100.0,100000.0,50000.0,492,2,0.0,121700.0,121700.0,21700.0
9714,Reid Clarke,martingale,100.0,100000.0,50000.0,389,1,0.0,90300.0,90300.0,-9700.0
9715,Kaitlyn Bernal,martingale,100.0,100000.0,50000.0,326,3,0.0,109400.0,109400.0,9400.0
9716,Eithan Bauer,martingale,100.0,100000.0,50000.0,557,2,0.0,126200.0,126200.0,26200.0
9717,Haley Parker,martingale,100.0,100000.0,50000.0,168,4,0.0,74700.0,74700.0,-25300.0
9718,Caleb White,martingale,100.0,100000.0,50000.0,462,4,0.0,111000.0,111000.0,11000.0
9719,Layla Gallagher,martingale,100.0,100000.0,50000.0,557,1,0.0,101900.0,101900.0,1900.0
9720,Marcos Morrison,martingale,100.0,100000.0,50000.0,271,1,0.0,57000.0,57000.0,-43000.0
9721,Rebecca Wilkerson,martingale,100.0,100000.0,50000.0,395,1,0.0,97600.0,97600.0,-2400.0
9722,Carmelo Fry,martingale,100.0,100000.0,50000.0,88,1,0.0,21700.0,21700.0,-78300.0
9723,Clarissa Horton,martingale,100.0,100000.0,50000.0,598,2,0.0,118800.0,118800.0,18800.0
9724,Garrett Kaur,martingale,100.0,100000.0,50000.0,455,2,0.0,121400.0,121400.0,21400.0
9725,Holland Hopkins,martingale,100.0,100000.0,50000.0,405,3,0.0,101600.0,101600.0,1600.0
9726,Ali Cobb,martingale,100.0,100000.0,50000.0,289,4,0.0,98000.0,98000.0,-2000.0
9727,Aviana Lynn,martingale,100.0,100000.0,50000.0,460,3,0.0,113700.0,113700.0,13700.0
9728,Zechariah Bond,martingale,100.0,100000.0,50000.0,557,2,0.0,122600.0,122600.0,22600.0
9729,Alena Lane,martingale,100.0,100000.0,50000.0,369,1,0.0,101600.0,101600.0,1600.0
9730,Matias Stevens,martingale,100.0,100000.0,50000.0,185,1,0.0,77700.0,77700.0,-22300.0
9731,Katherine Davila,martingale,100.0,100000.0,50000.0,691,1,0.0,129700.0,129700.0,29700.0
9732,Grey Marsh,martingale,100.0,100000.0,50000.0,427,2,0.0,105000.0,105000.0,5000.0
9733,Adelina Webb,martingale,100.0,100000.0,50000.0,306,3,0.0,81500.0,81500.0,-18500.0
9734,Lorenzo Freeman,martingale,100.0,100000.0,50000.0,278,3,0.0,83400.0,83400.0,-16600.0
9735,Norah Velasquez,martingale,100.0,100000.0,50000.0,351,1,0.0,91800.0,91800.0,-8200.0
9736,Sullivan Benjamin,martingale,100.0,100000.0,50000.0,117,1,0.0,18100.0,18100.0,-81900.0
9737,Jianna Holland,martingale,100.0,100000.0,50000.0,593,1,0.0,127700.0,127700.0,27700.0
9738,Brady Bates,martingale,100.0,100000.0,50000.0,15,1,0.0,600.0,600.0,-99400.0
9739,Madilyn Weiss,martingale,100.0,100000.0,50000.0,239,1,0.0,91400.0,91400.0,-8600.0
9740,Koa Bennett,martingale,100.0,100000.0,50000.0,481,1,0.0,117400.0,117400.0,17400.0
9741,Josephine Cardenas,martingale,100.0,100000.0,50000.0,394,1,0.0,83000.0,83000.0,-17000.0
9742,Johnathan Velez,martingale,100.0,100000.0,50000.0,355,2,0.0,107200.0,107200.0,7200.0
9743,Megan Jacobs,martingale,100.0,100000.0,50000.0,323,4,0.0,105500.0,105500.0,5500.0
9744,Bryan Dalton,martingale,100.0,100000.0,50000.0,247,1,0.0,41200.0,41200.0,-58800.0
9745,Lilian Nelson,martingale,100.0,100000.0,50000.0,599,2,0.0,127500.0,127500.0,27500.0
9746,Dylan Hardin,martingale,100.0,100000.0,50000.0,268,2,0.0,93700.0,93700.0,-6300.0
9747,Vada Deleon,martingale,100.0,100000.0,50000.0,377,1,0.0,76900.0,76900.0,-23100.0
9748,Nasir Galvan,martingale,100.0,100000.0,50000.0,702,1,0.0,119600.0,119600.0,19600.0
9749,Dallas Rush,martingale,100.0,100000.0,50000.0,424,2,0.0,111100.0,111100.0,11100.0
9750,Kaiser Hayes,martingale,100.0,100000.0,50000.0,182,1,0.0,42700.0,42700.0,-57300.0
9751,Iris Xiong,martingale,100.0,100000.0,50000.0,699,1,0.0,133000.0,133000.0,33000.0
9752,Azrael Meza,martingale,100.0,100000.0,50000.0,471,3,0.0,107900.0,107900.0,7900.0
9753,Rosa Pena,martingale,100.0,100000.0,50000.0,352,2,0.0,92200.0,92200.0,-7800.0
9754,Marcus Knapp,martingale,100.0,100000.0,50000.0,311,2,0.0,101000.0,101000.0,1000.0
9755,Linda Fleming,martingale,100.0,100000.0,50000.0,586,1,0.0,126600.0,126600.0,26600.0
9756,Fernando Knapp,martingale,100.0,100000.0,50000.0,532,1,0.0,126200.0,126200.0,26200.0
9757,Linda Gibson,martingale,100.0,100000.0,50000.0,128,1,0.0,14400.0,14400.0,-85600.0
9758,Tyler Kelly,martingale,100.0,100000.0,50000.0,503,2,0.0,117100.0,117100.0,17100.0
9759,Ruby Drake,martingale,100.0,100000.0,50000.0,450,1,0.0,92800.0,92800.0,-7200.0
9760,Jalen Savage,martingale,100.0,100000.0,50000.0,408,1,0.0,97300.0,97300.0,-2700.0
9761,Louise Coffey,martingale,100.0,100000.0,50000.0,649,1,0.0,114700.0,114700.0,14700.0
9762,Kody Brennan,martingale,100.0,100000.0,50000.0,15,1,0.0,600.0,600.0,-99400.0
9763,Elodie Shaffer,martingale,100.0,100000.0,50000.0,67,1,0.0,14600.0,14600.0,-85400.0
9764,Dexter Villa,martingale,100.0,100000.0,50000.0,194,1,0.0,64500.0,64500.0,-35500.0
9765,Johanna Macdonald,martingale,100.0,100000.0,50000.0,307,1,0.0,65400.0,65400.0,-34600.0
9766,Hugh Watkins,martingale,100.0,100000.0,50000.0,346,2,0.0,76800.0,76800.0,-23200.0
9767,Lola Sheppard,martingale,100.0,100000.0,50000.0,633,3,0.0,132200.0,132200.0,32200.0
9768,Trent Wilson,martingale,100.0,100000.0,50000.0,415,1,0.0,113700.0,113700.0,13700.0
9769,Luna Tucker,martingale,100.0,100000.0,50000.0,291,2,0.0,101100.0,101100.0,1100.0
9770,Ivan Park,martingale,100.0,100000.0,50000.0,818,3,0.0,136900.0,136900.0,36900.0
9771,Lia Howe,martingale,100.0,100000.0,50000.0,351,1,0.0,67300.0,67300.0,-32700.0
9772,Alaric Richardson,martingale,100.0,100000.0,50000.0,349,1,0.0,92300.0,92300.0,-7700.0
9773,Allison Orozco,martingale,100.0,100000.0,50000.0,503,2,0.0,119500.0,119500.0,19500.0
9774,Keanu Xiong,martingale,100.0,100000.0,50000.0,575,3,0.0,121400.0,121400.0,21400.0
9775,Amayah Nichols,martingale,100.0,100000.0,50000.0,546,1,0.0,127300.0,127300.0,27300.0
9776,Atlas Kelley,martingale,100.0,100000.0,50000.0,372,3,0.0,98300.0,98300.0,-1700.0
9777,Rosalie Zhang,martingale,100.0,100000.0,50000.0,454,1,0.0,106700.0,106700.0,6700.0
9778,Isaias Taylor,martingale,100.0,100000.0,50000.0,489,0,0.0,117400.0,117400.0,17400.0
9779,Sofia McIntosh,martingale,100.0,100000.0,50000.0,604,0,0.0,124000.0,124000.0,24000.0
9780,Kristian Boyd,martingale,100.0,100000.0,50000.0,652,3,0.0,127500.0,127500.0,27500.0
9781,Georgia Wyatt,martingale,100.0,100000.0,50000.0,555,1,0.0,125700.0,125700.0,25700.0
9782,Sam Henry,martingale,100.0,100000.0,50000.0,289,2,0.0,76000.0,76000.0,-24000.0
9783,Summer Stephenson,martingale,100.0,100000.0,50000.0,475,2,0.0,121300.0,121300.0,21300.0
9784,Joe Fletcher,martingale,100.0,100000.0,50000.0,536,1,0.0,127500.0,127500.0,27500.0
9785,Anaya Massey,martingale,100.0,100000.0,50000.0,553,2,0.0,108900.0,108900.0,8900.0
9786,Donald Buckley,martingale,100.0,100000.0,50000.0,500,2,0.0,122100.0,122100.0,22100.0
9787,Theodora Hicks,martingale,100.0,100000.0,50000.0,660,2,0.0,131100.0,131100.0,31100.0
9788,Maddox Shaffer,martingale,100.0,100000.0,50000.0,263,2,0.0,88700.0,88700.0,-11300.0
9789,Alanna O’brien,martingale,100.0,100000.0,50000.0,487,1,0.0,118000.0,118000.0,18000.0
9790,Riley Lamb,martingale,100.0,100000.0,50000.0,748,2,0.0,135500.0,135500.0,35500.0
9791,Amaia Olsen,martingale,100.0,100000.0,50000.0,278,1,0.0,44400.0,44400.0,-55600.0
9792,Skyler Arias,martingale,100.0,100000.0,50000.0,241,1,0.0,63800.0,63800.0,-36200.0
9793,Aleah Dennis,martingale,100.0,100000.0,50000.0,555,2,0.0,119800.0,119800.0,19800.0
9794,Emanuel Patton,martingale,100.0,100000.0,50000.0,485,3,0.0,123100.0,123100.0,23100.0
9795,Lorelei Lee,martingale,100.0,100000.0,50000.0,386,1,0.0,106900.0,106900.0,6900.0
9796,Jack Knight,martingale,100.0,100000.0,50000.0,232,3,0.0,87800.0,87800.0,-12200.0
9797,Gracie Strong,martingale,100.0,100000.0,50000.0,581,1,0.0,128500.0,128500.0,28500.0
9798,Axl Nicholson,martingale,100.0,100000.0,50000.0,81,1,0.0,14100.0,14100.0,-85900.0
9799,Justice Haley,martingale,100.0,100000.0,50000.0,274,1,0.0,85100.0,85100.0,-14900.0
9800,Leif Massey,martingale,100.0,100000.0,50000.0,269,3,0.0,108000.0,108000.0,8000.0
9801,Clementine Lawrence,martingale,100.0,100000.0,50000.0,406,1,0.0,78400.0,78400.0,-21600.0
9802,Kaleb Cabrera,martingale,100.0,100000.0,50000.0,588,1,0.0,116900.0,116900.0,16900.0
9803,Daleyza Vu,martingale,100.0,100000.0,50000.0,479,1,0.0,103500.0,103500.0,3500.0
9804,Kamdyn Jennings,martingale,100.0,100000.0,50000.0,617,2,0.0,127600.0,127600.0,27600.0
9805,Palmer Oliver,martingale,100.0,100000.0,50000.0,450,2,0.0,96300.0,96300.0,-3700.0
9806,Karson May,martingale,100.0,100000.0,50000.0,702,3,0.0,131300.0,131300.0,31300.0
9807,Adriana Rosas,martingale,100.0,100000.0,50000.0,581,2,0.0,124800.0,124800.0,24800.0
9808,Remi Dorsey,martingale,100.0,100000.0,50000.0,415,3,0.0,117100.0,117100.0,17100.0
9809,Addyson Yu,martingale,100.0,100000.0,50000.0,483,1,0.0,117900.0,117900.0,17900.0
9810,Bryant Ellis,martingale,100.0,100000.0,50000.0,495,1,0.0,120300.0,120300.0,20300.0
9811,Ayla Nash,martingale,100.0,100000.0,50000.0,525,2,0.0,110100.0,110100.0,10100.0
9812,Chandler Frederick,martingale,100.0,100000.0,50000.0,417,2,0.0,116400.0,116400.0,16400.0
9813,Sariyah Todd,martingale,100.0,100000.0,50000.0,427,1,0.0,115900.0,115900.0,15900.0
9814,Baylor Cannon,martingale,100.0,100000.0,50000.0,487,3,0.0,120000.0,120000.0,20000.0
9815,Noa Best,martingale,100.0,100000.0,50000.0,38,1,0.0,5800.0,5800.0,-94200.0
9816,Harlem Martinez,martingale,100.0,100000.0,50000.0,30,1,0.0,2600.0,2600.0,-97400.0
9817,Harper Farrell,martingale,100.0,100000.0,50000.0,629,1,0.0,123500.0,123500.0,23500.0
9818,Ty Dickson,martingale,100.0,100000.0,50000.0,589,3,0.0,124200.0,124200.0,24200.0
9819,Emmalynn Huff,martingale,100.0,100000.0,50000.0,425,1,0.0,101200.0,101200.0,1200.0
9820,Finnley Enriquez,martingale,100.0,100000.0,50000.0,476,1,0.0,89800.0,89800.0,-10200.0
9821,Nellie Keller,martingale,100.0,100000.0,50000.0,693,1,0.0,125400.0,125400.0,25400.0
9822,Nico Barton,martingale,100.0,100000.0,50000.0,460,2,0.0,95700.0,95700.0,-4300.0
9823,Danna Vincent,martingale,100.0,100000.0,50000.0,397,2,0.0,117700.0,117700.0,17700.0
9824,Aarav McIntyre,martingale,100.0,100000.0,50000.0,152,1,0.0,38800.0,38800.0,-61200.0
9825,Rebekah Charles,martingale,100.0,100000.0,50000.0,316,3,0.0,104700.0,104700.0,4700.0
9826,Conrad Parsons,martingale,100.0,100000.0,50000.0,687,1,0.0,125400.0,125400.0,25400.0
9827,Maia Nelson,martingale,100.0,100000.0,50000.0,67,2,0.0,52300.0,52300.0,-47700.0
9828,Dylan Stafford,martingale,100.0,100000.0,50000.0,343,3,0.0,69000.0,69000.0,-31000.0
9829,Bridget McCullough,martingale,100.0,100000.0,50000.0,470,1,0.0,90900.0,90900.0,-9100.0
9830,Briar Cardenas,martingale,100.0,100000.0,50000.0,46,1,0.0,11700.0,11700.0,-88300.0
9831,Raven Long,martingale,100.0,100000.0,50000.0,482,2,0.0,118400.0,118400.0,18400.0
9832,Jace Stark,martingale,100.0,100000.0,50000.0,528,3,0.0,119900.0,119900.0,19900.0
9833,Kamilah Eaton,martingale,100.0,100000.0,50000.0,489,2,0.0,117000.0,117000.0,17000.0
9834,Leighton Sellers,martingale,100.0,100000.0,50000.0,133,2,0.0,66600.0,66600.0,-33400.0
9835,Mercy Graves,martingale,100.0,100000.0,50000.0,433,1,0.0,109500.0,109500.0,9500.0
9836,Cesar Cameron,martingale,100.0,100000.0,50000.0,258,1,0.0,55300.0,55300.0,-44700.0
9837,Julie Short,martingale,100.0,100000.0,50000.0,718,2,0.0,123300.0,123300.0,23300.0
9838,Hezekiah Chung,martingale,100.0,100000.0,50000.0,324,2,0.0,98600.0,98600.0,-1400.0
9839,Rivka Leblanc,martingale,100.0,100000.0,50000.0,319,2,0.0,93200.0,93200.0,-6800.0
9840,Braden Buckley,martingale,100.0,100000.0,50000.0,429,1,0.0,99800.0,99800.0,-200.0
9841,Theodora Heath,martingale,100.0,100000.0,50000.0,312,2,0.0,84600.0,84600.0,-15400.0
9842,Lionel May,martingale,100.0,100000.0,50000.0,355,1,0.0,81000.0,81000.0,-19000.0
9843,Adriana Robbins,martingale,100.0,100000.0,50000.0,537,2,0.0,125500.0,125500.0,25500.0
9844,Finnegan Duarte,martingale,100.0,100000.0,50000.0,427,1,0.0,112400.0,112400.0,12400.0
9845,Kynlee Bush,martingale,100.0,100000.0,50000.0,449,2,0.0,120100.0,120100.0,20100.0
9846,Tyson Maxwell,martingale,100.0,100000.0,50000.0,224,1,0.0,56400.0,56400.0,-43600.0
9847,Kyla Grimes,martingale,100.0,100000.0,50000.0,408,1,0.0,111300.0,111300.0,11300.0
9848,Harlan Peterson,martingale,100.0,100000.0,50000.0,580,3,0.0,122500.0,122500.0,22500.0
9849,Caroline Sherman,martingale,100.0,100000.0,50000.0,435,1,0.0,78200.0,78200.0,-21800.0
9850,Adan Valentine,martingale,100.0,100000.0,50000.0,668,2,0.0,133700.0,133700.0,33700.0
9851,August Combs,martingale,100.0,100000.0,50000.0,506,3,0.0,117400.0,117400.0,17400.0
9852,Ahmad Underwood,martingale,100.0,100000.0,50000.0,357,4,0.0,100400.0,100400.0,400.0
9853,Ensley Fitzgerald,martingale,100.0,100000.0,50000.0,151,3,0.0,80600.0,80600.0,-19400.0
9854,Peyton Prince,martingale,100.0,100000.0,50000.0,400,2,0.0,108000.0,108000.0,8000.0
9855,Greta Bridges,martingale,100.0,100000.0,50000.0,33,1,0.0,2900.0,2900.0,-97100.0
9856,Mohammed Cantrell,martingale,100.0,100000.0,50000.0,189,2,0.0,57900.0,57900.0,-42100.0
9857,Yamileth Terrell,martingale,100.0,100000.0,50000.0,528,2,0.0,106000.0,106000.0,6000.0
9858,Jaxen Choi,martingale,100.0,100000.0,50000.0,316,1,0.0,68500.0,68500.0,-31500.0
9859,Karla Xiong,martingale,100.0,100000.0,50000.0,86,1,0.0,15000.0,15000.0,-85000.0
9860,Azrael Peterson,martingale,100.0,100000.0,50000.0,565,1,0.0,112500.0,112500.0,12500.0
9861,Caroline Middleton,martingale,100.0,100000.0,50000.0,414,1,0.0,79900.0,79900.0,-20100.0
9862,Misael Carrillo,martingale,100.0,100000.0,50000.0,299,1,0.0,72700.0,72700.0,-27300.0
9863,Kaylani Figueroa,martingale,100.0,100000.0,50000.0,496,1,0.0,98800.0,98800.0,-1200.0
9864,Spencer Harrington,martingale,100.0,100000.0,50000.0,490,2,0.0,116900.0,116900.0,16900.0
9865,Legacy Garner,martingale,100.0,100000.0,50000.0,495,3,0.0,114300.0,114300.0,14300.0
9866,Sage Vargas,martingale,100.0,100000.0,50000.0,320,1,0.0,57800.0,57800.0,-42200.0
9867,Andrea Ibarra,martingale,100.0,100000.0,50000.0,264,1,0.0,65300.0,65300.0,-34700.0
9868,Asa Lee,martingale,100.0,100000.0,50000.0,469,2,0.0,99500.0,99500.0,-500.0
9869,Scarlett Burns,martingale,100.0,100000.0,50000.0,357,2,0.0,106400.0,106400.0,6400.0
9870,August Bravo,martingale,100.0,100000.0,50000.0,376,2,0.0,104900.0,104900.0,4900.0
9871,Amoura Potter,martingale,100.0,100000.0,50000.0,346,2,0.0,79300.0,79300.0,-20700.0
9872,Lucca Moreno,martingale,100.0,100000.0,50000.0,490,1,0.0,116200.0,116200.0,16200.0
9873,Mary Rivers,martingale,100.0,100000.0,50000.0,515,2,0.0,119100.0,119100.0,19100.0
9874,Bear Pruitt,martingale,100.0,100000.0,50000.0,663,2,0.0,128500.0,128500.0,28500.0
9875,Brylee Rich,martingale,100.0,100000.0,50000.0,361,1,0.0,99100.0,99100.0,-900.0
9876,Miller Durham,martingale,100.0,100000.0,50000.0,221,1,0.0,36900.0,36900.0,-63100.0
9877,Tiffany Hubbard,martingale,100.0,100000.0,50000.0,474,2,0.0,118600.0,118600.0,18600.0
9878,Forrest Lloyd,martingale,100.0,100000.0,50000.0,403,2,0.0,115200.0,115200.0,15200.0
9879,Emely Robles,martingale,100.0,100000.0,50000.0,448,1,0.0,111800.0,111800.0,11800.0
9880,Otto Vu,martingale,100.0,100000.0,50000.0,570,3,0.0,122400.0,122400.0,22400.0
9881,Kimora Estrada,martingale,100.0,100000.0,50000.0,641,1,0.0,129900.0,129900.0,29900.0
9882,Phoenix Holt,martingale,100.0,100000.0,50000.0,504,3,0.0,123500.0,123500.0,23500.0
9883,Adelynn Jacobson,martingale,100.0,100000.0,50000.0,325,1,0.0,115100.0,115100.0,15100.0
9884,Legacy Trevino,martingale,100.0,100000.0,50000.0,398,2,0.0,71900.0,71900.0,-28100.0
9885,Priscilla Murphy,martingale,100.0,100000.0,50000.0,589,2,0.0,114400.0,114400.0,14400.0
9886,Cameron Booth,martingale,100.0,100000.0,50000.0,583,2,0.0,120200.0,120200.0,20200.0
9887,Zariyah Townsend,martingale,100.0,100000.0,50000.0,247,1,0.0,44800.0,44800.0,-55200.0
9888,Alexis Hester,martingale,100.0,100000.0,50000.0,522,1,0.0,120300.0,120300.0,20300.0
9889,Zendaya Maynard,martingale,100.0,100000.0,50000.0,373,1,0.0,72500.0,72500.0,-27500.0
9890,Landry Colon,martingale,100.0,100000.0,50000.0,492,1,0.0,117700.0,117700.0,17700.0
9891,Remy Reed,martingale,100.0,100000.0,50000.0,339,3,0.0,111800.0,111800.0,11800.0
9892,Easton Blackwell,martingale,100.0,100000.0,50000.0,387,1,0.0,116300.0,116300.0,16300.0
9893,Saoirse Atkinson,martingale,100.0,100000.0,50000.0,609,1,0.0,129000.0,129000.0,29000.0
9894,Duke Moss,martingale,100.0,100000.0,50000.0,706,1,0.0,127100.0,127100.0,27100.0
9895,Bianca Keller,martingale,100.0,100000.0,50000.0,494,1,0.0,119000.0,119000.0,19000.0
9896,Nico Erickson,martingale,100.0,100000.0,50000.0,368,4,0.0,111400.0,111400.0,11400.0
9897,Sabrina Payne,martingale,100.0,100000.0,50000.0,447,3,0.0,120600.0,120600.0,20600.0
9898,Edward Johnston,martingale,100.0,100000.0,50000.0,386,1,0.0,98100.0,98100.0,-1900.0
9899,Laila Brown,martingale,100.0,100000.0,50000.0,529,1,0.0,123300.0,123300.0,23300.0
9900,Elijah Love,martingale,100.0,100000.0,50000.0,440,1,0.0,115200.0,115200.0,15200.0
9901,Avianna Cohen,martingale,100.0,100000.0,50000.0,372,1,0.0,76700.0,76700.0,-23300.0
9902,Killian Evans,martingale,100.0,100000.0,50000.0,796,1,0.0,138000.0,138000.0,38000.0
9903,Eliana Blanchard,martingale,100.0,100000.0,50000.0,538,2,0.0,123600.0,123600.0,23600.0
9904,Adler Avalos,martingale,100.0,100000.0,50000.0,16,1,0.0,700.0,700.0,-99300.0
9905,Paloma Harmon,martingale,100.0,100000.0,50000.0,404,1,0.0,100500.0,100500.0,500.0
9906,Roberto Bean,martingale,100.0,100000.0,50000.0,136,1,0.0,14400.0,14400.0,-85600.0
9907,Jenesis Marks,martingale,100.0,100000.0,50000.0,301,2,0.0,104700.0,104700.0,4700.0
9908,Amos Sampson,martingale,100.0,100000.0,50000.0,348,2,0.0,91500.0,91500.0,-8500.0
9909,Meilani Shaw,martingale,100.0,100000.0,50000.0,380,3,0.0,111400.0,111400.0,11400.0
9910,Elliot Poole,martingale,100.0,100000.0,50000.0,372,1,0.0,99300.0,99300.0,-700.0
9911,Bonnie Clarke,martingale,100.0,100000.0,50000.0,513,1,0.0,83300.0,83300.0,-16700.0
9912,Stetson Peralta,martingale,100.0,100000.0,50000.0,368,2,0.0,110200.0,110200.0,10200.0
9913,Malayah Nguyen,martingale,100.0,100000.0,50000.0,24,1,0.0,1700.0,1700.0,-98300.0
9914,Gabriel Roberson,martingale,100.0,100000.0,50000.0,582,1,0.0,108400.0,108400.0,8400.0
9915,Sasha Arellano,martingale,100.0,100000.0,50000.0,348,1,0.0,107100.0,107100.0,7100.0
9916,Kellan Castaneda,martingale,100.0,100000.0,50000.0,349,1,0.0,71700.0,71700.0,-28300.0
9917,Keira Robinson,martingale,100.0,100000.0,50000.0,353,5,0.0,94200.0,94200.0,-5800.0
9918,Matthew Alexander,martingale,100.0,100000.0,50000.0,186,1,0.0,27200.0,27200.0,-72800.0
9919,Lyla Lane,martingale,100.0,100000.0,50000.0,298,3,0.0,88900.0,88900.0,-11100.0
9920,Matias Wolfe,martingale,100.0,100000.0,50000.0,119,1,0.0,29700.0,29700.0,-70300.0
9921,Hallie Booth,martingale,100.0,100000.0,50000.0,103,1,0.0,32400.0,32400.0,-67600.0
9922,Chaim Gray,martingale,100.0,100000.0,50000.0,321,3,0.0,67000.0,67000.0,-33000.0
9923,Sarah Giles,martingale,100.0,100000.0,50000.0,510,3,0.0,115700.0,115700.0,15700.0
9924,Kole Villalobos,martingale,100.0,100000.0,50000.0,461,1,0.0,84500.0,84500.0,-15500.0
9925,Zoya Lynn,martingale,100.0,100000.0,50000.0,373,3,0.0,84500.0,84500.0,-15500.0
9926,Zechariah Alvarado,martingale,100.0,100000.0,50000.0,420,1,0.0,93100.0,93100.0,-6900.0
9927,Blake Cox,martingale,100.0,100000.0,50000.0,52,1,0.0,11100.0,11100.0,-88900.0
9928,Connor Martinez,martingale,100.0,100000.0,50000.0,193,2,0.0,68700.0,68700.0,-31300.0
9929,Harper Waller,martingale,100.0,100000.0,50000.0,252,1,0.0,72200.0,72200.0,-27800.0
9930,Marley Dunn,martingale,100.0,100000.0,50000.0,281,1,0.0,73700.0,73700.0,-26300.0
9931,Olive Kramer,martingale,100.0,100000.0,50000.0,350,1,0.0,78600.0,78600.0,-21400.0
9932,Kylan Sexton,martingale,100.0,100000.0,50000.0,295,2,0.0,69700.0,69700.0,-30300.0
9933,Ellen Bautista,martingale,100.0,100000.0,50000.0,672,1,0.0,127100.0,127100.0,27100.0
9934,Raul Wilkerson,martingale,100.0,100000.0,50000.0,336,1,0.0,60900.0,60900.0,-39100.0
9935,Janiyah Castro,martingale,100.0,100000.0,50000.0,217,3,0.0,90400.0,90400.0,-9600.0
9936,Jasper Herman,martingale,100.0,100000.0,50000.0,327,2,0.0,76800.0,76800.0,-23200.0
9937,Paulina Golden,martingale,100.0,100000.0,50000.0,409,3,0.0,107700.0,107700.0,7700.0
9938,Amias Dean,martingale,100.0,100000.0,50000.0,654,1,0.0,129800.0,129800.0,29800.0
9939,Julianna Lester,martingale,100.0,100000.0,50000.0,361,3,0.0,86100.0,86100.0,-13900.0
9940,Lee Beard,martingale,100.0,100000.0,50000.0,441,2,0.0,99200.0,99200.0,-800.0
9941,Ezra Hartman,martingale,100.0,100000.0,50000.0,470,1,0.0,91600.0,91600.0,-8400.0
9942,Baker Contreras,martingale,100.0,100000.0,50000.0,311,1,0.0,81500.0,81500.0,-18500.0
9943,Daniela Grimes,martingale,100.0,100000.0,50000.0,364,1,0.0,114500.0,114500.0,14500.0
9944,Harlan Snyder,martingale,100.0,100000.0,50000.0,334,2,0.0,66400.0,66400.0,-33600.0
9945,Callie Graham,martingale,100.0,100000.0,50000.0,497,1,0.0,107900.0,107900.0,7900.0
9946,Giovanni Berger,martingale,100.0,100000.0,50000.0,418,2,0.0,94000.0,94000.0,-6000.0
9947,Laylah Johnson,martingale,100.0,100000.0,50000.0,537,1,0.0,105500.0,105500.0,5500.0
9948,Noah Stout,martingale,100.0,100000.0,50000.0,353,1,0.0,91200.0,91200.0,-8800.0
9949,Chana Alvarado,martingale,100.0,100000.0,50000.0,351,2,0.0,91000.0,91000.0,-9000.0
9950,Andres Joseph,martingale,100.0,100000.0,50000.0,542,2,0.0,120400.0,120400.0,20400.0
9951,Gracelynn McPherson,martingale,100.0,100000.0,50000.0,212,1,0.0,65200.0,65200.0,-34800.0
9952,Foster Cruz,martingale,100.0,100000.0,50000.0,328,2,0.0,94800.0,94800.0,-5200.0
9953,Claire Ahmed,martingale,100.0,100000.0,50000.0,132,1,0.0,25400.0,25400.0,-74600.0
9954,Harry Giles,martingale,100.0,100000.0,50000.0,20,1,0.0,1100.0,1100.0,-98900.0
9955,Bailee Delgado,martingale,100.0,100000.0,50000.0,665,1,0.0,123800.0,123800.0,23800.0
9956,Colt Bennett,martingale,100.0,100000.0,50000.0,431,1,0.0,117100.0,117100.0,17100.0
9957,Josephine Ray,martingale,100.0,100000.0,50000.0,759,2,0.0,137800.0,137800.0,37800.0
9958,Arlo Morrow,martingale,100.0,100000.0,50000.0,279,2,0.0,81400.0,81400.0,-18600.0
9959,Reyna Barr,martingale,100.0,100000.0,50000.0,448,1,0.0,119700.0,119700.0,19700.0
9960,Harley Leon,martingale,100.0,100000.0,50000.0,14,1,0.0,400.0,400.0,-99600.0
9961,Amora Kramer,martingale,100.0,100000.0,50000.0,597,2,0.0,105400.0,105400.0,5400.0
9962,Kylan Cohen,martingale,100.0,100000.0,50000.0,354,1,0.0,97700.0,97700.0,-2300.0
9963,Destiny Brooks,martingale,100.0,100000.0,50000.0,374,1,0.0,107800.0,107800.0,7800.0
9964,Jordan Solomon,martingale,100.0,100000.0,50000.0,441,3,0.0,118600.0,118600.0,18600.0
9965,Mylah Coffey,martingale,100.0,100000.0,50000.0,653,2,0.0,133000.0,133000.0,33000.0
9966,Kody Velez,martingale,100.0,100000.0,50000.0,608,1,0.0,125900.0,125900.0,25900.0
9967,Megan Flores,martingale,100.0,100000.0,50000.0,449,1,0.0,112900.0,112900.0,12900.0
9968,Lincoln Cline,martingale,100.0,100000.0,50000.0,490,2,0.0,103400.0,103400.0,3400.0
9969,Lina Nguyen,martingale,100.0,100000.0,50000.0,437,2,0.0,94800.0,94800.0,-5200.0
9970,Gabriel Lin,martingale,100.0,100000.0,50000.0,619,1,0.0,116400.0,116400.0,16400.0
9971,Makenna Hensley,martingale,100.0,100000.0,50000.0,282,5,0.0,98200.0,98200.0,-1800.0
9972,Layne Cortez,martingale,100.0,100000.0,50000.0,396,1,0.0,86100.0,86100.0,-13900.0
9973,Haven Guerrero,martingale,100.0,100000.0,50000.0,653,1,0.0,130100.0,130100.0,30100.0
9974,Bryce Schroeder,martingale,100.0,100000.0,50000.0,461,1,0.0,116300.0,116300.0,16300.0
9975,Cameron Davis,martingale,100.0,100000.0,50000.0,489,2,0.0,121100.0,121100.0,21100.0
9976,Lucas Vu,martingale,100.0,100000.0,50000.0,56,1,0.0,7200.0,7200.0,-92800.0
9977,Kimora Espinoza,martingale,100.0,100000.0,50000.0,553,2,0.0,123700.0,123700.0,23700.0
9978,Dallas Gibson,martingale,100.0,100000.0,50000.0,678,1,0.0,132900.0,132900.0,32900.0
9979,Eden Clark,martingale,100.0,100000.0,50000.0,541,2,0.0,114300.0,114300.0,14300.0
9980,John Wilson,martingale,100.0,100000.0,50000.0,146,1,0.0,23400.0,23400.0,-76600.0
9981,Luna Benitez,martingale,100.0,100000.0,50000.0,453,2,0.0,109400.0,109400.0,9400.0
9982,Justice Patton,martingale,100.0,100000.0,50000.0,314,2,0.0,112900.0,112900.0,12900.0
9983,Lorelei Zamora,martingale,100.0,100000.0,50000.0,401,2,0.0,77900.0,77900.0,-22100.0
9984,Quentin Ryan,martingale,100.0,100000.0,50000.0,451,1,0.0,119600.0,119600.0,19600.0
9985,Morgan Cameron,martingale,100.0,100000.0,50000.0,583,1,0.0,127600.0,127600.0,27600.0
9986,Rayan Washington,martingale,100.0,100000.0,50000.0,242,1,0.0,55000.0,55000.0,-45000.0
9987,Valerie Meyer,martingale,100.0,100000.0,50000.0,389,2,0.0,82100.0,82100.0,-17900.0
9988,Tristan Pineda,martingale,100.0,100000.0,50000.0,533,2,0.0,119900.0,119900.0,19900.0
9989,Nola Ellison,martingale,100.0,100000.0,50000.0,353,2,0.0,108100.0,108100.0,8100.0
9990,Kye Franco,martingale,100.0,100000.0,50000.0,390,2,0.0,95300.0,95300.0,-4700.0
9991,Charleigh Powers,martingale,100.0,100000.0,50000.0,727,3,0.0,135300.0,135300.0,35300.0
9992,Sean Moses,martingale,100.0,100000.0,50000.0,338,2,0.0,96500.0,96500.0,-3500.0
9993,Karter Baldwin,martingale,100.0,100000.0,50000.0,172,4,0.0,90000.0,90000.0,-10000.0
9994,Jaiden Jordan,martingale,100.0,100000.0,50000.0,285,2,0.0,87800.0,87800.0,-12200.0
9995,Adalynn Rasmussen,martingale,100.0,100000.0,50000.0,394,1,0.0,111600.0,111600.0,11600.0
9996,Will Carr,martingale,100.0,100000.0,50000.0,231,3,0.0,65500.0,65500.0,-34500.0
9997,Rowan Dougherty,martingale,100.0,100000.0,50000.0,101,1,0.0,33800.0,33800.0,-66200.0
9998,Brett Yang,martingale,100.0,100000.0,50000.0,508,3,0.0,111400.0,111400.0,11400.0
9999,Angelina Miles,martingale,100.0,100000.0,50000.0,568,2,0.0,119000.0,119000.0,19000.0
10000,Jared Marks,martingale,100.0,100000.0,50000.0,337,2,0.0,96900.0,96900.0,-3100.0
